"providerId","utcStartTime","status","compSeason.shortName","round.name","round.roundNumber","venue.name","home.team.name","home.team.club.name","away.team.name","away.team.club.name","player.jumperNumber","player.photoURL","player.player.position","player.player.player.playerId","player.player.player.captain","player.player.player.playerJumperNumber","player.player.player.givenName","player.player.player.surname","teamId","gamesPlayed","timeOnGroundPercentage","goals","behinds","superGoals","kicks","handballs","disposals","marks","bounces","tackles","contestedPossessions","uncontestedPossessions","totalPossessions","inside50s","marksInside50","contestedMarks","hitouts","onePercenters","disposalEfficiency","clangers","freesFor","freesAgainst","dreamTeamPoints","rebound50s","goalAssists","goalAccuracy","ratingPoints","ranking","lastUpdated","turnovers","intercepts","tacklesInside50","shotsAtGoal","goalEfficiency","shotEfficiency","interchangeCounts","scoreInvolvements","metresGained","clearances.centreClearances","clearances.stoppageClearances","clearances.totalClearances","extendedStats.effectiveKicks","extendedStats.kickEfficiency","extendedStats.kickToHandballRatio","extendedStats.effectiveDisposals","extendedStats.marksOnLead","extendedStats.interceptMarks","extendedStats.contestedPossessionRate","extendedStats.hitoutsToAdvantage","extendedStats.hitoutWinPercentage","extendedStats.hitoutToAdvantageRate","extendedStats.groundBallGets","extendedStats.f50GroundBallGets","extendedStats.scoreLaunches","extendedStats.pressureActs","extendedStats.defHalfPressureActs","extendedStats.spoils","extendedStats.ruckContests","extendedStats.contestDefOneOnOnes","extendedStats.contestDefLosses","extendedStats.contestDefLossPercentage","extendedStats.contestOffOneOnOnes","extendedStats.contestOffWins","extendedStats.contestOffWinsPercentage","extendedStats.centreBounceAttendances","extendedStats.kickins","extendedStats.kickinsPlayon","player.playerId","player.captain","player.playerJumperNumber","player.givenName","player.surname","teamStatus","team.name"
"CD_M20250140002","2025-03-07T08:40:00.000+0000","CONCLUDED","Premiership","Opening Round",0,"SCG","Sydney Swans","Sydney Swans","Hawthorn","Hawthorn",3,"https://s.afl.com.au/staticfile/AFL Tenant/AFL/Players/ChampIDImages/AFL/2025014/291776.png?im=Scale,width=0.6,height=0.6","INT","CD_I291776",FALSE,3,"Taylor","Adams","CD_T160",NA,54,1,0,NA,4,4,8,3,0,0,3,6,9,2,1,0,0,0,75,3,0,1,32,0,1,100,3.4,NA,NA,4,0,0,1,NA,NA,NA,2,106,0,1,1,3,75,1,6,2,0,33.3,0,0,0,3,1,0,7,1,0,0,0,0,0,0,0,0,0,0,0,"CD_I291776",FALSE,3,"Taylor","Adams","home","Sydney Swans"
"CD_M20250140002","2025-03-07T08:40:00.000+0000","CONCLUDED","Premiership","Opening Round",0,"SCG","Sydney Swans","Sydney Swans","Hawthorn","Hawthorn",36,"https://s.afl.com.au/staticfile/AFL Tenant/AFL/Players/ChampIDImages/AFL/2025014/1008091.png?im=Scale,width=0.6,height=0.6","FF","CD_I1008091",FALSE,36,"Joel","Amartey","CD_T160",NA,82,3,1,NA,7,4,11,4,0,2,5,6,11,0,1,0,1,1,72.7,0,2,0,71,0,0,75,11.8,NA,NA,1,2,1,4,NA,NA,NA,5,229,0,0,0,5,71.4,1.8,8,1,1,45.5,0,16.7,0,3,0,0,8,4,1,6,0,0,0,2,0,0,4,0,0,"CD_I1008091",FALSE,36,"Joel","Amartey","home","Sydney Swans"
"CD_M20250140002","2025-03-07T08:40:00.000+0000","CONCLUDED","Premiership","Opening Round",0,"SCG","Sydney Swans","Sydney Swans","Hawthorn","Hawthorn",22,"https://s.afl.com.au/staticfile/AFL Tenant/AFL/Players/ChampIDImages/AFL/2025014/1006028.png?im=Scale,width=0.6,height=0.6","BPL","CD_I1006028",FALSE,22,"Nick","Blakey","CD_T160",NA,87,1,0,NA,21,5,26,3,4,0,6,9,15,1,0,0,0,6,80.8,4,2,0,90,13,0,100,22.4,NA,NA,4,8,0,1,NA,NA,NA,3,804,0,0,0,16,76.2,4.2,21,0,1,40,0,0,0,4,0,1,1,1,6,0,4,0,0,0,0,0,0,10,10,"CD_I1006028",FALSE,22,"Nick","Blakey","home","Sydney Swans"
"CD_M20250140002","2025-03-07T08:40:00.000+0000","CONCLUDED","Premiership","Opening Round",0,"SCG","Sydney Swans","Sydney Swans","Hawthorn","Hawthorn",16,"https://s.afl.com.au/staticfile/AFL Tenant/AFL/Players/ChampIDImages/AFL/2025014/1013133.png?im=Scale,width=0.6,height=0.6","HFFL","CD_I1013133",FALSE,16,"Braeden","Campbell","CD_T160",NA,80,0,0,NA,6,2,8,2,0,4,2,5,7,4,0,0,0,1,87.5,0,0,0,44,1,1,0,9.6,NA,NA,2,0,0,0,NA,NA,NA,3,225,0,0,0,5,83.3,3,7,0,0,28.6,0,0,0,2,0,0,17,9,0,0,0,0,0,2,0,0,1,0,0,"CD_I1013133",FALSE,16,"Braeden","Campbell","home","Sydney Swans"
"CD_M20250140002","2025-03-07T08:40:00.000+0000","CONCLUDED","Premiership","Opening Round",0,"SCG","Sydney Swans","Sydney Swans","Hawthorn","Hawthorn",13,"https://s.afl.com.au/staticfile/AFL Tenant/AFL/Players/ChampIDImages/AFL/2025014/998103.png?im=Scale,width=0.6,height=0.6","INT","CD_I998103",FALSE,13,"Oliver","Florent","CD_T160",NA,77,0,2,NA,9,7,16,3,1,2,3,12,15,1,0,0,0,5,62.5,5,2,2,56,1,0,0,2.4,NA,NA,4,3,0,2,NA,NA,NA,4,338,0,0,0,4,44.4,1.3,10,0,0,20,0,0,0,1,0,1,8,6,4,0,1,0,0,0,0,0,0,1,1,"CD_I998103",FALSE,13,"Oliver","Florent","home","Sydney Swans"
"CD_M20250140002","2025-03-07T08:40:00.000+0000","CONCLUDED","Premiership","Opening Round",0,"SCG","Sydney Swans","Sydney Swans","Hawthorn","Hawthorn",4,"https://s.afl.com.au/staticfile/AFL Tenant/AFL/Players/ChampIDImages/AFL/2025014/293957.png?im=Scale,width=0.6,height=0.6","RK","CD_I293957",FALSE,4,"Brodie","Grundy","CD_T160",NA,80,0,0,NA,3,8,11,2,0,1,7,4,11,0,0,1,40,2,54.5,4,0,2,69,0,0,0,5,NA,NA,1,3,0,0,NA,NA,NA,7,15,1,0,1,1,33.3,0.4,6,0,1,63.6,13,49.4,32.5,5,0,6,12,6,1,81,3,0,0,0,0,0,25,0,0,"CD_I293957",FALSE,4,"Brodie","Grundy","home","Sydney Swans"
"CD_M20250140002","2025-03-07T08:40:00.000+0000","CONCLUDED","Premiership","Opening Round",0,"SCG","Sydney Swans","Sydney Swans","Hawthorn","Hawthorn",40,"https://s.afl.com.au/staticfile/AFL Tenant/AFL/Players/ChampIDImages/AFL/2025014/1027687.png?im=Scale,width=0.6,height=0.6","SUB","CD_I1027687",FALSE,40,"Tom","Hanily","CD_T160",NA,31,0,0,NA,2,4,6,1,0,3,3,2,5,0,0,0,0,1,66.7,3,1,0,30,0,0,0,0,NA,NA,2,0,1,0,NA,NA,NA,1,40,0,1,1,1,50,0.5,4,0,0,60,0,0,0,2,1,0,6,0,0,0,0,0,0,0,0,0,0,0,0,"CD_I1027687",FALSE,40,"Tom","Hanily","home","Sydney Swans"
"CD_M20250140002","2025-03-07T08:40:00.000+0000","CONCLUDED","Premiership","Opening Round",0,"SCG","Sydney Swans","Sydney Swans","Hawthorn","Hawthorn",9,"https://s.afl.com.au/staticfile/AFL Tenant/AFL/Players/ChampIDImages/AFL/2025014/997100.png?im=Scale,width=0.6,height=0.6","FPL","CD_I997100",FALSE,9,"Will","Hayward","CD_T160",NA,79,1,0,NA,4,1,5,0,0,4,2,3,5,0,0,0,0,1,80,0,1,0,37,0,0,100,5,NA,NA,0,0,2,1,NA,NA,NA,2,83,0,0,0,3,75,4,4,0,0,40,0,0,0,1,1,0,13,5,1,0,0,0,0,1,0,0,0,0,0,"CD_I997100",FALSE,9,"Will","Hayward","home","Sydney Swans"
"CD_M20250140002","2025-03-07T08:40:00.000+0000","CONCLUDED","Premiership","Opening Round",0,"SCG","Sydney Swans","Sydney Swans","Hawthorn","Hawthorn",5,"https://s.afl.com.au/staticfile/AFL Tenant/AFL/Players/ChampIDImages/AFL/2025014/298539.png?im=Scale,width=0.6,height=0.6","C","CD_I298539",FALSE,5,"Isaac","Heeney","CD_T160",NA,82,0,0,NA,9,12,21,1,0,7,14,5,19,2,0,0,0,1,71.4,1,1,1,80,3,0,0,16.3,NA,NA,2,1,2,0,NA,NA,NA,6,166,6,4,10,6,66.7,0.8,15,0,0,73.7,0,0,0,9,0,2,26,19,0,1,0,0,0,0,0,0,24,0,0,"CD_I298539",FALSE,5,"Isaac","Heeney","home","Sydney Swans"
"CD_M20250140002","2025-03-07T08:40:00.000+0000","CONCLUDED","Premiership","Opening Round",0,"SCG","Sydney Swans","Sydney Swans","Hawthorn","Hawthorn",17,"https://s.afl.com.au/staticfile/AFL Tenant/AFL/Players/ChampIDImages/AFL/2025014/1013409.png?im=Scale,width=0.6,height=0.6","FPR","CD_I1013409",FALSE,17,"James","Jordon","CD_T160",NA,82,0,0,NA,10,10,20,0,0,4,11,8,19,2,0,0,0,0,70,5,1,3,58,1,0,0,6.4,NA,NA,4,2,0,0,NA,NA,NA,2,227,3,4,7,6,60,1,14,0,0,57.9,0,0,0,5,0,0,21,10,0,0,1,0,0,0,0,0,12,0,0,"CD_I1013409",FALSE,17,"James","Jordon","home","Sydney Swans"
"CD_M20250140002","2025-03-07T08:40:00.000+0000","CONCLUDED","Premiership","Opening Round",0,"SCG","Sydney Swans","Sydney Swans","Hawthorn","Hawthorn",44,"https://s.afl.com.au/staticfile/AFL Tenant/AFL/Players/ChampIDImages/AFL/2025014/295342.png?im=Scale,width=0.6,height=0.6","WL","CD_I295342",FALSE,44,"Jake","Lloyd","CD_T160",NA,87,0,0,NA,11,8,19,3,0,4,4,14,18,1,0,0,0,3,63.2,4,2,0,76,6,0,0,4.5,NA,NA,4,4,0,1,NA,NA,NA,3,271,0,1,1,5,45.5,1.4,12,0,0,22.2,0,0,0,2,0,1,14,5,1,0,0,0,0,1,0,0,0,0,0,"CD_I295342",FALSE,44,"Jake","Lloyd","home","Sydney Swans"
"CD_M20250140002","2025-03-07T08:40:00.000+0000","CONCLUDED","Premiership","Opening Round",0,"SCG","Sydney Swans","Sydney Swans","Hawthorn","Hawthorn",30,"https://s.afl.com.au/staticfile/AFL Tenant/AFL/Players/ChampIDImages/AFL/2025014/1008198.png?im=Scale,width=0.6,height=0.6","CHF","CD_I1008198",FALSE,30,"Tom","McCartin","CD_T160",NA,89,1,1,NA,7,0,7,7,0,1,3,5,8,3,1,2,0,1,71.4,2,1,1,51,0,0,50,5.1,NA,NA,2,0,0,2,NA,NA,NA,2,151,0,0,0,5,71.4,7,5,3,0,37.5,0,0,0,0,0,0,6,0,1,0,0,0,0,6,1,16.7,0,0,0,"CD_I1008198",FALSE,30,"Tom","McCartin","home","Sydney Swans"
"CD_M20250140002","2025-03-07T08:40:00.000+0000","CONCLUDED","Premiership","Opening Round",0,"SCG","Sydney Swans","Sydney Swans","Hawthorn","Hawthorn",27,"https://s.afl.com.au/staticfile/AFL Tenant/AFL/Players/ChampIDImages/AFL/2025014/1011936.png?im=Scale,width=0.6,height=0.6","WR","CD_I1011936",FALSE,27,"Justin","McInerney","CD_T160",NA,87,0,1,NA,11,5,16,6,0,2,8,9,17,2,0,2,0,0,81.3,4,1,4,59,0,2,0,3.8,NA,NA,2,0,1,1,NA,NA,NA,6,192,0,1,1,9,81.8,2.2,13,0,0,47.1,0,0,0,4,1,0,14,9,0,4,0,0,0,0,0,0,3,0,0,"CD_I1011936",FALSE,27,"Justin","McInerney","home","Sydney Swans"
"CD_M20250140002","2025-03-07T08:40:00.000+0000","CONCLUDED","Premiership","Opening Round",0,"SCG","Sydney Swans","Sydney Swans","Hawthorn","Hawthorn",43,"https://s.afl.com.au/staticfile/AFL Tenant/AFL/Players/ChampIDImages/AFL/2025014/996743.png?im=Scale,width=0.6,height=0.6","FB","CD_I996743",FALSE,43,"Lewis","Melican","CD_T160",NA,89,0,0,NA,8,3,11,6,0,1,4,7,11,0,0,0,0,12,81.8,2,0,0,52,2,0,0,12.7,NA,NA,2,5,0,0,NA,NA,NA,0,75,0,0,0,6,75,2.7,9,0,2,36.4,0,0,0,4,0,0,10,6,12,0,1,1,100,0,0,0,0,0,0,"CD_I996743",FALSE,43,"Lewis","Melican","home","Sydney Swans"
"CD_M20250140002","2025-03-07T08:40:00.000+0000","CONCLUDED","Premiership","Opening Round",0,"SCG","Sydney Swans","Sydney Swans","Hawthorn","Hawthorn",11,"https://s.afl.com.au/staticfile/AFL Tenant/AFL/Players/ChampIDImages/AFL/2025014/996765.png?im=Scale,width=0.6,height=0.6","HFFR","CD_I996765",FALSE,11,"Tom","Papley","CD_T160",NA,81,1,1,NA,6,7,13,3,0,0,7,7,14,1,1,0,0,2,69.2,6,2,3,41,0,2,33.3,7.3,NA,NA,4,0,0,3,NA,NA,NA,6,138,0,1,1,3,50,0.9,9,0,0,50,0,0,0,7,4,0,7,2,1,0,0,0,0,3,0,0,3,0,0,"CD_I996765",FALSE,11,"Tom","Papley","home","Sydney Swans"
"CD_M20250140002","2025-03-07T08:40:00.000+0000","CONCLUDED","Premiership","Opening Round",0,"SCG","Sydney Swans","Sydney Swans","Hawthorn","Hawthorn",25,"https://s.afl.com.au/staticfile/AFL Tenant/AFL/Players/ChampIDImages/AFL/2025014/1004985.png?im=Scale,width=0.6,height=0.6","HBFR","CD_I1004985",FALSE,25,"Ben","Paton","CD_T160",NA,73,0,0,NA,4,8,12,2,0,1,5,6,11,0,0,0,0,3,91.7,1,0,1,35,1,0,0,7.9,NA,NA,0,6,0,0,NA,NA,NA,2,140,0,0,0,4,100,0.5,11,0,0,45.5,0,0,0,5,0,2,12,11,3,0,1,1,100,0,0,0,0,0,0,"CD_I1004985",FALSE,25,"Ben","Paton","home","Sydney Swans"
"CD_M20250140002","2025-03-07T08:40:00.000+0000","CONCLUDED","Premiership","Opening Round",0,"SCG","Sydney Swans","Sydney Swans","Hawthorn","Hawthorn",24,"https://s.afl.com.au/staticfile/AFL Tenant/AFL/Players/ChampIDImages/AFL/2025014/290307.png?im=Scale,width=0.6,height=0.6","CHB","CD_I290307",FALSE,24,"Dane","Rampe","CD_T160",NA,90,0,0,NA,10,1,11,4,0,2,3,6,9,1,0,0,0,5,54.5,4,1,1,50,4,0,0,2.3,NA,NA,4,5,0,0,NA,NA,NA,0,301,0,1,1,5,50,10,6,0,0,33.3,0,0,0,2,0,0,7,6,4,0,1,0,0,0,0,0,0,0,0,"CD_I290307",FALSE,24,"Dane","Rampe","home","Sydney Swans"
"CD_M20250140002","2025-03-07T08:40:00.000+0000","CONCLUDED","Premiership","Opening Round",0,"SCG","Sydney Swans","Sydney Swans","Hawthorn","Hawthorn",34,"https://s.afl.com.au/staticfile/AFL Tenant/AFL/Players/ChampIDImages/AFL/2025014/1012210.png?im=Scale,width=0.6,height=0.6","HBFL","CD_I1012210",FALSE,34,"Matt","Roberts","CD_T160",NA,95,0,0,NA,20,6,26,9,0,2,7,19,26,4,0,0,0,2,76.9,2,0,1,104,4,0,0,10,NA,NA,6,8,0,0,NA,NA,NA,6,447,0,0,0,14,70,3.3,20,0,0,26.9,0,0,0,7,1,1,12,10,2,0,2,1,50,0,0,0,0,1,1,"CD_I1012210",FALSE,34,"Matt","Roberts","home","Sydney Swans"
"CD_M20250140002","2025-03-07T08:40:00.000+0000","CONCLUDED","Premiership","Opening Round",0,"SCG","Sydney Swans","Sydney Swans","Hawthorn","Hawthorn",8,"https://s.afl.com.au/staticfile/AFL Tenant/AFL/Players/ChampIDImages/AFL/2025014/1006126.png?im=Scale,width=0.6,height=0.6","R","CD_I1006126",FALSE,8,"James","Rowbottom","CD_T160",NA,80,1,0,NA,13,3,16,2,0,2,4,11,15,4,0,0,0,0,75,2,0,0,65,0,0,100,8.5,NA,NA,3,2,1,1,NA,NA,NA,5,250,1,2,3,9,69.2,4.3,12,1,0,26.7,0,0,0,4,1,1,19,13,0,0,0,0,0,0,0,0,19,0,0,"CD_I1006126",FALSE,8,"James","Rowbottom","home","Sydney Swans"
"CD_M20250140002","2025-03-07T08:40:00.000+0000","CONCLUDED","Premiership","Opening Round",0,"SCG","Sydney Swans","Sydney Swans","Hawthorn","Hawthorn",12,"https://s.afl.com.au/staticfile/AFL Tenant/AFL/Players/ChampIDImages/AFL/2025014/1020339.png?im=Scale,width=0.6,height=0.6","INT","CD_I1020339",FALSE,12,"Angus","Sheldrick","CD_T160",NA,48,0,0,NA,6,3,9,1,0,2,3,6,9,4,0,0,0,0,66.7,3,0,1,32,0,0,0,2.5,NA,NA,4,1,1,0,NA,NA,NA,1,224,0,1,1,4,66.7,2,6,0,0,33.3,0,0,0,3,0,0,9,4,0,0,0,0,0,0,0,0,12,0,0,"CD_I1020339",FALSE,12,"Angus","Sheldrick","home","Sydney Swans"
"CD_M20250140002","2025-03-07T08:40:00.000+0000","CONCLUDED","Premiership","Opening Round",0,"SCG","Sydney Swans","Sydney Swans","Hawthorn","Hawthorn",1,"https://s.afl.com.au/staticfile/AFL Tenant/AFL/Players/ChampIDImages/AFL/2025014/1012014.png?im=Scale,width=0.6,height=0.6","RR","CD_I1012014",FALSE,1,"Chad","Warner","CD_T160",NA,87,2,1,NA,16,5,21,5,4,2,6,15,21,6,1,0,0,0,76.2,3,1,1,92,3,1,66.7,15.5,NA,NA,3,2,0,3,NA,NA,NA,12,602,1,1,2,12,75,3.2,16,0,0,28.6,0,0,0,5,1,4,18,12,0,0,0,0,0,0,0,0,13,0,0,"CD_I1012014",FALSE,1,"Chad","Warner","home","Sydney Swans"
"CD_M20250140002","2025-03-07T08:40:00.000+0000","CONCLUDED","Premiership","Opening Round",0,"SCG","Sydney Swans","Sydney Swans","Hawthorn","Hawthorn",37,"https://s.afl.com.au/staticfile/AFL Tenant/AFL/Players/ChampIDImages/AFL/2025014/1018424.png?im=Scale,width=0.6,height=0.6","INT","CD_I1018424",FALSE,37,"Corey","Warner","CD_T160",NA,71,0,0,NA,3,7,10,1,0,4,5,5,10,1,0,0,0,0,80,0,0,0,42,2,0,0,7.2,NA,NA,1,1,1,0,NA,NA,NA,3,154,0,3,3,1,33.3,0.4,8,0,0,50,0,0,0,5,1,1,11,5,0,0,0,0,0,0,0,0,0,0,0,"CD_I1018424",FALSE,37,"Corey","Warner","home","Sydney Swans"
"CD_M20250140002","2025-03-07T08:40:00.000+0000","CONCLUDED","Premiership","Opening Round",0,"SCG","Sydney Swans","Sydney Swans","Hawthorn","Hawthorn",15,"https://s.afl.com.au/staticfile/AFL Tenant/AFL/Players/ChampIDImages/AFL/2025014/1006232.png?im=Scale,width=0.6,height=0.6","BPR","CD_I1006232",FALSE,15,"Sam","Wicks","CD_T160",NA,90,0,0,NA,13,5,18,3,0,4,6,10,16,1,0,0,0,3,66.7,2,3,1,74,3,0,0,8.8,NA,NA,3,9,0,0,NA,NA,NA,4,319,0,0,0,8,61.5,2.6,12,0,1,37.5,0,0,0,3,0,1,11,10,3,0,0,0,0,0,0,0,0,0,0,"CD_I1006232",FALSE,15,"Sam","Wicks","home","Sydney Swans"
"CD_M20250140002","2025-03-07T08:40:00.000+0000","CONCLUDED","Premiership","Opening Round",0,"SCG","Sydney Swans","Sydney Swans","Hawthorn","Hawthorn",10,"https://s.afl.com.au/staticfile/AFL Tenant/AFL/Players/ChampIDImages/AFL/2025014/297354.png?im=Scale,width=0.6,height=0.6","R","CD_I297354",FALSE,10,"Karl","Amon","CD_T80",NA,82,1,2,NA,21,6,27,6,1,1,4,18,22,6,0,0,0,1,70.4,4,2,0,107,3,0,33.3,12.4,NA,NA,8,5,0,3,NA,NA,NA,5,698,1,1,2,15,71.4,3.5,19,0,1,18.2,0,0,0,3,0,1,8,7,1,0,0,0,0,0,0,0,0,4,4,"CD_I297354",FALSE,10,"Karl","Amon","away","Hawthorn"
"CD_M20250140002","2025-03-07T08:40:00.000+0000","CONCLUDED","Premiership","Opening Round",0,"SCG","Sydney Swans","Sydney Swans","Hawthorn","Hawthorn",37,"https://s.afl.com.au/staticfile/AFL Tenant/AFL/Players/ChampIDImages/AFL/2025014/990290.png?im=Scale,width=0.6,height=0.6","BPL","CD_I990290",FALSE,37,"Tom","Barrass","CD_T80",NA,94,0,0,NA,6,3,9,6,0,1,2,7,9,1,0,1,0,8,77.8,3,1,2,41,0,1,0,1.2,NA,NA,1,5,0,0,NA,NA,NA,4,64,0,0,0,4,66.7,2,7,0,4,22.2,0,0,0,0,0,2,3,2,7,0,1,1,100,0,0,0,0,0,0,"CD_I990290",FALSE,37,"Tom","Barrass","away","Hawthorn"
"CD_M20250140002","2025-03-07T08:40:00.000+0000","CONCLUDED","Premiership","Opening Round",0,"SCG","Sydney Swans","Sydney Swans","Hawthorn","Hawthorn",24,"https://s.afl.com.au/staticfile/AFL Tenant/AFL/Players/ChampIDImages/AFL/2025014/998134.png?im=Scale,width=0.6,height=0.6","HBFR","CD_I998134",FALSE,24,"Josh","Battle","CD_T80",NA,88,0,1,NA,11,2,13,6,0,1,2,10,12,3,0,1,0,3,76.9,2,0,1,57,3,0,0,2.4,NA,NA,3,1,0,1,NA,NA,NA,3,374,0,0,0,9,81.8,5.5,10,0,0,16.7,0,0,0,1,0,0,6,5,2,0,1,0,0,1,1,100,0,1,1,"CD_I998134",FALSE,24,"Josh","Battle","away","Hawthorn"
"CD_M20250140002","2025-03-07T08:40:00.000+0000","CONCLUDED","Premiership","Opening Round",0,"SCG","Sydney Swans","Sydney Swans","Hawthorn","Hawthorn",18,"https://s.afl.com.au/staticfile/AFL Tenant/AFL/Players/ChampIDImages/AFL/2025014/994077.png?im=Scale,width=0.6,height=0.6","FF","CD_I994077",FALSE,18,"Mabior","Chol","CD_T80",NA,90,1,0,NA,4,5,9,3,0,2,7,3,10,0,1,1,2,2,66.7,1,0,1,44,0,0,100,7.2,NA,NA,0,1,1,1,NA,NA,NA,3,50,0,0,0,3,75,0.8,6,0,0,70,1,50,50,5,1,1,14,1,1,4,0,0,0,2,0,0,4,0,0,"CD_I994077",FALSE,18,"Mabior","Chol","away","Hawthorn"
"CD_M20250140002","2025-03-07T08:40:00.000+0000","CONCLUDED","Premiership","Opening Round",0,"SCG","Sydney Swans","Sydney Swans","Hawthorn","Hawthorn",16,"https://s.afl.com.au/staticfile/AFL Tenant/AFL/Players/ChampIDImages/AFL/2025014/1005144.png?im=Scale,width=0.6,height=0.6","HFFL","CD_I1005144",FALSE,16,"Massimo","D'Ambrosio","CD_T80",NA,79,0,0,NA,16,3,19,6,4,1,4,15,19,4,0,0,0,0,68.4,3,0,1,73,4,2,0,10.5,NA,NA,3,2,0,0,NA,NA,NA,6,554,0,2,2,11,68.8,5.3,13,0,1,21.1,0,0,0,4,0,1,11,3,0,0,0,0,0,0,0,0,0,0,0,"CD_I1005144",FALSE,16,"Massimo","D'Ambrosio","away","Hawthorn"
"CD_M20250140002","2025-03-07T08:40:00.000+0000","CONCLUDED","Premiership","Opening Round",0,"SCG","Sydney Swans","Sydney Swans","Hawthorn","Hawthorn",12,"https://s.afl.com.au/staticfile/AFL Tenant/AFL/Players/ChampIDImages/AFL/2025014/1008550.png?im=Scale,width=0.6,height=0.6","FPR","CD_I1008550",FALSE,12,"Will","Day","CD_T80",NA,73,3,0,NA,17,9,26,4,0,6,13,12,25,6,0,0,0,2,80.8,1,6,0,129,4,1,100,26.2,NA,NA,2,5,1,3,NA,NA,NA,7,454,2,7,9,13,76.5,1.9,21,0,1,52,0,0,0,4,0,3,21,8,1,0,0,0,0,0,0,0,16,0,0,"CD_I1008550",FALSE,12,"Will","Day","away","Hawthorn"
"CD_M20250140002","2025-03-07T08:40:00.000+0000","CONCLUDED","Premiership","Opening Round",0,"SCG","Sydney Swans","Sydney Swans","Hawthorn","Hawthorn",8,"https://s.afl.com.au/staticfile/AFL Tenant/AFL/Players/ChampIDImages/AFL/2025014/293738.png?im=Scale,width=0.6,height=0.6","SUB","CD_I293738",FALSE,8,"Sam","Frost","CD_T80",NA,44,0,0,NA,2,1,3,0,0,0,3,0,3,0,0,0,0,4,66.7,1,1,1,6,1,0,0,1.9,NA,NA,1,2,0,0,NA,NA,NA,0,63,0,0,0,1,50,2,2,0,0,100,0,0,0,2,0,0,1,1,2,0,1,0,0,0,0,0,0,0,0,"CD_I293738",FALSE,8,"Sam","Frost","away","Hawthorn"
"CD_M20250140002","2025-03-07T08:40:00.000+0000","CONCLUDED","Premiership","Opening Round",0,"SCG","Sydney Swans","Sydney Swans","Hawthorn","Hawthorn",33,"https://s.afl.com.au/staticfile/AFL Tenant/AFL/Players/ChampIDImages/AFL/2025014/1012857.png?im=Scale,width=0.6,height=0.6","FPL","CD_I1012857",FALSE,33,"Jack","Ginnivan","CD_T80",NA,75,0,1,NA,9,7,16,1,0,3,6,10,16,3,0,0,0,2,56.3,4,1,1,55,0,1,0,5.7,NA,NA,3,2,2,3,NA,NA,NA,4,235,0,2,2,4,44.4,1.3,9,0,0,37.5,0,0,0,6,2,2,17,3,1,0,0,0,0,0,0,0,0,0,0,"CD_I1012857",FALSE,33,"Jack","Ginnivan","away","Hawthorn"
"CD_M20250140002","2025-03-07T08:40:00.000+0000","CONCLUDED","Premiership","Opening Round",0,"SCG","Sydney Swans","Sydney Swans","Hawthorn","Hawthorn",15,"https://s.afl.com.au/staticfile/AFL Tenant/AFL/Players/ChampIDImages/AFL/2025014/993794.png?im=Scale,width=0.6,height=0.6","FB","CD_I993794",FALSE,15,"Blake","Hardwick","CD_T80",NA,91,0,0,NA,6,3,9,3,0,4,6,6,12,1,0,0,0,2,66.7,1,2,1,48,1,0,0,6,NA,NA,3,1,3,0,NA,NA,NA,1,150,0,0,0,4,66.7,2,6,1,0,50,0,0,0,4,2,0,13,1,1,0,0,0,0,0,0,0,0,0,0,"CD_I993794",FALSE,15,"Blake","Hardwick","away","Hawthorn"
"CD_M20250140002","2025-03-07T08:40:00.000+0000","CONCLUDED","Premiership","Opening Round",0,"SCG","Sydney Swans","Sydney Swans","Hawthorn","Hawthorn",4,"https://s.afl.com.au/staticfile/AFL Tenant/AFL/Players/ChampIDImages/AFL/2025014/296254.png?im=Scale,width=0.6,height=0.6","CHB","CD_I296254",FALSE,4,"Jarman","Impey","CD_T80",NA,83,0,0,NA,10,2,12,7,0,0,0,11,11,0,0,0,0,5,75,4,0,1,52,3,0,0,-0.6,NA,NA,3,0,0,0,NA,NA,NA,2,228,0,0,0,7,70,5,9,2,0,0,0,0,0,0,0,1,8,7,5,0,2,0,0,0,0,0,0,1,1,"CD_I296254",FALSE,4,"Jarman","Impey","away","Hawthorn"
"CD_M20250140002","2025-03-07T08:40:00.000+0000","CONCLUDED","Premiership","Opening Round",0,"SCG","Sydney Swans","Sydney Swans","Hawthorn","Hawthorn",31,"https://s.afl.com.au/staticfile/AFL Tenant/AFL/Players/ChampIDImages/AFL/2025014/1017094.png?im=Scale,width=0.6,height=0.6","WR","CD_I1017094",FALSE,31,"Connor","Macdonald","CD_T80",NA,70,1,0,NA,5,3,8,2,0,2,1,7,8,3,1,0,0,0,87.5,1,0,1,38,1,0,100,8.6,NA,NA,2,1,0,1,NA,NA,NA,2,220,0,0,0,4,80,1.7,7,0,1,12.5,0,0,0,1,0,1,13,3,0,0,0,0,0,1,0,0,0,0,0,"CD_I1017094",FALSE,31,"Connor","Macdonald","away","Hawthorn"
"CD_M20250140002","2025-03-07T08:40:00.000+0000","CONCLUDED","Premiership","Opening Round",0,"SCG","Sydney Swans","Sydney Swans","Hawthorn","Hawthorn",28,"https://s.afl.com.au/staticfile/AFL Tenant/AFL/Players/ChampIDImages/AFL/2025014/1023482.png?im=Scale,width=0.6,height=0.6","INT","CD_I1023482",FALSE,28,"Cam","Mackenzie","CD_T80",NA,73,0,0,NA,6,10,16,4,0,7,11,6,17,4,0,0,0,2,68.8,2,0,1,75,0,0,0,12.4,NA,NA,3,4,2,1,NA,NA,NA,2,161,1,2,3,3,50,0.6,11,0,1,64.7,0,0,0,9,3,0,23,7,1,0,0,0,0,0,0,0,9,0,0,"CD_I1023482",FALSE,28,"Cam","Mackenzie","away","Hawthorn"
"CD_M20250140002","2025-03-07T08:40:00.000+0000","CONCLUDED","Premiership","Opening Round",0,"SCG","Sydney Swans","Sydney Swans","Hawthorn","Hawthorn",20,"https://s.afl.com.au/staticfile/AFL Tenant/AFL/Players/ChampIDImages/AFL/2025014/1009421.png?im=Scale,width=0.6,height=0.6","INT","CD_I1009421",FALSE,20,"Finn","Maginness","CD_T80",NA,72,1,2,NA,7,6,13,2,0,2,4,9,13,3,1,0,0,0,38.5,1,0,0,55,0,0,33.3,0.2,NA,NA,5,1,0,3,NA,NA,NA,4,153,0,0,0,1,14.3,1.2,5,0,0,30.8,0,0,0,4,1,0,8,2,0,0,0,0,0,3,1,33.3,0,0,0,"CD_I1009421",FALSE,20,"Finn","Maginness","away","Hawthorn"
"CD_M20250140002","2025-03-07T08:40:00.000+0000","CONCLUDED","Premiership","Opening Round",0,"SCG","Sydney Swans","Sydney Swans","Hawthorn","Hawthorn",17,"https://s.afl.com.au/staticfile/AFL Tenant/AFL/Players/ChampIDImages/AFL/2025014/1000980.png?im=Scale,width=0.6,height=0.6","RK","CD_I1000980",FALSE,17,"Lloyd","Meek","CD_T80",NA,83,2,0,NA,7,7,14,4,0,5,10,4,14,3,1,1,30,0,71.4,1,1,0,110,0,0,100,17.7,NA,NA,3,2,1,2,NA,NA,NA,3,297,3,3,6,5,71.4,1,10,0,1,71.4,9,35.7,30,7,1,2,20,8,0,84,0,0,0,3,0,0,25,0,0,"CD_I1000980",FALSE,17,"Lloyd","Meek","away","Hawthorn"
"CD_M20250140002","2025-03-07T08:40:00.000+0000","CONCLUDED","Premiership","Opening Round",0,"SCG","Sydney Swans","Sydney Swans","Hawthorn","Hawthorn",13,"https://s.afl.com.au/staticfile/AFL Tenant/AFL/Players/ChampIDImages/AFL/2025014/1006314.png?im=Scale,width=0.6,height=0.6","WL","CD_I1006314",FALSE,13,"Dylan","Moore","CD_T80",NA,84,2,1,NA,10,8,18,3,0,1,7,10,17,3,2,1,0,0,72.2,1,2,0,74,0,0,66.7,12.8,NA,NA,2,1,0,3,NA,NA,NA,6,206,0,1,1,7,70,1.3,13,0,0,41.2,0,0,0,5,2,0,12,3,0,0,0,0,0,2,1,50,5,0,0,"CD_I1006314",FALSE,13,"Dylan","Moore","away","Hawthorn"
"CD_M20250140002","2025-03-07T08:40:00.000+0000","CONCLUDED","Premiership","Opening Round",0,"SCG","Sydney Swans","Sydney Swans","Hawthorn","Hawthorn",1,"https://s.afl.com.au/staticfile/AFL Tenant/AFL/Players/ChampIDImages/AFL/2025014/1000963.png?im=Scale,width=0.6,height=0.6","CHF","CD_I1000963",FALSE,1,"Harry","Morrison","CD_T80",NA,79,0,0,NA,11,4,15,7,0,2,3,11,14,3,1,0,0,1,93.3,1,0,0,70,2,0,0,8,NA,NA,4,4,0,0,NA,NA,NA,2,316,0,1,1,10,90.9,2.8,14,1,2,21.4,0,0,0,3,0,1,8,3,1,0,0,0,0,0,0,0,0,0,0,"CD_I1000963",FALSE,1,"Harry","Morrison","away","Hawthorn"
"CD_M20250140002","2025-03-07T08:40:00.000+0000","CONCLUDED","Premiership","Opening Round",0,"SCG","Sydney Swans","Sydney Swans","Hawthorn","Hawthorn",11,"https://s.afl.com.au/staticfile/AFL Tenant/AFL/Players/ChampIDImages/AFL/2025014/1007124.png?im=Scale,width=0.6,height=0.6","INT","CD_I1007124",FALSE,11,"Conor","Nash","CD_T80",NA,80,1,0,NA,8,12,20,2,1,5,12,9,21,3,1,0,0,0,65,2,1,2,75,0,0,100,13,NA,NA,1,2,1,1,NA,NA,NA,4,206,1,5,6,4,50,0.7,13,0,0,57.1,0,0,0,10,4,2,20,9,0,2,0,0,0,0,0,0,22,0,0,"CD_I1007124",FALSE,11,"Conor","Nash","away","Hawthorn"
"CD_M20250140002","2025-03-07T08:40:00.000+0000","CONCLUDED","Premiership","Opening Round",0,"SCG","Sydney Swans","Sydney Swans","Hawthorn","Hawthorn",3,"https://s.afl.com.au/staticfile/AFL Tenant/AFL/Players/ChampIDImages/AFL/2025014/1020895.png?im=Scale,width=0.6,height=0.6","C","CD_I1020895",FALSE,3,"Jai","Newcombe","CD_T80",NA,89,1,0,NA,9,10,19,1,0,7,10,8,18,1,1,0,0,2,78.9,6,1,3,76,1,1,50,12.5,NA,NA,5,1,0,2,NA,NA,NA,8,218,5,4,9,5,55.6,0.9,15,0,0,55.6,0,0,0,3,0,1,25,10,1,0,0,0,0,0,0,0,22,0,0,"CD_I1020895",FALSE,3,"Jai","Newcombe","away","Hawthorn"
"CD_M20250140002","2025-03-07T08:40:00.000+0000","CONCLUDED","Premiership","Opening Round",0,"SCG","Sydney Swans","Sydney Swans","Hawthorn","Hawthorn",14,"https://s.afl.com.au/staticfile/AFL Tenant/AFL/Players/ChampIDImages/AFL/2025014/998114.png?im=Scale,width=0.6,height=0.6","INT","CD_I998114",FALSE,14,"Jack","Scrimshaw","CD_T80",NA,77,0,0,NA,12,6,18,8,0,3,5,12,17,1,0,2,0,1,94.4,0,1,0,85,1,0,0,14.2,NA,NA,1,9,0,0,NA,NA,NA,6,113,0,0,0,11,91.7,2,17,0,5,29.4,0,0,0,2,0,3,7,4,0,0,3,0,0,0,0,0,0,1,0,"CD_I998114",FALSE,14,"Jack","Scrimshaw","away","Hawthorn"
"CD_M20250140002","2025-03-07T08:40:00.000+0000","CONCLUDED","Premiership","Opening Round",0,"SCG","Sydney Swans","Sydney Swans","Hawthorn","Hawthorn",6,"https://s.afl.com.au/staticfile/AFL Tenant/AFL/Players/ChampIDImages/AFL/2025014/297566.png?im=Scale,width=0.6,height=0.6","BPR","CD_I297566",FALSE,6,"James","Sicily","CD_T80",NA,91,1,0,NA,15,5,20,8,0,0,10,8,18,3,2,5,0,4,70,4,2,2,81,2,1,33.3,8.1,NA,NA,4,8,0,3,NA,NA,NA,7,431,0,0,0,9,60,3,14,0,4,55.6,0,0,0,3,0,2,3,1,2,0,5,0,0,1,0,0,0,2,2,"CD_I297566",FALSE,6,"James","Sicily","away","Hawthorn"
"CD_M20250140002","2025-03-07T08:40:00.000+0000","CONCLUDED","Premiership","Opening Round",0,"SCG","Sydney Swans","Sydney Swans","Hawthorn","Hawthorn",34,"https://s.afl.com.au/staticfile/AFL Tenant/AFL/Players/ChampIDImages/AFL/2025014/1023473.png?im=Scale,width=0.6,height=0.6","HFFR","CD_I1023473",FALSE,34,"Nick","Watson","CD_T80",NA,74,0,0,NA,1,3,4,1,1,2,2,3,5,1,0,0,0,0,75,4,0,3,11,0,0,0,0.3,NA,NA,4,0,0,1,NA,NA,NA,2,81,0,0,0,0,0,0.3,3,0,0,40,0,0,0,2,0,0,13,6,0,0,0,0,0,0,0,0,0,0,0,"CD_I1023473",FALSE,34,"Nick","Watson","away","Hawthorn"
"CD_M20250140002","2025-03-07T08:40:00.000+0000","CONCLUDED","Premiership","Opening Round",0,"SCG","Sydney Swans","Sydney Swans","Hawthorn","Hawthorn",23,"https://s.afl.com.au/staticfile/AFL Tenant/AFL/Players/ChampIDImages/AFL/2025014/1027935.png?im=Scale,width=0.6,height=0.6","HBFL","CD_I1027935",FALSE,23,"Josh","Weddle","CD_T80",NA,86,0,0,NA,8,4,12,3,0,1,5,7,12,2,0,1,1,3,66.7,2,1,0,47,1,0,0,7.1,NA,NA,1,4,0,0,NA,NA,NA,3,122,0,1,1,5,62.5,2,8,0,0,41.7,0,50,0,3,1,1,10,5,3,2,2,0,0,0,0,0,0,0,0,"CD_I1027935",FALSE,23,"Josh","Weddle","away","Hawthorn"
"CD_M20250140002","2025-03-07T08:40:00.000+0000","CONCLUDED","Premiership","Opening Round",0,"SCG","Sydney Swans","Sydney Swans","Hawthorn","Hawthorn",5,"https://s.afl.com.au/staticfile/AFL Tenant/AFL/Players/ChampIDImages/AFL/2025014/1002222.png?im=Scale,width=0.6,height=0.6","RR","CD_I1002222",FALSE,5,"James","Worpel","CD_T80",NA,44,0,1,NA,7,4,11,2,1,3,6,5,11,4,1,0,0,2,45.5,2,1,0,49,1,2,0,6.7,NA,NA,1,1,1,1,NA,NA,NA,6,268,3,2,5,2,28.6,1.8,5,0,1,54.5,0,0,0,4,0,2,11,4,1,0,0,0,0,1,0,0,13,0,0,"CD_I1002222",FALSE,5,"James","Worpel","away","Hawthorn"
"CD_M20250140004","2025-03-09T04:20:00.000+0000","CONCLUDED","Premiership","Opening Round",0,"ENGIE Stadium","GWS GIANTS","GWS GIANTS","Collingwood","Collingwood",7,"https://s.afl.com.au/staticfile/AFL Tenant/AFL/Players/ChampIDImages/AFL/2025014/1009253.png?im=Scale,width=0.6,height=0.6","HBFR","CD_I1009253",FALSE,7,"Lachie","Ash","CD_T1010",NA,85,0,0,NA,19,6,25,9,0,7,3,16,19,1,0,0,0,2,84,2,1,0,125,5,0,0,15.3,NA,NA,3,2,0,0,NA,NA,NA,8,511,0,1,1,17,89.5,3.2,21,0,0,15.8,0,0,0,2,0,5,16,11,1,0,0,0,0,0,0,0,0,6,5,"CD_I1009253",FALSE,7,"Lachie","Ash","home","GWS GIANTS"
"CD_M20250140004","2025-03-09T04:20:00.000+0000","CONCLUDED","Premiership","Opening Round",0,"ENGIE Stadium","GWS GIANTS","GWS GIANTS","Collingwood","Collingwood",14,"https://s.afl.com.au/staticfile/AFL Tenant/AFL/Players/ChampIDImages/AFL/2025014/1008139.png?im=Scale,width=0.6,height=0.6","HFFL","CD_I1008139",FALSE,14,"Toby","Bedford","CD_T1010",NA,85,0,1,NA,7,7,14,2,0,6,5,9,14,6,1,0,0,1,78.6,3,2,2,62,0,0,0,9.8,NA,NA,1,1,1,1,NA,NA,NA,9,266,1,1,2,4,57.1,1,11,0,0,35.7,0,0,0,3,1,1,18,9,0,0,0,0,0,0,0,0,16,0,0,"CD_I1008139",FALSE,14,"Toby","Bedford","home","GWS GIANTS"
"CD_M20250140004","2025-03-09T04:20:00.000+0000","CONCLUDED","Premiership","Opening Round",0,"ENGIE Stadium","GWS GIANTS","GWS GIANTS","Collingwood","Collingwood",32,"https://s.afl.com.au/staticfile/AFL Tenant/AFL/Players/ChampIDImages/AFL/2025014/1008436.png?im=Scale,width=0.6,height=0.6","RK","CD_I1008436",FALSE,32,"Kieren","Briggs","CD_T1010",NA,12,0,0,NA,1,0,1,1,0,0,0,1,1,1,0,0,5,0,100,1,0,1,8,0,0,0,0.2,NA,NA,0,0,0,0,NA,NA,NA,1,46,0,0,0,1,100,1,1,0,0,0,1,71.4,20,0,0,1,1,1,0,7,0,0,0,0,0,0,3,0,0,"CD_I1008436",FALSE,32,"Kieren","Briggs","home","GWS GIANTS"
"CD_M20250140004","2025-03-09T04:20:00.000+0000","CONCLUDED","Premiership","Opening Round",0,"ENGIE Stadium","GWS GIANTS","GWS GIANTS","Collingwood","Collingwood",46,"https://s.afl.com.au/staticfile/AFL Tenant/AFL/Players/ChampIDImages/AFL/2025014/1014038.png?im=Scale,width=0.6,height=0.6","INT","CD_I1014038",FALSE,46,"Callum M.","Brown","CD_T1010",NA,75,2,1,NA,4,3,7,1,0,1,4,2,6,1,0,0,0,3,57.1,4,1,1,36,0,0,66.7,3,NA,NA,2,0,1,3,NA,NA,NA,5,114,0,0,0,3,75,1.3,4,0,0,66.7,0,0,0,3,2,0,7,2,3,0,0,0,0,1,1,100,0,0,0,"CD_I1014038",FALSE,46,"Callum M.","Brown","home","GWS GIANTS"
"CD_M20250140004","2025-03-09T04:20:00.000+0000","CONCLUDED","Premiership","Opening Round",0,"ENGIE Stadium","GWS GIANTS","GWS GIANTS","Collingwood","Collingwood",44,"https://s.afl.com.au/staticfile/AFL Tenant/AFL/Players/ChampIDImages/AFL/2025014/1009708.png?im=Scale,width=0.6,height=0.6","CHB","CD_I1009708",FALSE,44,"Jack","Buckley","CD_T1010",NA,90,0,0,NA,7,1,8,2,0,1,3,5,8,1,0,0,0,6,87.5,1,1,0,34,1,1,0,7.4,NA,NA,1,3,0,0,NA,NA,NA,2,206,0,0,0,6,85.7,7,7,0,0,37.5,0,0,0,2,0,1,5,4,6,0,1,0,0,0,0,0,0,1,0,"CD_I1009708",FALSE,44,"Jack","Buckley","home","GWS GIANTS"
"CD_M20250140004","2025-03-09T04:20:00.000+0000","CONCLUDED","Premiership","Opening Round",0,"ENGIE Stadium","GWS GIANTS","GWS GIANTS","Collingwood","Collingwood",5,"https://s.afl.com.au/staticfile/AFL Tenant/AFL/Players/ChampIDImages/AFL/2025014/1019038.png?im=Scale,width=0.6,height=0.6","FF","CD_I1019038",FALSE,5,"Aaron","Cadman","CD_T1010",NA,93,0,2,NA,3,2,5,1,0,2,4,2,6,0,0,0,0,2,40,4,3,3,20,0,0,0,-3.1,NA,NA,4,0,1,2,NA,NA,NA,2,69,0,0,0,0,0,1.5,2,0,0,66.7,0,0,0,1,0,0,11,2,2,0,0,0,0,2,1,50,0,0,0,"CD_I1019038",FALSE,5,"Aaron","Cadman","home","GWS GIANTS"
"CD_M20250140004","2025-03-09T04:20:00.000+0000","CONCLUDED","Premiership","Opening Round",0,"ENGIE Stadium","GWS GIANTS","GWS GIANTS","Collingwood","Collingwood",17,"https://s.afl.com.au/staticfile/AFL Tenant/AFL/Players/ChampIDImages/AFL/2025014/1023266.png?im=Scale,width=0.6,height=0.6","R","CD_I1023266",FALSE,17,"Finn","Callaghan","CD_T1010",NA,84,2,2,NA,13,20,33,4,2,2,9,25,34,6,1,0,0,0,84.8,4,0,1,110,3,1,50,31.2,NA,NA,1,1,0,4,NA,NA,NA,12,730,2,5,7,9,69.2,0.7,28,0,0,26.5,0,0,0,8,0,3,13,9,0,0,0,0,0,0,0,0,22,0,0,"CD_I1023266",FALSE,17,"Finn","Callaghan","home","GWS GIANTS"
"CD_M20250140004","2025-03-09T04:20:00.000+0000","CONCLUDED","Premiership","Opening Round",0,"ENGIE Stadium","GWS GIANTS","GWS GIANTS","Collingwood","Collingwood",3,"https://s.afl.com.au/staticfile/AFL Tenant/AFL/Players/ChampIDImages/AFL/2025014/291969.png?im=Scale,width=0.6,height=0.6","RR","CD_I291969",FALSE,3,"Stephen","Coniglio","CD_T1010",NA,79,0,0,NA,6,5,11,3,0,1,4,6,10,0,0,1,0,0,81.8,1,0,0,41,1,1,0,5.7,NA,NA,1,0,0,0,NA,NA,NA,2,137,0,2,2,5,83.3,1.2,9,0,0,40,0,0,0,2,1,0,6,1,0,0,0,0,0,1,1,100,0,0,0,"CD_I291969",FALSE,3,"Stephen","Coniglio","home","GWS GIANTS"
"CD_M20250140004","2025-03-09T04:20:00.000+0000","CONCLUDED","Premiership","Opening Round",0,"ENGIE Stadium","GWS GIANTS","GWS GIANTS","Collingwood","Collingwood",16,"https://s.afl.com.au/staticfile/AFL Tenant/AFL/Players/ChampIDImages/AFL/2025014/1002251.png?im=Scale,width=0.6,height=0.6","HFFR","CD_I1002251",FALSE,16,"Brent","Daniels","CD_T1010",NA,81,1,1,NA,12,9,21,4,1,4,8,11,19,9,0,0,0,2,61.9,3,2,1,88,1,0,33.3,19.1,NA,NA,5,3,1,3,NA,NA,NA,6,481,1,3,4,7,58.3,1.3,13,1,0,42.1,0,0,0,7,0,2,22,8,0,0,0,0,0,0,0,0,6,0,0,"CD_I1002251",FALSE,16,"Brent","Daniels","home","GWS GIANTS"
"CD_M20250140004","2025-03-09T04:20:00.000+0000","CONCLUDED","Premiership","Opening Round",0,"ENGIE Stadium","GWS GIANTS","GWS GIANTS","Collingwood","Collingwood",4,"https://s.afl.com.au/staticfile/AFL Tenant/AFL/Players/ChampIDImages/AFL/2025014/295344.png?im=Scale,width=0.6,height=0.6","CHF","CD_I295344",FALSE,4,"Toby","Greene","CD_T1010",NA,86,1,2,NA,11,7,18,5,0,2,7,11,18,5,2,0,0,0,66.7,1,4,0,82,1,0,20,13.2,NA,NA,2,2,0,5,NA,NA,NA,11,303,1,2,3,5,45.5,1.6,12,0,0,38.9,0,0,0,5,2,3,13,4,0,0,0,0,0,0,0,0,6,0,0,"CD_I295344",FALSE,4,"Toby","Greene","home","GWS GIANTS"
"CD_M20250140004","2025-03-09T04:20:00.000+0000","CONCLUDED","Premiership","Opening Round",0,"ENGIE Stadium","GWS GIANTS","GWS GIANTS","Collingwood","Collingwood",35,"https://s.afl.com.au/staticfile/AFL Tenant/AFL/Players/ChampIDImages/AFL/2025014/1027921.png?im=Scale,width=0.6,height=0.6","INT","CD_I1027921",FALSE,35,"Max","Gruzewski","CD_T1010",NA,68,2,0,NA,4,5,9,3,0,2,4,5,9,1,2,1,6,1,77.8,1,0,0,57,0,1,66.7,9.6,NA,NA,1,0,1,3,NA,NA,NA,4,150,0,0,0,3,75,0.8,7,0,0,44.4,1,27.3,16.7,3,0,0,8,5,1,22,1,1,100,1,0,0,5,0,0,"CD_I1027921",FALSE,35,"Max","Gruzewski","home","GWS GIANTS"
"CD_M20250140004","2025-03-09T04:20:00.000+0000","CONCLUDED","Premiership","Opening Round",0,"ENGIE Stadium","GWS GIANTS","GWS GIANTS","Collingwood","Collingwood",27,"https://s.afl.com.au/staticfile/AFL Tenant/AFL/Players/ChampIDImages/AFL/2025014/993107.png?im=Scale,width=0.6,height=0.6","BPR","CD_I993107",FALSE,27,"Harry","Himmelberg","CD_T1010",NA,93,0,0,NA,14,7,21,8,2,1,2,14,16,0,0,0,0,6,95.2,2,0,1,81,8,0,0,11.5,NA,NA,1,4,0,0,NA,NA,NA,3,430,0,0,0,14,100,2,20,0,2,12.5,0,0,0,2,0,0,1,1,6,0,0,0,0,0,0,0,0,4,4,"CD_I993107",FALSE,27,"Harry","Himmelberg","home","GWS GIANTS"
"CD_M20250140004","2025-03-09T04:20:00.000+0000","CONCLUDED","Premiership","Opening Round",0,"ENGIE Stadium","GWS GIANTS","GWS GIANTS","Collingwood","Collingwood",39,"https://s.afl.com.au/staticfile/AFL Tenant/AFL/Players/ChampIDImages/AFL/2025014/1008083.png?im=Scale,width=0.6,height=0.6","BPL","CD_I1008083",FALSE,39,"Connor","Idun","CD_T1010",NA,89,0,0,NA,10,5,15,6,1,4,4,11,15,1,0,0,0,3,86.7,1,0,0,74,4,0,0,7.9,NA,NA,1,5,0,0,NA,NA,NA,3,169,0,0,0,9,90,2,13,0,1,26.7,0,0,0,4,0,1,11,10,3,0,1,1,100,0,0,0,0,0,0,"CD_I1008083",FALSE,39,"Connor","Idun","home","GWS GIANTS"
"CD_M20250140004","2025-03-09T04:20:00.000+0000","CONCLUDED","Premiership","Opening Round",0,"ENGIE Stadium","GWS GIANTS","GWS GIANTS","Collingwood","Collingwood",2,"https://s.afl.com.au/staticfile/AFL Tenant/AFL/Players/ChampIDImages/AFL/2025014/1020650.png?im=Scale,width=0.6,height=0.6","FPL","CD_I1020650",FALSE,2,"Darcy","Jones","CD_T1010",NA,79,2,1,NA,9,6,15,2,3,1,7,8,15,3,0,0,0,1,60,0,0,0,62,1,0,66.7,17.1,NA,NA,3,3,1,3,NA,NA,NA,7,365,0,1,1,3,33.3,1.5,9,0,0,46.7,0,0,0,7,3,1,13,7,0,0,0,0,0,0,0,0,0,0,0,"CD_I1020650",FALSE,2,"Darcy","Jones","home","GWS GIANTS"
"CD_M20250140004","2025-03-09T04:20:00.000+0000","CONCLUDED","Premiership","Opening Round",0,"ENGIE Stadium","GWS GIANTS","GWS GIANTS","Collingwood","Collingwood",25,"https://s.afl.com.au/staticfile/AFL Tenant/AFL/Players/ChampIDImages/AFL/2025014/290314.png?im=Scale,width=0.6,height=0.6","FPR","CD_I290314",FALSE,25,"Lachlan","Keeffe","CD_T1010",NA,74,0,0,NA,6,2,8,0,0,5,4,3,7,2,0,0,12,1,62.5,3,1,1,52,1,0,0,6.2,NA,NA,4,2,0,0,NA,NA,NA,1,144,1,1,2,3,50,3,5,0,0,57.1,3,18.5,25,3,0,1,15,10,1,65,1,1,100,1,0,0,17,0,0,"CD_I290314",FALSE,25,"Lachlan","Keeffe","home","GWS GIANTS"
"CD_M20250140004","2025-03-09T04:20:00.000+0000","CONCLUDED","Premiership","Opening Round",0,"ENGIE Stadium","GWS GIANTS","GWS GIANTS","Collingwood","Collingwood",22,"https://s.afl.com.au/staticfile/AFL Tenant/AFL/Players/ChampIDImages/AFL/2025014/296347.png?im=Scale,width=0.6,height=0.6","WL","CD_I296347",FALSE,22,"Josh","Kelly","CD_T1010",NA,82,0,0,NA,11,25,36,7,0,5,13,24,37,2,0,0,0,1,75,6,0,2,118,2,0,0,13,NA,NA,5,6,0,0,NA,NA,NA,8,279,2,3,5,7,63.6,0.4,27,0,3,35.1,0,0,0,13,0,4,18,14,0,0,0,0,0,0,0,0,18,0,0,"CD_I296347",FALSE,22,"Josh","Kelly","home","GWS GIANTS"
"CD_M20250140004","2025-03-09T04:20:00.000+0000","CONCLUDED","Premiership","Opening Round",0,"ENGIE Stadium","GWS GIANTS","GWS GIANTS","Collingwood","Collingwood",30,"https://s.afl.com.au/staticfile/AFL Tenant/AFL/Players/ChampIDImages/AFL/2025014/1032119.png?im=Scale,width=0.6,height=0.6","INT","CD_I1032119",FALSE,30,"James","Leake","CD_T1010",NA,54,1,1,NA,4,7,11,2,0,1,7,5,12,1,2,0,0,1,72.7,1,2,1,42,0,0,50,6.5,NA,NA,0,1,0,2,NA,NA,NA,5,142,0,3,3,3,75,0.6,8,1,0,58.3,0,0,0,5,0,1,10,6,0,0,0,0,0,0,0,0,7,0,0,"CD_I1032119",FALSE,30,"James","Leake","home","GWS GIANTS"
"CD_M20250140004","2025-03-09T04:20:00.000+0000","CONCLUDED","Premiership","Opening Round",0,"ENGIE Stadium","GWS GIANTS","GWS GIANTS","Collingwood","Collingwood",33,"https://s.afl.com.au/staticfile/AFL Tenant/AFL/Players/ChampIDImages/AFL/2025014/1006135.png?im=Scale,width=0.6,height=0.6","WR","CD_I1006135",FALSE,33,"Xavier","O'Halloran","CD_T1010",NA,86,2,0,NA,8,5,13,2,0,4,4,10,14,2,0,0,0,0,53.8,3,2,1,67,0,1,50,8.4,NA,NA,6,1,0,4,NA,NA,NA,3,278,0,1,1,3,37.5,1.6,7,0,0,28.6,0,0,0,3,1,0,17,5,0,0,1,0,0,0,0,0,0,0,0,"CD_I1006135",FALSE,33,"Xavier","O'Halloran","home","GWS GIANTS"
"CD_M20250140004","2025-03-09T04:20:00.000+0000","CONCLUDED","Premiership","Opening Round",0,"ENGIE Stadium","GWS GIANTS","GWS GIANTS","Collingwood","Collingwood",18,"https://s.afl.com.au/staticfile/AFL Tenant/AFL/Players/ChampIDImages/AFL/2025014/1015862.png?im=Scale,width=0.6,height=0.6","INT","CD_I1015862",FALSE,18,"Conor","Stone","CD_T1010",NA,77,0,0,NA,8,3,11,4,0,2,4,7,11,1,0,0,0,4,72.7,1,0,0,50,6,0,0,7.6,NA,NA,2,6,0,0,NA,NA,NA,4,295,0,0,0,6,75,2.7,8,0,0,36.4,0,0,0,2,0,0,9,8,2,0,0,0,0,0,0,0,0,0,0,"CD_I1015862",FALSE,18,"Conor","Stone","home","GWS GIANTS"
"CD_M20250140004","2025-03-09T04:20:00.000+0000","CONCLUDED","Premiership","Opening Round",0,"ENGIE Stadium","GWS GIANTS","GWS GIANTS","Collingwood","Collingwood",15,"https://s.afl.com.au/staticfile/AFL Tenant/AFL/Players/ChampIDImages/AFL/2025014/1005247.png?im=Scale,width=0.6,height=0.6","FB","CD_I1005247",FALSE,15,"Sam","Taylor","CD_T1010",NA,100,1,0,NA,16,1,17,13,0,5,7,10,17,2,0,4,0,5,94.1,1,3,0,118,5,0,100,14.8,NA,NA,3,12,0,1,NA,NA,NA,2,313,0,0,0,15,93.8,16,16,0,9,41.2,0,0,0,0,0,2,8,8,5,0,2,0,0,0,0,0,0,0,0,"CD_I1005247",FALSE,15,"Sam","Taylor","home","GWS GIANTS"
"CD_M20250140004","2025-03-09T04:20:00.000+0000","CONCLUDED","Premiership","Opening Round",0,"ENGIE Stadium","GWS GIANTS","GWS GIANTS","Collingwood","Collingwood",8,"https://s.afl.com.au/staticfile/AFL Tenant/AFL/Players/ChampIDImages/AFL/2025014/280109.png?im=Scale,width=0.6,height=0.6","C","CD_I280109",FALSE,8,"Callan","Ward","CD_T1010",NA,91,1,0,NA,13,10,23,6,0,1,2,20,22,4,0,0,0,1,82.6,2,1,0,88,2,2,100,4.4,NA,NA,2,2,0,1,NA,NA,NA,5,358,0,1,1,11,84.6,1.3,19,0,0,9.1,0,0,0,0,0,0,14,7,1,0,0,0,0,0,0,0,0,0,0,"CD_I280109",FALSE,8,"Callan","Ward","home","GWS GIANTS"
"CD_M20250140004","2025-03-09T04:20:00.000+0000","CONCLUDED","Premiership","Opening Round",0,"ENGIE Stadium","GWS GIANTS","GWS GIANTS","Collingwood","Collingwood",10,"https://s.afl.com.au/staticfile/AFL Tenant/AFL/Players/ChampIDImages/AFL/2025014/1004530.png?im=Scale,width=0.6,height=0.6","SUB","CD_I1004530",FALSE,10,"Jacob","Wehr","CD_T1010",NA,61,0,0,NA,9,7,16,0,0,1,9,7,16,4,0,0,0,2,62.5,3,1,0,46,1,0,0,9.4,NA,NA,5,6,0,0,NA,NA,NA,1,329,0,3,3,5,55.6,1.3,10,0,0,56.3,0,0,0,7,1,0,10,7,1,0,0,0,0,0,0,0,0,0,0,"CD_I1004530",FALSE,10,"Jacob","Wehr","home","GWS GIANTS"
"CD_M20250140004","2025-03-09T04:20:00.000+0000","CONCLUDED","Premiership","Opening Round",0,"ENGIE Stadium","GWS GIANTS","GWS GIANTS","Collingwood","Collingwood",6,"https://s.afl.com.au/staticfile/AFL Tenant/AFL/Players/ChampIDImages/AFL/2025014/294305.png?im=Scale,width=0.6,height=0.6","HBFL","CD_I294305",FALSE,6,"Lachie","Whitfield","CD_T1010",NA,75,0,0,NA,19,7,26,8,2,1,4,17,21,1,0,0,0,1,84.6,2,0,0,99,6,0,0,10.9,NA,NA,3,4,0,0,NA,NA,NA,4,477,0,1,1,16,84.2,2.7,22,0,1,19,0,0,0,4,0,2,13,7,1,0,1,0,0,0,0,0,0,5,5,"CD_I294305",FALSE,6,"Lachie","Whitfield","home","GWS GIANTS"
"CD_M20250140004","2025-03-09T04:20:00.000+0000","CONCLUDED","Premiership","Opening Round",0,"ENGIE Stadium","GWS GIANTS","GWS GIANTS","Collingwood","Collingwood",16,"https://s.afl.com.au/staticfile/AFL Tenant/AFL/Players/ChampIDImages/AFL/2025014/1022915.png?im=Scale,width=0.6,height=0.6","INT","CD_I1022915",FALSE,16,"Edward","Allan","CD_T40",NA,82,0,1,NA,5,14,19,1,0,1,7,13,20,4,0,0,0,0,73.7,2,1,1,49,0,1,0,7.7,NA,NA,1,1,0,1,NA,NA,NA,5,269,1,2,3,4,80,0.4,14,0,0,35,0,0,0,5,1,0,18,9,0,0,0,0,0,0,0,0,6,0,0,"CD_I1022915",FALSE,16,"Edward","Allan","away","Collingwood"
"CD_M20250140004","2025-03-09T04:20:00.000+0000","CONCLUDED","Premiership","Opening Round",0,"ENGIE Stadium","GWS GIANTS","GWS GIANTS","Collingwood","Collingwood",14,"https://s.afl.com.au/staticfile/AFL Tenant/AFL/Players/ChampIDImages/AFL/2025014/990291.png?im=Scale,width=0.6,height=0.6","RK","CD_I990291",FALSE,14,"Darcy","Cameron","CD_T40",NA,79,0,1,NA,18,4,22,7,0,4,19,3,22,7,1,5,37,0,59.1,4,2,1,136,1,0,0,25.2,NA,NA,3,6,1,1,NA,NA,NA,3,446,2,4,6,11,61.1,4.5,13,0,3,86.4,13,49.3,35.1,4,1,2,10,4,0,75,0,0,0,2,2,100,17,0,0,"CD_I990291",FALSE,14,"Darcy","Cameron","away","Collingwood"
"CD_M20250140004","2025-03-09T04:20:00.000+0000","CONCLUDED","Premiership","Opening Round",0,"ENGIE Stadium","GWS GIANTS","GWS GIANTS","Collingwood","Collingwood",25,"https://s.afl.com.au/staticfile/AFL Tenant/AFL/Players/ChampIDImages/AFL/2025014/293871.png?im=Scale,width=0.6,height=0.6","RR","CD_I293871",FALSE,25,"Jack","Crisp","CD_T40",NA,85,0,1,NA,11,9,20,7,0,1,9,12,21,4,0,0,0,3,55,1,0,0,77,2,0,0,10,NA,NA,3,2,0,1,NA,NA,NA,3,368,1,1,2,6,54.5,1.2,11,0,0,42.9,0,0,0,7,2,1,8,4,2,0,0,0,0,0,0,0,3,0,0,"CD_I293871",FALSE,25,"Jack","Crisp","away","Collingwood"
"CD_M20250140004","2025-03-09T04:20:00.000+0000","CONCLUDED","Premiership","Opening Round",0,"ENGIE Stadium","GWS GIANTS","GWS GIANTS","Collingwood","Collingwood",7,"https://s.afl.com.au/staticfile/AFL Tenant/AFL/Players/ChampIDImages/AFL/2025014/1005054.png?im=Scale,width=0.6,height=0.6","HBFR","CD_I1005054",FALSE,7,"Josh","Daicos","CD_T40",NA,87,0,0,NA,18,10,28,3,1,1,4,19,23,3,0,0,0,0,67.9,3,1,0,88,6,0,0,8.7,NA,NA,4,3,0,0,NA,NA,NA,6,548,1,1,2,13,72.2,1.8,19,0,0,17.4,0,0,0,3,0,0,10,5,0,0,0,0,0,0,0,0,0,3,3,"CD_I1005054",FALSE,7,"Josh","Daicos","away","Collingwood"
"CD_M20250140004","2025-03-09T04:20:00.000+0000","CONCLUDED","Premiership","Opening Round",0,"ENGIE Stadium","GWS GIANTS","GWS GIANTS","Collingwood","Collingwood",35,"https://s.afl.com.au/staticfile/AFL Tenant/AFL/Players/ChampIDImages/AFL/2025014/1023261.png?im=Scale,width=0.6,height=0.6","R","CD_I1023261",FALSE,35,"Nick","Daicos","CD_T40",NA,76,0,0,NA,8,13,21,1,0,2,12,8,20,1,0,0,0,1,61.9,6,2,1,60,2,0,0,8.5,NA,NA,2,1,0,0,NA,NA,NA,3,88,1,4,5,5,62.5,0.6,13,0,0,60,0,0,0,8,2,3,9,7,0,0,0,0,0,0,0,0,18,0,0,"CD_I1023261",FALSE,35,"Nick","Daicos","away","Collingwood"
"CD_M20250140004","2025-03-09T04:20:00.000+0000","CONCLUDED","Premiership","Opening Round",0,"ENGIE Stadium","GWS GIANTS","GWS GIANTS","Collingwood","Collingwood",5,"https://s.afl.com.au/staticfile/AFL Tenant/AFL/Players/ChampIDImages/AFL/2025014/293801.png?im=Scale,width=0.6,height=0.6","HFFR","CD_I293801",FALSE,5,"Jamie","Elliott","CD_T40",NA,87,2,0,NA,9,7,16,5,0,0,6,9,15,3,1,1,0,1,62.5,5,0,2,62,0,0,66.7,10.4,NA,NA,5,1,0,3,NA,NA,NA,6,263,0,1,1,6,66.7,1.3,10,0,0,40,0,0,0,5,4,0,10,4,1,0,0,0,0,2,1,50,2,0,0,"CD_I293801",FALSE,5,"Jamie","Elliott","away","Collingwood"
"CD_M20250140004","2025-03-09T04:20:00.000+0000","CONCLUDED","Premiership","Opening Round",0,"ENGIE Stadium","GWS GIANTS","GWS GIANTS","Collingwood","Collingwood",23,"https://s.afl.com.au/staticfile/AFL Tenant/AFL/Players/ChampIDImages/AFL/2025014/1006148.png?im=Scale,width=0.6,height=0.6","HFFL","CD_I1006148",FALSE,23,"Bobby","Hill","CD_T40",NA,76,1,2,NA,9,3,12,4,0,2,4,7,11,4,0,0,0,0,58.3,1,0,1,58,0,0,25,8.2,NA,NA,2,1,2,4,NA,NA,NA,6,255,0,1,1,4,44.4,3,7,1,0,36.4,0,0,0,4,3,2,7,2,0,0,0,0,0,0,0,0,0,0,0,"CD_I1006148",FALSE,23,"Bobby","Hill","away","Collingwood"
"CD_M20250140004","2025-03-09T04:20:00.000+0000","CONCLUDED","Premiership","Opening Round",0,"ENGIE Stadium","GWS GIANTS","GWS GIANTS","Collingwood","Collingwood",32,"https://s.afl.com.au/staticfile/AFL Tenant/AFL/Players/ChampIDImages/AFL/2025014/291720.png?im=Scale,width=0.6,height=0.6","FF","CD_I291720",FALSE,32,"Will","Hoskin-Elliott","CD_T40",NA,57,0,3,NA,7,4,11,3,0,1,5,6,11,1,0,0,0,1,54.5,1,0,0,45,0,0,0,4.1,NA,NA,1,2,1,3,NA,NA,NA,4,196,0,0,0,2,28.6,1.8,6,2,0,45.5,0,0,0,5,2,0,4,0,1,0,0,0,0,0,0,0,0,0,0,"CD_I291720",FALSE,32,"Will","Hoskin-Elliott","away","Collingwood"
"CD_M20250140004","2025-03-09T04:20:00.000+0000","CONCLUDED","Premiership","Opening Round",0,"ENGIE Stadium","GWS GIANTS","GWS GIANTS","Collingwood","Collingwood",38,"https://s.afl.com.au/staticfile/AFL Tenant/AFL/Players/ChampIDImages/AFL/2025014/291313.png?im=Scale,width=0.6,height=0.6","INT","CD_I291313",FALSE,38,"Jeremy","Howe","CD_T40",NA,76,0,0,NA,11,2,13,6,0,1,3,8,11,1,0,1,0,3,69.2,4,0,1,56,6,1,0,8.5,NA,NA,3,3,0,0,NA,NA,NA,3,394,0,1,1,7,63.6,5.5,9,0,2,27.3,0,0,0,1,0,2,6,5,3,0,0,0,0,0,0,0,0,3,2,"CD_I291313",FALSE,38,"Jeremy","Howe","away","Collingwood"
"CD_M20250140004","2025-03-09T04:20:00.000+0000","CONCLUDED","Premiership","Opening Round",0,"ENGIE Stadium","GWS GIANTS","GWS GIANTS","Collingwood","Collingwood",1,"https://s.afl.com.au/staticfile/AFL Tenant/AFL/Players/ChampIDImages/AFL/2025014/1003130.png?im=Scale,width=0.6,height=0.6","WR","CD_I1003130",FALSE,1,"Patrick","Lipinski","CD_T40",NA,85,0,0,NA,8,9,17,2,0,1,8,10,18,0,0,0,0,2,88.2,1,1,0,53,2,0,0,14.5,NA,NA,2,5,1,0,NA,NA,NA,2,202,0,2,2,8,100,0.9,15,0,0,44.4,0,0,0,7,1,1,13,6,1,0,1,1,100,1,0,0,0,0,0,"CD_I1003130",FALSE,1,"Patrick","Lipinski","away","Collingwood"
"CD_M20250140004","2025-03-09T04:20:00.000+0000","CONCLUDED","Premiership","Opening Round",0,"ENGIE Stadium","GWS GIANTS","GWS GIANTS","Collingwood","Collingwood",44,"https://s.afl.com.au/staticfile/AFL Tenant/AFL/Players/ChampIDImages/AFL/2025014/1017124.png?im=Scale,width=0.6,height=0.6","SUB","CD_I1017124",FALSE,44,"Ned","Long","CD_T40",NA,26,0,1,NA,5,4,9,3,0,0,6,4,10,4,0,0,0,0,66.7,1,0,1,30,1,0,0,6,NA,NA,0,2,0,1,NA,NA,NA,3,144,0,3,3,3,60,1.3,6,0,1,60,0,0,0,3,2,2,6,3,0,0,0,0,0,0,0,0,5,0,0,"CD_I1017124",FALSE,44,"Ned","Long","away","Collingwood"
"CD_M20250140004","2025-03-09T04:20:00.000+0000","CONCLUDED","Premiership","Opening Round",0,"ENGIE Stadium","GWS GIANTS","GWS GIANTS","Collingwood","Collingwood",4,"https://s.afl.com.au/staticfile/AFL Tenant/AFL/Players/ChampIDImages/AFL/2025014/992010.png?im=Scale,width=0.6,height=0.6","BPL","CD_I992010",FALSE,4,"Brayden","Maynard","CD_T40",NA,83,0,0,NA,11,4,15,6,0,1,2,13,15,3,0,0,0,4,93.3,6,0,4,51,7,1,0,1.2,NA,NA,3,3,0,0,NA,NA,NA,3,355,0,0,0,10,90.9,2.8,14,0,1,13.3,0,0,0,1,0,1,15,11,2,0,1,1,100,0,0,0,0,3,2,"CD_I992010",FALSE,4,"Brayden","Maynard","away","Collingwood"
"CD_M20250140004","2025-03-09T04:20:00.000+0000","CONCLUDED","Premiership","Opening Round",0,"ENGIE Stadium","GWS GIANTS","GWS GIANTS","Collingwood","Collingwood",31,"https://s.afl.com.au/staticfile/AFL Tenant/AFL/Players/ChampIDImages/AFL/2025014/1004757.png?im=Scale,width=0.6,height=0.6","INT","CD_I1004757",FALSE,31,"Beau","McCreery","CD_T40",NA,77,0,1,NA,8,4,12,2,2,4,6,5,11,2,1,0,0,0,50,1,0,1,52,0,0,0,3.5,NA,NA,3,0,1,2,NA,NA,NA,5,190,3,1,4,4,50,2,6,0,0,54.5,0,0,0,3,2,0,18,2,0,0,0,0,0,0,0,0,4,0,0,"CD_I1004757",FALSE,31,"Beau","McCreery","away","Collingwood"
"CD_M20250140004","2025-03-09T04:20:00.000+0000","CONCLUDED","Premiership","Opening Round",0,"ENGIE Stadium","GWS GIANTS","GWS GIANTS","Collingwood","Collingwood",26,"https://s.afl.com.au/staticfile/AFL Tenant/AFL/Players/ChampIDImages/AFL/2025014/1013278.png?im=Scale,width=0.6,height=0.6","HBFL","CD_I1013278",FALSE,26,"Reef","McInnes","CD_T40",NA,82,0,0,NA,8,5,13,3,0,2,2,9,11,1,0,0,0,7,76.9,4,1,1,49,4,0,0,7.5,NA,NA,3,4,0,0,NA,NA,NA,1,299,0,0,0,5,62.5,1.6,10,0,0,18.2,0,0,0,1,0,0,4,2,7,0,3,1,33.3,0,0,0,0,1,0,"CD_I1013278",FALSE,26,"Reef","McInnes","away","Collingwood"
"CD_M20250140004","2025-03-09T04:20:00.000+0000","CONCLUDED","Premiership","Opening Round",0,"ENGIE Stadium","GWS GIANTS","GWS GIANTS","Collingwood","Collingwood",11,"https://s.afl.com.au/staticfile/AFL Tenant/AFL/Players/ChampIDImages/AFL/2025014/297504.png?im=Scale,width=0.6,height=0.6","FPL","CD_I297504",FALSE,11,"Daniel","McStay","CD_T40",NA,83,0,0,NA,4,3,7,4,0,1,4,4,8,1,0,1,10,2,85.7,3,1,1,42,1,0,0,6.4,NA,NA,3,1,0,0,NA,NA,NA,4,104,0,1,1,3,75,1.3,6,0,1,50,4,50,40,2,0,3,6,2,1,20,0,0,0,2,0,0,8,0,0,"CD_I297504",FALSE,11,"Daniel","McStay","away","Collingwood"
"CD_M20250140004","2025-03-09T04:20:00.000+0000","CONCLUDED","Premiership","Opening Round",0,"ENGIE Stadium","GWS GIANTS","GWS GIANTS","Collingwood","Collingwood",28,"https://s.afl.com.au/staticfile/AFL Tenant/AFL/Players/ChampIDImages/AFL/2025014/294596.png?im=Scale,width=0.6,height=0.6","INT","CD_I294596",FALSE,28,"Tim","Membrey","CD_T40",NA,78,1,0,NA,4,4,8,3,0,0,6,4,10,0,2,0,0,1,62.5,2,0,1,32,0,0,50,3.9,NA,NA,3,1,0,2,NA,NA,NA,2,11,0,0,0,2,50,1,5,1,0,60,0,0,0,5,4,0,4,0,0,0,0,0,0,0,0,0,0,0,0,"CD_I294596",FALSE,28,"Tim","Membrey","away","Collingwood"
"CD_M20250140004","2025-03-09T04:20:00.000+0000","CONCLUDED","Premiership","Opening Round",0,"ENGIE Stadium","GWS GIANTS","GWS GIANTS","Collingwood","Collingwood",41,"https://s.afl.com.au/staticfile/AFL Tenant/AFL/Players/ChampIDImages/AFL/2025014/291849.png?im=Scale,width=0.6,height=0.6","CHF","CD_I291849",FALSE,41,"Brody","Mihocek","CD_T40",NA,76,2,0,NA,6,3,9,3,0,1,3,6,9,2,1,0,0,2,66.7,3,1,2,44,0,0,66.7,0.9,NA,NA,4,0,1,3,NA,NA,NA,2,125,0,0,0,4,66.7,2,6,1,0,33.3,0,0,0,2,2,0,4,1,2,0,0,0,0,1,0,0,0,0,0,"CD_I291849",FALSE,41,"Brody","Mihocek","away","Collingwood"
"CD_M20250140004","2025-03-09T04:20:00.000+0000","CONCLUDED","Premiership","Opening Round",0,"ENGIE Stadium","GWS GIANTS","GWS GIANTS","Collingwood","Collingwood",30,"https://s.afl.com.au/staticfile/AFL Tenant/AFL/Players/ChampIDImages/AFL/2025014/298288.png?im=Scale,width=0.6,height=0.6","FB","CD_I298288",FALSE,30,"Darcy","Moore","CD_T40",NA,95,0,0,NA,10,3,13,5,0,3,4,6,10,1,0,1,0,4,92.3,3,1,2,58,1,0,0,7.2,NA,NA,1,7,0,0,NA,NA,NA,1,193,0,0,0,9,90,3.3,12,0,4,40,0,0,0,2,0,1,4,3,4,0,0,0,0,0,0,0,0,3,3,"CD_I298288",FALSE,30,"Darcy","Moore","away","Collingwood"
"CD_M20250140004","2025-03-09T04:20:00.000+0000","CONCLUDED","Premiership","Opening Round",0,"ENGIE Stadium","GWS GIANTS","GWS GIANTS","Collingwood","Collingwood",10,"https://s.afl.com.au/staticfile/AFL Tenant/AFL/Players/ChampIDImages/AFL/2025014/260257.png?im=Scale,width=0.6,height=0.6","C","CD_I260257",FALSE,10,"Scott","Pendlebury","CD_T40",NA,82,0,0,NA,8,11,19,4,0,1,7,12,19,1,0,0,0,1,78.9,4,0,2,56,1,0,0,6.7,NA,NA,2,2,0,0,NA,NA,NA,5,227,2,2,4,5,62.5,0.7,15,0,0,36.8,0,0,0,5,0,0,21,7,0,0,0,0,0,0,0,0,20,0,0,"CD_I260257",FALSE,10,"Scott","Pendlebury","away","Collingwood"
"CD_M20250140004","2025-03-09T04:20:00.000+0000","CONCLUDED","Premiership","Opening Round",0,"ENGIE Stadium","GWS GIANTS","GWS GIANTS","Collingwood","Collingwood",12,"https://s.afl.com.au/staticfile/AFL Tenant/AFL/Players/ChampIDImages/AFL/2025014/998205.png?im=Scale,width=0.6,height=0.6","CHB","CD_I998205",FALSE,12,"Harry","Perryman","CD_T40",NA,83,0,1,NA,14,13,27,3,1,3,7,17,24,3,0,0,0,0,59.3,3,0,0,90,1,0,0,6.8,NA,NA,5,4,1,1,NA,NA,NA,9,389,0,1,1,5,35.7,1.1,16,0,0,29.2,0,0,0,6,0,2,13,6,0,0,0,0,0,0,0,0,13,0,0,"CD_I998205",FALSE,12,"Harry","Perryman","away","Collingwood"
"CD_M20250140004","2025-03-09T04:20:00.000+0000","CONCLUDED","Premiership","Opening Round",0,"ENGIE Stadium","GWS GIANTS","GWS GIANTS","Collingwood","Collingwood",3,"https://s.afl.com.au/staticfile/AFL Tenant/AFL/Players/ChampIDImages/AFL/2025014/1008089.png?im=Scale,width=0.6,height=0.6","BPR","CD_I1008089",FALSE,3,"Isaac","Quaynor","CD_T40",NA,84,0,0,NA,10,6,16,5,0,2,4,12,16,6,0,0,0,1,68.8,3,1,1,63,2,0,0,6.6,NA,NA,4,4,0,1,NA,NA,NA,2,422,0,1,1,5,50,1.7,11,0,2,25,0,0,0,3,0,0,20,15,1,0,1,0,0,0,0,0,0,0,0,"CD_I1008089",FALSE,3,"Isaac","Quaynor","away","Collingwood"
"CD_M20250140004","2025-03-09T04:20:00.000+0000","CONCLUDED","Premiership","Opening Round",0,"ENGIE Stadium","GWS GIANTS","GWS GIANTS","Collingwood","Collingwood",8,"https://s.afl.com.au/staticfile/AFL Tenant/AFL/Players/ChampIDImages/AFL/2025014/1000860.png?im=Scale,width=0.6,height=0.6","FPR","CD_I1000860",FALSE,8,"Lachie","Schultz","CD_T40",NA,80,0,1,NA,8,2,10,6,0,3,1,8,9,1,3,0,0,1,40,4,1,1,57,0,0,0,-2.6,NA,NA,4,0,0,2,NA,NA,NA,4,260,0,0,0,4,50,4,4,1,0,11.1,0,0,0,1,1,0,12,4,1,0,0,0,0,0,0,0,0,0,0,"CD_I1000860",FALSE,8,"Lachie","Schultz","away","Collingwood"
"CD_M20250140004","2025-03-09T04:20:00.000+0000","CONCLUDED","Premiership","Opening Round",0,"ENGIE Stadium","GWS GIANTS","GWS GIANTS","Collingwood","Collingwood",22,"https://s.afl.com.au/staticfile/AFL Tenant/AFL/Players/ChampIDImages/AFL/2025014/280965.png?im=Scale,width=0.6,height=0.6","WL","CD_I280965",FALSE,22,"Steele","Sidebottom","CD_T40",NA,80,0,2,NA,9,6,15,1,0,4,10,5,15,2,0,0,0,0,46.7,2,2,0,62,1,0,0,7.5,NA,NA,3,3,0,2,NA,NA,NA,3,244,1,2,3,5,55.6,1.5,7,0,0,66.7,0,0,0,7,2,2,13,9,0,0,0,0,0,0,0,0,4,0,0,"CD_I280965",FALSE,22,"Steele","Sidebottom","away","Collingwood"
"CD_M20250140101","2025-03-13T08:30:00.000+0000","CONCLUDED","Premiership","Round 1",1,"MCG","Richmond","Richmond","Carlton","Carlton",34,"https://s.afl.com.au/staticfile/AFL Tenant/AFL/Players/ChampIDImages/AFL/2025014/1028525.png?im=Scale,width=0.6,height=0.6","INT","CD_I1028525",FALSE,34,"Harry","Armstrong","CD_T120",NA,66,0,0,NA,2,3,5,1,0,1,5,1,6,0,0,0,0,1,60,1,0,1,16,0,1,0,6.9,NA,NA,1,0,0,0,NA,NA,NA,2,50,0,0,0,2,100,0.7,3,1,0,83.3,0,0,0,4,2,0,9,3,0,0,0,0,0,1,0,0,0,0,0,"CD_I1028525",FALSE,34,"Harry","Armstrong","home","Richmond"
"CD_M20250140101","2025-03-13T08:30:00.000+0000","CONCLUDED","Premiership","Round 1",1,"MCG","Richmond","Richmond","Carlton","Carlton",41,"https://s.afl.com.au/staticfile/AFL Tenant/AFL/Players/ChampIDImages/AFL/2025014/1013197.png?im=Scale,width=0.6,height=0.6","WL","CD_I1013197",FALSE,41,"Sam","Banks","CD_T120",NA,80,0,0,NA,10,11,21,1,0,2,6,15,21,0,0,0,0,1,71.4,1,1,0,64,0,0,0,6.5,NA,NA,1,2,0,0,NA,NA,NA,4,232,0,2,2,7,70,0.9,15,0,0,28.6,0,0,0,5,0,0,14,9,1,0,1,0,0,0,0,0,0,0,0,"CD_I1013197",FALSE,41,"Sam","Banks","home","Richmond"
"CD_M20250140101","2025-03-13T08:30:00.000+0000","CONCLUDED","Premiership","Round 1",1,"MCG","Richmond","Richmond","Carlton","Carlton",43,"https://s.afl.com.au/staticfile/AFL Tenant/AFL/Players/ChampIDImages/AFL/2025014/1021152.png?im=Scale,width=0.6,height=0.6","FPL","CD_I1021152",FALSE,43,"Jacob","Bauer","CD_T120",NA,83,1,1,NA,6,3,9,4,0,4,2,6,8,1,3,1,0,1,44.4,3,2,0,61,0,0,33.3,2.1,NA,NA,3,1,2,3,NA,NA,NA,2,138,1,0,1,2,33.3,2,4,1,0,25,0,0,0,0,0,0,10,2,1,6,0,0,0,0,0,0,3,0,0,"CD_I1021152",FALSE,43,"Jacob","Bauer","home","Richmond"
"CD_M20250140101","2025-03-13T08:30:00.000+0000","CONCLUDED","Premiership","Round 1",1,"MCG","Richmond","Richmond","Carlton","Carlton",46,"https://s.afl.com.au/staticfile/AFL Tenant/AFL/Players/ChampIDImages/AFL/2025014/1013229.png?im=Scale,width=0.6,height=0.6","FB","CD_I1013229",FALSE,46,"Jacob","Blight","CD_T120",NA,55,0,0,NA,4,2,6,3,0,1,4,2,6,0,0,2,0,5,83.3,1,1,0,30,2,0,0,7.6,NA,NA,2,5,0,0,NA,NA,NA,0,91,0,0,0,3,75,2,5,0,3,66.7,0,0,0,1,0,0,4,4,4,0,3,1,33.3,0,0,0,0,0,0,"CD_I1013229",FALSE,46,"Jacob","Blight","home","Richmond"
"CD_M20250140101","2025-03-13T08:30:00.000+0000","CONCLUDED","Premiership","Round 1",1,"MCG","Richmond","Richmond","Carlton","Carlton",35,"https://s.afl.com.au/staticfile/AFL Tenant/AFL/Players/ChampIDImages/AFL/2025014/295203.png?im=Scale,width=0.6,height=0.6","BPR","CD_I295203",FALSE,35,"Nathan","Broad","CD_T120",NA,88,0,0,NA,8,3,11,2,1,3,5,5,10,0,0,0,0,3,81.8,5,2,2,44,4,0,0,7.6,NA,NA,1,7,0,0,NA,NA,NA,2,191,0,0,0,7,87.5,2.7,9,0,0,50,0,0,0,4,0,2,9,8,3,0,1,0,0,0,0,0,0,0,0,"CD_I295203",FALSE,35,"Nathan","Broad","home","Richmond"
"CD_M20250140101","2025-03-13T08:30:00.000+0000","CONCLUDED","Premiership","Round 1",1,"MCG","Richmond","Richmond","Carlton","Carlton",30,"https://s.afl.com.au/staticfile/AFL Tenant/AFL/Players/ChampIDImages/AFL/2025014/1017086.png?im=Scale,width=0.6,height=0.6","INT","CD_I1017086",FALSE,30,"Tom","Brown","CD_T120",NA,80,1,0,NA,7,3,10,2,0,4,4,4,8,1,1,1,0,4,90,2,0,0,55,3,0,100,17,NA,NA,2,5,0,1,NA,NA,NA,3,328,0,0,0,6,85.7,2.3,9,0,2,50,0,0,0,3,0,2,6,5,2,0,1,1,100,0,0,0,0,2,2,"CD_I1017086",FALSE,30,"Tom","Brown","home","Richmond"
"CD_M20250140101","2025-03-13T08:30:00.000+0000","CONCLUDED","Premiership","Round 1",1,"MCG","Richmond","Richmond","Carlton","Carlton",44,"https://s.afl.com.au/staticfile/AFL Tenant/AFL/Players/ChampIDImages/AFL/2025014/1023275.png?im=Scale,width=0.6,height=0.6","CHF","CD_I1023275",FALSE,44,"Seth","Campbell","CD_T120",NA,75,2,0,NA,3,5,8,0,1,7,3,5,8,1,0,0,0,2,87.5,2,0,0,59,0,0,100,11.3,NA,NA,3,1,2,2,NA,NA,NA,3,86,0,1,1,3,100,0.6,7,0,0,37.5,0,0,0,2,1,0,20,4,0,0,0,0,0,0,0,0,0,0,0,"CD_I1023275",FALSE,44,"Seth","Campbell","home","Richmond"
"CD_M20250140101","2025-03-13T08:30:00.000+0000","CONCLUDED","Premiership","Round 1",1,"MCG","Richmond","Richmond","Carlton","Carlton",27,"https://s.afl.com.au/staticfile/AFL Tenant/AFL/Players/ChampIDImages/AFL/2025014/1009226.png?im=Scale,width=0.6,height=0.6","INT","CD_I1009226",FALSE,27,"Thomson","Dow","CD_T120",NA,79,0,1,NA,9,13,22,1,0,9,11,12,23,2,0,0,0,0,59.1,5,2,0,95,3,0,0,9.2,NA,NA,7,2,0,1,NA,NA,NA,2,297,0,4,4,3,33.3,0.7,13,0,1,47.8,0,0,0,9,0,1,27,12,0,0,0,0,0,0,0,0,9,0,0,"CD_I1009226",FALSE,27,"Thomson","Dow","home","Richmond"
"CD_M20250140101","2025-03-13T08:30:00.000+0000","CONCLUDED","Premiership","Round 1",1,"MCG","Richmond","Richmond","Carlton","Carlton",48,"https://s.afl.com.au/staticfile/AFL Tenant/AFL/Players/ChampIDImages/AFL/2025014/1023056.png?im=Scale,width=0.6,height=0.6","HFFR","CD_I1023056",FALSE,48,"Steely","Green","CD_T120",NA,76,0,0,NA,6,1,7,2,0,5,2,6,8,3,0,0,0,0,42.9,5,1,2,41,1,0,0,-0.7,NA,NA,5,1,0,0,NA,NA,NA,1,235,0,0,0,3,50,6,3,0,0,25,0,0,0,1,0,0,18,9,0,0,0,0,0,2,0,0,0,0,0,"CD_I1023056",FALSE,48,"Steely","Green","home","Richmond"
"CD_M20250140101","2025-03-13T08:30:00.000+0000","CONCLUDED","Premiership","Round 1",1,"MCG","Richmond","Richmond","Carlton","Carlton",2,"https://s.afl.com.au/staticfile/AFL Tenant/AFL/Players/ChampIDImages/AFL/2025014/993903.png?im=Scale,width=0.6,height=0.6","R","CD_I993903",FALSE,2,"Jacob","Hopper","CD_T120",NA,79,1,0,NA,7,15,22,2,0,6,7,14,21,0,1,0,0,0,72.7,4,0,2,81,1,0,100,9.1,NA,NA,2,1,0,1,NA,NA,NA,3,186,1,2,3,4,57.1,0.5,16,0,1,33.3,0,0,0,5,0,1,13,8,0,0,0,0,0,0,0,0,20,0,0,"CD_I993903",FALSE,2,"Jacob","Hopper","home","Richmond"
"CD_M20250140101","2025-03-13T08:30:00.000+0000","CONCLUDED","Premiership","Round 1",1,"MCG","Richmond","Richmond","Carlton","Carlton",22,"https://s.afl.com.au/staticfile/AFL Tenant/AFL/Players/ChampIDImages/AFL/2025014/1028491.png?im=Scale,width=0.6,height=0.6","FPR","CD_I1028491",FALSE,22,"Sam","Lalor","CD_T120",NA,80,2,0,NA,6,12,18,2,0,2,6,11,17,1,0,1,0,2,77.8,4,0,0,68,0,2,100,17.3,NA,NA,3,2,1,2,NA,NA,NA,8,181,0,0,0,4,66.7,0.5,14,0,0,35.3,0,0,0,5,2,1,12,5,1,0,0,0,0,0,0,0,2,0,0,"CD_I1028491",FALSE,22,"Sam","Lalor","home","Richmond"
"CD_M20250140101","2025-03-13T08:30:00.000+0000","CONCLUDED","Premiership","Round 1",1,"MCG","Richmond","Richmond","Carlton","Carlton",19,"https://s.afl.com.au/staticfile/AFL Tenant/AFL/Players/ChampIDImages/AFL/2025014/293813.png?im=Scale,width=0.6,height=0.6","FF","CD_I293813",FALSE,19,"Tom","Lynch","CD_T120",NA,87,1,0,NA,5,8,13,4,0,1,8,6,14,5,1,1,0,3,69.2,3,1,1,51,0,2,100,5.7,NA,NA,6,1,1,1,NA,NA,NA,4,162,0,0,0,3,60,0.6,9,0,0,57.1,0,0,0,7,1,1,11,2,3,1,0,0,0,2,0,0,0,0,0,"CD_I293813",FALSE,19,"Tom","Lynch","home","Richmond"
"CD_M20250140101","2025-03-13T08:30:00.000+0000","CONCLUDED","Premiership","Round 1",1,"MCG","Richmond","Richmond","Carlton","Carlton",7,"https://s.afl.com.au/staticfile/AFL Tenant/AFL/Players/ChampIDImages/AFL/2025014/1008478.png?im=Scale,width=0.6,height=0.6","HFFL","CD_I1008478",FALSE,7,"Rhyan","Mansell","CD_T120",NA,79,1,0,NA,5,5,10,1,0,2,6,4,10,1,0,0,0,2,100,0,0,0,42,0,1,100,16.1,NA,NA,0,0,0,1,NA,NA,NA,5,186,0,0,0,5,100,1,10,0,0,60,0,0,0,6,1,0,11,4,2,0,0,0,0,0,0,0,0,0,0,"CD_I1008478",FALSE,7,"Rhyan","Mansell","home","Richmond"
"CD_M20250140101","2025-03-13T08:30:00.000+0000","CONCLUDED","Premiership","Round 1",1,"MCG","Richmond","Richmond","Carlton","Carlton",33,"https://s.afl.com.au/staticfile/AFL Tenant/AFL/Players/ChampIDImages/AFL/2025014/294592.png?im=Scale,width=0.6,height=0.6","C","CD_I294592",FALSE,33,"Kamdyn","McIntosh","CD_T120",NA,79,0,0,NA,8,8,16,3,0,5,8,9,17,2,0,0,1,2,68.8,3,0,0,70,4,0,0,9.1,NA,NA,3,1,0,0,NA,NA,NA,3,304,0,4,4,5,62.5,1,11,0,0,47.1,0,12.5,0,5,0,1,23,8,0,8,1,1,100,0,0,0,20,0,0,"CD_I294592",FALSE,33,"Kamdyn","McIntosh","home","Richmond"
"CD_M20250140101","2025-03-13T08:30:00.000+0000","CONCLUDED","Premiership","Round 1",1,"MCG","Richmond","Richmond","Carlton","Carlton",12,"https://s.afl.com.au/staticfile/AFL Tenant/AFL/Players/ChampIDImages/AFL/2025014/1002403.png?im=Scale,width=0.6,height=0.6","BPL","CD_I1002403",FALSE,12,"Ben","Miller","CD_T120",NA,100,0,0,NA,10,3,13,6,0,1,7,6,13,1,0,3,0,6,84.6,0,1,0,59,4,0,0,14.5,NA,NA,3,9,0,0,NA,NA,NA,2,333,0,0,0,9,90,3.3,11,0,4,53.8,0,0,0,3,0,1,4,2,4,0,6,1,16.7,0,0,0,0,0,0,"CD_I1002403",FALSE,12,"Ben","Miller","home","Richmond"
"CD_M20250140101","2025-03-13T08:30:00.000+0000","CONCLUDED","Premiership","Round 1",1,"MCG","Richmond","Richmond","Carlton","Carlton",25,"https://s.afl.com.au/staticfile/AFL Tenant/AFL/Players/ChampIDImages/AFL/2025014/298174.png?im=Scale,width=0.6,height=0.6","RK","CD_I298174",FALSE,25,"Toby","Nankervis","CD_T120",NA,85,2,0,NA,13,8,21,4,0,6,13,6,19,2,1,1,35,3,71.4,7,0,5,123,3,0,100,17.5,NA,NA,4,3,0,2,NA,NA,NA,5,329,2,5,7,7,53.8,1.6,15,0,2,68.4,5,35.4,14.3,9,1,2,21,14,2,99,0,0,0,1,1,100,19,0,0,"CD_I298174",FALSE,25,"Toby","Nankervis","home","Richmond"
"CD_M20250140101","2025-03-13T08:30:00.000+0000","CONCLUDED","Premiership","Round 1",1,"MCG","Richmond","Richmond","Carlton","Carlton",5,"https://s.afl.com.au/staticfile/AFL Tenant/AFL/Players/ChampIDImages/AFL/2025014/1006133.png?im=Scale,width=0.6,height=0.6","INT","CD_I1006133",FALSE,5,"Jack","Ross","CD_T120",NA,79,2,0,NA,14,14,28,5,0,4,11,16,27,6,0,0,0,0,82.1,1,1,0,114,4,0,66.7,20.8,NA,NA,3,2,0,3,NA,NA,NA,6,591,2,5,7,12,85.7,1,23,0,0,40.7,0,0,0,10,1,1,15,8,0,0,0,0,0,0,0,0,3,0,0,"CD_I1006133",FALSE,5,"Jack","Ross","home","Richmond"
"CD_M20250140101","2025-03-13T08:30:00.000+0000","CONCLUDED","Premiership","Round 1",1,"MCG","Richmond","Richmond","Carlton","Carlton",15,"https://s.afl.com.au/staticfile/AFL Tenant/AFL/Players/ChampIDImages/AFL/2025014/992049.png?im=Scale,width=0.6,height=0.6","HBFL","CD_I992049",FALSE,15,"Jayden","Short","CD_T120",NA,91,0,0,NA,16,3,19,5,0,4,3,10,13,3,0,0,0,3,89.5,0,0,0,85,9,0,0,7.1,NA,NA,5,1,0,0,NA,NA,NA,3,589,0,2,2,14,87.5,5.3,17,0,0,23.1,0,0,0,2,0,1,17,13,2,0,2,0,0,0,0,0,0,7,7,"CD_I992049",FALSE,15,"Jayden","Short","home","Richmond"
"CD_M20250140101","2025-03-13T08:30:00.000+0000","CONCLUDED","Premiership","Round 1",1,"MCG","Richmond","Richmond","Carlton","Carlton",40,"https://s.afl.com.au/staticfile/AFL Tenant/AFL/Players/ChampIDImages/AFL/2025014/1017114.png?im=Scale,width=0.6,height=0.6","SUB","CD_I1017114",FALSE,40,"Tyler","Sonsie","CD_T120",NA,26,0,0,NA,4,3,7,3,0,0,3,4,7,0,0,0,0,0,85.7,1,1,0,28,0,0,0,2.6,NA,NA,1,3,0,0,NA,NA,NA,1,98,0,0,0,3,75,1.3,6,0,0,42.9,0,0,0,2,0,0,7,4,0,0,0,0,0,0,0,0,0,0,0,"CD_I1017114",FALSE,40,"Tyler","Sonsie","home","Richmond"
"CD_M20250140101","2025-03-13T08:30:00.000+0000","CONCLUDED","Premiership","Round 1",1,"MCG","Richmond","Richmond","Carlton","Carlton",14,"https://s.afl.com.au/staticfile/AFL Tenant/AFL/Players/ChampIDImages/AFL/2025014/998172.png?im=Scale,width=0.6,height=0.6","RR","CD_I998172",FALSE,14,"Tim","Taranto","CD_T120",NA,88,0,0,NA,14,16,30,1,0,3,13,13,26,6,0,0,0,2,50,7,0,0,89,2,0,0,9.8,NA,NA,9,5,0,0,NA,NA,NA,2,389,3,5,8,3,21.4,0.9,15,0,0,50,0,0,0,12,0,2,17,12,1,0,0,0,0,0,0,0,20,0,0,"CD_I998172",FALSE,14,"Tim","Taranto","home","Richmond"
"CD_M20250140101","2025-03-13T08:30:00.000+0000","CONCLUDED","Premiership","Round 1",1,"MCG","Richmond","Richmond","Carlton","Carlton",31,"https://s.afl.com.au/staticfile/AFL Tenant/AFL/Players/ChampIDImages/AFL/2025014/1028521.png?im=Scale,width=0.6,height=0.6","HBFR","CD_I1028521",FALSE,31,"Luke","Trainor","CD_T120",NA,77,0,0,NA,11,4,15,5,0,2,5,10,15,2,0,0,0,3,66.7,6,1,1,62,5,0,0,4.8,NA,NA,6,4,0,0,NA,NA,NA,2,372,0,2,2,7,63.6,2.8,10,0,1,33.3,0,0,0,3,0,1,14,10,2,0,1,1,100,0,0,0,0,1,1,"CD_I1028521",FALSE,31,"Luke","Trainor","home","Richmond"
"CD_M20250140101","2025-03-13T08:30:00.000+0000","CONCLUDED","Premiership","Round 1",1,"MCG","Richmond","Richmond","Carlton","Carlton",36,"https://s.afl.com.au/staticfile/AFL Tenant/AFL/Players/ChampIDImages/AFL/2025014/1031829.png?im=Scale,width=0.6,height=0.6","WR","CD_I1031829",FALSE,36,"James","Trezise","CD_T120",NA,81,0,0,NA,8,11,19,1,0,2,6,13,19,2,0,1,0,1,78.9,4,0,0,57,2,0,0,8.1,NA,NA,6,4,0,0,NA,NA,NA,1,322,0,2,2,6,75,0.7,15,0,0,31.6,0,0,0,5,0,0,15,5,1,0,0,0,0,0,0,0,0,0,0,"CD_I1031829",FALSE,36,"James","Trezise","home","Richmond"
"CD_M20250140101","2025-03-13T08:30:00.000+0000","CONCLUDED","Premiership","Round 1",1,"MCG","Richmond","Richmond","Carlton","Carlton",1,"https://s.afl.com.au/staticfile/AFL Tenant/AFL/Players/ChampIDImages/AFL/2025014/294674.png?im=Scale,width=0.6,height=0.6","CHB","CD_I294674",FALSE,1,"Nick","Vlastuin","CD_T120",NA,87,0,0,NA,18,3,21,8,0,2,5,11,16,1,0,0,0,1,81,4,2,3,85,8,0,0,7.1,NA,NA,6,11,0,0,NA,NA,NA,0,521,0,0,0,14,77.8,6,17,0,5,31.3,0,0,0,3,0,0,8,6,1,0,0,0,0,0,0,0,0,5,5,"CD_I294674",FALSE,1,"Nick","Vlastuin","home","Richmond"
"CD_M20250140101","2025-03-13T08:30:00.000+0000","CONCLUDED","Premiership","Round 1",1,"MCG","Richmond","Richmond","Carlton","Carlton",13,"https://s.afl.com.au/staticfile/AFL Tenant/AFL/Players/ChampIDImages/AFL/2025014/296294.png?im=Scale,width=0.6,height=0.6","WL","CD_I296294",FALSE,13,"Blake","Acres","CD_T30",NA,78,1,0,NA,12,9,21,5,1,4,5,16,21,1,2,1,0,2,52.4,6,1,0,92,4,0,100,8.8,NA,NA,7,6,0,1,NA,NA,NA,4,354,0,0,0,3,25,1.3,11,0,2,23.8,0,0,0,3,0,2,13,8,0,0,0,0,0,0,0,0,0,0,0,"CD_I296294",FALSE,13,"Blake","Acres","away","Carlton"
"CD_M20250140101","2025-03-13T08:30:00.000+0000","CONCLUDED","Premiership","Round 1",1,"MCG","Richmond","Richmond","Carlton","Carlton",21,"https://s.afl.com.au/staticfile/AFL Tenant/AFL/Players/ChampIDImages/AFL/2025014/1022452.png?im=Scale,width=0.6,height=0.6","WR","CD_I1022452",FALSE,21,"Lucas","Camporeale","CD_T30",NA,86,0,0,NA,9,11,20,3,0,5,5,15,20,1,0,0,0,3,50,4,1,1,76,0,0,0,1.8,NA,NA,5,3,0,0,NA,NA,NA,1,168,0,1,1,3,33.3,0.8,10,0,0,25,0,0,0,4,2,0,13,6,3,0,0,0,0,0,0,0,0,0,0,"CD_I1022452",FALSE,21,"Lucas","Camporeale","away","Carlton"
"CD_M20250140101","2025-03-13T08:30:00.000+0000","CONCLUDED","Premiership","Round 1",1,"MCG","Richmond","Richmond","Carlton","Carlton",5,"https://s.afl.com.au/staticfile/AFL Tenant/AFL/Players/ChampIDImages/AFL/2025014/1002239.png?im=Scale,width=0.6,height=0.6","RR","CD_I1002239",FALSE,5,"Adam","Cerra","CD_T30",NA,83,0,0,NA,14,12,26,3,0,6,12,13,25,5,0,0,0,1,65.4,3,1,1,97,0,0,0,11.6,NA,NA,3,4,0,0,NA,NA,NA,5,379,0,5,5,10,71.4,1.2,17,1,0,48,0,0,0,10,0,2,29,8,0,0,0,0,0,0,0,0,13,0,0,"CD_I1002239",FALSE,5,"Adam","Cerra","away","Carlton"
"CD_M20250140101","2025-03-13T08:30:00.000+0000","CONCLUDED","Premiership","Round 1",1,"MCG","Richmond","Richmond","Carlton","Carlton",46,"https://s.afl.com.au/staticfile/AFL Tenant/AFL/Players/ChampIDImages/AFL/2025014/1008154.png?im=Scale,width=0.6,height=0.6","CHF","CD_I1008154",FALSE,46,"Matthew","Cottrell","CD_T30",NA,90,1,2,NA,7,4,11,3,0,3,6,5,11,0,1,0,0,1,54.5,1,0,0,58,0,0,33.3,7.5,NA,NA,1,1,3,3,NA,NA,NA,5,141,0,1,1,2,28.6,1.8,6,0,0,54.5,0,0,0,6,5,1,13,1,0,0,0,0,0,3,1,33.3,0,0,0,"CD_I1008154",FALSE,46,"Matthew","Cottrell","away","Carlton"
"CD_M20250140101","2025-03-13T08:30:00.000+0000","CONCLUDED","Premiership","Round 1",1,"MCG","Richmond","Richmond","Carlton","Carlton",2,"https://s.afl.com.au/staticfile/AFL Tenant/AFL/Players/ChampIDImages/AFL/2025014/1021353.png?im=Scale,width=0.6,height=0.6","HBFR","CD_I1021353",FALSE,2,"Lachlan","Cowan","CD_T30",NA,85,1,0,NA,14,4,18,5,0,4,5,13,18,4,0,0,0,3,72.2,2,0,1,84,4,0,100,10.7,NA,NA,2,6,0,1,NA,NA,NA,3,348,0,0,0,10,71.4,3.5,13,0,1,27.8,0,0,0,5,0,1,12,9,2,0,1,0,0,0,0,0,0,0,0,"CD_I1021353",FALSE,2,"Lachlan","Cowan","away","Carlton"
"CD_M20250140101","2025-03-13T08:30:00.000+0000","CONCLUDED","Premiership","Round 1",1,"MCG","Richmond","Richmond","Carlton","Carlton",9,"https://s.afl.com.au/staticfile/AFL Tenant/AFL/Players/ChampIDImages/AFL/2025014/990704.png?im=Scale,width=0.6,height=0.6","C","CD_I990704",FALSE,9,"Patrick","Cripps","CD_T30",NA,80,0,1,NA,10,22,32,2,2,5,15,13,28,3,0,1,2,1,71.9,3,2,1,102,1,2,0,13.6,NA,NA,3,1,1,2,NA,NA,NA,9,216,3,6,9,5,50,0.5,23,0,0,53.6,1,14.3,50,5,2,2,13,4,1,14,0,0,0,0,0,0,19,0,0,"CD_I990704",FALSE,9,"Patrick","Cripps","away","Carlton"
"CD_M20250140101","2025-03-13T08:30:00.000+0000","CONCLUDED","Premiership","Round 1",1,"MCG","Richmond","Richmond","Carlton","Carlton",12,"https://s.afl.com.au/staticfile/AFL Tenant/AFL/Players/ChampIDImages/AFL/2025014/1004912.png?im=Scale,width=0.6,height=0.6","RK","CD_I1004912",FALSE,12,"Tom","De Koning","CD_T30",NA,81,0,0,NA,13,15,28,3,0,5,18,9,27,7,0,1,30,2,60.7,2,4,0,132,2,0,0,23.9,NA,NA,8,5,0,0,NA,NA,NA,4,509,4,4,8,7,53.8,0.9,17,0,2,66.7,9,34.1,30,7,1,3,15,9,0,88,1,0,0,0,0,0,20,0,0,"CD_I1004912",FALSE,12,"Tom","De Koning","away","Carlton"
"CD_M20250140101","2025-03-13T08:30:00.000+0000","CONCLUDED","Premiership","Round 1",1,"MCG","Richmond","Richmond","Carlton","Carlton",15,"https://s.afl.com.au/staticfile/AFL Tenant/AFL/Players/ChampIDImages/AFL/2025014/295518.png?im=Scale,width=0.6,height=0.6","SUB","CD_I295518",FALSE,15,"Sam","Docherty","CD_T30",NA,27,0,2,NA,8,6,14,2,0,3,6,8,14,4,0,0,0,0,50,1,0,0,56,0,1,0,5,NA,NA,1,2,1,2,NA,NA,NA,4,239,1,1,2,3,37.5,1.3,7,0,0,42.9,0,0,0,6,1,0,6,3,0,0,0,0,0,0,0,0,4,0,0,"CD_I295518",FALSE,15,"Sam","Docherty","away","Carlton"
"CD_M20250140101","2025-03-13T08:30:00.000+0000","CONCLUDED","Premiership","Round 1",1,"MCG","Richmond","Richmond","Carlton","Carlton",44,"https://s.afl.com.au/staticfile/AFL Tenant/AFL/Players/ChampIDImages/AFL/2025014/1017255.png?im=Scale,width=0.6,height=0.6","FPL","CD_I1017255",FALSE,44,"Francis","Evans","CD_T30",NA,78,1,0,NA,5,2,7,2,0,1,3,3,6,2,0,0,0,1,71.4,4,0,3,26,0,0,100,5.5,NA,NA,3,1,0,1,NA,NA,NA,2,140,0,1,1,3,60,2.5,5,0,0,50,0,0,0,2,1,0,10,3,1,0,0,0,0,0,0,0,0,0,0,"CD_I1017255",FALSE,44,"Francis","Evans","away","Carlton"
"CD_M20250140101","2025-03-13T08:30:00.000+0000","CONCLUDED","Premiership","Round 1",1,"MCG","Richmond","Richmond","Carlton","Carlton",8,"https://s.afl.com.au/staticfile/AFL Tenant/AFL/Players/ChampIDImages/AFL/2025014/1002228.png?im=Scale,width=0.6,height=0.6","INT","CD_I1002228",FALSE,8,"Lachie","Fogarty","CD_T30",NA,73,0,0,NA,4,8,12,3,0,3,5,7,12,2,0,0,0,4,83.3,2,0,1,46,0,0,0,4.9,NA,NA,4,0,2,0,NA,NA,NA,2,135,0,1,1,3,75,0.5,10,0,0,41.7,0,0,0,5,1,0,7,0,3,0,0,0,0,3,1,33.3,0,0,0,"CD_I1002228",FALSE,8,"Lachie","Fogarty","away","Carlton"
"CD_M20250140101","2025-03-13T08:30:00.000+0000","CONCLUDED","Premiership","Round 1",1,"MCG","Richmond","Richmond","Carlton","Carlton",26,"https://s.afl.com.au/staticfile/AFL Tenant/AFL/Players/ChampIDImages/AFL/2025014/295265.png?im=Scale,width=0.6,height=0.6","HBFL","CD_I295265",FALSE,26,"Nick","Haynes","CD_T30",NA,82,0,0,NA,13,5,18,6,0,0,4,15,19,1,0,0,0,4,66.7,4,0,0,67,2,0,0,1.6,NA,NA,4,5,0,0,NA,NA,NA,0,286,0,0,0,9,69.2,2.6,12,0,1,21.1,0,0,0,4,0,0,3,2,3,0,1,1,100,0,0,0,0,0,0,"CD_I295265",FALSE,26,"Nick","Haynes","away","Carlton"
"CD_M20250140101","2025-03-13T08:30:00.000+0000","CONCLUDED","Premiership","Round 1",1,"MCG","Richmond","Richmond","Carlton","Carlton",29,"https://s.afl.com.au/staticfile/AFL Tenant/AFL/Players/ChampIDImages/AFL/2025014/294036.png?im=Scale,width=0.6,height=0.6","R","CD_I294036",FALSE,29,"George","Hewett","CD_T30",NA,69,0,0,NA,12,13,25,2,0,8,10,15,25,4,0,0,0,0,56,4,1,0,101,1,0,0,10.3,NA,NA,5,5,0,0,NA,NA,NA,4,333,1,2,3,7,58.3,0.9,14,1,1,40,0,0,0,8,1,2,16,9,0,0,0,0,0,0,0,0,15,0,0,"CD_I294036",FALSE,29,"George","Hewett","away","Carlton"
"CD_M20250140101","2025-03-13T08:30:00.000+0000","CONCLUDED","Premiership","Round 1",1,"MCG","Richmond","Richmond","Carlton","Carlton",4,"https://s.afl.com.au/staticfile/AFL Tenant/AFL/Players/ChampIDImages/AFL/2025014/1023495.png?im=Scale,width=0.6,height=0.6","INT","CD_I1023495",FALSE,4,"Oliver","Hollands","CD_T30",NA,85,0,0,NA,14,5,19,4,0,2,5,13,18,2,0,0,0,1,73.7,2,0,0,72,3,0,0,8.7,NA,NA,1,2,0,0,NA,NA,NA,3,400,0,1,1,9,64.3,2.8,14,0,1,27.8,0,0,0,5,0,1,19,11,1,0,0,0,0,0,0,0,0,1,1,"CD_I1023495",FALSE,4,"Oliver","Hollands","away","Carlton"
"CD_M20250140101","2025-03-13T08:30:00.000+0000","CONCLUDED","Premiership","Round 1",1,"MCG","Richmond","Richmond","Carlton","Carlton",17,"https://s.afl.com.au/staticfile/AFL Tenant/AFL/Players/ChampIDImages/AFL/2025014/1009241.png?im=Scale,width=0.6,height=0.6","HFFR","CD_I1009241",FALSE,17,"Brodie","Kemp","CD_T30",NA,83,1,2,NA,6,2,8,2,0,0,5,2,7,1,0,1,0,0,62.5,1,2,1,35,0,1,33.3,4.3,NA,NA,1,0,0,3,NA,NA,NA,6,102,0,0,0,3,50,3,5,0,0,71.4,0,0,0,2,2,0,8,2,0,0,0,0,0,2,0,0,0,0,0,"CD_I1009241",FALSE,17,"Brodie","Kemp","away","Carlton"
"CD_M20250140101","2025-03-13T08:30:00.000+0000","CONCLUDED","Premiership","Round 1",1,"MCG","Richmond","Richmond","Carlton","Carlton",36,"https://s.afl.com.au/staticfile/AFL Tenant/AFL/Players/ChampIDImages/AFL/2025014/1032108.png?im=Scale,width=0.6,height=0.6","INT","CD_I1032108",FALSE,36,"Cooper","Lord","CD_T30",NA,56,0,0,NA,8,6,14,3,0,6,7,8,15,3,1,0,0,0,57.1,1,1,0,70,0,0,0,4.7,NA,NA,1,2,1,1,NA,NA,NA,1,178,0,1,1,3,37.5,1.3,8,0,0,46.7,0,0,0,6,0,0,16,3,0,0,0,0,0,0,0,0,7,0,0,"CD_I1032108",FALSE,36,"Cooper","Lord","away","Carlton"
"CD_M20250140101","2025-03-13T08:30:00.000+0000","CONCLUDED","Premiership","Round 1",1,"MCG","Richmond","Richmond","Carlton","Carlton",11,"https://s.afl.com.au/staticfile/AFL Tenant/AFL/Players/ChampIDImages/AFL/2025014/297255.png?im=Scale,width=0.6,height=0.6","BPR","CD_I297255",FALSE,11,"Mitch","McGovern","CD_T30",NA,81,0,0,NA,11,3,14,4,0,1,3,11,14,2,0,0,0,4,64.3,6,0,1,52,4,0,0,7.2,NA,NA,5,8,0,0,NA,NA,NA,2,357,0,0,0,6,54.5,3.7,9,0,3,21.4,0,0,0,2,0,2,4,3,3,0,0,0,0,0,0,0,0,1,1,"CD_I297255",FALSE,11,"Mitch","McGovern","away","Carlton"
"CD_M20250140101","2025-03-13T08:30:00.000+0000","CONCLUDED","Premiership","Round 1",1,"MCG","Richmond","Richmond","Carlton","Carlton",10,"https://s.afl.com.au/staticfile/AFL Tenant/AFL/Players/ChampIDImages/AFL/2025014/1000953.png?im=Scale,width=0.6,height=0.6","FPR","CD_I1000953",FALSE,10,"Harry","McKay","CD_T30",NA,96,1,1,NA,9,5,14,7,0,1,7,7,14,4,3,2,2,2,71.4,3,0,2,65,0,0,33.3,8.8,NA,NA,3,1,0,3,NA,NA,NA,5,297,1,1,2,5,55.6,1.8,10,3,0,50,1,18.2,50,4,0,1,5,2,2,11,0,0,0,6,1,16.7,3,0,0,"CD_I1000953",FALSE,10,"Harry","McKay","away","Carlton"
"CD_M20250140101","2025-03-13T08:30:00.000+0000","CONCLUDED","Premiership","Round 1",1,"MCG","Richmond","Richmond","Carlton","Carlton",3,"https://s.afl.com.au/staticfile/AFL Tenant/AFL/Players/ChampIDImages/AFL/2025014/1017700.png?im=Scale,width=0.6,height=0.6","INT","CD_I1017700",FALSE,3,"Jesse","Motlop","CD_T30",NA,75,0,2,NA,7,3,10,2,0,2,7,3,10,4,1,0,0,0,50,4,2,2,39,0,1,0,5.8,NA,NA,4,1,0,2,NA,NA,NA,4,185,1,0,1,2,28.6,2.3,5,1,0,70,0,0,0,4,3,0,11,5,0,0,0,0,0,1,1,100,3,0,0,"CD_I1017700",FALSE,3,"Jesse","Motlop","away","Carlton"
"CD_M20250140101","2025-03-13T08:30:00.000+0000","CONCLUDED","Premiership","Round 1",1,"MCG","Richmond","Richmond","Carlton","Carlton",42,"https://s.afl.com.au/staticfile/AFL Tenant/AFL/Players/ChampIDImages/AFL/2025014/295461.png?im=Scale,width=0.6,height=0.6","CHB","CD_I295461",FALSE,42,"Adam","Saad","CD_T30",NA,82,0,0,NA,15,6,21,3,7,1,9,9,18,3,0,0,0,1,85.7,3,2,0,72,3,0,0,15.1,NA,NA,3,9,0,0,NA,NA,NA,4,414,0,1,1,12,80,2.5,18,0,0,50,0,0,0,6,0,1,14,11,1,0,1,0,0,0,0,0,0,2,2,"CD_I295461",FALSE,42,"Adam","Saad","away","Carlton"
"CD_M20250140101","2025-03-13T08:30:00.000+0000","CONCLUDED","Premiership","Round 1",1,"MCG","Richmond","Richmond","Carlton","Carlton",1,"https://s.afl.com.au/staticfile/AFL Tenant/AFL/Players/ChampIDImages/AFL/2025014/1001028.png?im=Scale,width=0.6,height=0.6","BPL","CD_I1001028",FALSE,1,"Jack","Silvagni","CD_T30",NA,89,1,1,NA,14,2,16,8,0,4,5,10,15,2,1,2,0,9,68.8,1,0,0,93,2,0,50,15.6,NA,NA,2,4,0,2,NA,NA,NA,6,296,0,0,0,9,64.3,7,11,0,1,33.3,0,0,0,3,2,2,11,8,8,0,1,0,0,0,0,0,0,0,0,"CD_I1001028",FALSE,1,"Jack","Silvagni","away","Carlton"
"CD_M20250140101","2025-03-13T08:30:00.000+0000","CONCLUDED","Premiership","Round 1",1,"MCG","Richmond","Richmond","Carlton","Carlton",18,"https://s.afl.com.au/staticfile/AFL Tenant/AFL/Players/ChampIDImages/AFL/2025014/1006094.png?im=Scale,width=0.6,height=0.6","HFFL","CD_I1006094",FALSE,18,"Sam","Walsh","CD_T30",NA,81,1,0,NA,7,18,25,1,0,5,12,13,25,3,0,0,0,0,60,5,1,1,84,0,0,100,13.4,NA,NA,4,3,1,1,NA,NA,NA,5,246,0,2,2,4,57.1,0.4,15,0,0,48,0,0,0,11,3,1,16,4,0,0,0,0,0,0,0,0,9,0,0,"CD_I1006094",FALSE,18,"Sam","Walsh","away","Carlton"
"CD_M20250140101","2025-03-13T08:30:00.000+0000","CONCLUDED","Premiership","Round 1",1,"MCG","Richmond","Richmond","Carlton","Carlton",23,"https://s.afl.com.au/staticfile/AFL Tenant/AFL/Players/ChampIDImages/AFL/2025014/993832.png?im=Scale,width=0.6,height=0.6","FB","CD_I993832",FALSE,23,"Jacob","Weitering","CD_T30",NA,97,0,0,NA,13,8,21,11,0,0,8,13,21,3,0,3,1,5,81,3,0,1,86,1,0,0,17.3,NA,NA,0,14,0,0,NA,NA,NA,2,249,0,0,0,9,69.2,1.6,17,0,8,38.1,0,100,0,5,0,2,4,4,3,1,1,0,0,0,0,0,0,0,0,"CD_I993832",FALSE,23,"Jacob","Weitering","away","Carlton"
"CD_M20250140101","2025-03-13T08:30:00.000+0000","CONCLUDED","Premiership","Round 1",1,"MCG","Richmond","Richmond","Carlton","Carlton",6,"https://s.afl.com.au/staticfile/AFL Tenant/AFL/Players/ChampIDImages/AFL/2025014/294685.png?im=Scale,width=0.6,height=0.6","FF","CD_I294685",FALSE,6,"Zac","Williams","CD_T30",NA,65,1,1,NA,6,4,10,4,0,1,2,7,9,4,1,0,0,1,60,0,0,0,49,0,1,33.3,7.3,NA,NA,1,0,1,3,NA,NA,NA,6,282,0,0,0,3,50,1.5,6,2,0,22.2,0,0,0,2,1,0,9,3,1,0,0,0,0,1,1,100,3,0,0,"CD_I294685",FALSE,6,"Zac","Williams","away","Carlton"
"CD_M20250140102","2025-03-14T08:40:00.000+0000","CONCLUDED","Premiership","Round 1",1,"MCG","Hawthorn","Hawthorn","Essendon","Essendon",10,"https://s.afl.com.au/staticfile/AFL Tenant/AFL/Players/ChampIDImages/AFL/2025014/297354.png?im=Scale,width=0.6,height=0.6","R","CD_I297354",FALSE,10,"Karl","Amon","CD_T80",NA,84,0,0,NA,21,7,28,10,1,2,3,21,24,7,0,0,0,2,92.9,3,2,2,111,5,2,0,11.3,NA,NA,5,1,0,0,NA,NA,NA,7,643,0,1,1,19,90.5,3,26,0,0,12.5,0,0,0,1,0,1,8,4,1,0,0,0,0,0,0,0,0,4,4,"CD_I297354",FALSE,10,"Karl","Amon","home","Hawthorn"
"CD_M20250140102","2025-03-14T08:40:00.000+0000","CONCLUDED","Premiership","Round 1",1,"MCG","Hawthorn","Hawthorn","Essendon","Essendon",37,"https://s.afl.com.au/staticfile/AFL Tenant/AFL/Players/ChampIDImages/AFL/2025014/990290.png?im=Scale,width=0.6,height=0.6","BPL","CD_I990290",FALSE,37,"Tom","Barrass","CD_T80",NA,87,0,0,NA,8,4,12,3,0,3,5,7,12,1,0,1,0,5,91.7,1,1,0,54,3,0,0,12.6,NA,NA,3,8,0,0,NA,NA,NA,1,183,0,0,0,7,87.5,2,11,0,0,41.7,0,0,0,3,0,1,5,5,5,0,1,0,0,0,0,0,0,0,0,"CD_I990290",FALSE,37,"Tom","Barrass","home","Hawthorn"
"CD_M20250140102","2025-03-14T08:40:00.000+0000","CONCLUDED","Premiership","Round 1",1,"MCG","Hawthorn","Hawthorn","Essendon","Essendon",24,"https://s.afl.com.au/staticfile/AFL Tenant/AFL/Players/ChampIDImages/AFL/2025014/998134.png?im=Scale,width=0.6,height=0.6","HBFR","CD_I998134",FALSE,24,"Josh","Battle","CD_T80",NA,89,0,0,NA,14,5,19,6,2,3,1,13,14,1,0,0,0,4,73.7,3,0,0,82,10,0,0,4.9,NA,NA,4,5,1,1,NA,NA,NA,3,400,0,0,0,11,78.6,2.8,14,1,2,7.1,0,0,0,0,0,1,11,8,3,0,2,0,0,0,0,0,0,3,3,"CD_I998134",FALSE,24,"Josh","Battle","home","Hawthorn"
"CD_M20250140102","2025-03-14T08:40:00.000+0000","CONCLUDED","Premiership","Round 1",1,"MCG","Hawthorn","Hawthorn","Essendon","Essendon",18,"https://s.afl.com.au/staticfile/AFL Tenant/AFL/Players/ChampIDImages/AFL/2025014/994077.png?im=Scale,width=0.6,height=0.6","FF","CD_I994077",FALSE,18,"Mabior","Chol","CD_T80",NA,80,2,2,NA,8,0,8,6,0,1,4,3,7,1,3,3,1,0,75,1,0,0,61,0,1,50,10.3,NA,NA,0,0,0,4,NA,NA,NA,5,248,1,0,1,6,75,8,6,3,0,57.1,0,33.3,0,1,1,0,7,0,0,3,0,0,0,1,1,100,3,0,0,"CD_I994077",FALSE,18,"Mabior","Chol","home","Hawthorn"
"CD_M20250140102","2025-03-14T08:40:00.000+0000","CONCLUDED","Premiership","Round 1",1,"MCG","Hawthorn","Hawthorn","Essendon","Essendon",16,"https://s.afl.com.au/staticfile/AFL Tenant/AFL/Players/ChampIDImages/AFL/2025014/1005144.png?im=Scale,width=0.6,height=0.6","BPR","CD_I1005144",FALSE,16,"Massimo","D'Ambrosio","CD_T80",NA,66,1,0,NA,6,3,9,3,0,2,5,6,11,0,0,0,0,1,88.9,2,1,1,45,1,0,100,8.7,NA,NA,4,1,0,1,NA,NA,NA,3,105,1,0,1,5,83.3,2,8,0,0,45.5,0,0,0,4,0,1,9,7,1,0,0,0,0,0,0,0,0,0,0,"CD_I1005144",FALSE,16,"Massimo","D'Ambrosio","home","Hawthorn"
"CD_M20250140102","2025-03-14T08:40:00.000+0000","CONCLUDED","Premiership","Round 1",1,"MCG","Hawthorn","Hawthorn","Essendon","Essendon",12,"https://s.afl.com.au/staticfile/AFL Tenant/AFL/Players/ChampIDImages/AFL/2025014/1008550.png?im=Scale,width=0.6,height=0.6","FPR","CD_I1008550",FALSE,12,"Will","Day","CD_T80",NA,81,1,1,NA,9,7,16,5,0,4,7,7,14,2,1,1,0,4,75,3,1,1,77,0,0,50,11.7,NA,NA,1,2,0,2,NA,NA,NA,5,214,2,0,2,5,55.6,1.3,12,0,2,50,0,0,0,3,0,2,17,14,4,0,0,0,0,1,1,100,24,0,0,"CD_I1008550",FALSE,12,"Will","Day","home","Hawthorn"
"CD_M20250140102","2025-03-14T08:40:00.000+0000","CONCLUDED","Premiership","Round 1",1,"MCG","Hawthorn","Hawthorn","Essendon","Essendon",8,"https://s.afl.com.au/staticfile/AFL Tenant/AFL/Players/ChampIDImages/AFL/2025014/293738.png?im=Scale,width=0.6,height=0.6","SUB","CD_I293738",FALSE,8,"Sam","Frost","CD_T80",NA,49,0,0,NA,4,1,5,0,0,2,4,1,5,0,0,0,0,1,80,4,1,2,17,3,0,0,2.6,NA,NA,3,4,0,0,NA,NA,NA,0,106,0,1,1,3,75,4,4,0,0,80,0,0,0,4,0,0,4,4,1,0,2,1,50,0,0,0,0,0,0,"CD_I293738",FALSE,8,"Sam","Frost","home","Hawthorn"
"CD_M20250140102","2025-03-14T08:40:00.000+0000","CONCLUDED","Premiership","Round 1",1,"MCG","Hawthorn","Hawthorn","Essendon","Essendon",33,"https://s.afl.com.au/staticfile/AFL Tenant/AFL/Players/ChampIDImages/AFL/2025014/1012857.png?im=Scale,width=0.6,height=0.6","FPL","CD_I1012857",FALSE,33,"Jack","Ginnivan","CD_T80",NA,83,2,1,NA,10,5,15,4,0,1,4,10,14,3,2,1,0,0,53.3,1,1,0,70,0,0,66.7,6.7,NA,NA,3,2,0,3,NA,NA,NA,6,261,0,1,1,4,40,2,8,0,0,28.6,0,0,0,2,2,1,16,3,0,0,0,0,0,2,1,50,0,0,0,"CD_I1012857",FALSE,33,"Jack","Ginnivan","home","Hawthorn"
"CD_M20250140102","2025-03-14T08:40:00.000+0000","CONCLUDED","Premiership","Round 1",1,"MCG","Hawthorn","Hawthorn","Essendon","Essendon",15,"https://s.afl.com.au/staticfile/AFL Tenant/AFL/Players/ChampIDImages/AFL/2025014/993794.png?im=Scale,width=0.6,height=0.6","FB","CD_I993794",FALSE,15,"Blake","Hardwick","CD_T80",NA,94,2,0,NA,8,5,13,5,0,2,3,9,12,2,1,0,0,4,76.9,0,0,0,69,1,0,100,15,NA,NA,3,1,0,2,NA,NA,NA,3,312,0,0,0,6,75,1.6,10,2,0,25,0,0,0,3,1,0,7,3,4,0,0,0,0,0,0,0,0,1,1,"CD_I993794",FALSE,15,"Blake","Hardwick","home","Hawthorn"
"CD_M20250140102","2025-03-14T08:40:00.000+0000","CONCLUDED","Premiership","Round 1",1,"MCG","Hawthorn","Hawthorn","Essendon","Essendon",4,"https://s.afl.com.au/staticfile/AFL Tenant/AFL/Players/ChampIDImages/AFL/2025014/296254.png?im=Scale,width=0.6,height=0.6","CHB","CD_I296254",FALSE,4,"Jarman","Impey","CD_T80",NA,78,0,0,NA,9,2,11,4,0,5,2,8,10,3,0,0,0,3,100,1,1,0,64,1,1,0,6.4,NA,NA,2,2,0,0,NA,NA,NA,3,246,0,1,1,9,100,4.5,11,0,0,20,0,0,0,1,0,0,17,11,3,0,1,0,0,0,0,0,0,0,0,"CD_I296254",FALSE,4,"Jarman","Impey","home","Hawthorn"
"CD_M20250140102","2025-03-14T08:40:00.000+0000","CONCLUDED","Premiership","Round 1",1,"MCG","Hawthorn","Hawthorn","Essendon","Essendon",31,"https://s.afl.com.au/staticfile/AFL Tenant/AFL/Players/ChampIDImages/AFL/2025014/1017094.png?im=Scale,width=0.6,height=0.6","HFFL","CD_I1017094",FALSE,31,"Connor","Macdonald","CD_T80",NA,81,1,0,NA,13,10,23,8,0,1,9,16,25,5,2,0,0,1,82.6,0,1,0,94,0,2,50,15.8,NA,NA,1,4,0,2,NA,NA,NA,7,281,0,1,1,11,84.6,1.3,19,0,0,36,0,0,0,7,4,1,15,7,0,0,0,0,0,1,0,0,0,0,0,"CD_I1017094",FALSE,31,"Connor","Macdonald","home","Hawthorn"
"CD_M20250140102","2025-03-14T08:40:00.000+0000","CONCLUDED","Premiership","Round 1",1,"MCG","Hawthorn","Hawthorn","Essendon","Essendon",28,"https://s.afl.com.au/staticfile/AFL Tenant/AFL/Players/ChampIDImages/AFL/2025014/1023482.png?im=Scale,width=0.6,height=0.6","INT","CD_I1023482",FALSE,28,"Cam","Mackenzie","CD_T80",NA,73,0,0,NA,9,12,21,2,0,3,9,12,21,2,0,0,0,1,61.9,2,2,1,68,1,0,0,7.8,NA,NA,2,2,1,0,NA,NA,NA,5,173,2,2,4,6,66.7,0.8,13,0,0,42.9,0,0,0,6,1,3,17,13,0,0,0,0,0,0,0,0,23,0,0,"CD_I1023482",FALSE,28,"Cam","Mackenzie","home","Hawthorn"
"CD_M20250140102","2025-03-14T08:40:00.000+0000","CONCLUDED","Premiership","Round 1",1,"MCG","Hawthorn","Hawthorn","Essendon","Essendon",20,"https://s.afl.com.au/staticfile/AFL Tenant/AFL/Players/ChampIDImages/AFL/2025014/1009421.png?im=Scale,width=0.6,height=0.6","INT","CD_I1009421",FALSE,20,"Finn","Maginness","CD_T80",NA,76,1,0,NA,6,9,15,6,0,1,9,6,15,2,1,2,0,1,73.3,1,0,0,64,1,0,100,11.3,NA,NA,3,3,0,1,NA,NA,NA,3,260,1,0,1,5,83.3,0.7,11,0,0,60,0,0,0,7,1,0,11,2,0,0,0,0,0,3,1,33.3,0,0,0,"CD_I1009421",FALSE,20,"Finn","Maginness","home","Hawthorn"
"CD_M20250140102","2025-03-14T08:40:00.000+0000","CONCLUDED","Premiership","Round 1",1,"MCG","Hawthorn","Hawthorn","Essendon","Essendon",17,"https://s.afl.com.au/staticfile/AFL Tenant/AFL/Players/ChampIDImages/AFL/2025014/1000980.png?im=Scale,width=0.6,height=0.6","RK","CD_I1000980",FALSE,17,"Lloyd","Meek","CD_T80",NA,86,0,0,NA,3,8,11,1,0,2,9,3,12,0,0,0,33,1,36.4,5,0,2,63,0,0,0,14.1,NA,NA,2,2,0,0,NA,NA,NA,6,39,1,1,2,1,33.3,0.4,4,0,0,75,13,35.9,39.4,7,1,6,10,6,1,92,0,0,0,1,0,0,30,0,0,"CD_I1000980",FALSE,17,"Lloyd","Meek","home","Hawthorn"
"CD_M20250140102","2025-03-14T08:40:00.000+0000","CONCLUDED","Premiership","Round 1",1,"MCG","Hawthorn","Hawthorn","Essendon","Essendon",13,"https://s.afl.com.au/staticfile/AFL Tenant/AFL/Players/ChampIDImages/AFL/2025014/1006314.png?im=Scale,width=0.6,height=0.6","WL","CD_I1006314",FALSE,13,"Dylan","Moore","CD_T80",NA,94,3,1,NA,17,4,21,6,0,0,5,15,20,1,2,0,0,0,85.7,2,4,1,97,0,0,60,13.8,NA,NA,2,1,0,5,NA,NA,NA,5,219,0,1,1,14,82.4,4.3,18,1,0,25,0,0,0,4,3,1,9,4,0,0,0,0,0,2,0,0,3,0,0,"CD_I1006314",FALSE,13,"Dylan","Moore","home","Hawthorn"
"CD_M20250140102","2025-03-14T08:40:00.000+0000","CONCLUDED","Premiership","Round 1",1,"MCG","Hawthorn","Hawthorn","Essendon","Essendon",1,"https://s.afl.com.au/staticfile/AFL Tenant/AFL/Players/ChampIDImages/AFL/2025014/1000963.png?im=Scale,width=0.6,height=0.6","CHF","CD_I1000963",FALSE,1,"Harry","Morrison","CD_T80",NA,84,0,0,NA,10,4,14,9,0,3,4,11,15,0,0,0,0,2,100,3,2,2,73,3,0,0,8.2,NA,NA,2,5,1,0,NA,NA,NA,2,151,0,0,0,10,100,2.5,14,0,1,26.7,0,0,0,2,1,1,25,14,1,0,0,0,0,0,0,0,0,0,0,"CD_I1000963",FALSE,1,"Harry","Morrison","home","Hawthorn"
"CD_M20250140102","2025-03-14T08:40:00.000+0000","CONCLUDED","Premiership","Round 1",1,"MCG","Hawthorn","Hawthorn","Essendon","Essendon",11,"https://s.afl.com.au/staticfile/AFL Tenant/AFL/Players/ChampIDImages/AFL/2025014/1007124.png?im=Scale,width=0.6,height=0.6","C","CD_I1007124",FALSE,11,"Conor","Nash","CD_T80",NA,75,0,0,NA,9,13,22,4,0,10,8,13,21,2,0,0,0,0,68.2,4,0,1,102,1,0,0,8,NA,NA,5,1,1,0,NA,NA,NA,4,261,1,2,3,6,66.7,0.7,15,0,0,38.1,0,0,0,5,1,0,23,13,0,7,0,0,0,0,0,0,21,0,0,"CD_I1007124",FALSE,11,"Conor","Nash","home","Hawthorn"
"CD_M20250140102","2025-03-14T08:40:00.000+0000","CONCLUDED","Premiership","Round 1",1,"MCG","Hawthorn","Hawthorn","Essendon","Essendon",3,"https://s.afl.com.au/staticfile/AFL Tenant/AFL/Players/ChampIDImages/AFL/2025014/1020895.png?im=Scale,width=0.6,height=0.6","RR","CD_I1020895",FALSE,3,"Jai","Newcombe","CD_T80",NA,83,0,2,NA,20,5,25,3,0,3,12,13,25,8,1,0,0,0,52,5,1,2,88,1,2,0,5.8,NA,NA,5,1,1,2,NA,NA,NA,6,449,5,2,7,10,50,4,13,0,0,48,0,0,0,7,1,1,20,8,0,0,0,0,0,1,0,0,26,0,0,"CD_I1020895",FALSE,3,"Jai","Newcombe","home","Hawthorn"
"CD_M20250140102","2025-03-14T08:40:00.000+0000","CONCLUDED","Premiership","Round 1",1,"MCG","Hawthorn","Hawthorn","Essendon","Essendon",14,"https://s.afl.com.au/staticfile/AFL Tenant/AFL/Players/ChampIDImages/AFL/2025014/998114.png?im=Scale,width=0.6,height=0.6","INT","CD_I998114",FALSE,14,"Jack","Scrimshaw","CD_T80",NA,27,0,0,NA,1,3,4,1,0,1,1,3,4,0,0,0,0,1,75,1,0,1,13,0,0,0,0.2,NA,NA,0,1,0,0,NA,NA,NA,2,-24,0,0,0,1,100,0.3,3,0,0,25,0,0,0,1,0,1,6,4,1,0,0,0,0,0,0,0,0,0,0,"CD_I998114",FALSE,14,"Jack","Scrimshaw","home","Hawthorn"
"CD_M20250140102","2025-03-14T08:40:00.000+0000","CONCLUDED","Premiership","Round 1",1,"MCG","Hawthorn","Hawthorn","Essendon","Essendon",6,"https://s.afl.com.au/staticfile/AFL Tenant/AFL/Players/ChampIDImages/AFL/2025014/297566.png?im=Scale,width=0.6,height=0.6","WR","CD_I297566",FALSE,6,"James","Sicily","CD_T80",NA,96,0,0,NA,18,6,24,7,0,0,4,15,19,1,0,0,0,5,91.7,1,1,0,88,10,0,0,15.9,NA,NA,3,7,0,0,NA,NA,NA,5,620,0,1,1,16,88.9,3,22,0,3,21.1,0,0,0,4,0,3,8,8,3,0,2,1,50,0,0,0,0,5,5,"CD_I297566",FALSE,6,"James","Sicily","home","Hawthorn"
"CD_M20250140102","2025-03-14T08:40:00.000+0000","CONCLUDED","Premiership","Round 1",1,"MCG","Hawthorn","Hawthorn","Essendon","Essendon",25,"https://s.afl.com.au/staticfile/AFL Tenant/AFL/Players/ChampIDImages/AFL/2025014/1017110.png?im=Scale,width=0.6,height=0.6","INT","CD_I1017110",FALSE,25,"Josh","Ward","CD_T80",NA,81,0,1,NA,16,6,22,5,0,3,9,12,21,4,0,0,0,0,72.7,2,0,0,88,4,0,0,15.9,NA,NA,4,7,0,1,NA,NA,NA,5,536,1,2,3,11,68.8,2.7,16,0,1,42.9,0,0,0,8,1,0,12,8,0,0,0,0,0,0,0,0,2,0,0,"CD_I1017110",FALSE,25,"Josh","Ward","home","Hawthorn"
"CD_M20250140102","2025-03-14T08:40:00.000+0000","CONCLUDED","Premiership","Round 1",1,"MCG","Hawthorn","Hawthorn","Essendon","Essendon",34,"https://s.afl.com.au/staticfile/AFL Tenant/AFL/Players/ChampIDImages/AFL/2025014/1023473.png?im=Scale,width=0.6,height=0.6","HFFR","CD_I1023473",FALSE,34,"Nick","Watson","CD_T80",NA,74,3,0,NA,8,5,13,3,0,2,5,8,13,2,2,0,0,1,92.3,1,3,1,69,0,2,100,14.8,NA,NA,1,1,2,3,NA,NA,NA,5,243,0,0,0,7,87.5,1.6,12,1,0,38.5,0,0,0,3,0,1,9,0,1,0,0,0,0,1,0,0,0,0,0,"CD_I1023473",FALSE,34,"Nick","Watson","home","Hawthorn"
"CD_M20250140102","2025-03-14T08:40:00.000+0000","CONCLUDED","Premiership","Round 1",1,"MCG","Hawthorn","Hawthorn","Essendon","Essendon",23,"https://s.afl.com.au/staticfile/AFL Tenant/AFL/Players/ChampIDImages/AFL/2025014/1027935.png?im=Scale,width=0.6,height=0.6","HBFL","CD_I1027935",FALSE,23,"Josh","Weddle","CD_T80",NA,79,1,0,NA,3,3,6,2,2,4,4,3,7,1,1,2,0,4,100,0,1,0,44,1,0,100,11.3,NA,NA,1,3,1,1,NA,NA,NA,3,103,0,0,0,3,100,1,6,0,1,57.1,0,0,0,1,1,1,10,9,3,1,2,1,50,0,0,0,0,0,0,"CD_I1027935",FALSE,23,"Josh","Weddle","home","Hawthorn"
"CD_M20250140102","2025-03-14T08:40:00.000+0000","CONCLUDED","Premiership","Round 1",1,"MCG","Hawthorn","Hawthorn","Essendon","Essendon",24,"https://s.afl.com.au/staticfile/AFL Tenant/AFL/Players/ChampIDImages/AFL/2025014/1011954.png?im=Scale,width=0.6,height=0.6","INT","CD_I1011954",FALSE,24,"Nick","Bryan","CD_T50",NA,63,0,0,NA,8,2,10,4,0,3,2,7,9,2,0,0,29,2,70,0,0,0,81,1,0,0,11.9,NA,NA,1,1,1,0,NA,NA,NA,4,179,1,1,2,5,62.5,4,7,0,1,22.2,9,60.4,31,1,0,2,6,4,2,48,0,0,0,0,0,0,21,0,0,"CD_I1011954",FALSE,24,"Nick","Bryan","away","Essendon"
"CD_M20250140102","2025-03-14T08:40:00.000+0000","CONCLUDED","Premiership","Round 1",1,"MCG","Hawthorn","Hawthorn","Essendon","Essendon",30,"https://s.afl.com.au/staticfile/AFL Tenant/AFL/Players/ChampIDImages/AFL/2025014/1027899.png?im=Scale,width=0.6,height=0.6","HFFL","CD_I1027899",FALSE,30,"Nate","Caddy","CD_T50",NA,85,0,1,NA,9,3,12,5,0,2,8,3,11,5,0,4,0,0,25,4,0,0,57,0,1,0,5.5,NA,NA,5,1,1,2,NA,NA,NA,3,315,0,1,1,1,11.1,3,3,0,0,72.7,0,0,0,4,1,1,10,1,0,0,0,0,0,0,0,0,0,0,0,"CD_I1027899",FALSE,30,"Nate","Caddy","away","Essendon"
"CD_M20250140102","2025-03-14T08:40:00.000+0000","CONCLUDED","Premiership","Round 1",1,"MCG","Hawthorn","Hawthorn","Essendon","Essendon",6,"https://s.afl.com.au/staticfile/AFL Tenant/AFL/Players/ChampIDImages/AFL/2025014/1006103.png?im=Scale,width=0.6,height=0.6","C","CD_I1006103",FALSE,6,"Jye","Caldwell","CD_T50",NA,75,1,1,NA,18,18,36,4,0,11,17,17,34,7,0,0,0,1,61.1,7,2,3,146,0,0,33.3,15.9,NA,NA,6,3,1,3,NA,NA,NA,11,476,5,5,10,9,50,1,22,0,0,50,0,0,0,12,2,4,27,11,1,0,0,0,0,0,0,0,22,0,0,"CD_I1006103",FALSE,6,"Jye","Caldwell","away","Essendon"
"CD_M20250140102","2025-03-14T08:40:00.000+0000","CONCLUDED","Premiership","Round 1",1,"MCG","Hawthorn","Hawthorn","Essendon","Essendon",2,"https://s.afl.com.au/staticfile/AFL Tenant/AFL/Players/ChampIDImages/AFL/2025014/1005577.png?im=Scale,width=0.6,height=0.6","FF","CD_I1005577",FALSE,2,"Sam","Draper","CD_T50",NA,82,1,2,NA,9,3,12,2,0,5,14,4,18,4,1,1,25,5,50,5,2,2,88,1,0,25,15.4,NA,NA,3,3,2,4,NA,NA,NA,6,293,0,5,5,3,33.3,3,6,0,1,77.8,7,45.5,28,4,1,4,10,5,2,55,1,0,0,3,0,0,12,0,0,"CD_I1005577",FALSE,2,"Sam","Draper","away","Essendon"
"CD_M20250140102","2025-03-14T08:40:00.000+0000","CONCLUDED","Premiership","Round 1",1,"MCG","Hawthorn","Hawthorn","Essendon","Essendon",22,"https://s.afl.com.au/staticfile/AFL Tenant/AFL/Players/ChampIDImages/AFL/2025014/1015810.png?im=Scale,width=0.6,height=0.6","RR","CD_I1015810",FALSE,22,"Sam","Durham","CD_T50",NA,83,0,0,NA,8,15,23,3,0,4,17,10,27,4,0,1,0,1,73.9,4,2,2,75,1,2,0,10.4,NA,NA,1,3,1,0,NA,NA,NA,4,210,1,3,4,6,75,0.5,17,0,0,63,0,0,0,10,1,0,15,10,0,0,0,0,0,0,0,0,18,0,0,"CD_I1015810",FALSE,22,"Sam","Durham","away","Essendon"
"CD_M20250140102","2025-03-14T08:40:00.000+0000","CONCLUDED","Premiership","Round 1",1,"MCG","Hawthorn","Hawthorn","Essendon","Essendon",28,"https://s.afl.com.au/staticfile/AFL Tenant/AFL/Players/ChampIDImages/AFL/2025014/1006096.png?im=Scale,width=0.6,height=0.6","INT","CD_I1006096",FALSE,28,"Xavier","Duursma","CD_T50",NA,83,2,0,NA,10,9,19,4,0,7,8,12,20,3,1,0,0,3,84.2,0,3,0,103,0,1,100,13,NA,NA,1,5,2,2,NA,NA,NA,5,167,1,0,1,8,80,1.1,16,0,0,40,0,0,0,5,1,0,14,7,2,0,0,0,0,0,0,0,1,0,0,"CD_I1006096",FALSE,28,"Xavier","Duursma","away","Essendon"
"CD_M20250140102","2025-03-14T08:40:00.000+0000","CONCLUDED","Premiership","Round 1",1,"MCG","Hawthorn","Hawthorn","Essendon","Essendon",11,"https://s.afl.com.au/staticfile/AFL Tenant/AFL/Players/ChampIDImages/AFL/2025014/298421.png?im=Scale,width=0.6,height=0.6","SUB","CD_I298421",FALSE,11,"Jade","Gresham","CD_T50",NA,50,1,0,NA,7,5,12,2,0,1,6,6,12,1,0,0,0,1,75,1,0,1,44,0,0,100,13,NA,NA,0,1,1,1,NA,NA,NA,4,162,0,1,1,4,57.1,1.4,9,0,0,50,0,0,0,6,3,1,4,0,1,0,0,0,0,2,1,50,0,0,0,"CD_I298421",FALSE,11,"Jade","Gresham","away","Essendon"
"CD_M20250140102","2025-03-14T08:40:00.000+0000","CONCLUDED","Premiership","Round 1",1,"MCG","Hawthorn","Hawthorn","Essendon","Essendon",8,"https://s.afl.com.au/staticfile/AFL Tenant/AFL/Players/ChampIDImages/AFL/2025014/1017088.png?im=Scale,width=0.6,height=0.6","INT","CD_I1017088",FALSE,8,"Ben","Hobbs","CD_T50",NA,64,0,0,NA,3,10,13,1,0,7,5,9,14,0,1,0,0,0,84.6,2,0,1,57,0,2,0,8,NA,NA,1,0,5,0,NA,NA,NA,5,60,1,0,1,1,33.3,0.3,11,1,0,35.7,0,0,0,5,2,0,17,4,0,0,1,0,0,1,0,0,3,0,0,"CD_I1017088",FALSE,8,"Ben","Hobbs","away","Essendon"
"CD_M20250140102","2025-03-14T08:40:00.000+0000","CONCLUDED","Premiership","Round 1",1,"MCG","Hawthorn","Hawthorn","Essendon","Essendon",23,"https://s.afl.com.au/staticfile/AFL Tenant/AFL/Players/ChampIDImages/AFL/2025014/1011755.png?im=Scale,width=0.6,height=0.6","FPL","CD_I1011755",FALSE,23,"Harrison","Jones","CD_T50",NA,79,1,0,NA,11,3,14,6,0,3,7,10,17,2,0,0,0,3,71.4,2,0,1,72,1,0,100,11.7,NA,NA,3,3,1,1,NA,NA,NA,5,209,0,2,2,8,72.7,3.7,10,1,0,41.2,0,0,0,5,1,1,11,2,1,0,0,0,0,0,0,0,0,0,0,"CD_I1011755",FALSE,23,"Harrison","Jones","away","Essendon"
"CD_M20250140102","2025-03-14T08:40:00.000+0000","CONCLUDED","Premiership","Round 1",1,"MCG","Hawthorn","Hawthorn","Essendon","Essendon",10,"https://s.afl.com.au/staticfile/AFL Tenant/AFL/Players/ChampIDImages/AFL/2025014/1028554.png?im=Scale,width=0.6,height=0.6","FPR","CD_I1028554",FALSE,10,"Isaac","Kako","CD_T50",NA,82,1,2,NA,8,6,14,2,0,1,7,4,11,3,0,0,0,1,71.4,2,0,1,51,0,0,33.3,14.5,NA,NA,1,0,1,3,NA,NA,NA,6,139,0,3,3,4,50,1.3,10,2,0,63.6,0,0,0,5,5,1,8,1,0,0,0,0,0,0,0,0,0,0,0,"CD_I1028554",FALSE,10,"Isaac","Kako","away","Essendon"
"CD_M20250140102","2025-03-14T08:40:00.000+0000","CONCLUDED","Premiership","Round 1",1,"MCG","Hawthorn","Hawthorn","Essendon","Essendon",4,"https://s.afl.com.au/staticfile/AFL Tenant/AFL/Players/ChampIDImages/AFL/2025014/298630.png?im=Scale,width=0.6,height=0.6","CHF","CD_I298630",FALSE,4,"Kyle","Langford","CD_T50",NA,62,2,0,NA,5,6,11,0,0,1,5,6,11,2,0,0,0,0,72.7,2,1,1,41,1,0,100,8.8,NA,NA,3,2,0,2,NA,NA,NA,5,159,0,1,1,4,80,0.8,8,0,0,45.5,0,0,0,3,1,2,10,5,0,0,0,0,0,3,2,66.7,0,0,0,"CD_I298630",FALSE,4,"Kyle","Langford","away","Essendon"
"CD_M20250140102","2025-03-14T08:40:00.000+0000","CONCLUDED","Premiership","Round 1",1,"MCG","Hawthorn","Hawthorn","Essendon","Essendon",37,"https://s.afl.com.au/staticfile/AFL Tenant/AFL/Players/ChampIDImages/AFL/2025014/1012013.png?im=Scale,width=0.6,height=0.6","WL","CD_I1012013",FALSE,37,"Nic","Martin","CD_T50",NA,95,0,1,NA,16,8,24,10,1,3,5,19,24,7,1,0,0,1,70.8,4,2,1,106,1,1,0,6.1,NA,NA,4,2,0,2,NA,NA,NA,8,425,0,0,0,9,56.3,2,17,1,0,20.8,0,0,0,3,0,0,12,6,0,0,0,0,0,0,0,0,0,0,0,"CD_I1012013",FALSE,37,"Nic","Martin","away","Essendon"
"CD_M20250140102","2025-03-14T08:40:00.000+0000","CONCLUDED","Premiership","Round 1",1,"MCG","Hawthorn","Hawthorn","Essendon","Essendon",1,"https://s.afl.com.au/staticfile/AFL Tenant/AFL/Players/ChampIDImages/AFL/2025014/998102.png?im=Scale,width=0.6,height=0.6","BPL","CD_I998102",FALSE,1,"Andrew","McGrath","CD_T50",NA,85,0,0,NA,15,12,27,9,3,4,2,21,23,2,0,0,0,0,77.8,6,0,2,106,6,0,0,4.4,NA,NA,6,5,0,0,NA,NA,NA,1,450,0,1,1,11,73.3,1.3,21,0,0,8.7,0,0,0,2,0,0,11,4,0,0,1,0,0,0,0,0,0,1,1,"CD_I998102",FALSE,1,"Andrew","McGrath","away","Essendon"
"CD_M20250140102","2025-03-14T08:40:00.000+0000","CONCLUDED","Premiership","Round 1",1,"MCG","Hawthorn","Hawthorn","Essendon","Essendon",32,"https://s.afl.com.au/staticfile/AFL Tenant/AFL/Players/ChampIDImages/AFL/2025014/1002143.png?im=Scale,width=0.6,height=0.6","FB","CD_I1002143",FALSE,32,"Ben","McKay","CD_T50",NA,96,0,0,NA,5,2,7,5,0,2,3,4,7,0,0,2,0,4,85.7,2,0,0,42,0,0,0,6.4,NA,NA,0,4,0,0,NA,NA,NA,3,71,0,0,0,4,80,2.5,6,0,3,42.9,0,0,0,1,0,3,7,7,4,0,2,1,50,0,0,0,0,0,0,"CD_I1002143",FALSE,32,"Ben","McKay","away","Essendon"
"CD_M20250140102","2025-03-14T08:40:00.000+0000","CONCLUDED","Premiership","Round 1",1,"MCG","Hawthorn","Hawthorn","Essendon","Essendon",7,"https://s.afl.com.au/staticfile/AFL Tenant/AFL/Players/ChampIDImages/AFL/2025014/992016.png?im=Scale,width=0.6,height=0.6","R","CD_I992016",FALSE,7,"Zach","Merrett","CD_T50",NA,90,2,0,NA,14,12,26,3,0,3,4,23,27,4,0,0,0,5,57.7,4,0,1,96,1,2,66.7,15.3,NA,NA,9,1,1,3,NA,NA,NA,7,472,1,3,4,6,42.9,1.2,15,0,0,14.8,0,0,0,2,1,0,12,3,0,0,0,0,0,0,0,0,18,0,0,"CD_I992016",FALSE,7,"Zach","Merrett","away","Essendon"
"CD_M20250140102","2025-03-14T08:40:00.000+0000","CONCLUDED","Premiership","Round 1",1,"MCG","Hawthorn","Hawthorn","Essendon","Essendon",16,"https://s.afl.com.au/staticfile/AFL Tenant/AFL/Players/ChampIDImages/AFL/2025014/1015873.png?im=Scale,width=0.6,height=0.6","HFFR","CD_I1015873",FALSE,16,"Archie","Perkins","CD_T50",NA,85,1,2,NA,13,9,22,5,0,2,8,12,20,4,1,0,0,0,77.3,2,0,1,85,1,1,25,16.5,NA,NA,2,3,1,4,NA,NA,NA,9,344,0,4,4,8,61.5,1.4,17,2,1,40,0,0,0,8,3,1,7,0,0,0,0,0,0,1,0,0,8,0,0,"CD_I1015873",FALSE,16,"Archie","Perkins","away","Essendon"
"CD_M20250140102","2025-03-14T08:40:00.000+0000","CONCLUDED","Premiership","Round 1",1,"MCG","Hawthorn","Hawthorn","Essendon","Essendon",25,"https://s.afl.com.au/staticfile/AFL Tenant/AFL/Players/ChampIDImages/AFL/2025014/1009386.png?im=Scale,width=0.6,height=0.6","HBFR","CD_I1009386",FALSE,25,"Jaxon","Prior","CD_T50",NA,92,0,0,NA,10,1,11,7,3,2,1,10,11,0,0,0,0,2,90.9,0,1,0,62,3,0,0,4.2,NA,NA,0,1,0,0,NA,NA,NA,1,195,0,0,0,9,90,10,10,0,0,9.1,0,0,0,0,0,0,6,5,2,0,2,2,100,0,0,0,0,0,0,"CD_I1009386",FALSE,25,"Jaxon","Prior","away","Essendon"
"CD_M20250140102","2025-03-14T08:40:00.000+0000","CONCLUDED","Premiership","Round 1",1,"MCG","Hawthorn","Hawthorn","Essendon","Essendon",27,"https://s.afl.com.au/staticfile/AFL Tenant/AFL/Players/ChampIDImages/AFL/2025014/997078.png?im=Scale,width=0.6,height=0.6","HBFL","CD_I997078",FALSE,27,"Mason","Redman","CD_T50",NA,92,0,2,NA,12,7,19,2,0,7,6,9,15,3,1,0,0,0,89.5,2,2,2,82,5,0,0,9.3,NA,NA,2,3,0,2,NA,NA,NA,6,374,0,2,2,10,83.3,1.7,17,0,0,40,0,0,0,4,0,2,14,10,0,0,2,0,0,0,0,0,9,4,4,"CD_I997078",FALSE,27,"Mason","Redman","away","Essendon"
"CD_M20250140102","2025-03-14T08:40:00.000+0000","CONCLUDED","Premiership","Round 1",1,"MCG","Hawthorn","Hawthorn","Essendon","Essendon",31,"https://s.afl.com.au/staticfile/AFL Tenant/AFL/Players/ChampIDImages/AFL/2025014/1012817.png?im=Scale,width=0.6,height=0.6","CHB","CD_I1012817",FALSE,31,"Zach","Reid","CD_T50",NA,86,0,0,NA,10,1,11,9,0,1,1,10,11,0,0,0,0,5,72.7,3,0,0,63,1,0,0,5.6,NA,NA,3,3,0,0,NA,NA,NA,2,120,0,0,0,7,70,10,8,0,2,9.1,0,0,0,1,0,1,7,4,5,0,2,1,50,0,0,0,0,0,0,"CD_I1012817",FALSE,31,"Zach","Reid","away","Essendon"
"CD_M20250140102","2025-03-14T08:40:00.000+0000","CONCLUDED","Premiership","Round 1",1,"MCG","Hawthorn","Hawthorn","Essendon","Essendon",14,"https://s.afl.com.au/staticfile/AFL Tenant/AFL/Players/ChampIDImages/AFL/2025014/1001026.png?im=Scale,width=0.6,height=0.6","BPR","CD_I1001026",FALSE,14,"Jordan","Ridley","CD_T50",NA,43,0,0,NA,6,3,9,2,1,1,4,4,8,0,0,1,0,4,66.7,5,1,3,26,3,0,0,4.3,NA,NA,4,4,0,0,NA,NA,NA,0,109,0,0,0,5,83.3,2,6,0,1,50,0,0,0,3,0,0,4,4,4,0,1,0,0,0,0,0,0,2,2,"CD_I1001026",FALSE,14,"Jordan","Ridley","away","Essendon"
"CD_M20250140102","2025-03-14T08:40:00.000+0000","CONCLUDED","Premiership","Round 1",1,"MCG","Hawthorn","Hawthorn","Essendon","Essendon",21,"https://s.afl.com.au/staticfile/AFL Tenant/AFL/Players/ChampIDImages/AFL/2025014/1023515.png?im=Scale,width=0.6,height=0.6","WR","CD_I1023515",FALSE,21,"Archie","Roberts","CD_T50",NA,86,0,0,NA,12,7,19,4,2,4,5,13,18,1,0,0,0,1,78.9,3,0,1,75,2,0,0,6.1,NA,NA,2,4,0,0,NA,NA,NA,3,207,0,1,1,9,75,1.7,15,0,1,27.8,0,0,0,4,0,1,10,6,1,0,0,0,0,0,0,0,0,0,0,"CD_I1023515",FALSE,21,"Archie","Roberts","away","Essendon"
"CD_M20250140102","2025-03-14T08:40:00.000+0000","CONCLUDED","Premiership","Round 1",1,"MCG","Hawthorn","Hawthorn","Essendon","Essendon",9,"https://s.afl.com.au/staticfile/AFL Tenant/AFL/Players/ChampIDImages/AFL/2025014/291783.png?im=Scale,width=0.6,height=0.6","RK","CD_I291783",FALSE,9,"Dylan","Shiel","CD_T50",NA,85,0,0,NA,14,9,23,3,0,2,7,15,22,2,0,0,0,1,65.2,2,1,0,78,2,0,0,10.3,NA,NA,4,6,0,0,NA,NA,NA,1,371,0,2,2,7,50,1.6,15,0,0,31.8,0,0,0,6,0,0,13,9,1,0,1,0,0,0,0,0,0,1,1,"CD_I291783",FALSE,9,"Dylan","Shiel","away","Essendon"
"CD_M20250140102","2025-03-14T08:40:00.000+0000","CONCLUDED","Premiership","Round 1",1,"MCG","Hawthorn","Hawthorn","Essendon","Essendon",5,"https://s.afl.com.au/staticfile/AFL Tenant/AFL/Players/ChampIDImages/AFL/2025014/1023785.png?im=Scale,width=0.6,height=0.6","INT","CD_I1023785",FALSE,5,"Elijah","Tsatas","CD_T50",NA,57,0,0,NA,9,9,18,1,0,2,8,8,16,2,0,0,0,0,72.2,1,0,0,56,0,0,0,8.3,NA,NA,3,1,0,0,NA,NA,NA,3,163,1,4,5,5,55.6,1,13,0,0,50,0,0,0,4,2,1,11,7,0,0,0,0,0,0,0,0,20,0,0,"CD_I1023785",FALSE,5,"Elijah","Tsatas","away","Essendon"
"CD_M20250140103","2025-03-15T02:20:00.000+0000","CONCLUDED","Premiership","Round 1",1,"GMHBA Stadium","Geelong Cats","Geelong Cats","Fremantle","Fremantle",30,"https://s.afl.com.au/staticfile/AFL Tenant/AFL/Players/ChampIDImages/AFL/2025014/994386.png?im=Scale,width=0.6,height=0.6","RR","CD_I994386",FALSE,30,"Tom","Atkins","CD_T70",NA,80,1,0,NA,5,5,10,1,0,12,7,4,11,2,1,0,0,1,50,2,1,1,80,0,0,100,10.3,NA,NA,2,2,3,1,NA,NA,NA,2,199,0,2,2,2,40,1,5,0,0,63.6,0,0,0,5,1,1,36,13,0,0,0,0,0,0,0,0,22,0,0,"CD_I994386",FALSE,30,"Tom","Atkins","home","Geelong Cats"
"CD_M20250140103","2025-03-15T02:20:00.000+0000","CONCLUDED","Premiership","Round 1",1,"GMHBA Stadium","Geelong Cats","Geelong Cats","Fremantle","Fremantle",46,"https://s.afl.com.au/staticfile/AFL Tenant/AFL/Players/ChampIDImages/AFL/2025014/296733.png?im=Scale,width=0.6,height=0.6","CHB","CD_I296733",FALSE,46,"Mark","Blicavs","CD_T70",NA,80,0,0,NA,9,3,12,4,0,3,5,7,12,3,0,0,10,7,75,1,1,0,68,0,1,0,14.7,NA,NA,1,4,0,0,NA,NA,NA,8,173,1,2,3,6,66.7,3,9,0,2,41.7,4,27.8,40,4,0,6,15,10,6,36,1,1,100,0,0,0,6,0,0,"CD_I296733",FALSE,46,"Mark","Blicavs","home","Geelong Cats"
"CD_M20250140103","2025-03-15T02:20:00.000+0000","CONCLUDED","Premiership","Round 1",1,"GMHBA Stadium","Geelong Cats","Geelong Cats","Fremantle","Fremantle",12,"https://s.afl.com.au/staticfile/AFL Tenant/AFL/Players/ChampIDImages/AFL/2025014/998260.png?im=Scale,width=0.6,height=0.6","INT","CD_I998260",FALSE,12,"Jack","Bowes","CD_T70",NA,80,1,0,NA,6,3,9,2,0,7,2,7,9,2,1,0,0,1,44.4,0,0,0,64,0,0,100,5.9,NA,NA,1,1,0,1,NA,NA,NA,3,152,0,0,0,3,50,2,4,0,0,22.2,0,0,0,2,1,0,15,1,1,0,0,0,0,0,0,0,0,0,0,"CD_I998260",FALSE,12,"Jack","Bowes","home","Geelong Cats"
"CD_M20250140103","2025-03-15T02:20:00.000+0000","CONCLUDED","Premiership","Round 1",1,"GMHBA Stadium","Geelong Cats","Geelong Cats","Fremantle","Fremantle",5,"https://s.afl.com.au/staticfile/AFL Tenant/AFL/Players/ChampIDImages/AFL/2025014/293845.png?im=Scale,width=0.6,height=0.6","FF","CD_I293845",FALSE,5,"Jeremy","Cameron","CD_T70",NA,89,4,1,NA,12,3,15,8,0,3,8,7,15,3,4,4,0,0,60,3,1,1,101,0,0,66.7,16.2,NA,NA,3,1,3,6,NA,NA,NA,8,285,0,2,2,6,50,4,9,1,1,53.3,0,0,0,3,1,2,7,1,0,1,0,0,0,0,0,0,0,0,0,"CD_I293845",FALSE,5,"Jeremy","Cameron","home","Geelong Cats"
"CD_M20250140103","2025-03-15T02:20:00.000+0000","CONCLUDED","Premiership","Round 1",1,"GMHBA Stadium","Geelong Cats","Geelong Cats","Fremantle","Fremantle",13,"https://s.afl.com.au/staticfile/AFL Tenant/AFL/Players/ChampIDImages/AFL/2025014/1023537.png?im=Scale,width=0.6,height=0.6","SUB","CD_I1023537",FALSE,13,"Jhye","Clark","CD_T70",NA,14,0,0,NA,2,3,5,0,0,2,4,1,5,2,0,0,0,0,100,0,0,0,20,0,0,0,5.9,NA,NA,1,2,0,0,NA,NA,NA,3,113,2,0,2,2,100,0.7,5,0,0,80,0,0,0,4,0,3,4,0,0,0,0,0,0,0,0,0,6,0,0,"CD_I1023537",FALSE,13,"Jhye","Clark","home","Geelong Cats"
"CD_M20250140103","2025-03-15T02:20:00.000+0000","CONCLUDED","Premiership","Round 1",1,"GMHBA Stadium","Geelong Cats","Geelong Cats","Fremantle","Fremantle",45,"https://s.afl.com.au/staticfile/AFL Tenant/AFL/Players/ChampIDImages/AFL/2025014/999326.png?im=Scale,width=0.6,height=0.6","HFFL","CD_I999326",FALSE,45,"Brad","Close","CD_T70",NA,75,1,0,NA,9,6,15,1,0,3,6,7,13,1,0,0,0,1,66.7,3,1,0,61,1,1,100,9.4,NA,NA,4,3,0,1,NA,NA,NA,7,132,0,0,0,6,66.7,1.5,10,0,0,46.2,0,0,0,5,4,1,15,2,1,0,0,0,0,1,1,100,0,0,0,"CD_I999326",FALSE,45,"Brad","Close","home","Geelong Cats"
"CD_M20250140103","2025-03-15T02:20:00.000+0000","CONCLUDED","Premiership","Round 1",1,"GMHBA Stadium","Geelong Cats","Geelong Cats","Fremantle","Fremantle",35,"https://s.afl.com.au/staticfile/AFL Tenant/AFL/Players/ChampIDImages/AFL/2025014/270917.png?im=Scale,width=0.6,height=0.6","FPR","CD_I270917",FALSE,35,"Patrick","Dangerfield","CD_T70",NA,70,2,2,NA,6,6,12,0,0,3,8,4,12,1,0,0,1,0,66.7,1,2,0,59,0,1,50,14.5,NA,NA,1,2,1,4,NA,NA,NA,9,215,0,1,1,4,66.7,1,8,0,0,66.7,0,20,0,6,3,3,8,2,0,5,0,0,0,4,3,75,7,0,0,"CD_I270917",FALSE,35,"Patrick","Dangerfield","home","Geelong Cats"
"CD_M20250140103","2025-03-15T02:20:00.000+0000","CONCLUDED","Premiership","Round 1",1,"GMHBA Stadium","Geelong Cats","Geelong Cats","Fremantle","Fremantle",16,"https://s.afl.com.au/staticfile/AFL Tenant/AFL/Players/ChampIDImages/AFL/2025014/1009229.png?im=Scale,width=0.6,height=0.6","RK","CD_I1009229",FALSE,16,"Sam","De Koning","CD_T70",NA,78,1,0,NA,15,10,25,6,0,4,7,18,25,6,0,0,18,4,64,5,4,1,124,0,1,100,9.8,NA,NA,7,2,0,1,NA,NA,NA,5,481,2,1,3,11,73.3,1.5,16,0,1,28,4,40.9,22.2,3,0,0,14,5,4,44,2,0,0,0,0,0,28,0,0,"CD_I1009229",FALSE,16,"Sam","De Koning","home","Geelong Cats"
"CD_M20250140103","2025-03-15T02:20:00.000+0000","CONCLUDED","Premiership","Round 1",1,"GMHBA Stadium","Geelong Cats","Geelong Cats","Fremantle","Fremantle",28,"https://s.afl.com.au/staticfile/AFL Tenant/AFL/Players/ChampIDImages/AFL/2025014/1025034.png?im=Scale,width=0.6,height=0.6","WR","CD_I1025034",FALSE,28,"Oliver","Dempsey","CD_T70",NA,88,2,1,NA,8,7,15,4,0,5,6,8,14,3,1,0,0,0,80,2,1,1,81,0,0,66.7,12.8,NA,NA,2,3,0,3,NA,NA,NA,8,177,0,0,0,7,87.5,1.1,12,1,2,42.9,0,0,0,4,1,1,19,4,0,0,0,0,0,0,0,0,0,0,0,"CD_I1025034",FALSE,28,"Oliver","Dempsey","home","Geelong Cats"
"CD_M20250140103","2025-03-15T02:20:00.000+0000","CONCLUDED","Premiership","Round 1",1,"GMHBA Stadium","Geelong Cats","Geelong Cats","Fremantle","Fremantle",39,"https://s.afl.com.au/staticfile/AFL Tenant/AFL/Players/ChampIDImages/AFL/2025014/1004870.png?im=Scale,width=0.6,height=0.6","HBFL","CD_I1004870",FALSE,39,"Zach","Guthrie","CD_T70",NA,80,0,0,NA,19,2,21,9,1,1,3,12,15,1,0,0,0,4,90.5,1,1,0,93,5,0,0,8.8,NA,NA,3,5,0,0,NA,NA,NA,2,491,0,0,0,17,89.5,9.5,19,0,1,20,0,0,0,2,0,0,16,10,4,0,1,0,0,0,0,0,0,5,5,"CD_I1004870",FALSE,39,"Zach","Guthrie","home","Geelong Cats"
"CD_M20250140103","2025-03-15T02:20:00.000+0000","CONCLUDED","Premiership","Round 1",1,"GMHBA Stadium","Geelong Cats","Geelong Cats","Fremantle","Fremantle",38,"https://s.afl.com.au/staticfile/AFL Tenant/AFL/Players/ChampIDImages/AFL/2025014/1000937.png?im=Scale,width=0.6,height=0.6","FB","CD_I1000937",FALSE,38,"Jack","Henry","CD_T70",NA,95,0,0,NA,20,4,24,14,0,1,10,14,24,0,0,2,0,2,79.2,6,3,0,117,3,0,0,10.9,NA,NA,4,11,0,0,NA,NA,NA,3,236,0,0,0,17,85,5,19,0,3,41.7,0,0,0,5,0,1,5,5,2,0,2,1,50,0,0,0,0,0,0,"CD_I1000937",FALSE,38,"Jack","Henry","home","Geelong Cats"
"CD_M20250140103","2025-03-15T02:20:00.000+0000","CONCLUDED","Premiership","Round 1",1,"GMHBA Stadium","Geelong Cats","Geelong Cats","Fremantle","Fremantle",36,"https://s.afl.com.au/staticfile/AFL Tenant/AFL/Players/ChampIDImages/AFL/2025014/1012860.png?im=Scale,width=0.6,height=0.6","INT","CD_I1012860",FALSE,36,"Oliver","Henry","CD_T70",NA,85,3,0,NA,6,3,9,2,0,2,4,4,8,1,2,1,0,0,55.6,4,0,0,56,0,0,75,9.2,NA,NA,1,0,1,4,NA,NA,NA,4,146,0,1,1,4,66.7,2,5,1,0,50,0,0,0,2,2,0,7,0,0,0,0,0,0,1,0,0,0,0,0,"CD_I1012860",FALSE,36,"Oliver","Henry","home","Geelong Cats"
"CD_M20250140103","2025-03-15T02:20:00.000+0000","CONCLUDED","Premiership","Round 1",1,"GMHBA Stadium","Geelong Cats","Geelong Cats","Fremantle","Fremantle",9,"https://s.afl.com.au/staticfile/AFL Tenant/AFL/Players/ChampIDImages/AFL/2025014/1015889.png?im=Scale,width=0.6,height=0.6","C","CD_I1015889",FALSE,9,"Max","Holmes","CD_T70",NA,74,2,0,NA,16,8,24,4,2,5,11,11,22,3,1,0,0,2,75,3,1,1,106,3,0,100,22.5,NA,NA,4,4,1,2,NA,NA,NA,6,406,6,1,7,11,68.8,2,18,0,0,50,0,0,0,8,0,1,23,12,1,0,0,0,0,0,0,0,21,0,0,"CD_I1015889",FALSE,9,"Max","Holmes","home","Geelong Cats"
"CD_M20250140103","2025-03-15T02:20:00.000+0000","CONCLUDED","Premiership","Round 1",1,"GMHBA Stadium","Geelong Cats","Geelong Cats","Fremantle","Fremantle",17,"https://s.afl.com.au/staticfile/AFL Tenant/AFL/Players/ChampIDImages/AFL/2025014/1013464.png?im=Scale,width=0.6,height=0.6","BPR","CD_I1013464",FALSE,17,"Lawson","Humphries","CD_T70",NA,83,0,1,NA,18,5,23,7,2,1,5,15,20,6,0,0,0,2,78.3,0,1,0,91,6,2,0,13.7,NA,NA,1,4,0,1,NA,NA,NA,6,552,1,1,2,14,77.8,3.6,18,0,0,25,0,0,0,4,1,0,9,8,2,0,1,0,0,0,0,0,0,2,2,"CD_I1013464",FALSE,17,"Lawson","Humphries","home","Geelong Cats"
"CD_M20250140103","2025-03-15T02:20:00.000+0000","CONCLUDED","Premiership","Round 1",1,"GMHBA Stadium","Geelong Cats","Geelong Cats","Fremantle","Fremantle",10,"https://s.afl.com.au/staticfile/AFL Tenant/AFL/Players/ChampIDImages/AFL/2025014/1021103.png?im=Scale,width=0.6,height=0.6","INT","CD_I1021103",FALSE,10,"Mitch","Knevitt","CD_T70",NA,68,0,0,NA,9,12,21,2,0,11,11,10,21,6,0,0,0,2,66.7,3,2,0,103,2,0,0,14.9,NA,NA,2,2,3,0,NA,NA,NA,6,396,1,3,4,6,66.7,0.8,14,0,0,52.4,0,0,0,7,2,1,24,4,1,0,0,0,0,0,0,0,19,0,0,"CD_I1021103",FALSE,10,"Mitch","Knevitt","home","Geelong Cats"
"CD_M20250140103","2025-03-15T02:20:00.000+0000","CONCLUDED","Premiership","Round 1",1,"GMHBA Stadium","Geelong Cats","Geelong Cats","Fremantle","Fremantle",32,"https://s.afl.com.au/staticfile/AFL Tenant/AFL/Players/ChampIDImages/AFL/2025014/1004938.png?im=Scale,width=0.6,height=0.6","CHF","CD_I1004938",FALSE,32,"Gryan","Miers","CD_T70",NA,89,1,1,NA,14,0,14,8,0,6,3,11,14,2,1,0,0,0,50,2,0,1,94,3,1,50,5.2,NA,NA,2,0,3,2,NA,NA,NA,5,260,0,2,2,7,50,14,7,0,0,21.4,0,0,0,3,1,0,25,4,0,0,1,1,100,0,0,0,0,0,0,"CD_I1004938",FALSE,32,"Gryan","Miers","home","Geelong Cats"
"CD_M20250140103","2025-03-15T02:20:00.000+0000","CONCLUDED","Premiership","Round 1",1,"GMHBA Stadium","Geelong Cats","Geelong Cats","Fremantle","Fremantle",34,"https://s.afl.com.au/staticfile/AFL Tenant/AFL/Players/ChampIDImages/AFL/2025014/1024982.png?im=Scale,width=0.6,height=0.6","INT","CD_I1024982",FALSE,34,"Oisin","Mullin","CD_T70",NA,88,0,0,NA,5,1,6,4,0,4,1,5,6,0,0,0,0,1,100,1,0,1,42,0,0,0,2.7,NA,NA,0,1,0,0,NA,NA,NA,2,75,0,0,0,5,100,5,6,0,0,16.7,0,0,0,1,0,0,11,9,1,0,0,0,0,0,0,0,1,0,0,"CD_I1024982",FALSE,34,"Oisin","Mullin","home","Geelong Cats"
"CD_M20250140103","2025-03-15T02:20:00.000+0000","CONCLUDED","Premiership","Round 1",1,"GMHBA Stadium","Geelong Cats","Geelong Cats","Fremantle","Fremantle",33,"https://s.afl.com.au/staticfile/AFL Tenant/AFL/Players/ChampIDImages/AFL/2025014/1016433.png?im=Scale,width=0.6,height=0.6","FPL","CD_I1016433",FALSE,33,"Shannon","Neale","CD_T70",NA,84,1,1,NA,7,2,9,5,1,3,5,4,9,4,3,3,6,0,88.9,3,1,3,57,0,4,50,11.3,NA,NA,2,0,3,2,NA,NA,NA,7,264,0,0,0,6,85.7,3.5,8,1,0,55.6,1,28.6,16.7,1,0,1,10,3,0,21,0,0,0,4,1,25,0,0,0,"CD_I1016433",FALSE,33,"Shannon","Neale","home","Geelong Cats"
"CD_M20250140103","2025-03-15T02:20:00.000+0000","CONCLUDED","Premiership","Round 1",1,"GMHBA Stadium","Geelong Cats","Geelong Cats","Fremantle","Fremantle",42,"https://s.afl.com.au/staticfile/AFL Tenant/AFL/Players/ChampIDImages/AFL/2025014/1007102.png?im=Scale,width=0.6,height=0.6","R","CD_I1007102",FALSE,42,"Mark","O'Connor","CD_T70",NA,73,0,0,NA,9,4,13,3,0,1,6,7,13,0,0,0,0,0,84.6,1,1,0,49,2,0,0,8.9,NA,NA,1,2,0,0,NA,NA,NA,6,271,0,2,2,8,88.9,2.3,11,0,0,46.2,0,0,0,4,3,3,4,3,0,0,0,0,0,0,0,0,0,0,0,"CD_I1007102",FALSE,42,"Mark","O'Connor","home","Geelong Cats"
"CD_M20250140103","2025-03-15T02:20:00.000+0000","CONCLUDED","Premiership","Round 1",1,"GMHBA Stadium","Geelong Cats","Geelong Cats","Fremantle","Fremantle",14,"https://s.afl.com.au/staticfile/AFL Tenant/AFL/Players/ChampIDImages/AFL/2025014/1027877.png?im=Scale,width=0.6,height=0.6","BPL","CD_I1027877",FALSE,14,"Connor","O'Sullivan","CD_T70",NA,91,0,0,NA,6,5,11,7,0,1,3,7,10,0,0,1,0,3,81.8,3,0,1,50,1,0,0,5.8,NA,NA,1,3,0,0,NA,NA,NA,2,141,0,0,0,5,83.3,1.2,9,0,1,30,0,0,0,2,1,0,9,7,3,0,3,2,66.7,0,0,0,0,0,0,"CD_I1027877",FALSE,14,"Connor","O'Sullivan","home","Geelong Cats"
"CD_M20250140103","2025-03-15T02:20:00.000+0000","CONCLUDED","Premiership","Round 1",1,"GMHBA Stadium","Geelong Cats","Geelong Cats","Fremantle","Fremantle",3,"https://s.afl.com.au/staticfile/AFL Tenant/AFL/Players/ChampIDImages/AFL/2025014/1006130.png?im=Scale,width=0.6,height=0.6","WL","CD_I1006130",FALSE,3,"Bailey","Smith","CD_T70",NA,80,1,1,NA,19,13,32,5,1,5,15,17,32,6,0,0,0,2,71.9,3,1,0,126,1,2,50,25.1,NA,NA,4,4,1,2,NA,NA,NA,12,693,1,6,7,12,63.2,1.5,23,1,0,46.9,0,0,0,12,2,3,26,7,0,0,0,0,0,0,0,0,9,0,0,"CD_I1006130",FALSE,3,"Bailey","Smith","home","Geelong Cats"
"CD_M20250140103","2025-03-15T02:20:00.000+0000","CONCLUDED","Premiership","Round 1",1,"GMHBA Stadium","Geelong Cats","Geelong Cats","Fremantle","Fremantle",18,"https://s.afl.com.au/staticfile/AFL Tenant/AFL/Players/ChampIDImages/AFL/2025014/997230.png?im=Scale,width=0.6,height=0.6","HFFR","CD_I997230",FALSE,18,"Tyson","Stengle","CD_T70",NA,79,3,0,NA,7,5,12,3,0,5,8,5,13,1,3,0,0,1,75,5,1,4,67,0,0,75,13.3,NA,NA,4,1,4,4,NA,NA,NA,8,193,0,1,1,6,85.7,1.4,9,0,1,61.5,0,0,0,6,2,2,11,2,0,0,0,0,0,2,0,0,0,0,0,"CD_I997230",FALSE,18,"Tyson","Stengle","home","Geelong Cats"
"CD_M20250140103","2025-03-15T02:20:00.000+0000","CONCLUDED","Premiership","Round 1",1,"GMHBA Stadium","Geelong Cats","Geelong Cats","Fremantle","Fremantle",44,"https://s.afl.com.au/staticfile/AFL Tenant/AFL/Players/ChampIDImages/AFL/2025014/291800.png?im=Scale,width=0.6,height=0.6","HBFR","CD_I291800",FALSE,44,"Tom","Stewart","CD_T70",NA,77,0,0,NA,20,3,23,11,1,1,5,17,22,2,0,0,0,3,91.3,4,1,3,95,5,1,0,9.2,NA,NA,3,8,0,0,NA,NA,NA,6,535,0,0,0,19,95,6.7,21,0,3,22.7,0,0,0,4,0,3,12,7,3,0,0,0,0,0,0,0,17,2,2,"CD_I291800",FALSE,44,"Tom","Stewart","home","Geelong Cats"
"CD_M20250140103","2025-03-15T02:20:00.000+0000","CONCLUDED","Premiership","Round 1",1,"GMHBA Stadium","Geelong Cats","Geelong Cats","Fremantle","Fremantle",24,"https://s.afl.com.au/staticfile/AFL Tenant/AFL/Players/ChampIDImages/AFL/2025014/1020594.png?im=Scale,width=0.6,height=0.6","FPR","CD_I1020594",FALSE,24,"Jye","Amiss","CD_T60",NA,86,0,0,NA,4,3,7,2,0,2,4,3,7,0,0,1,0,1,42.9,3,1,1,30,0,0,0,-0.9,NA,NA,2,0,1,0,NA,NA,NA,2,64,0,0,0,2,50,1.3,3,0,0,57.1,0,0,0,2,2,0,4,1,1,0,0,0,0,3,0,0,0,0,0,"CD_I1020594",FALSE,24,"Jye","Amiss","away","Fremantle"
"CD_M20250140103","2025-03-15T02:20:00.000+0000","CONCLUDED","Premiership","Round 1",1,"GMHBA Stadium","Geelong Cats","Geelong Cats","Fremantle","Fremantle",41,"https://s.afl.com.au/staticfile/AFL Tenant/AFL/Players/ChampIDImages/AFL/2025014/998180.png?im=Scale,width=0.6,height=0.6","INT","CD_I998180",FALSE,41,"Bailey","Banfield","CD_T60",NA,79,1,1,NA,6,5,11,0,0,2,4,6,10,0,0,0,0,2,54.5,2,0,0,43,0,1,25,6.3,NA,NA,4,1,1,4,NA,NA,NA,7,77,0,0,0,2,33.3,1.2,6,0,0,40,0,0,0,3,3,0,13,1,0,0,0,0,0,0,0,0,1,0,0,"CD_I998180",FALSE,41,"Bailey","Banfield","away","Fremantle"
"CD_M20250140103","2025-03-15T02:20:00.000+0000","CONCLUDED","Premiership","Round 1",1,"GMHBA Stadium","Geelong Cats","Geelong Cats","Fremantle","Fremantle",8,"https://s.afl.com.au/staticfile/AFL Tenant/AFL/Players/ChampIDImages/AFL/2025014/1002232.png?im=Scale,width=0.6,height=0.6","R","CD_I1002232",FALSE,8,"Andrew","Brayshaw","CD_T60",NA,85,1,1,NA,8,18,26,1,1,6,11,15,26,5,0,0,0,0,76.9,3,1,0,95,0,1,50,17.8,NA,NA,2,1,0,2,NA,NA,NA,7,361,3,3,6,4,50,0.4,20,0,0,42.3,0,0,0,7,0,1,28,14,0,0,0,0,0,0,0,0,29,0,0,"CD_I1002232",FALSE,8,"Andrew","Brayshaw","away","Fremantle"
"CD_M20250140103","2025-03-15T02:20:00.000+0000","CONCLUDED","Premiership","Round 1",1,"GMHBA Stadium","Geelong Cats","Geelong Cats","Fremantle","Fremantle",5,"https://s.afl.com.au/staticfile/AFL Tenant/AFL/Players/ChampIDImages/AFL/2025014/1013224.png?im=Scale,width=0.6,height=0.6","SUB","CD_I1013224",FALSE,5,"Heath","Chapman","CD_T60",NA,41,0,0,NA,3,3,6,0,0,0,1,4,5,1,0,0,0,1,66.7,1,0,0,15,2,0,0,1.4,NA,NA,2,1,0,0,NA,NA,NA,2,111,0,0,0,1,33.3,1,4,0,0,20,0,0,0,1,0,1,3,1,1,0,0,0,0,0,0,0,0,2,1,"CD_I1013224",FALSE,5,"Heath","Chapman","away","Fremantle"
"CD_M20250140103","2025-03-15T02:20:00.000+0000","CONCLUDED","Premiership","Round 1",1,"GMHBA Stadium","Geelong Cats","Geelong Cats","Fremantle","Fremantle",6,"https://s.afl.com.au/staticfile/AFL Tenant/AFL/Players/ChampIDImages/AFL/2025014/1006152.png?im=Scale,width=0.6,height=0.6","HBFR","CD_I1006152",FALSE,6,"Jordan","Clark","CD_T60",NA,87,0,0,NA,11,12,23,5,0,2,6,17,23,1,0,0,0,3,91.3,1,1,0,81,3,0,0,8.2,NA,NA,3,5,0,0,NA,NA,NA,1,262,0,1,1,11,100,0.9,21,0,1,26.1,0,0,0,5,0,1,14,11,3,0,1,0,0,0,0,0,0,0,0,"CD_I1006152",FALSE,6,"Jordan","Clark","away","Fremantle"
"CD_M20250140103","2025-03-15T02:20:00.000+0000","CONCLUDED","Premiership","Round 1",1,"GMHBA Stadium","Geelong Cats","Geelong Cats","Fremantle","Fremantle",36,"https://s.afl.com.au/staticfile/AFL Tenant/AFL/Players/ChampIDImages/AFL/2025014/997033.png?im=Scale,width=0.6,height=0.6","INT","CD_I997033",FALSE,36,"Brennan","Cox","CD_T60",NA,74,1,0,NA,7,2,9,3,0,1,5,3,8,0,1,2,0,6,55.6,6,0,3,35,2,0,100,7,NA,NA,4,4,0,1,NA,NA,NA,2,135,0,1,1,3,42.9,3.5,5,0,2,62.5,0,0,0,3,0,0,5,4,6,0,2,0,0,1,1,100,0,1,1,"CD_I997033",FALSE,36,"Brennan","Cox","away","Fremantle"
"CD_M20250140103","2025-03-15T02:20:00.000+0000","CONCLUDED","Premiership","Round 1",1,"GMHBA Stadium","Geelong Cats","Geelong Cats","Fremantle","Fremantle",37,"https://s.afl.com.au/staticfile/AFL Tenant/AFL/Players/ChampIDImages/AFL/2025014/1020668.png?im=Scale,width=0.6,height=0.6","BPR","CD_I1020668",FALSE,37,"Joshua","Draper","CD_T60",NA,74,0,0,NA,5,4,9,5,0,2,2,8,10,0,0,0,0,1,88.9,1,0,1,43,2,0,0,4.4,NA,NA,1,2,0,0,NA,NA,NA,2,73,0,0,0,5,100,1.3,8,0,1,20,0,0,0,2,0,0,8,7,1,0,0,0,0,0,0,0,0,0,0,"CD_I1020668",FALSE,37,"Joshua","Draper","away","Fremantle"
"CD_M20250140103","2025-03-15T02:20:00.000+0000","CONCLUDED","Premiership","Round 1",1,"GMHBA Stadium","Geelong Cats","Geelong Cats","Fremantle","Fremantle",32,"https://s.afl.com.au/staticfile/AFL Tenant/AFL/Players/ChampIDImages/AFL/2025014/999321.png?im=Scale,width=0.6,height=0.6","CHF","CD_I999321",FALSE,32,"Michael","Frederick","CD_T60",NA,81,2,0,NA,10,3,13,4,0,4,2,9,11,5,1,0,0,0,76.9,3,0,0,76,0,2,100,11.9,NA,NA,2,2,2,2,NA,NA,NA,8,270,0,0,0,8,80,3.3,10,0,1,18.2,0,0,0,2,1,2,8,3,0,0,0,0,0,0,0,0,0,0,0,"CD_I999321",FALSE,32,"Michael","Frederick","away","Fremantle"
"CD_M20250140103","2025-03-15T02:20:00.000+0000","CONCLUDED","Premiership","Round 1",1,"GMHBA Stadium","Geelong Cats","Geelong Cats","Fremantle","Fremantle",9,"https://s.afl.com.au/staticfile/AFL Tenant/AFL/Players/ChampIDImages/AFL/2025014/1009399.png?im=Scale,width=0.6,height=0.6","FPL","CD_I1009399",FALSE,9,"Luke","Jackson","CD_T60",NA,86,0,0,NA,7,9,16,2,0,3,6,9,15,4,0,0,39,1,81.3,3,3,2,93,1,0,0,14.8,NA,NA,4,1,0,0,NA,NA,NA,6,294,2,2,4,5,71.4,0.8,13,0,0,40,12,58.2,30.8,4,1,2,13,6,1,67,0,0,0,0,0,0,22,0,0,"CD_I1009399",FALSE,9,"Luke","Jackson","away","Fremantle"
"CD_M20250140103","2025-03-15T02:20:00.000+0000","CONCLUDED","Premiership","Round 1",1,"GMHBA Stadium","Geelong Cats","Geelong Cats","Fremantle","Fremantle",44,"https://s.afl.com.au/staticfile/AFL Tenant/AFL/Players/ChampIDImages/AFL/2025014/1016825.png?im=Scale,width=0.6,height=0.6","WL","CD_I1016825",FALSE,44,"Matthew","Johnson","CD_T60",NA,80,0,0,NA,12,15,27,3,0,4,9,17,26,4,0,0,0,2,70.4,4,1,1,89,2,0,0,12.4,NA,NA,2,5,0,0,NA,NA,NA,4,369,2,1,3,8,66.7,0.8,19,0,1,34.6,0,0,0,7,0,2,16,10,1,0,0,0,0,0,0,0,17,0,0,"CD_I1016825",FALSE,44,"Matthew","Johnson","away","Fremantle"
"CD_M20250140103","2025-03-15T02:20:00.000+0000","CONCLUDED","Premiership","Round 1",1,"GMHBA Stadium","Geelong Cats","Geelong Cats","Fremantle","Fremantle",30,"https://s.afl.com.au/staticfile/AFL Tenant/AFL/Players/ChampIDImages/AFL/2025014/1013220.png?im=Scale,width=0.6,height=0.6","INT","CD_I1013220",FALSE,30,"Nathan","O'Driscoll","CD_T60",NA,76,0,0,NA,11,14,25,2,0,4,8,18,26,3,0,0,0,3,64,3,2,0,85,0,1,0,7.7,NA,NA,4,2,0,1,NA,NA,NA,7,361,1,1,2,5,45.5,0.8,16,1,0,30.8,0,0,0,6,1,1,16,10,0,0,0,0,0,0,0,0,23,0,0,"CD_I1013220",FALSE,30,"Nathan","O'Driscoll","away","Fremantle"
"CD_M20250140103","2025-03-15T02:20:00.000+0000","CONCLUDED","Premiership","Round 1",1,"GMHBA Stadium","Geelong Cats","Geelong Cats","Fremantle","Fremantle",2,"https://s.afl.com.au/staticfile/AFL Tenant/AFL/Players/ChampIDImages/AFL/2025014/294613.png?im=Scale,width=0.6,height=0.6","C","CD_I294613",FALSE,2,"Jaeger","O'Meara","CD_T60",NA,82,0,1,NA,9,22,31,6,0,3,12,19,31,4,0,0,0,1,74.2,5,0,1,99,0,0,0,7.8,NA,NA,4,1,0,1,NA,NA,NA,5,332,0,6,6,5,55.6,0.4,23,0,0,38.7,0,0,0,4,1,1,19,13,1,0,0,0,0,0,0,0,8,0,0,"CD_I294613",FALSE,2,"Jaeger","O'Meara","away","Fremantle"
"CD_M20250140103","2025-03-15T02:20:00.000+0000","CONCLUDED","Premiership","Round 1",1,"GMHBA Stadium","Geelong Cats","Geelong Cats","Fremantle","Fremantle",25,"https://s.afl.com.au/staticfile/AFL Tenant/AFL/Players/ChampIDImages/AFL/2025014/298409.png?im=Scale,width=0.6,height=0.6","FB","CD_I298409",FALSE,25,"Alex","Pearce","CD_T60",NA,93,0,0,NA,9,2,11,4,1,2,6,5,11,1,0,1,0,7,90.9,3,3,2,48,3,0,0,11.7,NA,NA,2,7,0,0,NA,NA,NA,4,336,0,0,0,9,100,4.5,10,0,3,54.5,0,0,0,2,0,2,7,6,7,0,3,1,33.3,1,1,100,0,0,0,"CD_I298409",FALSE,25,"Alex","Pearce","away","Fremantle"
"CD_M20250140103","2025-03-15T02:20:00.000+0000","CONCLUDED","Premiership","Round 1",1,"GMHBA Stadium","Geelong Cats","Geelong Cats","Fremantle","Fremantle",16,"https://s.afl.com.au/staticfile/AFL Tenant/AFL/Players/ChampIDImages/AFL/2025014/1028513.png?im=Scale,width=0.6,height=0.6","HFFL","CD_I1028513",FALSE,16,"Murphy","Reid","CD_T60",NA,79,4,0,NA,10,3,13,3,0,0,3,10,13,1,3,0,0,0,69.2,4,0,0,69,0,0,80,13.6,NA,NA,4,1,0,5,NA,NA,NA,7,261,0,0,0,6,60,3.3,9,1,0,23.1,0,0,0,3,2,1,6,1,0,0,0,0,0,1,1,100,0,0,0,"CD_I1028513",FALSE,16,"Murphy","Reid","away","Fremantle"
"CD_M20250140103","2025-03-15T02:20:00.000+0000","CONCLUDED","Premiership","Round 1",1,"GMHBA Stadium","Geelong Cats","Geelong Cats","Fremantle","Fremantle",18,"https://s.afl.com.au/staticfile/AFL Tenant/AFL/Players/ChampIDImages/AFL/2025014/1023346.png?im=Scale,width=0.6,height=0.6","RK","CD_I1023346",FALSE,18,"Liam","Reidy","CD_T60",NA,75,0,0,NA,4,2,6,1,0,2,2,4,6,1,0,0,18,2,50,3,1,3,37,0,1,0,1,NA,NA,0,1,0,0,NA,NA,NA,3,80,0,1,1,2,50,2,3,0,0,33.3,4,46.2,22.2,1,0,1,10,5,2,39,0,0,0,1,1,100,12,0,0,"CD_I1023346",FALSE,18,"Liam","Reidy","away","Fremantle"
"CD_M20250140103","2025-03-15T02:20:00.000+0000","CONCLUDED","Premiership","Round 1",1,"GMHBA Stadium","Geelong Cats","Geelong Cats","Fremantle","Fremantle",13,"https://s.afl.com.au/staticfile/AFL Tenant/AFL/Players/ChampIDImages/AFL/2025014/998659.png?im=Scale,width=0.6,height=0.6","HBFL","CD_I998659",FALSE,13,"Luke","Ryan","CD_T60",NA,88,0,0,NA,13,5,18,4,0,2,3,9,12,0,0,0,0,5,83.3,1,0,1,66,5,0,0,8.2,NA,NA,3,3,0,0,NA,NA,NA,1,390,0,1,1,10,76.9,2.6,15,0,0,25,0,0,0,3,0,1,7,7,5,0,3,2,66.7,0,0,0,0,5,5,"CD_I998659",FALSE,13,"Luke","Ryan","away","Fremantle"
"CD_M20250140103","2025-03-15T02:20:00.000+0000","CONCLUDED","Premiership","Round 1",1,"GMHBA Stadium","Geelong Cats","Geelong Cats","Fremantle","Fremantle",3,"https://s.afl.com.au/staticfile/AFL Tenant/AFL/Players/ChampIDImages/AFL/2025014/1009420.png?im=Scale,width=0.6,height=0.6","RR","CD_I1009420",FALSE,3,"Caleb","Serong","CD_T60",NA,77,0,0,NA,14,13,27,1,0,3,16,11,27,7,0,0,0,2,77.8,2,2,0,85,1,0,0,25.5,NA,NA,5,1,0,0,NA,NA,NA,8,551,9,2,11,10,71.4,1.1,21,0,0,59.3,0,0,0,9,0,1,15,7,0,0,0,0,0,0,0,0,24,0,0,"CD_I1009420",FALSE,3,"Caleb","Serong","away","Fremantle"
"CD_M20250140103","2025-03-15T02:20:00.000+0000","CONCLUDED","Premiership","Round 1",1,"GMHBA Stadium","Geelong Cats","Geelong Cats","Fremantle","Fremantle",14,"https://s.afl.com.au/staticfile/AFL Tenant/AFL/Players/ChampIDImages/AFL/2025014/1009380.png?im=Scale,width=0.6,height=0.6","WR","CD_I1009380",FALSE,14,"Jeremy","Sharp","CD_T60",NA,92,0,0,NA,8,11,19,3,2,3,5,14,19,1,0,0,0,1,78.9,4,0,2,61,2,0,0,8.2,NA,NA,1,2,0,1,NA,NA,NA,7,228,1,3,4,5,62.5,0.7,15,0,2,26.3,0,0,0,4,0,1,16,13,1,0,1,1,100,0,0,0,0,0,0,"CD_I1009380",FALSE,14,"Jeremy","Sharp","away","Fremantle"
"CD_M20250140103","2025-03-15T02:20:00.000+0000","CONCLUDED","Premiership","Round 1",1,"GMHBA Stadium","Geelong Cats","Geelong Cats","Fremantle","Fremantle",39,"https://s.afl.com.au/staticfile/AFL Tenant/AFL/Players/ChampIDImages/AFL/2025014/992059.png?im=Scale,width=0.6,height=0.6","HFFR","CD_I992059",FALSE,39,"Sam","Switkowski","CD_T60",NA,42,0,0,NA,4,3,7,1,0,1,4,3,7,4,0,0,0,1,57.1,1,0,0,25,0,0,0,5.5,NA,NA,1,0,0,1,NA,NA,NA,0,154,0,0,0,1,25,1.3,4,1,0,57.1,0,0,0,4,2,0,10,4,0,0,0,0,0,1,0,0,0,0,0,"CD_I992059",FALSE,39,"Sam","Switkowski","away","Fremantle"
"CD_M20250140103","2025-03-15T02:20:00.000+0000","CONCLUDED","Premiership","Round 1",1,"GMHBA Stadium","Geelong Cats","Geelong Cats","Fremantle","Fremantle",35,"https://s.afl.com.au/staticfile/AFL Tenant/AFL/Players/ChampIDImages/AFL/2025014/1012819.png?im=Scale,width=0.6,height=0.6","FF","CD_I1012819",FALSE,35,"Josh","Treacy","CD_T60",NA,90,1,1,NA,5,4,9,3,0,1,3,6,9,0,3,0,0,1,66.7,7,0,5,28,0,1,25,0.9,NA,NA,5,0,1,4,NA,NA,NA,7,132,0,0,0,2,40,1.3,6,3,0,33.3,0,0,0,3,3,0,4,0,1,0,0,0,0,3,1,33.3,0,0,0,"CD_I1012819",FALSE,35,"Josh","Treacy","away","Fremantle"
"CD_M20250140103","2025-03-15T02:20:00.000+0000","CONCLUDED","Premiership","Round 1",1,"GMHBA Stadium","Geelong Cats","Geelong Cats","Fremantle","Fremantle",34,"https://s.afl.com.au/staticfile/AFL Tenant/AFL/Players/ChampIDImages/AFL/2025014/993940.png?im=Scale,width=0.6,height=0.6","BPL","CD_I993940",FALSE,34,"Corey","Wagner","CD_T60",NA,85,0,0,NA,12,12,24,1,1,2,6,17,23,0,0,0,0,1,75,4,0,0,71,7,1,0,7.7,NA,NA,3,5,0,0,NA,NA,NA,3,466,0,0,0,8,66.7,1,18,0,0,26.1,0,0,0,6,0,1,7,7,1,0,1,1,100,0,0,0,0,1,1,"CD_I993940",FALSE,34,"Corey","Wagner","away","Fremantle"
"CD_M20250140103","2025-03-15T02:20:00.000+0000","CONCLUDED","Premiership","Round 1",1,"GMHBA Stadium","Geelong Cats","Geelong Cats","Fremantle","Fremantle",31,"https://s.afl.com.au/staticfile/AFL Tenant/AFL/Players/ChampIDImages/AFL/2025014/1009410.png?im=Scale,width=0.6,height=0.6","CHB","CD_I1009410",FALSE,31,"Brandon","Walker","CD_T60",NA,77,0,0,NA,7,6,13,1,0,5,7,7,14,0,0,1,0,1,92.3,3,3,1,56,2,0,0,4.7,NA,NA,4,6,0,0,NA,NA,NA,1,98,0,1,1,6,85.7,1.2,12,0,1,50,0,0,0,3,0,0,15,15,0,0,1,0,0,0,0,0,0,0,0,"CD_I1009410",FALSE,31,"Brandon","Walker","away","Fremantle"
"CD_M20250140103","2025-03-15T02:20:00.000+0000","CONCLUDED","Premiership","Round 1",1,"GMHBA Stadium","Geelong Cats","Geelong Cats","Fremantle","Fremantle",23,"https://s.afl.com.au/staticfile/AFL Tenant/AFL/Players/ChampIDImages/AFL/2025014/1021015.png?im=Scale,width=0.6,height=0.6","INT","CD_I1021015",FALSE,23,"Karl","Worner","CD_T60",NA,71,0,0,NA,4,7,11,0,0,5,4,5,9,1,0,0,0,3,72.7,2,1,1,44,0,0,0,4.4,NA,NA,3,5,0,0,NA,NA,NA,2,173,0,0,0,2,50,0.6,8,0,0,44.4,0,0,0,3,0,0,11,7,3,0,0,0,0,0,0,0,0,0,0,"CD_I1021015",FALSE,23,"Karl","Worner","away","Fremantle"
"CD_M20250140104","2025-03-15T05:15:00.000+0000","CONCLUDED","Premiership","Round 1",1,"SCG","Sydney Swans","Sydney Swans","Brisbane Lions","Brisbane Lions",36,"https://s.afl.com.au/staticfile/AFL Tenant/AFL/Players/ChampIDImages/AFL/2025014/1008091.png?im=Scale,width=0.6,height=0.6","FF","CD_I1008091",FALSE,36,"Joel","Amartey","CD_T160",NA,78,0,2,NA,6,2,8,4,0,2,2,7,9,1,2,0,7,1,25,4,0,3,42,0,0,0,-4.2,NA,NA,3,0,1,2,NA,NA,NA,3,154,0,0,0,1,16.7,3,2,2,0,22.2,2,25,28.6,0,0,0,8,2,0,28,0,0,0,0,0,0,4,0,0,"CD_I1008091",FALSE,36,"Joel","Amartey","home","Sydney Swans"
"CD_M20250140104","2025-03-15T05:15:00.000+0000","CONCLUDED","Premiership","Round 1",1,"SCG","Sydney Swans","Sydney Swans","Brisbane Lions","Brisbane Lions",26,"https://s.afl.com.au/staticfile/AFL Tenant/AFL/Players/ChampIDImages/AFL/2025014/1008224.png?im=Scale,width=0.6,height=0.6","SUB","CD_I1008224",FALSE,26,"Riley","Bice","CD_T160",NA,31,0,0,NA,8,4,12,2,2,0,1,9,10,0,0,0,0,1,66.7,1,0,1,35,3,0,0,3.3,NA,NA,3,1,0,0,NA,NA,NA,4,304,1,0,1,6,75,2,8,0,1,10,0,0,0,1,0,2,2,1,1,0,0,0,0,0,0,0,0,3,2,"CD_I1008224",FALSE,26,"Riley","Bice","home","Sydney Swans"
"CD_M20250140104","2025-03-15T05:15:00.000+0000","CONCLUDED","Premiership","Round 1",1,"SCG","Sydney Swans","Sydney Swans","Brisbane Lions","Brisbane Lions",22,"https://s.afl.com.au/staticfile/AFL Tenant/AFL/Players/ChampIDImages/AFL/2025014/1006028.png?im=Scale,width=0.6,height=0.6","BPL","CD_I1006028",FALSE,22,"Nick","Blakey","CD_T160",NA,88,0,0,NA,19,5,24,4,1,1,4,14,18,4,0,1,0,3,75,1,3,0,86,10,1,0,16,NA,NA,5,7,0,0,NA,NA,NA,3,652,0,0,0,14,73.7,3.8,18,0,3,22.2,0,0,0,2,0,1,3,2,2,0,1,0,0,0,0,0,0,7,6,"CD_I1006028",FALSE,22,"Nick","Blakey","home","Sydney Swans"
"CD_M20250140104","2025-03-15T05:15:00.000+0000","CONCLUDED","Premiership","Round 1",1,"SCG","Sydney Swans","Sydney Swans","Brisbane Lions","Brisbane Lions",16,"https://s.afl.com.au/staticfile/AFL Tenant/AFL/Players/ChampIDImages/AFL/2025014/1013133.png?im=Scale,width=0.6,height=0.6","INT","CD_I1013133",FALSE,16,"Braeden","Campbell","CD_T160",NA,78,2,0,NA,9,4,13,1,0,7,7,4,11,0,0,0,0,0,76.9,1,3,0,81,0,0,66.7,16.6,NA,NA,1,2,2,3,NA,NA,NA,8,183,0,1,1,6,66.7,2.3,10,0,0,63.6,0,0,0,5,3,2,13,5,0,0,0,0,0,1,0,0,0,0,0,"CD_I1013133",FALSE,16,"Braeden","Campbell","home","Sydney Swans"
"CD_M20250140104","2025-03-15T05:15:00.000+0000","CONCLUDED","Premiership","Round 1",1,"SCG","Sydney Swans","Sydney Swans","Brisbane Lions","Brisbane Lions",13,"https://s.afl.com.au/staticfile/AFL Tenant/AFL/Players/ChampIDImages/AFL/2025014/998103.png?im=Scale,width=0.6,height=0.6","WR","CD_I998103",FALSE,13,"Oliver","Florent","CD_T160",NA,86,0,1,NA,11,6,17,2,0,3,9,8,17,4,0,1,0,2,58.8,3,1,0,65,1,1,0,11.1,NA,NA,2,6,0,3,NA,NA,NA,5,253,0,1,1,5,45.5,1.8,10,0,1,52.9,0,0,0,5,1,3,10,5,1,0,0,0,0,0,0,0,0,0,0,"CD_I998103",FALSE,13,"Oliver","Florent","home","Sydney Swans"
"CD_M20250140104","2025-03-15T05:15:00.000+0000","CONCLUDED","Premiership","Round 1",1,"SCG","Sydney Swans","Sydney Swans","Brisbane Lions","Brisbane Lions",4,"https://s.afl.com.au/staticfile/AFL Tenant/AFL/Players/ChampIDImages/AFL/2025014/293957.png?im=Scale,width=0.6,height=0.6","RK","CD_I293957",FALSE,4,"Brodie","Grundy","CD_T160",NA,81,0,0,NA,6,10,16,4,0,3,5,12,17,3,0,0,35,3,87.5,4,1,1,95,0,0,0,8.8,NA,NA,2,3,0,0,NA,NA,NA,7,108,1,0,1,5,83.3,0.6,14,0,2,29.4,8,55.6,22.9,3,0,2,15,7,1,63,0,0,0,0,0,0,24,0,0,"CD_I293957",FALSE,4,"Brodie","Grundy","home","Sydney Swans"
"CD_M20250140104","2025-03-15T05:15:00.000+0000","CONCLUDED","Premiership","Round 1",1,"SCG","Sydney Swans","Sydney Swans","Brisbane Lions","Brisbane Lions",29,"https://s.afl.com.au/staticfile/AFL Tenant/AFL/Players/ChampIDImages/AFL/2025014/295222.png?im=Scale,width=0.6,height=0.6","HBFR","CD_I295222",FALSE,29,"Joel","Hamling","CD_T160",NA,86,0,0,NA,5,6,11,4,0,1,6,3,9,1,0,2,0,9,81.8,1,1,0,44,0,0,0,10.8,NA,NA,2,10,0,0,NA,NA,NA,1,140,0,0,0,5,100,0.8,9,0,3,66.7,0,0,0,3,0,1,2,1,7,0,3,0,0,0,0,0,0,0,0,"CD_I295222",FALSE,29,"Joel","Hamling","home","Sydney Swans"
"CD_M20250140104","2025-03-15T05:15:00.000+0000","CONCLUDED","Premiership","Round 1",1,"SCG","Sydney Swans","Sydney Swans","Brisbane Lions","Brisbane Lions",40,"https://s.afl.com.au/staticfile/AFL Tenant/AFL/Players/ChampIDImages/AFL/2025014/1027687.png?im=Scale,width=0.6,height=0.6","HFFL","CD_I1027687",FALSE,40,"Tom","Hanily","CD_T160",NA,75,1,1,NA,7,5,12,4,0,3,4,8,12,5,1,0,0,2,58.3,5,1,2,57,0,0,50,0.5,NA,NA,3,0,1,2,NA,NA,NA,4,231,0,1,1,4,57.1,1.4,7,1,0,33.3,0,0,0,3,2,0,20,8,1,0,0,0,0,0,0,0,0,0,0,"CD_I1027687",FALSE,40,"Tom","Hanily","home","Sydney Swans"
"CD_M20250140104","2025-03-15T05:15:00.000+0000","CONCLUDED","Premiership","Round 1",1,"SCG","Sydney Swans","Sydney Swans","Brisbane Lions","Brisbane Lions",9,"https://s.afl.com.au/staticfile/AFL Tenant/AFL/Players/ChampIDImages/AFL/2025014/997100.png?im=Scale,width=0.6,height=0.6","FPL","CD_I997100",FALSE,9,"Will","Hayward","CD_T160",NA,83,1,0,NA,9,2,11,3,1,1,5,6,11,1,1,2,0,1,45.5,3,1,0,51,0,1,50,7.3,NA,NA,4,0,0,2,NA,NA,NA,5,195,0,1,1,4,44.4,4.5,5,0,0,45.5,0,0,0,2,2,0,8,2,0,0,0,0,0,1,0,0,0,0,0,"CD_I997100",FALSE,9,"Will","Hayward","home","Sydney Swans"
"CD_M20250140104","2025-03-15T05:15:00.000+0000","CONCLUDED","Premiership","Round 1",1,"SCG","Sydney Swans","Sydney Swans","Brisbane Lions","Brisbane Lions",5,"https://s.afl.com.au/staticfile/AFL Tenant/AFL/Players/ChampIDImages/AFL/2025014/298539.png?im=Scale,width=0.6,height=0.6","C","CD_I298539",FALSE,5,"Isaac","Heeney","CD_T160",NA,88,2,0,NA,14,9,23,7,0,2,10,14,24,4,1,0,0,1,60.9,4,2,0,103,4,1,100,11.4,NA,NA,5,0,0,2,NA,NA,NA,7,393,1,4,5,9,64.3,1.6,14,0,0,41.7,0,0,0,5,1,2,20,6,0,0,0,0,0,1,0,0,23,0,0,"CD_I298539",FALSE,5,"Isaac","Heeney","home","Sydney Swans"
"CD_M20250140104","2025-03-15T05:15:00.000+0000","CONCLUDED","Premiership","Round 1",1,"SCG","Sydney Swans","Sydney Swans","Brisbane Lions","Brisbane Lions",17,"https://s.afl.com.au/staticfile/AFL Tenant/AFL/Players/ChampIDImages/AFL/2025014/1013409.png?im=Scale,width=0.6,height=0.6","FPR","CD_I1013409",FALSE,17,"James","Jordon","CD_T160",NA,81,0,0,NA,6,13,19,3,0,7,7,14,21,2,0,0,0,0,63.2,4,1,3,73,0,0,0,4.8,NA,NA,1,3,0,1,NA,NA,NA,3,207,1,1,2,2,33.3,0.5,12,0,0,33.3,0,0,0,5,1,1,17,7,0,0,0,0,0,0,0,0,21,0,0,"CD_I1013409",FALSE,17,"James","Jordon","home","Sydney Swans"
"CD_M20250140104","2025-03-15T05:15:00.000+0000","CONCLUDED","Premiership","Round 1",1,"SCG","Sydney Swans","Sydney Swans","Brisbane Lions","Brisbane Lions",44,"https://s.afl.com.au/staticfile/AFL Tenant/AFL/Players/ChampIDImages/AFL/2025014/295342.png?im=Scale,width=0.6,height=0.6","WL","CD_I295342",FALSE,44,"Jake","Lloyd","CD_T160",NA,90,1,1,NA,9,10,19,4,0,2,8,9,17,1,1,0,0,1,73.7,1,0,1,71,1,0,50,13.8,NA,NA,2,4,0,2,NA,NA,NA,3,273,0,1,1,5,55.6,0.9,14,0,0,47.1,0,0,0,8,0,0,16,7,1,0,0,0,0,0,0,0,0,0,0,"CD_I295342",FALSE,44,"Jake","Lloyd","home","Sydney Swans"
"CD_M20250140104","2025-03-15T05:15:00.000+0000","CONCLUDED","Premiership","Round 1",1,"SCG","Sydney Swans","Sydney Swans","Brisbane Lions","Brisbane Lions",30,"https://s.afl.com.au/staticfile/AFL Tenant/AFL/Players/ChampIDImages/AFL/2025014/1008198.png?im=Scale,width=0.6,height=0.6","CHF","CD_I1008198",FALSE,30,"Tom","McCartin","CD_T160",NA,85,1,0,NA,11,1,12,7,0,1,4,7,11,3,0,0,2,3,50,3,1,0,69,2,0,50,4.9,NA,NA,4,2,0,2,NA,NA,NA,2,316,0,0,0,6,54.5,11,6,4,1,36.4,1,66.7,50,3,0,0,8,4,2,3,0,0,0,2,1,50,0,0,0,"CD_I1008198",FALSE,30,"Tom","McCartin","home","Sydney Swans"
"CD_M20250140104","2025-03-15T05:15:00.000+0000","CONCLUDED","Premiership","Round 1",1,"SCG","Sydney Swans","Sydney Swans","Brisbane Lions","Brisbane Lions",27,"https://s.afl.com.au/staticfile/AFL Tenant/AFL/Players/ChampIDImages/AFL/2025014/1011936.png?im=Scale,width=0.6,height=0.6","INT","CD_I1011936",FALSE,27,"Justin","McInerney","CD_T160",NA,78,0,0,NA,8,15,23,4,0,1,10,14,24,5,0,0,0,1,78.3,3,2,2,66,1,1,0,8.1,NA,NA,2,1,0,0,NA,NA,NA,6,226,1,4,5,6,75,0.5,18,1,0,41.7,0,0,0,5,1,2,12,6,1,0,0,0,0,1,0,0,6,0,0,"CD_I1011936",FALSE,27,"Justin","McInerney","home","Sydney Swans"
"CD_M20250140104","2025-03-15T05:15:00.000+0000","CONCLUDED","Premiership","Round 1",1,"SCG","Sydney Swans","Sydney Swans","Brisbane Lions","Brisbane Lions",43,"https://s.afl.com.au/staticfile/AFL Tenant/AFL/Players/ChampIDImages/AFL/2025014/996743.png?im=Scale,width=0.6,height=0.6","FB","CD_I996743",FALSE,43,"Lewis","Melican","CD_T160",NA,80,0,0,NA,9,4,13,6,0,1,3,8,11,2,0,0,0,3,84.6,1,0,0,57,3,0,0,12.1,NA,NA,4,7,0,0,NA,NA,NA,3,266,0,1,1,7,77.8,2.3,11,1,4,27.3,0,0,0,3,0,0,3,2,3,0,0,0,0,0,0,0,0,0,0,"CD_I996743",FALSE,43,"Lewis","Melican","home","Sydney Swans"
"CD_M20250140104","2025-03-15T05:15:00.000+0000","CONCLUDED","Premiership","Round 1",1,"SCG","Sydney Swans","Sydney Swans","Brisbane Lions","Brisbane Lions",11,"https://s.afl.com.au/staticfile/AFL Tenant/AFL/Players/ChampIDImages/AFL/2025014/996765.png?im=Scale,width=0.6,height=0.6","HFFR","CD_I996765",FALSE,11,"Tom","Papley","CD_T160",NA,83,0,0,NA,4,4,8,0,1,1,7,3,10,2,0,0,0,2,87.5,3,1,2,19,0,0,0,3.1,NA,NA,3,1,0,0,NA,NA,NA,1,95,0,1,1,3,75,1,7,0,0,70,0,0,0,6,2,0,6,0,2,0,0,0,0,0,0,0,3,0,0,"CD_I996765",FALSE,11,"Tom","Papley","home","Sydney Swans"
"CD_M20250140104","2025-03-15T05:15:00.000+0000","CONCLUDED","Premiership","Round 1",1,"SCG","Sydney Swans","Sydney Swans","Brisbane Lions","Brisbane Lions",25,"https://s.afl.com.au/staticfile/AFL Tenant/AFL/Players/ChampIDImages/AFL/2025014/1004985.png?im=Scale,width=0.6,height=0.6","INT","CD_I1004985",FALSE,25,"Ben","Paton","CD_T160",NA,53,0,0,NA,7,3,10,2,1,3,0,9,9,2,0,0,0,3,90,2,0,1,42,1,0,0,3.8,NA,NA,2,0,0,0,NA,NA,NA,1,121,0,0,0,6,85.7,2.3,9,0,0,0,0,0,0,0,0,0,7,6,2,0,1,0,0,0,0,0,0,0,0,"CD_I1004985",FALSE,25,"Ben","Paton","home","Sydney Swans"
"CD_M20250140104","2025-03-15T05:15:00.000+0000","CONCLUDED","Premiership","Round 1",1,"SCG","Sydney Swans","Sydney Swans","Brisbane Lions","Brisbane Lions",24,"https://s.afl.com.au/staticfile/AFL Tenant/AFL/Players/ChampIDImages/AFL/2025014/290307.png?im=Scale,width=0.6,height=0.6","CHB","CD_I290307",FALSE,24,"Dane","Rampe","CD_T160",NA,81,0,0,NA,10,11,21,4,0,1,7,13,20,0,0,1,0,5,95.2,1,1,1,66,4,0,0,17.4,NA,NA,0,9,0,0,NA,NA,NA,5,352,0,1,1,9,90,0.9,20,0,3,35,0,0,0,5,0,3,7,6,4,0,0,0,0,0,0,0,0,1,0,"CD_I290307",FALSE,24,"Dane","Rampe","home","Sydney Swans"
"CD_M20250140104","2025-03-15T05:15:00.000+0000","CONCLUDED","Premiership","Round 1",1,"SCG","Sydney Swans","Sydney Swans","Brisbane Lions","Brisbane Lions",34,"https://s.afl.com.au/staticfile/AFL Tenant/AFL/Players/ChampIDImages/AFL/2025014/1012210.png?im=Scale,width=0.6,height=0.6","HBFL","CD_I1012210",FALSE,34,"Matt","Roberts","CD_T160",NA,89,0,0,NA,14,5,19,3,0,4,7,9,16,2,0,0,0,2,78.9,3,4,0,81,5,0,0,8.1,NA,NA,4,5,1,0,NA,NA,NA,3,379,0,1,1,10,71.4,2.8,15,0,1,43.8,0,0,0,3,0,1,10,4,2,0,0,0,0,0,0,0,0,3,3,"CD_I1012210",FALSE,34,"Matt","Roberts","home","Sydney Swans"
"CD_M20250140104","2025-03-15T05:15:00.000+0000","CONCLUDED","Premiership","Round 1",1,"SCG","Sydney Swans","Sydney Swans","Brisbane Lions","Brisbane Lions",8,"https://s.afl.com.au/staticfile/AFL Tenant/AFL/Players/ChampIDImages/AFL/2025014/1006126.png?im=Scale,width=0.6,height=0.6","R","CD_I1006126",FALSE,8,"James","Rowbottom","CD_T160",NA,61,0,0,NA,7,4,11,0,0,11,11,1,12,3,0,0,0,2,63.6,2,5,1,75,1,0,0,11.5,NA,NA,4,3,1,0,NA,NA,NA,2,193,2,5,7,3,42.9,1.8,7,0,0,91.7,0,0,0,4,0,1,28,10,0,0,0,0,0,0,0,0,16,0,0,"CD_I1006126",FALSE,8,"James","Rowbottom","home","Sydney Swans"
"CD_M20250140104","2025-03-15T05:15:00.000+0000","CONCLUDED","Premiership","Round 1",1,"SCG","Sydney Swans","Sydney Swans","Brisbane Lions","Brisbane Lions",1,"https://s.afl.com.au/staticfile/AFL Tenant/AFL/Players/ChampIDImages/AFL/2025014/1012014.png?im=Scale,width=0.6,height=0.6","RR","CD_I1012014",FALSE,1,"Chad","Warner","CD_T160",NA,83,2,0,NA,12,8,20,4,2,1,7,12,19,8,0,1,0,0,70,9,1,5,66,1,0,50,12.5,NA,NA,7,0,0,4,NA,NA,NA,9,571,3,2,5,6,50,1.5,14,0,0,36.8,0,0,0,4,2,0,18,6,0,0,0,0,0,1,0,0,15,0,0,"CD_I1012014",FALSE,1,"Chad","Warner","home","Sydney Swans"
"CD_M20250140104","2025-03-15T05:15:00.000+0000","CONCLUDED","Premiership","Round 1",1,"SCG","Sydney Swans","Sydney Swans","Brisbane Lions","Brisbane Lions",37,"https://s.afl.com.au/staticfile/AFL Tenant/AFL/Players/ChampIDImages/AFL/2025014/1018424.png?im=Scale,width=0.6,height=0.6","INT","CD_I1018424",FALSE,37,"Corey","Warner","CD_T160",NA,82,2,2,NA,11,4,15,6,1,1,3,12,15,3,3,0,0,1,73.3,3,1,1,75,0,0,40,4.9,NA,NA,5,0,0,5,NA,NA,NA,8,401,0,1,1,7,63.6,2.8,11,1,0,20,0,0,0,2,1,1,9,4,0,0,1,0,0,0,0,0,0,0,0,"CD_I1018424",FALSE,37,"Corey","Warner","home","Sydney Swans"
"CD_M20250140104","2025-03-15T05:15:00.000+0000","CONCLUDED","Premiership","Round 1",1,"SCG","Sydney Swans","Sydney Swans","Brisbane Lions","Brisbane Lions",15,"https://s.afl.com.au/staticfile/AFL Tenant/AFL/Players/ChampIDImages/AFL/2025014/1006232.png?im=Scale,width=0.6,height=0.6","BPR","CD_I1006232",FALSE,15,"Sam","Wicks","CD_T160",NA,80,0,0,NA,8,6,14,2,1,3,4,11,15,3,0,0,0,0,57.1,9,1,4,43,2,0,0,2.1,NA,NA,5,4,0,0,NA,NA,NA,1,374,0,0,0,3,37.5,1.3,8,0,0,26.7,0,0,0,3,0,0,11,8,0,0,1,1,100,0,0,0,0,0,0,"CD_I1006232",FALSE,15,"Sam","Wicks","home","Sydney Swans"
"CD_M20250140104","2025-03-15T05:15:00.000+0000","CONCLUDED","Premiership","Round 1",1,"SCG","Sydney Swans","Sydney Swans","Brisbane Lions","Brisbane Lions",4,"https://s.afl.com.au/staticfile/AFL Tenant/AFL/Players/ChampIDImages/AFL/2025014/298437.png?im=Scale,width=0.6,height=0.6","HFFL","CD_I298437",FALSE,4,"Callum","Ah Chee","CD_T20",NA,75,1,2,NA,7,7,14,3,0,1,9,4,13,0,1,1,0,0,64.3,7,2,4,46,0,1,33.3,6.6,NA,NA,4,1,0,3,NA,NA,NA,7,125,0,0,0,3,42.9,1,9,1,0,69.2,0,0,0,6,2,1,9,2,0,0,0,0,0,0,0,0,0,0,0,"CD_I298437",FALSE,4,"Callum","Ah Chee","away","Brisbane Lions"
"CD_M20250140104","2025-03-15T05:15:00.000+0000","CONCLUDED","Premiership","Round 1",1,"SCG","Sydney Swans","Sydney Swans","Brisbane Lions","Brisbane Lions",31,"https://s.afl.com.au/staticfile/AFL Tenant/AFL/Players/ChampIDImages/AFL/2025014/996059.png?im=Scale,width=0.6,height=0.6","CHB","CD_I996059",FALSE,31,"Harris","Andrews","CD_T20",NA,97,0,0,NA,5,2,7,2,0,0,1,7,8,0,0,0,0,10,57.1,4,0,2,19,3,0,0,3.6,NA,NA,2,0,0,0,NA,NA,NA,2,189,0,0,0,2,40,2.5,4,0,0,12.5,0,0,0,1,0,0,4,3,8,0,1,0,0,0,0,0,0,0,0,"CD_I996059",FALSE,31,"Harris","Andrews","away","Brisbane Lions"
"CD_M20250140104","2025-03-15T05:15:00.000+0000","CONCLUDED","Premiership","Round 1",1,"SCG","Sydney Swans","Sydney Swans","Brisbane Lions","Brisbane Lions",43,"https://s.afl.com.au/staticfile/AFL Tenant/AFL/Players/ChampIDImages/AFL/2025014/1005053.png?im=Scale,width=0.6,height=0.6","INT","CD_I1005053",FALSE,43,"Noah","Answerth","CD_T20",NA,86,0,0,NA,8,3,11,3,0,6,3,9,12,2,0,0,0,5,90.9,4,1,2,58,2,0,0,7.8,NA,NA,4,5,0,0,NA,NA,NA,3,246,0,0,0,7,87.5,2.7,10,0,2,25,0,0,0,2,0,2,27,20,4,0,0,0,0,1,0,0,0,0,0,"CD_I1005053",FALSE,43,"Noah","Answerth","away","Brisbane Lions"
"CD_M20250140104","2025-03-15T05:15:00.000+0000","CONCLUDED","Premiership","Round 1",1,"SCG","Sydney Swans","Sydney Swans","Brisbane Lions","Brisbane Lions",10,"https://s.afl.com.au/staticfile/AFL Tenant/AFL/Players/ChampIDImages/AFL/2025014/1028560.png?im=Scale,width=0.6,height=0.6","INT","CD_I1028560",FALSE,10,"Levi","Ashcroft","CD_T20",NA,76,0,1,NA,16,9,25,5,0,0,9,11,20,3,0,0,0,1,60,2,2,0,84,4,0,0,7.8,NA,NA,4,4,0,1,NA,NA,NA,6,495,1,3,4,6,37.5,1.8,15,0,0,45,0,0,0,6,1,1,9,3,1,0,0,0,0,0,0,0,0,0,0,"CD_I1028560",FALSE,10,"Levi","Ashcroft","away","Brisbane Lions"
"CD_M20250140104","2025-03-15T05:15:00.000+0000","CONCLUDED","Premiership","Round 1",1,"SCG","Sydney Swans","Sydney Swans","Brisbane Lions","Brisbane Lions",8,"https://s.afl.com.au/staticfile/AFL Tenant/AFL/Players/ChampIDImages/AFL/2025014/1023517.png?im=Scale,width=0.6,height=0.6","WL","CD_I1023517",FALSE,8,"Will","Ashcroft","CD_T20",NA,87,0,1,NA,11,10,21,0,0,4,12,10,22,1,0,0,0,0,71.4,4,2,2,66,1,0,0,10.5,NA,NA,2,1,1,1,NA,NA,NA,7,200,4,4,8,5,45.5,1.1,15,0,0,54.5,0,0,0,6,0,2,15,3,0,0,0,0,0,0,0,0,14,0,0,"CD_I1023517",FALSE,8,"Will","Ashcroft","away","Brisbane Lions"
"CD_M20250140104","2025-03-15T05:15:00.000+0000","CONCLUDED","Premiership","Round 1",1,"SCG","Sydney Swans","Sydney Swans","Brisbane Lions","Brisbane Lions",33,"https://s.afl.com.au/staticfile/AFL Tenant/AFL/Players/ChampIDImages/AFL/2025014/1002312.png?im=Scale,width=0.6,height=0.6","C","CD_I1002312",FALSE,33,"Zac","Bailey","CD_T20",NA,84,4,1,NA,9,8,17,1,0,0,8,9,17,2,0,0,0,0,88.2,2,0,1,68,1,0,80,22.9,NA,NA,2,1,0,5,NA,NA,NA,7,300,0,1,1,7,77.8,1.1,15,0,0,47.1,0,0,0,8,4,1,11,6,0,0,0,0,0,0,0,0,0,0,0,"CD_I1002312",FALSE,33,"Zac","Bailey","away","Brisbane Lions"
"CD_M20250140104","2025-03-15T05:15:00.000+0000","CONCLUDED","Premiership","Round 1",1,"SCG","Sydney Swans","Sydney Swans","Brisbane Lions","Brisbane Lions",7,"https://s.afl.com.au/staticfile/AFL Tenant/AFL/Players/ChampIDImages/AFL/2025014/998133.png?im=Scale,width=0.6,height=0.6","WR","CD_I998133",FALSE,7,"Jarrod","Berry","CD_T20",NA,85,0,0,NA,16,11,27,10,0,1,6,21,27,5,0,0,0,0,70.4,7,0,0,104,2,0,0,5.2,NA,NA,6,6,0,0,NA,NA,NA,4,425,0,2,2,9,56.3,1.5,19,0,4,22.2,0,0,0,6,1,1,13,7,0,0,0,0,0,0,0,0,0,0,0,"CD_I998133",FALSE,7,"Jarrod","Berry","away","Brisbane Lions"
"CD_M20250140104","2025-03-15T05:15:00.000+0000","CONCLUDED","Premiership","Round 1",1,"SCG","Sydney Swans","Sydney Swans","Brisbane Lions","Brisbane Lions",5,"https://s.afl.com.au/staticfile/AFL Tenant/AFL/Players/ChampIDImages/AFL/2025014/993834.png?im=Scale,width=0.6,height=0.6","RR","CD_I993834",FALSE,5,"Josh","Dunkley","CD_T20",NA,92,1,0,NA,17,10,27,5,0,10,16,15,31,6,1,0,0,4,70.4,4,4,2,130,2,0,100,16.9,NA,NA,6,6,2,1,NA,NA,NA,6,614,1,5,6,12,70.6,1.7,19,0,2,51.6,0,0,0,9,2,3,18,13,1,0,0,0,0,1,1,100,22,0,0,"CD_I993834",FALSE,5,"Josh","Dunkley","away","Brisbane Lions"
"CD_M20250140104","2025-03-15T05:15:00.000+0000","CONCLUDED","Premiership","Round 1",1,"SCG","Sydney Swans","Sydney Swans","Brisbane Lions","Brisbane Lions",3,"https://s.afl.com.au/staticfile/AFL Tenant/AFL/Players/ChampIDImages/AFL/2025014/1023708.png?im=Scale,width=0.6,height=0.6","INT","CD_I1023708",FALSE,3,"Jaspa","Fletcher","CD_T20",NA,75,0,0,NA,6,6,12,0,1,2,5,7,12,2,0,0,0,0,75,1,1,1,36,2,0,0,4.7,NA,NA,2,3,0,0,NA,NA,NA,3,167,1,1,2,4,66.7,1,9,0,0,41.7,0,0,0,3,0,1,13,9,0,0,0,0,0,0,0,0,0,1,1,"CD_I1023708",FALSE,3,"Jaspa","Fletcher","away","Brisbane Lions"
"CD_M20250140104","2025-03-15T05:15:00.000+0000","CONCLUDED","Premiership","Round 1",1,"SCG","Sydney Swans","Sydney Swans","Brisbane Lions","Brisbane Lions",32,"https://s.afl.com.au/staticfile/AFL Tenant/AFL/Players/ChampIDImages/AFL/2025014/298211.png?im=Scale,width=0.6,height=0.6","INT","CD_I298211",FALSE,32,"Darcy","Fort","CD_T20",NA,73,1,0,NA,10,4,14,4,0,1,9,5,14,2,1,1,12,0,64.3,3,0,2,66,4,1,100,11.2,NA,NA,3,3,0,1,NA,NA,NA,3,150,0,3,3,5,50,2.5,9,0,1,64.3,2,36.4,16.7,5,2,2,9,3,0,33,0,0,0,0,0,0,5,0,0,"CD_I298211",FALSE,32,"Darcy","Fort","away","Brisbane Lions"
"CD_M20250140104","2025-03-15T05:15:00.000+0000","CONCLUDED","Premiership","Round 1",1,"SCG","Sydney Swans","Sydney Swans","Brisbane Lions","Brisbane Lions",30,"https://s.afl.com.au/staticfile/AFL Tenant/AFL/Players/ChampIDImages/AFL/2025014/993953.png?im=Scale,width=0.6,height=0.6","CHF","CD_I993953",FALSE,30,"Eric","Hipwood","CD_T20",NA,75,1,2,NA,4,1,5,3,0,1,1,5,6,1,2,0,1,0,40,3,0,3,27,0,0,33.3,-0.9,NA,NA,3,1,0,3,NA,NA,NA,5,127,0,0,0,2,50,4,2,2,0,16.7,1,50,100,1,0,1,8,2,0,2,0,0,0,4,0,0,0,0,0,"CD_I993953",FALSE,30,"Eric","Hipwood","away","Brisbane Lions"
"CD_M20250140104","2025-03-15T05:15:00.000+0000","CONCLUDED","Premiership","Round 1",1,"SCG","Sydney Swans","Sydney Swans","Brisbane Lions","Brisbane Lions",35,"https://s.afl.com.au/staticfile/AFL Tenant/AFL/Players/ChampIDImages/AFL/2025014/291548.png?im=Scale,width=0.6,height=0.6","BPR","CD_I291548",FALSE,35,"Ryan","Lester","CD_T20",NA,89,0,0,NA,10,5,15,4,0,2,8,5,13,0,0,1,0,7,66.7,3,0,1,57,6,0,0,8,NA,NA,4,10,0,0,NA,NA,NA,1,308,0,0,0,5,50,2,10,0,2,61.5,0,0,0,7,0,1,5,3,7,0,2,1,50,0,0,0,0,1,1,"CD_I291548",FALSE,35,"Ryan","Lester","away","Brisbane Lions"
"CD_M20250140104","2025-03-15T05:15:00.000+0000","CONCLUDED","Premiership","Round 1",1,"SCG","Sydney Swans","Sydney Swans","Brisbane Lions","Brisbane Lions",1,"https://s.afl.com.au/staticfile/AFL Tenant/AFL/Players/ChampIDImages/AFL/2025014/1014026.png?im=Scale,width=0.6,height=0.6","FPR","CD_I1014026",FALSE,1,"Kai","Lohmann","CD_T20",NA,8,0,0,NA,0,2,2,0,0,0,1,1,2,1,0,0,0,0,100,0,0,0,4,0,0,0,1.2,NA,NA,0,0,0,0,NA,NA,NA,1,20,0,0,0,0,0,0,2,0,0,50,0,0,0,1,0,0,1,0,0,0,0,0,0,0,0,0,0,0,0,"CD_I1014026",FALSE,1,"Kai","Lohmann","away","Brisbane Lions"
"CD_M20250140104","2025-03-15T05:15:00.000+0000","CONCLUDED","Premiership","Round 1",1,"SCG","Sydney Swans","Sydney Swans","Brisbane Lions","Brisbane Lions",6,"https://s.afl.com.au/staticfile/AFL Tenant/AFL/Players/ChampIDImages/AFL/2025014/1000978.png?im=Scale,width=0.6,height=0.6","HFFR","CD_I1000978",FALSE,6,"Hugh","McCluggage","CD_T20",NA,76,0,0,NA,11,10,21,2,0,1,10,13,23,4,0,0,0,1,61.9,6,3,2,60,3,0,0,9.2,NA,NA,5,1,0,1,NA,NA,NA,6,374,2,3,5,6,54.5,1.1,13,0,0,43.5,0,0,0,6,1,0,24,13,0,0,0,0,0,0,0,0,23,0,0,"CD_I1000978",FALSE,6,"Hugh","McCluggage","away","Brisbane Lions"
"CD_M20250140104","2025-03-15T05:15:00.000+0000","CONCLUDED","Premiership","Round 1",1,"SCG","Sydney Swans","Sydney Swans","Brisbane Lions","Brisbane Lions",46,"https://s.afl.com.au/staticfile/AFL Tenant/AFL/Players/ChampIDImages/AFL/2025014/1005521.png?im=Scale,width=0.6,height=0.6","RK","CD_I1005521",FALSE,46,"Oscar","McInerney","CD_T20",NA,79,1,1,NA,12,6,18,5,0,1,11,7,18,5,2,2,16,2,55.6,4,1,2,85,3,0,50,13.4,NA,NA,6,1,0,2,NA,NA,NA,7,348,4,3,7,5,41.7,2,10,0,0,61.1,7,26.2,43.8,5,0,4,5,0,2,61,0,0,0,0,0,0,23,0,0,"CD_I1005521",FALSE,46,"Oscar","McInerney","away","Brisbane Lions"
"CD_M20250140104","2025-03-15T05:15:00.000+0000","CONCLUDED","Premiership","Round 1",1,"SCG","Sydney Swans","Sydney Swans","Brisbane Lions","Brisbane Lions",26,"https://s.afl.com.au/staticfile/AFL Tenant/AFL/Players/ChampIDImages/AFL/2025014/997846.png?im=Scale,width=0.6,height=0.6","SUB","CD_I997846",FALSE,26,"Conor","McKenna","CD_T20",NA,65,0,1,NA,7,3,10,1,0,0,5,5,10,4,0,0,0,0,50,0,1,0,32,0,2,0,6.8,NA,NA,0,0,0,1,NA,NA,NA,4,237,0,0,0,3,42.9,2.3,5,0,0,50,0,0,0,4,1,0,5,1,0,0,0,0,0,1,0,0,0,0,0,"CD_I997846",FALSE,26,"Conor","McKenna","away","Brisbane Lions"
"CD_M20250140104","2025-03-15T05:15:00.000+0000","CONCLUDED","Premiership","Round 1",1,"SCG","Sydney Swans","Sydney Swans","Brisbane Lions","Brisbane Lions",13,"https://s.afl.com.au/staticfile/AFL Tenant/AFL/Players/ChampIDImages/AFL/2025014/1028019.png?im=Scale,width=0.6,height=0.6","FF","CD_I1028019",FALSE,13,"Logan","Morris","CD_T20",NA,77,1,1,NA,5,0,5,1,1,3,3,2,5,2,1,0,0,1,60,0,1,0,38,0,0,50,8.3,NA,NA,0,0,1,2,NA,NA,NA,3,174,0,0,0,3,60,5,3,1,0,60,0,0,0,2,0,0,14,2,1,0,0,0,0,0,0,0,0,0,0,"CD_I1028019",FALSE,13,"Logan","Morris","away","Brisbane Lions"
"CD_M20250140104","2025-03-15T05:15:00.000+0000","CONCLUDED","Premiership","Round 1",1,"SCG","Sydney Swans","Sydney Swans","Brisbane Lions","Brisbane Lions",9,"https://s.afl.com.au/staticfile/AFL Tenant/AFL/Players/ChampIDImages/AFL/2025014/293535.png?im=Scale,width=0.6,height=0.6","R","CD_I293535",FALSE,9,"Lachie","Neale","CD_T20",NA,84,0,0,NA,5,5,10,0,0,3,8,3,11,0,0,0,0,0,50,3,3,1,37,1,0,0,3.8,NA,NA,2,3,0,0,NA,NA,NA,1,136,1,1,2,2,40,1,5,0,0,72.7,0,0,0,5,1,1,14,10,0,0,0,0,0,0,0,0,21,0,0,"CD_I293535",FALSE,9,"Lachie","Neale","away","Brisbane Lions"
"CD_M20250140104","2025-03-15T05:15:00.000+0000","CONCLUDED","Premiership","Round 1",1,"SCG","Sydney Swans","Sydney Swans","Brisbane Lions","Brisbane Lions",40,"https://s.afl.com.au/staticfile/AFL Tenant/AFL/Players/ChampIDImages/AFL/2025014/1002347.png?im=Scale,width=0.6,height=0.6","FB","CD_I1002347",FALSE,40,"Jack","Payne","CD_T20",NA,95,0,0,NA,4,4,8,2,0,1,4,3,7,0,0,1,0,3,50,0,0,0,30,2,0,0,6,NA,NA,1,6,0,0,NA,NA,NA,0,61,0,0,0,2,50,1,4,0,2,57.1,0,0,0,3,0,0,3,3,2,0,2,0,0,0,0,0,0,0,0,"CD_I1002347",FALSE,40,"Jack","Payne","away","Brisbane Lions"
"CD_M20250140104","2025-03-15T05:15:00.000+0000","CONCLUDED","Premiership","Round 1",1,"SCG","Sydney Swans","Sydney Swans","Brisbane Lions","Brisbane Lions",16,"https://s.afl.com.au/staticfile/AFL Tenant/AFL/Players/ChampIDImages/AFL/2025014/1002235.png?im=Scale,width=0.6,height=0.6","FPL","CD_I1002235",FALSE,16,"Cam","Rayner","CD_T20",NA,90,0,2,NA,8,5,13,2,0,0,6,8,14,4,1,2,0,1,61.5,4,0,2,36,0,0,0,5.1,NA,NA,5,0,0,3,NA,NA,NA,5,353,0,0,0,3,37.5,1.6,8,0,0,42.9,0,0,0,4,2,0,6,1,1,0,0,0,0,0,0,0,4,0,0,"CD_I1002235",FALSE,16,"Cam","Rayner","away","Brisbane Lions"
"CD_M20250140104","2025-03-15T05:15:00.000+0000","CONCLUDED","Premiership","Round 1",1,"SCG","Sydney Swans","Sydney Swans","Brisbane Lions","Brisbane Lions",37,"https://s.afl.com.au/staticfile/AFL Tenant/AFL/Players/ChampIDImages/AFL/2025014/1002401.png?im=Scale,width=0.6,height=0.6","HBFL","CD_I1002401",FALSE,37,"Brandon","Starcevich","CD_T20",NA,66,0,0,NA,6,7,13,3,0,2,7,7,14,1,0,0,0,1,84.6,0,1,0,50,1,0,0,9,NA,NA,0,5,0,0,NA,NA,NA,1,105,1,1,2,5,83.3,0.9,11,0,1,50,0,0,0,6,0,0,5,2,1,0,0,0,0,0,0,0,0,0,0,"CD_I1002401",FALSE,37,"Brandon","Starcevich","away","Brisbane Lions"
"CD_M20250140104","2025-03-15T05:15:00.000+0000","CONCLUDED","Premiership","Round 1",1,"SCG","Sydney Swans","Sydney Swans","Brisbane Lions","Brisbane Lions",44,"https://s.afl.com.au/staticfile/AFL Tenant/AFL/Players/ChampIDImages/AFL/2025014/1017067.png?im=Scale,width=0.6,height=0.6","HBFR","CD_I1017067",FALSE,44,"Darcy","Wilmot","CD_T20",NA,85,0,1,NA,17,8,25,4,0,4,9,13,22,3,0,0,0,2,76,6,4,4,88,4,0,0,13.9,NA,NA,3,9,0,1,NA,NA,NA,6,379,0,0,0,11,64.7,2.1,19,0,2,40.9,0,0,0,5,0,2,16,11,2,0,2,0,0,0,0,0,0,3,3,"CD_I1017067",FALSE,44,"Darcy","Wilmot","away","Brisbane Lions"
"CD_M20250140104","2025-03-15T05:15:00.000+0000","CONCLUDED","Premiership","Round 1",1,"SCG","Sydney Swans","Sydney Swans","Brisbane Lions","Brisbane Lions",15,"https://s.afl.com.au/staticfile/AFL Tenant/AFL/Players/ChampIDImages/AFL/2025014/261224.png?im=Scale,width=0.6,height=0.6","BPL","CD_I261224",FALSE,15,"Dayne","Zorko","CD_T20",NA,80,2,0,NA,20,4,24,6,0,3,5,15,20,4,0,0,0,2,75,1,2,0,112,6,0,100,15.4,NA,NA,3,7,1,2,NA,NA,NA,5,555,0,0,0,15,75,5,18,0,3,25,0,0,0,4,0,3,9,5,0,0,0,0,0,0,0,0,0,4,4,"CD_I261224",FALSE,15,"Dayne","Zorko","away","Brisbane Lions"
"CD_M20250140105","2025-03-15T08:35:00.000+0000","CONCLUDED","Premiership","Round 1",1,"Marvel Stadium","Western Bulldogs","Western Bulldogs","North Melbourne","North Melbourne",29,"https://s.afl.com.au/staticfile/AFL Tenant/AFL/Players/ChampIDImages/AFL/2025014/1000864.png?im=Scale,width=0.6,height=0.6","HBFL","CD_I1000864",FALSE,29,"Lachlan","Bramble","CD_T140",NA,86,0,0,NA,13,8,21,4,1,2,5,11,16,0,0,0,0,2,90.5,1,2,0,77,5,0,0,10.7,NA,NA,1,3,0,0,NA,NA,NA,4,296,0,1,1,11,84.6,1.6,19,0,0,31.3,0,0,0,3,0,2,8,8,0,0,0,0,0,0,0,0,0,5,5,"CD_I1000864",FALSE,29,"Lachlan","Bramble","home","Western Bulldogs"
"CD_M20250140105","2025-03-15T08:35:00.000+0000","CONCLUDED","Premiership","Round 1",1,"Marvel Stadium","Western Bulldogs","Western Bulldogs","North Melbourne","North Melbourne",36,"https://s.afl.com.au/staticfile/AFL Tenant/AFL/Players/ChampIDImages/AFL/2025014/1015929.png?im=Scale,width=0.6,height=0.6","BPR","CD_I1015929",FALSE,36,"Luke","Cleary","CD_T140",NA,73,0,0,NA,4,4,8,5,0,0,1,9,10,1,0,0,0,0,87.5,2,1,1,33,4,0,0,0.8,NA,NA,2,1,0,0,NA,NA,NA,2,189,0,0,0,3,75,1,7,0,1,10,0,0,0,0,0,0,2,2,0,0,0,0,0,0,0,0,0,1,0,"CD_I1015929",FALSE,36,"Luke","Cleary","home","Western Bulldogs"
"CD_M20250140105","2025-03-15T08:35:00.000+0000","CONCLUDED","Premiership","Round 1",1,"Marvel Stadium","Western Bulldogs","Western Bulldogs","North Melbourne","North Melbourne",31,"https://s.afl.com.au/staticfile/AFL Tenant/AFL/Players/ChampIDImages/AFL/2025014/996708.png?im=Scale,width=0.6,height=0.6","HBFR","CD_I996708",FALSE,31,"Bailey","Dale","CD_T140",NA,87,2,1,NA,22,7,29,3,0,1,5,18,23,2,0,0,0,1,89.7,1,1,1,104,3,0,66.7,22.1,NA,NA,1,6,0,3,NA,NA,NA,9,558,0,1,1,19,86.4,3.1,26,0,1,21.7,0,0,0,4,0,4,8,6,1,0,1,0,0,0,0,0,0,6,5,"CD_I996708",FALSE,31,"Bailey","Dale","home","Western Bulldogs"
"CD_M20250140105","2025-03-15T08:35:00.000+0000","CONCLUDED","Premiership","Round 1",1,"Marvel Stadium","Western Bulldogs","Western Bulldogs","North Melbourne","North Melbourne",10,"https://s.afl.com.au/staticfile/AFL Tenant/AFL/Players/ChampIDImages/AFL/2025014/1017126.png?im=Scale,width=0.6,height=0.6","FF","CD_I1017126",FALSE,10,"Sam","Darcy","CD_T140",NA,82,1,1,NA,8,4,12,6,0,1,7,5,12,2,1,3,6,3,58.3,2,1,1,65,0,0,33.3,14.1,NA,NA,2,2,1,3,NA,NA,NA,9,231,2,0,2,4,50,2,7,0,2,58.3,2,26.1,33.3,2,0,2,9,2,1,23,0,0,0,1,0,0,8,0,0,"CD_I1017126",FALSE,10,"Sam","Darcy","home","Western Bulldogs"
"CD_M20250140105","2025-03-15T08:35:00.000+0000","CONCLUDED","Premiership","Round 1",1,"Marvel Stadium","Western Bulldogs","Western Bulldogs","North Melbourne","North Melbourne",42,"https://s.afl.com.au/staticfile/AFL Tenant/AFL/Players/ChampIDImages/AFL/2025014/1036123.png?im=Scale,width=0.6,height=0.6","INT","CD_I1036123",FALSE,42,"Sam","Davidson","CD_T140",NA,75,1,0,NA,5,5,10,3,0,4,2,9,11,1,1,0,0,0,70,4,0,1,53,3,0,50,3,NA,NA,4,3,3,2,NA,NA,NA,4,170,0,0,0,2,40,1,7,1,1,18.2,0,0,0,2,0,1,18,6,0,0,0,0,0,0,0,0,0,0,0,"CD_I1036123",FALSE,42,"Sam","Davidson","home","Western Bulldogs"
"CD_M20250140105","2025-03-15T08:35:00.000+0000","CONCLUDED","Premiership","Round 1",1,"Marvel Stadium","Western Bulldogs","Western Bulldogs","North Melbourne","North Melbourne",26,"https://s.afl.com.au/staticfile/AFL Tenant/AFL/Players/ChampIDImages/AFL/2025014/1034235.png?im=Scale,width=0.6,height=0.6","HFFL","CD_I1034235",FALSE,26,"Josh","Dolan","CD_T140",NA,67,0,1,NA,2,3,5,2,0,2,2,3,5,0,1,0,0,0,60,0,0,0,27,0,0,0,3.9,NA,NA,0,0,1,1,NA,NA,NA,3,67,0,0,0,1,50,0.7,3,1,0,40,0,0,0,2,1,0,7,3,0,0,0,0,0,1,0,0,0,0,0,"CD_I1034235",FALSE,26,"Josh","Dolan","home","Western Bulldogs"
"CD_M20250140105","2025-03-15T08:35:00.000+0000","CONCLUDED","Premiership","Round 1",1,"Marvel Stadium","Western Bulldogs","Western Bulldogs","North Melbourne","North Melbourne",15,"https://s.afl.com.au/staticfile/AFL Tenant/AFL/Players/ChampIDImages/AFL/2025014/290085.png?im=Scale,width=0.6,height=0.6","INT","CD_I290085",FALSE,15,"Taylor","Duryea","CD_T140",NA,76,0,0,NA,5,5,10,3,0,1,3,8,11,1,0,0,0,2,80,3,0,1,35,2,0,0,5.4,NA,NA,5,3,0,0,NA,NA,NA,2,221,0,0,0,4,80,1,8,0,0,27.3,0,0,0,3,0,0,11,10,2,0,3,3,100,0,0,0,0,0,0,"CD_I290085",FALSE,15,"Taylor","Duryea","home","Western Bulldogs"
"CD_M20250140105","2025-03-15T08:35:00.000+0000","CONCLUDED","Premiership","Round 1",1,"Marvel Stadium","Western Bulldogs","Western Bulldogs","North Melbourne","North Melbourne",44,"https://s.afl.com.au/staticfile/AFL Tenant/AFL/Players/ChampIDImages/AFL/2025014/1004592.png?im=Scale,width=0.6,height=0.6","RK","CD_I1004592",FALSE,44,"Tim","English","CD_T140",NA,79,0,1,NA,4,7,11,4,0,3,3,9,12,3,1,0,25,2,63.6,3,0,1,73,0,0,0,1.2,NA,NA,1,1,0,1,NA,NA,NA,3,95,1,2,3,2,50,0.6,7,1,1,25,6,32.1,24,2,0,1,7,4,1,78,1,1,100,2,0,0,25,0,0,"CD_I1004592",FALSE,44,"Tim","English","home","Western Bulldogs"
"CD_M20250140105","2025-03-15T08:35:00.000+0000","CONCLUDED","Premiership","Round 1",1,"Marvel Stadium","Western Bulldogs","Western Bulldogs","North Melbourne","North Melbourne",27,"https://s.afl.com.au/staticfile/AFL Tenant/AFL/Players/ChampIDImages/AFL/2025014/1027704.png?im=Scale,width=0.6,height=0.6","FB","CD_I1027704",FALSE,27,"Joel","Freijah","CD_T140",NA,88,1,0,NA,14,14,28,6,3,3,8,19,27,3,0,0,0,1,67.9,3,0,1,103,3,1,100,13.1,NA,NA,5,6,1,1,NA,NA,NA,6,455,0,2,2,9,64.3,1,19,0,2,29.6,0,0,0,7,0,1,22,5,0,8,0,0,0,0,0,0,12,1,1,"CD_I1027704",FALSE,27,"Joel","Freijah","home","Western Bulldogs"
"CD_M20250140105","2025-03-15T08:35:00.000+0000","CONCLUDED","Premiership","Round 1",1,"Marvel Stadium","Western Bulldogs","Western Bulldogs","North Melbourne","North Melbourne",12,"https://s.afl.com.au/staticfile/AFL Tenant/AFL/Players/ChampIDImages/AFL/2025014/1017087.png?im=Scale,width=0.6,height=0.6","HFFR","CD_I1017087",FALSE,12,"Harvey","Gallagher","CD_T140",NA,82,0,0,NA,10,6,16,4,0,2,2,14,16,4,0,0,0,2,68.8,5,1,0,63,3,1,0,4,NA,NA,6,0,0,0,NA,NA,NA,3,327,0,1,1,6,60,1.7,11,0,0,12.5,0,0,0,1,0,0,8,5,1,0,1,0,0,0,0,0,0,0,0,"CD_I1017087",FALSE,12,"Harvey","Gallagher","home","Western Bulldogs"
"CD_M20250140105","2025-03-15T08:35:00.000+0000","CONCLUDED","Premiership","Round 1",1,"Marvel Stadium","Western Bulldogs","Western Bulldogs","North Melbourne","North Melbourne",22,"https://s.afl.com.au/staticfile/AFL Tenant/AFL/Players/ChampIDImages/AFL/2025014/297899.png?im=Scale,width=0.6,height=0.6","FPR","CD_I297899",FALSE,22,"James","Harmes","CD_T140",NA,74,1,0,NA,7,9,16,2,2,3,6,9,15,3,1,0,0,3,62.5,2,0,0,63,0,2,100,10.5,NA,NA,2,5,2,1,NA,NA,NA,7,268,0,0,0,3,42.9,0.8,10,1,0,40,0,0,0,6,2,2,17,5,0,0,0,0,0,1,0,0,1,0,0,"CD_I297899",FALSE,22,"James","Harmes","home","Western Bulldogs"
"CD_M20250140105","2025-03-15T08:35:00.000+0000","CONCLUDED","Premiership","Round 1",1,"Marvel Stadium","Western Bulldogs","Western Bulldogs","North Melbourne","North Melbourne",32,"https://s.afl.com.au/staticfile/AFL Tenant/AFL/Players/ChampIDImages/AFL/2025014/1020586.png?im=Scale,width=0.6,height=0.6","SUB","CD_I1020586",FALSE,32,"Arthur","Jones","CD_T140",NA,23,0,0,NA,1,1,2,0,0,0,1,1,2,0,0,0,0,0,100,0,0,0,5,0,0,0,1.9,NA,NA,0,0,0,0,NA,NA,NA,1,58,0,1,1,1,100,1,2,0,0,50,0,0,0,1,0,0,1,0,0,0,0,0,0,0,0,0,0,0,0,"CD_I1020586",FALSE,32,"Arthur","Jones","home","Western Bulldogs"
"CD_M20250140105","2025-03-15T08:35:00.000+0000","CONCLUDED","Premiership","Round 1",1,"Marvel Stadium","Western Bulldogs","Western Bulldogs","North Melbourne","North Melbourne",8,"https://s.afl.com.au/staticfile/AFL Tenant/AFL/Players/ChampIDImages/AFL/2025014/1001398.png?im=Scale,width=0.6,height=0.6","INT","CD_I1001398",FALSE,8,"Matthew","Kennedy","CD_T140",NA,74,0,0,NA,11,12,23,6,0,4,7,15,22,6,1,0,0,2,87,0,1,0,92,0,4,0,20.4,NA,NA,2,1,0,0,NA,NA,NA,7,259,1,2,3,9,81.8,0.9,20,0,0,31.8,0,0,0,6,2,2,22,7,0,0,0,0,0,0,0,0,14,0,0,"CD_I1001398",FALSE,8,"Matthew","Kennedy","home","Western Bulldogs"
"CD_M20250140105","2025-03-15T08:35:00.000+0000","CONCLUDED","Premiership","Round 1",1,"Marvel Stadium","Western Bulldogs","Western Bulldogs","North Melbourne","North Melbourne",21,"https://s.afl.com.au/staticfile/AFL Tenant/AFL/Players/ChampIDImages/AFL/2025014/290799.png?im=Scale,width=0.6,height=0.6","C","CD_I290799",FALSE,21,"Tom","Liberatore","CD_T140",NA,81,0,1,NA,13,15,28,3,0,8,15,14,29,6,0,0,0,3,75,4,0,1,108,0,0,0,17.6,NA,NA,4,2,1,1,NA,NA,NA,7,354,2,7,9,6,46.2,0.9,21,0,0,51.7,0,0,0,12,3,3,22,12,1,0,1,1,100,0,0,0,26,0,0,"CD_I290799",FALSE,21,"Tom","Liberatore","home","Western Bulldogs"
"CD_M20250140105","2025-03-15T08:35:00.000+0000","CONCLUDED","Premiership","Round 1",1,"Marvel Stadium","Western Bulldogs","Western Bulldogs","North Melbourne","North Melbourne",7,"https://s.afl.com.au/staticfile/AFL Tenant/AFL/Players/ChampIDImages/AFL/2025014/990740.png?im=Scale,width=0.6,height=0.6","CHB","CD_I990740",FALSE,7,"Rory","Lobb","CD_T140",NA,100,0,0,NA,5,6,11,2,0,1,7,4,11,0,0,0,0,10,72.7,2,1,1,35,1,0,0,6.2,NA,NA,1,6,0,0,NA,NA,NA,3,126,0,1,1,4,80,0.8,8,0,1,63.6,0,0,0,5,0,2,11,10,8,0,3,1,33.3,0,0,0,0,0,0,"CD_I990740",FALSE,7,"Rory","Lobb","home","Western Bulldogs"
"CD_M20250140105","2025-03-15T08:35:00.000+0000","CONCLUDED","Premiership","Round 1",1,"Marvel Stadium","Western Bulldogs","Western Bulldogs","North Melbourne","North Melbourne",30,"https://s.afl.com.au/staticfile/AFL Tenant/AFL/Players/ChampIDImages/AFL/2025014/1009015.png?im=Scale,width=0.6,height=0.6","INT","CD_I1009015",FALSE,30,"Lachlan","McNeil","CD_T140",NA,88,2,0,NA,4,6,10,0,0,0,4,5,9,1,0,0,0,0,90,2,1,0,37,0,0,100,8.9,NA,NA,0,1,0,2,NA,NA,NA,6,68,0,0,0,3,75,0.7,9,0,0,44.4,0,0,0,3,1,0,9,0,0,0,0,0,0,1,0,0,0,0,0,"CD_I1009015",FALSE,30,"Lachlan","McNeil","home","Western Bulldogs"
"CD_M20250140105","2025-03-15T08:35:00.000+0000","CONCLUDED","Premiership","Round 1",1,"Marvel Stadium","Western Bulldogs","Western Bulldogs","North Melbourne","North Melbourne",33,"https://s.afl.com.au/staticfile/AFL Tenant/AFL/Players/ChampIDImages/AFL/2025014/1002404.png?im=Scale,width=0.6,height=0.6","CHF","CD_I1002404",FALSE,33,"Aaron","Naughton","CD_T140",NA,88,3,1,NA,8,9,17,8,0,1,9,9,18,2,4,4,0,1,64.7,0,0,0,89,0,1,60,15.8,NA,NA,1,2,1,5,NA,NA,NA,9,264,0,0,0,6,75,0.9,11,0,0,50,0,0,0,4,2,1,10,4,0,0,0,0,0,2,1,50,0,0,0,"CD_I1002404",FALSE,33,"Aaron","Naughton","home","Western Bulldogs"
"CD_M20250140105","2025-03-15T08:35:00.000+0000","CONCLUDED","Premiership","Round 1",1,"Marvel Stadium","Western Bulldogs","Western Bulldogs","North Melbourne","North Melbourne",18,"https://s.afl.com.au/staticfile/AFL Tenant/AFL/Players/ChampIDImages/AFL/2025014/1032966.png?im=Scale,width=0.6,height=0.6","BPL","CD_I1032966",FALSE,18,"James","O'Donnell","CD_T140",NA,61,0,0,NA,5,4,9,4,0,0,3,6,9,1,0,1,0,7,66.7,3,0,1,32,3,0,0,7.7,NA,NA,3,6,0,0,NA,NA,NA,1,141,0,0,0,3,60,1.3,6,0,3,33.3,0,0,0,2,0,1,0,0,7,0,4,1,25,0,0,0,0,0,0,"CD_I1032966",FALSE,18,"James","O'Donnell","home","Western Bulldogs"
"CD_M20250140105","2025-03-15T08:35:00.000+0000","CONCLUDED","Premiership","Round 1",1,"Marvel Stadium","Western Bulldogs","Western Bulldogs","North Melbourne","North Melbourne",20,"https://s.afl.com.au/staticfile/AFL Tenant/AFL/Players/ChampIDImages/AFL/2025014/1008280.png?im=Scale,width=0.6,height=0.6","R","CD_I1008280",FALSE,20,"Ed","Richards","CD_T140",NA,79,1,0,NA,18,12,30,2,1,2,13,19,32,9,0,0,0,2,56.7,4,0,1,95,3,4,50,21.7,NA,NA,2,2,1,2,NA,NA,NA,11,611,3,4,7,7,38.9,1.5,17,0,0,40.6,0,0,0,9,0,2,21,10,0,0,0,0,0,0,0,0,27,0,0,"CD_I1008280",FALSE,20,"Ed","Richards","home","Western Bulldogs"
"CD_M20250140105","2025-03-15T08:35:00.000+0000","CONCLUDED","Premiership","Round 1",1,"Marvel Stadium","Western Bulldogs","Western Bulldogs","North Melbourne","North Melbourne",9,"https://s.afl.com.au/staticfile/AFL Tenant/AFL/Players/ChampIDImages/AFL/2025014/1017939.png?im=Scale,width=0.6,height=0.6","RR","CD_I1017939",FALSE,9,"Ryley","Sanders","CD_T140",NA,84,2,1,NA,8,7,15,2,0,4,6,10,16,5,1,0,0,2,60,3,2,1,72,0,0,66.7,12.2,NA,NA,1,1,0,3,NA,NA,NA,5,271,0,2,2,3,37.5,1.1,9,0,0,37.5,0,0,0,3,2,1,24,11,0,0,0,0,0,0,0,0,14,0,0,"CD_I1017939",FALSE,9,"Ryley","Sanders","home","Western Bulldogs"
"CD_M20250140105","2025-03-15T08:35:00.000+0000","CONCLUDED","Premiership","Round 1",1,"Marvel Stadium","Western Bulldogs","Western Bulldogs","North Melbourne","North Melbourne",23,"https://s.afl.com.au/staticfile/AFL Tenant/AFL/Players/ChampIDImages/AFL/2025014/1005000.png?im=Scale,width=0.6,height=0.6","FPL","CD_I1005000",FALSE,23,"Laitham","Vandermeer","CD_T140",NA,79,3,1,NA,10,6,16,3,0,3,10,9,19,3,1,0,0,1,68.8,1,2,1,81,0,2,75,17.9,NA,NA,1,0,3,4,NA,NA,NA,8,231,0,0,0,6,60,1.7,11,2,0,52.6,0,0,0,8,5,0,14,3,1,0,0,0,0,1,0,0,0,0,0,"CD_I1005000",FALSE,23,"Laitham","Vandermeer","home","Western Bulldogs"
"CD_M20250140105","2025-03-15T08:35:00.000+0000","CONCLUDED","Premiership","Round 1",1,"Marvel Stadium","Western Bulldogs","Western Bulldogs","North Melbourne","North Melbourne",14,"https://s.afl.com.au/staticfile/AFL Tenant/AFL/Players/ChampIDImages/AFL/2025014/1006127.png?im=Scale,width=0.6,height=0.6","WR","CD_I1006127",FALSE,14,"Rhylee","West","CD_T140",NA,82,0,1,NA,8,11,19,4,0,5,9,13,22,3,0,1,0,1,73.7,5,2,3,72,0,1,0,8.4,NA,NA,4,1,1,2,NA,NA,NA,7,213,2,1,3,5,62.5,0.7,14,0,0,40.9,0,0,0,6,3,3,16,3,0,0,0,0,0,0,0,0,5,0,0,"CD_I1006127",FALSE,14,"Rhylee","West","home","Western Bulldogs"
"CD_M20250140105","2025-03-15T08:35:00.000+0000","CONCLUDED","Premiership","Round 1",1,"Marvel Stadium","Western Bulldogs","Western Bulldogs","North Melbourne","North Melbourne",34,"https://s.afl.com.au/staticfile/AFL Tenant/AFL/Players/ChampIDImages/AFL/2025014/992351.png?im=Scale,width=0.6,height=0.6","WL","CD_I992351",FALSE,34,"Bailey","Williams","CD_T140",NA,90,0,0,NA,10,4,14,8,0,2,2,13,15,1,0,0,0,0,78.6,2,0,0,70,4,0,0,5.1,NA,NA,2,2,0,0,NA,NA,NA,3,297,0,0,0,7,70,2.5,11,0,1,13.3,0,0,0,2,0,0,10,6,0,0,1,0,0,0,0,0,0,0,0,"CD_I992351",FALSE,34,"Bailey","Williams","home","Western Bulldogs"
"CD_M20250140105","2025-03-15T08:35:00.000+0000","CONCLUDED","Premiership","Round 1",1,"Marvel Stadium","Western Bulldogs","Western Bulldogs","North Melbourne","North Melbourne",34,"https://s.afl.com.au/staticfile/AFL Tenant/AFL/Players/ChampIDImages/AFL/2025014/1020968.png?im=Scale,width=0.6,height=0.6","HBFR","CD_I1020968",FALSE,34,"Jackson","Archer","CD_T100",NA,74,0,0,NA,7,4,11,3,0,1,1,9,10,1,0,0,0,1,90.9,1,0,1,39,0,0,0,4.9,NA,NA,1,4,0,0,NA,NA,NA,3,62,0,0,0,6,85.7,1.8,10,0,2,10,0,0,0,1,0,2,5,3,1,0,0,0,0,0,0,0,0,0,0,"CD_I1020968",FALSE,34,"Jackson","Archer","away","North Melbourne"
"CD_M20250140105","2025-03-15T08:35:00.000+0000","CONCLUDED","Premiership","Round 1",1,"Marvel Stadium","Western Bulldogs","Western Bulldogs","North Melbourne","North Melbourne",30,"https://s.afl.com.au/staticfile/AFL Tenant/AFL/Players/ChampIDImages/AFL/2025014/1015781.png?im=Scale,width=0.6,height=0.6","BPL","CD_I1015781",FALSE,30,"Charlie","Comben","CD_T100",NA,88,0,0,NA,4,4,8,2,0,1,2,6,8,0,0,0,0,4,75,5,0,4,18,1,0,0,-2,NA,NA,1,2,0,0,NA,NA,NA,1,14,0,0,0,2,50,1,6,0,0,25,0,0,0,2,0,0,7,7,3,0,2,0,0,0,0,0,0,0,0,"CD_I1015781",FALSE,30,"Charlie","Comben","away","North Melbourne"
"CD_M20250140105","2025-03-15T08:35:00.000+0000","CONCLUDED","Premiership","Round 1",1,"Marvel Stadium","Western Bulldogs","Western Bulldogs","North Melbourne","North Melbourne",4,"https://s.afl.com.au/staticfile/AFL Tenant/AFL/Players/ChampIDImages/AFL/2025014/294508.png?im=Scale,width=0.6,height=0.6","FB","CD_I294508",FALSE,4,"Aidan","Corr","CD_T100",NA,94,0,0,NA,13,5,18,4,0,5,5,11,16,0,0,0,0,3,72.2,0,1,0,82,5,0,0,11.6,NA,NA,1,4,0,1,NA,NA,NA,2,277,0,0,0,10,76.9,2.6,13,0,0,31.3,0,0,0,4,0,1,14,13,3,0,4,1,25,0,0,0,0,4,3,"CD_I294508",FALSE,4,"Aidan","Corr","away","North Melbourne"
"CD_M20250140105","2025-03-15T08:35:00.000+0000","CONCLUDED","Premiership","Round 1",1,"Marvel Stadium","Western Bulldogs","Western Bulldogs","North Melbourne","North Melbourne",25,"https://s.afl.com.au/staticfile/AFL Tenant/AFL/Players/ChampIDImages/AFL/2025014/1002947.png?im=Scale,width=0.6,height=0.6","FPL","CD_I1002947",FALSE,25,"Paul","Curtis","CD_T100",NA,88,3,0,NA,8,5,13,4,0,4,5,7,12,2,2,1,0,1,69.2,4,0,3,71,0,0,100,14.4,NA,NA,3,1,2,3,NA,NA,NA,6,179,0,0,0,6,75,1.6,9,0,0,41.7,0,0,0,4,3,1,16,4,0,0,0,0,0,1,1,100,0,0,0,"CD_I1002947",FALSE,25,"Paul","Curtis","away","North Melbourne"
"CD_M20250140105","2025-03-15T08:35:00.000+0000","CONCLUDED","Premiership","Round 1",1,"Marvel Stadium","Western Bulldogs","Western Bulldogs","North Melbourne","North Melbourne",5,"https://s.afl.com.au/staticfile/AFL Tenant/AFL/Players/ChampIDImages/AFL/2025014/295136.png?im=Scale,width=0.6,height=0.6","CHB","CD_I295136",FALSE,5,"Caleb","Daniel","CD_T100",NA,83,0,0,NA,13,11,24,3,2,6,4,13,17,2,0,1,0,2,79.2,5,0,1,91,5,0,0,4.2,NA,NA,6,4,0,0,NA,NA,NA,2,410,0,1,1,9,69.2,1.2,19,0,1,23.5,0,0,0,3,0,2,17,15,1,0,0,0,0,0,0,0,0,7,7,"CD_I295136",FALSE,5,"Caleb","Daniel","away","North Melbourne"
"CD_M20250140105","2025-03-15T08:35:00.000+0000","CONCLUDED","Premiership","Round 1",1,"Marvel Stadium","Western Bulldogs","Western Bulldogs","North Melbourne","North Melbourne",28,"https://s.afl.com.au/staticfile/AFL Tenant/AFL/Players/ChampIDImages/AFL/2025014/290838.png?im=Scale,width=0.6,height=0.6","FF","CD_I290838",FALSE,28,"Jack","Darling","CD_T100",NA,93,1,0,NA,9,6,15,5,0,2,10,6,16,3,1,2,1,1,60,5,2,1,68,2,2,100,14.4,NA,NA,4,0,1,1,NA,NA,NA,7,278,1,0,1,6,66.7,1.5,9,2,0,62.5,0,6.7,0,6,2,0,7,4,1,15,0,0,0,7,3,42.9,4,0,0,"CD_I290838",FALSE,28,"Jack","Darling","away","North Melbourne"
"CD_M20250140105","2025-03-15T08:35:00.000+0000","CONCLUDED","Premiership","Round 1",1,"Marvel Stadium","Western Bulldogs","Western Bulldogs","North Melbourne","North Melbourne",9,"https://s.afl.com.au/staticfile/AFL Tenant/AFL/Players/ChampIDImages/AFL/2025014/1002267.png?im=Scale,width=0.6,height=0.6","C","CD_I1002267",FALSE,9,"Luke","Davies-Uniacke","CD_T100",NA,86,2,0,NA,12,8,20,4,0,2,8,11,19,6,1,0,0,0,90,2,3,1,84,1,1,100,18.6,NA,NA,3,1,0,2,NA,NA,NA,8,438,3,2,5,12,100,1.5,18,0,0,42.1,0,0,0,3,1,0,13,6,0,0,0,0,0,0,0,0,24,0,0,"CD_I1002267",FALSE,9,"Luke","Davies-Uniacke","away","North Melbourne"
"CD_M20250140105","2025-03-15T08:35:00.000+0000","CONCLUDED","Premiership","Round 1",1,"Marvel Stadium","Western Bulldogs","Western Bulldogs","North Melbourne","North Melbourne",46,"https://s.afl.com.au/staticfile/AFL Tenant/AFL/Players/ChampIDImages/AFL/2025014/1023144.png?im=Scale,width=0.6,height=0.6","INT","CD_I1023144",FALSE,46,"Robert","Hansen Jr","CD_T100",NA,70,0,0,NA,6,9,15,1,1,0,8,7,15,2,0,0,0,1,93.3,0,0,0,39,0,1,0,12.7,NA,NA,0,2,0,0,NA,NA,NA,6,150,1,5,6,6,100,0.7,14,0,1,53.3,0,0,0,6,1,4,4,2,0,0,0,0,0,0,0,0,0,0,0,"CD_I1023144",FALSE,46,"Robert","Hansen Jr","away","North Melbourne"
"CD_M20250140105","2025-03-15T08:35:00.000+0000","CONCLUDED","Premiership","Round 1",1,"Marvel Stadium","Western Bulldogs","Western Bulldogs","North Melbourne","North Melbourne",41,"https://s.afl.com.au/staticfile/AFL Tenant/AFL/Players/ChampIDImages/AFL/2025014/1023530.png?im=Scale,width=0.6,height=0.6","INT","CD_I1023530",FALSE,41,"Jacob","Konstanty","CD_T100",NA,67,0,0,NA,6,4,10,1,0,6,5,5,10,2,0,0,0,2,80,0,2,0,55,1,1,0,11.9,NA,NA,1,3,2,0,NA,NA,NA,2,124,0,0,0,4,66.7,1.5,8,1,0,50,0,0,0,2,1,1,17,9,0,0,0,0,0,1,1,100,0,0,0,"CD_I1023530",FALSE,41,"Jacob","Konstanty","away","North Melbourne"
"CD_M20250140105","2025-03-15T08:35:00.000+0000","CONCLUDED","Premiership","Round 1",1,"Marvel Stadium","Western Bulldogs","Western Bulldogs","North Melbourne","North Melbourne",20,"https://s.afl.com.au/staticfile/AFL Tenant/AFL/Players/ChampIDImages/AFL/2025014/1001017.png?im=Scale,width=0.6,height=0.6","CHF","CD_I1001017",FALSE,20,"Nick","Larkey","CD_T100",NA,89,5,1,NA,7,1,8,3,0,1,5,3,8,1,3,2,0,1,75,1,1,1,65,0,0,83.3,16.3,NA,NA,1,0,0,6,NA,NA,NA,9,168,0,0,0,5,71.4,7,6,0,0,62.5,0,0,0,1,1,0,7,3,0,0,0,0,0,3,1,33.3,0,0,0,"CD_I1001017",FALSE,20,"Nick","Larkey","away","North Melbourne"
"CD_M20250140105","2025-03-15T08:35:00.000+0000","CONCLUDED","Premiership","Round 1",1,"Marvel Stadium","Western Bulldogs","Western Bulldogs","North Melbourne","North Melbourne",19,"https://s.afl.com.au/staticfile/AFL Tenant/AFL/Players/ChampIDImages/AFL/2025014/997933.png?im=Scale,width=0.6,height=0.6","BPR","CD_I997933",FALSE,19,"Griffin","Logue","CD_T100",NA,71,0,0,NA,4,2,6,1,0,0,2,5,7,1,0,0,0,7,100,0,1,0,20,4,0,0,5.2,NA,NA,2,4,0,0,NA,NA,NA,2,155,0,0,0,4,100,2,6,0,1,28.6,0,0,0,0,0,0,4,4,5,0,0,0,0,0,0,0,0,0,0,"CD_I997933",FALSE,19,"Griffin","Logue","away","North Melbourne"
"CD_M20250140105","2025-03-15T08:35:00.000+0000","CONCLUDED","Premiership","Round 1",1,"Marvel Stadium","Western Bulldogs","Western Bulldogs","North Melbourne","North Melbourne",11,"https://s.afl.com.au/staticfile/AFL Tenant/AFL/Players/ChampIDImages/AFL/2025014/296355.png?im=Scale,width=0.6,height=0.6","INT","CD_I296355",FALSE,11,"Luke","McDonald","CD_T100",NA,84,0,0,NA,11,9,20,5,0,2,6,14,20,2,0,1,0,1,85,3,0,1,71,2,1,0,10.8,NA,NA,3,5,0,0,NA,NA,NA,4,381,1,0,1,9,81.8,1.2,17,0,2,30,0,0,0,5,0,1,9,9,1,0,1,0,0,0,0,0,0,0,0,"CD_I296355",FALSE,11,"Luke","McDonald","away","North Melbourne"
"CD_M20250140105","2025-03-15T08:35:00.000+0000","CONCLUDED","Premiership","Round 1",1,"Marvel Stadium","Western Bulldogs","Western Bulldogs","North Melbourne","North Melbourne",10,"https://s.afl.com.au/staticfile/AFL Tenant/AFL/Players/ChampIDImages/AFL/2025014/1024272.png?im=Scale,width=0.6,height=0.6","HFFR","CD_I1024272",FALSE,10,"Colby","McKercher","CD_T100",NA,78,0,0,NA,9,8,17,3,1,5,5,11,16,3,0,0,0,1,76.5,2,0,0,72,1,0,0,4.6,NA,NA,3,1,2,0,NA,NA,NA,5,166,0,4,4,6,66.7,1.1,13,0,0,31.3,0,0,0,4,0,2,17,10,1,0,0,0,0,0,0,0,0,0,0,"CD_I1024272",FALSE,10,"Colby","McKercher","away","North Melbourne"
"CD_M20250140105","2025-03-15T08:35:00.000+0000","CONCLUDED","Premiership","Round 1",1,"Marvel Stadium","Western Bulldogs","Western Bulldogs","North Melbourne","North Melbourne",2,"https://s.afl.com.au/staticfile/AFL Tenant/AFL/Players/ChampIDImages/AFL/2025014/1028495.png?im=Scale,width=0.6,height=0.6","WL","CD_I1028495",FALSE,2,"Finn","O'Sullivan","CD_T100",NA,82,0,0,NA,10,6,16,3,0,0,3,12,15,2,0,0,0,5,81.3,2,0,0,51,4,0,0,8.6,NA,NA,2,4,0,0,NA,NA,NA,4,246,0,0,0,7,70,1.7,13,0,1,20,0,0,0,3,0,1,12,11,5,0,0,0,0,0,0,0,0,0,0,"CD_I1028495",FALSE,2,"Finn","O'Sullivan","away","North Melbourne"
"CD_M20250140105","2025-03-15T08:35:00.000+0000","CONCLUDED","Premiership","Round 1",1,"Marvel Stadium","Western Bulldogs","Western Bulldogs","North Melbourne","North Melbourne",26,"https://s.afl.com.au/staticfile/AFL Tenant/AFL/Players/ChampIDImages/AFL/2025014/290778.png?im=Scale,width=0.6,height=0.6","R","CD_I290778",FALSE,26,"Luke","Parker","CD_T100",NA,80,0,1,NA,10,11,21,5,0,4,6,14,20,1,0,0,0,0,61.9,2,1,0,85,1,0,0,6.8,NA,NA,4,2,1,1,NA,NA,NA,6,296,0,1,1,4,40,0.9,13,1,0,30,0,0,0,6,2,1,20,11,0,1,0,0,0,0,0,0,19,0,0,"CD_I290778",FALSE,26,"Luke","Parker","away","North Melbourne"
"CD_M20250140105","2025-03-15T08:35:00.000+0000","CONCLUDED","Premiership","Round 1",1,"Marvel Stadium","Western Bulldogs","Western Bulldogs","North Melbourne","North Melbourne",29,"https://s.afl.com.au/staticfile/AFL Tenant/AFL/Players/ChampIDImages/AFL/2025014/1012829.png?im=Scale,width=0.6,height=0.6","INT","CD_I1012829",FALSE,29,"Will","Phillips","CD_T100",NA,49,0,0,NA,3,8,11,3,0,3,6,5,11,2,1,0,0,1,90.9,1,1,1,44,0,0,0,5.2,NA,NA,1,1,0,0,NA,NA,NA,3,94,3,1,4,3,100,0.4,10,0,0,54.5,0,0,0,3,0,0,12,6,0,0,0,0,0,0,0,0,11,0,0,"CD_I1012829",FALSE,29,"Will","Phillips","away","North Melbourne"
"CD_M20250140105","2025-03-15T08:35:00.000+0000","CONCLUDED","Premiership","Round 1",1,"Marvel Stadium","Western Bulldogs","Western Bulldogs","North Melbourne","North Melbourne",24,"https://s.afl.com.au/staticfile/AFL Tenant/AFL/Players/ChampIDImages/AFL/2025014/1011659.png?im=Scale,width=0.6,height=0.6","RR","CD_I1011659",FALSE,24,"Tom","Powell","CD_T100",NA,81,0,1,NA,13,14,27,7,0,8,4,23,27,3,1,0,0,0,70.4,3,0,0,121,3,0,0,2.5,NA,NA,4,1,1,1,NA,NA,NA,4,298,0,3,3,8,61.5,0.9,19,0,0,14.8,0,0,0,2,0,0,17,11,0,0,0,0,0,0,0,0,18,0,0,"CD_I1011659",FALSE,24,"Tom","Powell","away","North Melbourne"
"CD_M20250140105","2025-03-15T08:35:00.000+0000","CONCLUDED","Premiership","Round 1",1,"Marvel Stadium","Western Bulldogs","Western Bulldogs","North Melbourne","North Melbourne",8,"https://s.afl.com.au/staticfile/AFL Tenant/AFL/Players/ChampIDImages/AFL/2025014/1006058.png?im=Scale,width=0.6,height=0.6","HBFL","CD_I1006058",FALSE,8,"Bailey","Scott","CD_T100",NA,81,1,0,NA,10,8,18,2,5,5,7,12,19,3,1,0,0,1,72.2,0,1,0,79,2,2,100,13.3,NA,NA,2,2,0,1,NA,NA,NA,4,392,0,0,0,6,60,1.3,13,0,0,36.8,0,0,0,6,1,0,10,6,1,0,0,0,0,0,0,0,0,0,0,"CD_I1006058",FALSE,8,"Bailey","Scott","away","North Melbourne"
"CD_M20250140105","2025-03-15T08:35:00.000+0000","CONCLUDED","Premiership","Round 1",1,"Marvel Stadium","Western Bulldogs","Western Bulldogs","North Melbourne","North Melbourne",3,"https://s.afl.com.au/staticfile/AFL Tenant/AFL/Players/ChampIDImages/AFL/2025014/1023518.png?im=Scale,width=0.6,height=0.6","HFFL","CD_I1023518",FALSE,3,"Harry","Sheezel","CD_T100",NA,85,0,2,NA,15,16,31,6,0,4,9,22,31,2,1,0,0,2,67.7,1,1,0,114,4,0,0,9.1,NA,NA,3,0,0,2,NA,NA,NA,5,347,4,2,6,8,53.3,0.9,21,1,0,29,0,0,0,7,1,1,19,10,0,0,0,0,0,0,0,0,17,0,0,"CD_I1023518",FALSE,3,"Harry","Sheezel","away","North Melbourne"
"CD_M20250140105","2025-03-15T08:35:00.000+0000","CONCLUDED","Premiership","Round 1",1,"Marvel Stadium","Western Bulldogs","Western Bulldogs","North Melbourne","North Melbourne",12,"https://s.afl.com.au/staticfile/AFL Tenant/AFL/Players/ChampIDImages/AFL/2025014/993998.png?im=Scale,width=0.6,height=0.6","WR","CD_I993998",FALSE,12,"Jy","Simpkin","CD_T100",NA,76,1,1,NA,19,11,30,4,1,7,12,19,31,5,0,0,0,2,60,3,2,1,125,2,1,50,12.5,NA,NA,5,5,0,2,NA,NA,NA,7,407,2,2,4,8,42.1,1.7,18,0,2,38.7,0,0,0,7,2,2,22,12,1,0,0,0,0,1,0,0,10,0,0,"CD_I993998",FALSE,12,"Jy","Simpkin","away","North Melbourne"
"CD_M20250140105","2025-03-15T08:35:00.000+0000","CONCLUDED","Premiership","Round 1",1,"Marvel Stadium","Western Bulldogs","Western Bulldogs","North Melbourne","North Melbourne",13,"https://s.afl.com.au/staticfile/AFL Tenant/AFL/Players/ChampIDImages/AFL/2025014/993816.png?im=Scale,width=0.6,height=0.6","SUB","CD_I993816",FALSE,13,"Darcy","Tucker","CD_T100",NA,33,0,0,NA,2,0,2,2,0,0,0,2,2,1,0,0,0,0,100,0,0,0,12,0,0,0,0.4,NA,NA,0,0,0,0,NA,NA,NA,0,61,0,0,0,2,100,2,2,0,0,0,0,0,0,0,0,0,5,2,0,0,0,0,0,0,0,0,0,0,0,"CD_I993816",FALSE,13,"Darcy","Tucker","away","North Melbourne"
"CD_M20250140105","2025-03-15T08:35:00.000+0000","CONCLUDED","Premiership","Round 1",1,"Marvel Stadium","Western Bulldogs","Western Bulldogs","North Melbourne","North Melbourne",38,"https://s.afl.com.au/staticfile/AFL Tenant/AFL/Players/ChampIDImages/AFL/2025014/1004965.png?im=Scale,width=0.6,height=0.6","RK","CD_I1004965",FALSE,38,"Tristan","Xerri","CD_T100",NA,83,0,0,NA,4,13,17,4,0,7,13,4,17,1,0,2,51,2,64.7,2,0,0,129,2,0,0,16.9,NA,NA,0,3,1,0,NA,NA,NA,5,5,2,3,5,3,75,0.3,11,0,3,76.5,13,54.8,25.5,6,1,4,16,10,2,93,2,0,0,1,1,100,29,0,0,"CD_I1004965",FALSE,38,"Tristan","Xerri","away","North Melbourne"
"CD_M20250140105","2025-03-15T08:35:00.000+0000","CONCLUDED","Premiership","Round 1",1,"Marvel Stadium","Western Bulldogs","Western Bulldogs","North Melbourne","North Melbourne",44,"https://s.afl.com.au/staticfile/AFL Tenant/AFL/Players/ChampIDImages/AFL/2025014/998484.png?im=Scale,width=0.6,height=0.6","FPR","CD_I998484",FALSE,44,"Cameron","Zurhaar","CD_T100",NA,85,1,4,NA,14,6,20,10,0,2,6,14,20,3,6,0,0,2,60,4,0,0,102,0,1,16.7,3.7,NA,NA,4,2,0,6,NA,NA,NA,8,434,0,1,1,7,50,2.3,12,1,2,30,0,0,0,5,4,2,8,2,2,0,0,0,0,1,0,0,0,0,0,"CD_I998484",FALSE,44,"Cameron","Zurhaar","away","North Melbourne"
"CD_M20250140106","2025-03-15T08:35:00.000+0000","CONCLUDED","Premiership","Round 1",1,"MCG","Collingwood","Collingwood","Port Adelaide","Port Adelaide",14,"https://s.afl.com.au/staticfile/AFL Tenant/AFL/Players/ChampIDImages/AFL/2025014/990291.png?im=Scale,width=0.6,height=0.6","RK","CD_I990291",FALSE,14,"Darcy","Cameron","CD_T40",NA,72,0,0,NA,9,5,14,1,0,3,10,5,15,2,0,0,22,2,42.9,4,1,2,69,4,0,0,9,NA,NA,3,1,0,0,NA,NA,NA,1,202,3,4,7,2,22.2,1.8,6,0,1,66.7,4,34.9,18.2,8,0,1,12,8,1,63,1,0,0,0,0,0,25,0,0,"CD_I990291",FALSE,14,"Darcy","Cameron","home","Collingwood"
"CD_M20250140106","2025-03-15T08:35:00.000+0000","CONCLUDED","Premiership","Round 1",1,"MCG","Collingwood","Collingwood","Port Adelaide","Port Adelaide",25,"https://s.afl.com.au/staticfile/AFL Tenant/AFL/Players/ChampIDImages/AFL/2025014/293871.png?im=Scale,width=0.6,height=0.6","WR","CD_I293871",FALSE,25,"Jack","Crisp","CD_T40",NA,87,0,0,NA,11,15,26,3,0,7,12,14,26,8,0,0,0,2,76.9,3,1,0,101,3,1,0,17,NA,NA,4,5,2,0,NA,NA,NA,6,470,1,3,4,7,63.6,0.7,20,0,0,46.2,0,0,0,9,1,3,18,9,2,0,0,0,0,0,0,0,1,0,0,"CD_I293871",FALSE,25,"Jack","Crisp","home","Collingwood"
"CD_M20250140106","2025-03-15T08:35:00.000+0000","CONCLUDED","Premiership","Round 1",1,"MCG","Collingwood","Collingwood","Port Adelaide","Port Adelaide",7,"https://s.afl.com.au/staticfile/AFL Tenant/AFL/Players/ChampIDImages/AFL/2025014/1005054.png?im=Scale,width=0.6,height=0.6","HBFL","CD_I1005054",FALSE,7,"Josh","Daicos","CD_T40",NA,88,0,0,NA,11,15,26,5,0,5,7,15,22,3,0,1,0,2,73.1,3,1,0,99,4,0,0,12.3,NA,NA,3,9,0,0,NA,NA,NA,4,309,0,2,2,8,72.7,0.7,19,0,2,31.8,0,0,0,5,0,1,12,11,2,0,1,0,0,0,0,0,0,2,2,"CD_I1005054",FALSE,7,"Josh","Daicos","home","Collingwood"
"CD_M20250140106","2025-03-15T08:35:00.000+0000","CONCLUDED","Premiership","Round 1",1,"MCG","Collingwood","Collingwood","Port Adelaide","Port Adelaide",35,"https://s.afl.com.au/staticfile/AFL Tenant/AFL/Players/ChampIDImages/AFL/2025014/1023261.png?im=Scale,width=0.6,height=0.6","R","CD_I1023261",FALSE,35,"Nick","Daicos","CD_T40",NA,75,1,1,NA,19,7,26,6,0,1,6,18,24,9,0,0,0,0,80.8,4,1,2,95,0,2,50,19.7,NA,NA,6,2,1,2,NA,NA,NA,8,610,2,2,4,14,73.7,2.7,21,1,0,25,0,0,0,4,2,0,11,7,0,0,0,0,0,0,0,0,21,0,0,"CD_I1023261",FALSE,35,"Nick","Daicos","home","Collingwood"
"CD_M20250140106","2025-03-15T08:35:00.000+0000","CONCLUDED","Premiership","Round 1",1,"MCG","Collingwood","Collingwood","Port Adelaide","Port Adelaide",5,"https://s.afl.com.au/staticfile/AFL Tenant/AFL/Players/ChampIDImages/AFL/2025014/293801.png?im=Scale,width=0.6,height=0.6","FPL","CD_I293801",FALSE,5,"Jamie","Elliott","CD_T40",NA,83,2,1,NA,7,3,10,3,2,2,3,6,9,1,2,1,0,0,80,1,1,1,55,0,2,66.7,13.9,NA,NA,2,2,1,3,NA,NA,NA,6,193,0,0,0,5,71.4,2.3,8,0,0,33.3,0,0,0,1,0,1,14,1,0,0,0,0,0,0,0,0,0,0,0,"CD_I293801",FALSE,5,"Jamie","Elliott","home","Collingwood"
"CD_M20250140106","2025-03-15T08:35:00.000+0000","CONCLUDED","Premiership","Round 1",1,"MCG","Collingwood","Collingwood","Port Adelaide","Port Adelaide",23,"https://s.afl.com.au/staticfile/AFL Tenant/AFL/Players/ChampIDImages/AFL/2025014/1006148.png?im=Scale,width=0.6,height=0.6","INT","CD_I1006148",FALSE,23,"Bobby","Hill","CD_T40",NA,76,2,0,NA,6,4,10,2,1,0,1,9,10,3,1,0,0,1,90,5,0,3,35,0,3,100,7.3,NA,NA,4,0,0,2,NA,NA,NA,7,230,0,0,0,5,83.3,1.5,9,0,0,10,0,0,0,1,1,0,7,2,1,0,0,0,0,3,0,0,0,0,0,"CD_I1006148",FALSE,23,"Bobby","Hill","home","Collingwood"
"CD_M20250140106","2025-03-15T08:35:00.000+0000","CONCLUDED","Premiership","Round 1",1,"MCG","Collingwood","Collingwood","Port Adelaide","Port Adelaide",9,"https://s.afl.com.au/staticfile/AFL Tenant/AFL/Players/ChampIDImages/AFL/2025014/994295.png?im=Scale,width=0.6,height=0.6","HBFR","CD_I994295",FALSE,9,"Dan","Houston","CD_T40",NA,78,0,0,NA,14,13,27,2,0,5,8,17,25,5,0,0,0,4,88.9,3,1,1,92,3,0,0,13.4,NA,NA,3,10,0,0,NA,NA,NA,6,287,0,1,1,12,85.7,1.1,24,1,1,32,0,0,0,7,0,3,12,7,3,0,1,1,100,0,0,0,0,3,3,"CD_I994295",FALSE,9,"Dan","Houston","home","Collingwood"
"CD_M20250140106","2025-03-15T08:35:00.000+0000","CONCLUDED","Premiership","Round 1",1,"MCG","Collingwood","Collingwood","Port Adelaide","Port Adelaide",38,"https://s.afl.com.au/staticfile/AFL Tenant/AFL/Players/ChampIDImages/AFL/2025014/291313.png?im=Scale,width=0.6,height=0.6","INT","CD_I291313",FALSE,38,"Jeremy","Howe","CD_T40",NA,60,0,0,NA,9,1,10,3,0,0,0,7,7,0,0,0,0,4,60,2,0,0,38,4,0,0,3.2,NA,NA,4,3,0,0,NA,NA,NA,2,222,0,0,0,6,66.7,9,6,0,3,0,0,0,0,0,0,2,5,2,4,0,0,0,0,0,0,0,0,3,3,"CD_I291313",FALSE,38,"Jeremy","Howe","home","Collingwood"
"CD_M20250140106","2025-03-15T08:35:00.000+0000","CONCLUDED","Premiership","Round 1",1,"MCG","Collingwood","Collingwood","Port Adelaide","Port Adelaide",1,"https://s.afl.com.au/staticfile/AFL Tenant/AFL/Players/ChampIDImages/AFL/2025014/1003130.png?im=Scale,width=0.6,height=0.6","WL","CD_I1003130",FALSE,1,"Patrick","Lipinski","CD_T40",NA,88,1,1,NA,16,8,24,8,1,1,4,20,24,5,0,0,0,1,79.2,3,1,1,97,4,1,50,9,NA,NA,2,3,1,2,NA,NA,NA,7,487,0,1,1,12,75,2,19,0,0,16.7,0,0,0,3,0,1,9,5,1,0,0,0,0,0,0,0,0,0,0,"CD_I1003130",FALSE,1,"Patrick","Lipinski","home","Collingwood"
"CD_M20250140106","2025-03-15T08:35:00.000+0000","CONCLUDED","Premiership","Round 1",1,"MCG","Collingwood","Collingwood","Port Adelaide","Port Adelaide",44,"https://s.afl.com.au/staticfile/AFL Tenant/AFL/Players/ChampIDImages/AFL/2025014/1017124.png?im=Scale,width=0.6,height=0.6","INT","CD_I1017124",FALSE,44,"Ned","Long","CD_T40",NA,72,0,1,NA,12,12,24,1,0,7,14,10,24,2,0,0,1,3,70.8,5,3,2,90,0,2,0,17.2,NA,NA,6,4,0,2,NA,NA,NA,5,344,3,2,5,6,50,1,17,0,0,58.3,0,20,0,11,2,2,28,15,1,5,0,0,0,0,0,0,22,0,0,"CD_I1017124",FALSE,44,"Ned","Long","home","Collingwood"
"CD_M20250140106","2025-03-15T08:35:00.000+0000","CONCLUDED","Premiership","Round 1",1,"MCG","Collingwood","Collingwood","Port Adelaide","Port Adelaide",4,"https://s.afl.com.au/staticfile/AFL Tenant/AFL/Players/ChampIDImages/AFL/2025014/992010.png?im=Scale,width=0.6,height=0.6","BPL","CD_I992010",FALSE,4,"Brayden","Maynard","CD_T40",NA,82,2,0,NA,12,2,14,3,0,3,5,11,16,3,0,0,0,8,64.3,2,0,0,73,3,0,100,20.7,NA,NA,3,6,0,2,NA,NA,NA,6,522,1,0,1,8,66.7,6,9,0,1,31.3,0,0,0,1,0,1,8,7,3,0,1,0,0,0,0,0,0,0,0,"CD_I992010",FALSE,4,"Brayden","Maynard","home","Collingwood"
"CD_M20250140106","2025-03-15T08:35:00.000+0000","CONCLUDED","Premiership","Round 1",1,"MCG","Collingwood","Collingwood","Port Adelaide","Port Adelaide",31,"https://s.afl.com.au/staticfile/AFL Tenant/AFL/Players/ChampIDImages/AFL/2025014/1004757.png?im=Scale,width=0.6,height=0.6","FPR","CD_I1004757",FALSE,31,"Beau","McCreery","CD_T40",NA,73,0,1,NA,8,4,12,5,0,2,0,12,12,1,1,0,0,0,66.7,2,0,0,56,0,2,0,2,NA,NA,4,0,0,1,NA,NA,NA,4,224,0,0,0,4,50,2,8,3,0,0,0,0,0,0,0,0,10,6,0,0,0,0,0,0,0,0,1,0,0,"CD_I1004757",FALSE,31,"Beau","McCreery","home","Collingwood"
"CD_M20250140106","2025-03-15T08:35:00.000+0000","CONCLUDED","Premiership","Round 1",1,"MCG","Collingwood","Collingwood","Port Adelaide","Port Adelaide",26,"https://s.afl.com.au/staticfile/AFL Tenant/AFL/Players/ChampIDImages/AFL/2025014/1013278.png?im=Scale,width=0.6,height=0.6","CHB","CD_I1013278",FALSE,26,"Reef","McInnes","CD_T40",NA,82,0,0,NA,9,2,11,6,0,1,2,9,11,1,0,0,0,3,81.8,0,1,0,54,3,0,0,6,NA,NA,1,4,0,0,NA,NA,NA,2,195,0,0,0,8,88.9,4.5,9,0,1,18.2,0,0,0,1,0,1,6,4,3,0,1,1,100,0,0,0,0,0,0,"CD_I1013278",FALSE,26,"Reef","McInnes","home","Collingwood"
"CD_M20250140106","2025-03-15T08:35:00.000+0000","CONCLUDED","Premiership","Round 1",1,"MCG","Collingwood","Collingwood","Port Adelaide","Port Adelaide",11,"https://s.afl.com.au/staticfile/AFL Tenant/AFL/Players/ChampIDImages/AFL/2025014/297504.png?im=Scale,width=0.6,height=0.6","CHF","CD_I297504",FALSE,11,"Daniel","McStay","CD_T40",NA,82,3,2,NA,10,11,21,7,0,5,10,11,21,2,3,4,10,1,66.7,1,1,0,124,0,0,50,13.9,NA,NA,4,1,1,6,NA,NA,NA,8,252,1,2,3,6,60,0.9,14,0,0,47.6,1,37,10,3,1,2,18,6,1,27,0,0,0,2,0,0,5,0,0,"CD_I297504",FALSE,11,"Daniel","McStay","home","Collingwood"
"CD_M20250140106","2025-03-15T08:35:00.000+0000","CONCLUDED","Premiership","Round 1",1,"MCG","Collingwood","Collingwood","Port Adelaide","Port Adelaide",28,"https://s.afl.com.au/staticfile/AFL Tenant/AFL/Players/ChampIDImages/AFL/2025014/294596.png?im=Scale,width=0.6,height=0.6","INT","CD_I294596",FALSE,28,"Tim","Membrey","CD_T40",NA,78,4,1,NA,12,5,17,10,0,1,6,11,17,4,4,2,1,1,70.6,1,0,0,106,0,2,80,12.3,NA,NA,2,2,1,5,NA,NA,NA,11,263,0,0,0,8,66.7,2.4,12,0,1,35.3,0,33.3,0,4,2,1,7,1,1,3,0,0,0,0,0,0,0,0,0,"CD_I294596",FALSE,28,"Tim","Membrey","home","Collingwood"
"CD_M20250140106","2025-03-15T08:35:00.000+0000","CONCLUDED","Premiership","Round 1",1,"MCG","Collingwood","Collingwood","Port Adelaide","Port Adelaide",41,"https://s.afl.com.au/staticfile/AFL Tenant/AFL/Players/ChampIDImages/AFL/2025014/291849.png?im=Scale,width=0.6,height=0.6","FF","CD_I291849",FALSE,41,"Brody","Mihocek","CD_T40",NA,86,3,0,NA,4,5,9,3,0,2,5,4,9,0,2,2,0,0,66.7,0,0,0,57,0,0,75,11.8,NA,NA,1,2,1,4,NA,NA,NA,5,91,0,0,0,3,75,0.8,6,1,0,55.6,0,0,0,3,2,0,11,1,0,0,0,0,0,1,0,0,0,0,0,"CD_I291849",FALSE,41,"Brody","Mihocek","home","Collingwood"
"CD_M20250140106","2025-03-15T08:35:00.000+0000","CONCLUDED","Premiership","Round 1",1,"MCG","Collingwood","Collingwood","Port Adelaide","Port Adelaide",30,"https://s.afl.com.au/staticfile/AFL Tenant/AFL/Players/ChampIDImages/AFL/2025014/298288.png?im=Scale,width=0.6,height=0.6","FB","CD_I298288",FALSE,30,"Darcy","Moore","CD_T40",NA,89,0,0,NA,8,2,10,7,1,2,3,7,10,1,0,1,0,11,90,0,2,0,59,5,0,0,11.8,NA,NA,1,7,0,0,NA,NA,NA,3,238,0,0,0,7,87.5,4,9,0,3,30,0,0,0,1,0,2,6,5,9,0,7,0,0,0,0,0,0,0,0,"CD_I298288",FALSE,30,"Darcy","Moore","home","Collingwood"
"CD_M20250140106","2025-03-15T08:35:00.000+0000","CONCLUDED","Premiership","Round 1",1,"MCG","Collingwood","Collingwood","Port Adelaide","Port Adelaide",10,"https://s.afl.com.au/staticfile/AFL Tenant/AFL/Players/ChampIDImages/AFL/2025014/260257.png?im=Scale,width=0.6,height=0.6","SUB","CD_I260257",FALSE,10,"Scott","Pendlebury","CD_T40",NA,28,0,1,NA,3,5,8,2,0,1,2,6,8,2,1,0,0,0,75,1,0,0,30,1,1,0,2.4,NA,NA,1,1,0,1,NA,NA,NA,2,121,0,1,1,1,33.3,0.6,6,0,0,25,0,0,0,2,0,0,15,7,0,0,0,0,0,0,0,0,9,0,0,"CD_I260257",FALSE,10,"Scott","Pendlebury","home","Collingwood"
"CD_M20250140106","2025-03-15T08:35:00.000+0000","CONCLUDED","Premiership","Round 1",1,"MCG","Collingwood","Collingwood","Port Adelaide","Port Adelaide",12,"https://s.afl.com.au/staticfile/AFL Tenant/AFL/Players/ChampIDImages/AFL/2025014/998205.png?im=Scale,width=0.6,height=0.6","C","CD_I998205",FALSE,12,"Harry","Perryman","CD_T40",NA,78,0,0,NA,7,6,13,1,0,4,5,7,12,5,0,0,0,1,92.3,1,0,1,49,0,1,0,10.8,NA,NA,1,4,2,0,NA,NA,NA,3,210,1,1,2,6,85.7,1.2,12,0,0,41.7,0,0,0,5,2,2,22,11,0,0,0,0,0,0,0,0,13,0,0,"CD_I998205",FALSE,12,"Harry","Perryman","home","Collingwood"
"CD_M20250140106","2025-03-15T08:35:00.000+0000","CONCLUDED","Premiership","Round 1",1,"MCG","Collingwood","Collingwood","Port Adelaide","Port Adelaide",3,"https://s.afl.com.au/staticfile/AFL Tenant/AFL/Players/ChampIDImages/AFL/2025014/1008089.png?im=Scale,width=0.6,height=0.6","BPR","CD_I1008089",FALSE,3,"Isaac","Quaynor","CD_T40",NA,87,0,0,NA,10,6,16,5,0,0,1,15,16,0,0,0,0,2,93.8,1,0,0,57,4,0,0,8.3,NA,NA,1,1,0,0,NA,NA,NA,4,313,0,0,0,9,90,1.7,15,1,0,6.3,0,0,0,0,0,0,11,7,1,0,0,0,0,0,0,0,0,1,1,"CD_I1008089",FALSE,3,"Isaac","Quaynor","home","Collingwood"
"CD_M20250140106","2025-03-15T08:35:00.000+0000","CONCLUDED","Premiership","Round 1",1,"MCG","Collingwood","Collingwood","Port Adelaide","Port Adelaide",8,"https://s.afl.com.au/staticfile/AFL Tenant/AFL/Players/ChampIDImages/AFL/2025014/1000860.png?im=Scale,width=0.6,height=0.6","HFFL","CD_I1000860",FALSE,8,"Lachie","Schultz","CD_T40",NA,84,1,0,NA,5,12,17,4,0,7,9,8,17,1,2,0,0,1,82.4,3,2,2,81,0,1,50,12,NA,NA,1,6,4,2,NA,NA,NA,6,74,0,0,0,3,60,0.4,14,1,0,52.9,0,0,0,7,2,4,24,8,1,0,0,0,0,1,0,0,0,0,0,"CD_I1000860",FALSE,8,"Lachie","Schultz","home","Collingwood"
"CD_M20250140106","2025-03-15T08:35:00.000+0000","CONCLUDED","Premiership","Round 1",1,"MCG","Collingwood","Collingwood","Port Adelaide","Port Adelaide",22,"https://s.afl.com.au/staticfile/AFL Tenant/AFL/Players/ChampIDImages/AFL/2025014/280965.png?im=Scale,width=0.6,height=0.6","RR","CD_I280965",FALSE,22,"Steele","Sidebottom","CD_T40",NA,85,1,0,NA,16,15,31,3,1,6,11,18,29,6,0,0,0,0,74.2,4,2,3,110,4,0,100,18.3,NA,NA,5,3,1,1,NA,NA,NA,5,415,1,2,3,12,75,1.1,23,0,0,37.9,0,0,0,8,0,1,18,10,0,0,0,0,0,0,0,0,20,0,0,"CD_I280965",FALSE,22,"Steele","Sidebottom","home","Collingwood"
"CD_M20250140106","2025-03-15T08:35:00.000+0000","CONCLUDED","Premiership","Round 1",1,"MCG","Collingwood","Collingwood","Port Adelaide","Port Adelaide",33,"https://s.afl.com.au/staticfile/AFL Tenant/AFL/Players/ChampIDImages/AFL/2025014/998480.png?im=Scale,width=0.6,height=0.6","HFFR","CD_I998480",FALSE,33,"Lachlan","Sullivan","CD_T40",NA,85,1,0,NA,5,7,12,1,0,4,6,7,13,1,1,0,0,1,58.3,3,1,0,55,0,0,50,9.4,NA,NA,4,3,0,2,NA,NA,NA,4,95,1,1,2,3,60,0.7,7,0,0,46.2,0,0,0,4,1,2,14,4,0,0,0,0,0,0,0,0,7,0,0,"CD_I998480",FALSE,33,"Lachlan","Sullivan","home","Collingwood"
"CD_M20250140106","2025-03-15T08:35:00.000+0000","CONCLUDED","Premiership","Round 1",1,"MCG","Collingwood","Collingwood","Port Adelaide","Port Adelaide",21,"https://s.afl.com.au/staticfile/AFL Tenant/AFL/Players/ChampIDImages/AFL/2025014/294469.png?im=Scale,width=0.6,height=0.6","FB","CD_I294469",FALSE,21,"Aliir","Aliir","CD_T110",NA,100,0,0,NA,8,4,12,3,0,2,6,6,12,1,0,1,0,6,66.7,1,0,0,49,4,0,0,8.8,NA,NA,5,4,0,0,NA,NA,NA,2,247,0,1,1,5,62.5,2,8,0,1,50,0,0,0,5,0,1,6,6,6,0,1,0,0,0,0,0,0,0,0,"CD_I294469",FALSE,21,"Aliir","Aliir","away","Port Adelaide"
"CD_M20250140106","2025-03-15T08:35:00.000+0000","CONCLUDED","Premiership","Round 1",1,"MCG","Collingwood","Collingwood","Port Adelaide","Port Adelaide",14,"https://s.afl.com.au/staticfile/AFL Tenant/AFL/Players/ChampIDImages/AFL/2025014/1009191.png?im=Scale,width=0.6,height=0.6","CHB","CD_I1009191",FALSE,14,"Miles","Bergman","CD_T110",NA,89,0,0,NA,10,6,16,5,1,3,6,10,16,2,0,0,0,1,62.5,3,2,0,71,5,0,0,10.8,NA,NA,5,6,0,1,NA,NA,NA,1,340,0,0,0,8,80,1.7,10,0,2,37.5,0,0,0,4,0,0,15,13,1,0,0,0,0,0,0,0,5,0,0,"CD_I1009191",FALSE,14,"Miles","Bergman","away","Port Adelaide"
"CD_M20250140106","2025-03-15T08:35:00.000+0000","CONCLUDED","Premiership","Round 1",1,"MCG","Collingwood","Collingwood","Port Adelaide","Port Adelaide",5,"https://s.afl.com.au/staticfile/AFL Tenant/AFL/Players/ChampIDImages/AFL/2025014/1028529.png?im=Scale,width=0.6,height=0.6","INT","CD_I1028529",FALSE,5,"Joe","Berry","CD_T110",NA,74,0,1,NA,6,3,9,6,0,0,0,9,9,2,1,0,0,1,88.9,2,0,1,40,0,0,0,-2.1,NA,NA,3,0,0,1,NA,NA,NA,2,87,0,0,0,5,83.3,2,8,0,0,0,0,0,0,0,0,0,12,5,1,0,0,0,0,0,0,0,1,0,0,"CD_I1028529",FALSE,5,"Joe","Berry","away","Port Adelaide"
"CD_M20250140106","2025-03-15T08:35:00.000+0000","CONCLUDED","Premiership","Round 1",1,"MCG","Collingwood","Collingwood","Port Adelaide","Port Adelaide",10,"https://s.afl.com.au/staticfile/AFL Tenant/AFL/Players/ChampIDImages/AFL/2025014/250365.png?im=Scale,width=0.6,height=0.6","INT","CD_I250365",FALSE,10,"Travis","Boak","CD_T110",NA,72,1,1,NA,9,19,28,8,1,6,12,19,31,1,2,0,0,4,67.9,5,1,2,115,2,0,50,7.9,NA,NA,6,6,0,2,NA,NA,NA,5,297,0,3,3,3,33.3,0.5,19,0,1,38.7,0,0,0,8,1,1,17,8,1,0,0,0,0,0,0,0,5,0,0,"CD_I250365",FALSE,10,"Travis","Boak","away","Port Adelaide"
"CD_M20250140106","2025-03-15T08:35:00.000+0000","CONCLUDED","Premiership","Round 1",1,"MCG","Collingwood","Collingwood","Port Adelaide","Port Adelaide",7,"https://s.afl.com.au/staticfile/AFL Tenant/AFL/Players/ChampIDImages/AFL/2025014/1013462.png?im=Scale,width=0.6,height=0.6","WL","CD_I1013462",FALSE,7,"Jase","Burgoyne","CD_T110",NA,80,0,0,NA,5,11,16,2,0,2,6,10,16,0,0,0,0,0,81.3,4,0,1,48,2,0,0,7.2,NA,NA,3,4,0,0,NA,NA,NA,2,114,0,2,2,2,40,0.5,13,0,1,37.5,0,0,0,6,1,1,13,9,0,0,0,0,0,0,0,0,0,0,0,"CD_I1013462",FALSE,7,"Jase","Burgoyne","away","Port Adelaide"
"CD_M20250140106","2025-03-15T08:35:00.000+0000","CONCLUDED","Premiership","Round 1",1,"MCG","Collingwood","Collingwood","Port Adelaide","Port Adelaide",3,"https://s.afl.com.au/staticfile/AFL Tenant/AFL/Players/ChampIDImages/AFL/2025014/992128.png?im=Scale,width=0.6,height=0.6","SUB","CD_I992128",FALSE,3,"Ryan","Burton","CD_T110",NA,29,0,0,NA,9,4,13,3,0,0,4,7,11,2,1,0,0,0,61.5,0,1,0,45,1,0,0,3.3,NA,NA,2,4,0,1,NA,NA,NA,3,207,0,1,1,6,66.7,2.3,8,0,1,36.4,0,0,0,3,0,2,4,2,0,0,0,0,0,0,0,0,0,2,2,"CD_I992128",FALSE,3,"Ryan","Burton","away","Port Adelaide"
"CD_M20250140106","2025-03-15T08:35:00.000+0000","CONCLUDED","Premiership","Round 1",1,"MCG","Collingwood","Collingwood","Port Adelaide","Port Adelaide",33,"https://s.afl.com.au/staticfile/AFL Tenant/AFL/Players/ChampIDImages/AFL/2025014/991930.png?im=Scale,width=0.6,height=0.6","HFFL","CD_I991930",FALSE,33,"Darcy","Byrne-Jones","CD_T110",NA,83,1,1,NA,5,4,9,3,0,1,2,6,8,1,2,0,0,1,66.7,2,0,1,40,0,1,50,7.8,NA,NA,2,0,1,2,NA,NA,NA,5,108,0,0,0,3,60,1.3,6,2,0,25,0,0,0,2,2,0,24,8,0,0,0,0,0,2,1,50,0,0,0,"CD_I991930",FALSE,33,"Darcy","Byrne-Jones","away","Port Adelaide"
"CD_M20250140106","2025-03-15T08:35:00.000+0000","CONCLUDED","Premiership","Round 1",1,"MCG","Collingwood","Collingwood","Port Adelaide","Port Adelaide",28,"https://s.afl.com.au/staticfile/AFL Tenant/AFL/Players/ChampIDImages/AFL/2025014/1000972.png?im=Scale,width=0.6,height=0.6","C","CD_I1000972",FALSE,28,"Willem","Drew","CD_T110",NA,79,0,1,NA,6,10,16,0,0,5,8,9,17,3,0,0,0,3,68.8,3,2,1,58,0,0,0,11.9,NA,NA,3,2,0,1,NA,NA,NA,4,119,1,3,4,3,50,0.6,11,0,0,47.1,0,0,0,5,2,0,20,10,0,0,0,0,0,0,0,0,21,0,0,"CD_I1000972",FALSE,28,"Willem","Drew","away","Port Adelaide"
"CD_M20250140106","2025-03-15T08:35:00.000+0000","CONCLUDED","Premiership","Round 1",1,"MCG","Collingwood","Collingwood","Port Adelaide","Port Adelaide",22,"https://s.afl.com.au/staticfile/AFL Tenant/AFL/Players/ChampIDImages/AFL/2025014/1019938.png?im=Scale,width=0.6,height=0.6","HBFL","CD_I1019938",FALSE,22,"Logan","Evans","CD_T110",NA,86,0,0,NA,5,5,10,0,0,0,4,5,9,1,0,0,0,6,70,2,1,1,23,3,0,0,9.2,NA,NA,2,6,0,0,NA,NA,NA,2,98,0,0,0,3,60,1,7,0,0,44.4,0,0,0,2,0,1,14,12,4,0,2,0,0,0,0,0,0,0,0,"CD_I1019938",FALSE,22,"Logan","Evans","away","Port Adelaide"
"CD_M20250140106","2025-03-15T08:35:00.000+0000","CONCLUDED","Premiership","Round 1",1,"MCG","Collingwood","Collingwood","Port Adelaide","Port Adelaide",6,"https://s.afl.com.au/staticfile/AFL Tenant/AFL/Players/ChampIDImages/AFL/2025014/1002253.png?im=Scale,width=0.6,height=0.6","HBFR","CD_I1002253",FALSE,6,"Kane","Farrell","CD_T110",NA,80,0,0,NA,14,9,23,6,0,3,6,15,21,3,0,0,0,2,78.3,2,1,1,88,4,0,0,15.2,NA,NA,5,7,0,0,NA,NA,NA,3,417,0,1,1,11,78.6,1.6,18,0,3,28.6,0,0,0,5,0,1,10,7,2,0,0,0,0,0,0,0,0,3,3,"CD_I1002253",FALSE,6,"Kane","Farrell","away","Port Adelaide"
"CD_M20250140106","2025-03-15T08:35:00.000+0000","CONCLUDED","Premiership","Round 1",1,"MCG","Collingwood","Collingwood","Port Adelaide","Port Adelaide",11,"https://s.afl.com.au/staticfile/AFL Tenant/AFL/Players/ChampIDImages/AFL/2025014/298111.png?im=Scale,width=0.6,height=0.6","BPL","CD_I298111",FALSE,11,"Jeremy","Finlayson","CD_T110",NA,99,0,0,NA,16,3,19,10,1,0,3,14,17,0,0,1,0,4,68.4,2,0,0,84,4,0,0,3.6,NA,NA,6,5,0,0,NA,NA,NA,0,348,0,0,0,11,68.8,5.3,13,0,1,17.6,0,0,0,2,0,0,7,7,4,0,2,0,0,0,0,0,0,2,1,"CD_I298111",FALSE,11,"Jeremy","Finlayson","away","Port Adelaide"
"CD_M20250140106","2025-03-15T08:35:00.000+0000","CONCLUDED","Premiership","Round 1",1,"MCG","Collingwood","Collingwood","Port Adelaide","Port Adelaide",19,"https://s.afl.com.au/staticfile/AFL Tenant/AFL/Players/ChampIDImages/AFL/2025014/1010174.png?im=Scale,width=0.6,height=0.6","FF","CD_I1010174",FALSE,19,"Mitch","Georgiades","CD_T110",NA,82,0,1,NA,4,3,7,4,0,1,0,8,8,0,2,0,0,1,57.1,1,0,1,32,0,1,0,-1.4,NA,NA,1,0,1,1,NA,NA,NA,4,71,0,0,0,2,50,1.3,4,1,0,0,0,0,0,0,0,0,10,4,1,0,0,0,0,4,0,0,0,0,0,"CD_I1010174",FALSE,19,"Mitch","Georgiades","away","Port Adelaide"
"CD_M20250140106","2025-03-15T08:35:00.000+0000","CONCLUDED","Premiership","Round 1",1,"MCG","Collingwood","Collingwood","Port Adelaide","Port Adelaide",18,"https://s.afl.com.au/staticfile/AFL Tenant/AFL/Players/ChampIDImages/AFL/2025014/1011640.png?im=Scale,width=0.6,height=0.6","R","CD_I1011640",FALSE,18,"Jason","Horne-Francis","CD_T110",NA,75,1,0,NA,19,6,25,1,1,1,8,16,24,4,1,0,0,1,68,5,3,1,82,2,0,50,13,NA,NA,5,0,1,2,NA,NA,NA,4,330,4,3,7,11,57.9,3.2,17,0,0,33.3,0,0,0,4,2,0,19,10,1,0,0,0,0,0,0,0,24,0,0,"CD_I1011640",FALSE,18,"Jason","Horne-Francis","away","Port Adelaide"
"CD_M20250140106","2025-03-15T08:35:00.000+0000","CONCLUDED","Premiership","Round 1",1,"MCG","Collingwood","Collingwood","Port Adelaide","Port Adelaide",34,"https://s.afl.com.au/staticfile/AFL Tenant/AFL/Players/ChampIDImages/AFL/2025014/1011583.png?im=Scale,width=0.6,height=0.6","BPR","CD_I1011583",FALSE,34,"Lachie","Jones","CD_T110",NA,52,0,0,NA,2,2,4,1,0,1,2,2,4,0,0,0,0,1,75,2,1,0,18,2,0,0,1.1,NA,NA,2,1,0,0,NA,NA,NA,0,69,0,1,1,1,50,1,3,0,0,50,0,0,0,2,0,0,2,2,1,0,0,0,0,0,0,0,0,0,0,"CD_I1011583",FALSE,34,"Lachie","Jones","away","Port Adelaide"
"CD_M20250140106","2025-03-15T08:35:00.000+0000","CONCLUDED","Premiership","Round 1",1,"MCG","Collingwood","Collingwood","Port Adelaide","Port Adelaide",12,"https://s.afl.com.au/staticfile/AFL Tenant/AFL/Players/ChampIDImages/AFL/2025014/1004095.png?im=Scale,width=0.6,height=0.6","FPR","CD_I1004095",FALSE,12,"Jack","Lukosius","CD_T110",NA,85,1,0,NA,8,3,11,4,0,1,3,7,10,3,0,0,0,0,72.7,4,0,2,46,0,0,100,8.7,NA,NA,4,1,1,1,NA,NA,NA,2,281,0,0,0,6,75,2.7,8,0,0,30,0,0,0,3,0,0,8,3,0,0,0,0,0,3,1,33.3,0,0,0,"CD_I1004095",FALSE,12,"Jack","Lukosius","away","Port Adelaide"
"CD_M20250140106","2025-03-15T08:35:00.000+0000","CONCLUDED","Premiership","Round 1",1,"MCG","Collingwood","Collingwood","Port Adelaide","Port Adelaide",44,"https://s.afl.com.au/staticfile/AFL Tenant/AFL/Players/ChampIDImages/AFL/2025014/1005326.png?im=Scale,width=0.6,height=0.6","WR","CD_I1005326",FALSE,44,"Jackson","Mead","CD_T110",NA,83,0,0,NA,6,10,16,5,1,2,6,12,18,3,0,0,0,3,81.3,2,1,1,59,3,1,0,14,NA,NA,4,4,0,0,NA,NA,NA,4,201,0,2,2,5,83.3,0.6,13,0,2,33.3,0,0,0,4,1,3,16,10,2,0,0,0,0,0,0,0,2,0,0,"CD_I1005326",FALSE,44,"Jackson","Mead","away","Port Adelaide"
"CD_M20250140106","2025-03-15T08:35:00.000+0000","CONCLUDED","Premiership","Round 1",1,"MCG","Collingwood","Collingwood","Port Adelaide","Port Adelaide",2,"https://s.afl.com.au/staticfile/AFL Tenant/AFL/Players/ChampIDImages/AFL/2025014/993979.png?im=Scale,width=0.6,height=0.6","FPL","CD_I993979",FALSE,2,"Sam","Powell-Pepper","CD_T110",NA,78,0,1,NA,4,4,8,3,0,0,1,7,8,2,1,0,0,0,75,1,0,1,27,0,0,0,0.2,NA,NA,0,1,0,1,NA,NA,NA,3,41,0,0,0,2,50,1,6,0,0,12.5,0,0,0,1,0,0,12,1,0,0,0,0,0,1,0,0,0,0,0,"CD_I993979",FALSE,2,"Sam","Powell-Pepper","away","Port Adelaide"
"CD_M20250140106","2025-03-15T08:35:00.000+0000","CONCLUDED","Premiership","Round 1",1,"MCG","Collingwood","Collingwood","Port Adelaide","Port Adelaide",35,"https://s.afl.com.au/staticfile/AFL Tenant/AFL/Players/ChampIDImages/AFL/2025014/1008239.png?im=Scale,width=0.6,height=0.6","CHF","CD_I1008239",FALSE,35,"Joe","Richards","CD_T110",NA,83,0,1,NA,8,7,15,4,1,2,2,12,14,3,0,0,0,0,66.7,2,1,0,60,1,0,0,4.1,NA,NA,3,1,1,1,NA,NA,NA,5,230,0,0,0,5,62.5,1.1,10,0,0,14.3,0,0,0,1,1,0,18,6,0,0,0,0,0,0,0,0,0,0,0,"CD_I1008239",FALSE,35,"Joe","Richards","away","Port Adelaide"
"CD_M20250140106","2025-03-15T08:35:00.000+0000","CONCLUDED","Premiership","Round 1",1,"MCG","Collingwood","Collingwood","Port Adelaide","Port Adelaide",15,"https://s.afl.com.au/staticfile/AFL Tenant/AFL/Players/ChampIDImages/AFL/2025014/296225.png?im=Scale,width=0.6,height=0.6","HFFR","CD_I296225",FALSE,15,"Willie","Rioli","CD_T110",NA,89,1,1,NA,7,5,12,2,0,1,7,6,13,2,1,0,0,0,58.3,2,0,0,48,0,0,33.3,5.2,NA,NA,1,1,0,3,NA,NA,NA,5,174,0,1,1,4,57.1,1.4,7,0,0,53.8,0,0,0,7,6,1,6,3,0,0,0,0,0,1,0,0,0,0,0,"CD_I296225",FALSE,15,"Willie","Rioli","away","Port Adelaide"
"CD_M20250140106","2025-03-15T08:35:00.000+0000","CONCLUDED","Premiership","Round 1",1,"MCG","Collingwood","Collingwood","Port Adelaide","Port Adelaide",1,"https://s.afl.com.au/staticfile/AFL Tenant/AFL/Players/ChampIDImages/AFL/2025014/1001299.png?im=Scale,width=0.6,height=0.6","RR","CD_I1001299",FALSE,1,"Connor","Rozee","CD_T110",NA,84,0,0,NA,19,16,35,3,3,4,11,22,33,9,0,0,0,1,71.4,6,1,1,112,3,1,0,20.8,NA,NA,9,3,0,1,NA,NA,NA,6,680,2,3,5,13,68.4,1.2,25,0,1,33.3,0,0,0,9,3,1,29,15,0,0,0,0,0,0,0,0,21,0,0,"CD_I1001299",FALSE,1,"Connor","Rozee","away","Port Adelaide"
"CD_M20250140106","2025-03-15T08:35:00.000+0000","CONCLUDED","Premiership","Round 1",1,"MCG","Collingwood","Collingwood","Port Adelaide","Port Adelaide",8,"https://s.afl.com.au/staticfile/AFL Tenant/AFL/Players/ChampIDImages/AFL/2025014/1017078.png?im=Scale,width=0.6,height=0.6","INT","CD_I1017078",FALSE,8,"Josh","Sinn","CD_T110",NA,65,0,0,NA,8,5,13,5,0,1,4,6,10,0,0,0,0,1,92.3,1,0,1,50,3,0,0,7.4,NA,NA,2,4,0,0,NA,NA,NA,1,229,0,0,0,8,100,1.6,12,0,0,40,0,0,0,4,0,0,6,5,1,0,2,0,0,0,0,0,0,3,3,"CD_I1017078",FALSE,8,"Josh","Sinn","away","Port Adelaide"
"CD_M20250140106","2025-03-15T08:35:00.000+0000","CONCLUDED","Premiership","Round 1",1,"MCG","Collingwood","Collingwood","Port Adelaide","Port Adelaide",24,"https://s.afl.com.au/staticfile/AFL Tenant/AFL/Players/ChampIDImages/AFL/2025014/992330.png?im=Scale,width=0.6,height=0.6","RK","CD_I992330",FALSE,24,"Jordon","Sweet","CD_T110",NA,81,1,0,NA,6,8,14,3,0,3,4,10,14,3,0,0,36,2,64.3,3,2,1,96,3,0,100,7.6,NA,NA,2,1,1,1,NA,NA,NA,2,230,0,1,1,4,66.7,0.8,9,0,0,28.6,9,43.9,25,1,0,1,11,3,2,82,0,0,0,1,0,0,26,0,0,"CD_I992330",FALSE,24,"Jordon","Sweet","away","Port Adelaide"
"CD_M20250140106","2025-03-15T08:35:00.000+0000","CONCLUDED","Premiership","Round 1",1,"MCG","Collingwood","Collingwood","Port Adelaide","Port Adelaide",16,"https://s.afl.com.au/staticfile/AFL Tenant/AFL/Players/ChampIDImages/AFL/2025014/294318.png?im=Scale,width=0.6,height=0.6","INT","CD_I294318",FALSE,16,"Ollie","Wines","CD_T110",NA,70,0,0,NA,8,26,34,3,0,4,18,15,33,3,1,0,1,0,64.7,5,1,2,97,2,0,0,9.3,NA,NA,4,5,0,0,NA,NA,NA,5,296,5,5,10,1,12.5,0.3,22,0,0,54.5,0,6.3,0,11,2,2,22,11,0,16,0,0,0,0,0,0,19,0,0,"CD_I294318",FALSE,16,"Ollie","Wines","away","Port Adelaide"
"CD_M20250140107","2025-03-16T01:35:00.000+0000","CONCLUDED","Premiership","Round 1",1,"Adelaide Oval","Adelaide Crows","Adelaide Crows","St Kilda","St Kilda",5,"https://s.afl.com.au/staticfile/AFL Tenant/AFL/Players/ChampIDImages/AFL/2025014/297401.png?im=Scale,width=0.6,height=0.6","INT","CD_I297401",FALSE,5,"Matt","Crouch","CD_T10",NA,75,1,0,NA,8,23,31,1,0,4,12,18,30,1,0,0,0,0,71,5,0,2,89,0,0,100,10.4,NA,NA,4,3,0,1,NA,NA,NA,5,218,5,2,7,5,62.5,0.3,22,0,0,40,0,0,0,6,0,1,11,8,0,0,0,0,0,0,0,0,28,0,0,"CD_I297401",FALSE,5,"Matt","Crouch","home","Adelaide Crows"
"CD_M20250140107","2025-03-16T01:35:00.000+0000","CONCLUDED","Premiership","Round 1",1,"Adelaide Oval","Adelaide Crows","Adelaide Crows","St Kilda","St Kilda",44,"https://s.afl.com.au/staticfile/AFL Tenant/AFL/Players/ChampIDImages/AFL/2025014/1001396.png?im=Scale,width=0.6,height=0.6","WL","CD_I1001396",FALSE,44,"Isaac","Cumming","CD_T10",NA,77,2,0,NA,11,5,16,4,0,1,5,12,17,2,0,0,0,2,68.8,2,1,0,72,2,1,100,10.6,NA,NA,2,4,0,2,NA,NA,NA,4,321,0,1,1,7,63.6,2.2,11,0,1,29.4,0,0,0,3,0,0,10,5,0,0,0,0,0,0,0,0,1,0,0,"CD_I1001396",FALSE,44,"Isaac","Cumming","home","Adelaide Crows"
"CD_M20250140107","2025-03-16T01:35:00.000+0000","CONCLUDED","Premiership","Round 1",1,"Adelaide Oval","Adelaide Crows","Adelaide Crows","St Kilda","St Kilda",6,"https://s.afl.com.au/staticfile/AFL Tenant/AFL/Players/ChampIDImages/AFL/2025014/1024023.png?im=Scale,width=0.6,height=0.6","INT","CD_I1024023",FALSE,6,"Daniel","Curtin","CD_T10",NA,70,0,0,NA,3,4,7,3,0,1,3,5,8,1,0,1,0,1,85.7,0,0,0,30,1,0,0,4.8,NA,NA,0,0,1,0,NA,NA,NA,2,71,0,0,0,2,66.7,0.8,6,0,0,37.5,0,0,0,2,0,0,9,2,1,0,0,0,0,1,0,0,0,0,0,"CD_I1024023",FALSE,6,"Daniel","Curtin","home","Adelaide Crows"
"CD_M20250140107","2025-03-16T01:35:00.000+0000","CONCLUDED","Premiership","Round 1",1,"Adelaide Oval","Adelaide Crows","Adelaide Crows","St Kilda","St Kilda",12,"https://s.afl.com.au/staticfile/AFL Tenant/AFL/Players/ChampIDImages/AFL/2025014/992242.png?im=Scale,width=0.6,height=0.6","C","CD_I992242",FALSE,12,"Jordan","Dawson","CD_T10",NA,83,2,2,NA,24,3,27,9,1,4,4,22,26,6,2,2,0,2,63,6,0,3,126,2,1,50,8.6,NA,NA,7,1,1,4,NA,NA,NA,7,648,2,0,2,15,62.5,8,17,1,1,15.4,0,0,0,1,0,1,17,8,2,0,1,0,0,0,0,0,21,0,0,"CD_I992242",FALSE,12,"Jordan","Dawson","home","Adelaide Crows"
"CD_M20250140107","2025-03-16T01:35:00.000+0000","CONCLUDED","Premiership","Round 1",1,"Adelaide Oval","Adelaide Crows","Adelaide Crows","St Kilda","St Kilda",34,"https://s.afl.com.au/staticfile/AFL Tenant/AFL/Players/ChampIDImages/AFL/2025014/1022607.png?im=Scale,width=0.6,height=0.6","SUB","CD_I1022607",FALSE,34,"Sid","Draper","CD_T10",NA,33,0,0,NA,4,4,8,4,0,2,3,5,8,1,0,1,0,1,87.5,1,0,1,37,0,0,0,1.9,NA,NA,1,0,0,0,NA,NA,NA,3,136,1,1,2,4,100,1,7,1,0,37.5,0,0,0,2,0,0,10,5,0,0,0,0,0,1,1,100,9,0,0,"CD_I1022607",FALSE,34,"Sid","Draper","home","Adelaide Crows"
"CD_M20250140107","2025-03-16T01:35:00.000+0000","CONCLUDED","Premiership","Round 1",1,"Adelaide Oval","Adelaide Crows","Adelaide Crows","St Kilda","St Kilda",32,"https://s.afl.com.au/staticfile/AFL Tenant/AFL/Players/ChampIDImages/AFL/2025014/999331.png?im=Scale,width=0.6,height=0.6","FPL","CD_I999331",FALSE,32,"Darcy","Fogarty","CD_T10",NA,84,4,0,NA,11,1,12,6,0,1,2,8,10,4,3,1,0,0,75,1,0,0,81,0,1,80,17.5,NA,NA,2,1,0,5,NA,NA,NA,8,284,0,0,0,8,72.7,11,9,0,1,20,0,0,0,1,0,1,8,3,0,1,0,0,0,2,0,0,0,0,0,"CD_I999331",FALSE,32,"Darcy","Fogarty","home","Adelaide Crows"
"CD_M20250140107","2025-03-16T01:35:00.000+0000","CONCLUDED","Premiership","Round 1",1,"Adelaide Oval","Adelaide Crows","Adelaide Crows","St Kilda","St Kilda",20,"https://s.afl.com.au/staticfile/AFL Tenant/AFL/Players/ChampIDImages/AFL/2025014/1004863.png?im=Scale,width=0.6,height=0.6","INT","CD_I1004863",FALSE,20,"Mitchell","Hinge","CD_T10",NA,73,0,1,NA,10,9,19,6,0,3,3,16,19,2,0,0,0,1,78.9,0,0,0,79,2,0,0,7.4,NA,NA,1,6,0,1,NA,NA,NA,5,205,1,0,1,8,80,1.1,15,0,2,15.8,0,0,0,3,0,1,7,3,1,0,1,1,100,0,0,0,0,0,0,"CD_I1004863",FALSE,20,"Mitchell","Hinge","home","Adelaide Crows"
"CD_M20250140107","2025-03-16T01:35:00.000+0000","CONCLUDED","Premiership","Round 1",1,"Adelaide Oval","Adelaide Crows","Adelaide Crows","St Kilda","St Kilda",48,"https://s.afl.com.au/staticfile/AFL Tenant/AFL/Players/ChampIDImages/AFL/2025014/1013974.png?im=Scale,width=0.6,height=0.6","FB","CD_I1013974",FALSE,48,"Mark","Keane","CD_T10",NA,100,0,0,NA,14,7,21,6,2,0,5,8,13,1,0,1,0,3,71.4,3,1,0,75,6,0,0,10.4,NA,NA,2,9,0,0,NA,NA,NA,3,371,0,0,0,9,64.3,2,15,0,3,38.5,0,0,0,4,0,1,4,4,2,0,1,0,0,0,0,0,0,7,6,"CD_I1013974",FALSE,48,"Mark","Keane","home","Adelaide Crows"
"CD_M20250140107","2025-03-16T01:35:00.000+0000","CONCLUDED","Premiership","Round 1",1,"Adelaide Oval","Adelaide Crows","Adelaide Crows","St Kilda","St Kilda",2,"https://s.afl.com.au/staticfile/AFL Tenant/AFL/Players/ChampIDImages/AFL/2025014/993946.png?im=Scale,width=0.6,height=0.6","HFFL","CD_I993946",FALSE,2,"Ben","Keays","CD_T10",NA,85,1,0,NA,11,7,18,7,0,0,7,12,19,2,2,0,0,0,72.2,2,1,0,75,1,0,50,8.2,NA,NA,6,1,0,2,NA,NA,NA,7,296,1,2,3,7,63.6,1.6,13,1,0,36.8,0,0,0,7,1,0,9,0,0,0,0,0,0,1,0,0,0,0,0,"CD_I993946",FALSE,2,"Ben","Keays","home","Adelaide Crows"
"CD_M20250140107","2025-03-16T01:35:00.000+0000","CONCLUDED","Premiership","Round 1",1,"Adelaide Oval","Adelaide Crows","Adelaide Crows","St Kilda","St Kilda",29,"https://s.afl.com.au/staticfile/AFL Tenant/AFL/Players/ChampIDImages/AFL/2025014/293222.png?im=Scale,width=0.6,height=0.6","BPR","CD_I293222",FALSE,29,"Rory","Laird","CD_T10",NA,83,0,0,NA,12,17,29,7,0,4,4,26,30,1,0,0,0,1,82.8,0,0,0,107,3,0,0,9.7,NA,NA,2,4,1,0,NA,NA,NA,6,237,0,1,1,9,75,0.7,24,0,1,13.3,0,0,0,3,0,2,10,8,0,0,0,0,0,0,0,0,0,0,0,"CD_I293222",FALSE,29,"Rory","Laird","home","Adelaide Crows"
"CD_M20250140107","2025-03-16T01:35:00.000+0000","CONCLUDED","Premiership","Round 1",1,"Adelaide Oval","Adelaide Crows","Adelaide Crows","St Kilda","St Kilda",16,"https://s.afl.com.au/staticfile/AFL Tenant/AFL/Players/ChampIDImages/AFL/2025014/1015370.png?im=Scale,width=0.6,height=0.6","HBFR","CD_I1015370",FALSE,16,"Max","Michalanney","CD_T10",NA,90,0,0,NA,11,3,14,3,0,0,5,9,14,2,0,0,0,4,71.4,0,2,0,50,1,0,0,9.9,NA,NA,3,3,0,0,NA,NA,NA,6,332,0,0,0,7,63.6,3.7,10,0,0,35.7,0,0,0,3,0,1,2,2,4,0,0,0,0,0,0,0,0,0,0,"CD_I1015370",FALSE,16,"Max","Michalanney","home","Adelaide Crows"
"CD_M20250140107","2025-03-16T01:35:00.000+0000","CONCLUDED","Premiership","Round 1",1,"Adelaide Oval","Adelaide Crows","Adelaide Crows","St Kilda","St Kilda",30,"https://s.afl.com.au/staticfile/AFL Tenant/AFL/Players/ChampIDImages/AFL/2025014/990882.png?im=Scale,width=0.6,height=0.6","HBFL","CD_I990882",FALSE,30,"Wayne","Milera","CD_T10",NA,74,0,0,NA,6,7,13,4,0,1,5,7,12,0,0,0,0,2,92.3,0,0,0,48,1,0,0,6.5,NA,NA,1,4,0,0,NA,NA,NA,2,78,0,1,1,6,100,0.9,12,0,0,41.7,0,0,0,5,0,1,11,9,2,0,1,0,0,0,0,0,0,1,1,"CD_I990882",FALSE,30,"Wayne","Milera","home","Adelaide Crows"
"CD_M20250140107","2025-03-16T01:35:00.000+0000","CONCLUDED","Premiership","Round 1",1,"Adelaide Oval","Adelaide Crows","Adelaide Crows","St Kilda","St Kilda",9,"https://s.afl.com.au/staticfile/AFL Tenant/AFL/Players/ChampIDImages/AFL/2025014/1008230.png?im=Scale,width=0.6,height=0.6","CHB","CD_I1008230",FALSE,9,"Nick","Murray","CD_T10",NA,95,0,0,NA,7,7,14,7,0,2,3,10,13,1,0,1,0,8,92.9,3,0,1,61,4,0,0,6.2,NA,NA,4,5,0,0,NA,NA,NA,3,191,0,0,0,6,85.7,1,13,0,2,23.1,0,0,0,2,0,1,6,4,8,0,2,0,0,0,0,0,0,0,0,"CD_I1008230",FALSE,9,"Nick","Murray","home","Adelaide Crows"
"CD_M20250140107","2025-03-16T01:35:00.000+0000","CONCLUDED","Premiership","Round 1",1,"Adelaide Oval","Adelaide Crows","Adelaide Crows","St Kilda","St Kilda",28,"https://s.afl.com.au/staticfile/AFL Tenant/AFL/Players/ChampIDImages/AFL/2025014/296420.png?im=Scale,width=0.6,height=0.6","FPR","CD_I296420",FALSE,28,"Alex","Neal-Bullen","CD_T10",NA,79,1,1,NA,10,11,21,3,0,4,5,16,21,4,0,0,0,0,76.2,4,0,2,78,1,2,33.3,12.2,NA,NA,5,3,1,3,NA,NA,NA,9,338,0,1,1,6,60,0.9,16,0,0,23.8,0,0,0,5,1,0,26,10,0,0,0,0,0,0,0,0,0,0,0,"CD_I296420",FALSE,28,"Alex","Neal-Bullen","home","Adelaide Crows"
"CD_M20250140107","2025-03-16T01:35:00.000+0000","CONCLUDED","Premiership","Round 1",1,"Adelaide Oval","Adelaide Crows","Adelaide Crows","St Kilda","St Kilda",43,"https://s.afl.com.au/staticfile/AFL Tenant/AFL/Players/ChampIDImages/AFL/2025014/297523.png?im=Scale,width=0.6,height=0.6","RK","CD_I297523",FALSE,43,"Reilly","O'Brien","CD_T10",NA,85,0,0,NA,7,5,12,2,0,4,4,7,11,1,0,0,47,4,75,5,1,1,98,3,0,0,14.4,NA,NA,3,2,0,0,NA,NA,NA,5,166,3,2,5,4,57.1,1.4,9,0,0,36.4,14,56,29.8,2,0,5,12,8,2,84,2,0,0,0,0,0,32,0,0,"CD_I297523",FALSE,43,"Reilly","O'Brien","home","Adelaide Crows"
"CD_M20250140107","2025-03-16T01:35:00.000+0000","CONCLUDED","Premiership","Round 1",1,"Adelaide Oval","Adelaide Crows","Adelaide Crows","St Kilda","St Kilda",25,"https://s.afl.com.au/staticfile/AFL Tenant/AFL/Players/ChampIDImages/AFL/2025014/1006013.png?im=Scale,width=0.6,height=0.6","R","CD_I1006013",FALSE,25,"James","Peatling","CD_T10",NA,79,1,1,NA,11,8,19,2,0,3,9,9,18,2,0,0,0,1,57.9,4,1,1,72,3,0,33.3,9.7,NA,NA,5,1,0,3,NA,NA,NA,4,258,0,2,2,3,27.3,1.4,11,0,0,50,0,0,0,7,2,0,19,9,0,0,0,0,0,0,0,0,15,0,0,"CD_I1006013",FALSE,25,"James","Peatling","home","Adelaide Crows"
"CD_M20250140107","2025-03-16T01:35:00.000+0000","CONCLUDED","Premiership","Round 1",1,"Adelaide Oval","Adelaide Crows","Adelaide Crows","St Kilda","St Kilda",8,"https://s.afl.com.au/staticfile/AFL Tenant/AFL/Players/ChampIDImages/AFL/2025014/1017051.png?im=Scale,width=0.6,height=0.6","INT","CD_I1017051",FALSE,8,"Josh","Rachele","CD_T10",NA,75,2,2,NA,12,9,21,5,2,1,7,12,19,6,1,0,0,0,76.2,3,0,1,84,0,4,50,18,NA,NA,3,0,0,4,NA,NA,NA,12,396,0,2,2,8,66.7,1.3,16,2,0,36.8,0,0,0,6,4,1,13,7,0,0,0,0,0,1,0,0,0,0,0,"CD_I1017051",FALSE,8,"Josh","Rachele","home","Adelaide Crows"
"CD_M20250140107","2025-03-16T01:35:00.000+0000","CONCLUDED","Premiership","Round 1",1,"Adelaide Oval","Adelaide Crows","Adelaide Crows","St Kilda","St Kilda",23,"https://s.afl.com.au/staticfile/AFL Tenant/AFL/Players/ChampIDImages/AFL/2025014/1001195.png?im=Scale,width=0.6,height=0.6","HFFR","CD_I1001195",FALSE,23,"Izak","Rankine","CD_T10",NA,76,2,1,NA,10,18,28,3,2,5,16,15,31,6,1,0,0,1,67.9,1,2,1,107,1,1,66.7,18.5,NA,NA,3,3,1,3,NA,NA,NA,7,332,3,4,7,6,60,0.6,19,0,0,51.6,0,0,0,10,2,4,15,4,0,0,0,0,0,0,0,0,13,0,0,"CD_I1001195",FALSE,23,"Izak","Rankine","home","Adelaide Crows"
"CD_M20250140107","2025-03-16T01:35:00.000+0000","CONCLUDED","Premiership","Round 1",1,"Adelaide Oval","Adelaide Crows","Adelaide Crows","St Kilda","St Kilda",38,"https://s.afl.com.au/staticfile/AFL Tenant/AFL/Players/ChampIDImages/AFL/2025014/1006136.png?im=Scale,width=0.6,height=0.6","WR","CD_I1006136",FALSE,38,"Lachlan","Sholl","CD_T10",NA,90,0,0,NA,13,9,22,4,1,2,7,12,19,3,0,0,0,1,81.8,1,1,0,78,2,0,0,9.4,NA,NA,3,3,0,0,NA,NA,NA,7,200,1,4,5,9,69.2,1.4,18,0,0,36.8,0,0,0,6,3,3,10,4,1,0,0,0,0,0,0,0,0,0,0,"CD_I1006136",FALSE,38,"Lachlan","Sholl","home","Adelaide Crows"
"CD_M20250140107","2025-03-16T01:35:00.000+0000","CONCLUDED","Premiership","Round 1",1,"Adelaide Oval","Adelaide Crows","Adelaide Crows","St Kilda","St Kilda",14,"https://s.afl.com.au/staticfile/AFL Tenant/AFL/Players/ChampIDImages/AFL/2025014/1017109.png?im=Scale,width=0.6,height=0.6","RR","CD_I1017109",FALSE,14,"Jake","Soligo","CD_T10",NA,77,1,0,NA,16,13,29,3,0,8,13,17,30,6,0,0,0,2,65.5,4,4,0,125,0,2,50,17.9,NA,NA,7,5,1,2,NA,NA,NA,8,549,2,3,5,8,50,1.2,19,0,1,43.3,0,0,0,8,1,1,20,13,1,0,0,0,0,0,0,0,18,0,0,"CD_I1017109",FALSE,14,"Jake","Soligo","home","Adelaide Crows"
"CD_M20250140107","2025-03-16T01:35:00.000+0000","CONCLUDED","Premiership","Round 1",1,"Adelaide Oval","Adelaide Crows","Adelaide Crows","St Kilda","St Kilda",7,"https://s.afl.com.au/staticfile/AFL Tenant/AFL/Players/ChampIDImages/AFL/2025014/1008384.png?im=Scale,width=0.6,height=0.6","CHF","CD_I1008384",FALSE,7,"Riley","Thilthorpe","CD_T10",NA,76,3,0,NA,9,4,13,5,0,3,8,7,15,3,2,2,5,1,69.2,6,0,1,82,1,2,100,16,NA,NA,5,1,2,3,NA,NA,NA,7,282,1,0,1,6,66.7,2.3,9,2,1,53.3,0,45.5,0,5,5,0,8,1,0,11,1,0,0,3,0,0,3,0,0,"CD_I1008384",FALSE,7,"Riley","Thilthorpe","home","Adelaide Crows"
"CD_M20250140107","2025-03-16T01:35:00.000+0000","CONCLUDED","Premiership","Round 1",1,"Adelaide Oval","Adelaide Crows","Adelaide Crows","St Kilda","St Kilda",13,"https://s.afl.com.au/staticfile/AFL Tenant/AFL/Players/ChampIDImages/AFL/2025014/280506.png?im=Scale,width=0.6,height=0.6","FF","CD_I280506",FALSE,13,"Taylor","Walker","CD_T10",NA,55,1,0,NA,3,7,10,2,0,4,3,7,10,3,1,1,1,0,70,3,0,1,49,0,1,100,6.7,NA,NA,2,0,2,1,NA,NA,NA,6,170,0,0,0,3,100,0.4,7,0,0,30,1,14.3,100,2,2,1,6,2,0,7,0,0,0,0,0,0,0,0,0,"CD_I280506",FALSE,13,"Taylor","Walker","home","Adelaide Crows"
"CD_M20250140107","2025-03-16T01:35:00.000+0000","CONCLUDED","Premiership","Round 1",1,"Adelaide Oval","Adelaide Crows","Adelaide Crows","St Kilda","St Kilda",24,"https://s.afl.com.au/staticfile/AFL Tenant/AFL/Players/ChampIDImages/AFL/2025014/1011981.png?im=Scale,width=0.6,height=0.6","BPL","CD_I1011981",FALSE,24,"Josh","Worrell","CD_T10",NA,86,0,0,NA,16,9,25,6,0,3,8,14,22,1,0,0,0,5,84,1,0,0,96,6,0,0,12.4,NA,NA,2,9,0,0,NA,NA,NA,7,422,0,0,0,12,75,1.8,21,0,3,36.4,0,0,0,8,0,5,7,5,5,0,1,0,0,0,0,0,0,4,3,"CD_I1011981",FALSE,24,"Josh","Worrell","home","Adelaide Crows"
"CD_M20250140107","2025-03-16T01:35:00.000+0000","CONCLUDED","Premiership","Round 1",1,"Adelaide Oval","Adelaide Crows","Adelaide Crows","St Kilda","St Kilda",31,"https://s.afl.com.au/staticfile/AFL Tenant/AFL/Players/ChampIDImages/AFL/2025014/1000958.png?im=Scale,width=0.6,height=0.6","FPR","CD_I1000958",FALSE,31,"Harry","Boyd","CD_T130",NA,78,0,0,NA,4,8,12,1,0,2,8,4,12,1,0,0,27,2,83.3,0,2,0,68,0,0,0,8.4,NA,NA,3,3,0,0,NA,NA,NA,3,62,2,2,4,3,75,0.5,10,0,0,66.7,6,41.5,22.2,6,0,2,10,4,2,65,1,0,0,2,0,0,30,0,0,"CD_I1000958",FALSE,31,"Harry","Boyd","away","St Kilda"
"CD_M20250140107","2025-03-16T01:35:00.000+0000","CONCLUDED","Premiership","Round 1",1,"Adelaide Oval","Adelaide Crows","Adelaide Crows","St Kilda","St Kilda",13,"https://s.afl.com.au/staticfile/AFL Tenant/AFL/Players/ChampIDImages/AFL/2025014/1011994.png?im=Scale,width=0.6,height=0.6","HBFR","CD_I1011994",FALSE,13,"Ryan","Byrnes","CD_T130",NA,84,0,1,NA,10,7,17,4,0,2,5,11,16,2,0,0,0,2,64.7,3,0,1,62,1,0,0,8.7,NA,NA,3,6,0,1,NA,NA,NA,4,300,0,1,1,6,60,1.4,11,1,0,31.3,0,0,0,5,0,3,13,12,2,0,0,0,0,0,0,0,0,0,0,"CD_I1011994",FALSE,13,"Ryan","Byrnes","away","St Kilda"
"CD_M20250140107","2025-03-16T01:35:00.000+0000","CONCLUDED","Premiership","Round 1",1,"Adelaide Oval","Adelaide Crows","Adelaide Crows","St Kilda","St Kilda",47,"https://s.afl.com.au/staticfile/AFL Tenant/AFL/Players/ChampIDImages/AFL/2025014/1023784.png?im=Scale,width=0.6,height=0.6","FF","CD_I1023784",FALSE,47,"Anthony","Caminiti","CD_T130",NA,91,0,0,NA,6,7,13,4,0,2,7,4,11,2,0,1,0,3,69.2,3,1,0,53,1,2,0,8.5,NA,NA,5,7,0,0,NA,NA,NA,4,250,0,0,0,5,83.3,0.9,9,0,2,63.6,0,0,0,5,1,1,9,4,3,2,1,0,0,2,0,0,0,0,0,"CD_I1023784",FALSE,47,"Anthony","Caminiti","away","St Kilda"
"CD_M20250140107","2025-03-16T01:35:00.000+0000","CONCLUDED","Premiership","Round 1",1,"Adelaide Oval","Adelaide Crows","Adelaide Crows","St Kilda","St Kilda",11,"https://s.afl.com.au/staticfile/AFL Tenant/AFL/Players/ChampIDImages/AFL/2025014/1002264.png?im=Scale,width=0.6,height=0.6","SUB","CD_I1002264",FALSE,11,"Hunter","Clark","CD_T130",NA,30,0,0,NA,3,3,6,0,0,1,2,5,7,2,0,0,0,1,33.3,4,0,1,16,0,0,0,1.2,NA,NA,3,0,0,0,NA,NA,NA,1,58,1,0,1,1,33.3,1,2,0,0,28.6,0,0,0,2,0,0,7,3,1,0,0,0,0,0,0,0,9,0,0,"CD_I1002264",FALSE,11,"Hunter","Clark","away","St Kilda"
"CD_M20250140107","2025-03-16T01:35:00.000+0000","CONCLUDED","Premiership","Round 1",1,"Adelaide Oval","Adelaide Crows","Adelaide Crows","St Kilda","St Kilda",21,"https://s.afl.com.au/staticfile/AFL Tenant/AFL/Players/ChampIDImages/AFL/2025014/991939.png?im=Scale,width=0.6,height=0.6","FB","CD_I991939",FALSE,21,"Zaine","Cordy","CD_T130",NA,82,1,0,NA,2,2,4,2,0,1,1,3,4,0,1,0,0,4,75,1,0,0,26,1,0,100,5.7,NA,NA,1,1,0,1,NA,NA,NA,1,74,0,0,0,1,50,1,3,1,0,25,0,0,0,1,0,0,5,3,4,1,2,0,0,0,0,0,0,0,0,"CD_I991939",FALSE,21,"Zaine","Cordy","away","St Kilda"
"CD_M20250140107","2025-03-16T01:35:00.000+0000","CONCLUDED","Premiership","Round 1",1,"Adelaide Oval","Adelaide Crows","Adelaide Crows","St Kilda","St Kilda",34,"https://s.afl.com.au/staticfile/AFL Tenant/AFL/Players/ChampIDImages/AFL/2025014/1027790.png?im=Scale,width=0.6,height=0.6","INT","CD_I1027790",FALSE,34,"Hugo","Garcia","CD_T130",NA,61,1,0,NA,10,8,18,1,0,3,6,13,19,4,0,0,0,1,66.7,5,1,3,59,0,0,50,7.6,NA,NA,5,1,0,2,NA,NA,NA,6,339,2,3,5,4,40,1.3,12,0,0,31.6,0,0,0,5,1,1,19,6,1,0,0,0,0,0,0,0,13,0,0,"CD_I1027790",FALSE,34,"Hugo","Garcia","away","St Kilda"
"CD_M20250140107","2025-03-16T01:35:00.000+0000","CONCLUDED","Premiership","Round 1",1,"Adelaide Oval","Adelaide Crows","Adelaide Crows","St Kilda","St Kilda",40,"https://s.afl.com.au/staticfile/AFL Tenant/AFL/Players/ChampIDImages/AFL/2025014/1020855.png?im=Scale,width=0.6,height=0.6","INT","CD_I1020855",FALSE,40,"Max","Hall","CD_T130",NA,83,2,2,NA,9,7,16,5,0,3,4,12,16,2,2,1,0,2,62.5,1,0,0,82,0,0,50,7.3,NA,NA,2,1,3,4,NA,NA,NA,6,227,0,0,0,5,55.6,1.3,10,0,0,25,0,0,0,3,1,0,16,4,2,0,0,0,0,0,0,0,0,0,0,"CD_I1020855",FALSE,40,"Max","Hall","away","St Kilda"
"CD_M20250140107","2025-03-16T01:35:00.000+0000","CONCLUDED","Premiership","Round 1",1,"Adelaide Oval","Adelaide Crows","Adelaide Crows","St Kilda","St Kilda",24,"https://s.afl.com.au/staticfile/AFL Tenant/AFL/Players/ChampIDImages/AFL/2025014/1027872.png?im=Scale,width=0.6,height=0.6","INT","CD_I1027872",FALSE,24,"Angus","Hastie","CD_T130",NA,39,0,0,NA,6,6,12,2,0,1,4,9,13,1,0,1,0,2,83.3,2,0,0,40,2,0,0,6,NA,NA,3,1,0,0,NA,NA,NA,2,174,0,1,1,4,66.7,1,10,0,1,30.8,0,0,0,2,0,0,9,7,1,0,1,0,0,0,0,0,0,0,0,"CD_I1027872",FALSE,24,"Angus","Hastie","away","St Kilda"
"CD_M20250140107","2025-03-16T01:35:00.000+0000","CONCLUDED","Premiership","Round 1",1,"Adelaide Oval","Adelaide Crows","Adelaide Crows","St Kilda","St Kilda",1,"https://s.afl.com.au/staticfile/AFL Tenant/AFL/Players/ChampIDImages/AFL/2025014/1002227.png?im=Scale,width=0.6,height=0.6","HFFR","CD_I1002227",FALSE,1,"Jack","Higgins","CD_T130",NA,78,2,2,NA,5,6,11,2,0,3,5,6,11,2,1,0,0,1,63.6,2,0,1,56,0,0,50,12,NA,NA,1,1,2,4,NA,NA,NA,7,181,1,0,1,3,60,0.8,7,1,0,45.5,0,0,0,5,2,2,16,1,1,0,0,0,0,0,0,0,0,0,0,"CD_I1002227",FALSE,1,"Jack","Higgins","away","St Kilda"
"CD_M20250140107","2025-03-16T01:35:00.000+0000","CONCLUDED","Premiership","Round 1",1,"Adelaide Oval","Adelaide Crows","Adelaide Crows","St Kilda","St Kilda",8,"https://s.afl.com.au/staticfile/AFL Tenant/AFL/Players/ChampIDImages/AFL/2025014/295584.png?im=Scale,width=0.6,height=0.6","WL","CD_I295584",FALSE,8,"Bradley","Hill","CD_T130",NA,82,1,0,NA,4,2,6,1,1,0,3,3,6,1,0,0,0,0,50,1,0,0,25,1,0,100,5.3,NA,NA,1,1,0,1,NA,NA,NA,1,138,0,2,2,2,50,2,3,0,0,50,0,0,0,2,1,1,13,4,0,0,0,0,0,0,0,0,0,0,0,"CD_I295584",FALSE,8,"Bradley","Hill","away","St Kilda"
"CD_M20250140107","2025-03-16T01:35:00.000+0000","CONCLUDED","Premiership","Round 1",1,"Adelaide Oval","Adelaide Crows","Adelaide Crows","St Kilda","St Kilda",3,"https://s.afl.com.au/staticfile/AFL Tenant/AFL/Players/ChampIDImages/AFL/2025014/991988.png?im=Scale,width=0.6,height=0.6","HFFL","CD_I991988",FALSE,3,"Zak","Jones","CD_T130",NA,73,0,0,NA,8,3,11,0,0,1,0,11,11,3,0,0,0,1,63.6,0,0,0,34,2,0,0,3.8,NA,NA,1,0,0,0,NA,NA,NA,4,206,0,0,0,6,75,2.7,7,0,0,0,0,0,0,0,0,0,17,5,1,0,0,0,0,2,0,0,7,0,0,"CD_I991988",FALSE,3,"Zak","Jones","away","St Kilda"
"CD_M20250140107","2025-03-16T01:35:00.000+0000","CONCLUDED","Premiership","Round 1",1,"Adelaide Oval","Adelaide Crows","Adelaide Crows","St Kilda","St Kilda",6,"https://s.afl.com.au/staticfile/AFL Tenant/AFL/Players/ChampIDImages/AFL/2025014/295467.png?im=Scale,width=0.6,height=0.6","R","CD_I295467",FALSE,6,"Jack","Macrae","CD_T130",NA,84,0,0,NA,13,21,34,3,0,5,23,14,37,6,0,0,0,4,61.8,5,2,1,109,2,0,0,20.1,NA,NA,7,3,1,0,NA,NA,NA,7,360,1,11,12,3,23.1,0.6,21,1,0,62.2,0,0,0,15,4,1,17,6,1,0,0,0,0,0,0,0,28,0,0,"CD_I295467",FALSE,6,"Jack","Macrae","away","St Kilda"
"CD_M20250140107","2025-03-16T01:35:00.000+0000","CONCLUDED","Premiership","Round 1",1,"Adelaide Oval","Adelaide Crows","Adelaide Crows","St Kilda","St Kilda",19,"https://s.afl.com.au/staticfile/AFL Tenant/AFL/Players/ChampIDImages/AFL/2025014/992468.png?im=Scale,width=0.6,height=0.6","RK","CD_I992468",FALSE,19,"Rowan","Marshall","CD_T130",NA,83,0,1,NA,4,7,11,4,0,4,7,6,13,2,2,0,9,2,81.8,0,0,0,64,0,2,0,7.1,NA,NA,1,1,1,1,NA,NA,NA,5,131,0,2,2,3,75,0.6,9,1,0,53.8,2,27.3,22.2,6,3,1,8,5,1,33,0,0,0,2,0,0,5,0,0,"CD_I992468",FALSE,19,"Rowan","Marshall","away","St Kilda"
"CD_M20250140107","2025-03-16T01:35:00.000+0000","CONCLUDED","Premiership","Round 1",1,"Adelaide Oval","Adelaide Crows","Adelaide Crows","St Kilda","St Kilda",45,"https://s.afl.com.au/staticfile/AFL Tenant/AFL/Players/ChampIDImages/AFL/2025014/1035198.png?im=Scale,width=0.6,height=0.6","INT","CD_I1035198",FALSE,45,"Liam","O'Connell","CD_T130",NA,71,0,0,NA,4,3,7,3,0,2,2,6,8,0,0,0,0,2,85.7,3,0,2,29,0,0,0,3.9,NA,NA,1,4,0,0,NA,NA,NA,1,58,0,0,0,3,75,1.3,6,0,2,25,0,0,0,1,0,1,9,4,1,0,1,1,100,0,0,0,0,0,0,"CD_I1035198",FALSE,45,"Liam","O'Connell","away","St Kilda"
"CD_M20250140107","2025-03-16T01:35:00.000+0000","CONCLUDED","Premiership","Round 1",1,"Adelaide Oval","Adelaide Crows","Adelaide Crows","St Kilda","St Kilda",27,"https://s.afl.com.au/staticfile/AFL Tenant/AFL/Players/ChampIDImages/AFL/2025014/1024279.png?im=Scale,width=0.6,height=0.6","HBFL","CD_I1024279",FALSE,27,"Arie","Schoenmaker","CD_T130",NA,86,0,0,NA,14,4,18,5,0,0,5,12,17,0,0,0,0,3,72.2,3,0,3,56,6,0,0,6.7,NA,NA,4,9,0,0,NA,NA,NA,2,359,0,0,0,11,78.6,3.5,13,0,1,29.4,0,0,0,3,0,0,11,7,1,0,2,0,0,0,0,0,0,1,1,"CD_I1024279",FALSE,27,"Arie","Schoenmaker","away","St Kilda"
"CD_M20250140107","2025-03-16T01:35:00.000+0000","CONCLUDED","Premiership","Round 1",1,"Adelaide Oval","Adelaide Crows","Adelaide Crows","St Kilda","St Kilda",35,"https://s.afl.com.au/staticfile/AFL Tenant/AFL/Players/ChampIDImages/AFL/2025014/994389.png?im=Scale,width=0.6,height=0.6","C","CD_I994389",FALSE,35,"Jack","Sinclair","CD_T130",NA,85,0,0,NA,16,6,22,8,2,1,7,13,20,5,0,0,0,3,63.6,1,2,0,90,2,2,0,8.9,NA,NA,1,6,1,0,NA,NA,NA,5,449,1,0,1,10,62.5,2.7,14,0,1,35,0,0,0,5,2,0,23,16,1,0,0,0,0,0,0,0,8,2,2,"CD_I994389",FALSE,35,"Jack","Sinclair","away","St Kilda"
"CD_M20250140107","2025-03-16T01:35:00.000+0000","CONCLUDED","Premiership","Round 1",1,"Adelaide Oval","Adelaide Crows","Adelaide Crows","St Kilda","St Kilda",9,"https://s.afl.com.au/staticfile/AFL Tenant/AFL/Players/ChampIDImages/AFL/2025014/296205.png?im=Scale,width=0.6,height=0.6","RR","CD_I296205",FALSE,9,"Jack","Steele","CD_T130",NA,80,0,0,NA,8,11,19,3,0,6,10,10,20,6,0,0,0,0,78.9,1,1,1,77,0,0,0,10.5,NA,NA,1,3,1,1,NA,NA,NA,4,192,2,3,5,5,62.5,0.7,15,0,0,50,0,0,0,10,2,1,23,9,0,0,0,0,0,0,0,0,30,0,0,"CD_I296205",FALSE,9,"Jack","Steele","away","St Kilda"
"CD_M20250140107","2025-03-16T01:35:00.000+0000","CONCLUDED","Premiership","Round 1",1,"Adelaide Oval","Adelaide Crows","Adelaide Crows","St Kilda","St Kilda",7,"https://s.afl.com.au/staticfile/AFL Tenant/AFL/Players/ChampIDImages/AFL/2025014/1015507.png?im=Scale,width=0.6,height=0.6","CHB","CD_I1015507",FALSE,7,"Nasiah","Wanganeen-Milera","CD_T130",NA,83,1,1,NA,21,6,27,6,6,3,5,18,23,3,1,0,0,3,51.9,5,1,0,113,8,0,50,10.8,NA,NA,6,7,0,2,NA,NA,NA,4,571,0,0,0,9,42.9,3.5,14,0,2,21.7,0,0,0,4,0,1,15,12,3,0,0,0,0,0,0,0,1,3,3,"CD_I1015507",FALSE,7,"Nasiah","Wanganeen-Milera","away","St Kilda"
"CD_M20250140107","2025-03-16T01:35:00.000+0000","CONCLUDED","Premiership","Round 1",1,"Adelaide Oval","Adelaide Crows","Adelaide Crows","St Kilda","St Kilda",29,"https://s.afl.com.au/staticfile/AFL Tenant/AFL/Players/ChampIDImages/AFL/2025014/290757.png?im=Scale,width=0.6,height=0.6","BPR","CD_I290757",FALSE,29,"Jimmy","Webster","CD_T130",NA,86,0,0,NA,8,2,10,2,0,0,3,6,9,0,0,0,0,4,80,1,0,0,34,1,0,0,5.6,NA,NA,1,5,0,0,NA,NA,NA,0,187,0,0,0,6,75,4,8,0,0,33.3,0,0,0,2,0,0,12,12,3,0,0,0,0,0,0,0,0,1,0,"CD_I290757",FALSE,29,"Jimmy","Webster","away","St Kilda"
"CD_M20250140107","2025-03-16T01:35:00.000+0000","CONCLUDED","Premiership","Round 1",1,"Adelaide Oval","Adelaide Crows","Adelaide Crows","St Kilda","St Kilda",44,"https://s.afl.com.au/staticfile/AFL Tenant/AFL/Players/ChampIDImages/AFL/2025014/296422.png?im=Scale,width=0.6,height=0.6","BPL","CD_I296422",FALSE,44,"Callum","Wilkie","CD_T130",NA,100,0,0,NA,15,4,19,10,2,1,2,16,18,1,0,1,0,3,68.4,4,0,0,87,6,0,0,9,NA,NA,4,6,0,0,NA,NA,NA,3,427,0,0,0,10,66.7,3.8,13,0,3,11.1,0,0,0,1,0,2,10,10,3,0,1,0,0,0,0,0,0,1,1,"CD_I296422",FALSE,44,"Callum","Wilkie","away","St Kilda"
"CD_M20250140107","2025-03-16T01:35:00.000+0000","CONCLUDED","Premiership","Round 1",1,"Adelaide Oval","Adelaide Crows","Adelaide Crows","St Kilda","St Kilda",22,"https://s.afl.com.au/staticfile/AFL Tenant/AFL/Players/ChampIDImages/AFL/2025014/1027875.png?im=Scale,width=0.6,height=0.6","FPL","CD_I1027875",FALSE,22,"Darcy","Wilson","CD_T130",NA,87,0,2,NA,13,10,23,5,0,5,9,14,23,5,1,0,0,0,52.2,1,1,0,97,0,1,0,7.7,NA,NA,8,2,0,3,NA,NA,NA,5,535,0,2,2,6,46.2,1.3,12,1,1,39.1,0,0,0,8,2,1,18,6,0,0,0,0,0,0,0,0,0,0,0,"CD_I1027875",FALSE,22,"Darcy","Wilson","away","St Kilda"
"CD_M20250140107","2025-03-16T01:35:00.000+0000","CONCLUDED","Premiership","Round 1",1,"Adelaide Oval","Adelaide Crows","Adelaide Crows","St Kilda","St Kilda",2,"https://s.afl.com.au/staticfile/AFL Tenant/AFL/Players/ChampIDImages/AFL/2025014/1023270.png?im=Scale,width=0.6,height=0.6","CHF","CD_I1023270",FALSE,2,"Marcus","Windhager","CD_T130",NA,79,0,0,NA,9,10,19,2,0,4,14,7,21,1,1,0,0,0,73.7,4,3,0,72,4,0,0,11.4,NA,NA,5,5,1,1,NA,NA,NA,6,184,1,4,5,4,44.4,0.9,14,0,0,66.7,0,0,0,11,3,4,21,8,0,0,0,0,0,0,0,0,9,0,0,"CD_I1023270",FALSE,2,"Marcus","Windhager","away","St Kilda"
"CD_M20250140107","2025-03-16T01:35:00.000+0000","CONCLUDED","Premiership","Round 1",1,"Adelaide Oval","Adelaide Crows","Adelaide Crows","St Kilda","St Kilda",32,"https://s.afl.com.au/staticfile/AFL Tenant/AFL/Players/ChampIDImages/AFL/2025014/295340.png?im=Scale,width=0.6,height=0.6","WR","CD_I295340",FALSE,32,"Mason","Wood","CD_T130",NA,92,2,1,NA,10,5,15,6,0,2,6,11,17,3,1,0,0,2,66.7,2,1,1,77,0,0,66.7,10.8,NA,NA,1,1,1,3,NA,NA,NA,7,260,0,0,0,6,60,2,10,2,0,35.3,0,0,0,4,1,0,10,1,1,2,0,0,0,2,1,50,0,0,0,"CD_I295340",FALSE,32,"Mason","Wood","away","St Kilda"
"CD_M20250140108","2025-03-16T04:20:00.000+0000","CONCLUDED","Premiership","Round 1",1,"MCG","Melbourne","Melbourne","GWS GIANTS","GWS GIANTS",17,"https://s.afl.com.au/staticfile/AFL Tenant/AFL/Players/ChampIDImages/AFL/2025014/1012825.png?im=Scale,width=0.6,height=0.6","HBFR","CD_I1012825",FALSE,17,"Jake","Bowey","CD_T90",NA,73,1,0,NA,16,3,19,3,0,4,4,12,16,2,0,0,0,0,89.5,0,2,0,87,3,0,100,11.8,NA,NA,3,6,0,1,NA,NA,NA,3,341,0,0,0,15,93.8,5.3,17,0,2,25,0,0,0,3,1,1,15,10,0,0,0,0,0,0,0,0,0,4,3,"CD_I1012825",FALSE,17,"Jake","Bowey","home","Melbourne"
"CD_M20250140108","2025-03-16T04:20:00.000+0000","CONCLUDED","Premiership","Round 1",1,"MCG","Melbourne","Melbourne","GWS GIANTS","GWS GIANTS",37,"https://s.afl.com.au/staticfile/AFL Tenant/AFL/Players/ChampIDImages/AFL/2025014/1005330.png?im=Scale,width=0.6,height=0.6","FPR","CD_I1005330",FALSE,37,"Kade","Chandler","CD_T90",NA,81,0,0,NA,7,4,11,4,0,4,8,8,16,3,0,0,0,4,72.7,2,0,1,54,1,0,0,12.2,NA,NA,1,2,1,0,NA,NA,NA,1,246,0,2,2,5,71.4,1.8,8,0,0,50,0,0,0,5,1,0,16,6,1,0,0,0,0,0,0,0,0,0,0,"CD_I1005330",FALSE,37,"Kade","Chandler","home","Melbourne"
"CD_M20250140108","2025-03-16T04:20:00.000+0000","CONCLUDED","Premiership","Round 1",1,"MCG","Melbourne","Melbourne","GWS GIANTS","GWS GIANTS",31,"https://s.afl.com.au/staticfile/AFL Tenant/AFL/Players/ChampIDImages/AFL/2025014/1001438.png?im=Scale,width=0.6,height=0.6","FPL","CD_I1001438",FALSE,31,"Bayley","Fritsch","CD_T90",NA,89,0,0,NA,7,5,12,2,0,3,7,6,13,2,0,1,0,0,58.3,3,1,0,50,1,0,0,4.4,NA,NA,3,2,1,1,NA,NA,NA,3,178,0,0,0,3,42.9,1.4,7,0,1,53.8,0,0,0,5,2,1,13,0,0,0,0,0,0,0,0,0,0,0,0,"CD_I1001438",FALSE,31,"Bayley","Fritsch","home","Melbourne"
"CD_M20250140108","2025-03-16T04:20:00.000+0000","CONCLUDED","Premiership","Round 1",1,"MCG","Melbourne","Melbourne","GWS GIANTS","GWS GIANTS",11,"https://s.afl.com.au/staticfile/AFL Tenant/AFL/Players/ChampIDImages/AFL/2025014/290528.png?im=Scale,width=0.6,height=0.6","RK","CD_I290528",FALSE,11,"Max","Gawn","CD_T90",NA,83,0,1,NA,12,12,24,3,0,2,14,7,21,5,1,1,46,4,62.5,5,6,1,127,1,0,0,19.2,NA,NA,3,1,0,3,NA,NA,NA,10,313,0,7,7,5,41.7,1,15,1,0,66.7,15,59.7,32.6,4,1,6,8,5,3,77,0,0,0,2,1,50,24,0,0,"CD_I290528",FALSE,11,"Max","Gawn","home","Melbourne"
"CD_M20250140108","2025-03-16T04:20:00.000+0000","CONCLUDED","Premiership","Round 1",1,"MCG","Melbourne","Melbourne","GWS GIANTS","GWS GIANTS",43,"https://s.afl.com.au/staticfile/AFL Tenant/AFL/Players/ChampIDImages/AFL/2025014/1008183.png?im=Scale,width=0.6,height=0.6","HFFL","CD_I1008183",FALSE,43,"Jack","Henderson","CD_T90",NA,78,1,0,NA,6,7,13,1,1,3,9,4,13,1,0,0,0,0,69.2,5,1,2,48,0,0,100,10.1,NA,NA,3,2,1,1,NA,NA,NA,4,38,0,2,2,4,66.7,0.9,9,0,0,69.2,0,0,0,9,3,2,13,10,0,0,0,0,0,2,1,50,0,0,0,"CD_I1008183",FALSE,43,"Jack","Henderson","home","Melbourne"
"CD_M20250140108","2025-03-16T04:20:00.000+0000","CONCLUDED","Premiership","Round 1",1,"MCG","Melbourne","Melbourne","GWS GIANTS","GWS GIANTS",22,"https://s.afl.com.au/staticfile/AFL Tenant/AFL/Players/ChampIDImages/AFL/2025014/1017122.png?im=Scale,width=0.6,height=0.6","INT","CD_I1017122",FALSE,22,"Blake","Howes","CD_T90",NA,48,0,0,NA,4,8,12,1,0,0,5,7,12,1,0,0,0,1,66.7,2,1,0,32,1,0,0,3.6,NA,NA,2,4,0,0,NA,NA,NA,1,167,0,0,0,1,25,0.5,8,0,0,41.7,0,0,0,4,0,1,7,3,1,0,0,0,0,0,0,0,0,0,0,"CD_I1017122",FALSE,22,"Blake","Howes","home","Melbourne"
"CD_M20250140108","2025-03-16T04:20:00.000+0000","CONCLUDED","Premiership","Round 1",1,"MCG","Melbourne","Melbourne","GWS GIANTS","GWS GIANTS",21,"https://s.afl.com.au/staticfile/AFL Tenant/AFL/Players/ChampIDImages/AFL/2025014/1023486.png?im=Scale,width=0.6,height=0.6","CHF","CD_I1023486",FALSE,21,"Matthew","Jefferson","CD_T90",NA,75,2,0,NA,3,2,5,1,0,2,3,2,5,0,1,0,0,0,60,2,0,1,33,0,0,100,6.4,NA,NA,0,0,0,2,NA,NA,NA,3,125,0,0,0,2,66.7,1.5,3,1,0,60,0,0,0,3,3,0,10,2,0,0,0,0,0,5,0,0,0,0,0,"CD_I1023486",FALSE,21,"Matthew","Jefferson","home","Melbourne"
"CD_M20250140108","2025-03-16T04:20:00.000+0000","CONCLUDED","Premiership","Round 1",1,"MCG","Melbourne","Melbourne","GWS GIANTS","GWS GIANTS",42,"https://s.afl.com.au/staticfile/AFL Tenant/AFL/Players/ChampIDImages/AFL/2025014/1024173.png?im=Scale,width=0.6,height=0.6","INT","CD_I1024173",FALSE,42,"Aidan","Johnson","CD_T90",NA,71,1,2,NA,5,2,7,1,0,5,4,2,6,1,1,1,5,5,42.9,4,0,4,43,1,0,33.3,8.6,NA,NA,1,0,1,3,NA,NA,NA,3,169,0,2,2,2,40,2.5,3,0,0,66.7,1,20,20,3,2,0,17,9,4,25,0,0,0,3,1,33.3,2,0,0,"CD_I1024173",FALSE,42,"Aidan","Johnson","home","Melbourne"
"CD_M20250140108","2025-03-16T04:20:00.000+0000","CONCLUDED","Premiership","Round 1",1,"MCG","Melbourne","Melbourne","GWS GIANTS","GWS GIANTS",15,"https://s.afl.com.au/staticfile/AFL Tenant/AFL/Players/ChampIDImages/AFL/2025014/298264.png?im=Scale,width=0.6,height=0.6","R","CD_I298264",FALSE,15,"Ed","Langdon","CD_T90",NA,100,0,0,NA,13,6,19,8,0,2,3,15,18,3,0,0,0,0,89.5,1,0,0,83,4,0,0,9.7,NA,NA,6,2,0,0,NA,NA,NA,1,407,0,2,2,11,84.6,2.2,17,0,0,16.7,0,0,0,3,1,0,19,12,0,0,1,1,100,0,0,0,1,0,0,"CD_I298264",FALSE,15,"Ed","Langdon","home","Melbourne"
"CD_M20250140108","2025-03-16T04:20:00.000+0000","CONCLUDED","Premiership","Round 1",1,"MCG","Melbourne","Melbourne","GWS GIANTS","GWS GIANTS",19,"https://s.afl.com.au/staticfile/AFL Tenant/AFL/Players/ChampIDImages/AFL/2025014/1028546.png?im=Scale,width=0.6,height=0.6","SUB","CD_I1028546",FALSE,19,"Harvey","Langford","CD_T90",NA,21,0,0,NA,3,2,5,1,0,0,2,2,4,1,0,0,0,0,60,0,0,0,16,0,0,0,3.2,NA,NA,1,0,0,0,NA,NA,NA,0,81,0,0,0,1,33.3,1.5,3,0,0,50,0,0,0,2,0,0,3,3,0,0,0,0,0,0,0,0,2,0,0,"CD_I1028546",FALSE,19,"Harvey","Langford","home","Melbourne"
"CD_M20250140108","2025-03-16T04:20:00.000+0000","CONCLUDED","Premiership","Round 1",1,"MCG","Melbourne","Melbourne","GWS GIANTS","GWS GIANTS",8,"https://s.afl.com.au/staticfile/AFL Tenant/AFL/Players/ChampIDImages/AFL/2025014/298281.png?im=Scale,width=0.6,height=0.6","CHB","CD_I298281",FALSE,8,"Jake","Lever","CD_T90",NA,89,0,0,NA,13,9,22,9,0,3,3,18,21,0,0,0,0,6,90.9,1,0,1,93,4,0,0,13.1,NA,NA,3,12,0,0,NA,NA,NA,0,218,0,0,0,11,84.6,1.4,20,0,5,14.3,0,0,0,2,0,0,10,8,5,0,2,0,0,0,0,0,0,0,0,"CD_I298281",FALSE,8,"Jake","Lever","home","Melbourne"
"CD_M20250140108","2025-03-16T04:20:00.000+0000","CONCLUDED","Premiership","Round 1",1,"MCG","Melbourne","Melbourne","GWS GIANTS","GWS GIANTS",20,"https://s.afl.com.au/staticfile/AFL Tenant/AFL/Players/ChampIDImages/AFL/2025014/1028531.png?im=Scale,width=0.6,height=0.6","WR","CD_I1028531",FALSE,20,"Xavier","Lindsay","CD_T90",NA,74,0,0,NA,12,10,22,3,0,6,6,16,22,4,0,0,0,3,81.8,2,5,0,94,3,0,0,11,NA,NA,5,2,0,0,NA,NA,NA,2,307,0,2,2,9,75,1.2,18,0,0,27.3,0,0,0,1,0,0,14,6,1,0,0,0,0,0,0,0,0,0,0,"CD_I1028531",FALSE,20,"Xavier","Lindsay","home","Melbourne"
"CD_M20250140108","2025-03-16T04:20:00.000+0000","CONCLUDED","Premiership","Round 1",1,"MCG","Melbourne","Melbourne","GWS GIANTS","GWS GIANTS",25,"https://s.afl.com.au/staticfile/AFL Tenant/AFL/Players/ChampIDImages/AFL/2025014/291533.png?im=Scale,width=0.6,height=0.6","FB","CD_I291533",FALSE,25,"Tom","McDonald","CD_T90",NA,100,0,0,NA,10,8,18,5,0,1,6,15,21,0,0,1,0,12,88.9,1,2,0,67,5,0,0,16.4,NA,NA,2,9,0,0,NA,NA,NA,3,313,0,0,0,8,80,1.3,16,0,3,28.6,0,0,0,3,0,2,4,3,9,0,5,0,0,0,0,0,0,0,0,"CD_I291533",FALSE,25,"Tom","McDonald","home","Melbourne"
"CD_M20250140108","2025-03-16T04:20:00.000+0000","CONCLUDED","Premiership","Round 1",1,"MCG","Melbourne","Melbourne","GWS GIANTS","GWS GIANTS",13,"https://s.afl.com.au/staticfile/AFL Tenant/AFL/Players/ChampIDImages/AFL/2025014/996701.png?im=Scale,width=0.6,height=0.6","RR","CD_I996701",FALSE,13,"Clayton","Oliver","CD_T90",NA,83,0,0,NA,10,15,25,5,0,5,16,12,28,3,0,0,0,1,72,6,1,4,84,0,0,0,8.9,NA,NA,4,2,1,0,NA,NA,NA,2,204,3,2,5,5,50,0.7,18,1,0,57.1,0,0,0,11,0,1,27,10,0,0,0,0,0,0,0,0,19,0,0,"CD_I996701",FALSE,13,"Clayton","Oliver","home","Melbourne"
"CD_M20250140108","2025-03-16T04:20:00.000+0000","CONCLUDED","Premiership","Round 1",1,"MCG","Melbourne","Melbourne","GWS GIANTS","GWS GIANTS",5,"https://s.afl.com.au/staticfile/AFL Tenant/AFL/Players/ChampIDImages/AFL/2025014/298210.png?im=Scale,width=0.6,height=0.6","C","CD_I298210",FALSE,5,"Christian","Petracca","CD_T90",NA,88,2,1,NA,13,14,27,2,0,3,12,15,27,5,0,0,0,0,51.9,4,0,1,95,1,1,50,16.8,NA,NA,6,2,0,4,NA,NA,NA,8,518,3,1,4,4,30.8,0.9,14,0,0,44.4,0,0,0,8,3,1,10,4,0,0,0,0,0,1,0,0,21,0,0,"CD_I298210",FALSE,5,"Christian","Petracca","home","Melbourne"
"CD_M20250140108","2025-03-16T04:20:00.000+0000","CONCLUDED","Premiership","Round 1",1,"MCG","Melbourne","Melbourne","GWS GIANTS","GWS GIANTS",35,"https://s.afl.com.au/staticfile/AFL Tenant/AFL/Players/ChampIDImages/AFL/2025014/1008893.png?im=Scale,width=0.6,height=0.6","BPL","CD_I1008893",FALSE,35,"Harrison","Petty","CD_T90",NA,95,0,0,NA,12,4,16,8,0,3,8,12,20,4,0,1,0,7,81.3,3,2,2,76,1,0,0,12.9,NA,NA,7,12,0,0,NA,NA,NA,0,358,0,0,0,10,83.3,3,13,0,4,40,0,0,0,3,0,0,7,7,4,0,1,1,100,0,0,0,0,0,0,"CD_I1008893",FALSE,35,"Harrison","Petty","home","Melbourne"
"CD_M20250140108","2025-03-16T04:20:00.000+0000","CONCLUDED","Premiership","Round 1",1,"MCG","Melbourne","Melbourne","GWS GIANTS","GWS GIANTS",24,"https://s.afl.com.au/staticfile/AFL Tenant/AFL/Players/ChampIDImages/AFL/2025014/1009378.png?im=Scale,width=0.6,height=0.6","INT","CD_I1009378",FALSE,24,"Trent","Rivers","CD_T90",NA,72,0,0,NA,14,11,25,7,0,1,9,14,23,1,1,0,0,2,60,4,0,1,86,5,0,0,5.5,NA,NA,3,5,1,2,NA,NA,NA,7,351,0,1,1,7,50,1.3,15,0,1,39.1,0,0,0,7,1,1,11,4,2,0,0,0,0,0,0,0,8,2,2,"CD_I1009378",FALSE,24,"Trent","Rivers","home","Melbourne"
"CD_M20250140108","2025-03-16T04:20:00.000+0000","CONCLUDED","Premiership","Round 1",1,"MCG","Melbourne","Melbourne","GWS GIANTS","GWS GIANTS",3,"https://s.afl.com.au/staticfile/AFL Tenant/AFL/Players/ChampIDImages/AFL/2025014/296359.png?im=Scale,width=0.6,height=0.6","BPR","CD_I296359",FALSE,3,"Christian","Salem","CD_T90",NA,90,0,0,NA,27,3,30,8,0,3,6,19,25,4,0,0,0,3,66.7,2,1,0,124,8,0,0,9.4,NA,NA,6,5,0,0,NA,NA,NA,1,616,1,0,1,17,63,9,20,0,0,24,0,0,0,5,0,0,10,6,2,0,0,0,0,0,0,0,0,5,5,"CD_I296359",FALSE,3,"Christian","Salem","home","Melbourne"
"CD_M20250140108","2025-03-16T04:20:00.000+0000","CONCLUDED","Premiership","Round 1",1,"MCG","Melbourne","Melbourne","GWS GIANTS","GWS GIANTS",30,"https://s.afl.com.au/staticfile/AFL Tenant/AFL/Players/ChampIDImages/AFL/2025014/1007099.png?im=Scale,width=0.6,height=0.6","INT","CD_I1007099",FALSE,30,"Harry","Sharp","CD_T90",NA,64,1,1,NA,7,2,9,1,0,2,3,5,8,1,0,0,0,1,44.4,1,2,0,45,0,0,25,4.4,NA,NA,3,1,1,4,NA,NA,NA,4,168,0,0,0,2,28.6,3.5,4,1,0,37.5,0,0,0,1,0,0,12,7,0,0,0,0,0,2,0,0,0,0,0,"CD_I1007099",FALSE,30,"Harry","Sharp","home","Melbourne"
"CD_M20250140108","2025-03-16T04:20:00.000+0000","CONCLUDED","Premiership","Round 1",1,"MCG","Melbourne","Melbourne","GWS GIANTS","GWS GIANTS",32,"https://s.afl.com.au/staticfile/AFL Tenant/AFL/Players/ChampIDImages/AFL/2025014/999391.png?im=Scale,width=0.6,height=0.6","WL","CD_I999391",FALSE,32,"Tom","Sparrow","CD_T90",NA,84,1,1,NA,14,7,21,4,0,5,6,12,18,8,1,2,0,1,57.1,2,1,0,96,0,0,50,14.3,NA,NA,4,2,0,2,NA,NA,NA,5,382,1,2,3,5,35.7,2,12,1,1,33.3,0,0,0,3,0,0,21,5,0,0,0,0,0,0,0,0,9,0,0,"CD_I999391",FALSE,32,"Tom","Sparrow","home","Melbourne"
"CD_M20250140108","2025-03-16T04:20:00.000+0000","CONCLUDED","Premiership","Round 1",1,"MCG","Melbourne","Melbourne","GWS GIANTS","GWS GIANTS",2,"https://s.afl.com.au/staticfile/AFL Tenant/AFL/Players/ChampIDImages/AFL/2025014/1017720.png?im=Scale,width=0.6,height=0.6","FF","CD_I1017720",FALSE,2,"Jacob","van Rooyen","CD_T90",NA,83,1,0,NA,2,4,6,0,0,2,4,2,6,0,0,0,0,2,83.3,0,1,0,29,0,1,50,8.1,NA,NA,0,2,1,2,NA,NA,NA,2,-10,0,0,0,1,50,0.5,5,0,0,66.7,0,0,0,3,2,0,14,3,1,0,0,0,0,3,0,0,0,0,0,"CD_I1017720",FALSE,2,"Jacob","van Rooyen","home","Melbourne"
"CD_M20250140108","2025-03-16T04:20:00.000+0000","CONCLUDED","Premiership","Round 1",1,"MCG","Melbourne","Melbourne","GWS GIANTS","GWS GIANTS",7,"https://s.afl.com.au/staticfile/AFL Tenant/AFL/Players/ChampIDImages/AFL/2025014/291902.png?im=Scale,width=0.6,height=0.6","HFFR","CD_I291902",FALSE,7,"Jack","Viney","CD_T90",NA,77,0,0,NA,15,12,27,4,0,1,9,16,25,3,0,0,0,1,59.3,7,0,1,82,0,1,0,6.2,NA,NA,5,1,1,1,NA,NA,NA,6,320,4,1,5,6,40,1.3,16,0,0,36,0,0,0,7,2,3,20,8,1,0,0,0,0,0,0,0,18,0,0,"CD_I291902",FALSE,7,"Jack","Viney","home","Melbourne"
"CD_M20250140108","2025-03-16T04:20:00.000+0000","CONCLUDED","Premiership","Round 1",1,"MCG","Melbourne","Melbourne","GWS GIANTS","GWS GIANTS",6,"https://s.afl.com.au/staticfile/AFL Tenant/AFL/Players/ChampIDImages/AFL/2025014/1027821.png?im=Scale,width=0.6,height=0.6","HBFL","CD_I1027821",FALSE,6,"Caleb","Windsor","CD_T90",NA,83,1,0,NA,8,8,16,3,2,0,3,14,17,4,0,0,0,1,68.8,2,0,0,55,1,1,33.3,10.2,NA,NA,1,3,0,3,NA,NA,NA,5,371,0,0,0,5,62.5,1,11,0,0,17.6,0,0,0,2,0,0,6,3,0,0,0,0,0,0,0,0,0,0,0,"CD_I1027821",FALSE,6,"Caleb","Windsor","home","Melbourne"
"CD_M20250140108","2025-03-16T04:20:00.000+0000","CONCLUDED","Premiership","Round 1",1,"MCG","Melbourne","Melbourne","GWS GIANTS","GWS GIANTS",7,"https://s.afl.com.au/staticfile/AFL Tenant/AFL/Players/ChampIDImages/AFL/2025014/1009253.png?im=Scale,width=0.6,height=0.6","HBFR","CD_I1009253",FALSE,7,"Lachie","Ash","CD_T1010",NA,82,0,0,NA,10,9,19,6,0,0,6,11,17,1,0,0,0,2,89.5,1,0,1,63,3,0,0,12.9,NA,NA,1,6,0,0,NA,NA,NA,3,145,0,2,2,8,80,1.1,17,0,2,35.3,0,0,0,6,0,1,9,7,2,0,1,1,100,0,0,0,0,1,1,"CD_I1009253",FALSE,7,"Lachie","Ash","away","GWS GIANTS"
"CD_M20250140108","2025-03-16T04:20:00.000+0000","CONCLUDED","Premiership","Round 1",1,"MCG","Melbourne","Melbourne","GWS GIANTS","GWS GIANTS",14,"https://s.afl.com.au/staticfile/AFL Tenant/AFL/Players/ChampIDImages/AFL/2025014/1008139.png?im=Scale,width=0.6,height=0.6","RR","CD_I1008139",FALSE,14,"Toby","Bedford","CD_T1010",NA,89,0,0,NA,4,4,8,1,0,9,5,3,8,3,0,0,0,2,50,1,0,1,56,0,1,0,13.8,NA,NA,3,2,0,0,NA,NA,NA,3,160,1,1,2,0,0,1,4,0,0,62.5,0,0,0,5,2,2,35,18,0,0,0,0,0,0,0,0,19,0,0,"CD_I1008139",FALSE,14,"Toby","Bedford","away","GWS GIANTS"
"CD_M20250140108","2025-03-16T04:20:00.000+0000","CONCLUDED","Premiership","Round 1",1,"MCG","Melbourne","Melbourne","GWS GIANTS","GWS GIANTS",46,"https://s.afl.com.au/staticfile/AFL Tenant/AFL/Players/ChampIDImages/AFL/2025014/1014038.png?im=Scale,width=0.6,height=0.6","HFFL","CD_I1014038",FALSE,46,"Callum M.","Brown","CD_T1010",NA,82,0,0,NA,6,8,14,0,0,5,10,3,13,3,0,0,12,1,71.4,3,3,1,66,0,0,0,6.9,NA,NA,3,2,2,0,NA,NA,NA,1,139,1,4,5,4,66.7,0.8,10,0,0,76.9,3,44.4,25,6,1,0,17,6,0,27,0,0,0,2,1,50,3,0,0,"CD_I1014038",FALSE,46,"Callum M.","Brown","away","GWS GIANTS"
"CD_M20250140108","2025-03-16T04:20:00.000+0000","CONCLUDED","Premiership","Round 1",1,"MCG","Melbourne","Melbourne","GWS GIANTS","GWS GIANTS",44,"https://s.afl.com.au/staticfile/AFL Tenant/AFL/Players/ChampIDImages/AFL/2025014/1009708.png?im=Scale,width=0.6,height=0.6","CHB","CD_I1009708",FALSE,44,"Jack","Buckley","CD_T1010",NA,92,0,0,NA,6,4,10,4,0,3,7,6,13,0,0,0,0,12,90,3,1,1,48,3,0,0,14.5,NA,NA,1,6,0,0,NA,NA,NA,1,101,0,2,2,6,100,1.5,9,0,1,53.8,0,0,0,3,0,1,12,12,9,0,2,0,0,0,0,0,0,0,0,"CD_I1009708",FALSE,44,"Jack","Buckley","away","GWS GIANTS"
"CD_M20250140108","2025-03-16T04:20:00.000+0000","CONCLUDED","Premiership","Round 1",1,"MCG","Melbourne","Melbourne","GWS GIANTS","GWS GIANTS",5,"https://s.afl.com.au/staticfile/AFL Tenant/AFL/Players/ChampIDImages/AFL/2025014/1019038.png?im=Scale,width=0.6,height=0.6","FF","CD_I1019038",FALSE,5,"Aaron","Cadman","CD_T1010",NA,83,2,0,NA,5,4,9,4,1,1,4,3,7,1,1,2,0,3,77.8,3,0,2,45,1,1,100,11.4,NA,NA,1,1,1,2,NA,NA,NA,6,116,0,0,0,4,80,1.3,7,0,0,57.1,0,0,0,2,1,1,16,5,3,0,0,0,0,5,0,0,0,0,0,"CD_I1019038",FALSE,5,"Aaron","Cadman","away","GWS GIANTS"
"CD_M20250140108","2025-03-16T04:20:00.000+0000","CONCLUDED","Premiership","Round 1",1,"MCG","Melbourne","Melbourne","GWS GIANTS","GWS GIANTS",17,"https://s.afl.com.au/staticfile/AFL Tenant/AFL/Players/ChampIDImages/AFL/2025014/1023266.png?im=Scale,width=0.6,height=0.6","R","CD_I1023266",FALSE,17,"Finn","Callaghan","CD_T1010",NA,78,0,1,NA,12,19,31,1,4,3,6,25,31,5,0,0,0,1,74.2,2,2,0,92,0,0,0,12.9,NA,NA,7,3,0,1,NA,NA,NA,6,596,2,1,3,8,66.7,0.6,23,0,0,19.4,0,0,0,4,0,1,16,11,0,0,0,0,0,0,0,0,18,0,0,"CD_I1023266",FALSE,17,"Finn","Callaghan","away","GWS GIANTS"
"CD_M20250140108","2025-03-16T04:20:00.000+0000","CONCLUDED","Premiership","Round 1",1,"MCG","Melbourne","Melbourne","GWS GIANTS","GWS GIANTS",3,"https://s.afl.com.au/staticfile/AFL Tenant/AFL/Players/ChampIDImages/AFL/2025014/291969.png?im=Scale,width=0.6,height=0.6","WR","CD_I291969",FALSE,3,"Stephen","Coniglio","CD_T1010",NA,87,3,0,NA,8,5,13,2,0,3,4,9,13,1,1,0,0,2,84.6,1,1,0,71,1,0,75,13.5,NA,NA,1,2,2,4,NA,NA,NA,6,144,0,2,2,6,75,1.6,11,1,0,30.8,0,0,0,2,1,1,15,5,0,0,0,0,0,0,0,0,0,0,0,"CD_I291969",FALSE,3,"Stephen","Coniglio","away","GWS GIANTS"
"CD_M20250140108","2025-03-16T04:20:00.000+0000","CONCLUDED","Premiership","Round 1",1,"MCG","Melbourne","Melbourne","GWS GIANTS","GWS GIANTS",16,"https://s.afl.com.au/staticfile/AFL Tenant/AFL/Players/ChampIDImages/AFL/2025014/1002251.png?im=Scale,width=0.6,height=0.6","HFFR","CD_I1002251",FALSE,16,"Brent","Daniels","CD_T1010",NA,33,0,0,NA,3,5,8,1,0,1,3,4,7,1,0,0,0,0,87.5,1,1,0,27,1,1,0,8.5,NA,NA,1,1,0,0,NA,NA,NA,1,107,0,2,2,3,100,0.6,7,0,0,42.9,0,0,0,1,0,0,9,4,0,0,0,0,0,0,0,0,0,0,0,"CD_I1002251",FALSE,16,"Brent","Daniels","away","GWS GIANTS"
"CD_M20250140108","2025-03-16T04:20:00.000+0000","CONCLUDED","Premiership","Round 1",1,"MCG","Melbourne","Melbourne","GWS GIANTS","GWS GIANTS",12,"https://s.afl.com.au/staticfile/AFL Tenant/AFL/Players/ChampIDImages/AFL/2025014/1009528.png?im=Scale,width=0.6,height=0.6","INT","CD_I1009528",FALSE,12,"Tom","Green","CD_T1010",NA,76,1,1,NA,14,21,35,1,0,4,11,24,35,9,1,0,0,1,65.7,4,0,2,104,3,0,33.3,14.2,NA,NA,5,1,0,3,NA,NA,NA,8,545,2,7,9,5,35.7,0.7,23,0,0,31.4,0,0,0,7,2,0,16,10,1,0,0,0,0,0,0,0,19,0,0,"CD_I1009528",FALSE,12,"Tom","Green","away","GWS GIANTS"
"CD_M20250140108","2025-03-16T04:20:00.000+0000","CONCLUDED","Premiership","Round 1",1,"MCG","Melbourne","Melbourne","GWS GIANTS","GWS GIANTS",4,"https://s.afl.com.au/staticfile/AFL Tenant/AFL/Players/ChampIDImages/AFL/2025014/295344.png?im=Scale,width=0.6,height=0.6","CHF","CD_I295344",FALSE,4,"Toby","Greene","CD_T1010",NA,98,3,3,NA,16,7,23,5,0,4,13,10,23,5,3,1,0,2,52.2,4,1,1,112,1,2,37.5,13.6,NA,NA,5,1,1,8,NA,NA,NA,12,472,1,4,5,6,37.5,2.3,12,0,0,56.5,0,0,0,10,4,2,15,4,1,0,0,0,0,0,0,0,6,0,0,"CD_I295344",FALSE,4,"Toby","Greene","away","GWS GIANTS"
"CD_M20250140108","2025-03-16T04:20:00.000+0000","CONCLUDED","Premiership","Round 1",1,"MCG","Melbourne","Melbourne","GWS GIANTS","GWS GIANTS",35,"https://s.afl.com.au/staticfile/AFL Tenant/AFL/Players/ChampIDImages/AFL/2025014/1027921.png?im=Scale,width=0.6,height=0.6","SUB","CD_I1027921",FALSE,35,"Max","Gruzewski","CD_T1010",NA,27,0,0,NA,0,0,0,0,0,1,0,0,0,0,0,0,0,0,0,1,0,1,1,0,0,0,-0.2,NA,NA,1,0,0,0,NA,NA,NA,0,0,0,0,0,0,0,0,0,0,0,0,0,0,0,0,0,0,4,1,0,0,0,0,0,0,0,0,0,0,0,"CD_I1027921",FALSE,35,"Max","Gruzewski","away","GWS GIANTS"
"CD_M20250140108","2025-03-16T04:20:00.000+0000","CONCLUDED","Premiership","Round 1",1,"MCG","Melbourne","Melbourne","GWS GIANTS","GWS GIANTS",27,"https://s.afl.com.au/staticfile/AFL Tenant/AFL/Players/ChampIDImages/AFL/2025014/993107.png?im=Scale,width=0.6,height=0.6","BPR","CD_I993107",FALSE,27,"Harry","Himmelberg","CD_T1010",NA,93,0,0,NA,15,7,22,9,0,2,4,15,19,0,0,0,0,12,77.3,2,2,0,96,9,0,0,11.4,NA,NA,4,4,0,0,NA,NA,NA,3,428,0,0,0,12,80,2.1,17,0,0,21.1,0,0,0,4,0,1,5,4,12,0,5,1,20,0,0,0,0,3,2,"CD_I993107",FALSE,27,"Harry","Himmelberg","away","GWS GIANTS"
"CD_M20250140108","2025-03-16T04:20:00.000+0000","CONCLUDED","Premiership","Round 1",1,"MCG","Melbourne","Melbourne","GWS GIANTS","GWS GIANTS",39,"https://s.afl.com.au/staticfile/AFL Tenant/AFL/Players/ChampIDImages/AFL/2025014/1008083.png?im=Scale,width=0.6,height=0.6","BPL","CD_I1008083",FALSE,39,"Connor","Idun","CD_T1010",NA,81,0,0,NA,7,5,12,4,0,1,5,10,15,2,0,0,0,12,75,1,0,0,47,2,0,0,9.9,NA,NA,2,5,0,0,NA,NA,NA,1,184,0,1,1,5,71.4,1.4,9,0,0,33.3,0,0,0,2,0,0,4,3,9,0,4,0,0,0,0,0,0,0,0,"CD_I1008083",FALSE,39,"Connor","Idun","away","GWS GIANTS"
"CD_M20250140108","2025-03-16T04:20:00.000+0000","CONCLUDED","Premiership","Round 1",1,"MCG","Melbourne","Melbourne","GWS GIANTS","GWS GIANTS",2,"https://s.afl.com.au/staticfile/AFL Tenant/AFL/Players/ChampIDImages/AFL/2025014/1020650.png?im=Scale,width=0.6,height=0.6","FPL","CD_I1020650",FALSE,2,"Darcy","Jones","CD_T1010",NA,83,0,0,NA,6,6,12,1,0,4,6,5,11,4,0,1,0,1,50,6,1,2,44,2,0,0,8.1,NA,NA,4,1,1,0,NA,NA,NA,2,215,0,1,1,3,50,1,6,0,0,54.5,0,0,0,4,2,0,20,13,0,0,0,0,0,1,1,100,0,0,0,"CD_I1020650",FALSE,2,"Darcy","Jones","away","GWS GIANTS"
"CD_M20250140108","2025-03-16T04:20:00.000+0000","CONCLUDED","Premiership","Round 1",1,"MCG","Melbourne","Melbourne","GWS GIANTS","GWS GIANTS",25,"https://s.afl.com.au/staticfile/AFL Tenant/AFL/Players/ChampIDImages/AFL/2025014/290314.png?im=Scale,width=0.6,height=0.6","RK","CD_I290314",FALSE,25,"Lachlan","Keeffe","CD_T1010",NA,79,1,0,NA,10,3,13,1,0,6,7,6,13,1,1,0,14,3,53.8,7,1,6,66,3,1,100,7.6,NA,NA,3,2,0,1,NA,NA,NA,4,257,2,2,4,4,40,3.3,7,0,0,53.8,4,18.7,28.6,6,1,1,15,5,1,75,2,1,50,0,0,0,23,0,0,"CD_I290314",FALSE,25,"Lachlan","Keeffe","away","GWS GIANTS"
"CD_M20250140108","2025-03-16T04:20:00.000+0000","CONCLUDED","Premiership","Round 1",1,"MCG","Melbourne","Melbourne","GWS GIANTS","GWS GIANTS",22,"https://s.afl.com.au/staticfile/AFL Tenant/AFL/Players/ChampIDImages/AFL/2025014/296347.png?im=Scale,width=0.6,height=0.6","C","CD_I296347",FALSE,22,"Josh","Kelly","CD_T1010",NA,84,0,1,NA,11,12,23,0,0,10,6,18,24,5,0,0,0,0,69.6,3,0,0,98,2,0,0,6.6,NA,NA,7,1,0,2,NA,NA,NA,6,412,1,2,3,5,45.5,0.9,16,0,0,25,0,0,0,6,0,2,28,19,0,0,0,0,0,0,0,0,15,0,0,"CD_I296347",FALSE,22,"Josh","Kelly","away","GWS GIANTS"
"CD_M20250140108","2025-03-16T04:20:00.000+0000","CONCLUDED","Premiership","Round 1",1,"MCG","Melbourne","Melbourne","GWS GIANTS","GWS GIANTS",30,"https://s.afl.com.au/staticfile/AFL Tenant/AFL/Players/ChampIDImages/AFL/2025014/1032119.png?im=Scale,width=0.6,height=0.6","INT","CD_I1032119",FALSE,30,"James","Leake","CD_T1010",NA,60,0,0,NA,3,0,3,0,0,1,2,1,3,0,0,0,0,0,66.7,0,1,0,14,0,0,0,3.1,NA,NA,1,0,1,0,NA,NA,NA,1,17,0,0,0,2,66.7,3,2,0,0,66.7,0,0,0,1,1,0,7,0,0,0,0,0,0,1,0,0,0,0,0,"CD_I1032119",FALSE,30,"James","Leake","away","GWS GIANTS"
"CD_M20250140108","2025-03-16T04:20:00.000+0000","CONCLUDED","Premiership","Round 1",1,"MCG","Melbourne","Melbourne","GWS GIANTS","GWS GIANTS",33,"https://s.afl.com.au/staticfile/AFL Tenant/AFL/Players/ChampIDImages/AFL/2025014/1006135.png?im=Scale,width=0.6,height=0.6","INT","CD_I1006135",FALSE,33,"Xavier","O'Halloran","CD_T1010",NA,78,0,1,NA,11,5,16,2,0,2,5,7,12,1,0,0,0,0,31.3,6,0,1,55,1,1,0,8.2,NA,NA,7,4,0,1,NA,NA,NA,4,283,0,0,0,3,27.3,2.2,5,0,0,41.7,0,0,0,5,3,1,11,4,0,0,0,0,0,0,0,0,0,0,0,"CD_I1006135",FALSE,33,"Xavier","O'Halloran","away","GWS GIANTS"
"CD_M20250140108","2025-03-16T04:20:00.000+0000","CONCLUDED","Premiership","Round 1",1,"MCG","Melbourne","Melbourne","GWS GIANTS","GWS GIANTS",18,"https://s.afl.com.au/staticfile/AFL Tenant/AFL/Players/ChampIDImages/AFL/2025014/1015862.png?im=Scale,width=0.6,height=0.6","INT","CD_I1015862",FALSE,18,"Conor","Stone","CD_T1010",NA,72,0,0,NA,4,7,11,2,1,2,4,9,13,1,0,0,0,1,63.6,3,0,0,40,3,0,0,4.8,NA,NA,3,6,0,0,NA,NA,NA,2,221,0,0,0,2,50,0.6,7,0,1,30.8,0,0,0,3,0,1,5,4,0,0,0,0,0,0,0,0,0,0,0,"CD_I1015862",FALSE,18,"Conor","Stone","away","GWS GIANTS"
"CD_M20250140108","2025-03-16T04:20:00.000+0000","CONCLUDED","Premiership","Round 1",1,"MCG","Melbourne","Melbourne","GWS GIANTS","GWS GIANTS",15,"https://s.afl.com.au/staticfile/AFL Tenant/AFL/Players/ChampIDImages/AFL/2025014/1005247.png?im=Scale,width=0.6,height=0.6","FB","CD_I1005247",FALSE,15,"Sam","Taylor","CD_T1010",NA,97,0,0,NA,8,7,15,4,0,0,4,8,12,0,0,1,0,6,73.3,2,0,1,47,4,0,0,9,NA,NA,2,10,0,0,NA,NA,NA,2,281,0,0,0,6,75,1.1,11,0,4,33.3,0,0,0,3,0,1,7,7,6,0,3,0,0,0,0,0,0,0,0,"CD_I1005247",FALSE,15,"Sam","Taylor","away","GWS GIANTS"
"CD_M20250140108","2025-03-16T04:20:00.000+0000","CONCLUDED","Premiership","Round 1",1,"MCG","Melbourne","Melbourne","GWS GIANTS","GWS GIANTS",8,"https://s.afl.com.au/staticfile/AFL Tenant/AFL/Players/ChampIDImages/AFL/2025014/280109.png?im=Scale,width=0.6,height=0.6","FPR","CD_I280109",FALSE,8,"Callan","Ward","CD_T1010",NA,81,0,0,NA,6,10,16,2,0,1,6,10,16,3,0,0,0,0,81.3,1,1,1,46,1,1,0,8.7,NA,NA,2,3,0,0,NA,NA,NA,3,225,0,1,1,4,66.7,0.6,13,0,0,37.5,0,0,0,6,2,2,4,2,0,0,0,0,0,0,0,0,1,0,0,"CD_I280109",FALSE,8,"Callan","Ward","away","GWS GIANTS"
"CD_M20250140108","2025-03-16T04:20:00.000+0000","CONCLUDED","Premiership","Round 1",1,"MCG","Melbourne","Melbourne","GWS GIANTS","GWS GIANTS",10,"https://s.afl.com.au/staticfile/AFL Tenant/AFL/Players/ChampIDImages/AFL/2025014/1004530.png?im=Scale,width=0.6,height=0.6","WL","CD_I1004530",FALSE,10,"Jacob","Wehr","CD_T1010",NA,81,1,1,NA,9,7,16,1,0,4,5,11,16,1,0,0,0,2,75,4,2,2,63,1,0,50,9.3,NA,NA,5,1,0,2,NA,NA,NA,3,300,0,3,3,6,66.7,1.3,12,0,0,31.3,0,0,0,3,0,1,14,11,1,0,0,0,0,0,0,0,0,0,0,"CD_I1004530",FALSE,10,"Jacob","Wehr","away","GWS GIANTS"
"CD_M20250140108","2025-03-16T04:20:00.000+0000","CONCLUDED","Premiership","Round 1",1,"MCG","Melbourne","Melbourne","GWS GIANTS","GWS GIANTS",6,"https://s.afl.com.au/staticfile/AFL Tenant/AFL/Players/ChampIDImages/AFL/2025014/294305.png?im=Scale,width=0.6,height=0.6","HBFL","CD_I294305",FALSE,6,"Lachie","Whitfield","CD_T1010",NA,82,0,0,NA,19,15,34,5,0,4,10,20,30,5,0,0,0,4,76.5,6,2,3,111,3,0,0,14.7,NA,NA,8,10,0,0,NA,NA,NA,5,455,2,1,3,13,68.4,1.3,26,0,2,33.3,0,0,0,8,0,2,14,12,3,0,1,0,0,0,0,0,0,4,3,"CD_I294305",FALSE,6,"Lachie","Whitfield","away","GWS GIANTS"
"CD_M20250140109","2025-03-16T07:10:00.000+0000","CONCLUDED","Premiership","Round 1",1,"Optus Stadium","West Coast Eagles","West Coast Eagles","Gold Coast SUNS","Gold Coast SUNS",12,"https://s.afl.com.au/staticfile/AFL Tenant/AFL/Players/ChampIDImages/AFL/2025014/1004385.png?im=Scale,width=0.6,height=0.6","FF","CD_I1004385",FALSE,12,"Oscar","Allen","CD_T150",NA,93,2,0,NA,6,2,8,5,0,3,4,4,8,1,3,2,0,3,62.5,3,1,1,59,0,0,66.7,7.1,NA,NA,2,1,0,3,NA,NA,NA,2,164,0,0,0,4,66.7,3,5,3,0,50,0,0,0,1,0,0,7,2,3,0,0,0,0,3,2,66.7,0,0,0,"CD_I1004385",FALSE,12,"Oscar","Allen","home","West Coast Eagles"
"CD_M20250140109","2025-03-16T07:10:00.000+0000","CONCLUDED","Premiership","Round 1",1,"Optus Stadium","West Coast Eagles","West Coast Eagles","Gold Coast SUNS","Gold Coast SUNS",3,"https://s.afl.com.au/staticfile/AFL Tenant/AFL/Players/ChampIDImages/AFL/2025014/1000223.png?im=Scale,width=0.6,height=0.6","HBFR","CD_I1000223",FALSE,3,"Liam","Baker","CD_T150",NA,82,0,1,NA,14,7,21,3,3,1,9,11,20,4,0,0,0,4,71.4,3,0,3,61,10,0,0,12.8,NA,NA,2,5,0,1,NA,NA,NA,3,534,0,2,2,8,57.1,2,15,0,1,45,0,0,0,7,0,1,11,8,1,0,0,0,0,0,0,0,0,3,2,"CD_I1000223",FALSE,3,"Liam","Baker","home","West Coast Eagles"
"CD_M20250140109","2025-03-16T07:10:00.000+0000","CONCLUDED","Premiership","Round 1",1,"Optus Stadium","West Coast Eagles","West Coast Eagles","Gold Coast SUNS","Gold Coast SUNS",10,"https://s.afl.com.au/staticfile/AFL Tenant/AFL/Players/ChampIDImages/AFL/2025014/1013511.png?im=Scale,width=0.6,height=0.6","INT","CD_I1013511",FALSE,10,"Tyler","Brockman","CD_T150",NA,84,0,1,NA,3,12,15,1,0,3,7,7,14,2,0,0,0,1,66.7,5,0,2,43,1,0,0,5,NA,NA,2,2,0,1,NA,NA,NA,3,111,1,1,2,1,33.3,0.3,10,0,0,50,0,0,0,6,1,2,9,6,1,0,0,0,0,0,0,0,2,0,0,"CD_I1013511",FALSE,10,"Tyler","Brockman","home","West Coast Eagles"
"CD_M20250140109","2025-03-16T07:10:00.000+0000","CONCLUDED","Premiership","Round 1",1,"Optus Stadium","West Coast Eagles","West Coast Eagles","Gold Coast SUNS","Gold Coast SUNS",28,"https://s.afl.com.au/staticfile/AFL Tenant/AFL/Players/ChampIDImages/AFL/2025014/993820.png?im=Scale,width=0.6,height=0.6","INT","CD_I993820",FALSE,28,"Tom","Cole","CD_T150",NA,79,0,0,NA,10,9,19,8,0,4,5,14,19,3,0,0,0,1,73.7,1,1,0,89,4,0,0,11.7,NA,NA,2,8,0,0,NA,NA,NA,2,311,0,1,1,7,70,1.1,14,0,4,26.3,0,0,0,4,1,2,18,15,1,0,2,0,0,0,0,0,0,0,0,"CD_I993820",FALSE,28,"Tom","Cole","home","West Coast Eagles"
"CD_M20250140109","2025-03-16T07:10:00.000+0000","CONCLUDED","Premiership","Round 1",1,"Optus Stadium","West Coast Eagles","West Coast Eagles","Gold Coast SUNS","Gold Coast SUNS",15,"https://s.afl.com.au/staticfile/AFL Tenant/AFL/Players/ChampIDImages/AFL/2025014/290826.png?im=Scale,width=0.6,height=0.6","HFFR","CD_I290826",FALSE,15,"Jamie","Cripps","CD_T150",NA,90,0,0,NA,11,3,14,4,0,0,3,10,13,3,0,0,0,1,64.3,2,0,0,51,1,1,0,3.8,NA,NA,4,2,0,1,NA,NA,NA,3,458,0,0,0,6,54.5,3.7,9,1,1,23.1,0,0,0,3,2,0,5,2,1,0,0,0,0,1,0,0,0,0,0,"CD_I290826",FALSE,15,"Jamie","Cripps","home","West Coast Eagles"
"CD_M20250140109","2025-03-16T07:10:00.000+0000","CONCLUDED","Premiership","Round 1",1,"Optus Stadium","West Coast Eagles","West Coast Eagles","Gold Coast SUNS","Gold Coast SUNS",43,"https://s.afl.com.au/staticfile/AFL Tenant/AFL/Players/ChampIDImages/AFL/2025014/1023142.png?im=Scale,width=0.6,height=0.6","HBFL","CD_I1023142",FALSE,43,"Tyrell","Dewar","CD_T150",NA,83,0,0,NA,12,3,15,2,0,1,0,11,11,3,0,0,0,0,53.3,6,0,2,46,5,0,0,-1,NA,NA,7,1,0,0,NA,NA,NA,1,442,0,0,0,6,50,4,8,0,0,0,0,0,0,0,0,1,7,4,0,0,1,1,100,0,0,0,0,4,4,"CD_I1023142",FALSE,43,"Tyrell","Dewar","home","West Coast Eagles"
"CD_M20250140109","2025-03-16T07:10:00.000+0000","CONCLUDED","Premiership","Round 1",1,"Optus Stadium","West Coast Eagles","West Coast Eagles","Gold Coast SUNS","Gold Coast SUNS",14,"https://s.afl.com.au/staticfile/AFL Tenant/AFL/Players/ChampIDImages/AFL/2025014/298268.png?im=Scale,width=0.6,height=0.6","WR","CD_I298268",FALSE,14,"Liam","Duggan","CD_T150",NA,67,0,0,NA,11,9,20,4,0,3,6,14,20,1,0,0,0,1,70,5,2,2,71,2,1,0,4.3,NA,NA,2,4,0,0,NA,NA,NA,2,236,1,2,3,6,54.5,1.2,14,0,1,30,0,0,0,4,0,0,18,15,0,0,0,0,0,0,0,0,13,0,0,"CD_I298268",FALSE,14,"Liam","Duggan","home","West Coast Eagles"
"CD_M20250140109","2025-03-16T07:10:00.000+0000","CONCLUDED","Premiership","Round 1",1,"Optus Stadium","West Coast Eagles","West Coast Eagles","Gold Coast SUNS","Gold Coast SUNS",42,"https://s.afl.com.au/staticfile/AFL Tenant/AFL/Players/ChampIDImages/AFL/2025014/1011437.png?im=Scale,width=0.6,height=0.6","FB","CD_I1011437",FALSE,42,"Harry","Edwards","CD_T150",NA,85,0,0,NA,2,1,3,1,0,2,3,0,3,0,0,1,0,5,66.7,0,1,0,20,3,0,0,7.1,NA,NA,1,3,0,0,NA,NA,NA,0,90,0,0,0,2,100,2,2,0,1,100,0,0,0,2,0,0,4,4,4,0,3,0,0,0,0,0,0,0,0,"CD_I1011437",FALSE,42,"Harry","Edwards","home","West Coast Eagles"
"CD_M20250140109","2025-03-16T07:10:00.000+0000","CONCLUDED","Premiership","Round 1",1,"Optus Stadium","West Coast Eagles","West Coast Eagles","Gold Coast SUNS","Gold Coast SUNS",25,"https://s.afl.com.au/staticfile/AFL Tenant/AFL/Players/ChampIDImages/AFL/2025014/993902.png?im=Scale,width=0.6,height=0.6","RK","CD_I993902",FALSE,25,"Matt","Flynn","CD_T150",NA,85,1,0,NA,7,6,13,4,0,3,8,3,11,0,1,3,13,5,69.2,1,0,1,73,1,0,100,11.6,NA,NA,3,2,1,1,NA,NA,NA,3,141,1,3,4,3,42.9,1.2,9,0,1,72.7,2,16.3,15.4,5,1,1,14,6,5,80,1,0,0,2,0,0,21,0,0,"CD_I993902",FALSE,25,"Matt","Flynn","home","West Coast Eagles"
"CD_M20250140109","2025-03-16T07:10:00.000+0000","CONCLUDED","Premiership","Round 1",1,"Optus Stadium","West Coast Eagles","West Coast Eagles","Gold Coast SUNS","Gold Coast SUNS",7,"https://s.afl.com.au/staticfile/AFL Tenant/AFL/Players/ChampIDImages/AFL/2025014/1023025.png?im=Scale,width=0.6,height=0.6","BPL","CD_I1023025",FALSE,7,"Reuben","Ginbey","CD_T150",NA,93,0,0,NA,10,6,16,3,1,4,4,13,17,1,0,0,0,5,81.3,1,1,0,68,4,0,0,11.6,NA,NA,4,4,0,0,NA,NA,NA,4,344,0,1,1,7,70,1.7,13,0,2,23.5,0,0,0,4,0,0,11,11,4,0,0,0,0,0,0,0,0,0,0,"CD_I1023025",FALSE,7,"Reuben","Ginbey","home","West Coast Eagles"
"CD_M20250140109","2025-03-16T07:10:00.000+0000","CONCLUDED","Premiership","Round 1",1,"Optus Stadium","West Coast Eagles","West Coast Eagles","Gold Coast SUNS","Gold Coast SUNS",17,"https://s.afl.com.au/staticfile/AFL Tenant/AFL/Players/ChampIDImages/AFL/2025014/990827.png?im=Scale,width=0.6,height=0.6","HFFL","CD_I990827",FALSE,17,"Jack","Graham","CD_T150",NA,81,0,0,NA,11,12,23,3,0,10,5,19,24,5,0,0,0,0,87,3,0,3,97,2,1,0,17.7,NA,NA,1,1,1,0,NA,NA,NA,4,401,0,2,2,10,90.9,0.9,20,1,0,20.8,0,0,0,5,2,0,26,14,0,0,0,0,0,0,0,0,22,0,0,"CD_I990827",FALSE,17,"Jack","Graham","home","West Coast Eagles"
"CD_M20250140109","2025-03-16T07:10:00.000+0000","CONCLUDED","Premiership","Round 1",1,"Optus Stadium","West Coast Eagles","West Coast Eagles","Gold Coast SUNS","Gold Coast SUNS",8,"https://s.afl.com.au/staticfile/AFL Tenant/AFL/Players/ChampIDImages/AFL/2025014/1020670.png?im=Scale,width=0.6,height=0.6","INT","CD_I1020670",FALSE,8,"Elijah","Hewett","CD_T150",NA,73,0,1,NA,6,5,11,1,0,4,7,4,11,1,1,0,0,2,54.5,1,2,1,47,0,1,0,6.2,NA,NA,2,1,0,1,NA,NA,NA,4,164,2,2,4,2,33.3,1.2,6,0,0,63.6,0,0,0,4,1,1,10,4,1,0,0,0,0,0,0,0,7,0,0,"CD_I1020670",FALSE,8,"Elijah","Hewett","home","West Coast Eagles"
"CD_M20250140109","2025-03-16T07:10:00.000+0000","CONCLUDED","Premiership","Round 1",1,"Optus Stadium","West Coast Eagles","West Coast Eagles","Gold Coast SUNS","Gold Coast SUNS",19,"https://s.afl.com.au/staticfile/AFL Tenant/AFL/Players/ChampIDImages/AFL/2025014/1023167.png?im=Scale,width=0.6,height=0.6","BPR","CD_I1023167",FALSE,19,"Brady","Hough","CD_T150",NA,88,0,0,NA,8,8,16,4,0,2,6,9,15,0,0,0,0,2,68.8,3,0,0,60,2,0,0,6.7,NA,NA,5,6,0,0,NA,NA,NA,0,242,0,1,1,5,62.5,1,11,0,1,40,0,0,0,5,0,0,11,10,1,0,0,0,0,0,0,0,0,0,0,"CD_I1023167",FALSE,19,"Brady","Hough","home","West Coast Eagles"
"CD_M20250140109","2025-03-16T07:10:00.000+0000","CONCLUDED","Premiership","Round 1",1,"Optus Stadium","West Coast Eagles","West Coast Eagles","Gold Coast SUNS","Gold Coast SUNS",5,"https://s.afl.com.au/staticfile/AFL Tenant/AFL/Players/ChampIDImages/AFL/2025014/994385.png?im=Scale,width=0.6,height=0.6","WL","CD_I994385",FALSE,5,"Jayden","Hunt","CD_T150",NA,82,0,0,NA,3,5,8,1,0,1,4,5,9,0,0,0,0,2,75,2,0,0,26,1,0,0,2.3,NA,NA,2,0,0,0,NA,NA,NA,1,60,1,2,3,1,33.3,0.6,6,0,0,44.4,0,0,0,3,1,0,9,4,1,0,0,0,0,0,0,0,0,0,0,"CD_I994385",FALSE,5,"Jayden","Hunt","home","West Coast Eagles"
"CD_M20250140109","2025-03-16T07:10:00.000+0000","CONCLUDED","Premiership","Round 1",1,"Optus Stadium","West Coast Eagles","West Coast Eagles","Gold Coast SUNS","Gold Coast SUNS",44,"https://s.afl.com.au/staticfile/AFL Tenant/AFL/Players/ChampIDImages/AFL/2025014/1036098.png?im=Scale,width=0.6,height=0.6","RR","CD_I1036098",FALSE,44,"Jack","Hutchinson","CD_T150",NA,67,0,0,NA,7,5,12,5,1,7,4,8,12,2,0,0,0,0,50,2,0,1,71,2,0,0,3.7,NA,NA,1,1,0,0,NA,NA,NA,1,191,0,1,1,4,57.1,1.4,6,0,1,33.3,0,0,0,4,0,0,13,9,0,0,0,0,0,0,0,0,7,0,0,"CD_I1036098",FALSE,44,"Jack","Hutchinson","home","West Coast Eagles"
"CD_M20250140109","2025-03-16T07:10:00.000+0000","CONCLUDED","Premiership","Round 1",1,"Optus Stadium","West Coast Eagles","West Coast Eagles","Gold Coast SUNS","Gold Coast SUNS",11,"https://s.afl.com.au/staticfile/AFL Tenant/AFL/Players/ChampIDImages/AFL/2025014/295898.png?im=Scale,width=0.6,height=0.6","C","CD_I295898",FALSE,11,"Tim","Kelly","CD_T150",NA,74,0,1,NA,7,7,14,2,0,6,6,9,15,1,0,0,0,2,50,4,0,1,63,1,0,0,2.5,NA,NA,2,0,1,1,NA,NA,NA,4,232,1,3,4,3,42.9,1,7,0,0,40,0,0,0,3,1,1,17,6,0,0,0,0,0,0,0,0,21,0,0,"CD_I295898",FALSE,11,"Tim","Kelly","home","West Coast Eagles"
"CD_M20250140109","2025-03-16T07:10:00.000+0000","CONCLUDED","Premiership","Round 1",1,"Optus Stadium","West Coast Eagles","West Coast Eagles","Gold Coast SUNS","Gold Coast SUNS",13,"https://s.afl.com.au/staticfile/AFL Tenant/AFL/Players/ChampIDImages/AFL/2025014/1023496.png?im=Scale,width=0.6,height=0.6","FPR","CD_I1023496",FALSE,13,"Noah","Long","CD_T150",NA,87,0,1,NA,2,4,6,1,0,0,3,3,6,0,1,0,0,3,66.7,3,0,1,15,0,0,0,0.7,NA,NA,1,1,0,1,NA,NA,NA,1,53,0,1,1,0,0,0.5,4,0,0,50,0,0,0,2,0,0,10,5,1,0,0,0,0,0,0,0,0,0,0,"CD_I1023496",FALSE,13,"Noah","Long","home","West Coast Eagles"
"CD_M20250140109","2025-03-16T07:10:00.000+0000","CONCLUDED","Premiership","Round 1",1,"Optus Stadium","West Coast Eagles","West Coast Eagles","Gold Coast SUNS","Gold Coast SUNS",23,"https://s.afl.com.au/staticfile/AFL Tenant/AFL/Players/ChampIDImages/AFL/2025014/1029416.png?im=Scale,width=0.6,height=0.6","SUB","CD_I1029416",FALSE,23,"Ryan","Maric","CD_T150",NA,33,0,0,NA,5,4,9,0,0,2,5,2,7,0,0,0,0,0,88.9,1,0,0,31,0,0,0,6.4,NA,NA,1,5,0,0,NA,NA,NA,2,100,0,0,0,5,100,1.3,8,0,0,71.4,0,0,0,5,0,2,6,4,0,0,0,0,0,0,0,0,0,3,3,"CD_I1029416",FALSE,23,"Ryan","Maric","home","West Coast Eagles"
"CD_M20250140109","2025-03-16T07:10:00.000+0000","CONCLUDED","Premiership","Round 1",1,"Optus Stadium","West Coast Eagles","West Coast Eagles","Gold Coast SUNS","Gold Coast SUNS",20,"https://s.afl.com.au/staticfile/AFL Tenant/AFL/Players/ChampIDImages/AFL/2025014/294859.png?im=Scale,width=0.6,height=0.6","CHB","CD_I294859",FALSE,20,"Jeremy","McGovern","CD_T150",NA,87,0,0,NA,14,5,19,1,0,2,3,8,11,0,0,0,0,9,73.7,3,1,1,61,7,0,0,9.3,NA,NA,5,7,0,0,NA,NA,NA,1,426,0,0,0,11,78.6,2.8,14,0,1,27.3,0,0,0,2,0,1,9,7,9,0,4,2,50,0,0,0,0,6,6,"CD_I294859",FALSE,20,"Jeremy","McGovern","home","West Coast Eagles"
"CD_M20250140109","2025-03-16T07:10:00.000+0000","CONCLUDED","Premiership","Round 1",1,"Optus Stadium","West Coast Eagles","West Coast Eagles","Gold Coast SUNS","Gold Coast SUNS",16,"https://s.afl.com.au/staticfile/AFL Tenant/AFL/Players/ChampIDImages/AFL/2025014/1013973.png?im=Scale,width=0.6,height=0.6","FPL","CD_I1013973",FALSE,16,"Matthew","Owies","CD_T150",NA,84,1,0,NA,5,6,11,5,0,3,1,10,11,2,1,0,0,1,63.6,3,0,1,57,0,1,100,1,NA,NA,3,0,0,1,NA,NA,NA,4,210,0,0,0,3,60,0.8,7,2,0,9.1,0,0,0,1,0,0,14,5,0,0,0,0,0,1,0,0,0,0,0,"CD_I1013973",FALSE,16,"Matthew","Owies","home","West Coast Eagles"
"CD_M20250140109","2025-03-16T07:10:00.000+0000","CONCLUDED","Premiership","Round 1",1,"Optus Stadium","West Coast Eagles","West Coast Eagles","Gold Coast SUNS","Gold Coast SUNS",22,"https://s.afl.com.au/staticfile/AFL Tenant/AFL/Players/ChampIDImages/AFL/2025014/1027693.png?im=Scale,width=0.6,height=0.6","INT","CD_I1027693",FALSE,22,"Archer","Reid","CD_T150",NA,66,0,0,NA,1,5,6,0,0,3,5,1,6,1,0,0,6,0,66.7,1,1,0,32,1,0,0,6.6,NA,NA,1,0,0,0,NA,NA,NA,1,44,1,2,3,0,0,0.2,4,0,0,83.3,3,21.4,50,4,2,1,8,2,0,28,0,0,0,2,1,50,10,0,0,"CD_I1027693",FALSE,22,"Archer","Reid","home","West Coast Eagles"
"CD_M20250140109","2025-03-16T07:10:00.000+0000","CONCLUDED","Premiership","Round 1",1,"Optus Stadium","West Coast Eagles","West Coast Eagles","Gold Coast SUNS","Gold Coast SUNS",9,"https://s.afl.com.au/staticfile/AFL Tenant/AFL/Players/ChampIDImages/AFL/2025014/1023492.png?im=Scale,width=0.6,height=0.6","R","CD_I1023492",FALSE,9,"Harley","Reid","CD_T150",NA,78,1,1,NA,6,6,12,1,2,1,4,9,13,3,0,0,0,0,66.7,2,0,0,44,0,0,50,8.9,NA,NA,2,1,0,2,NA,NA,NA,5,257,0,1,1,3,50,1,8,1,0,30.8,0,0,0,4,0,1,17,8,0,0,0,0,0,0,0,0,21,0,0,"CD_I1023492",FALSE,9,"Harley","Reid","home","West Coast Eagles"
"CD_M20250140109","2025-03-16T07:10:00.000+0000","CONCLUDED","Premiership","Round 1",1,"Optus Stadium","West Coast Eagles","West Coast Eagles","Gold Coast SUNS","Gold Coast SUNS",2,"https://s.afl.com.au/staticfile/AFL Tenant/AFL/Players/ChampIDImages/AFL/2025014/996554.png?im=Scale,width=0.6,height=0.6","CHF","CD_I996554",FALSE,2,"Jake","Waterman","CD_T150",NA,58,2,0,NA,2,3,5,3,0,0,0,5,5,1,1,0,0,0,80,0,0,0,33,0,0,100,5.5,NA,NA,1,0,0,2,NA,NA,NA,2,107,0,0,0,2,100,0.7,4,1,0,0,0,0,0,0,0,0,1,0,0,0,0,0,0,1,0,0,0,0,0,"CD_I996554",FALSE,2,"Jake","Waterman","home","West Coast Eagles"
"CD_M20250140109","2025-03-16T07:10:00.000+0000","CONCLUDED","Premiership","Round 1",1,"Optus Stadium","West Coast Eagles","West Coast Eagles","Gold Coast SUNS","Gold Coast SUNS",9,"https://s.afl.com.au/staticfile/AFL Tenant/AFL/Players/ChampIDImages/AFL/2025014/998130.png?im=Scale,width=0.6,height=0.6","HFFR","CD_I998130",FALSE,9,"Ben","Ainsworth","CD_T1000",NA,82,0,0,NA,9,9,18,5,0,2,4,14,18,5,0,1,0,0,55.6,3,1,0,69,1,1,0,-0.3,NA,NA,4,1,1,2,NA,NA,NA,9,260,1,0,1,3,33.3,1,10,0,0,22.2,0,0,0,2,2,0,6,2,0,0,0,0,0,1,1,100,0,0,0,"CD_I998130",FALSE,9,"Ben","Ainsworth","away","Gold Coast SUNS"
"CD_M20250140109","2025-03-16T07:10:00.000+0000","CONCLUDED","Premiership","Round 1",1,"Optus Stadium","West Coast Eagles","West Coast Eagles","Gold Coast SUNS","Gold Coast SUNS",15,"https://s.afl.com.au/staticfile/AFL Tenant/AFL/Players/ChampIDImages/AFL/2025014/1009199.png?im=Scale,width=0.6,height=0.6","R","CD_I1009199",FALSE,15,"Noah","Anderson","CD_T1000",NA,80,0,0,NA,16,20,36,3,0,5,14,23,37,9,0,0,0,1,66.7,5,0,0,117,5,3,0,21.1,NA,NA,5,1,0,1,NA,NA,NA,7,723,4,5,9,8,50,0.8,24,0,0,37.8,0,0,0,8,0,2,13,8,0,0,0,0,0,0,0,0,23,0,0,"CD_I1009199",FALSE,15,"Noah","Anderson","away","Gold Coast SUNS"
"CD_M20250140109","2025-03-16T07:10:00.000+0000","CONCLUDED","Premiership","Round 1",1,"Optus Stadium","West Coast Eagles","West Coast Eagles","Gold Coast SUNS","Gold Coast SUNS",10,"https://s.afl.com.au/staticfile/AFL Tenant/AFL/Players/ChampIDImages/AFL/2025014/1008882.png?im=Scale,width=0.6,height=0.6","CHB","CD_I1008882",FALSE,10,"Charlie","Ballard","CD_T1000",NA,45,0,0,NA,5,1,6,3,0,1,1,5,6,0,0,1,0,2,83.3,0,0,0,30,1,0,0,5,NA,NA,1,2,0,0,NA,NA,NA,1,80,0,0,0,4,80,5,5,0,2,16.7,0,0,0,0,0,1,4,4,1,0,2,1,50,0,0,0,0,0,0,"CD_I1008882",FALSE,10,"Charlie","Ballard","away","Gold Coast SUNS"
"CD_M20250140109","2025-03-16T07:10:00.000+0000","CONCLUDED","Premiership","Round 1",1,"Optus Stadium","West Coast Eagles","West Coast Eagles","Gold Coast SUNS","Gold Coast SUNS",35,"https://s.afl.com.au/staticfile/AFL Tenant/AFL/Players/ChampIDImages/AFL/2025014/1008454.png?im=Scale,width=0.6,height=0.6","INT","CD_I1008454",FALSE,35,"Connor","Budarick","CD_T1000",NA,77,0,0,NA,8,9,17,4,0,3,3,13,16,4,0,0,0,1,82.4,0,0,0,66,2,0,0,10.1,NA,NA,2,3,0,0,NA,NA,NA,5,315,0,0,0,6,75,0.9,14,0,1,18.8,0,0,0,3,0,1,7,4,0,0,2,0,0,0,0,0,0,0,0,"CD_I1008454",FALSE,35,"Connor","Budarick","away","Gold Coast SUNS"
"CD_M20250140109","2025-03-16T07:10:00.000+0000","CONCLUDED","Premiership","Round 1",1,"Optus Stadium","West Coast Eagles","West Coast Eagles","Gold Coast SUNS","Gold Coast SUNS",33,"https://s.afl.com.au/staticfile/AFL Tenant/AFL/Players/ChampIDImages/AFL/2025014/1013257.png?im=Scale,width=0.6,height=0.6","WR","CD_I1013257",FALSE,33,"Sam","Clohesy","CD_T1000",NA,93,0,1,NA,7,2,9,1,0,1,3,6,9,3,0,0,0,0,55.6,0,0,0,33,0,0,0,3.1,NA,NA,1,1,0,2,NA,NA,NA,5,187,0,0,0,3,42.9,3.5,5,0,0,33.3,0,0,0,3,1,0,12,4,0,0,0,0,0,0,0,0,0,0,0,"CD_I1013257",FALSE,33,"Sam","Clohesy","away","Gold Coast SUNS"
"CD_M20250140109","2025-03-16T07:10:00.000+0000","CONCLUDED","Premiership","Round 1",1,"Optus Stadium","West Coast Eagles","West Coast Eagles","Gold Coast SUNS","Gold Coast SUNS",25,"https://s.afl.com.au/staticfile/AFL Tenant/AFL/Players/ChampIDImages/AFL/2025014/295446.png?im=Scale,width=0.6,height=0.6","FB","CD_I295446",FALSE,25,"Sam","Collins","CD_T1000",NA,88,0,0,NA,8,4,12,7,0,2,5,9,14,2,0,1,0,5,75,1,0,0,61,4,1,0,12.6,NA,NA,2,6,0,0,NA,NA,NA,5,300,0,1,1,5,62.5,2,9,0,3,35.7,0,0,0,3,0,2,6,6,3,0,1,0,0,0,0,0,0,0,0,"CD_I295446",FALSE,25,"Sam","Collins","away","Gold Coast SUNS"
"CD_M20250140109","2025-03-16T07:10:00.000+0000","CONCLUDED","Premiership","Round 1",1,"Optus Stadium","West Coast Eagles","West Coast Eagles","Gold Coast SUNS","Gold Coast SUNS",26,"https://s.afl.com.au/staticfile/AFL Tenant/AFL/Players/ChampIDImages/AFL/2025014/1026960.png?im=Scale,width=0.6,height=0.6","HFFL","CD_I1026960",FALSE,26,"Will","Graham","CD_T1000",NA,79,1,1,NA,7,2,9,2,0,7,5,5,10,2,2,0,0,0,66.7,2,1,1,64,0,2,50,12.8,NA,NA,2,1,0,2,NA,NA,NA,4,311,0,2,2,5,71.4,3.5,6,0,0,50,0,0,0,4,0,2,14,9,0,0,0,0,0,0,0,0,9,0,0,"CD_I1026960",FALSE,26,"Will","Graham","away","Gold Coast SUNS"
"CD_M20250140109","2025-03-16T07:10:00.000+0000","CONCLUDED","Premiership","Round 1",1,"Optus Stadium","West Coast Eagles","West Coast Eagles","Gold Coast SUNS","Gold Coast SUNS",7,"https://s.afl.com.au/staticfile/AFL Tenant/AFL/Players/ChampIDImages/AFL/2025014/297456.png?im=Scale,width=0.6,height=0.6","INT","CD_I297456",FALSE,7,"Nick","Holman","CD_T1000",NA,77,0,1,NA,7,7,14,1,0,5,6,8,14,2,0,0,0,1,64.3,1,2,0,61,0,1,0,6.7,NA,NA,0,1,1,1,NA,NA,NA,5,133,0,2,2,2,28.6,1,9,0,0,42.9,0,0,0,4,1,0,18,8,1,0,0,0,0,1,0,0,0,0,0,"CD_I297456",FALSE,7,"Nick","Holman","away","Gold Coast SUNS"
"CD_M20250140109","2025-03-16T07:10:00.000+0000","CONCLUDED","Premiership","Round 1",1,"Optus Stadium","West Coast Eagles","West Coast Eagles","Gold Coast SUNS","Gold Coast SUNS",19,"https://s.afl.com.au/staticfile/AFL Tenant/AFL/Players/ChampIDImages/AFL/2025014/1023500.png?im=Scale,width=0.6,height=0.6","RR","CD_I1023500",FALSE,19,"Bailey","Humphrey","CD_T1000",NA,86,0,0,NA,8,12,20,4,0,2,11,10,21,6,0,0,0,0,70,4,1,1,66,1,5,0,14.1,NA,NA,2,2,0,0,NA,NA,NA,7,269,3,2,5,5,62.5,0.7,14,0,1,52.4,0,0,0,9,0,1,13,4,0,0,0,0,0,1,0,0,10,0,0,"CD_I1023500",FALSE,19,"Bailey","Humphrey","away","Gold Coast SUNS"
"CD_M20250140109","2025-03-16T07:10:00.000+0000","CONCLUDED","Premiership","Round 1",1,"Optus Stadium","West Coast Eagles","West Coast Eagles","Gold Coast SUNS","Gold Coast SUNS",40,"https://s.afl.com.au/staticfile/AFL Tenant/AFL/Players/ChampIDImages/AFL/2025014/1005992.png?im=Scale,width=0.6,height=0.6","INT","CD_I1005992",FALSE,40,"Joel","Jeffrey","CD_T1000",NA,79,0,0,NA,14,6,20,4,0,3,4,13,17,4,0,0,0,3,90,1,2,0,80,3,1,0,16.9,NA,NA,0,6,0,0,NA,NA,NA,9,525,0,0,0,12,85.7,2.3,18,0,1,23.5,0,0,0,2,0,3,8,5,3,0,0,0,0,0,0,0,0,2,2,"CD_I1005992",FALSE,40,"Joel","Jeffrey","away","Gold Coast SUNS"
"CD_M20250140109","2025-03-16T07:10:00.000+0000","CONCLUDED","Premiership","Round 1",1,"Optus Stadium","West Coast Eagles","West Coast Eagles","Gold Coast SUNS","Gold Coast SUNS",34,"https://s.afl.com.au/staticfile/AFL Tenant/AFL/Players/ChampIDImages/AFL/2025014/1006144.png?im=Scale,width=0.6,height=0.6","FF","CD_I1006144",FALSE,34,"Ben","King","CD_T1000",NA,87,6,2,NA,8,3,11,8,0,0,4,7,11,0,8,2,0,1,72.7,1,0,0,92,0,1,75,11.8,NA,NA,1,0,0,8,NA,NA,NA,9,117,0,0,0,6,75,2.7,8,3,0,36.4,0,0,0,2,2,0,6,0,1,0,0,0,0,3,0,0,0,0,0,"CD_I1006144",FALSE,34,"Ben","King","away","Gold Coast SUNS"
"CD_M20250140109","2025-03-16T07:10:00.000+0000","CONCLUDED","Premiership","Round 1",1,"Optus Stadium","West Coast Eagles","West Coast Eagles","Gold Coast SUNS","Gold Coast SUNS",22,"https://s.afl.com.au/staticfile/AFL Tenant/AFL/Players/ChampIDImages/AFL/2025014/993917.png?im=Scale,width=0.6,height=0.6","FPL","CD_I993917",FALSE,22,"Ben","Long","CD_T1000",NA,79,4,1,NA,9,3,12,5,1,0,7,7,14,4,4,0,0,4,83.3,1,0,0,73,0,1,66.7,21.3,NA,NA,2,2,0,6,NA,NA,NA,9,282,0,0,0,7,77.8,3,10,2,0,50,0,0,0,4,1,1,6,0,0,0,0,0,0,0,0,0,0,0,0,"CD_I993917",FALSE,22,"Ben","Long","away","Gold Coast SUNS"
"CD_M20250140109","2025-03-16T07:10:00.000+0000","CONCLUDED","Premiership","Round 1",1,"Optus Stadium","West Coast Eagles","West Coast Eagles","Gold Coast SUNS","Gold Coast SUNS",11,"https://s.afl.com.au/staticfile/AFL Tenant/AFL/Players/ChampIDImages/AFL/2025014/298272.png?im=Scale,width=0.6,height=0.6","CHF","CD_I298272",FALSE,11,"Touk","Miller","CD_T1000",NA,73,2,1,NA,12,14,26,4,0,2,17,11,28,3,1,0,0,3,69.2,4,1,1,95,1,0,50,20.7,NA,NA,4,1,0,4,NA,NA,NA,7,272,2,8,10,8,66.7,0.9,18,1,0,60.7,0,0,0,9,2,2,19,6,1,0,0,0,0,0,0,0,18,0,0,"CD_I298272",FALSE,11,"Touk","Miller","away","Gold Coast SUNS"
"CD_M20250140109","2025-03-16T07:10:00.000+0000","CONCLUDED","Premiership","Round 1",1,"Optus Stadium","West Coast Eagles","West Coast Eagles","Gold Coast SUNS","Gold Coast SUNS",2,"https://s.afl.com.au/staticfile/AFL Tenant/AFL/Players/ChampIDImages/AFL/2025014/1000072.png?im=Scale,width=0.6,height=0.6","HBFL","CD_I1000072",FALSE,2,"John","Noble","CD_T1000",NA,83,0,0,NA,14,5,19,2,0,2,3,13,16,2,0,0,0,3,73.7,0,0,0,66,1,1,0,7.3,NA,NA,3,4,0,0,NA,NA,NA,6,329,0,0,0,11,78.6,2.8,14,0,0,18.8,0,0,0,3,0,4,9,7,3,0,0,0,0,0,0,0,0,3,3,"CD_I1000072",FALSE,2,"John","Noble","away","Gold Coast SUNS"
"CD_M20250140109","2025-03-16T07:10:00.000+0000","CONCLUDED","Premiership","Round 1",1,"Optus Stadium","West Coast Eagles","West Coast Eagles","Gold Coast SUNS","Gold Coast SUNS",27,"https://s.afl.com.au/staticfile/AFL Tenant/AFL/Players/ChampIDImages/AFL/2025014/1007881.png?im=Scale,width=0.6,height=0.6","BPL","CD_I1007881",FALSE,27,"Wil","Powell","CD_T1000",NA,85,0,0,NA,8,5,13,5,0,3,4,8,12,2,0,0,0,2,76.9,5,0,0,61,4,0,0,7.2,NA,NA,4,5,0,0,NA,NA,NA,4,319,0,0,0,6,75,1.6,10,0,1,33.3,0,0,0,4,0,2,8,4,2,0,1,0,0,0,0,0,0,1,1,"CD_I1007881",FALSE,27,"Wil","Powell","away","Gold Coast SUNS"
"CD_M20250140109","2025-03-16T07:10:00.000+0000","CONCLUDED","Premiership","Round 1",1,"Optus Stadium","West Coast Eagles","West Coast Eagles","Gold Coast SUNS","Gold Coast SUNS",20,"https://s.afl.com.au/staticfile/AFL Tenant/AFL/Players/ChampIDImages/AFL/2025014/1027033.png?im=Scale,width=0.6,height=0.6","FPR","CD_I1027033",FALSE,20,"Ethan","Read","CD_T1000",NA,82,2,2,NA,7,3,10,3,0,2,6,4,10,0,2,1,9,1,50,2,1,1,65,0,0,50,6.3,NA,NA,1,1,1,4,NA,NA,NA,6,147,0,0,0,3,42.9,2.3,5,1,1,60,3,60,33.3,4,2,1,9,3,1,15,0,0,0,4,2,50,5,0,0,"CD_I1027033",FALSE,20,"Ethan","Read","away","Gold Coast SUNS"
"CD_M20250140109","2025-03-16T07:10:00.000+0000","CONCLUDED","Premiership","Round 1",1,"Optus Stadium","West Coast Eagles","West Coast Eagles","Gold Coast SUNS","Gold Coast SUNS",17,"https://s.afl.com.au/staticfile/AFL Tenant/AFL/Players/ChampIDImages/AFL/2025014/1000981.png?im=Scale,width=0.6,height=0.6","HBFR","CD_I1000981",FALSE,17,"Daniel","Rioli","CD_T1000",NA,82,2,0,NA,12,9,21,5,0,0,5,15,20,3,1,0,0,1,71.4,5,0,1,78,2,0,66.7,13,NA,NA,5,8,0,3,NA,NA,NA,4,396,0,1,1,8,66.7,1.3,15,0,3,25,0,0,0,5,0,3,9,7,1,0,0,0,0,0,0,0,0,0,0,"CD_I1000981",FALSE,17,"Daniel","Rioli","away","Gold Coast SUNS"
"CD_M20250140109","2025-03-16T07:10:00.000+0000","CONCLUDED","Premiership","Round 1",1,"Optus Stadium","West Coast Eagles","West Coast Eagles","Gold Coast SUNS","Gold Coast SUNS",29,"https://s.afl.com.au/staticfile/AFL Tenant/AFL/Players/ChampIDImages/AFL/2025014/1018123.png?im=Scale,width=0.6,height=0.6","INT","CD_I1018123",FALSE,29,"Jake","Rogers","CD_T1000",NA,75,3,0,NA,6,7,13,4,0,1,7,8,15,1,1,0,0,1,61.5,2,1,1,64,0,0,100,7.2,NA,NA,1,1,0,3,NA,NA,NA,6,139,0,0,0,5,83.3,0.9,8,1,0,46.7,0,0,0,2,1,0,11,4,0,0,0,0,0,0,0,0,2,0,0,"CD_I1018123",FALSE,29,"Jake","Rogers","away","Gold Coast SUNS"
"CD_M20250140109","2025-03-16T07:10:00.000+0000","CONCLUDED","Premiership","Round 1",1,"Optus Stadium","West Coast Eagles","West Coast Eagles","Gold Coast SUNS","Gold Coast SUNS",18,"https://s.afl.com.au/staticfile/AFL Tenant/AFL/Players/ChampIDImages/AFL/2025014/1009208.png?im=Scale,width=0.6,height=0.6","C","CD_I1009208",FALSE,18,"Matt","Rowell","CD_T1000",NA,79,0,0,NA,17,13,30,0,1,8,15,15,30,6,0,0,0,1,70,3,2,1,108,0,0,0,25.3,NA,NA,6,3,1,0,NA,NA,NA,8,465,3,7,10,8,47.1,1.3,21,0,0,50,0,0,0,9,1,2,16,6,0,0,0,0,0,0,0,0,24,0,0,"CD_I1009208",FALSE,18,"Matt","Rowell","away","Gold Coast SUNS"
"CD_M20250140109","2025-03-16T07:10:00.000+0000","CONCLUDED","Premiership","Round 1",1,"Optus Stadium","West Coast Eagles","West Coast Eagles","Gold Coast SUNS","Gold Coast SUNS",6,"https://s.afl.com.au/staticfile/AFL Tenant/AFL/Players/ChampIDImages/AFL/2025014/294643.png?im=Scale,width=0.6,height=0.6","SUB","CD_I294643",FALSE,6,"Alex","Sexton","CD_T1000",NA,41,0,1,NA,2,1,3,1,0,2,1,3,4,1,0,0,0,0,66.7,0,1,0,21,0,1,0,1.3,NA,NA,0,0,1,1,NA,NA,NA,2,66,0,0,0,1,50,2,2,0,0,25,0,0,0,0,0,0,5,1,0,0,0,0,0,0,0,0,0,0,0,"CD_I294643",FALSE,6,"Alex","Sexton","away","Gold Coast SUNS"
"CD_M20250140109","2025-03-16T07:10:00.000+0000","CONCLUDED","Premiership","Round 1",1,"Optus Stadium","West Coast Eagles","West Coast Eagles","Gold Coast SUNS","Gold Coast SUNS",32,"https://s.afl.com.au/staticfile/AFL Tenant/AFL/Players/ChampIDImages/AFL/2025014/1017665.png?im=Scale,width=0.6,height=0.6","BPR","CD_I1017665",FALSE,32,"Bodhi","Uwland","CD_T1000",NA,92,0,0,NA,7,8,15,2,0,3,6,6,12,0,0,0,0,6,60,4,1,2,50,2,0,0,3,NA,NA,2,5,0,0,NA,NA,NA,2,164,0,1,1,3,42.9,0.9,9,0,1,50,0,0,0,6,1,0,8,5,6,0,2,2,100,0,0,0,0,1,1,"CD_I1017665",FALSE,32,"Bodhi","Uwland","away","Gold Coast SUNS"
"CD_M20250140109","2025-03-16T07:10:00.000+0000","CONCLUDED","Premiership","Round 1",1,"Optus Stadium","West Coast Eagles","West Coast Eagles","Gold Coast SUNS","Gold Coast SUNS",14,"https://s.afl.com.au/staticfile/AFL Tenant/AFL/Players/ChampIDImages/AFL/2025014/298524.png?im=Scale,width=0.6,height=0.6","WL","CD_I298524",FALSE,14,"Lachie","Weller","CD_T1000",NA,71,0,0,NA,9,12,21,2,0,6,5,17,22,5,0,0,0,1,76.2,4,3,1,81,0,1,0,5.7,NA,NA,4,0,1,1,NA,NA,NA,6,316,1,2,3,5,55.6,0.8,16,1,0,22.7,0,0,0,3,0,1,20,4,1,0,0,0,0,0,0,0,7,0,0,"CD_I298524",FALSE,14,"Lachie","Weller","away","Gold Coast SUNS"
"CD_M20250140109","2025-03-16T07:10:00.000+0000","CONCLUDED","Premiership","Round 1",1,"Optus Stadium","West Coast Eagles","West Coast Eagles","Gold Coast SUNS","Gold Coast SUNS",28,"https://s.afl.com.au/staticfile/AFL Tenant/AFL/Players/ChampIDImages/AFL/2025014/291975.png?im=Scale,width=0.6,height=0.6","RK","CD_I291975",FALSE,28,"Jarrod","Witts","CD_T1000",NA,83,0,0,NA,6,7,13,2,0,4,9,4,13,3,0,0,68,1,61.5,1,3,0,125,0,0,0,17.8,NA,NA,2,3,1,0,NA,NA,NA,8,203,2,3,5,4,66.7,0.9,8,0,1,69.2,17,73.1,25,4,0,7,11,7,1,93,2,0,0,1,0,0,26,0,0,"CD_I291975",FALSE,28,"Jarrod","Witts","away","Gold Coast SUNS"
"CD_M20250140201","2025-03-20T08:30:00.000+0000","CONCLUDED","Premiership","Round 2",2,"MCG","Carlton","Carlton","Hawthorn","Hawthorn",13,"https://s.afl.com.au/staticfile/AFL Tenant/AFL/Players/ChampIDImages/AFL/2025014/296294.png?im=Scale,width=0.6,height=0.6","WL","CD_I296294",FALSE,13,"Blake","Acres","CD_T30",NA,84,0,0,NA,7,3,10,1,0,1,4,8,12,2,0,0,0,1,50,3,3,1,34,2,0,0,-1.8,NA,NA,4,2,0,1,NA,NA,NA,1,203,0,0,0,3,42.9,2.3,5,0,0,33.3,0,0,0,2,0,0,7,1,0,0,0,0,0,0,0,0,0,0,0,"CD_I296294",FALSE,13,"Blake","Acres","home","Carlton"
"CD_M20250140201","2025-03-20T08:30:00.000+0000","CONCLUDED","Premiership","Round 2",2,"MCG","Carlton","Carlton","Hawthorn","Hawthorn",21,"https://s.afl.com.au/staticfile/AFL Tenant/AFL/Players/ChampIDImages/AFL/2025014/1022452.png?im=Scale,width=0.6,height=0.6","WR","CD_I1022452",FALSE,21,"Lucas","Camporeale","CD_T30",NA,67,0,0,NA,5,4,9,2,0,0,7,3,10,1,0,0,0,1,66.7,0,1,0,30,3,1,0,8.9,NA,NA,1,1,0,0,NA,NA,NA,1,184,0,3,3,3,60,1.3,6,0,0,70,0,0,0,6,1,1,14,4,0,0,0,0,0,0,0,0,0,0,0,"CD_I1022452",FALSE,21,"Lucas","Camporeale","home","Carlton"
"CD_M20250140201","2025-03-20T08:30:00.000+0000","CONCLUDED","Premiership","Round 2",2,"MCG","Carlton","Carlton","Hawthorn","Hawthorn",5,"https://s.afl.com.au/staticfile/AFL Tenant/AFL/Players/ChampIDImages/AFL/2025014/1002239.png?im=Scale,width=0.6,height=0.6","INT","CD_I1002239",FALSE,5,"Adam","Cerra","CD_T30",NA,73,1,0,NA,17,11,28,2,0,5,12,17,29,2,0,0,0,2,60.7,5,1,2,100,5,0,100,16.1,NA,NA,6,6,0,1,NA,NA,NA,2,539,1,3,4,9,52.9,1.5,17,0,2,41.4,0,0,0,9,0,0,18,9,2,0,0,0,0,0,0,0,12,0,0,"CD_I1002239",FALSE,5,"Adam","Cerra","home","Carlton"
"CD_M20250140201","2025-03-20T08:30:00.000+0000","CONCLUDED","Premiership","Round 2",2,"MCG","Carlton","Carlton","Hawthorn","Hawthorn",46,"https://s.afl.com.au/staticfile/AFL Tenant/AFL/Players/ChampIDImages/AFL/2025014/1008154.png?im=Scale,width=0.6,height=0.6","HFFR","CD_I1008154",FALSE,46,"Matthew","Cottrell","CD_T30",NA,91,1,0,NA,16,4,20,1,0,3,11,6,17,7,0,1,0,2,65,4,1,0,78,5,0,100,19.4,NA,NA,5,7,1,1,NA,NA,NA,4,478,0,2,2,9,56.3,4,13,0,1,64.7,0,0,0,9,2,2,18,4,1,0,1,0,0,1,0,0,0,0,0,"CD_I1008154",FALSE,46,"Matthew","Cottrell","home","Carlton"
"CD_M20250140201","2025-03-20T08:30:00.000+0000","CONCLUDED","Premiership","Round 2",2,"MCG","Carlton","Carlton","Hawthorn","Hawthorn",2,"https://s.afl.com.au/staticfile/AFL Tenant/AFL/Players/ChampIDImages/AFL/2025014/1021353.png?im=Scale,width=0.6,height=0.6","HBFL","CD_I1021353",FALSE,2,"Lachlan","Cowan","CD_T30",NA,84,0,0,NA,5,4,9,1,0,3,6,6,12,2,0,0,0,7,55.6,1,2,1,37,4,0,0,5.3,NA,NA,2,3,0,0,NA,NA,NA,0,92,0,3,3,1,20,1.3,5,0,0,50,0,0,0,3,0,0,15,4,6,0,1,0,0,0,0,0,0,0,0,"CD_I1021353",FALSE,2,"Lachlan","Cowan","home","Carlton"
"CD_M20250140201","2025-03-20T08:30:00.000+0000","CONCLUDED","Premiership","Round 2",2,"MCG","Carlton","Carlton","Hawthorn","Hawthorn",9,"https://s.afl.com.au/staticfile/AFL Tenant/AFL/Players/ChampIDImages/AFL/2025014/990704.png?im=Scale,width=0.6,height=0.6","C","CD_I990704",FALSE,9,"Patrick","Cripps","CD_T30",NA,82,0,1,NA,12,17,29,3,0,4,18,10,28,4,0,1,1,3,72.4,7,3,4,88,2,0,0,22.7,NA,NA,4,6,0,1,NA,NA,NA,3,361,3,8,11,6,50,0.7,21,1,0,64.3,0,6.7,0,13,1,2,17,7,1,15,0,0,0,0,0,0,19,0,0,"CD_I990704",FALSE,9,"Patrick","Cripps","home","Carlton"
"CD_M20250140201","2025-03-20T08:30:00.000+0000","CONCLUDED","Premiership","Round 2",2,"MCG","Carlton","Carlton","Hawthorn","Hawthorn",30,"https://s.afl.com.au/staticfile/AFL Tenant/AFL/Players/ChampIDImages/AFL/2025014/996731.png?im=Scale,width=0.6,height=0.6","FF","CD_I996731",FALSE,30,"Charlie","Curnow","CD_T30",NA,83,0,0,NA,4,1,5,2,0,0,2,5,7,1,0,0,0,2,80,3,2,2,16,0,1,0,0.5,NA,NA,2,0,0,0,NA,NA,NA,1,182,0,0,0,3,75,4,4,0,0,28.6,0,0,0,1,0,0,7,1,2,0,0,0,0,5,0,0,0,0,0,"CD_I996731",FALSE,30,"Charlie","Curnow","home","Carlton"
"CD_M20250140201","2025-03-20T08:30:00.000+0000","CONCLUDED","Premiership","Round 2",2,"MCG","Carlton","Carlton","Hawthorn","Hawthorn",12,"https://s.afl.com.au/staticfile/AFL Tenant/AFL/Players/ChampIDImages/AFL/2025014/1004912.png?im=Scale,width=0.6,height=0.6","RK","CD_I1004912",FALSE,12,"Tom","De Koning","CD_T30",NA,76,0,1,NA,10,9,19,3,0,3,10,7,17,5,1,1,40,3,47.4,3,0,1,107,0,1,0,12.9,NA,NA,1,3,2,1,NA,NA,NA,6,264,1,6,7,3,30,1.1,9,0,2,58.8,9,41.2,22.5,5,0,5,9,1,2,97,0,0,0,0,0,0,21,0,0,"CD_I1004912",FALSE,12,"Tom","De Koning","home","Carlton"
"CD_M20250140201","2025-03-20T08:30:00.000+0000","CONCLUDED","Premiership","Round 2",2,"MCG","Carlton","Carlton","Hawthorn","Hawthorn",15,"https://s.afl.com.au/staticfile/AFL Tenant/AFL/Players/ChampIDImages/AFL/2025014/295518.png?im=Scale,width=0.6,height=0.6","FPR","CD_I295518",FALSE,15,"Sam","Docherty","CD_T30",NA,86,0,0,NA,10,3,13,0,0,9,6,9,15,3,0,0,0,4,53.8,3,1,1,70,0,0,0,8.3,NA,NA,5,3,1,0,NA,NA,NA,2,322,0,1,1,4,40,3.3,7,0,0,40,0,0,0,4,2,1,16,5,3,0,0,0,0,0,0,0,0,0,0,"CD_I295518",FALSE,15,"Sam","Docherty","home","Carlton"
"CD_M20250140201","2025-03-20T08:30:00.000+0000","CONCLUDED","Premiership","Round 2",2,"MCG","Carlton","Carlton","Hawthorn","Hawthorn",8,"https://s.afl.com.au/staticfile/AFL Tenant/AFL/Players/ChampIDImages/AFL/2025014/1002228.png?im=Scale,width=0.6,height=0.6","HFFL","CD_I1002228",FALSE,8,"Lachie","Fogarty","CD_T30",NA,72,0,0,NA,3,5,8,1,0,5,3,5,8,2,0,0,0,2,87.5,2,0,1,39,0,0,0,7.2,NA,NA,2,1,2,0,NA,NA,NA,5,117,0,0,0,3,100,0.6,7,1,0,37.5,0,0,0,2,2,0,14,4,0,0,0,0,0,1,0,0,0,0,0,"CD_I1002228",FALSE,8,"Lachie","Fogarty","home","Carlton"
"CD_M20250140201","2025-03-20T08:30:00.000+0000","CONCLUDED","Premiership","Round 2",2,"MCG","Carlton","Carlton","Hawthorn","Hawthorn",26,"https://s.afl.com.au/staticfile/AFL Tenant/AFL/Players/ChampIDImages/AFL/2025014/295265.png?im=Scale,width=0.6,height=0.6","INT","CD_I295265",FALSE,26,"Nick","Haynes","CD_T30",NA,73,0,0,NA,6,2,8,4,0,0,5,5,10,2,0,0,0,4,75,1,1,0,35,2,0,0,6.8,NA,NA,3,6,0,0,NA,NA,NA,0,182,0,0,0,5,83.3,3,6,0,1,50,0,0,0,2,0,0,2,2,2,0,0,0,0,0,0,0,0,0,0,"CD_I295265",FALSE,26,"Nick","Haynes","home","Carlton"
"CD_M20250140201","2025-03-20T08:30:00.000+0000","CONCLUDED","Premiership","Round 2",2,"MCG","Carlton","Carlton","Hawthorn","Hawthorn",29,"https://s.afl.com.au/staticfile/AFL Tenant/AFL/Players/ChampIDImages/AFL/2025014/294036.png?im=Scale,width=0.6,height=0.6","R","CD_I294036",FALSE,29,"George","Hewett","CD_T30",NA,81,1,1,NA,14,14,28,1,0,11,16,12,28,4,0,0,0,2,67.9,6,2,2,120,0,1,25,16.2,NA,NA,5,2,1,4,NA,NA,NA,7,405,5,6,11,6,42.9,1,19,0,0,57.1,0,0,0,10,1,2,23,5,1,2,0,0,0,0,0,0,16,0,0,"CD_I294036",FALSE,29,"George","Hewett","home","Carlton"
"CD_M20250140201","2025-03-20T08:30:00.000+0000","CONCLUDED","Premiership","Round 2",2,"MCG","Carlton","Carlton","Hawthorn","Hawthorn",4,"https://s.afl.com.au/staticfile/AFL Tenant/AFL/Players/ChampIDImages/AFL/2025014/1023495.png?im=Scale,width=0.6,height=0.6","CHB","CD_I1023495",FALSE,4,"Oliver","Hollands","CD_T30",NA,91,0,0,NA,7,4,11,3,0,4,3,9,12,3,0,0,0,3,72.7,3,0,2,48,3,0,0,4.9,NA,NA,2,2,0,0,NA,NA,NA,2,280,0,0,0,5,71.4,1.8,8,0,0,25,0,0,0,2,0,0,16,9,2,0,0,0,0,0,0,0,0,0,0,"CD_I1023495",FALSE,4,"Oliver","Hollands","home","Carlton"
"CD_M20250140201","2025-03-20T08:30:00.000+0000","CONCLUDED","Premiership","Round 2",2,"MCG","Carlton","Carlton","Hawthorn","Hawthorn",17,"https://s.afl.com.au/staticfile/AFL Tenant/AFL/Players/ChampIDImages/AFL/2025014/1009241.png?im=Scale,width=0.6,height=0.6","FPL","CD_I1009241",FALSE,17,"Brodie","Kemp","CD_T30",NA,92,1,0,NA,3,3,6,0,0,3,3,3,6,0,0,0,0,2,50,4,2,3,26,0,0,100,0.8,NA,NA,6,2,0,1,NA,NA,NA,2,48,0,0,0,2,66.7,1,3,0,0,50,0,0,0,1,0,1,11,2,2,0,0,0,0,1,0,0,0,0,0,"CD_I1009241",FALSE,17,"Brodie","Kemp","home","Carlton"
"CD_M20250140201","2025-03-20T08:30:00.000+0000","CONCLUDED","Premiership","Round 2",2,"MCG","Carlton","Carlton","Hawthorn","Hawthorn",36,"https://s.afl.com.au/staticfile/AFL Tenant/AFL/Players/ChampIDImages/AFL/2025014/1032108.png?im=Scale,width=0.6,height=0.6","SUB","CD_I1032108",FALSE,36,"Cooper","Lord","CD_T30",NA,13,0,0,NA,1,2,3,0,0,2,2,1,3,0,0,0,0,0,66.7,1,0,0,15,0,0,0,2.4,NA,NA,1,1,2,0,NA,NA,NA,0,42,0,1,1,0,0,0.5,2,0,0,66.7,0,0,0,2,1,0,7,5,0,0,0,0,0,0,0,0,0,0,0,"CD_I1032108",FALSE,36,"Cooper","Lord","home","Carlton"
"CD_M20250140201","2025-03-20T08:30:00.000+0000","CONCLUDED","Premiership","Round 2",2,"MCG","Carlton","Carlton","Hawthorn","Hawthorn",11,"https://s.afl.com.au/staticfile/AFL Tenant/AFL/Players/ChampIDImages/AFL/2025014/297255.png?im=Scale,width=0.6,height=0.6","BPR","CD_I297255",FALSE,11,"Mitch","McGovern","CD_T30",NA,80,0,0,NA,11,2,13,5,0,1,4,5,9,1,1,2,0,5,84.6,4,1,3,48,3,0,0,7.6,NA,NA,4,5,0,0,NA,NA,NA,2,334,0,0,0,9,81.8,5.5,11,0,2,44.4,0,0,0,1,0,1,12,8,4,0,3,1,33.3,0,0,0,0,4,3,"CD_I297255",FALSE,11,"Mitch","McGovern","home","Carlton"
"CD_M20250140201","2025-03-20T08:30:00.000+0000","CONCLUDED","Premiership","Round 2",2,"MCG","Carlton","Carlton","Hawthorn","Hawthorn",3,"https://s.afl.com.au/staticfile/AFL Tenant/AFL/Players/ChampIDImages/AFL/2025014/1017700.png?im=Scale,width=0.6,height=0.6","INT","CD_I1017700",FALSE,3,"Jesse","Motlop","CD_T30",NA,75,1,3,NA,12,7,19,3,0,6,4,11,15,2,0,0,0,1,57.9,4,1,2,87,1,0,25,7.1,NA,NA,5,1,3,4,NA,NA,NA,8,212,0,2,2,6,50,1.7,11,1,0,26.7,0,0,0,3,2,1,13,6,1,0,0,0,0,2,1,50,2,0,0,"CD_I1017700",FALSE,3,"Jesse","Motlop","home","Carlton"
"CD_M20250140201","2025-03-20T08:30:00.000+0000","CONCLUDED","Premiership","Round 2",2,"MCG","Carlton","Carlton","Hawthorn","Hawthorn",42,"https://s.afl.com.au/staticfile/AFL Tenant/AFL/Players/ChampIDImages/AFL/2025014/295461.png?im=Scale,width=0.6,height=0.6","HBFR","CD_I295461",FALSE,42,"Adam","Saad","CD_T30",NA,84,0,0,NA,11,2,13,2,4,3,3,4,7,2,0,0,0,1,53.8,4,0,0,55,3,1,0,5.5,NA,NA,5,3,0,0,NA,NA,NA,1,286,0,0,0,6,54.5,5.5,7,0,0,42.9,0,0,0,3,0,0,15,7,1,0,0,0,0,0,0,0,0,4,3,"CD_I295461",FALSE,42,"Adam","Saad","home","Carlton"
"CD_M20250140201","2025-03-20T08:30:00.000+0000","CONCLUDED","Premiership","Round 2",2,"MCG","Carlton","Carlton","Hawthorn","Hawthorn",1,"https://s.afl.com.au/staticfile/AFL Tenant/AFL/Players/ChampIDImages/AFL/2025014/1001028.png?im=Scale,width=0.6,height=0.6","FB","CD_I1001028",FALSE,1,"Jack","Silvagni","CD_T30",NA,80,1,3,NA,6,4,10,3,0,6,5,4,9,3,2,2,0,2,70,3,1,2,63,0,1,25,7.2,NA,NA,3,2,5,4,NA,NA,NA,7,191,0,0,0,3,50,1.5,7,1,0,55.6,0,0,0,2,0,1,18,5,2,0,0,0,0,3,0,0,0,0,0,"CD_I1001028",FALSE,1,"Jack","Silvagni","home","Carlton"
"CD_M20250140201","2025-03-20T08:30:00.000+0000","CONCLUDED","Premiership","Round 2",2,"MCG","Carlton","Carlton","Hawthorn","Hawthorn",18,"https://s.afl.com.au/staticfile/AFL Tenant/AFL/Players/ChampIDImages/AFL/2025014/1006094.png?im=Scale,width=0.6,height=0.6","RR","CD_I1006094",FALSE,18,"Sam","Walsh","CD_T30",NA,80,0,0,NA,10,12,22,0,0,12,12,9,21,4,0,0,0,2,50,4,0,1,99,3,0,0,10.2,NA,NA,8,3,2,0,NA,NA,NA,1,322,1,4,5,5,50,0.8,11,0,0,57.1,0,0,0,8,2,0,27,9,0,0,0,0,0,1,0,0,17,0,0,"CD_I1006094",FALSE,18,"Sam","Walsh","home","Carlton"
"CD_M20250140201","2025-03-20T08:30:00.000+0000","CONCLUDED","Premiership","Round 2",2,"MCG","Carlton","Carlton","Hawthorn","Hawthorn",23,"https://s.afl.com.au/staticfile/AFL Tenant/AFL/Players/ChampIDImages/AFL/2025014/993832.png?im=Scale,width=0.6,height=0.6","BPL","CD_I993832",FALSE,23,"Jacob","Weitering","CD_T30",NA,100,0,0,NA,10,1,11,7,0,2,4,9,13,1,0,1,0,9,81.8,1,1,1,59,2,0,0,12,NA,NA,0,7,0,0,NA,NA,NA,1,176,0,0,0,8,80,10,9,0,3,30.8,0,0,0,2,0,1,5,4,7,0,2,0,0,0,0,0,0,0,0,"CD_I993832",FALSE,23,"Jacob","Weitering","home","Carlton"
"CD_M20250140201","2025-03-20T08:30:00.000+0000","CONCLUDED","Premiership","Round 2",2,"MCG","Carlton","Carlton","Hawthorn","Hawthorn",6,"https://s.afl.com.au/staticfile/AFL Tenant/AFL/Players/ChampIDImages/AFL/2025014/294685.png?im=Scale,width=0.6,height=0.6","INT","CD_I294685",FALSE,6,"Zac","Williams","CD_T30",NA,65,2,0,NA,6,5,11,1,0,1,5,5,10,2,1,1,0,1,63.6,2,0,0,47,0,0,100,10.8,NA,NA,1,1,0,2,NA,NA,NA,4,165,0,1,1,4,66.7,1.2,7,0,0,50,0,0,0,4,3,0,13,0,1,0,0,0,0,1,1,100,3,0,0,"CD_I294685",FALSE,6,"Zac","Williams","home","Carlton"
"CD_M20250140201","2025-03-20T08:30:00.000+0000","CONCLUDED","Premiership","Round 2",2,"MCG","Carlton","Carlton","Hawthorn","Hawthorn",33,"https://s.afl.com.au/staticfile/AFL Tenant/AFL/Players/ChampIDImages/AFL/2025014/997316.png?im=Scale,width=0.6,height=0.6","CHF","CD_I997316",FALSE,33,"Lewis","Young","CD_T30",NA,89,0,0,NA,6,2,8,4,0,1,2,6,8,0,0,0,5,8,62.5,1,1,0,44,5,0,0,7,NA,NA,0,5,0,0,NA,NA,NA,1,173,0,0,0,4,66.7,3,5,0,3,25,2,71.4,40,1,0,1,4,2,7,7,3,2,66.7,0,0,0,2,0,0,"CD_I997316",FALSE,33,"Lewis","Young","home","Carlton"
"CD_M20250140201","2025-03-20T08:30:00.000+0000","CONCLUDED","Premiership","Round 2",2,"MCG","Carlton","Carlton","Hawthorn","Hawthorn",10,"https://s.afl.com.au/staticfile/AFL Tenant/AFL/Players/ChampIDImages/AFL/2025014/297354.png?im=Scale,width=0.6,height=0.6","WL","CD_I297354",FALSE,10,"Karl","Amon","CD_T80",NA,84,0,0,NA,11,11,22,3,0,6,6,14,20,2,0,0,0,0,77.3,2,3,0,91,7,0,0,7.8,NA,NA,4,7,0,0,NA,NA,NA,3,361,0,1,1,9,81.8,1,17,0,0,30,0,0,0,4,0,2,18,15,0,0,0,0,0,0,0,0,0,3,3,"CD_I297354",FALSE,10,"Karl","Amon","away","Hawthorn"
"CD_M20250140201","2025-03-20T08:30:00.000+0000","CONCLUDED","Premiership","Round 2",2,"MCG","Carlton","Carlton","Hawthorn","Hawthorn",37,"https://s.afl.com.au/staticfile/AFL Tenant/AFL/Players/ChampIDImages/AFL/2025014/990290.png?im=Scale,width=0.6,height=0.6","BPL","CD_I990290",FALSE,37,"Tom","Barrass","CD_T80",NA,89,0,0,NA,5,5,10,3,0,3,4,6,10,1,0,0,0,2,80,1,1,0,47,1,0,0,8,NA,NA,3,7,0,0,NA,NA,NA,1,105,0,0,0,4,80,1,8,0,2,40,0,0,0,3,0,1,6,5,2,0,2,0,0,0,0,0,0,0,0,"CD_I990290",FALSE,37,"Tom","Barrass","away","Hawthorn"
"CD_M20250140201","2025-03-20T08:30:00.000+0000","CONCLUDED","Premiership","Round 2",2,"MCG","Carlton","Carlton","Hawthorn","Hawthorn",24,"https://s.afl.com.au/staticfile/AFL Tenant/AFL/Players/ChampIDImages/AFL/2025014/998134.png?im=Scale,width=0.6,height=0.6","WR","CD_I998134",FALSE,24,"Josh","Battle","CD_T80",NA,98,0,0,NA,10,11,21,5,0,2,6,12,18,4,0,1,0,8,85.7,0,0,0,75,5,0,0,15.4,NA,NA,1,9,0,0,NA,NA,NA,4,396,0,0,0,8,80,0.9,18,0,1,33.3,0,0,0,5,0,3,6,5,6,0,2,0,0,1,0,0,0,2,2,"CD_I998134",FALSE,24,"Josh","Battle","away","Hawthorn"
"CD_M20250140201","2025-03-20T08:30:00.000+0000","CONCLUDED","Premiership","Round 2",2,"MCG","Carlton","Carlton","Hawthorn","Hawthorn",18,"https://s.afl.com.au/staticfile/AFL Tenant/AFL/Players/ChampIDImages/AFL/2025014/994077.png?im=Scale,width=0.6,height=0.6","FF","CD_I994077",FALSE,18,"Mabior","Chol","CD_T80",NA,86,3,1,NA,10,1,11,4,0,0,4,6,10,1,3,2,0,1,45.5,5,0,2,57,0,1,60,6.4,NA,NA,5,0,0,5,NA,NA,NA,7,241,0,0,0,4,40,10,5,0,0,40,0,0,0,2,1,0,9,2,0,2,0,0,0,3,2,66.7,2,0,0,"CD_I994077",FALSE,18,"Mabior","Chol","away","Hawthorn"
"CD_M20250140201","2025-03-20T08:30:00.000+0000","CONCLUDED","Premiership","Round 2",2,"MCG","Carlton","Carlton","Hawthorn","Hawthorn",16,"https://s.afl.com.au/staticfile/AFL Tenant/AFL/Players/ChampIDImages/AFL/2025014/1005144.png?im=Scale,width=0.6,height=0.6","HBFR","CD_I1005144",FALSE,16,"Massimo","D'Ambrosio","CD_T80",NA,83,0,0,NA,14,11,25,4,0,4,8,18,26,3,0,0,0,0,68,1,2,0,94,4,0,0,12.5,NA,NA,2,4,1,0,NA,NA,NA,5,377,0,2,2,10,71.4,1.3,17,0,1,30.8,0,0,0,7,0,1,11,5,0,0,0,0,0,0,0,0,0,0,0,"CD_I1005144",FALSE,16,"Massimo","D'Ambrosio","away","Hawthorn"
"CD_M20250140201","2025-03-20T08:30:00.000+0000","CONCLUDED","Premiership","Round 2",2,"MCG","Carlton","Carlton","Hawthorn","Hawthorn",12,"https://s.afl.com.au/staticfile/AFL Tenant/AFL/Players/ChampIDImages/AFL/2025014/1008550.png?im=Scale,width=0.6,height=0.6","RR","CD_I1008550",FALSE,12,"Will","Day","CD_T80",NA,76,0,0,NA,13,13,26,1,0,5,12,14,26,7,0,0,0,1,61.5,7,2,5,75,0,1,0,8.1,NA,NA,6,1,2,0,NA,NA,NA,7,436,1,4,5,6,46.2,1,16,0,0,46.2,0,0,0,5,0,1,15,7,1,0,0,0,0,1,0,0,17,0,0,"CD_I1008550",FALSE,12,"Will","Day","away","Hawthorn"
"CD_M20250140201","2025-03-20T08:30:00.000+0000","CONCLUDED","Premiership","Round 2",2,"MCG","Carlton","Carlton","Hawthorn","Hawthorn",33,"https://s.afl.com.au/staticfile/AFL Tenant/AFL/Players/ChampIDImages/AFL/2025014/1012857.png?im=Scale,width=0.6,height=0.6","FPL","CD_I1012857",FALSE,33,"Jack","Ginnivan","CD_T80",NA,78,0,0,NA,4,6,10,1,0,4,4,5,9,2,0,0,0,0,90,2,1,0,44,1,2,0,8.7,NA,NA,1,0,2,0,NA,NA,NA,3,133,0,3,3,4,100,0.7,9,0,0,44.4,0,0,0,2,1,0,12,3,0,0,0,0,0,0,0,0,0,0,0,"CD_I1012857",FALSE,33,"Jack","Ginnivan","away","Hawthorn"
"CD_M20250140201","2025-03-20T08:30:00.000+0000","CONCLUDED","Premiership","Round 2",2,"MCG","Carlton","Carlton","Hawthorn","Hawthorn",19,"https://s.afl.com.au/staticfile/AFL Tenant/AFL/Players/ChampIDImages/AFL/2025014/291351.png?im=Scale,width=0.6,height=0.6","SUB","CD_I291351",FALSE,19,"Jack","Gunston","CD_T80",NA,60,2,0,NA,6,3,9,5,0,2,3,6,9,1,2,0,0,2,66.7,1,0,0,59,0,1,100,8,NA,NA,1,0,1,2,NA,NA,NA,3,194,0,0,0,5,83.3,2,6,1,0,33.3,0,0,0,3,1,0,10,4,1,0,0,0,0,2,0,0,0,0,0,"CD_I291351",FALSE,19,"Jack","Gunston","away","Hawthorn"
"CD_M20250140201","2025-03-20T08:30:00.000+0000","CONCLUDED","Premiership","Round 2",2,"MCG","Carlton","Carlton","Hawthorn","Hawthorn",15,"https://s.afl.com.au/staticfile/AFL Tenant/AFL/Players/ChampIDImages/AFL/2025014/993794.png?im=Scale,width=0.6,height=0.6","FB","CD_I993794",FALSE,15,"Blake","Hardwick","CD_T80",NA,91,2,0,NA,10,3,13,5,0,3,3,9,12,0,1,1,0,5,100,0,1,0,76,6,0,100,12.2,NA,NA,2,3,1,2,NA,NA,NA,4,285,0,0,0,10,100,3.3,13,0,3,25,0,0,0,1,0,0,7,3,5,0,1,0,0,2,1,50,0,2,2,"CD_I993794",FALSE,15,"Blake","Hardwick","away","Hawthorn"
"CD_M20250140201","2025-03-20T08:30:00.000+0000","CONCLUDED","Premiership","Round 2",2,"MCG","Carlton","Carlton","Hawthorn","Hawthorn",4,"https://s.afl.com.au/staticfile/AFL Tenant/AFL/Players/ChampIDImages/AFL/2025014/296254.png?im=Scale,width=0.6,height=0.6","CHB","CD_I296254",FALSE,4,"Jarman","Impey","CD_T80",NA,79,0,0,NA,9,4,13,3,0,6,7,6,13,3,0,1,0,3,84.6,2,3,2,65,1,1,0,8.7,NA,NA,1,7,1,0,NA,NA,NA,2,152,0,0,0,9,100,2.3,11,0,2,53.8,0,0,0,3,0,1,10,8,2,0,0,0,0,0,0,0,0,0,0,"CD_I296254",FALSE,4,"Jarman","Impey","away","Hawthorn"
"CD_M20250140201","2025-03-20T08:30:00.000+0000","CONCLUDED","Premiership","Round 2",2,"MCG","Carlton","Carlton","Hawthorn","Hawthorn",9,"https://s.afl.com.au/staticfile/AFL Tenant/AFL/Players/ChampIDImages/AFL/2025014/998390.png?im=Scale,width=0.6,height=0.6","INT","CD_I998390",FALSE,9,"Changkuoth","Jiath","CD_T80",NA,74,0,0,NA,12,8,20,3,0,3,8,10,18,2,0,0,0,4,90,3,1,2,68,2,0,0,13.3,NA,NA,1,8,0,0,NA,NA,NA,4,343,0,1,1,11,91.7,1.5,18,0,2,44.4,0,0,0,6,0,2,13,12,2,0,3,1,33.3,0,0,0,0,1,1,"CD_I998390",FALSE,9,"Changkuoth","Jiath","away","Hawthorn"
"CD_M20250140201","2025-03-20T08:30:00.000+0000","CONCLUDED","Premiership","Round 2",2,"MCG","Carlton","Carlton","Hawthorn","Hawthorn",31,"https://s.afl.com.au/staticfile/AFL Tenant/AFL/Players/ChampIDImages/AFL/2025014/1017094.png?im=Scale,width=0.6,height=0.6","HFFL","CD_I1017094",FALSE,31,"Connor","Macdonald","CD_T80",NA,27,0,0,NA,3,2,5,1,0,1,0,5,5,1,0,0,0,0,60,1,0,0,20,0,0,0,1.8,NA,NA,2,0,0,0,NA,NA,NA,0,145,0,0,0,1,33.3,1.5,3,0,0,0,0,0,0,0,0,0,3,2,0,0,0,0,0,0,0,0,0,0,0,"CD_I1017094",FALSE,31,"Connor","Macdonald","away","Hawthorn"
"CD_M20250140201","2025-03-20T08:30:00.000+0000","CONCLUDED","Premiership","Round 2",2,"MCG","Carlton","Carlton","Hawthorn","Hawthorn",28,"https://s.afl.com.au/staticfile/AFL Tenant/AFL/Players/ChampIDImages/AFL/2025014/1023482.png?im=Scale,width=0.6,height=0.6","INT","CD_I1023482",FALSE,28,"Cam","Mackenzie","CD_T80",NA,65,0,0,NA,13,6,19,6,0,3,3,15,18,5,0,1,0,2,84.2,0,1,0,82,1,0,0,7.8,NA,NA,3,3,1,0,NA,NA,NA,2,261,1,0,1,10,76.9,2.2,16,0,2,16.7,0,0,0,1,0,0,18,10,2,0,1,0,0,0,0,0,7,0,0,"CD_I1023482",FALSE,28,"Cam","Mackenzie","away","Hawthorn"
"CD_M20250140201","2025-03-20T08:30:00.000+0000","CONCLUDED","Premiership","Round 2",2,"MCG","Carlton","Carlton","Hawthorn","Hawthorn",20,"https://s.afl.com.au/staticfile/AFL Tenant/AFL/Players/ChampIDImages/AFL/2025014/1009421.png?im=Scale,width=0.6,height=0.6","INT","CD_I1009421",FALSE,20,"Finn","Maginness","CD_T80",NA,79,0,1,NA,8,5,13,4,0,0,5,9,14,3,1,0,0,0,53.8,4,0,2,41,0,1,0,2.4,NA,NA,4,1,0,2,NA,NA,NA,4,272,0,0,0,4,50,1.6,7,1,0,35.7,0,0,0,5,1,0,5,3,0,0,0,0,0,0,0,0,0,0,0,"CD_I1009421",FALSE,20,"Finn","Maginness","away","Hawthorn"
"CD_M20250140201","2025-03-20T08:30:00.000+0000","CONCLUDED","Premiership","Round 2",2,"MCG","Carlton","Carlton","Hawthorn","Hawthorn",17,"https://s.afl.com.au/staticfile/AFL Tenant/AFL/Players/ChampIDImages/AFL/2025014/1000980.png?im=Scale,width=0.6,height=0.6","RK","CD_I1000980",FALSE,17,"Lloyd","Meek","CD_T80",NA,80,0,0,NA,2,11,13,0,0,1,9,5,14,0,0,0,37,5,76.9,2,2,2,65,0,0,0,11.7,NA,NA,1,1,0,0,NA,NA,NA,3,53,1,2,3,1,50,0.2,10,0,0,64.3,12,37.8,32.4,4,0,1,7,5,4,98,1,0,0,0,0,0,21,0,0,"CD_I1000980",FALSE,17,"Lloyd","Meek","away","Hawthorn"
"CD_M20250140201","2025-03-20T08:30:00.000+0000","CONCLUDED","Premiership","Round 2",2,"MCG","Carlton","Carlton","Hawthorn","Hawthorn",13,"https://s.afl.com.au/staticfile/AFL Tenant/AFL/Players/ChampIDImages/AFL/2025014/1006314.png?im=Scale,width=0.6,height=0.6","R","CD_I1006314",FALSE,13,"Dylan","Moore","CD_T80",NA,79,1,0,NA,5,4,9,1,0,5,5,7,12,3,0,0,0,1,88.9,3,2,3,45,0,0,100,10.4,NA,NA,4,0,2,1,NA,NA,NA,6,130,0,1,1,4,80,1.3,8,0,0,41.7,0,0,0,3,2,1,17,7,0,0,0,0,0,0,0,0,1,0,0,"CD_I1006314",FALSE,13,"Dylan","Moore","away","Hawthorn"
"CD_M20250140201","2025-03-20T08:30:00.000+0000","CONCLUDED","Premiership","Round 2",2,"MCG","Carlton","Carlton","Hawthorn","Hawthorn",1,"https://s.afl.com.au/staticfile/AFL Tenant/AFL/Players/ChampIDImages/AFL/2025014/1000963.png?im=Scale,width=0.6,height=0.6","C","CD_I1000963",FALSE,1,"Harry","Morrison","CD_T80",NA,79,0,0,NA,5,7,12,1,0,7,6,7,13,1,0,0,0,1,66.7,2,1,0,61,3,1,0,6.1,NA,NA,2,3,0,0,NA,NA,NA,2,182,0,2,2,2,40,0.7,8,0,0,46.2,0,0,0,4,0,0,17,8,1,0,1,0,0,0,0,0,0,0,0,"CD_I1000963",FALSE,1,"Harry","Morrison","away","Hawthorn"
"CD_M20250140201","2025-03-20T08:30:00.000+0000","CONCLUDED","Premiership","Round 2",2,"MCG","Carlton","Carlton","Hawthorn","Hawthorn",11,"https://s.afl.com.au/staticfile/AFL Tenant/AFL/Players/ChampIDImages/AFL/2025014/1007124.png?im=Scale,width=0.6,height=0.6","HFFR","CD_I1007124",FALSE,11,"Conor","Nash","CD_T80",NA,79,0,1,NA,9,7,16,2,0,7,6,10,16,3,0,0,1,2,62.5,4,1,1,75,0,0,0,9.7,NA,NA,4,0,1,1,NA,NA,NA,5,285,3,2,5,4,44.4,1.3,10,0,0,37.5,1,100,100,4,0,0,22,15,1,1,0,0,0,0,0,0,18,0,0,"CD_I1007124",FALSE,11,"Conor","Nash","away","Hawthorn"
"CD_M20250140201","2025-03-20T08:30:00.000+0000","CONCLUDED","Premiership","Round 2",2,"MCG","Carlton","Carlton","Hawthorn","Hawthorn",3,"https://s.afl.com.au/staticfile/AFL Tenant/AFL/Players/ChampIDImages/AFL/2025014/1020895.png?im=Scale,width=0.6,height=0.6","FPR","CD_I1020895",FALSE,3,"Jai","Newcombe","CD_T80",NA,80,0,1,NA,16,16,32,5,0,11,20,14,34,5,0,0,0,1,75,3,5,1,142,2,0,0,18.1,NA,NA,6,8,0,1,NA,NA,NA,9,384,4,5,9,10,62.5,1,24,0,1,58.8,0,0,0,11,1,3,30,17,0,0,0,0,0,0,0,0,18,0,0,"CD_I1020895",FALSE,3,"Jai","Newcombe","away","Hawthorn"
"CD_M20250140201","2025-03-20T08:30:00.000+0000","CONCLUDED","Premiership","Round 2",2,"MCG","Carlton","Carlton","Hawthorn","Hawthorn",6,"https://s.afl.com.au/staticfile/AFL Tenant/AFL/Players/ChampIDImages/AFL/2025014/297566.png?im=Scale,width=0.6,height=0.6","BPR","CD_I297566",FALSE,6,"James","Sicily","CD_T80",NA,95,1,0,NA,16,3,19,5,0,2,4,9,13,1,2,2,0,11,68.4,4,1,1,81,8,0,50,11.4,NA,NA,8,5,1,2,NA,NA,NA,4,436,0,0,0,10,62.5,5.3,13,0,1,30.8,0,0,0,1,0,2,10,8,9,0,1,0,0,1,0,0,0,4,4,"CD_I297566",FALSE,6,"James","Sicily","away","Hawthorn"
"CD_M20250140201","2025-03-20T08:30:00.000+0000","CONCLUDED","Premiership","Round 2",2,"MCG","Carlton","Carlton","Hawthorn","Hawthorn",25,"https://s.afl.com.au/staticfile/AFL Tenant/AFL/Players/ChampIDImages/AFL/2025014/1017110.png?im=Scale,width=0.6,height=0.6","INT","CD_I1017110",FALSE,25,"Josh","Ward","CD_T80",NA,76,1,0,NA,10,14,24,3,0,7,9,13,22,2,1,0,0,0,66.7,3,0,0,101,3,0,100,14.3,NA,NA,3,2,1,1,NA,NA,NA,3,344,0,4,4,4,40,0.7,16,0,0,40.9,0,0,0,9,0,0,16,11,0,0,0,0,0,0,0,0,8,0,0,"CD_I1017110",FALSE,25,"Josh","Ward","away","Hawthorn"
"CD_M20250140201","2025-03-20T08:30:00.000+0000","CONCLUDED","Premiership","Round 2",2,"MCG","Carlton","Carlton","Hawthorn","Hawthorn",34,"https://s.afl.com.au/staticfile/AFL Tenant/AFL/Players/ChampIDImages/AFL/2025014/1023473.png?im=Scale,width=0.6,height=0.6","CHF","CD_I1023473",FALSE,34,"Nick","Watson","CD_T80",NA,79,2,2,NA,10,6,16,6,0,2,5,10,15,4,2,0,0,0,68.8,3,1,2,77,0,1,50,12.1,NA,NA,4,1,1,4,NA,NA,NA,7,435,0,2,2,7,70,1.7,11,1,0,33.3,0,0,0,4,0,2,7,2,0,0,0,0,0,0,0,0,0,0,0,"CD_I1023473",FALSE,34,"Nick","Watson","away","Hawthorn"
"CD_M20250140201","2025-03-20T08:30:00.000+0000","CONCLUDED","Premiership","Round 2",2,"MCG","Carlton","Carlton","Hawthorn","Hawthorn",23,"https://s.afl.com.au/staticfile/AFL Tenant/AFL/Players/ChampIDImages/AFL/2025014/1027935.png?im=Scale,width=0.6,height=0.6","HBFL","CD_I1027935",FALSE,23,"Josh","Weddle","CD_T80",NA,86,0,1,NA,5,5,10,3,0,4,6,5,11,1,1,0,9,3,60,3,1,0,61,1,0,0,0.8,NA,NA,2,5,2,1,NA,NA,NA,2,149,0,0,0,3,60,1,6,1,0,54.5,1,45,11.1,4,0,0,15,6,2,20,3,1,33.3,0,0,0,0,0,0,"CD_I1027935",FALSE,23,"Josh","Weddle","away","Hawthorn"
"CD_M20250140202","2025-03-21T08:40:00.000+0000","CONCLUDED","Premiership","Round 2",2,"MCG","Western Bulldogs","Western Bulldogs","Collingwood","Collingwood",13,"https://s.afl.com.au/staticfile/AFL Tenant/AFL/Players/ChampIDImages/AFL/2025014/1008855.png?im=Scale,width=0.6,height=0.6","SUB","CD_I1008855",FALSE,13,"Oskar","Baker","CD_T140",NA,23,0,0,NA,3,2,5,0,1,1,2,4,6,1,0,0,0,1,80,2,0,2,11,2,0,0,2.4,NA,NA,1,1,1,0,NA,NA,NA,1,158,0,1,1,2,66.7,1.5,4,0,0,33.3,0,0,0,1,0,0,4,1,0,0,0,0,0,0,0,0,0,0,0,"CD_I1008855",FALSE,13,"Oskar","Baker","home","Western Bulldogs"
"CD_M20250140202","2025-03-21T08:40:00.000+0000","CONCLUDED","Premiership","Round 2",2,"MCG","Western Bulldogs","Western Bulldogs","Collingwood","Collingwood",29,"https://s.afl.com.au/staticfile/AFL Tenant/AFL/Players/ChampIDImages/AFL/2025014/1000864.png?im=Scale,width=0.6,height=0.6","HBFL","CD_I1000864",FALSE,29,"Lachlan","Bramble","CD_T140",NA,87,0,0,NA,7,1,8,0,0,0,1,2,3,0,0,0,0,3,75,2,0,1,20,0,0,0,2.7,NA,NA,2,2,0,0,NA,NA,NA,1,101,0,0,0,5,71.4,7,6,0,0,33.3,0,0,0,1,0,1,4,2,1,0,0,0,0,0,0,0,0,6,5,"CD_I1000864",FALSE,29,"Lachlan","Bramble","home","Western Bulldogs"
"CD_M20250140202","2025-03-21T08:40:00.000+0000","CONCLUDED","Premiership","Round 2",2,"MCG","Western Bulldogs","Western Bulldogs","Collingwood","Collingwood",31,"https://s.afl.com.au/staticfile/AFL Tenant/AFL/Players/ChampIDImages/AFL/2025014/996708.png?im=Scale,width=0.6,height=0.6","HBFR","CD_I996708",FALSE,31,"Bailey","Dale","CD_T140",NA,81,0,0,NA,21,10,31,2,0,3,7,15,22,2,0,0,0,1,90.3,2,1,2,96,7,1,0,14.1,NA,NA,3,9,0,0,NA,NA,NA,3,554,0,0,0,18,85.7,2.1,28,0,1,31.8,0,0,0,6,0,2,11,8,1,0,1,0,0,0,0,0,0,9,8,"CD_I996708",FALSE,31,"Bailey","Dale","home","Western Bulldogs"
"CD_M20250140202","2025-03-21T08:40:00.000+0000","CONCLUDED","Premiership","Round 2",2,"MCG","Western Bulldogs","Western Bulldogs","Collingwood","Collingwood",10,"https://s.afl.com.au/staticfile/AFL Tenant/AFL/Players/ChampIDImages/AFL/2025014/1017126.png?im=Scale,width=0.6,height=0.6","FF","CD_I1017126",FALSE,10,"Sam","Darcy","CD_T140",NA,86,4,2,NA,11,4,15,8,0,3,11,4,15,2,4,6,4,5,66.7,3,2,3,100,0,0,66.7,15.7,NA,NA,4,3,1,6,NA,NA,NA,9,335,1,0,1,7,63.6,2.8,10,0,1,73.3,0,36.4,0,2,0,1,5,0,5,11,1,0,0,5,1,20,4,0,0,"CD_I1017126",FALSE,10,"Sam","Darcy","home","Western Bulldogs"
"CD_M20250140202","2025-03-21T08:40:00.000+0000","CONCLUDED","Premiership","Round 2",2,"MCG","Western Bulldogs","Western Bulldogs","Collingwood","Collingwood",42,"https://s.afl.com.au/staticfile/AFL Tenant/AFL/Players/ChampIDImages/AFL/2025014/1036123.png?im=Scale,width=0.6,height=0.6","WR","CD_I1036123",FALSE,42,"Sam","Davidson","CD_T140",NA,77,0,0,NA,11,4,15,2,0,3,5,10,15,4,0,1,0,2,66.7,2,1,0,60,2,1,0,10.7,NA,NA,4,0,0,0,NA,NA,NA,6,428,0,3,3,6,54.5,2.8,10,0,0,33.3,0,0,0,3,0,1,13,8,1,0,0,0,0,0,0,0,0,0,0,"CD_I1036123",FALSE,42,"Sam","Davidson","home","Western Bulldogs"
"CD_M20250140202","2025-03-21T08:40:00.000+0000","CONCLUDED","Premiership","Round 2",2,"MCG","Western Bulldogs","Western Bulldogs","Collingwood","Collingwood",26,"https://s.afl.com.au/staticfile/AFL Tenant/AFL/Players/ChampIDImages/AFL/2025014/1034235.png?im=Scale,width=0.6,height=0.6","INT","CD_I1034235",FALSE,26,"Josh","Dolan","CD_T140",NA,65,0,0,NA,5,2,7,1,0,1,1,5,6,1,0,0,0,1,42.9,2,0,1,23,0,0,0,3.4,NA,NA,1,0,1,0,NA,NA,NA,3,127,0,0,0,1,20,2.5,3,0,0,16.7,0,0,0,1,1,0,5,1,1,0,0,0,0,0,0,0,0,0,0,"CD_I1034235",FALSE,26,"Josh","Dolan","home","Western Bulldogs"
"CD_M20250140202","2025-03-21T08:40:00.000+0000","CONCLUDED","Premiership","Round 2",2,"MCG","Western Bulldogs","Western Bulldogs","Collingwood","Collingwood",15,"https://s.afl.com.au/staticfile/AFL Tenant/AFL/Players/ChampIDImages/AFL/2025014/290085.png?im=Scale,width=0.6,height=0.6","BPR","CD_I290085",FALSE,15,"Taylor","Duryea","CD_T140",NA,76,0,0,NA,7,4,11,4,0,1,5,6,11,0,0,0,0,3,63.6,3,2,2,41,4,0,0,1.1,NA,NA,4,5,0,0,NA,NA,NA,0,221,0,0,0,6,85.7,1.8,7,0,1,45.5,0,0,0,3,0,0,5,4,2,0,1,0,0,0,0,0,0,0,0,"CD_I290085",FALSE,15,"Taylor","Duryea","home","Western Bulldogs"
"CD_M20250140202","2025-03-21T08:40:00.000+0000","CONCLUDED","Premiership","Round 2",2,"MCG","Western Bulldogs","Western Bulldogs","Collingwood","Collingwood",44,"https://s.afl.com.au/staticfile/AFL Tenant/AFL/Players/ChampIDImages/AFL/2025014/1004592.png?im=Scale,width=0.6,height=0.6","RK","CD_I1004592",FALSE,44,"Tim","English","CD_T140",NA,82,0,0,NA,6,8,14,5,0,7,4,10,14,3,0,1,33,3,92.9,3,0,3,101,0,1,0,12,NA,NA,1,3,0,0,NA,NA,NA,4,218,0,2,2,5,83.3,0.8,13,0,2,28.6,9,46.5,27.3,3,1,1,14,5,3,71,1,0,0,0,0,0,18,0,0,"CD_I1004592",FALSE,44,"Tim","English","home","Western Bulldogs"
"CD_M20250140202","2025-03-21T08:40:00.000+0000","CONCLUDED","Premiership","Round 2",2,"MCG","Western Bulldogs","Western Bulldogs","Collingwood","Collingwood",27,"https://s.afl.com.au/staticfile/AFL Tenant/AFL/Players/ChampIDImages/AFL/2025014/1027704.png?im=Scale,width=0.6,height=0.6","BPL","CD_I1027704",FALSE,27,"Joel","Freijah","CD_T140",NA,80,1,1,NA,9,14,23,1,1,4,12,13,25,1,0,0,0,3,60.9,4,0,2,75,3,0,50,13,NA,NA,4,5,1,2,NA,NA,NA,6,244,1,3,4,3,33.3,0.6,14,0,0,48,0,0,0,8,1,1,16,8,0,4,0,0,0,0,0,0,8,0,0,"CD_I1027704",FALSE,27,"Joel","Freijah","home","Western Bulldogs"
"CD_M20250140202","2025-03-21T08:40:00.000+0000","CONCLUDED","Premiership","Round 2",2,"MCG","Western Bulldogs","Western Bulldogs","Collingwood","Collingwood",12,"https://s.afl.com.au/staticfile/AFL Tenant/AFL/Players/ChampIDImages/AFL/2025014/1017087.png?im=Scale,width=0.6,height=0.6","WL","CD_I1017087",FALSE,12,"Harvey","Gallagher","CD_T140",NA,77,0,0,NA,11,5,16,5,1,1,1,14,15,0,0,0,0,3,68.8,1,0,0,62,6,0,0,3.8,NA,NA,4,2,1,0,NA,NA,NA,3,377,0,0,0,8,72.7,2.2,11,0,0,6.7,0,0,0,1,0,0,8,5,2,0,1,1,100,0,0,0,0,0,0,"CD_I1017087",FALSE,12,"Harvey","Gallagher","home","Western Bulldogs"
"CD_M20250140202","2025-03-21T08:40:00.000+0000","CONCLUDED","Premiership","Round 2",2,"MCG","Western Bulldogs","Western Bulldogs","Collingwood","Collingwood",22,"https://s.afl.com.au/staticfile/AFL Tenant/AFL/Players/ChampIDImages/AFL/2025014/297899.png?im=Scale,width=0.6,height=0.6","FPR","CD_I297899",FALSE,22,"James","Harmes","CD_T140",NA,87,1,0,NA,3,11,14,2,0,1,6,7,13,1,0,0,0,2,78.6,3,1,2,42,0,0,100,8,NA,NA,4,2,1,1,NA,NA,NA,2,102,0,2,2,2,66.7,0.3,11,0,0,46.2,0,0,0,5,0,0,18,5,0,0,0,0,0,1,0,0,2,0,0,"CD_I297899",FALSE,22,"James","Harmes","home","Western Bulldogs"
"CD_M20250140202","2025-03-21T08:40:00.000+0000","CONCLUDED","Premiership","Round 2",2,"MCG","Western Bulldogs","Western Bulldogs","Collingwood","Collingwood",32,"https://s.afl.com.au/staticfile/AFL Tenant/AFL/Players/ChampIDImages/AFL/2025014/1020586.png?im=Scale,width=0.6,height=0.6","INT","CD_I1020586",FALSE,32,"Arthur","Jones","CD_T140",NA,61,0,0,NA,2,5,7,1,0,3,2,5,7,0,0,0,0,0,57.1,1,0,0,31,0,0,0,0.5,NA,NA,1,0,1,0,NA,NA,NA,1,42,0,0,0,1,50,0.4,4,0,0,28.6,0,0,0,2,0,0,16,10,0,0,0,0,0,0,0,0,0,0,0,"CD_I1020586",FALSE,32,"Arthur","Jones","home","Western Bulldogs"
"CD_M20250140202","2025-03-21T08:40:00.000+0000","CONCLUDED","Premiership","Round 2",2,"MCG","Western Bulldogs","Western Bulldogs","Collingwood","Collingwood",8,"https://s.afl.com.au/staticfile/AFL Tenant/AFL/Players/ChampIDImages/AFL/2025014/1001398.png?im=Scale,width=0.6,height=0.6","HFFR","CD_I1001398",FALSE,8,"Matthew","Kennedy","CD_T140",NA,81,0,1,NA,8,13,21,3,0,4,9,13,22,2,0,1,0,0,71.4,1,0,1,73,2,0,0,10.2,NA,NA,4,2,0,1,NA,NA,NA,6,227,1,2,3,3,37.5,0.6,15,0,0,40.9,0,0,0,7,0,3,18,9,0,0,1,0,0,0,0,0,14,0,0,"CD_I1001398",FALSE,8,"Matthew","Kennedy","home","Western Bulldogs"
"CD_M20250140202","2025-03-21T08:40:00.000+0000","CONCLUDED","Premiership","Round 2",2,"MCG","Western Bulldogs","Western Bulldogs","Collingwood","Collingwood",24,"https://s.afl.com.au/staticfile/AFL Tenant/AFL/Players/ChampIDImages/AFL/2025014/998782.png?im=Scale,width=0.6,height=0.6","FB","CD_I998782",FALSE,24,"Buku","Khamis","CD_T140",NA,95,0,0,NA,8,6,14,5,0,2,4,8,12,1,0,1,0,8,78.6,2,1,1,57,2,0,0,5.3,NA,NA,3,6,0,0,NA,NA,NA,0,237,0,0,0,7,87.5,1.3,11,1,2,33.3,0,0,0,2,0,0,6,5,8,0,1,1,100,0,0,0,0,1,1,"CD_I998782",FALSE,24,"Buku","Khamis","home","Western Bulldogs"
"CD_M20250140202","2025-03-21T08:40:00.000+0000","CONCLUDED","Premiership","Round 2",2,"MCG","Western Bulldogs","Western Bulldogs","Collingwood","Collingwood",21,"https://s.afl.com.au/staticfile/AFL Tenant/AFL/Players/ChampIDImages/AFL/2025014/290799.png?im=Scale,width=0.6,height=0.6","C","CD_I290799",FALSE,21,"Tom","Liberatore","CD_T140",NA,82,1,0,NA,16,18,34,2,0,3,18,16,34,7,0,0,0,1,70.6,3,1,0,109,3,1,100,21.2,NA,NA,3,0,0,1,NA,NA,NA,6,468,4,5,9,9,56.3,0.9,24,0,0,52.9,0,0,0,16,0,2,28,10,1,0,0,0,0,0,0,0,19,0,0,"CD_I290799",FALSE,21,"Tom","Liberatore","home","Western Bulldogs"
"CD_M20250140202","2025-03-21T08:40:00.000+0000","CONCLUDED","Premiership","Round 2",2,"MCG","Western Bulldogs","Western Bulldogs","Collingwood","Collingwood",7,"https://s.afl.com.au/staticfile/AFL Tenant/AFL/Players/ChampIDImages/AFL/2025014/990740.png?im=Scale,width=0.6,height=0.6","CHB","CD_I990740",FALSE,7,"Rory","Lobb","CD_T140",NA,100,0,1,NA,10,3,13,7,0,3,4,10,14,1,0,1,0,10,84.6,4,1,3,62,5,0,0,9,NA,NA,2,6,0,1,NA,NA,NA,4,292,0,1,1,8,80,3.3,11,0,2,28.6,0,0,0,1,0,3,11,9,9,0,1,0,0,0,0,0,0,0,0,"CD_I990740",FALSE,7,"Rory","Lobb","home","Western Bulldogs"
"CD_M20250140202","2025-03-21T08:40:00.000+0000","CONCLUDED","Premiership","Round 2",2,"MCG","Western Bulldogs","Western Bulldogs","Collingwood","Collingwood",30,"https://s.afl.com.au/staticfile/AFL Tenant/AFL/Players/ChampIDImages/AFL/2025014/1009015.png?im=Scale,width=0.6,height=0.6","HFFL","CD_I1009015",FALSE,30,"Lachlan","McNeil","CD_T140",NA,83,1,1,NA,6,0,6,4,0,0,0,7,7,1,2,0,0,0,66.7,1,0,1,34,0,0,50,-1,NA,NA,1,0,0,2,NA,NA,NA,2,159,0,0,0,4,66.7,6,4,0,0,0,0,0,0,0,0,0,4,3,0,0,0,0,0,2,0,0,0,0,0,"CD_I1009015",FALSE,30,"Lachlan","McNeil","home","Western Bulldogs"
"CD_M20250140202","2025-03-21T08:40:00.000+0000","CONCLUDED","Premiership","Round 2",2,"MCG","Western Bulldogs","Western Bulldogs","Collingwood","Collingwood",33,"https://s.afl.com.au/staticfile/AFL Tenant/AFL/Players/ChampIDImages/AFL/2025014/1002404.png?im=Scale,width=0.6,height=0.6","CHF","CD_I1002404",FALSE,33,"Aaron","Naughton","CD_T140",NA,83,0,0,NA,4,7,11,4,0,0,6,6,12,1,2,0,0,0,63.6,2,1,2,33,0,0,0,2.2,NA,NA,2,0,0,1,NA,NA,NA,6,126,1,0,1,2,50,0.6,7,1,0,50,0,0,0,3,1,1,13,5,0,7,0,0,0,5,0,0,2,0,0,"CD_I1002404",FALSE,33,"Aaron","Naughton","home","Western Bulldogs"
"CD_M20250140202","2025-03-21T08:40:00.000+0000","CONCLUDED","Premiership","Round 2",2,"MCG","Western Bulldogs","Western Bulldogs","Collingwood","Collingwood",20,"https://s.afl.com.au/staticfile/AFL Tenant/AFL/Players/ChampIDImages/AFL/2025014/1008280.png?im=Scale,width=0.6,height=0.6","R","CD_I1008280",FALSE,20,"Ed","Richards","CD_T140",NA,83,0,2,NA,17,10,27,3,3,3,11,15,26,10,1,1,0,0,66.7,2,1,1,92,1,1,0,17.5,NA,NA,6,3,0,2,NA,NA,NA,9,644,4,1,5,8,47.1,1.7,18,1,0,42.3,0,0,0,8,0,1,17,6,0,0,0,0,0,0,0,0,22,0,0,"CD_I1008280",FALSE,20,"Ed","Richards","home","Western Bulldogs"
"CD_M20250140202","2025-03-21T08:40:00.000+0000","CONCLUDED","Premiership","Round 2",2,"MCG","Western Bulldogs","Western Bulldogs","Collingwood","Collingwood",9,"https://s.afl.com.au/staticfile/AFL Tenant/AFL/Players/ChampIDImages/AFL/2025014/1017939.png?im=Scale,width=0.6,height=0.6","INT","CD_I1017939",FALSE,9,"Ryley","Sanders","CD_T140",NA,71,0,0,NA,3,13,16,2,0,7,3,13,16,1,0,0,0,0,75,3,0,0,69,1,0,0,6.4,NA,NA,4,1,2,0,NA,NA,NA,2,108,0,0,0,1,33.3,0.2,12,0,0,18.8,0,0,0,3,2,0,22,8,0,0,0,0,0,2,1,50,3,0,0,"CD_I1017939",FALSE,9,"Ryley","Sanders","home","Western Bulldogs"
"CD_M20250140202","2025-03-21T08:40:00.000+0000","CONCLUDED","Premiership","Round 2",2,"MCG","Western Bulldogs","Western Bulldogs","Collingwood","Collingwood",23,"https://s.afl.com.au/staticfile/AFL Tenant/AFL/Players/ChampIDImages/AFL/2025014/1005000.png?im=Scale,width=0.6,height=0.6","FPL","CD_I1005000",FALSE,23,"Laitham","Vandermeer","CD_T140",NA,79,1,0,NA,5,9,14,4,0,1,6,7,13,3,1,0,0,1,78.6,3,1,1,53,0,1,100,10.9,NA,NA,2,0,0,1,NA,NA,NA,7,200,1,0,1,4,80,0.6,11,2,0,46.2,0,0,0,5,1,0,13,3,0,0,0,0,0,1,1,100,0,0,0,"CD_I1005000",FALSE,23,"Laitham","Vandermeer","home","Western Bulldogs"
"CD_M20250140202","2025-03-21T08:40:00.000+0000","CONCLUDED","Premiership","Round 2",2,"MCG","Western Bulldogs","Western Bulldogs","Collingwood","Collingwood",14,"https://s.afl.com.au/staticfile/AFL Tenant/AFL/Players/ChampIDImages/AFL/2025014/1006127.png?im=Scale,width=0.6,height=0.6","RR","CD_I1006127",FALSE,14,"Rhylee","West","CD_T140",NA,76,1,0,NA,4,6,10,1,0,1,7,3,10,1,1,0,0,0,80,4,1,4,26,0,2,100,9.6,NA,NA,3,3,0,1,NA,NA,NA,6,129,1,0,1,3,75,0.7,8,1,0,70,0,0,0,5,3,2,8,3,0,0,0,0,0,3,0,0,4,0,0,"CD_I1006127",FALSE,14,"Rhylee","West","home","Western Bulldogs"
"CD_M20250140202","2025-03-21T08:40:00.000+0000","CONCLUDED","Premiership","Round 2",2,"MCG","Western Bulldogs","Western Bulldogs","Collingwood","Collingwood",34,"https://s.afl.com.au/staticfile/AFL Tenant/AFL/Players/ChampIDImages/AFL/2025014/992351.png?im=Scale,width=0.6,height=0.6","INT","CD_I992351",FALSE,34,"Bailey","Williams","CD_T140",NA,83,0,0,NA,8,12,20,3,0,2,4,15,19,0,0,0,0,3,80,1,0,1,62,1,0,0,7.1,NA,NA,2,4,0,0,NA,NA,NA,2,309,0,1,1,5,62.5,0.7,16,0,0,21.1,0,0,0,4,0,1,8,6,2,0,0,0,0,1,0,0,0,0,0,"CD_I992351",FALSE,34,"Bailey","Williams","home","Western Bulldogs"
"CD_M20250140202","2025-03-21T08:40:00.000+0000","CONCLUDED","Premiership","Round 2",2,"MCG","Western Bulldogs","Western Bulldogs","Collingwood","Collingwood",14,"https://s.afl.com.au/staticfile/AFL Tenant/AFL/Players/ChampIDImages/AFL/2025014/990291.png?im=Scale,width=0.6,height=0.6","RK","CD_I990291",FALSE,14,"Darcy","Cameron","CD_T40",NA,84,0,0,NA,9,10,19,4,0,3,13,8,21,0,0,2,26,0,68.4,4,6,1,100,1,0,0,13.7,NA,NA,3,6,0,0,NA,NA,NA,4,137,1,4,5,5,55.6,0.9,13,0,2,61.9,8,37.1,30.8,3,0,4,14,9,0,70,0,0,0,1,0,0,19,0,0,"CD_I990291",FALSE,14,"Darcy","Cameron","away","Collingwood"
"CD_M20250140202","2025-03-21T08:40:00.000+0000","CONCLUDED","Premiership","Round 2",2,"MCG","Western Bulldogs","Western Bulldogs","Collingwood","Collingwood",46,"https://s.afl.com.au/staticfile/AFL Tenant/AFL/Players/ChampIDImages/AFL/2025014/998647.png?im=Scale,width=0.6,height=0.6","INT","CD_I998647",FALSE,46,"Mason","Cox","CD_T40",NA,52,0,1,NA,7,1,8,3,0,3,3,4,7,1,1,1,12,2,50,2,1,1,55,0,1,0,3.7,NA,NA,1,2,0,1,NA,NA,NA,3,216,0,0,0,3,42.9,7,4,0,1,42.9,1,52.2,8.3,1,0,1,12,6,2,23,0,0,0,0,0,0,5,0,0,"CD_I998647",FALSE,46,"Mason","Cox","away","Collingwood"
"CD_M20250140202","2025-03-21T08:40:00.000+0000","CONCLUDED","Premiership","Round 2",2,"MCG","Western Bulldogs","Western Bulldogs","Collingwood","Collingwood",25,"https://s.afl.com.au/staticfile/AFL Tenant/AFL/Players/ChampIDImages/AFL/2025014/293871.png?im=Scale,width=0.6,height=0.6","WR","CD_I293871",FALSE,25,"Jack","Crisp","CD_T40",NA,83,0,0,NA,12,9,21,5,0,3,11,9,20,3,0,2,0,0,61.9,4,0,2,75,2,0,0,11.1,NA,NA,8,3,0,0,NA,NA,NA,3,328,1,2,3,5,41.7,1.3,13,2,0,55,0,0,0,7,0,0,18,10,0,0,0,0,0,0,0,0,0,0,0,"CD_I293871",FALSE,25,"Jack","Crisp","away","Collingwood"
"CD_M20250140202","2025-03-21T08:40:00.000+0000","CONCLUDED","Premiership","Round 2",2,"MCG","Western Bulldogs","Western Bulldogs","Collingwood","Collingwood",7,"https://s.afl.com.au/staticfile/AFL Tenant/AFL/Players/ChampIDImages/AFL/2025014/1005054.png?im=Scale,width=0.6,height=0.6","HBFL","CD_I1005054",FALSE,7,"Josh","Daicos","CD_T40",NA,85,0,0,NA,14,11,25,4,0,2,6,18,24,3,0,0,0,0,84,2,1,0,85,2,0,0,10.1,NA,NA,4,4,0,0,NA,NA,NA,5,438,0,1,1,10,71.4,1.3,21,0,0,25,0,0,0,5,0,1,16,12,0,0,0,0,0,0,0,0,0,1,1,"CD_I1005054",FALSE,7,"Josh","Daicos","away","Collingwood"
"CD_M20250140202","2025-03-21T08:40:00.000+0000","CONCLUDED","Premiership","Round 2",2,"MCG","Western Bulldogs","Western Bulldogs","Collingwood","Collingwood",35,"https://s.afl.com.au/staticfile/AFL Tenant/AFL/Players/ChampIDImages/AFL/2025014/1023261.png?im=Scale,width=0.6,height=0.6","R","CD_I1023261",FALSE,35,"Nick","Daicos","CD_T40",NA,84,0,1,NA,18,21,39,7,0,4,14,23,37,8,0,0,0,0,69.2,4,2,0,136,1,0,0,13.4,NA,NA,5,2,0,1,NA,NA,NA,11,543,1,8,9,9,50,0.9,27,0,0,37.8,0,0,0,9,2,3,18,8,0,0,0,0,0,0,0,0,22,0,0,"CD_I1023261",FALSE,35,"Nick","Daicos","away","Collingwood"
"CD_M20250140202","2025-03-21T08:40:00.000+0000","CONCLUDED","Premiership","Round 2",2,"MCG","Western Bulldogs","Western Bulldogs","Collingwood","Collingwood",2,"https://s.afl.com.au/staticfile/AFL Tenant/AFL/Players/ChampIDImages/AFL/2025014/994185.png?im=Scale,width=0.6,height=0.6","CHF","CD_I994185",FALSE,2,"Jordan","De Goey","CD_T40",NA,82,0,3,NA,11,4,15,4,0,3,5,10,15,5,2,1,0,0,66.7,2,2,0,70,1,2,0,0.7,NA,NA,1,2,0,4,NA,NA,NA,7,349,0,1,1,7,63.6,2.8,10,1,0,33.3,0,0,0,3,1,1,10,5,0,0,0,0,0,1,0,0,6,0,0,"CD_I994185",FALSE,2,"Jordan","De Goey","away","Collingwood"
"CD_M20250140202","2025-03-21T08:40:00.000+0000","CONCLUDED","Premiership","Round 2",2,"MCG","Western Bulldogs","Western Bulldogs","Collingwood","Collingwood",5,"https://s.afl.com.au/staticfile/AFL Tenant/AFL/Players/ChampIDImages/AFL/2025014/293801.png?im=Scale,width=0.6,height=0.6","FF","CD_I293801",FALSE,5,"Jamie","Elliott","CD_T40",NA,93,1,3,NA,7,7,14,5,0,3,7,7,14,2,3,0,0,1,57.1,2,1,2,66,0,1,25,5.2,NA,NA,5,2,2,4,NA,NA,NA,6,126,0,0,0,4,57.1,1,8,4,0,50,0,0,0,6,4,0,15,1,0,0,0,0,0,2,1,50,0,0,0,"CD_I293801",FALSE,5,"Jamie","Elliott","away","Collingwood"
"CD_M20250140202","2025-03-21T08:40:00.000+0000","CONCLUDED","Premiership","Round 2",2,"MCG","Western Bulldogs","Western Bulldogs","Collingwood","Collingwood",23,"https://s.afl.com.au/staticfile/AFL Tenant/AFL/Players/ChampIDImages/AFL/2025014/1006148.png?im=Scale,width=0.6,height=0.6","HFFL","CD_I1006148",FALSE,23,"Bobby","Hill","CD_T40",NA,71,2,0,NA,6,2,8,2,1,3,4,4,8,3,1,0,0,1,75,0,3,0,55,0,0,66.7,9.9,NA,NA,0,1,1,3,NA,NA,NA,3,180,0,0,0,4,66.7,3,6,0,0,50,0,0,0,1,0,0,9,1,1,0,0,0,0,0,0,0,0,0,0,"CD_I1006148",FALSE,23,"Bobby","Hill","away","Collingwood"
"CD_M20250140202","2025-03-21T08:40:00.000+0000","CONCLUDED","Premiership","Round 2",2,"MCG","Western Bulldogs","Western Bulldogs","Collingwood","Collingwood",9,"https://s.afl.com.au/staticfile/AFL Tenant/AFL/Players/ChampIDImages/AFL/2025014/994295.png?im=Scale,width=0.6,height=0.6","CHB","CD_I994295",FALSE,9,"Dan","Houston","CD_T40",NA,80,1,0,NA,10,5,15,3,0,2,4,9,13,2,1,1,0,2,86.7,2,0,1,60,3,1,100,4.9,NA,NA,3,2,0,1,NA,NA,NA,4,267,0,1,1,8,80,2,13,0,1,30.8,0,0,0,3,1,1,11,6,1,0,1,0,0,0,0,0,0,2,2,"CD_I994295",FALSE,9,"Dan","Houston","away","Collingwood"
"CD_M20250140202","2025-03-21T08:40:00.000+0000","CONCLUDED","Premiership","Round 2",2,"MCG","Western Bulldogs","Western Bulldogs","Collingwood","Collingwood",38,"https://s.afl.com.au/staticfile/AFL Tenant/AFL/Players/ChampIDImages/AFL/2025014/291313.png?im=Scale,width=0.6,height=0.6","BPR","CD_I291313",FALSE,38,"Jeremy","Howe","CD_T40",NA,100,0,0,NA,14,3,17,7,0,1,5,8,13,0,0,1,0,7,94.1,2,2,0,75,10,0,0,15.2,NA,NA,0,7,0,0,NA,NA,NA,2,432,0,1,1,13,92.9,4.7,16,0,4,38.5,0,0,0,1,0,2,6,5,6,0,4,0,0,0,0,0,0,5,5,"CD_I291313",FALSE,38,"Jeremy","Howe","away","Collingwood"
"CD_M20250140202","2025-03-21T08:40:00.000+0000","CONCLUDED","Premiership","Round 2",2,"MCG","Western Bulldogs","Western Bulldogs","Collingwood","Collingwood",1,"https://s.afl.com.au/staticfile/AFL Tenant/AFL/Players/ChampIDImages/AFL/2025014/1003130.png?im=Scale,width=0.6,height=0.6","WL","CD_I1003130",FALSE,1,"Patrick","Lipinski","CD_T40",NA,87,0,1,NA,7,15,22,1,0,2,5,18,23,3,0,0,0,1,72.7,3,1,1,61,0,0,0,4.1,NA,NA,1,2,0,1,NA,NA,NA,9,200,0,1,1,6,85.7,0.5,16,0,0,21.7,0,0,0,5,0,1,8,3,1,0,0,0,0,0,0,0,0,0,0,"CD_I1003130",FALSE,1,"Patrick","Lipinski","away","Collingwood"
"CD_M20250140202","2025-03-21T08:40:00.000+0000","CONCLUDED","Premiership","Round 2",2,"MCG","Western Bulldogs","Western Bulldogs","Collingwood","Collingwood",44,"https://s.afl.com.au/staticfile/AFL Tenant/AFL/Players/ChampIDImages/AFL/2025014/1017124.png?im=Scale,width=0.6,height=0.6","SUB","CD_I1017124",FALSE,44,"Ned","Long","CD_T40",NA,75,0,1,NA,5,8,13,1,0,9,2,11,13,3,0,0,0,0,53.8,2,1,0,72,2,1,0,3.6,NA,NA,3,1,3,1,NA,NA,NA,4,198,0,0,0,2,40,0.6,7,0,0,15.4,0,0,0,1,0,1,28,9,0,0,0,0,0,0,0,0,14,0,0,"CD_I1017124",FALSE,44,"Ned","Long","away","Collingwood"
"CD_M20250140202","2025-03-21T08:40:00.000+0000","CONCLUDED","Premiership","Round 2",2,"MCG","Western Bulldogs","Western Bulldogs","Collingwood","Collingwood",4,"https://s.afl.com.au/staticfile/AFL Tenant/AFL/Players/ChampIDImages/AFL/2025014/992010.png?im=Scale,width=0.6,height=0.6","HBFR","CD_I992010",FALSE,4,"Brayden","Maynard","CD_T40",NA,78,0,0,NA,8,5,13,4,1,3,4,9,13,1,0,2,0,5,84.6,1,0,1,55,2,0,0,7.6,NA,NA,1,3,0,0,NA,NA,NA,1,244,0,0,0,7,87.5,1.6,11,0,1,30.8,0,0,0,1,0,0,6,5,4,0,2,1,50,0,0,0,0,0,0,"CD_I992010",FALSE,4,"Brayden","Maynard","away","Collingwood"
"CD_M20250140202","2025-03-21T08:40:00.000+0000","CONCLUDED","Premiership","Round 2",2,"MCG","Western Bulldogs","Western Bulldogs","Collingwood","Collingwood",31,"https://s.afl.com.au/staticfile/AFL Tenant/AFL/Players/ChampIDImages/AFL/2025014/1004757.png?im=Scale,width=0.6,height=0.6","HFFR","CD_I1004757",FALSE,31,"Beau","McCreery","CD_T40",NA,75,1,0,NA,8,2,10,0,2,4,5,3,8,1,0,0,0,0,70,0,1,0,51,0,1,100,14,NA,NA,0,1,2,1,NA,NA,NA,4,176,1,2,3,6,75,4,7,0,0,62.5,0,0,0,2,2,0,20,7,0,0,0,0,0,1,1,100,4,0,0,"CD_I1004757",FALSE,31,"Beau","McCreery","away","Collingwood"
"CD_M20250140202","2025-03-21T08:40:00.000+0000","CONCLUDED","Premiership","Round 2",2,"MCG","Western Bulldogs","Western Bulldogs","Collingwood","Collingwood",26,"https://s.afl.com.au/staticfile/AFL Tenant/AFL/Players/ChampIDImages/AFL/2025014/1013278.png?im=Scale,width=0.6,height=0.6","FB","CD_I1013278",FALSE,26,"Reef","McInnes","CD_T40",NA,4,0,0,NA,0,0,0,0,0,0,0,0,0,0,0,0,0,0,0,0,0,0,0,0,0,0,0,NA,NA,0,0,0,0,NA,NA,NA,0,0,0,0,0,0,0,0,0,0,0,0,0,0,0,0,0,0,1,1,0,0,0,0,0,0,0,0,0,0,0,"CD_I1013278",FALSE,26,"Reef","McInnes","away","Collingwood"
"CD_M20250140202","2025-03-21T08:40:00.000+0000","CONCLUDED","Premiership","Round 2",2,"MCG","Western Bulldogs","Western Bulldogs","Collingwood","Collingwood",11,"https://s.afl.com.au/staticfile/AFL Tenant/AFL/Players/ChampIDImages/AFL/2025014/297504.png?im=Scale,width=0.6,height=0.6","FPL","CD_I297504",FALSE,11,"Daniel","McStay","CD_T40",NA,84,1,3,NA,10,4,14,5,0,0,3,9,12,4,1,1,0,0,57.1,2,1,0,63,0,0,25,-2.9,NA,NA,2,0,0,4,NA,NA,NA,5,266,0,0,0,5,50,2.5,8,1,0,25,0,0,0,1,0,0,2,0,0,0,0,0,0,3,0,0,0,0,0,"CD_I297504",FALSE,11,"Daniel","McStay","away","Collingwood"
"CD_M20250140202","2025-03-21T08:40:00.000+0000","CONCLUDED","Premiership","Round 2",2,"MCG","Western Bulldogs","Western Bulldogs","Collingwood","Collingwood",28,"https://s.afl.com.au/staticfile/AFL Tenant/AFL/Players/ChampIDImages/AFL/2025014/294596.png?im=Scale,width=0.6,height=0.6","FPR","CD_I294596",FALSE,28,"Tim","Membrey","CD_T40",NA,81,0,0,NA,7,1,8,2,0,2,6,3,9,2,1,0,0,3,37.5,1,2,0,39,0,0,0,4,NA,NA,4,1,0,1,NA,NA,NA,2,179,0,0,0,3,42.9,7,3,0,0,66.7,0,0,0,3,0,0,10,1,2,0,0,0,0,0,0,0,0,0,0,"CD_I294596",FALSE,28,"Tim","Membrey","away","Collingwood"
"CD_M20250140202","2025-03-21T08:40:00.000+0000","CONCLUDED","Premiership","Round 2",2,"MCG","Western Bulldogs","Western Bulldogs","Collingwood","Collingwood",30,"https://s.afl.com.au/staticfile/AFL Tenant/AFL/Players/ChampIDImages/AFL/2025014/298288.png?im=Scale,width=0.6,height=0.6","BPL","CD_I298288",FALSE,30,"Darcy","Moore","CD_T40",NA,97,0,0,NA,8,7,15,5,0,3,10,4,14,1,0,1,0,9,80,3,2,2,61,4,0,0,12.9,NA,NA,3,12,0,0,NA,NA,NA,1,277,0,0,0,6,75,1.1,12,0,3,71.4,0,0,0,6,0,1,7,7,8,0,9,1,11.1,0,0,0,0,2,2,"CD_I298288",FALSE,30,"Darcy","Moore","away","Collingwood"
"CD_M20250140202","2025-03-21T08:40:00.000+0000","CONCLUDED","Premiership","Round 2",2,"MCG","Western Bulldogs","Western Bulldogs","Collingwood","Collingwood",10,"https://s.afl.com.au/staticfile/AFL Tenant/AFL/Players/ChampIDImages/AFL/2025014/260257.png?im=Scale,width=0.6,height=0.6","RR","CD_I260257",FALSE,10,"Scott","Pendlebury","CD_T40",NA,77,0,0,NA,5,21,26,3,0,1,7,20,27,3,0,0,0,3,84.6,2,1,1,68,1,0,0,13.6,NA,NA,2,2,0,0,NA,NA,NA,11,286,0,1,1,5,100,0.2,22,0,0,25.9,0,0,0,5,1,2,18,7,1,0,0,0,0,0,0,0,12,0,0,"CD_I260257",FALSE,10,"Scott","Pendlebury","away","Collingwood"
"CD_M20250140202","2025-03-21T08:40:00.000+0000","CONCLUDED","Premiership","Round 2",2,"MCG","Western Bulldogs","Western Bulldogs","Collingwood","Collingwood",12,"https://s.afl.com.au/staticfile/AFL Tenant/AFL/Players/ChampIDImages/AFL/2025014/998205.png?im=Scale,width=0.6,height=0.6","INT","CD_I998205",FALSE,12,"Harry","Perryman","CD_T40",NA,79,0,0,NA,8,4,12,4,0,0,5,8,13,1,0,1,0,3,75,2,2,1,43,1,0,0,8.6,NA,NA,2,5,0,0,NA,NA,NA,4,229,0,0,0,6,75,2,9,0,2,38.5,0,0,0,2,0,3,5,3,3,0,4,1,25,0,0,0,0,0,0,"CD_I998205",FALSE,12,"Harry","Perryman","away","Collingwood"
"CD_M20250140202","2025-03-21T08:40:00.000+0000","CONCLUDED","Premiership","Round 2",2,"MCG","Western Bulldogs","Western Bulldogs","Collingwood","Collingwood",3,"https://s.afl.com.au/staticfile/AFL Tenant/AFL/Players/ChampIDImages/AFL/2025014/1008089.png?im=Scale,width=0.6,height=0.6","INT","CD_I1008089",FALSE,3,"Isaac","Quaynor","CD_T40",NA,83,0,0,NA,7,4,11,1,0,2,5,5,10,0,0,0,0,6,81.8,0,2,0,42,2,0,0,6.3,NA,NA,0,3,0,0,NA,NA,NA,3,152,0,1,1,6,85.7,1.8,9,0,0,50,0,0,0,2,0,1,7,3,4,0,0,0,0,0,0,0,0,0,0,"CD_I1008089",FALSE,3,"Isaac","Quaynor","away","Collingwood"
"CD_M20250140202","2025-03-21T08:40:00.000+0000","CONCLUDED","Premiership","Round 2",2,"MCG","Western Bulldogs","Western Bulldogs","Collingwood","Collingwood",8,"https://s.afl.com.au/staticfile/AFL Tenant/AFL/Players/ChampIDImages/AFL/2025014/1000860.png?im=Scale,width=0.6,height=0.6","INT","CD_I1000860",FALSE,8,"Lachie","Schultz","CD_T40",NA,81,2,1,NA,11,6,17,6,1,7,7,10,17,1,2,0,0,1,82.4,2,2,0,106,0,0,66.7,13.1,NA,NA,4,1,3,3,NA,NA,NA,6,286,0,3,3,8,72.7,1.8,14,2,0,41.2,0,0,0,5,1,1,18,2,0,0,0,0,0,0,0,0,0,0,0,"CD_I1000860",FALSE,8,"Lachie","Schultz","away","Collingwood"
"CD_M20250140202","2025-03-21T08:40:00.000+0000","CONCLUDED","Premiership","Round 2",2,"MCG","Western Bulldogs","Western Bulldogs","Collingwood","Collingwood",22,"https://s.afl.com.au/staticfile/AFL Tenant/AFL/Players/ChampIDImages/AFL/2025014/280965.png?im=Scale,width=0.6,height=0.6","C","CD_I280965",FALSE,22,"Steele","Sidebottom","CD_T40",NA,83,2,0,NA,12,10,22,1,0,4,9,15,24,3,0,0,0,2,63.6,5,0,1,84,0,0,100,14.6,NA,NA,5,3,1,2,NA,NA,NA,6,366,3,3,6,6,50,1.2,14,0,0,37.5,0,0,0,6,1,3,15,3,0,0,0,0,0,0,0,0,14,0,0,"CD_I280965",FALSE,22,"Steele","Sidebottom","away","Collingwood"
"CD_M20250140203","2025-03-22T02:20:00.000+0000","CONCLUDED","Premiership","Round 2",2,"MCG","Essendon","Essendon","Adelaide Crows","Adelaide Crows",24,"https://s.afl.com.au/staticfile/AFL Tenant/AFL/Players/ChampIDImages/AFL/2025014/1011954.png?im=Scale,width=0.6,height=0.6","RK","CD_I1011954",FALSE,24,"Nick","Bryan","CD_T50",NA,70,0,1,NA,12,2,14,1,0,2,8,5,13,3,0,0,23,1,50,1,0,1,72,1,0,0,14.5,NA,NA,1,3,0,1,NA,NA,NA,6,322,3,2,5,5,41.7,6,7,0,1,61.5,9,43.4,39.1,6,0,4,9,7,1,53,0,0,0,0,0,0,27,0,0,"CD_I1011954",FALSE,24,"Nick","Bryan","home","Essendon"
"CD_M20250140203","2025-03-22T02:20:00.000+0000","CONCLUDED","Premiership","Round 2",2,"MCG","Essendon","Essendon","Adelaide Crows","Adelaide Crows",30,"https://s.afl.com.au/staticfile/AFL Tenant/AFL/Players/ChampIDImages/AFL/2025014/1027899.png?im=Scale,width=0.6,height=0.6","CHF","CD_I1027899",FALSE,30,"Nate","Caddy","CD_T50",NA,54,0,1,NA,4,1,5,2,0,1,3,2,5,1,1,0,0,1,40,0,1,0,26,0,0,0,0.7,NA,NA,0,0,0,1,NA,NA,NA,3,85,1,0,1,1,25,4,2,1,0,60,0,0,0,2,1,1,6,2,1,0,0,0,0,2,0,0,0,0,0,"CD_I1027899",FALSE,30,"Nate","Caddy","home","Essendon"
"CD_M20250140203","2025-03-22T02:20:00.000+0000","CONCLUDED","Premiership","Round 2",2,"MCG","Essendon","Essendon","Adelaide Crows","Adelaide Crows",6,"https://s.afl.com.au/staticfile/AFL Tenant/AFL/Players/ChampIDImages/AFL/2025014/1006103.png?im=Scale,width=0.6,height=0.6","C","CD_I1006103",FALSE,6,"Jye","Caldwell","CD_T50",NA,71,1,0,NA,10,17,27,5,0,3,11,17,28,3,1,0,0,1,77.8,3,0,0,97,4,0,100,21.7,NA,NA,1,6,0,1,NA,NA,NA,6,356,0,2,2,8,80,0.6,21,2,0,39.3,0,0,0,9,1,2,17,11,0,0,0,0,0,0,0,0,27,0,0,"CD_I1006103",FALSE,6,"Jye","Caldwell","home","Essendon"
"CD_M20250140203","2025-03-22T02:20:00.000+0000","CONCLUDED","Premiership","Round 2",2,"MCG","Essendon","Essendon","Adelaide Crows","Adelaide Crows",2,"https://s.afl.com.au/staticfile/AFL Tenant/AFL/Players/ChampIDImages/AFL/2025014/1005577.png?im=Scale,width=0.6,height=0.6","FF","CD_I1005577",FALSE,2,"Sam","Draper","CD_T50",NA,91,3,0,NA,5,5,10,3,0,1,5,5,10,1,2,0,15,2,80,3,2,2,67,1,0,100,10.4,NA,NA,2,0,1,3,NA,NA,NA,5,109,0,2,2,3,60,1,8,2,0,50,2,41.7,13.3,2,0,2,5,2,2,36,0,0,0,2,1,50,16,0,0,"CD_I1005577",FALSE,2,"Sam","Draper","home","Essendon"
"CD_M20250140203","2025-03-22T02:20:00.000+0000","CONCLUDED","Premiership","Round 2",2,"MCG","Essendon","Essendon","Adelaide Crows","Adelaide Crows",22,"https://s.afl.com.au/staticfile/AFL Tenant/AFL/Players/ChampIDImages/AFL/2025014/1015810.png?im=Scale,width=0.6,height=0.6","RR","CD_I1015810",FALSE,22,"Sam","Durham","CD_T50",NA,82,0,0,NA,5,16,21,2,0,4,14,9,23,1,0,0,0,4,81,6,0,3,60,0,2,0,15.5,NA,NA,4,2,0,1,NA,NA,NA,5,158,3,4,7,2,40,0.3,17,0,0,60.9,0,0,0,10,2,1,17,8,2,0,0,0,0,0,0,0,31,0,0,"CD_I1015810",FALSE,22,"Sam","Durham","home","Essendon"
"CD_M20250140203","2025-03-22T02:20:00.000+0000","CONCLUDED","Premiership","Round 2",2,"MCG","Essendon","Essendon","Adelaide Crows","Adelaide Crows",28,"https://s.afl.com.au/staticfile/AFL Tenant/AFL/Players/ChampIDImages/AFL/2025014/1006096.png?im=Scale,width=0.6,height=0.6","INT","CD_I1006096",FALSE,28,"Xavier","Duursma","CD_T50",NA,78,0,0,NA,6,7,13,5,0,2,5,9,14,4,0,0,0,1,76.9,5,1,3,47,1,1,0,8.6,NA,NA,5,4,0,0,NA,NA,NA,4,219,0,1,1,4,66.7,0.9,10,0,3,35.7,0,0,0,4,0,1,6,4,1,0,0,0,0,0,0,0,0,0,0,"CD_I1006096",FALSE,28,"Xavier","Duursma","home","Essendon"
"CD_M20250140203","2025-03-22T02:20:00.000+0000","CONCLUDED","Premiership","Round 2",2,"MCG","Essendon","Essendon","Adelaide Crows","Adelaide Crows",45,"https://s.afl.com.au/staticfile/AFL Tenant/AFL/Players/ChampIDImages/AFL/2025014/1018323.png?im=Scale,width=0.6,height=0.6","INT","CD_I1018323",FALSE,45,"Thomas","Edwards","CD_T50",NA,80,3,1,NA,6,2,8,2,0,3,3,5,8,1,1,0,0,1,75,4,2,1,58,0,1,75,4.4,NA,NA,4,0,3,4,NA,NA,NA,5,135,0,0,0,5,83.3,3,6,0,0,37.5,0,0,0,1,1,0,17,2,1,0,0,0,0,2,0,0,0,0,0,"CD_I1018323",FALSE,45,"Thomas","Edwards","home","Essendon"
"CD_M20250140203","2025-03-22T02:20:00.000+0000","CONCLUDED","Premiership","Round 2",2,"MCG","Essendon","Essendon","Adelaide Crows","Adelaide Crows",11,"https://s.afl.com.au/staticfile/AFL Tenant/AFL/Players/ChampIDImages/AFL/2025014/298421.png?im=Scale,width=0.6,height=0.6","HFFL","CD_I298421",FALSE,11,"Jade","Gresham","CD_T50",NA,82,1,2,NA,5,6,11,2,2,3,5,7,12,2,0,0,0,1,63.6,0,2,0,55,0,1,33.3,9.4,NA,NA,0,3,1,3,NA,NA,NA,5,200,0,0,0,2,40,0.8,7,0,0,41.7,0,0,0,3,1,2,10,1,1,0,0,0,0,2,0,0,0,0,0,"CD_I298421",FALSE,11,"Jade","Gresham","home","Essendon"
"CD_M20250140203","2025-03-22T02:20:00.000+0000","CONCLUDED","Premiership","Round 2",2,"MCG","Essendon","Essendon","Adelaide Crows","Adelaide Crows",8,"https://s.afl.com.au/staticfile/AFL Tenant/AFL/Players/ChampIDImages/AFL/2025014/1017088.png?im=Scale,width=0.6,height=0.6","WL","CD_I1017088",FALSE,8,"Ben","Hobbs","CD_T50",NA,74,0,0,NA,3,11,14,1,0,1,4,9,13,1,0,0,0,0,71.4,3,1,1,36,0,0,0,2.5,NA,NA,3,1,0,0,NA,NA,NA,6,70,0,1,1,1,33.3,0.3,10,0,0,30.8,0,0,0,3,0,0,15,5,0,0,0,0,0,1,0,0,0,0,0,"CD_I1017088",FALSE,8,"Ben","Hobbs","home","Essendon"
"CD_M20250140203","2025-03-22T02:20:00.000+0000","CONCLUDED","Premiership","Round 2",2,"MCG","Essendon","Essendon","Adelaide Crows","Adelaide Crows",23,"https://s.afl.com.au/staticfile/AFL Tenant/AFL/Players/ChampIDImages/AFL/2025014/1011755.png?im=Scale,width=0.6,height=0.6","FPL","CD_I1011755",FALSE,23,"Harrison","Jones","CD_T50",NA,83,0,0,NA,6,3,9,2,0,6,3,7,10,2,0,1,0,0,66.7,3,1,2,49,0,0,0,1.6,NA,NA,2,1,1,0,NA,NA,NA,1,101,0,0,0,3,50,2,6,0,0,30,0,0,0,1,1,0,16,8,0,0,0,0,0,1,1,100,0,0,0,"CD_I1011755",FALSE,23,"Harrison","Jones","home","Essendon"
"CD_M20250140203","2025-03-22T02:20:00.000+0000","CONCLUDED","Premiership","Round 2",2,"MCG","Essendon","Essendon","Adelaide Crows","Adelaide Crows",10,"https://s.afl.com.au/staticfile/AFL Tenant/AFL/Players/ChampIDImages/AFL/2025014/1028554.png?im=Scale,width=0.6,height=0.6","FPR","CD_I1028554",FALSE,10,"Isaac","Kako","CD_T50",NA,78,2,0,NA,6,3,9,2,0,2,3,5,8,1,1,0,0,1,66.7,5,0,2,44,0,0,100,6.1,NA,NA,6,2,0,2,NA,NA,NA,4,162,0,0,0,5,83.3,2,6,0,0,37.5,0,0,0,3,2,1,11,1,1,0,0,0,0,3,0,0,0,0,0,"CD_I1028554",FALSE,10,"Isaac","Kako","home","Essendon"
"CD_M20250140203","2025-03-22T02:20:00.000+0000","CONCLUDED","Premiership","Round 2",2,"MCG","Essendon","Essendon","Adelaide Crows","Adelaide Crows",37,"https://s.afl.com.au/staticfile/AFL Tenant/AFL/Players/ChampIDImages/AFL/2025014/1012013.png?im=Scale,width=0.6,height=0.6","HBFR","CD_I1012013",FALSE,37,"Nic","Martin","CD_T50",NA,97,1,1,NA,9,11,20,5,3,1,2,20,22,2,0,0,0,2,80,1,0,1,72,3,2,50,15.3,NA,NA,2,1,0,2,NA,NA,NA,9,466,0,0,0,7,77.8,0.8,16,0,0,9.1,0,0,0,1,0,0,10,5,1,0,0,0,0,0,0,0,0,0,0,"CD_I1012013",FALSE,37,"Nic","Martin","home","Essendon"
"CD_M20250140203","2025-03-22T02:20:00.000+0000","CONCLUDED","Premiership","Round 2",2,"MCG","Essendon","Essendon","Adelaide Crows","Adelaide Crows",1,"https://s.afl.com.au/staticfile/AFL Tenant/AFL/Players/ChampIDImages/AFL/2025014/998102.png?im=Scale,width=0.6,height=0.6","BPL","CD_I998102",FALSE,1,"Andrew","McGrath","CD_T50",NA,80,0,0,NA,6,13,19,3,2,1,6,14,20,0,0,0,0,1,78.9,2,1,0,58,3,0,0,8.4,NA,NA,2,7,0,0,NA,NA,NA,3,204,0,0,0,4,66.7,0.5,15,0,1,30,0,0,0,5,0,2,5,4,0,0,0,0,0,0,0,0,1,0,0,"CD_I998102",FALSE,1,"Andrew","McGrath","home","Essendon"
"CD_M20250140203","2025-03-22T02:20:00.000+0000","CONCLUDED","Premiership","Round 2",2,"MCG","Essendon","Essendon","Adelaide Crows","Adelaide Crows",32,"https://s.afl.com.au/staticfile/AFL Tenant/AFL/Players/ChampIDImages/AFL/2025014/1002143.png?im=Scale,width=0.6,height=0.6","FB","CD_I1002143",FALSE,32,"Ben","McKay","CD_T50",NA,100,0,0,NA,3,2,5,2,0,2,3,2,5,0,0,2,0,4,100,0,1,0,28,0,0,0,5.9,NA,NA,0,4,0,0,NA,NA,NA,1,48,0,0,0,3,100,1.5,5,0,2,60,0,0,0,0,0,1,4,4,4,0,2,0,0,0,0,0,0,0,0,"CD_I1002143",FALSE,32,"Ben","McKay","home","Essendon"
"CD_M20250140203","2025-03-22T02:20:00.000+0000","CONCLUDED","Premiership","Round 2",2,"MCG","Essendon","Essendon","Adelaide Crows","Adelaide Crows",29,"https://s.afl.com.au/staticfile/AFL Tenant/AFL/Players/ChampIDImages/AFL/2025014/1013201.png?im=Scale,width=0.6,height=0.6","SUB","CD_I1013201",FALSE,29,"Jye","Menzie","CD_T50",NA,27,0,1,NA,2,1,3,1,0,0,0,3,3,0,1,0,0,0,33.3,0,0,0,12,0,0,0,-1,NA,NA,0,0,0,1,NA,NA,NA,3,55,0,0,0,0,0,2,1,0,0,0,0,0,0,0,0,0,1,0,0,0,0,0,0,0,0,0,0,0,0,"CD_I1013201",FALSE,29,"Jye","Menzie","home","Essendon"
"CD_M20250140203","2025-03-22T02:20:00.000+0000","CONCLUDED","Premiership","Round 2",2,"MCG","Essendon","Essendon","Adelaide Crows","Adelaide Crows",7,"https://s.afl.com.au/staticfile/AFL Tenant/AFL/Players/ChampIDImages/AFL/2025014/992016.png?im=Scale,width=0.6,height=0.6","R","CD_I992016",FALSE,7,"Zach","Merrett","CD_T50",NA,87,4,1,NA,20,16,36,2,1,3,12,22,34,11,0,0,0,0,72.2,2,3,0,138,1,2,80,34.8,NA,NA,8,5,0,5,NA,NA,NA,9,748,6,0,6,12,60,1.3,26,0,0,35.3,0,0,0,8,2,3,14,7,0,0,1,0,0,0,0,0,26,0,0,"CD_I992016",FALSE,7,"Zach","Merrett","home","Essendon"
"CD_M20250140203","2025-03-22T02:20:00.000+0000","CONCLUDED","Premiership","Round 2",2,"MCG","Essendon","Essendon","Adelaide Crows","Adelaide Crows",16,"https://s.afl.com.au/staticfile/AFL Tenant/AFL/Players/ChampIDImages/AFL/2025014/1015873.png?im=Scale,width=0.6,height=0.6","HFFR","CD_I1015873",FALSE,16,"Archie","Perkins","CD_T50",NA,82,0,0,NA,6,11,17,2,1,4,4,13,17,3,0,0,0,1,82.4,4,1,0,63,0,1,0,9.5,NA,NA,2,1,1,0,NA,NA,NA,5,172,2,0,2,4,66.7,0.5,14,0,0,23.5,0,0,0,2,0,2,16,7,1,0,0,0,0,0,0,0,21,0,0,"CD_I1015873",FALSE,16,"Archie","Perkins","home","Essendon"
"CD_M20250140203","2025-03-22T02:20:00.000+0000","CONCLUDED","Premiership","Round 2",2,"MCG","Essendon","Essendon","Adelaide Crows","Adelaide Crows",25,"https://s.afl.com.au/staticfile/AFL Tenant/AFL/Players/ChampIDImages/AFL/2025014/1009386.png?im=Scale,width=0.6,height=0.6","BPR","CD_I1009386",FALSE,25,"Jaxon","Prior","CD_T50",NA,83,0,0,NA,13,4,17,3,2,1,7,8,15,3,0,2,0,4,52.9,5,1,0,61,4,1,0,4.4,NA,NA,7,5,0,0,NA,NA,NA,1,293,0,0,0,7,53.8,3.3,9,0,2,46.7,0,0,0,4,0,1,15,13,3,0,2,0,0,0,0,0,0,2,2,"CD_I1009386",FALSE,25,"Jaxon","Prior","home","Essendon"
"CD_M20250140203","2025-03-22T02:20:00.000+0000","CONCLUDED","Premiership","Round 2",2,"MCG","Essendon","Essendon","Adelaide Crows","Adelaide Crows",27,"https://s.afl.com.au/staticfile/AFL Tenant/AFL/Players/ChampIDImages/AFL/2025014/997078.png?im=Scale,width=0.6,height=0.6","HBFL","CD_I997078",FALSE,27,"Mason","Redman","CD_T50",NA,83,0,0,NA,15,3,18,5,1,0,3,11,14,1,0,2,0,0,72.2,4,0,1,63,3,0,0,7.1,NA,NA,3,4,0,0,NA,NA,NA,2,358,0,0,0,11,73.3,5,13,0,3,21.4,0,0,0,1,0,1,8,5,0,0,2,1,50,0,0,0,0,5,4,"CD_I997078",FALSE,27,"Mason","Redman","home","Essendon"
"CD_M20250140203","2025-03-22T02:20:00.000+0000","CONCLUDED","Premiership","Round 2",2,"MCG","Essendon","Essendon","Adelaide Crows","Adelaide Crows",31,"https://s.afl.com.au/staticfile/AFL Tenant/AFL/Players/ChampIDImages/AFL/2025014/1012817.png?im=Scale,width=0.6,height=0.6","CHB","CD_I1012817",FALSE,31,"Zach","Reid","CD_T50",NA,96,0,0,NA,6,4,10,4,0,3,1,8,9,0,0,0,0,3,60,4,1,0,51,3,0,0,-0.5,NA,NA,3,2,0,0,NA,NA,NA,0,166,0,0,0,3,50,1.5,6,0,1,11.1,0,0,0,0,0,0,13,13,3,0,2,1,50,0,0,0,0,1,1,"CD_I1012817",FALSE,31,"Zach","Reid","home","Essendon"
"CD_M20250140203","2025-03-22T02:20:00.000+0000","CONCLUDED","Premiership","Round 2",2,"MCG","Essendon","Essendon","Adelaide Crows","Adelaide Crows",21,"https://s.afl.com.au/staticfile/AFL Tenant/AFL/Players/ChampIDImages/AFL/2025014/1023515.png?im=Scale,width=0.6,height=0.6","WR","CD_I1023515",FALSE,21,"Archie","Roberts","CD_T50",NA,81,0,0,NA,11,8,19,3,0,2,7,11,18,1,0,0,0,2,63.2,2,2,0,68,7,0,0,7.3,NA,NA,3,6,0,0,NA,NA,NA,3,204,0,1,1,7,63.6,1.4,12,0,1,38.9,0,0,0,6,0,1,5,5,1,0,1,0,0,0,0,0,0,2,2,"CD_I1023515",FALSE,21,"Archie","Roberts","home","Essendon"
"CD_M20250140203","2025-03-22T02:20:00.000+0000","CONCLUDED","Premiership","Round 2",2,"MCG","Essendon","Essendon","Adelaide Crows","Adelaide Crows",9,"https://s.afl.com.au/staticfile/AFL Tenant/AFL/Players/ChampIDImages/AFL/2025014/291783.png?im=Scale,width=0.6,height=0.6","INT","CD_I291783",FALSE,9,"Dylan","Shiel","CD_T50",NA,77,0,0,NA,8,13,21,1,1,2,3,16,19,2,0,0,0,1,85.7,3,0,0,61,5,0,0,8.6,NA,NA,4,4,0,0,NA,NA,NA,3,338,0,0,0,5,62.5,0.6,18,0,0,15.8,0,0,0,3,0,0,11,10,1,0,1,1,100,0,0,0,0,1,1,"CD_I291783",FALSE,9,"Dylan","Shiel","home","Essendon"
"CD_M20250140203","2025-03-22T02:20:00.000+0000","CONCLUDED","Premiership","Round 2",2,"MCG","Essendon","Essendon","Adelaide Crows","Adelaide Crows",5,"https://s.afl.com.au/staticfile/AFL Tenant/AFL/Players/ChampIDImages/AFL/2025014/1023785.png?im=Scale,width=0.6,height=0.6","INT","CD_I1023785",FALSE,5,"Elijah","Tsatas","CD_T50",NA,63,0,1,NA,12,13,25,1,0,1,14,9,23,5,0,0,0,1,68,2,1,0,71,1,1,0,15.3,NA,NA,7,2,0,1,NA,NA,NA,3,371,7,4,11,5,41.7,0.9,17,0,0,60.9,0,0,0,10,1,0,10,5,0,0,0,0,0,0,0,0,23,0,0,"CD_I1023785",FALSE,5,"Elijah","Tsatas","home","Essendon"
"CD_M20250140203","2025-03-22T02:20:00.000+0000","CONCLUDED","Premiership","Round 2",2,"MCG","Essendon","Essendon","Adelaide Crows","Adelaide Crows",5,"https://s.afl.com.au/staticfile/AFL Tenant/AFL/Players/ChampIDImages/AFL/2025014/297401.png?im=Scale,width=0.6,height=0.6","INT","CD_I297401",FALSE,5,"Matt","Crouch","CD_T10",NA,73,0,0,NA,13,19,32,7,0,8,13,20,33,3,0,0,0,0,90.6,2,1,0,131,2,3,0,20.8,NA,NA,1,3,1,0,NA,NA,NA,10,265,2,5,7,11,84.6,0.7,29,0,0,39.4,0,0,0,10,0,1,21,10,0,0,0,0,0,0,0,0,28,0,0,"CD_I297401",FALSE,5,"Matt","Crouch","away","Adelaide Crows"
"CD_M20250140203","2025-03-22T02:20:00.000+0000","CONCLUDED","Premiership","Round 2",2,"MCG","Essendon","Essendon","Adelaide Crows","Adelaide Crows",44,"https://s.afl.com.au/staticfile/AFL Tenant/AFL/Players/ChampIDImages/AFL/2025014/1001396.png?im=Scale,width=0.6,height=0.6","WL","CD_I1001396",FALSE,44,"Isaac","Cumming","CD_T10",NA,78,0,0,NA,4,5,9,0,0,2,4,6,10,1,0,0,0,2,88.9,1,1,1,28,1,1,0,5.6,NA,NA,2,2,0,0,NA,NA,NA,4,151,0,1,1,4,100,0.8,8,0,0,40,0,0,0,2,0,2,7,4,0,0,0,0,0,0,0,0,0,0,0,"CD_I1001396",FALSE,44,"Isaac","Cumming","away","Adelaide Crows"
"CD_M20250140203","2025-03-22T02:20:00.000+0000","CONCLUDED","Premiership","Round 2",2,"MCG","Essendon","Essendon","Adelaide Crows","Adelaide Crows",6,"https://s.afl.com.au/staticfile/AFL Tenant/AFL/Players/ChampIDImages/AFL/2025014/1024023.png?im=Scale,width=0.6,height=0.6","INT","CD_I1024023",FALSE,6,"Daniel","Curtin","CD_T10",NA,76,1,0,NA,8,5,13,5,0,4,5,9,14,1,1,1,0,1,76.9,1,2,0,73,1,1,100,8.5,NA,NA,2,4,0,1,NA,NA,NA,5,146,0,2,2,6,75,1.6,10,2,2,35.7,0,0,0,1,1,2,11,7,0,1,1,0,0,0,0,0,0,0,0,"CD_I1024023",FALSE,6,"Daniel","Curtin","away","Adelaide Crows"
"CD_M20250140203","2025-03-22T02:20:00.000+0000","CONCLUDED","Premiership","Round 2",2,"MCG","Essendon","Essendon","Adelaide Crows","Adelaide Crows",12,"https://s.afl.com.au/staticfile/AFL Tenant/AFL/Players/ChampIDImages/AFL/2025014/992242.png?im=Scale,width=0.6,height=0.6","C","CD_I992242",FALSE,12,"Jordan","Dawson","CD_T10",NA,79,0,0,NA,22,11,33,8,0,6,10,21,31,11,0,0,0,1,72.7,4,1,1,134,0,1,0,20,NA,NA,10,5,0,1,NA,NA,NA,8,775,3,2,5,14,63.6,2,24,3,0,32.3,0,0,0,6,0,2,21,10,1,0,0,0,0,0,0,0,30,0,0,"CD_I992242",FALSE,12,"Jordan","Dawson","away","Adelaide Crows"
"CD_M20250140203","2025-03-22T02:20:00.000+0000","CONCLUDED","Premiership","Round 2",2,"MCG","Essendon","Essendon","Adelaide Crows","Adelaide Crows",34,"https://s.afl.com.au/staticfile/AFL Tenant/AFL/Players/ChampIDImages/AFL/2025014/1022607.png?im=Scale,width=0.6,height=0.6","SUB","CD_I1022607",FALSE,34,"Sid","Draper","CD_T10",NA,28,0,1,NA,6,3,9,1,0,4,2,7,9,2,0,0,0,0,55.6,3,0,2,38,0,1,0,-0.4,NA,NA,1,0,0,1,NA,NA,NA,2,188,0,1,1,3,50,2,5,0,0,22.2,0,0,0,1,0,0,10,3,0,0,0,0,0,0,0,0,13,0,0,"CD_I1022607",FALSE,34,"Sid","Draper","away","Adelaide Crows"
"CD_M20250140203","2025-03-22T02:20:00.000+0000","CONCLUDED","Premiership","Round 2",2,"MCG","Essendon","Essendon","Adelaide Crows","Adelaide Crows",32,"https://s.afl.com.au/staticfile/AFL Tenant/AFL/Players/ChampIDImages/AFL/2025014/999331.png?im=Scale,width=0.6,height=0.6","FPL","CD_I999331",FALSE,32,"Darcy","Fogarty","CD_T10",NA,80,3,1,NA,11,3,14,9,0,0,4,11,15,3,4,2,0,1,57.1,5,0,1,82,0,1,60,8.9,NA,NA,5,0,0,5,NA,NA,NA,8,258,0,0,0,5,45.5,3.7,8,4,0,26.7,0,0,0,2,0,0,5,0,1,0,0,0,0,2,1,50,0,0,0,"CD_I999331",FALSE,32,"Darcy","Fogarty","away","Adelaide Crows"
"CD_M20250140203","2025-03-22T02:20:00.000+0000","CONCLUDED","Premiership","Round 2",2,"MCG","Essendon","Essendon","Adelaide Crows","Adelaide Crows",20,"https://s.afl.com.au/staticfile/AFL Tenant/AFL/Players/ChampIDImages/AFL/2025014/1004863.png?im=Scale,width=0.6,height=0.6","INT","CD_I1004863",FALSE,20,"Mitchell","Hinge","CD_T10",NA,80,1,0,NA,13,3,16,1,0,5,5,8,13,2,1,0,0,2,87.5,1,3,1,74,3,1,100,13.9,NA,NA,1,3,0,1,NA,NA,NA,3,259,1,1,2,12,92.3,4.3,14,0,0,38.5,0,0,0,3,0,2,19,15,2,0,0,0,0,0,0,0,0,3,3,"CD_I1004863",FALSE,20,"Mitchell","Hinge","away","Adelaide Crows"
"CD_M20250140203","2025-03-22T02:20:00.000+0000","CONCLUDED","Premiership","Round 2",2,"MCG","Essendon","Essendon","Adelaide Crows","Adelaide Crows",48,"https://s.afl.com.au/staticfile/AFL Tenant/AFL/Players/ChampIDImages/AFL/2025014/1013974.png?im=Scale,width=0.6,height=0.6","FB","CD_I1013974",FALSE,48,"Mark","Keane","CD_T10",NA,95,0,0,NA,8,2,10,1,4,0,3,2,5,1,0,1,0,2,70,4,1,2,26,4,0,0,3.7,NA,NA,3,5,0,0,NA,NA,NA,0,212,0,0,0,5,62.5,4,7,0,1,60,0,0,0,1,0,0,2,2,1,0,2,1,50,0,0,0,0,4,4,"CD_I1013974",FALSE,48,"Mark","Keane","away","Adelaide Crows"
"CD_M20250140203","2025-03-22T02:20:00.000+0000","CONCLUDED","Premiership","Round 2",2,"MCG","Essendon","Essendon","Adelaide Crows","Adelaide Crows",2,"https://s.afl.com.au/staticfile/AFL Tenant/AFL/Players/ChampIDImages/AFL/2025014/993946.png?im=Scale,width=0.6,height=0.6","HFFL","CD_I993946",FALSE,2,"Ben","Keays","CD_T10",NA,81,4,2,NA,17,5,22,11,0,3,3,18,21,6,4,0,0,0,81.8,1,0,0,132,0,2,66.7,18,NA,NA,2,0,0,6,NA,NA,NA,10,435,1,1,2,14,82.4,3.4,18,1,0,14.3,0,0,0,3,1,1,15,3,0,0,0,0,0,0,0,0,0,0,0,"CD_I993946",FALSE,2,"Ben","Keays","away","Adelaide Crows"
"CD_M20250140203","2025-03-22T02:20:00.000+0000","CONCLUDED","Premiership","Round 2",2,"MCG","Essendon","Essendon","Adelaide Crows","Adelaide Crows",29,"https://s.afl.com.au/staticfile/AFL Tenant/AFL/Players/ChampIDImages/AFL/2025014/293222.png?im=Scale,width=0.6,height=0.6","BPR","CD_I293222",FALSE,29,"Rory","Laird","CD_T10",NA,81,0,0,NA,14,9,23,5,0,2,4,18,22,1,0,0,0,1,100,0,0,0,83,5,0,0,8.7,NA,NA,3,4,0,0,NA,NA,NA,4,353,0,1,1,14,100,1.6,23,0,1,18.2,0,0,0,4,0,3,6,4,1,0,1,0,0,0,0,0,0,1,1,"CD_I293222",FALSE,29,"Rory","Laird","away","Adelaide Crows"
"CD_M20250140203","2025-03-22T02:20:00.000+0000","CONCLUDED","Premiership","Round 2",2,"MCG","Essendon","Essendon","Adelaide Crows","Adelaide Crows",16,"https://s.afl.com.au/staticfile/AFL Tenant/AFL/Players/ChampIDImages/AFL/2025014/1015370.png?im=Scale,width=0.6,height=0.6","HBFR","CD_I1015370",FALSE,16,"Max","Michalanney","CD_T10",NA,90,0,0,NA,12,3,15,8,0,1,6,9,15,1,0,2,0,0,86.7,1,2,0,72,4,0,0,7.5,NA,NA,2,9,0,0,NA,NA,NA,3,198,0,0,0,10,83.3,4,13,0,4,40,0,0,0,3,0,2,5,4,0,0,3,0,0,0,0,0,0,0,0,"CD_I1015370",FALSE,16,"Max","Michalanney","away","Adelaide Crows"
"CD_M20250140203","2025-03-22T02:20:00.000+0000","CONCLUDED","Premiership","Round 2",2,"MCG","Essendon","Essendon","Adelaide Crows","Adelaide Crows",30,"https://s.afl.com.au/staticfile/AFL Tenant/AFL/Players/ChampIDImages/AFL/2025014/990882.png?im=Scale,width=0.6,height=0.6","HBFL","CD_I990882",FALSE,30,"Wayne","Milera","CD_T10",NA,79,1,1,NA,16,2,18,6,0,1,4,14,18,1,0,0,0,0,83.3,1,0,1,78,5,0,50,12.2,NA,NA,2,4,0,2,NA,NA,NA,5,370,0,0,0,13,81.3,8,15,0,1,22.2,0,0,0,4,0,3,8,3,0,0,0,0,0,0,0,0,0,1,1,"CD_I990882",FALSE,30,"Wayne","Milera","away","Adelaide Crows"
"CD_M20250140203","2025-03-22T02:20:00.000+0000","CONCLUDED","Premiership","Round 2",2,"MCG","Essendon","Essendon","Adelaide Crows","Adelaide Crows",9,"https://s.afl.com.au/staticfile/AFL Tenant/AFL/Players/ChampIDImages/AFL/2025014/1008230.png?im=Scale,width=0.6,height=0.6","CHB","CD_I1008230",FALSE,9,"Nick","Murray","CD_T10",NA,88,0,0,NA,8,5,13,5,0,3,5,8,13,0,0,1,0,7,84.6,3,1,2,56,5,0,0,7.8,NA,NA,1,7,0,0,NA,NA,NA,3,141,0,0,0,7,87.5,1.6,11,0,2,38.5,0,0,0,3,0,2,7,6,5,0,4,0,0,0,0,0,0,0,0,"CD_I1008230",FALSE,9,"Nick","Murray","away","Adelaide Crows"
"CD_M20250140203","2025-03-22T02:20:00.000+0000","CONCLUDED","Premiership","Round 2",2,"MCG","Essendon","Essendon","Adelaide Crows","Adelaide Crows",28,"https://s.afl.com.au/staticfile/AFL Tenant/AFL/Players/ChampIDImages/AFL/2025014/296420.png?im=Scale,width=0.6,height=0.6","FPR","CD_I296420",FALSE,28,"Alex","Neal-Bullen","CD_T10",NA,84,2,0,NA,9,9,18,5,0,4,5,13,18,3,1,0,0,1,66.7,5,0,1,85,0,0,66.7,10.2,NA,NA,3,2,2,3,NA,NA,NA,7,234,1,2,3,5,55.6,1,12,0,0,27.8,0,0,0,4,1,0,20,3,0,0,0,0,0,1,0,0,0,0,0,"CD_I296420",FALSE,28,"Alex","Neal-Bullen","away","Adelaide Crows"
"CD_M20250140203","2025-03-22T02:20:00.000+0000","CONCLUDED","Premiership","Round 2",2,"MCG","Essendon","Essendon","Adelaide Crows","Adelaide Crows",43,"https://s.afl.com.au/staticfile/AFL Tenant/AFL/Players/ChampIDImages/AFL/2025014/297523.png?im=Scale,width=0.6,height=0.6","RK","CD_I297523",FALSE,43,"Reilly","O'Brien","CD_T10",NA,86,0,0,NA,4,6,10,2,0,3,4,7,11,3,0,0,32,1,60,4,0,0,74,0,1,0,6.6,NA,NA,3,0,0,0,NA,NA,NA,5,60,0,1,1,2,50,0.7,6,0,0,36.4,13,45.7,40.6,3,1,4,15,5,0,70,0,0,0,0,0,0,36,0,0,"CD_I297523",FALSE,43,"Reilly","O'Brien","away","Adelaide Crows"
"CD_M20250140203","2025-03-22T02:20:00.000+0000","CONCLUDED","Premiership","Round 2",2,"MCG","Essendon","Essendon","Adelaide Crows","Adelaide Crows",25,"https://s.afl.com.au/staticfile/AFL Tenant/AFL/Players/ChampIDImages/AFL/2025014/1006013.png?im=Scale,width=0.6,height=0.6","R","CD_I1006013",FALSE,25,"James","Peatling","CD_T10",NA,83,0,0,NA,5,8,13,2,0,3,6,8,14,2,0,0,0,0,69.2,4,1,3,41,0,2,0,5.9,NA,NA,4,0,1,0,NA,NA,NA,4,169,2,1,3,4,80,0.6,9,0,0,42.9,0,0,0,5,1,0,18,9,0,0,0,0,0,0,0,0,21,0,0,"CD_I1006013",FALSE,25,"James","Peatling","away","Adelaide Crows"
"CD_M20250140203","2025-03-22T02:20:00.000+0000","CONCLUDED","Premiership","Round 2",2,"MCG","Essendon","Essendon","Adelaide Crows","Adelaide Crows",8,"https://s.afl.com.au/staticfile/AFL Tenant/AFL/Players/ChampIDImages/AFL/2025014/1017051.png?im=Scale,width=0.6,height=0.6","INT","CD_I1017051",FALSE,8,"Josh","Rachele","CD_T10",NA,85,4,2,NA,13,3,16,8,0,1,4,11,15,0,2,1,0,3,68.8,2,0,1,96,1,0,57.1,13.8,NA,NA,2,1,1,7,NA,NA,NA,9,326,1,1,2,8,61.5,4.3,11,0,0,26.7,0,0,0,3,2,1,15,1,2,0,0,0,0,2,0,0,2,0,0,"CD_I1017051",FALSE,8,"Josh","Rachele","away","Adelaide Crows"
"CD_M20250140203","2025-03-22T02:20:00.000+0000","CONCLUDED","Premiership","Round 2",2,"MCG","Essendon","Essendon","Adelaide Crows","Adelaide Crows",23,"https://s.afl.com.au/staticfile/AFL Tenant/AFL/Players/ChampIDImages/AFL/2025014/1001195.png?im=Scale,width=0.6,height=0.6","HFFR","CD_I1001195",FALSE,23,"Izak","Rankine","CD_T10",NA,56,2,1,NA,11,4,15,5,3,1,7,8,15,5,1,0,0,3,73.3,3,0,1,70,0,1,66.7,16.1,NA,NA,1,1,0,3,NA,NA,NA,6,372,1,1,2,9,81.8,2.8,11,1,0,46.7,0,0,0,4,1,0,8,2,1,0,0,0,0,0,0,0,14,0,0,"CD_I1001195",FALSE,23,"Izak","Rankine","away","Adelaide Crows"
"CD_M20250140203","2025-03-22T02:20:00.000+0000","CONCLUDED","Premiership","Round 2",2,"MCG","Essendon","Essendon","Adelaide Crows","Adelaide Crows",38,"https://s.afl.com.au/staticfile/AFL Tenant/AFL/Players/ChampIDImages/AFL/2025014/1006136.png?im=Scale,width=0.6,height=0.6","WR","CD_I1006136",FALSE,38,"Lachlan","Sholl","CD_T10",NA,80,1,0,NA,14,5,19,9,0,0,1,18,19,3,0,0,0,0,84.2,2,0,1,82,0,1,100,8.1,NA,NA,1,3,0,1,NA,NA,NA,6,336,0,0,0,12,85.7,2.8,16,0,2,5.3,0,0,0,1,0,1,8,3,0,0,0,0,0,0,0,0,0,0,0,"CD_I1006136",FALSE,38,"Lachlan","Sholl","away","Adelaide Crows"
"CD_M20250140203","2025-03-22T02:20:00.000+0000","CONCLUDED","Premiership","Round 2",2,"MCG","Essendon","Essendon","Adelaide Crows","Adelaide Crows",14,"https://s.afl.com.au/staticfile/AFL Tenant/AFL/Players/ChampIDImages/AFL/2025014/1017109.png?im=Scale,width=0.6,height=0.6","RR","CD_I1017109",FALSE,14,"Jake","Soligo","CD_T10",NA,73,2,0,NA,15,12,27,6,2,2,11,16,27,2,0,0,0,0,81.5,6,0,2,101,0,0,100,20.2,NA,NA,5,5,0,2,NA,NA,NA,9,386,3,2,5,12,80,1.3,22,1,1,40.7,0,0,0,9,1,5,17,9,0,0,1,1,100,1,0,0,21,0,0,"CD_I1017109",FALSE,14,"Jake","Soligo","away","Adelaide Crows"
"CD_M20250140203","2025-03-22T02:20:00.000+0000","CONCLUDED","Premiership","Round 2",2,"MCG","Essendon","Essendon","Adelaide Crows","Adelaide Crows",7,"https://s.afl.com.au/staticfile/AFL Tenant/AFL/Players/ChampIDImages/AFL/2025014/1008384.png?im=Scale,width=0.6,height=0.6","CHF","CD_I1008384",FALSE,7,"Riley","Thilthorpe","CD_T10",NA,82,3,1,NA,10,6,16,7,0,2,10,7,17,6,4,3,1,2,75,3,3,1,91,0,3,75,23.3,NA,NA,3,2,1,4,NA,NA,NA,8,331,1,0,1,7,70,1.7,12,3,0,58.8,0,7.7,0,3,2,0,8,1,0,13,0,0,0,2,0,0,7,0,0,"CD_I1008384",FALSE,7,"Riley","Thilthorpe","away","Adelaide Crows"
"CD_M20250140203","2025-03-22T02:20:00.000+0000","CONCLUDED","Premiership","Round 2",2,"MCG","Essendon","Essendon","Adelaide Crows","Adelaide Crows",13,"https://s.afl.com.au/staticfile/AFL Tenant/AFL/Players/ChampIDImages/AFL/2025014/280506.png?im=Scale,width=0.6,height=0.6","FF","CD_I280506",FALSE,13,"Taylor","Walker","CD_T10",NA,76,1,1,NA,10,3,13,10,0,2,5,8,13,6,2,2,1,0,76.9,1,0,0,82,0,3,50,16.2,NA,NA,2,1,2,2,NA,NA,NA,10,407,0,0,0,8,80,3.3,10,3,0,38.5,1,20,100,3,3,2,5,0,0,5,0,0,0,3,2,66.7,0,0,0,"CD_I280506",FALSE,13,"Taylor","Walker","away","Adelaide Crows"
"CD_M20250140203","2025-03-22T02:20:00.000+0000","CONCLUDED","Premiership","Round 2",2,"MCG","Essendon","Essendon","Adelaide Crows","Adelaide Crows",24,"https://s.afl.com.au/staticfile/AFL Tenant/AFL/Players/ChampIDImages/AFL/2025014/1011981.png?im=Scale,width=0.6,height=0.6","BPL","CD_I1011981",FALSE,24,"Josh","Worrell","CD_T10",NA,87,0,0,NA,11,7,18,8,0,3,6,11,17,0,0,1,0,0,77.8,5,1,0,84,2,0,0,3.9,NA,NA,3,8,0,0,NA,NA,NA,3,168,0,0,0,11,100,1.6,14,0,3,35.3,0,0,0,4,0,3,9,6,0,0,1,0,0,0,0,0,0,1,1,"CD_I1011981",FALSE,24,"Josh","Worrell","away","Adelaide Crows"
"CD_M20250140204","2025-03-22T05:15:00.000+0000","CONCLUDED","Premiership","Round 2",2,"Adelaide Oval","Port Adelaide","Port Adelaide","Richmond","Richmond",21,"https://s.afl.com.au/staticfile/AFL Tenant/AFL/Players/ChampIDImages/AFL/2025014/294469.png?im=Scale,width=0.6,height=0.6","FB","CD_I294469",FALSE,21,"Aliir","Aliir","CD_T110",NA,100,0,0,NA,12,4,16,9,0,0,5,10,15,0,0,2,0,5,75,0,0,0,71,4,0,0,11.7,NA,NA,2,5,0,0,NA,NA,NA,1,201,0,0,0,10,83.3,3,12,0,2,33.3,0,0,0,3,0,1,5,4,4,0,1,0,0,0,0,0,0,0,0,"CD_I294469",FALSE,21,"Aliir","Aliir","home","Port Adelaide"
"CD_M20250140204","2025-03-22T05:15:00.000+0000","CONCLUDED","Premiership","Round 2",2,"Adelaide Oval","Port Adelaide","Port Adelaide","Richmond","Richmond",14,"https://s.afl.com.au/staticfile/AFL Tenant/AFL/Players/ChampIDImages/AFL/2025014/1009191.png?im=Scale,width=0.6,height=0.6","BPL","CD_I1009191",FALSE,14,"Miles","Bergman","CD_T110",NA,88,0,0,NA,13,8,21,9,3,1,3,16,19,1,0,1,0,2,76.2,4,0,0,86,7,0,0,8.4,NA,NA,6,3,0,0,NA,NA,NA,4,493,0,0,0,9,69.2,1.6,16,0,1,15.8,0,0,0,2,0,0,6,2,2,0,3,1,33.3,0,0,0,0,1,1,"CD_I1009191",FALSE,14,"Miles","Bergman","home","Port Adelaide"
"CD_M20250140204","2025-03-22T05:15:00.000+0000","CONCLUDED","Premiership","Round 2",2,"Adelaide Oval","Port Adelaide","Port Adelaide","Richmond","Richmond",5,"https://s.afl.com.au/staticfile/AFL Tenant/AFL/Players/ChampIDImages/AFL/2025014/1028529.png?im=Scale,width=0.6,height=0.6","HFFL","CD_I1028529",FALSE,5,"Joe","Berry","CD_T110",NA,77,1,1,NA,4,6,10,2,0,3,0,9,9,1,1,0,0,1,80,1,0,0,49,0,1,50,3.3,NA,NA,0,0,1,2,NA,NA,NA,5,86,0,0,0,3,75,0.7,8,1,0,0,0,0,0,0,0,0,14,4,1,0,0,0,0,0,0,0,0,0,0,"CD_I1028529",FALSE,5,"Joe","Berry","home","Port Adelaide"
"CD_M20250140204","2025-03-22T05:15:00.000+0000","CONCLUDED","Premiership","Round 2",2,"Adelaide Oval","Port Adelaide","Port Adelaide","Richmond","Richmond",10,"https://s.afl.com.au/staticfile/AFL Tenant/AFL/Players/ChampIDImages/AFL/2025014/250365.png?im=Scale,width=0.6,height=0.6","WR","CD_I250365",FALSE,10,"Travis","Boak","CD_T110",NA,80,0,1,NA,9,19,28,6,2,0,6,22,28,3,1,0,0,1,78.6,4,0,1,81,0,1,0,7.5,NA,NA,5,2,0,1,NA,NA,NA,7,243,0,3,3,6,66.7,0.5,22,0,0,21.4,0,0,0,1,1,0,10,5,0,0,0,0,0,0,0,0,4,0,0,"CD_I250365",FALSE,10,"Travis","Boak","home","Port Adelaide"
"CD_M20250140204","2025-03-22T05:15:00.000+0000","CONCLUDED","Premiership","Round 2",2,"Adelaide Oval","Port Adelaide","Port Adelaide","Richmond","Richmond",7,"https://s.afl.com.au/staticfile/AFL Tenant/AFL/Players/ChampIDImages/AFL/2025014/1013462.png?im=Scale,width=0.6,height=0.6","WL","CD_I1013462",FALSE,7,"Jase","Burgoyne","CD_T110",NA,100,2,0,NA,16,16,32,8,0,2,6,24,30,2,0,0,0,1,84.4,1,1,1,122,1,0,100,20.3,NA,NA,2,7,0,2,NA,NA,NA,11,378,0,1,1,14,87.5,1,27,0,2,20,0,0,0,6,1,4,8,6,1,0,1,0,0,0,0,0,0,0,0,"CD_I1013462",FALSE,7,"Jase","Burgoyne","home","Port Adelaide"
"CD_M20250140204","2025-03-22T05:15:00.000+0000","CONCLUDED","Premiership","Round 2",2,"Adelaide Oval","Port Adelaide","Port Adelaide","Richmond","Richmond",3,"https://s.afl.com.au/staticfile/AFL Tenant/AFL/Players/ChampIDImages/AFL/2025014/992128.png?im=Scale,width=0.6,height=0.6","HBFL","CD_I992128",FALSE,3,"Ryan","Burton","CD_T110",NA,76,0,1,NA,9,8,17,7,0,1,3,15,18,1,0,0,0,1,88.2,1,1,1,67,3,0,0,6.3,NA,NA,0,3,0,1,NA,NA,NA,8,225,0,0,0,8,88.9,1.1,15,0,1,16.7,0,0,0,2,0,2,1,1,1,0,0,0,0,1,0,0,0,1,1,"CD_I992128",FALSE,3,"Ryan","Burton","home","Port Adelaide"
"CD_M20250140204","2025-03-22T05:15:00.000+0000","CONCLUDED","Premiership","Round 2",2,"Adelaide Oval","Port Adelaide","Port Adelaide","Richmond","Richmond",33,"https://s.afl.com.au/staticfile/AFL Tenant/AFL/Players/ChampIDImages/AFL/2025014/991930.png?im=Scale,width=0.6,height=0.6","INT","CD_I991930",FALSE,33,"Darcy","Byrne-Jones","CD_T110",NA,82,1,1,NA,14,4,18,4,0,2,6,13,19,6,2,0,0,2,88.9,1,1,0,78,2,2,50,21.3,NA,NA,0,3,1,2,NA,NA,NA,12,353,0,1,1,12,85.7,3.5,16,2,1,31.6,0,0,0,3,2,2,11,3,0,0,0,0,0,0,0,0,0,0,0,"CD_I991930",FALSE,33,"Darcy","Byrne-Jones","home","Port Adelaide"
"CD_M20250140204","2025-03-22T05:15:00.000+0000","CONCLUDED","Premiership","Round 2",2,"Adelaide Oval","Port Adelaide","Port Adelaide","Richmond","Richmond",28,"https://s.afl.com.au/staticfile/AFL Tenant/AFL/Players/ChampIDImages/AFL/2025014/1000972.png?im=Scale,width=0.6,height=0.6","INT","CD_I1000972",FALSE,28,"Willem","Drew","CD_T110",NA,73,0,1,NA,5,17,22,3,0,12,11,11,22,2,0,0,0,0,86.4,0,1,0,108,2,2,0,17.1,NA,NA,0,2,3,1,NA,NA,NA,7,130,2,5,7,3,60,0.3,19,0,0,50,0,0,0,8,1,3,30,15,0,0,0,0,0,0,0,0,28,0,0,"CD_I1000972",FALSE,28,"Willem","Drew","home","Port Adelaide"
"CD_M20250140204","2025-03-22T05:15:00.000+0000","CONCLUDED","Premiership","Round 2",2,"Adelaide Oval","Port Adelaide","Port Adelaide","Richmond","Richmond",22,"https://s.afl.com.au/staticfile/AFL Tenant/AFL/Players/ChampIDImages/AFL/2025014/1019938.png?im=Scale,width=0.6,height=0.6","INT","CD_I1019938",FALSE,22,"Logan","Evans","CD_T110",NA,77,1,0,NA,19,5,24,11,2,0,5,17,22,0,0,0,0,1,87.5,3,2,0,108,1,0,100,13.6,NA,NA,2,6,0,1,NA,NA,NA,3,363,0,0,0,16,84.2,3.8,21,0,1,22.7,0,0,0,5,0,1,6,5,1,0,0,0,0,0,0,0,0,4,2,"CD_I1019938",FALSE,22,"Logan","Evans","home","Port Adelaide"
"CD_M20250140204","2025-03-22T05:15:00.000+0000","CONCLUDED","Premiership","Round 2",2,"Adelaide Oval","Port Adelaide","Port Adelaide","Richmond","Richmond",6,"https://s.afl.com.au/staticfile/AFL Tenant/AFL/Players/ChampIDImages/AFL/2025014/1002253.png?im=Scale,width=0.6,height=0.6","HBFR","CD_I1002253",FALSE,6,"Kane","Farrell","CD_T110",NA,88,1,1,NA,17,14,31,8,1,1,4,22,26,2,0,0,0,2,80.6,3,0,0,114,4,0,50,14.6,NA,NA,4,4,0,2,NA,NA,NA,7,398,0,1,1,14,82.4,1.2,25,0,1,15.4,0,0,0,4,0,1,6,6,1,0,0,0,0,0,0,0,0,6,5,"CD_I1002253",FALSE,6,"Kane","Farrell","home","Port Adelaide"
"CD_M20250140204","2025-03-22T05:15:00.000+0000","CONCLUDED","Premiership","Round 2",2,"Adelaide Oval","Port Adelaide","Port Adelaide","Richmond","Richmond",19,"https://s.afl.com.au/staticfile/AFL Tenant/AFL/Players/ChampIDImages/AFL/2025014/1010174.png?im=Scale,width=0.6,height=0.6","FF","CD_I1010174",FALSE,19,"Mitch","Georgiades","CD_T110",NA,88,4,2,NA,10,7,17,8,1,2,2,13,15,1,3,0,0,0,76.5,1,1,0,103,0,0,66.7,19.7,NA,NA,1,0,1,6,NA,NA,NA,11,264,0,0,0,7,70,1.4,13,3,0,13.3,0,0,0,1,0,0,7,3,0,0,0,0,0,1,0,0,0,0,0,"CD_I1010174",FALSE,19,"Mitch","Georgiades","home","Port Adelaide"
"CD_M20250140204","2025-03-22T05:15:00.000+0000","CONCLUDED","Premiership","Round 2",2,"Adelaide Oval","Port Adelaide","Port Adelaide","Richmond","Richmond",18,"https://s.afl.com.au/staticfile/AFL Tenant/AFL/Players/ChampIDImages/AFL/2025014/1011640.png?im=Scale,width=0.6,height=0.6","HFFR","CD_I1011640",FALSE,18,"Jason","Horne-Francis","CD_T110",NA,83,1,1,NA,9,8,17,5,0,3,4,13,17,3,2,0,0,1,76.5,7,0,5,62,0,4,50,4.3,NA,NA,2,2,1,2,NA,NA,NA,11,247,2,1,3,6,66.7,1.1,13,1,1,23.5,0,0,0,4,0,3,10,4,1,0,0,0,0,0,0,0,14,0,0,"CD_I1011640",FALSE,18,"Jason","Horne-Francis","home","Port Adelaide"
"CD_M20250140204","2025-03-22T05:15:00.000+0000","CONCLUDED","Premiership","Round 2",2,"Adelaide Oval","Port Adelaide","Port Adelaide","Richmond","Richmond",34,"https://s.afl.com.au/staticfile/AFL Tenant/AFL/Players/ChampIDImages/AFL/2025014/1011583.png?im=Scale,width=0.6,height=0.6","BPR","CD_I1011583",FALSE,34,"Lachie","Jones","CD_T110",NA,72,0,0,NA,6,9,15,4,0,3,9,5,14,2,0,3,0,3,86.7,2,1,2,55,2,1,0,18.5,NA,NA,1,8,0,0,NA,NA,NA,6,290,0,2,2,6,100,0.7,13,0,3,64.3,0,0,0,4,0,2,6,4,3,0,4,0,0,0,0,0,0,0,0,"CD_I1011583",FALSE,34,"Lachie","Jones","home","Port Adelaide"
"CD_M20250140204","2025-03-22T05:15:00.000+0000","CONCLUDED","Premiership","Round 2",2,"Adelaide Oval","Port Adelaide","Port Adelaide","Richmond","Richmond",12,"https://s.afl.com.au/staticfile/AFL Tenant/AFL/Players/ChampIDImages/AFL/2025014/1004095.png?im=Scale,width=0.6,height=0.6","FPR","CD_I1004095",FALSE,12,"Jack","Lukosius","CD_T110",NA,3,0,0,NA,0,0,0,0,0,0,0,0,0,0,0,0,0,0,0,0,0,0,0,0,0,0,0,NA,NA,0,0,0,0,NA,NA,NA,0,0,0,0,0,0,0,0,0,0,0,0,0,0,0,0,0,0,0,0,0,0,0,0,0,0,0,0,0,0,0,"CD_I1004095",FALSE,12,"Jack","Lukosius","home","Port Adelaide"
"CD_M20250140204","2025-03-22T05:15:00.000+0000","CONCLUDED","Premiership","Round 2",2,"Adelaide Oval","Port Adelaide","Port Adelaide","Richmond","Richmond",44,"https://s.afl.com.au/staticfile/AFL Tenant/AFL/Players/ChampIDImages/AFL/2025014/1005326.png?im=Scale,width=0.6,height=0.6","INT","CD_I1005326",FALSE,44,"Jackson","Mead","CD_T110",NA,78,0,0,NA,8,22,30,6,0,3,7,23,30,4,0,0,0,0,86.7,1,0,0,98,2,1,0,13.8,NA,NA,2,3,0,0,NA,NA,NA,8,332,1,2,3,5,62.5,0.4,26,0,0,23.3,0,0,0,5,0,1,17,10,0,0,0,0,0,0,0,0,10,0,0,"CD_I1005326",FALSE,44,"Jackson","Mead","home","Port Adelaide"
"CD_M20250140204","2025-03-22T05:15:00.000+0000","CONCLUDED","Premiership","Round 2",2,"Adelaide Oval","Port Adelaide","Port Adelaide","Richmond","Richmond",31,"https://s.afl.com.au/staticfile/AFL Tenant/AFL/Players/ChampIDImages/AFL/2025014/1028563.png?im=Scale,width=0.6,height=0.6","SUB","CD_I1028563",FALSE,31,"Christian","Moraes","CD_T110",NA,65,0,0,NA,8,9,17,6,0,0,3,13,16,4,0,0,0,1,94.1,0,0,0,60,1,1,0,8.6,NA,NA,0,1,0,0,NA,NA,NA,5,202,0,0,0,7,87.5,0.9,16,1,0,18.8,0,0,0,2,1,0,11,5,0,0,0,0,0,0,0,0,0,0,0,"CD_I1028563",FALSE,31,"Christian","Moraes","home","Port Adelaide"
"CD_M20250140204","2025-03-22T05:15:00.000+0000","CONCLUDED","Premiership","Round 2",2,"Adelaide Oval","Port Adelaide","Port Adelaide","Richmond","Richmond",2,"https://s.afl.com.au/staticfile/AFL Tenant/AFL/Players/ChampIDImages/AFL/2025014/993979.png?im=Scale,width=0.6,height=0.6","FPL","CD_I993979",FALSE,2,"Sam","Powell-Pepper","CD_T110",NA,79,3,2,NA,10,6,16,9,1,1,3,13,16,4,6,0,0,0,81.3,3,0,1,90,0,3,60,13.8,NA,NA,2,1,1,5,NA,NA,NA,10,354,0,0,0,7,70,1.7,13,2,0,18.8,0,0,0,3,2,0,8,2,0,0,0,0,0,0,0,0,0,0,0,"CD_I993979",FALSE,2,"Sam","Powell-Pepper","home","Port Adelaide"
"CD_M20250140204","2025-03-22T05:15:00.000+0000","CONCLUDED","Premiership","Round 2",2,"Adelaide Oval","Port Adelaide","Port Adelaide","Richmond","Richmond",35,"https://s.afl.com.au/staticfile/AFL Tenant/AFL/Players/ChampIDImages/AFL/2025014/1008239.png?im=Scale,width=0.6,height=0.6","CHF","CD_I1008239",FALSE,35,"Joe","Richards","CD_T110",NA,81,1,1,NA,7,18,25,5,0,2,5,21,26,3,0,0,0,0,80,2,1,1,85,1,1,50,11.7,NA,NA,3,2,1,2,NA,NA,NA,12,292,0,0,0,4,57.1,0.4,20,0,0,19.2,0,0,0,4,4,2,12,6,0,0,0,0,0,0,0,0,0,0,0,"CD_I1008239",FALSE,35,"Joe","Richards","home","Port Adelaide"
"CD_M20250140204","2025-03-22T05:15:00.000+0000","CONCLUDED","Premiership","Round 2",2,"Adelaide Oval","Port Adelaide","Port Adelaide","Richmond","Richmond",15,"https://s.afl.com.au/staticfile/AFL Tenant/AFL/Players/ChampIDImages/AFL/2025014/296225.png?im=Scale,width=0.6,height=0.6","R","CD_I296225",FALSE,15,"Willie","Rioli","CD_T110",NA,92,3,0,NA,10,7,17,5,0,3,5,12,17,2,2,0,0,1,88.2,1,0,0,89,0,1,100,19.5,NA,NA,1,2,0,3,NA,NA,NA,9,233,2,1,3,9,90,1.4,15,0,1,29.4,0,0,0,5,1,2,13,3,0,0,0,0,0,0,0,0,8,0,0,"CD_I296225",FALSE,15,"Willie","Rioli","home","Port Adelaide"
"CD_M20250140204","2025-03-22T05:15:00.000+0000","CONCLUDED","Premiership","Round 2",2,"Adelaide Oval","Port Adelaide","Port Adelaide","Richmond","Richmond",1,"https://s.afl.com.au/staticfile/AFL Tenant/AFL/Players/ChampIDImages/AFL/2025014/1001299.png?im=Scale,width=0.6,height=0.6","C","CD_I1001299",FALSE,1,"Connor","Rozee","CD_T110",NA,81,2,0,NA,23,16,39,7,1,5,10,31,41,6,2,0,0,0,76.9,6,0,3,145,1,0,100,18.4,NA,NA,5,0,0,2,NA,NA,NA,12,559,1,6,7,16,69.6,1.4,30,0,0,24.4,0,0,0,8,0,3,23,13,0,0,0,0,0,0,0,0,22,0,0,"CD_I1001299",FALSE,1,"Connor","Rozee","home","Port Adelaide"
"CD_M20250140204","2025-03-22T05:15:00.000+0000","CONCLUDED","Premiership","Round 2",2,"Adelaide Oval","Port Adelaide","Port Adelaide","Richmond","Richmond",8,"https://s.afl.com.au/staticfile/AFL Tenant/AFL/Players/ChampIDImages/AFL/2025014/1017078.png?im=Scale,width=0.6,height=0.6","CHB","CD_I1017078",FALSE,8,"Josh","Sinn","CD_T110",NA,75,0,0,NA,19,3,22,8,1,1,2,19,21,3,0,0,0,3,77.3,3,2,1,90,6,0,0,11.1,NA,NA,4,1,0,0,NA,NA,NA,5,559,0,0,0,14,73.7,6.3,17,0,0,9.5,0,0,0,1,0,1,5,2,2,0,0,0,0,0,0,0,0,2,2,"CD_I1017078",FALSE,8,"Josh","Sinn","home","Port Adelaide"
"CD_M20250140204","2025-03-22T05:15:00.000+0000","CONCLUDED","Premiership","Round 2",2,"Adelaide Oval","Port Adelaide","Port Adelaide","Richmond","Richmond",24,"https://s.afl.com.au/staticfile/AFL Tenant/AFL/Players/ChampIDImages/AFL/2025014/992330.png?im=Scale,width=0.6,height=0.6","RK","CD_I992330",FALSE,24,"Jordon","Sweet","CD_T110",NA,85,0,0,NA,3,8,11,2,0,3,3,10,13,2,0,0,38,5,72.7,2,0,2,75,0,0,0,10.7,NA,NA,2,1,0,0,NA,NA,NA,7,79,0,0,0,1,33.3,0.4,8,1,0,23.1,14,45.8,36.8,3,0,4,12,5,3,83,0,0,0,0,0,0,28,0,0,"CD_I992330",FALSE,24,"Jordon","Sweet","home","Port Adelaide"
"CD_M20250140204","2025-03-22T05:15:00.000+0000","CONCLUDED","Premiership","Round 2",2,"Adelaide Oval","Port Adelaide","Port Adelaide","Richmond","Richmond",16,"https://s.afl.com.au/staticfile/AFL Tenant/AFL/Players/ChampIDImages/AFL/2025014/294318.png?im=Scale,width=0.6,height=0.6","RR","CD_I294318",FALSE,16,"Ollie","Wines","CD_T110",NA,75,1,0,NA,8,25,33,1,0,4,12,21,33,4,0,0,2,0,72.7,5,3,2,98,2,2,100,10.8,NA,NA,3,1,0,1,NA,NA,NA,10,357,2,3,5,5,62.5,0.3,24,0,0,36.4,0,20,0,7,0,3,16,11,0,10,0,0,0,0,0,0,22,0,0,"CD_I294318",FALSE,16,"Ollie","Wines","home","Port Adelaide"
"CD_M20250140204","2025-03-22T05:15:00.000+0000","CONCLUDED","Premiership","Round 2",2,"Adelaide Oval","Port Adelaide","Port Adelaide","Richmond","Richmond",34,"https://s.afl.com.au/staticfile/AFL Tenant/AFL/Players/ChampIDImages/AFL/2025014/1028525.png?im=Scale,width=0.6,height=0.6","FF","CD_I1028525",FALSE,34,"Harry","Armstrong","CD_T120",NA,76,2,2,NA,7,5,12,5,0,0,4,8,12,2,3,1,0,2,50,2,0,0,60,0,0,50,6.3,NA,NA,2,2,0,4,NA,NA,NA,6,190,0,0,0,3,42.9,1.4,6,1,0,33.3,0,0,0,3,0,1,9,4,2,1,0,0,0,2,1,50,0,0,0,"CD_I1028525",FALSE,34,"Harry","Armstrong","away","Richmond"
"CD_M20250140204","2025-03-22T05:15:00.000+0000","CONCLUDED","Premiership","Round 2",2,"Adelaide Oval","Port Adelaide","Port Adelaide","Richmond","Richmond",41,"https://s.afl.com.au/staticfile/AFL Tenant/AFL/Players/ChampIDImages/AFL/2025014/1013197.png?im=Scale,width=0.6,height=0.6","WL","CD_I1013197",FALSE,41,"Sam","Banks","CD_T120",NA,28,0,0,NA,3,5,8,0,0,2,4,5,9,0,0,0,0,0,50,2,1,1,25,1,0,0,-0.3,NA,NA,1,2,0,0,NA,NA,NA,0,77,0,1,1,1,33.3,0.6,4,0,0,44.4,0,0,0,3,0,0,4,3,0,0,0,0,0,0,0,0,0,0,0,"CD_I1013197",FALSE,41,"Sam","Banks","away","Richmond"
"CD_M20250140204","2025-03-22T05:15:00.000+0000","CONCLUDED","Premiership","Round 2",2,"Adelaide Oval","Port Adelaide","Port Adelaide","Richmond","Richmond",43,"https://s.afl.com.au/staticfile/AFL Tenant/AFL/Players/ChampIDImages/AFL/2025014/1021152.png?im=Scale,width=0.6,height=0.6","FPL","CD_I1021152",FALSE,43,"Jacob","Bauer","CD_T120",NA,90,1,0,NA,5,3,8,3,0,0,3,5,8,1,2,0,1,1,75,3,1,1,35,0,0,33.3,4.7,NA,NA,3,1,0,3,NA,NA,NA,2,147,0,0,0,3,60,1.7,6,1,0,37.5,0,25,0,2,0,0,10,3,1,4,0,0,0,3,0,0,2,0,0,"CD_I1021152",FALSE,43,"Jacob","Bauer","away","Richmond"
"CD_M20250140204","2025-03-22T05:15:00.000+0000","CONCLUDED","Premiership","Round 2",2,"Adelaide Oval","Port Adelaide","Port Adelaide","Richmond","Richmond",46,"https://s.afl.com.au/staticfile/AFL Tenant/AFL/Players/ChampIDImages/AFL/2025014/1013229.png?im=Scale,width=0.6,height=0.6","BPR","CD_I1013229",FALSE,46,"Jacob","Blight","CD_T120",NA,77,1,1,NA,7,5,12,5,0,2,6,6,12,0,2,2,2,5,66.7,1,2,0,65,1,0,33.3,12.2,NA,NA,2,1,1,3,NA,NA,NA,3,163,2,2,4,4,57.1,1.4,8,1,1,50,0,18.2,0,0,0,1,10,4,5,11,0,0,0,1,0,0,5,0,0,"CD_I1013229",FALSE,46,"Jacob","Blight","away","Richmond"
"CD_M20250140204","2025-03-22T05:15:00.000+0000","CONCLUDED","Premiership","Round 2",2,"Adelaide Oval","Port Adelaide","Port Adelaide","Richmond","Richmond",35,"https://s.afl.com.au/staticfile/AFL Tenant/AFL/Players/ChampIDImages/AFL/2025014/295203.png?im=Scale,width=0.6,height=0.6","FB","CD_I295203",FALSE,35,"Nathan","Broad","CD_T120",NA,87,0,0,NA,8,0,8,6,0,1,1,7,8,0,0,1,0,0,75,2,0,0,46,3,0,0,2,NA,NA,2,4,0,0,NA,NA,NA,0,145,0,0,0,6,75,8,6,0,4,12.5,0,0,0,0,0,0,7,6,0,0,0,0,0,0,0,0,0,0,0,"CD_I295203",FALSE,35,"Nathan","Broad","away","Richmond"
"CD_M20250140204","2025-03-22T05:15:00.000+0000","CONCLUDED","Premiership","Round 2",2,"Adelaide Oval","Port Adelaide","Port Adelaide","Richmond","Richmond",30,"https://s.afl.com.au/staticfile/AFL Tenant/AFL/Players/ChampIDImages/AFL/2025014/1017086.png?im=Scale,width=0.6,height=0.6","INT","CD_I1017086",FALSE,30,"Tom","Brown","CD_T120",NA,84,0,0,NA,10,4,14,5,0,0,4,10,14,4,0,0,0,3,71.4,0,0,0,53,3,1,0,11.3,NA,NA,2,5,0,0,NA,NA,NA,5,405,0,1,1,8,80,2.5,10,0,2,28.6,0,0,0,3,0,3,15,10,2,0,0,0,0,0,0,0,0,2,1,"CD_I1017086",FALSE,30,"Tom","Brown","away","Richmond"
"CD_M20250140204","2025-03-22T05:15:00.000+0000","CONCLUDED","Premiership","Round 2",2,"Adelaide Oval","Port Adelaide","Port Adelaide","Richmond","Richmond",44,"https://s.afl.com.au/staticfile/AFL Tenant/AFL/Players/ChampIDImages/AFL/2025014/1023275.png?im=Scale,width=0.6,height=0.6","CHF","CD_I1023275",FALSE,44,"Seth","Campbell","CD_T120",NA,89,2,3,NA,8,5,13,1,2,2,7,6,13,3,0,0,0,2,61.5,3,1,1,58,0,0,40,14,NA,NA,4,1,0,5,NA,NA,NA,7,348,0,0,0,4,50,1.6,8,0,0,53.8,0,0,0,6,5,0,21,6,2,0,0,0,0,0,0,0,0,0,0,"CD_I1023275",FALSE,44,"Seth","Campbell","away","Richmond"
"CD_M20250140204","2025-03-22T05:15:00.000+0000","CONCLUDED","Premiership","Round 2",2,"Adelaide Oval","Port Adelaide","Port Adelaide","Richmond","Richmond",27,"https://s.afl.com.au/staticfile/AFL Tenant/AFL/Players/ChampIDImages/AFL/2025014/1009226.png?im=Scale,width=0.6,height=0.6","INT","CD_I1009226",FALSE,27,"Thomson","Dow","CD_T120",NA,79,0,0,NA,6,9,15,4,0,2,8,7,15,3,0,0,0,0,86.7,0,3,0,59,1,1,0,10.5,NA,NA,1,3,0,0,NA,NA,NA,2,195,2,1,3,5,83.3,0.7,13,0,0,53.3,0,0,0,5,1,2,25,13,0,0,0,0,0,0,0,0,17,0,0,"CD_I1009226",FALSE,27,"Thomson","Dow","away","Richmond"
"CD_M20250140204","2025-03-22T05:15:00.000+0000","CONCLUDED","Premiership","Round 2",2,"Adelaide Oval","Port Adelaide","Port Adelaide","Richmond","Richmond",37,"https://s.afl.com.au/staticfile/AFL Tenant/AFL/Players/ChampIDImages/AFL/2025014/1022383.png?im=Scale,width=0.6,height=0.6","INT","CD_I1022383",FALSE,37,"Liam","Fawcett","CD_T120",NA,70,1,0,NA,3,2,5,2,0,0,1,4,5,3,0,0,0,2,80,1,0,1,22,0,1,100,10.8,NA,NA,0,1,0,1,NA,NA,NA,4,158,0,0,0,2,66.7,1.5,4,1,0,20,0,0,0,1,0,1,8,0,1,1,0,0,0,2,0,0,1,0,0,"CD_I1022383",FALSE,37,"Liam","Fawcett","away","Richmond"
"CD_M20250140204","2025-03-22T05:15:00.000+0000","CONCLUDED","Premiership","Round 2",2,"Adelaide Oval","Port Adelaide","Port Adelaide","Richmond","Richmond",48,"https://s.afl.com.au/staticfile/AFL Tenant/AFL/Players/ChampIDImages/AFL/2025014/1023056.png?im=Scale,width=0.6,height=0.6","HFFR","CD_I1023056",FALSE,48,"Steely","Green","CD_T120",NA,82,0,0,NA,7,6,13,2,0,0,5,9,14,3,0,0,0,1,61.5,2,0,1,36,0,0,0,7.5,NA,NA,1,3,0,0,NA,NA,NA,6,253,0,0,0,5,71.4,1.2,8,0,0,35.7,0,0,0,5,1,2,14,4,1,0,0,0,0,1,0,0,0,0,0,"CD_I1023056",FALSE,48,"Steely","Green","away","Richmond"
"CD_M20250140204","2025-03-22T05:15:00.000+0000","CONCLUDED","Premiership","Round 2",2,"Adelaide Oval","Port Adelaide","Port Adelaide","Richmond","Richmond",2,"https://s.afl.com.au/staticfile/AFL Tenant/AFL/Players/ChampIDImages/AFL/2025014/993903.png?im=Scale,width=0.6,height=0.6","R","CD_I993903",FALSE,2,"Jacob","Hopper","CD_T120",NA,77,0,0,NA,9,15,24,0,1,0,13,11,24,4,0,0,0,1,62.5,6,0,1,54,0,0,0,12.6,NA,NA,2,1,0,0,NA,NA,NA,4,328,6,0,6,4,44.4,0.6,15,0,0,54.2,0,0,0,9,1,3,19,9,0,0,0,0,0,0,0,0,26,0,0,"CD_I993903",FALSE,2,"Jacob","Hopper","away","Richmond"
"CD_M20250140204","2025-03-22T05:15:00.000+0000","CONCLUDED","Premiership","Round 2",2,"Adelaide Oval","Port Adelaide","Port Adelaide","Richmond","Richmond",22,"https://s.afl.com.au/staticfile/AFL Tenant/AFL/Players/ChampIDImages/AFL/2025014/1028491.png?im=Scale,width=0.6,height=0.6","FPR","CD_I1028491",FALSE,22,"Sam","Lalor","CD_T120",NA,81,1,0,NA,7,3,10,4,0,4,3,7,10,1,0,0,0,1,50,3,1,0,62,1,0,50,7.6,NA,NA,3,1,0,2,NA,NA,NA,2,196,0,1,1,3,42.9,2.3,5,1,1,30,0,0,0,2,0,1,19,7,1,0,0,0,0,0,0,0,16,0,0,"CD_I1028491",FALSE,22,"Sam","Lalor","away","Richmond"
"CD_M20250140204","2025-03-22T05:15:00.000+0000","CONCLUDED","Premiership","Round 2",2,"Adelaide Oval","Port Adelaide","Port Adelaide","Richmond","Richmond",7,"https://s.afl.com.au/staticfile/AFL Tenant/AFL/Players/ChampIDImages/AFL/2025014/1008478.png?im=Scale,width=0.6,height=0.6","HFFL","CD_I1008478",FALSE,7,"Rhyan","Mansell","CD_T120",NA,67,0,3,NA,14,2,16,3,0,6,9,7,16,3,1,0,0,0,62.5,3,4,0,86,0,1,0,10.7,NA,NA,5,2,2,3,NA,NA,NA,6,503,0,2,2,9,64.3,7,10,2,0,56.3,0,0,0,6,3,1,21,8,0,0,0,0,0,0,0,0,0,0,0,"CD_I1008478",FALSE,7,"Rhyan","Mansell","away","Richmond"
"CD_M20250140204","2025-03-22T05:15:00.000+0000","CONCLUDED","Premiership","Round 2",2,"Adelaide Oval","Port Adelaide","Port Adelaide","Richmond","Richmond",33,"https://s.afl.com.au/staticfile/AFL Tenant/AFL/Players/ChampIDImages/AFL/2025014/294592.png?im=Scale,width=0.6,height=0.6","C","CD_I294592",FALSE,33,"Kamdyn","McIntosh","CD_T120",NA,85,1,0,NA,10,8,18,5,0,6,5,13,18,2,0,1,0,2,66.7,4,0,1,88,0,0,100,10.8,NA,NA,3,2,1,1,NA,NA,NA,2,202,1,0,1,8,80,1.3,12,0,1,27.8,0,0,0,4,1,0,17,6,1,0,0,0,0,0,0,0,6,0,0,"CD_I294592",FALSE,33,"Kamdyn","McIntosh","away","Richmond"
"CD_M20250140204","2025-03-22T05:15:00.000+0000","CONCLUDED","Premiership","Round 2",2,"Adelaide Oval","Port Adelaide","Port Adelaide","Richmond","Richmond",12,"https://s.afl.com.au/staticfile/AFL Tenant/AFL/Players/ChampIDImages/AFL/2025014/1002403.png?im=Scale,width=0.6,height=0.6","BPL","CD_I1002403",FALSE,12,"Ben","Miller","CD_T120",NA,92,0,0,NA,13,6,19,6,0,0,4,9,13,0,0,0,0,9,89.5,1,0,0,69,11,0,0,10.7,NA,NA,4,5,0,0,NA,NA,NA,1,482,0,0,0,11,84.6,2.2,17,0,1,30.8,0,0,0,3,0,1,8,8,8,0,2,0,0,0,0,0,0,8,7,"CD_I1002403",FALSE,12,"Ben","Miller","away","Richmond"
"CD_M20250140204","2025-03-22T05:15:00.000+0000","CONCLUDED","Premiership","Round 2",2,"Adelaide Oval","Port Adelaide","Port Adelaide","Richmond","Richmond",25,"https://s.afl.com.au/staticfile/AFL Tenant/AFL/Players/ChampIDImages/AFL/2025014/298174.png?im=Scale,width=0.6,height=0.6","RK","CD_I298174",FALSE,25,"Toby","Nankervis","CD_T120",NA,83,0,0,NA,5,8,13,0,0,0,9,3,12,5,0,0,39,1,76.9,2,2,1,69,1,0,0,14.7,NA,NA,4,3,0,0,NA,NA,NA,2,94,4,4,8,3,60,0.6,10,0,0,75,9,51.3,23.1,5,0,1,19,7,0,76,0,0,0,0,0,0,26,0,0,"CD_I298174",FALSE,25,"Toby","Nankervis","away","Richmond"
"CD_M20250140204","2025-03-22T05:15:00.000+0000","CONCLUDED","Premiership","Round 2",2,"Adelaide Oval","Port Adelaide","Port Adelaide","Richmond","Richmond",5,"https://s.afl.com.au/staticfile/AFL Tenant/AFL/Players/ChampIDImages/AFL/2025014/1006133.png?im=Scale,width=0.6,height=0.6","INT","CD_I1006133",FALSE,5,"Jack","Ross","CD_T120",NA,83,0,0,NA,5,6,11,3,0,2,8,5,13,2,0,0,0,3,54.5,4,0,2,38,1,1,0,4.8,NA,NA,3,2,0,0,NA,NA,NA,4,79,0,2,2,2,40,0.8,6,0,0,61.5,0,0,0,5,1,1,24,10,0,0,0,0,0,0,0,0,9,0,0,"CD_I1006133",FALSE,5,"Jack","Ross","away","Richmond"
"CD_M20250140204","2025-03-22T05:15:00.000+0000","CONCLUDED","Premiership","Round 2",2,"Adelaide Oval","Port Adelaide","Port Adelaide","Richmond","Richmond",15,"https://s.afl.com.au/staticfile/AFL Tenant/AFL/Players/ChampIDImages/AFL/2025014/992049.png?im=Scale,width=0.6,height=0.6","HBFL","CD_I992049",FALSE,15,"Jayden","Short","CD_T120",NA,80,0,0,NA,17,4,21,6,0,2,4,16,20,5,0,0,0,0,90.5,2,3,1,85,3,0,0,7,NA,NA,1,2,0,0,NA,NA,NA,2,454,2,0,2,15,88.2,4.3,19,0,0,20,0,0,0,2,0,0,11,9,0,0,0,0,0,0,0,0,0,1,1,"CD_I992049",FALSE,15,"Jayden","Short","away","Richmond"
"CD_M20250140204","2025-03-22T05:15:00.000+0000","CONCLUDED","Premiership","Round 2",2,"Adelaide Oval","Port Adelaide","Port Adelaide","Richmond","Richmond",49,"https://s.afl.com.au/staticfile/AFL Tenant/AFL/Players/ChampIDImages/AFL/2025014/1022999.png?im=Scale,width=0.6,height=0.6","SUB","CD_I1022999",FALSE,49,"Kaleb","Smith","CD_T120",NA,49,0,0,NA,5,2,7,3,0,0,3,4,7,2,0,0,0,2,57.1,2,0,0,28,3,0,0,6.4,NA,NA,3,1,0,0,NA,NA,NA,2,196,0,1,1,2,40,2.5,4,0,1,42.9,0,0,0,3,0,2,2,1,2,0,0,0,0,0,0,0,0,0,0,"CD_I1022999",FALSE,49,"Kaleb","Smith","away","Richmond"
"CD_M20250140204","2025-03-22T05:15:00.000+0000","CONCLUDED","Premiership","Round 2",2,"Adelaide Oval","Port Adelaide","Port Adelaide","Richmond","Richmond",14,"https://s.afl.com.au/staticfile/AFL Tenant/AFL/Players/ChampIDImages/AFL/2025014/998172.png?im=Scale,width=0.6,height=0.6","RR","CD_I998172",FALSE,14,"Tim","Taranto","CD_T120",NA,90,0,1,NA,4,13,17,0,0,8,9,9,18,0,0,0,0,0,70.6,1,2,1,70,2,0,0,8.4,NA,NA,1,0,0,2,NA,NA,NA,6,90,1,3,4,1,25,0.3,12,0,0,50,0,0,0,6,1,2,32,18,0,0,0,0,0,0,0,0,28,0,0,"CD_I998172",FALSE,14,"Tim","Taranto","away","Richmond"
"CD_M20250140204","2025-03-22T05:15:00.000+0000","CONCLUDED","Premiership","Round 2",2,"Adelaide Oval","Port Adelaide","Port Adelaide","Richmond","Richmond",31,"https://s.afl.com.au/staticfile/AFL Tenant/AFL/Players/ChampIDImages/AFL/2025014/1028521.png?im=Scale,width=0.6,height=0.6","HBFR","CD_I1028521",FALSE,31,"Luke","Trainor","CD_T120",NA,82,0,1,NA,8,2,10,2,0,1,1,9,10,3,0,0,0,2,60,4,0,2,33,1,1,0,2.6,NA,NA,3,0,0,1,NA,NA,NA,2,310,0,1,1,4,50,4,6,0,0,10,0,0,0,1,0,0,12,9,2,0,0,0,0,0,0,0,0,0,0,"CD_I1028521",FALSE,31,"Luke","Trainor","away","Richmond"
"CD_M20250140204","2025-03-22T05:15:00.000+0000","CONCLUDED","Premiership","Round 2",2,"Adelaide Oval","Port Adelaide","Port Adelaide","Richmond","Richmond",36,"https://s.afl.com.au/staticfile/AFL Tenant/AFL/Players/ChampIDImages/AFL/2025014/1031829.png?im=Scale,width=0.6,height=0.6","WR","CD_I1031829",FALSE,36,"James","Trezise","CD_T120",NA,90,0,0,NA,4,5,9,1,0,0,4,6,10,2,0,0,0,3,77.8,0,0,0,25,0,0,0,5.1,NA,NA,0,2,0,0,NA,NA,NA,1,164,0,1,1,2,50,0.8,7,0,0,40,0,0,0,2,0,0,12,9,2,0,0,0,0,0,0,0,0,0,0,"CD_I1031829",FALSE,36,"James","Trezise","away","Richmond"
"CD_M20250140204","2025-03-22T05:15:00.000+0000","CONCLUDED","Premiership","Round 2",2,"Adelaide Oval","Port Adelaide","Port Adelaide","Richmond","Richmond",1,"https://s.afl.com.au/staticfile/AFL Tenant/AFL/Players/ChampIDImages/AFL/2025014/294674.png?im=Scale,width=0.6,height=0.6","CHB","CD_I294674",FALSE,1,"Nick","Vlastuin","CD_T120",NA,79,0,0,NA,9,5,14,4,0,1,5,8,13,2,0,0,0,2,71.4,1,0,0,53,3,0,0,6.9,NA,NA,4,3,0,0,NA,NA,NA,2,334,0,2,2,6,66.7,1.8,10,0,1,38.5,0,0,0,4,0,1,15,11,1,0,0,0,0,0,0,0,0,3,2,"CD_I294674",FALSE,1,"Nick","Vlastuin","away","Richmond"
"CD_M20250140205","2025-03-22T08:35:00.000+0000","CONCLUDED","Premiership","Round 2",2,"Marvel Stadium","St Kilda","St Kilda","Geelong Cats","Geelong Cats",13,"https://s.afl.com.au/staticfile/AFL Tenant/AFL/Players/ChampIDImages/AFL/2025014/1011994.png?im=Scale,width=0.6,height=0.6","HBFL","CD_I1011994",FALSE,13,"Ryan","Byrnes","CD_T130",NA,81,0,0,NA,13,7,20,5,0,0,6,14,20,1,1,0,0,0,70,0,1,0,69,3,0,0,6.6,NA,NA,1,4,0,1,NA,NA,NA,4,169,0,0,0,8,61.5,1.9,14,0,1,30,0,0,0,6,0,2,6,4,0,0,0,0,0,0,0,0,0,0,0,"CD_I1011994",FALSE,13,"Ryan","Byrnes","home","St Kilda"
"CD_M20250140205","2025-03-22T08:35:00.000+0000","CONCLUDED","Premiership","Round 2",2,"Marvel Stadium","St Kilda","St Kilda","Geelong Cats","Geelong Cats",47,"https://s.afl.com.au/staticfile/AFL Tenant/AFL/Players/ChampIDImages/AFL/2025014/1023784.png?im=Scale,width=0.6,height=0.6","FF","CD_I1023784",FALSE,47,"Anthony","Caminiti","CD_T130",NA,100,0,0,NA,14,4,18,13,0,0,2,15,17,0,0,0,0,4,83.3,5,0,2,83,9,0,0,3.8,NA,NA,4,6,0,0,NA,NA,NA,1,440,0,0,0,12,85.7,3.5,15,0,2,11.8,0,0,0,2,0,0,1,1,3,0,0,0,0,0,0,0,0,0,0,"CD_I1023784",FALSE,47,"Anthony","Caminiti","home","St Kilda"
"CD_M20250140205","2025-03-22T08:35:00.000+0000","CONCLUDED","Premiership","Round 2",2,"Marvel Stadium","St Kilda","St Kilda","Geelong Cats","Geelong Cats",11,"https://s.afl.com.au/staticfile/AFL Tenant/AFL/Players/ChampIDImages/AFL/2025014/1002264.png?im=Scale,width=0.6,height=0.6","INT","CD_I1002264",FALSE,11,"Hunter","Clark","CD_T130",NA,30,0,0,NA,7,4,11,2,0,4,7,5,12,2,0,0,0,1,36.4,4,0,2,45,0,0,0,4.4,NA,NA,2,0,1,0,NA,NA,NA,3,136,1,2,3,3,42.9,1.8,4,0,0,58.3,0,0,0,6,1,0,9,4,0,0,0,0,0,0,0,0,10,0,0,"CD_I1002264",FALSE,11,"Hunter","Clark","home","St Kilda"
"CD_M20250140205","2025-03-22T08:35:00.000+0000","CONCLUDED","Premiership","Round 2",2,"Marvel Stadium","St Kilda","St Kilda","Geelong Cats","Geelong Cats",4,"https://s.afl.com.au/staticfile/AFL Tenant/AFL/Players/ChampIDImages/AFL/2025014/1017959.png?im=Scale,width=0.6,height=0.6","INT","CD_I1017959",FALSE,4,"Lance","Collard","CD_T130",NA,67,2,0,NA,3,3,6,0,0,3,3,3,6,3,0,0,0,1,83.3,3,0,2,33,0,0,100,9.2,NA,NA,2,0,2,2,NA,NA,NA,3,71,0,0,0,3,100,1,5,0,0,50,0,0,0,3,0,0,10,1,1,0,0,0,0,1,0,0,0,0,0,"CD_I1017959",FALSE,4,"Lance","Collard","home","St Kilda"
"CD_M20250140205","2025-03-22T08:35:00.000+0000","CONCLUDED","Premiership","Round 2",2,"Marvel Stadium","St Kilda","St Kilda","Geelong Cats","Geelong Cats",34,"https://s.afl.com.au/staticfile/AFL Tenant/AFL/Players/ChampIDImages/AFL/2025014/1027790.png?im=Scale,width=0.6,height=0.6","SUB","CD_I1027790",FALSE,34,"Hugo","Garcia","CD_T130",NA,29,0,0,NA,1,4,5,0,0,4,1,4,5,1,0,0,0,2,100,0,0,0,27,0,0,0,6.4,NA,NA,0,0,1,0,NA,NA,NA,2,28,1,0,1,1,100,0.3,5,0,0,20,0,0,0,1,0,1,12,6,1,0,0,0,0,0,0,0,7,0,0,"CD_I1027790",FALSE,34,"Hugo","Garcia","home","St Kilda"
"CD_M20250140205","2025-03-22T08:35:00.000+0000","CONCLUDED","Premiership","Round 2",2,"Marvel Stadium","St Kilda","St Kilda","Geelong Cats","Geelong Cats",40,"https://s.afl.com.au/staticfile/AFL Tenant/AFL/Players/ChampIDImages/AFL/2025014/1020855.png?im=Scale,width=0.6,height=0.6","INT","CD_I1020855",FALSE,40,"Max","Hall","CD_T130",NA,79,0,1,NA,7,6,13,3,0,2,2,12,14,2,1,0,0,0,69.2,1,0,0,51,0,0,0,2.8,NA,NA,2,0,1,1,NA,NA,NA,3,249,1,0,1,3,42.9,1.2,9,0,0,14.3,0,0,0,2,0,0,14,6,0,0,0,0,0,0,0,0,1,0,0,"CD_I1020855",FALSE,40,"Max","Hall","home","St Kilda"
"CD_M20250140205","2025-03-22T08:35:00.000+0000","CONCLUDED","Premiership","Round 2",2,"Marvel Stadium","St Kilda","St Kilda","Geelong Cats","Geelong Cats",1,"https://s.afl.com.au/staticfile/AFL Tenant/AFL/Players/ChampIDImages/AFL/2025014/1002227.png?im=Scale,width=0.6,height=0.6","FPL","CD_I1002227",FALSE,1,"Jack","Higgins","CD_T130",NA,82,4,1,NA,9,3,12,4,0,3,5,7,12,1,2,0,0,1,83.3,2,1,1,80,0,2,80,11.6,NA,NA,2,1,2,5,NA,NA,NA,9,240,0,0,0,7,77.8,3,10,0,0,41.7,0,0,0,3,2,0,14,1,0,0,0,0,0,1,1,100,0,0,0,"CD_I1002227",FALSE,1,"Jack","Higgins","home","St Kilda"
"CD_M20250140205","2025-03-22T08:35:00.000+0000","CONCLUDED","Premiership","Round 2",2,"Marvel Stadium","St Kilda","St Kilda","Geelong Cats","Geelong Cats",8,"https://s.afl.com.au/staticfile/AFL Tenant/AFL/Players/ChampIDImages/AFL/2025014/295584.png?im=Scale,width=0.6,height=0.6","HFFR","CD_I295584",FALSE,8,"Bradley","Hill","CD_T130",NA,91,0,0,NA,9,4,13,3,0,2,2,11,13,2,0,1,0,0,84.6,1,0,1,49,1,0,0,4.8,NA,NA,1,1,0,0,NA,NA,NA,3,200,0,1,1,7,77.8,2.3,11,1,1,15.4,0,0,0,1,0,0,16,8,0,0,1,1,100,0,0,0,0,0,0,"CD_I295584",FALSE,8,"Bradley","Hill","home","St Kilda"
"CD_M20250140205","2025-03-22T08:35:00.000+0000","CONCLUDED","Premiership","Round 2",2,"Marvel Stadium","St Kilda","St Kilda","Geelong Cats","Geelong Cats",3,"https://s.afl.com.au/staticfile/AFL Tenant/AFL/Players/ChampIDImages/AFL/2025014/991988.png?im=Scale,width=0.6,height=0.6","HFFL","CD_I991988",FALSE,3,"Zak","Jones","CD_T130",NA,86,0,0,NA,15,12,27,7,0,5,12,17,29,5,0,0,0,0,66.7,4,1,0,111,1,1,0,13.4,NA,NA,7,5,1,0,NA,NA,NA,8,339,0,2,2,11,73.3,1.3,18,0,1,41.4,0,0,0,9,2,2,13,8,0,0,0,0,0,0,0,0,2,0,0,"CD_I991988",FALSE,3,"Zak","Jones","home","St Kilda"
"CD_M20250140205","2025-03-22T08:35:00.000+0000","CONCLUDED","Premiership","Round 2",2,"Marvel Stadium","St Kilda","St Kilda","Geelong Cats","Geelong Cats",17,"https://s.afl.com.au/staticfile/AFL Tenant/AFL/Players/ChampIDImages/AFL/2025014/1015323.png?im=Scale,width=0.6,height=0.6","BPL","CD_I1015323",FALSE,17,"Isaac","Keeler","CD_T130",NA,86,1,0,NA,3,4,7,2,0,4,6,3,9,0,1,1,3,1,28.6,3,1,1,46,2,1,100,5.1,NA,NA,2,1,3,1,NA,NA,NA,2,136,0,2,2,1,33.3,0.8,2,0,0,66.7,0,12,0,2,1,1,11,5,0,25,0,0,0,4,0,0,6,0,0,"CD_I1015323",FALSE,17,"Isaac","Keeler","home","St Kilda"
"CD_M20250140205","2025-03-22T08:35:00.000+0000","CONCLUDED","Premiership","Round 2",2,"Marvel Stadium","St Kilda","St Kilda","Geelong Cats","Geelong Cats",6,"https://s.afl.com.au/staticfile/AFL Tenant/AFL/Players/ChampIDImages/AFL/2025014/295467.png?im=Scale,width=0.6,height=0.6","R","CD_I295467",FALSE,6,"Jack","Macrae","CD_T130",NA,87,0,0,NA,17,18,35,8,0,10,16,18,34,7,0,0,0,3,82.9,1,2,0,153,2,1,0,22.9,NA,NA,3,4,2,0,NA,NA,NA,10,442,5,4,9,13,76.5,0.9,29,0,0,47.1,0,0,0,10,3,2,22,14,1,0,0,0,0,0,0,0,25,0,0,"CD_I295467",FALSE,6,"Jack","Macrae","home","St Kilda"
"CD_M20250140205","2025-03-22T08:35:00.000+0000","CONCLUDED","Premiership","Round 2",2,"Marvel Stadium","St Kilda","St Kilda","Geelong Cats","Geelong Cats",19,"https://s.afl.com.au/staticfile/AFL Tenant/AFL/Players/ChampIDImages/AFL/2025014/992468.png?im=Scale,width=0.6,height=0.6","RK","CD_I992468",FALSE,19,"Rowan","Marshall","CD_T130",NA,82,0,1,NA,16,13,29,6,0,6,14,16,30,6,1,1,32,1,58.6,8,2,3,142,3,0,0,14.3,NA,NA,6,1,1,1,NA,NA,NA,8,389,2,5,7,7,43.8,1.2,17,1,0,46.7,10,42.1,31.3,7,1,3,11,4,1,76,1,0,0,1,0,0,26,0,0,"CD_I992468",FALSE,19,"Rowan","Marshall","home","St Kilda"
"CD_M20250140205","2025-03-22T08:35:00.000+0000","CONCLUDED","Premiership","Round 2",2,"Marvel Stadium","St Kilda","St Kilda","Geelong Cats","Geelong Cats",45,"https://s.afl.com.au/staticfile/AFL Tenant/AFL/Players/ChampIDImages/AFL/2025014/1035198.png?im=Scale,width=0.6,height=0.6","INT","CD_I1035198",FALSE,45,"Liam","O'Connell","CD_T130",NA,72,0,0,NA,4,0,4,2,0,5,1,3,4,1,0,1,0,1,100,0,0,0,38,0,0,0,4.6,NA,NA,1,2,0,0,NA,NA,NA,1,37,0,0,0,4,100,4,4,0,2,25,0,0,0,0,0,1,14,12,1,0,0,0,0,0,0,0,0,0,0,"CD_I1035198",FALSE,45,"Liam","O'Connell","home","St Kilda"
"CD_M20250140205","2025-03-22T08:35:00.000+0000","CONCLUDED","Premiership","Round 2",2,"Marvel Stadium","St Kilda","St Kilda","Geelong Cats","Geelong Cats",10,"https://s.afl.com.au/staticfile/AFL Tenant/AFL/Players/ChampIDImages/AFL/2025014/1023272.png?im=Scale,width=0.6,height=0.6","CHF","CD_I1023272",FALSE,10,"Mitch","Owens","CD_T130",NA,91,2,1,NA,6,4,10,5,1,3,6,8,14,2,4,0,1,1,70,5,2,3,60,0,2,50,5.7,NA,NA,5,0,1,4,NA,NA,NA,7,208,0,0,0,3,50,1.5,7,2,0,42.9,0,50,0,3,1,0,10,1,0,2,0,0,0,6,0,0,0,0,0,"CD_I1023272",FALSE,10,"Mitch","Owens","home","St Kilda"
"CD_M20250140205","2025-03-22T08:35:00.000+0000","CONCLUDED","Premiership","Round 2",2,"Marvel Stadium","St Kilda","St Kilda","Geelong Cats","Geelong Cats",35,"https://s.afl.com.au/staticfile/AFL Tenant/AFL/Players/ChampIDImages/AFL/2025014/994389.png?im=Scale,width=0.6,height=0.6","HBFR","CD_I994389",FALSE,35,"Jack","Sinclair","CD_T130",NA,80,2,0,NA,18,7,25,3,0,6,7,12,19,4,1,0,0,2,84,1,1,0,114,2,2,100,22.3,NA,NA,3,4,0,2,NA,NA,NA,7,387,0,5,5,14,77.8,2.6,21,0,0,36.8,0,0,0,6,0,1,19,13,2,0,0,0,0,0,0,0,0,4,4,"CD_I994389",FALSE,35,"Jack","Sinclair","home","St Kilda"
"CD_M20250140205","2025-03-22T08:35:00.000+0000","CONCLUDED","Premiership","Round 2",2,"Marvel Stadium","St Kilda","St Kilda","Geelong Cats","Geelong Cats",9,"https://s.afl.com.au/staticfile/AFL Tenant/AFL/Players/ChampIDImages/AFL/2025014/296205.png?im=Scale,width=0.6,height=0.6","RR","CD_I296205",FALSE,9,"Jack","Steele","CD_T130",NA,80,0,0,NA,8,14,22,4,0,13,9,12,21,3,0,0,0,2,72.7,2,1,1,114,0,2,0,15,NA,NA,2,3,2,0,NA,NA,NA,6,153,2,3,5,4,50,0.6,16,0,1,42.9,0,0,0,7,2,3,22,15,0,0,0,0,0,0,0,0,25,0,0,"CD_I296205",FALSE,9,"Jack","Steele","home","St Kilda"
"CD_M20250140205","2025-03-22T08:35:00.000+0000","CONCLUDED","Premiership","Round 2",2,"Marvel Stadium","St Kilda","St Kilda","Geelong Cats","Geelong Cats",14,"https://s.afl.com.au/staticfile/AFL Tenant/AFL/Players/ChampIDImages/AFL/2025014/1008312.png?im=Scale,width=0.6,height=0.6","C","CD_I1008312",FALSE,14,"Liam","Stocker","CD_T130",NA,40,0,0,NA,3,2,5,3,0,1,2,4,6,1,0,1,0,2,100,0,0,0,26,0,0,0,3.5,NA,NA,2,2,0,0,NA,NA,NA,1,88,0,0,0,3,100,1.5,5,0,1,33.3,0,0,0,1,0,0,2,2,2,0,0,0,0,0,0,0,0,0,0,"CD_I1008312",FALSE,14,"Liam","Stocker","home","St Kilda"
"CD_M20250140205","2025-03-22T08:35:00.000+0000","CONCLUDED","Premiership","Round 2",2,"Marvel Stadium","St Kilda","St Kilda","Geelong Cats","Geelong Cats",7,"https://s.afl.com.au/staticfile/AFL Tenant/AFL/Players/ChampIDImages/AFL/2025014/1015507.png?im=Scale,width=0.6,height=0.6","CHB","CD_I1015507",FALSE,7,"Nasiah","Wanganeen-Milera","CD_T130",NA,89,0,1,NA,19,10,29,5,1,2,6,15,21,1,0,0,0,2,75.9,2,0,0,101,5,1,0,15.1,NA,NA,2,8,0,1,NA,NA,NA,7,484,0,1,1,15,78.9,1.9,22,0,2,28.6,0,0,0,6,0,1,15,14,1,0,0,0,0,0,0,0,0,7,7,"CD_I1015507",FALSE,7,"Nasiah","Wanganeen-Milera","home","St Kilda"
"CD_M20250140205","2025-03-22T08:35:00.000+0000","CONCLUDED","Premiership","Round 2",2,"Marvel Stadium","St Kilda","St Kilda","Geelong Cats","Geelong Cats",29,"https://s.afl.com.au/staticfile/AFL Tenant/AFL/Players/ChampIDImages/AFL/2025014/290757.png?im=Scale,width=0.6,height=0.6","BPR","CD_I290757",FALSE,29,"Jimmy","Webster","CD_T130",NA,78,0,0,NA,8,3,11,5,1,1,2,9,11,0,0,0,0,4,100,1,0,0,49,2,0,0,6.1,NA,NA,2,1,0,0,NA,NA,NA,3,132,0,1,1,8,100,2.7,11,0,0,18.2,0,0,0,2,0,1,9,8,2,0,0,0,0,0,0,0,0,1,0,"CD_I290757",FALSE,29,"Jimmy","Webster","home","St Kilda"
"CD_M20250140205","2025-03-22T08:35:00.000+0000","CONCLUDED","Premiership","Round 2",2,"Marvel Stadium","St Kilda","St Kilda","Geelong Cats","Geelong Cats",44,"https://s.afl.com.au/staticfile/AFL Tenant/AFL/Players/ChampIDImages/AFL/2025014/296422.png?im=Scale,width=0.6,height=0.6","FB","CD_I296422",FALSE,44,"Callum","Wilkie","CD_T130",NA,100,0,0,NA,15,4,19,9,0,3,5,14,19,1,0,1,0,4,78.9,1,1,0,93,5,0,0,8.8,NA,NA,4,6,0,0,NA,NA,NA,2,180,0,0,0,11,73.3,3.8,15,0,2,26.3,0,0,0,4,0,0,11,9,3,0,2,0,0,0,0,0,0,0,0,"CD_I296422",FALSE,44,"Callum","Wilkie","home","St Kilda"
"CD_M20250140205","2025-03-22T08:35:00.000+0000","CONCLUDED","Premiership","Round 2",2,"Marvel Stadium","St Kilda","St Kilda","Geelong Cats","Geelong Cats",22,"https://s.afl.com.au/staticfile/AFL Tenant/AFL/Players/ChampIDImages/AFL/2025014/1027875.png?im=Scale,width=0.6,height=0.6","FPR","CD_I1027875",FALSE,22,"Darcy","Wilson","CD_T130",NA,90,0,0,NA,10,7,17,1,0,3,6,11,17,6,0,0,0,0,47.1,3,1,0,60,1,0,0,7.3,NA,NA,5,4,1,1,NA,NA,NA,5,403,0,2,2,3,30,1.4,8,0,0,35.3,0,0,0,5,0,3,15,3,0,0,0,0,0,1,0,0,0,0,0,"CD_I1027875",FALSE,22,"Darcy","Wilson","home","St Kilda"
"CD_M20250140205","2025-03-22T08:35:00.000+0000","CONCLUDED","Premiership","Round 2",2,"Marvel Stadium","St Kilda","St Kilda","Geelong Cats","Geelong Cats",2,"https://s.afl.com.au/staticfile/AFL Tenant/AFL/Players/ChampIDImages/AFL/2025014/1023270.png?im=Scale,width=0.6,height=0.6","WR","CD_I1023270",FALSE,2,"Marcus","Windhager","CD_T130",NA,84,2,1,NA,15,10,25,5,0,5,10,14,24,3,2,0,0,0,68,2,0,0,113,0,2,66.7,18,NA,NA,4,4,0,3,NA,NA,NA,7,373,1,2,3,9,60,1.5,17,0,0,41.7,0,0,0,9,0,1,19,12,0,0,1,1,100,0,0,0,26,0,0,"CD_I1023270",FALSE,2,"Marcus","Windhager","home","St Kilda"
"CD_M20250140205","2025-03-22T08:35:00.000+0000","CONCLUDED","Premiership","Round 2",2,"Marvel Stadium","St Kilda","St Kilda","Geelong Cats","Geelong Cats",32,"https://s.afl.com.au/staticfile/AFL Tenant/AFL/Players/ChampIDImages/AFL/2025014/295340.png?im=Scale,width=0.6,height=0.6","WL","CD_I295340",FALSE,32,"Mason","Wood","CD_T130",NA,95,2,1,NA,17,9,26,10,0,3,8,18,26,2,2,1,0,0,73.1,6,0,1,121,2,1,66.7,16.5,NA,NA,7,7,1,3,NA,NA,NA,8,393,0,1,1,10,58.8,1.9,19,3,2,30.8,0,0,0,7,0,1,14,5,0,0,0,0,0,0,0,0,0,0,0,"CD_I295340",FALSE,32,"Mason","Wood","home","St Kilda"
"CD_M20250140205","2025-03-22T08:35:00.000+0000","CONCLUDED","Premiership","Round 2",2,"Marvel Stadium","St Kilda","St Kilda","Geelong Cats","Geelong Cats",30,"https://s.afl.com.au/staticfile/AFL Tenant/AFL/Players/ChampIDImages/AFL/2025014/994386.png?im=Scale,width=0.6,height=0.6","RR","CD_I994386",FALSE,30,"Tom","Atkins","CD_T70",NA,80,0,0,NA,8,12,20,2,0,11,11,8,19,1,0,0,0,1,60,2,0,0,98,2,0,0,11.5,NA,NA,2,1,1,0,NA,NA,NA,3,136,3,3,6,3,37.5,0.7,12,0,0,57.9,0,0,0,10,1,2,29,13,0,0,0,0,0,0,0,0,21,0,0,"CD_I994386",FALSE,30,"Tom","Atkins","away","Geelong Cats"
"CD_M20250140205","2025-03-22T08:35:00.000+0000","CONCLUDED","Premiership","Round 2",2,"Marvel Stadium","St Kilda","St Kilda","Geelong Cats","Geelong Cats",46,"https://s.afl.com.au/staticfile/AFL Tenant/AFL/Players/ChampIDImages/AFL/2025014/296733.png?im=Scale,width=0.6,height=0.6","BPR","CD_I296733",FALSE,46,"Mark","Blicavs","CD_T70",NA,82,1,0,NA,8,8,16,4,0,2,10,7,17,3,0,0,18,4,81.3,4,3,1,84,1,1,100,16.2,NA,NA,2,2,0,1,NA,NA,NA,9,214,1,5,6,5,62.5,1,13,0,2,58.8,6,50,33.3,3,1,4,7,2,4,36,1,0,0,1,0,0,10,0,0,"CD_I296733",FALSE,46,"Mark","Blicavs","away","Geelong Cats"
"CD_M20250140205","2025-03-22T08:35:00.000+0000","CONCLUDED","Premiership","Round 2",2,"Marvel Stadium","St Kilda","St Kilda","Geelong Cats","Geelong Cats",12,"https://s.afl.com.au/staticfile/AFL Tenant/AFL/Players/ChampIDImages/AFL/2025014/998260.png?im=Scale,width=0.6,height=0.6","INT","CD_I998260",FALSE,12,"Jack","Bowes","CD_T70",NA,78,0,0,NA,7,3,10,0,0,4,4,5,9,2,0,0,0,4,70,3,1,1,41,2,1,0,8.3,NA,NA,4,1,0,0,NA,NA,NA,1,166,1,1,2,5,71.4,2.3,7,0,0,44.4,0,0,0,4,0,0,25,15,0,0,0,0,0,0,0,0,9,1,1,"CD_I998260",FALSE,12,"Jack","Bowes","away","Geelong Cats"
"CD_M20250140205","2025-03-22T08:35:00.000+0000","CONCLUDED","Premiership","Round 2",2,"Marvel Stadium","St Kilda","St Kilda","Geelong Cats","Geelong Cats",5,"https://s.afl.com.au/staticfile/AFL Tenant/AFL/Players/ChampIDImages/AFL/2025014/293845.png?im=Scale,width=0.6,height=0.6","FF","CD_I293845",FALSE,5,"Jeremy","Cameron","CD_T70",NA,89,1,0,NA,9,7,16,2,0,1,7,9,16,2,0,0,0,2,68.8,2,2,0,59,2,0,100,12.2,NA,NA,3,4,0,1,NA,NA,NA,6,268,0,0,0,7,77.8,1.3,11,0,1,43.8,0,0,0,4,1,2,11,6,1,0,1,0,0,1,1,100,0,0,0,"CD_I293845",FALSE,5,"Jeremy","Cameron","away","Geelong Cats"
"CD_M20250140205","2025-03-22T08:35:00.000+0000","CONCLUDED","Premiership","Round 2",2,"Marvel Stadium","St Kilda","St Kilda","Geelong Cats","Geelong Cats",13,"https://s.afl.com.au/staticfile/AFL Tenant/AFL/Players/ChampIDImages/AFL/2025014/1023537.png?im=Scale,width=0.6,height=0.6","INT","CD_I1023537",FALSE,13,"Jhye","Clark","CD_T70",NA,66,0,2,NA,12,2,14,1,0,3,5,8,13,6,0,0,0,0,50,2,2,0,59,0,0,0,9.9,NA,NA,2,1,1,2,NA,NA,NA,6,391,1,1,2,7,58.3,6,7,0,0,38.5,0,0,0,2,0,2,16,6,0,0,0,0,0,0,0,0,11,0,0,"CD_I1023537",FALSE,13,"Jhye","Clark","away","Geelong Cats"
"CD_M20250140205","2025-03-22T08:35:00.000+0000","CONCLUDED","Premiership","Round 2",2,"Marvel Stadium","St Kilda","St Kilda","Geelong Cats","Geelong Cats",40,"https://s.afl.com.au/staticfile/AFL Tenant/AFL/Players/ChampIDImages/AFL/2025014/1023542.png?im=Scale,width=0.6,height=0.6","SUB","CD_I1023542",FALSE,40,"Ted","Clohesy","CD_T70",NA,57,2,1,NA,11,5,16,6,0,4,5,11,16,3,1,1,0,0,81.3,2,1,0,91,2,0,66.7,9.6,NA,NA,1,3,1,3,NA,NA,NA,5,392,0,0,0,9,81.8,2.2,13,0,0,31.3,0,0,0,3,2,0,12,6,0,0,0,0,0,0,0,0,0,0,0,"CD_I1023542",FALSE,40,"Ted","Clohesy","away","Geelong Cats"
"CD_M20250140205","2025-03-22T08:35:00.000+0000","CONCLUDED","Premiership","Round 2",2,"Marvel Stadium","St Kilda","St Kilda","Geelong Cats","Geelong Cats",45,"https://s.afl.com.au/staticfile/AFL Tenant/AFL/Players/ChampIDImages/AFL/2025014/999326.png?im=Scale,width=0.6,height=0.6","HFFL","CD_I999326",FALSE,45,"Brad","Close","CD_T70",NA,80,1,0,NA,2,5,7,0,0,4,5,4,9,1,0,0,0,2,100,0,1,0,39,0,0,100,10.1,NA,NA,0,3,1,1,NA,NA,NA,3,45,0,1,1,2,100,0.4,7,0,0,55.6,0,0,0,4,2,1,18,3,1,0,0,0,0,0,0,0,0,0,0,"CD_I999326",FALSE,45,"Brad","Close","away","Geelong Cats"
"CD_M20250140205","2025-03-22T08:35:00.000+0000","CONCLUDED","Premiership","Round 2",2,"Marvel Stadium","St Kilda","St Kilda","Geelong Cats","Geelong Cats",35,"https://s.afl.com.au/staticfile/AFL Tenant/AFL/Players/ChampIDImages/AFL/2025014/270917.png?im=Scale,width=0.6,height=0.6","FPR","CD_I270917",FALSE,35,"Patrick","Dangerfield","CD_T70",NA,78,0,1,NA,9,9,18,1,0,2,12,6,18,2,1,1,0,0,50,4,1,2,52,0,1,0,5,NA,NA,4,0,0,3,NA,NA,NA,5,187,3,3,6,3,33.3,1,9,0,0,66.7,0,0,0,7,2,1,10,4,0,0,0,0,0,0,0,0,16,0,0,"CD_I270917",FALSE,35,"Patrick","Dangerfield","away","Geelong Cats"
"CD_M20250140205","2025-03-22T08:35:00.000+0000","CONCLUDED","Premiership","Round 2",2,"Marvel Stadium","St Kilda","St Kilda","Geelong Cats","Geelong Cats",16,"https://s.afl.com.au/staticfile/AFL Tenant/AFL/Players/ChampIDImages/AFL/2025014/1009229.png?im=Scale,width=0.6,height=0.6","RK","CD_I1009229",FALSE,16,"Sam","De Koning","CD_T70",NA,70,0,0,NA,8,8,16,4,0,1,8,8,16,2,0,0,21,3,68.8,3,1,2,72,3,0,0,13.8,NA,NA,4,5,0,0,NA,NA,NA,4,249,3,0,3,5,62.5,1,11,0,1,50,5,42.9,23.8,7,0,3,9,3,3,49,0,0,0,0,0,0,22,0,0,"CD_I1009229",FALSE,16,"Sam","De Koning","away","Geelong Cats"
"CD_M20250140205","2025-03-22T08:35:00.000+0000","CONCLUDED","Premiership","Round 2",2,"Marvel Stadium","St Kilda","St Kilda","Geelong Cats","Geelong Cats",28,"https://s.afl.com.au/staticfile/AFL Tenant/AFL/Players/ChampIDImages/AFL/2025014/1025034.png?im=Scale,width=0.6,height=0.6","WR","CD_I1025034",FALSE,28,"Oliver","Dempsey","CD_T70",NA,86,2,1,NA,7,5,12,2,0,2,6,4,10,0,1,1,0,0,58.3,3,0,1,55,2,0,66.7,9.1,NA,NA,2,2,1,3,NA,NA,NA,5,168,0,1,1,4,57.1,1.4,7,0,0,60,0,0,0,5,1,0,20,10,0,0,0,0,0,0,0,0,0,0,0,"CD_I1025034",FALSE,28,"Oliver","Dempsey","away","Geelong Cats"
"CD_M20250140205","2025-03-22T08:35:00.000+0000","CONCLUDED","Premiership","Round 2",2,"Marvel Stadium","St Kilda","St Kilda","Geelong Cats","Geelong Cats",39,"https://s.afl.com.au/staticfile/AFL Tenant/AFL/Players/ChampIDImages/AFL/2025014/1004870.png?im=Scale,width=0.6,height=0.6","HBFL","CD_I1004870",FALSE,39,"Zach","Guthrie","CD_T70",NA,82,0,0,NA,16,5,21,5,0,2,6,11,17,2,0,0,0,5,81,5,1,1,79,5,0,0,8.7,NA,NA,7,4,0,0,NA,NA,NA,5,410,0,0,0,14,87.5,3.2,17,0,0,35.3,0,0,0,4,0,2,13,7,4,0,3,1,33.3,0,0,0,0,6,5,"CD_I1004870",FALSE,39,"Zach","Guthrie","away","Geelong Cats"
"CD_M20250140205","2025-03-22T08:35:00.000+0000","CONCLUDED","Premiership","Round 2",2,"Marvel Stadium","St Kilda","St Kilda","Geelong Cats","Geelong Cats",38,"https://s.afl.com.au/staticfile/AFL Tenant/AFL/Players/ChampIDImages/AFL/2025014/1000937.png?im=Scale,width=0.6,height=0.6","FB","CD_I1000937",FALSE,38,"Jack","Henry","CD_T70",NA,94,0,0,NA,12,3,15,10,0,1,8,7,15,0,0,4,0,6,93.3,2,1,1,74,4,0,0,13.8,NA,NA,2,11,0,0,NA,NA,NA,3,143,0,0,0,11,91.7,4,14,0,6,53.3,0,0,0,3,0,2,12,10,6,0,6,0,0,0,0,0,0,0,0,"CD_I1000937",FALSE,38,"Jack","Henry","away","Geelong Cats"
"CD_M20250140205","2025-03-22T08:35:00.000+0000","CONCLUDED","Premiership","Round 2",2,"Marvel Stadium","St Kilda","St Kilda","Geelong Cats","Geelong Cats",36,"https://s.afl.com.au/staticfile/AFL Tenant/AFL/Players/ChampIDImages/AFL/2025014/1012860.png?im=Scale,width=0.6,height=0.6","WL","CD_I1012860",FALSE,36,"Oliver","Henry","CD_T70",NA,86,0,2,NA,6,3,9,3,0,3,6,4,10,3,1,2,0,1,22.2,3,1,0,48,0,1,0,5.4,NA,NA,4,0,3,2,NA,NA,NA,4,209,0,1,1,1,16.7,2,2,1,0,60,0,0,0,2,2,0,8,1,0,0,0,0,0,1,0,0,0,0,0,"CD_I1012860",FALSE,36,"Oliver","Henry","away","Geelong Cats"
"CD_M20250140205","2025-03-22T08:35:00.000+0000","CONCLUDED","Premiership","Round 2",2,"Marvel Stadium","St Kilda","St Kilda","Geelong Cats","Geelong Cats",9,"https://s.afl.com.au/staticfile/AFL Tenant/AFL/Players/ChampIDImages/AFL/2025014/1015889.png?im=Scale,width=0.6,height=0.6","C","CD_I1015889",FALSE,9,"Max","Holmes","CD_T70",NA,77,1,0,NA,11,8,19,4,2,4,8,12,20,4,1,1,0,3,68.4,3,0,2,77,2,1,100,20,NA,NA,6,5,1,1,NA,NA,NA,4,492,1,2,3,8,72.7,1.4,13,0,1,40,0,0,0,6,0,1,18,8,0,0,0,0,0,1,1,100,19,0,0,"CD_I1015889",FALSE,9,"Max","Holmes","away","Geelong Cats"
"CD_M20250140205","2025-03-22T08:35:00.000+0000","CONCLUDED","Premiership","Round 2",2,"Marvel Stadium","St Kilda","St Kilda","Geelong Cats","Geelong Cats",17,"https://s.afl.com.au/staticfile/AFL Tenant/AFL/Players/ChampIDImages/AFL/2025014/1013464.png?im=Scale,width=0.6,height=0.6","INT","CD_I1013464",FALSE,17,"Lawson","Humphries","CD_T70",NA,84,0,0,NA,14,8,22,8,1,2,7,15,22,1,0,0,0,1,68.2,6,0,1,87,7,0,0,12.4,NA,NA,4,8,0,0,NA,NA,NA,2,384,0,0,0,10,71.4,1.8,15,0,2,31.8,0,0,0,7,0,2,13,8,1,0,0,0,0,0,0,0,0,0,0,"CD_I1013464",FALSE,17,"Lawson","Humphries","away","Geelong Cats"
"CD_M20250140205","2025-03-22T08:35:00.000+0000","CONCLUDED","Premiership","Round 2",2,"Marvel Stadium","St Kilda","St Kilda","Geelong Cats","Geelong Cats",10,"https://s.afl.com.au/staticfile/AFL Tenant/AFL/Players/ChampIDImages/AFL/2025014/1021103.png?im=Scale,width=0.6,height=0.6","R","CD_I1021103",FALSE,10,"Mitch","Knevitt","CD_T70",NA,78,1,0,NA,5,11,16,3,0,7,8,9,17,3,0,0,0,1,56.3,4,0,0,80,0,1,100,8.3,NA,NA,2,1,2,1,NA,NA,NA,3,166,1,2,3,3,60,0.5,9,0,0,47.1,0,0,0,5,0,0,23,9,0,0,0,0,0,0,0,0,20,0,0,"CD_I1021103",FALSE,10,"Mitch","Knevitt","away","Geelong Cats"
"CD_M20250140205","2025-03-22T08:35:00.000+0000","CONCLUDED","Premiership","Round 2",2,"Marvel Stadium","St Kilda","St Kilda","Geelong Cats","Geelong Cats",32,"https://s.afl.com.au/staticfile/AFL Tenant/AFL/Players/ChampIDImages/AFL/2025014/1004938.png?im=Scale,width=0.6,height=0.6","CHF","CD_I1004938",FALSE,32,"Gryan","Miers","CD_T70",NA,87,0,0,NA,10,10,20,5,0,2,4,16,20,4,0,0,0,1,65,2,0,0,73,2,0,0,6.7,NA,NA,4,0,0,2,NA,NA,NA,6,325,0,2,2,5,50,1,13,0,0,20,0,0,0,2,0,0,18,8,1,0,0,0,0,0,0,0,0,0,0,"CD_I1004938",FALSE,32,"Gryan","Miers","away","Geelong Cats"
"CD_M20250140205","2025-03-22T08:35:00.000+0000","CONCLUDED","Premiership","Round 2",2,"Marvel Stadium","St Kilda","St Kilda","Geelong Cats","Geelong Cats",34,"https://s.afl.com.au/staticfile/AFL Tenant/AFL/Players/ChampIDImages/AFL/2025014/1024982.png?im=Scale,width=0.6,height=0.6","HBFR","CD_I1024982",FALSE,34,"Oisin","Mullin","CD_T70",NA,78,0,0,NA,0,7,7,0,0,2,4,3,7,1,0,0,0,0,71.4,1,0,1,19,0,1,0,3.2,NA,NA,1,3,1,0,NA,NA,NA,4,39,0,1,1,0,0,0,5,0,0,57.1,0,0,0,3,0,1,14,8,0,0,0,0,0,0,0,0,0,0,0,"CD_I1024982",FALSE,34,"Oisin","Mullin","away","Geelong Cats"
"CD_M20250140205","2025-03-22T08:35:00.000+0000","CONCLUDED","Premiership","Round 2",2,"Marvel Stadium","St Kilda","St Kilda","Geelong Cats","Geelong Cats",33,"https://s.afl.com.au/staticfile/AFL Tenant/AFL/Players/ChampIDImages/AFL/2025014/1016433.png?im=Scale,width=0.6,height=0.6","FPL","CD_I1016433",FALSE,33,"Shannon","Neale","CD_T70",NA,97,2,0,NA,4,1,5,3,0,5,5,0,5,2,1,3,4,1,80,3,1,1,57,0,1,66.7,6.9,NA,NA,2,0,4,3,NA,NA,NA,3,135,0,0,0,3,75,4,4,0,0,100,1,22.2,25,0,0,0,9,1,1,18,0,0,0,1,0,0,0,0,0,"CD_I1016433",FALSE,33,"Shannon","Neale","away","Geelong Cats"
"CD_M20250140205","2025-03-22T08:35:00.000+0000","CONCLUDED","Premiership","Round 2",2,"Marvel Stadium","St Kilda","St Kilda","Geelong Cats","Geelong Cats",42,"https://s.afl.com.au/staticfile/AFL Tenant/AFL/Players/ChampIDImages/AFL/2025014/1007102.png?im=Scale,width=0.6,height=0.6","INT","CD_I1007102",FALSE,42,"Mark","O'Connor","CD_T70",NA,75,0,1,NA,10,6,16,5,0,3,5,11,16,4,1,0,0,1,68.8,1,0,0,70,1,2,0,6.5,NA,NA,3,4,1,1,NA,NA,NA,5,395,0,0,0,6,60,1.7,11,0,0,31.3,0,0,0,5,0,0,14,12,1,0,0,0,0,0,0,0,0,0,0,"CD_I1007102",FALSE,42,"Mark","O'Connor","away","Geelong Cats"
"CD_M20250140205","2025-03-22T08:35:00.000+0000","CONCLUDED","Premiership","Round 2",2,"Marvel Stadium","St Kilda","St Kilda","Geelong Cats","Geelong Cats",14,"https://s.afl.com.au/staticfile/AFL Tenant/AFL/Players/ChampIDImages/AFL/2025014/1027877.png?im=Scale,width=0.6,height=0.6","BPL","CD_I1027877",FALSE,14,"Connor","O'Sullivan","CD_T70",NA,93,0,0,NA,11,4,15,7,0,3,8,8,16,4,0,2,0,8,73.3,1,1,0,75,1,0,0,13.7,NA,NA,2,9,0,1,NA,NA,NA,5,333,0,0,0,8,72.7,2.8,11,0,3,50,0,0,0,4,1,1,10,6,7,0,3,0,0,0,0,0,0,0,0,"CD_I1027877",FALSE,14,"Connor","O'Sullivan","away","Geelong Cats"
"CD_M20250140205","2025-03-22T08:35:00.000+0000","CONCLUDED","Premiership","Round 2",2,"Marvel Stadium","St Kilda","St Kilda","Geelong Cats","Geelong Cats",18,"https://s.afl.com.au/staticfile/AFL Tenant/AFL/Players/ChampIDImages/AFL/2025014/997230.png?im=Scale,width=0.6,height=0.6","HFFR","CD_I997230",FALSE,18,"Tyson","Stengle","CD_T70",NA,84,2,1,NA,6,3,9,5,0,7,3,7,10,2,3,0,0,2,66.7,0,0,0,80,0,0,66.7,8.1,NA,NA,3,1,5,3,NA,NA,NA,3,125,0,0,0,4,66.7,2,6,0,0,30,0,0,0,2,0,0,19,3,0,0,0,0,0,0,0,0,0,0,0,"CD_I997230",FALSE,18,"Tyson","Stengle","away","Geelong Cats"
"CD_M20250140205","2025-03-22T08:35:00.000+0000","CONCLUDED","Premiership","Round 2",2,"Marvel Stadium","St Kilda","St Kilda","Geelong Cats","Geelong Cats",44,"https://s.afl.com.au/staticfile/AFL Tenant/AFL/Players/ChampIDImages/AFL/2025014/291800.png?im=Scale,width=0.6,height=0.6","CHB","CD_I291800",FALSE,44,"Tom","Stewart","CD_T70",NA,18,0,0,NA,2,0,2,1,0,0,0,2,2,0,0,0,0,0,100,0,0,0,9,1,0,0,0.9,NA,NA,0,1,0,0,NA,NA,NA,1,40,0,0,0,2,100,2,2,0,1,0,0,0,0,0,0,1,1,0,0,0,0,0,0,0,0,0,0,0,0,"CD_I291800",FALSE,44,"Tom","Stewart","away","Geelong Cats"
"CD_M20250140206","2025-03-23T02:10:00.000+0000","CONCLUDED","Premiership","Round 2",2,"Gabba","Brisbane Lions","Brisbane Lions","West Coast Eagles","West Coast Eagles",4,"https://s.afl.com.au/staticfile/AFL Tenant/AFL/Players/ChampIDImages/AFL/2025014/298437.png?im=Scale,width=0.6,height=0.6","WL","CD_I298437",FALSE,4,"Callum","Ah Chee","CD_T20",NA,76,3,1,NA,11,2,13,8,0,2,2,11,13,3,3,0,0,0,69.2,3,0,1,85,0,2,75,16.2,NA,NA,2,0,2,4,NA,NA,NA,8,333,0,0,0,8,72.7,5.5,9,2,0,15.4,0,0,0,2,1,0,10,1,0,0,0,0,0,1,0,0,0,0,0,"CD_I298437",FALSE,4,"Callum","Ah Chee","home","Brisbane Lions"
"CD_M20250140206","2025-03-23T02:10:00.000+0000","CONCLUDED","Premiership","Round 2",2,"Gabba","Brisbane Lions","Brisbane Lions","West Coast Eagles","West Coast Eagles",31,"https://s.afl.com.au/staticfile/AFL Tenant/AFL/Players/ChampIDImages/AFL/2025014/996059.png?im=Scale,width=0.6,height=0.6","CHB","CD_I996059",FALSE,31,"Harris","Andrews","CD_T20",NA,92,0,0,NA,13,7,20,12,0,1,9,11,20,0,0,2,0,5,80,2,0,0,93,3,0,0,12.8,NA,NA,2,12,0,0,NA,NA,NA,1,296,0,1,1,10,76.9,1.9,16,0,5,45,0,0,0,7,0,0,5,4,5,0,4,1,25,1,1,100,0,0,0,"CD_I996059",FALSE,31,"Harris","Andrews","home","Brisbane Lions"
"CD_M20250140206","2025-03-23T02:10:00.000+0000","CONCLUDED","Premiership","Round 2",2,"Gabba","Brisbane Lions","Brisbane Lions","West Coast Eagles","West Coast Eagles",43,"https://s.afl.com.au/staticfile/AFL Tenant/AFL/Players/ChampIDImages/AFL/2025014/1005053.png?im=Scale,width=0.6,height=0.6","HBFL","CD_I1005053",FALSE,43,"Noah","Answerth","CD_T20",NA,80,0,0,NA,11,5,16,8,2,0,5,12,17,0,0,0,0,5,93.8,2,0,1,64,2,0,0,9.2,NA,NA,2,4,0,0,NA,NA,NA,2,204,0,0,0,10,90.9,2.2,15,0,0,29.4,0,0,0,5,0,1,8,6,3,0,1,0,0,0,0,0,0,0,0,"CD_I1005053",FALSE,43,"Noah","Answerth","home","Brisbane Lions"
"CD_M20250140206","2025-03-23T02:10:00.000+0000","CONCLUDED","Premiership","Round 2",2,"Gabba","Brisbane Lions","Brisbane Lions","West Coast Eagles","West Coast Eagles",10,"https://s.afl.com.au/staticfile/AFL Tenant/AFL/Players/ChampIDImages/AFL/2025014/1028560.png?im=Scale,width=0.6,height=0.6","INT","CD_I1028560",FALSE,10,"Levi","Ashcroft","CD_T20",NA,78,0,0,NA,11,6,17,8,1,2,3,15,18,1,0,0,0,0,76.5,2,0,1,74,0,0,0,4.1,NA,NA,1,2,1,0,NA,NA,NA,4,156,0,0,0,8,72.7,1.8,13,1,0,16.7,0,0,0,3,1,0,14,5,0,0,0,0,0,0,0,0,0,0,0,"CD_I1028560",FALSE,10,"Levi","Ashcroft","home","Brisbane Lions"
"CD_M20250140206","2025-03-23T02:10:00.000+0000","CONCLUDED","Premiership","Round 2",2,"Gabba","Brisbane Lions","Brisbane Lions","West Coast Eagles","West Coast Eagles",8,"https://s.afl.com.au/staticfile/AFL Tenant/AFL/Players/ChampIDImages/AFL/2025014/1023517.png?im=Scale,width=0.6,height=0.6","INT","CD_I1023517",FALSE,8,"Will","Ashcroft","CD_T20",NA,79,0,0,NA,16,8,24,7,0,1,8,19,27,3,0,0,0,2,66.7,4,4,1,90,3,2,0,11,NA,NA,4,2,0,2,NA,NA,NA,7,376,3,3,6,9,56.3,2,16,0,0,29.6,0,0,0,3,1,1,8,3,0,0,0,0,0,0,0,0,15,0,0,"CD_I1023517",FALSE,8,"Will","Ashcroft","home","Brisbane Lions"
"CD_M20250140206","2025-03-23T02:10:00.000+0000","CONCLUDED","Premiership","Round 2",2,"Gabba","Brisbane Lions","Brisbane Lions","West Coast Eagles","West Coast Eagles",33,"https://s.afl.com.au/staticfile/AFL Tenant/AFL/Players/ChampIDImages/AFL/2025014/1002312.png?im=Scale,width=0.6,height=0.6","HFFR","CD_I1002312",FALSE,33,"Zac","Bailey","CD_T20",NA,85,1,2,NA,10,4,14,7,0,2,3,11,14,1,1,0,0,1,64.3,1,1,0,76,1,0,33.3,2,NA,NA,1,0,2,3,NA,NA,NA,3,195,0,1,1,6,60,2.5,9,2,0,21.4,0,0,0,2,1,0,12,3,1,0,0,0,0,1,0,0,0,0,0,"CD_I1002312",FALSE,33,"Zac","Bailey","home","Brisbane Lions"
"CD_M20250140206","2025-03-23T02:10:00.000+0000","CONCLUDED","Premiership","Round 2",2,"Gabba","Brisbane Lions","Brisbane Lions","West Coast Eagles","West Coast Eagles",7,"https://s.afl.com.au/staticfile/AFL Tenant/AFL/Players/ChampIDImages/AFL/2025014/998133.png?im=Scale,width=0.6,height=0.6","WR","CD_I998133",FALSE,7,"Jarrod","Berry","CD_T20",NA,79,0,0,NA,18,8,26,12,0,4,8,18,26,2,0,1,0,1,73.1,4,2,2,118,3,0,0,9.1,NA,NA,7,3,0,0,NA,NA,NA,3,352,1,2,3,11,61.1,2.3,19,0,2,30.8,0,0,0,5,0,1,11,8,1,0,0,0,0,0,0,0,0,0,0,"CD_I998133",FALSE,7,"Jarrod","Berry","home","Brisbane Lions"
"CD_M20250140206","2025-03-23T02:10:00.000+0000","CONCLUDED","Premiership","Round 2",2,"Gabba","Brisbane Lions","Brisbane Lions","West Coast Eagles","West Coast Eagles",14,"https://s.afl.com.au/staticfile/AFL Tenant/AFL/Players/ChampIDImages/AFL/2025014/291753.png?im=Scale,width=0.6,height=0.6","FPR","CD_I291753",FALSE,14,"Sam","Day","CD_T20",NA,85,0,1,NA,3,4,7,2,0,3,3,4,7,0,2,1,11,3,57.1,3,0,2,41,0,1,0,2.4,NA,NA,2,1,1,1,NA,NA,NA,5,51,0,1,1,1,33.3,0.8,4,0,0,42.9,3,39.3,27.3,0,0,3,9,1,1,28,0,0,0,2,0,0,4,0,0,"CD_I291753",FALSE,14,"Sam","Day","home","Brisbane Lions"
"CD_M20250140206","2025-03-23T02:10:00.000+0000","CONCLUDED","Premiership","Round 2",2,"Gabba","Brisbane Lions","Brisbane Lions","West Coast Eagles","West Coast Eagles",5,"https://s.afl.com.au/staticfile/AFL Tenant/AFL/Players/ChampIDImages/AFL/2025014/993834.png?im=Scale,width=0.6,height=0.6","RR","CD_I993834",FALSE,5,"Josh","Dunkley","CD_T20",NA,81,1,1,NA,13,10,23,6,0,6,12,11,23,5,0,1,0,1,69.6,1,3,0,111,0,0,50,12.4,NA,NA,2,1,2,2,NA,NA,NA,5,200,1,6,7,8,61.5,1.3,16,0,1,52.2,0,0,0,5,2,1,17,12,0,0,0,0,0,1,1,100,25,0,0,"CD_I993834",FALSE,5,"Josh","Dunkley","home","Brisbane Lions"
"CD_M20250140206","2025-03-23T02:10:00.000+0000","CONCLUDED","Premiership","Round 2",2,"Gabba","Brisbane Lions","Brisbane Lions","West Coast Eagles","West Coast Eagles",3,"https://s.afl.com.au/staticfile/AFL Tenant/AFL/Players/ChampIDImages/AFL/2025014/1023708.png?im=Scale,width=0.6,height=0.6","INT","CD_I1023708",FALSE,3,"Jaspa","Fletcher","CD_T20",NA,81,1,0,NA,16,2,18,9,1,0,4,12,16,2,0,0,0,1,77.8,0,0,0,85,4,1,100,14.2,NA,NA,3,6,0,1,NA,NA,NA,5,444,0,0,0,12,75,8,14,0,2,25,0,0,0,4,1,2,10,8,1,0,0,0,0,0,0,0,0,3,3,"CD_I1023708",FALSE,3,"Jaspa","Fletcher","home","Brisbane Lions"
"CD_M20250140206","2025-03-23T02:10:00.000+0000","CONCLUDED","Premiership","Round 2",2,"Gabba","Brisbane Lions","Brisbane Lions","West Coast Eagles","West Coast Eagles",30,"https://s.afl.com.au/staticfile/AFL Tenant/AFL/Players/ChampIDImages/AFL/2025014/993953.png?im=Scale,width=0.6,height=0.6","CHF","CD_I993953",FALSE,30,"Eric","Hipwood","CD_T20",NA,83,2,2,NA,12,3,15,9,1,0,2,13,15,8,3,0,0,1,60,2,0,0,83,0,1,40,7.2,NA,NA,4,2,0,5,NA,NA,NA,5,407,0,0,0,6,50,4,9,1,0,13.3,0,0,0,2,1,1,7,1,1,4,0,0,0,1,0,0,0,0,0,"CD_I993953",FALSE,30,"Eric","Hipwood","home","Brisbane Lions"
"CD_M20250140206","2025-03-23T02:10:00.000+0000","CONCLUDED","Premiership","Round 2",2,"Gabba","Brisbane Lions","Brisbane Lions","West Coast Eagles","West Coast Eagles",35,"https://s.afl.com.au/staticfile/AFL Tenant/AFL/Players/ChampIDImages/AFL/2025014/291548.png?im=Scale,width=0.6,height=0.6","BPR","CD_I291548",FALSE,35,"Ryan","Lester","CD_T20",NA,78,0,0,NA,14,5,19,9,0,3,8,12,20,3,0,2,0,4,63.2,5,3,0,94,4,0,0,9.6,NA,NA,5,9,0,0,NA,NA,NA,6,267,0,1,1,9,64.3,2.8,12,0,4,40,0,0,0,3,0,3,13,8,4,0,0,0,0,0,0,0,0,0,0,"CD_I291548",FALSE,35,"Ryan","Lester","home","Brisbane Lions"
"CD_M20250140206","2025-03-23T02:10:00.000+0000","CONCLUDED","Premiership","Round 2",2,"Gabba","Brisbane Lions","Brisbane Lions","West Coast Eagles","West Coast Eagles",6,"https://s.afl.com.au/staticfile/AFL Tenant/AFL/Players/ChampIDImages/AFL/2025014/1000978.png?im=Scale,width=0.6,height=0.6","C","CD_I1000978",FALSE,6,"Hugh","McCluggage","CD_T20",NA,80,0,0,NA,11,11,22,3,1,7,14,8,22,5,1,0,0,3,59.1,4,1,1,90,1,4,0,19,NA,NA,5,5,4,1,NA,NA,NA,9,442,0,7,7,6,54.5,1,13,0,0,63.6,0,0,0,10,3,4,17,6,0,0,0,0,0,0,0,0,20,0,0,"CD_I1000978",FALSE,6,"Hugh","McCluggage","home","Brisbane Lions"
"CD_M20250140206","2025-03-23T02:10:00.000+0000","CONCLUDED","Premiership","Round 2",2,"Gabba","Brisbane Lions","Brisbane Lions","West Coast Eagles","West Coast Eagles",46,"https://s.afl.com.au/staticfile/AFL Tenant/AFL/Players/ChampIDImages/AFL/2025014/1005521.png?im=Scale,width=0.6,height=0.6","RK","CD_I1005521",FALSE,46,"Oscar","McInerney","CD_T20",NA,81,0,0,NA,6,7,13,1,0,4,10,2,12,5,0,0,34,2,61.5,2,4,1,86,1,0,0,5.9,NA,NA,2,0,1,1,NA,NA,NA,2,198,4,4,8,3,50,0.9,8,0,0,83.3,3,48.6,8.8,3,0,1,9,3,2,70,1,0,0,1,0,0,25,0,0,"CD_I1005521",FALSE,46,"Oscar","McInerney","home","Brisbane Lions"
"CD_M20250140206","2025-03-23T02:10:00.000+0000","CONCLUDED","Premiership","Round 2",2,"Gabba","Brisbane Lions","Brisbane Lions","West Coast Eagles","West Coast Eagles",26,"https://s.afl.com.au/staticfile/AFL Tenant/AFL/Players/ChampIDImages/AFL/2025014/997846.png?im=Scale,width=0.6,height=0.6","SUB","CD_I997846",FALSE,26,"Conor","McKenna","CD_T20",NA,32,0,0,NA,3,0,3,4,0,1,0,4,4,0,0,0,0,1,100,0,0,0,25,1,0,0,2.2,NA,NA,0,0,1,0,NA,NA,NA,1,62,0,0,0,3,100,3,3,0,0,0,0,0,0,0,0,0,6,2,0,0,0,0,0,0,0,0,0,0,0,"CD_I997846",FALSE,26,"Conor","McKenna","home","Brisbane Lions"
"CD_M20250140206","2025-03-23T02:10:00.000+0000","CONCLUDED","Premiership","Round 2",2,"Gabba","Brisbane Lions","Brisbane Lions","West Coast Eagles","West Coast Eagles",28,"https://s.afl.com.au/staticfile/AFL Tenant/AFL/Players/ChampIDImages/AFL/2025014/1029405.png?im=Scale,width=0.6,height=0.6","INT","CD_I1029405",FALSE,28,"Will","McLachlan","CD_T20",NA,69,2,1,NA,5,3,8,2,0,2,4,4,8,1,1,0,0,2,62.5,2,2,0,50,0,0,66.7,7.9,NA,NA,3,1,0,3,NA,NA,NA,3,195,0,0,0,4,80,1.7,5,1,0,50,0,0,0,2,1,0,11,3,2,0,0,0,0,1,0,0,0,0,0,"CD_I1029405",FALSE,28,"Will","McLachlan","home","Brisbane Lions"
"CD_M20250140206","2025-03-23T02:10:00.000+0000","CONCLUDED","Premiership","Round 2",2,"Gabba","Brisbane Lions","Brisbane Lions","West Coast Eagles","West Coast Eagles",13,"https://s.afl.com.au/staticfile/AFL Tenant/AFL/Players/ChampIDImages/AFL/2025014/1028019.png?im=Scale,width=0.6,height=0.6","FF","CD_I1028019",FALSE,13,"Logan","Morris","CD_T20",NA,80,3,0,NA,6,2,8,4,0,2,3,5,8,1,2,1,0,0,75,3,1,0,61,0,0,100,6.6,NA,NA,3,0,1,3,NA,NA,NA,4,147,0,0,0,5,83.3,3,6,0,0,37.5,0,0,0,1,0,0,8,1,0,0,0,0,0,1,0,0,0,0,0,"CD_I1028019",FALSE,13,"Logan","Morris","home","Brisbane Lions"
"CD_M20250140206","2025-03-23T02:10:00.000+0000","CONCLUDED","Premiership","Round 2",2,"Gabba","Brisbane Lions","Brisbane Lions","West Coast Eagles","West Coast Eagles",9,"https://s.afl.com.au/staticfile/AFL Tenant/AFL/Players/ChampIDImages/AFL/2025014/293535.png?im=Scale,width=0.6,height=0.6","R","CD_I293535",FALSE,9,"Lachie","Neale","CD_T20",NA,85,1,0,NA,21,14,35,8,0,1,14,22,36,10,0,0,0,0,77.1,6,1,3,117,1,1,100,17.5,NA,NA,7,1,0,1,NA,NA,NA,7,582,4,4,8,16,76.2,1.5,27,1,0,38.9,0,0,0,13,1,3,9,5,0,0,0,0,0,0,0,0,23,0,0,"CD_I293535",FALSE,9,"Lachie","Neale","home","Brisbane Lions"
"CD_M20250140206","2025-03-23T02:10:00.000+0000","CONCLUDED","Premiership","Round 2",2,"Gabba","Brisbane Lions","Brisbane Lions","West Coast Eagles","West Coast Eagles",40,"https://s.afl.com.au/staticfile/AFL Tenant/AFL/Players/ChampIDImages/AFL/2025014/1002347.png?im=Scale,width=0.6,height=0.6","FB","CD_I1002347",FALSE,40,"Jack","Payne","CD_T20",NA,97,0,0,NA,8,1,9,6,0,2,5,5,10,0,0,1,0,11,100,3,2,0,54,1,0,0,7.6,NA,NA,1,6,0,0,NA,NA,NA,2,169,0,1,1,8,100,8,9,0,3,50,0,0,0,1,0,2,7,6,6,0,2,0,0,0,0,0,0,0,0,"CD_I1002347",FALSE,40,"Jack","Payne","home","Brisbane Lions"
"CD_M20250140206","2025-03-23T02:10:00.000+0000","CONCLUDED","Premiership","Round 2",2,"Gabba","Brisbane Lions","Brisbane Lions","West Coast Eagles","West Coast Eagles",16,"https://s.afl.com.au/staticfile/AFL Tenant/AFL/Players/ChampIDImages/AFL/2025014/1002235.png?im=Scale,width=0.6,height=0.6","FPL","CD_I1002235",FALSE,16,"Cam","Rayner","CD_T20",NA,78,0,0,NA,4,4,8,2,0,8,2,5,7,1,0,0,0,1,50,2,0,0,58,0,0,0,4.4,NA,NA,2,2,3,0,NA,NA,NA,2,132,0,0,0,2,50,1,4,0,0,28.6,0,0,0,2,0,1,17,3,1,0,0,0,0,1,0,0,4,0,0,"CD_I1002235",FALSE,16,"Cam","Rayner","home","Brisbane Lions"
"CD_M20250140206","2025-03-23T02:10:00.000+0000","CONCLUDED","Premiership","Round 2",2,"Gabba","Brisbane Lions","Brisbane Lions","West Coast Eagles","West Coast Eagles",38,"https://s.afl.com.au/staticfile/AFL Tenant/AFL/Players/ChampIDImages/AFL/2025014/1009317.png?im=Scale,width=0.6,height=0.6","HFFL","CD_I1009317",FALSE,38,"Bruce","Reville","CD_T20",NA,48,0,0,NA,5,3,8,3,0,2,1,7,8,1,0,0,0,0,50,2,0,0,38,1,0,0,1.8,NA,NA,2,0,1,0,NA,NA,NA,0,181,0,0,0,2,40,1.7,4,0,0,12.5,0,0,0,1,0,0,10,4,0,0,0,0,0,0,0,0,0,0,0,"CD_I1009317",FALSE,38,"Bruce","Reville","home","Brisbane Lions"
"CD_M20250140206","2025-03-23T02:10:00.000+0000","CONCLUDED","Premiership","Round 2",2,"Gabba","Brisbane Lions","Brisbane Lions","West Coast Eagles","West Coast Eagles",44,"https://s.afl.com.au/staticfile/AFL Tenant/AFL/Players/ChampIDImages/AFL/2025014/1017067.png?im=Scale,width=0.6,height=0.6","HBFR","CD_I1017067",FALSE,44,"Darcy","Wilmot","CD_T20",NA,83,0,0,NA,17,6,23,7,0,2,8,12,20,4,0,0,0,0,78.3,3,2,1,91,6,0,0,8.8,NA,NA,6,6,0,0,NA,NA,NA,3,417,0,3,3,13,76.5,2.8,18,0,0,40,0,0,0,7,0,0,10,5,0,0,0,0,0,0,0,0,0,3,3,"CD_I1017067",FALSE,44,"Darcy","Wilmot","home","Brisbane Lions"
"CD_M20250140206","2025-03-23T02:10:00.000+0000","CONCLUDED","Premiership","Round 2",2,"Gabba","Brisbane Lions","Brisbane Lions","West Coast Eagles","West Coast Eagles",15,"https://s.afl.com.au/staticfile/AFL Tenant/AFL/Players/ChampIDImages/AFL/2025014/261224.png?im=Scale,width=0.6,height=0.6","BPL","CD_I261224",FALSE,15,"Dayne","Zorko","CD_T20",NA,88,0,1,NA,26,2,28,11,2,3,1,22,23,4,0,0,0,1,89.3,2,1,1,126,5,0,0,19.1,NA,NA,3,4,0,1,NA,NA,NA,4,671,0,1,1,23,88.5,13,25,1,3,4.3,0,0,0,1,0,0,16,11,1,0,0,0,0,0,0,0,0,3,3,"CD_I261224",FALSE,15,"Dayne","Zorko","home","Brisbane Lions"
"CD_M20250140206","2025-03-23T02:10:00.000+0000","CONCLUDED","Premiership","Round 2",2,"Gabba","Brisbane Lions","Brisbane Lions","West Coast Eagles","West Coast Eagles",12,"https://s.afl.com.au/staticfile/AFL Tenant/AFL/Players/ChampIDImages/AFL/2025014/1004385.png?im=Scale,width=0.6,height=0.6","FF","CD_I1004385",FALSE,12,"Oscar","Allen","CD_T150",NA,97,1,1,NA,7,1,8,4,0,0,2,6,8,3,0,0,0,2,62.5,4,0,2,36,0,0,50,3.2,NA,NA,3,0,0,2,NA,NA,NA,2,173,0,0,0,5,71.4,7,5,0,0,25,0,0,0,2,1,0,4,1,2,0,0,0,0,1,0,0,0,0,0,"CD_I1004385",FALSE,12,"Oscar","Allen","away","West Coast Eagles"
"CD_M20250140206","2025-03-23T02:10:00.000+0000","CONCLUDED","Premiership","Round 2",2,"Gabba","Brisbane Lions","Brisbane Lions","West Coast Eagles","West Coast Eagles",3,"https://s.afl.com.au/staticfile/AFL Tenant/AFL/Players/ChampIDImages/AFL/2025014/1000223.png?im=Scale,width=0.6,height=0.6","HBFR","CD_I1000223",FALSE,3,"Liam","Baker","CD_T150",NA,83,0,0,NA,15,9,24,3,0,7,10,13,23,4,0,0,0,2,50,10,1,3,92,1,0,0,6.3,NA,NA,6,3,1,0,NA,NA,NA,1,290,4,2,6,5,33.3,1.7,12,0,0,43.5,0,0,0,9,0,0,22,17,1,0,0,0,0,0,0,0,24,0,0,"CD_I1000223",FALSE,3,"Liam","Baker","away","West Coast Eagles"
"CD_M20250140206","2025-03-23T02:10:00.000+0000","CONCLUDED","Premiership","Round 2",2,"Gabba","Brisbane Lions","Brisbane Lions","West Coast Eagles","West Coast Eagles",10,"https://s.afl.com.au/staticfile/AFL Tenant/AFL/Players/ChampIDImages/AFL/2025014/1013511.png?im=Scale,width=0.6,height=0.6","INT","CD_I1013511",FALSE,10,"Tyler","Brockman","CD_T150",NA,76,2,0,NA,6,3,9,3,0,0,2,6,8,1,1,1,0,2,77.8,3,0,1,42,0,0,100,8.1,NA,NA,3,0,0,2,NA,NA,NA,3,195,0,1,1,4,66.7,2,7,0,0,25,0,0,0,1,1,0,8,3,1,0,0,0,0,0,0,0,0,0,0,"CD_I1013511",FALSE,10,"Tyler","Brockman","away","West Coast Eagles"
"CD_M20250140206","2025-03-23T02:10:00.000+0000","CONCLUDED","Premiership","Round 2",2,"Gabba","Brisbane Lions","Brisbane Lions","West Coast Eagles","West Coast Eagles",28,"https://s.afl.com.au/staticfile/AFL Tenant/AFL/Players/ChampIDImages/AFL/2025014/993820.png?im=Scale,width=0.6,height=0.6","INT","CD_I993820",FALSE,28,"Tom","Cole","CD_T150",NA,83,0,0,NA,4,9,13,2,1,4,4,8,12,0,0,0,0,1,69.2,4,0,1,49,4,0,0,4.2,NA,NA,2,3,0,0,NA,NA,NA,3,102,0,1,1,3,75,0.4,9,0,0,33.3,0,0,0,4,0,1,10,7,1,0,0,0,0,0,0,0,0,0,0,"CD_I993820",FALSE,28,"Tom","Cole","away","West Coast Eagles"
"CD_M20250140206","2025-03-23T02:10:00.000+0000","CONCLUDED","Premiership","Round 2",2,"Gabba","Brisbane Lions","Brisbane Lions","West Coast Eagles","West Coast Eagles",15,"https://s.afl.com.au/staticfile/AFL Tenant/AFL/Players/ChampIDImages/AFL/2025014/290826.png?im=Scale,width=0.6,height=0.6","FPR","CD_I290826",FALSE,15,"Jamie","Cripps","CD_T150",NA,90,1,1,NA,8,4,12,2,0,2,2,9,11,2,0,0,0,0,75,0,2,0,55,1,1,50,7.6,NA,NA,0,2,0,2,NA,NA,NA,4,226,0,1,1,5,62.5,2,9,1,0,18.2,0,0,0,0,0,1,13,7,0,0,0,0,0,0,0,0,0,0,0,"CD_I290826",FALSE,15,"Jamie","Cripps","away","West Coast Eagles"
"CD_M20250140206","2025-03-23T02:10:00.000+0000","CONCLUDED","Premiership","Round 2",2,"Gabba","Brisbane Lions","Brisbane Lions","West Coast Eagles","West Coast Eagles",43,"https://s.afl.com.au/staticfile/AFL Tenant/AFL/Players/ChampIDImages/AFL/2025014/1023142.png?im=Scale,width=0.6,height=0.6","WR","CD_I1023142",FALSE,43,"Tyrell","Dewar","CD_T150",NA,82,2,0,NA,15,5,20,7,1,1,5,18,23,4,0,0,0,2,65,4,0,1,89,1,0,50,16.6,NA,NA,4,3,0,4,NA,NA,NA,4,591,0,0,0,9,60,3,13,0,0,21.7,0,0,0,3,1,1,8,2,0,0,0,0,0,0,0,0,0,0,0,"CD_I1023142",FALSE,43,"Tyrell","Dewar","away","West Coast Eagles"
"CD_M20250140206","2025-03-23T02:10:00.000+0000","CONCLUDED","Premiership","Round 2",2,"Gabba","Brisbane Lions","Brisbane Lions","West Coast Eagles","West Coast Eagles",14,"https://s.afl.com.au/staticfile/AFL Tenant/AFL/Players/ChampIDImages/AFL/2025014/298268.png?im=Scale,width=0.6,height=0.6","RR","CD_I298268",FALSE,14,"Liam","Duggan","CD_T150",NA,83,0,0,NA,9,10,19,5,1,2,9,11,20,2,0,1,0,0,68.4,3,1,1,68,5,0,0,11.9,NA,NA,7,8,0,0,NA,NA,NA,1,333,0,1,1,4,44.4,0.9,13,0,1,45,0,0,0,7,0,0,12,9,0,0,1,0,0,0,0,0,0,0,0,"CD_I298268",FALSE,14,"Liam","Duggan","away","West Coast Eagles"
"CD_M20250140206","2025-03-23T02:10:00.000+0000","CONCLUDED","Premiership","Round 2",2,"Gabba","Brisbane Lions","Brisbane Lions","West Coast Eagles","West Coast Eagles",42,"https://s.afl.com.au/staticfile/AFL Tenant/AFL/Players/ChampIDImages/AFL/2025014/1011437.png?im=Scale,width=0.6,height=0.6","FB","CD_I1011437",FALSE,42,"Harry","Edwards","CD_T150",NA,87,0,0,NA,6,1,7,3,0,0,3,5,8,2,0,1,0,9,71.4,1,1,0,30,2,0,0,8.5,NA,NA,3,4,0,0,NA,NA,NA,2,259,0,0,0,4,66.7,6,5,0,2,37.5,0,0,0,0,0,0,1,0,8,1,0,0,0,0,0,0,0,0,0,"CD_I1011437",FALSE,42,"Harry","Edwards","away","West Coast Eagles"
"CD_M20250140206","2025-03-23T02:10:00.000+0000","CONCLUDED","Premiership","Round 2",2,"Gabba","Brisbane Lions","Brisbane Lions","West Coast Eagles","West Coast Eagles",7,"https://s.afl.com.au/staticfile/AFL Tenant/AFL/Players/ChampIDImages/AFL/2025014/1023025.png?im=Scale,width=0.6,height=0.6","HBFL","CD_I1023025",FALSE,7,"Reuben","Ginbey","CD_T150",NA,89,0,0,NA,8,3,11,5,0,3,7,6,13,0,0,1,1,5,63.6,3,0,0,58,5,0,0,9.2,NA,NA,3,5,0,0,NA,NA,NA,1,221,0,0,0,5,62.5,2.7,7,0,3,53.8,0,10,0,4,0,0,10,9,3,10,1,0,0,0,0,0,4,0,0,"CD_I1023025",FALSE,7,"Reuben","Ginbey","away","West Coast Eagles"
"CD_M20250140206","2025-03-23T02:10:00.000+0000","CONCLUDED","Premiership","Round 2",2,"Gabba","Brisbane Lions","Brisbane Lions","West Coast Eagles","West Coast Eagles",29,"https://s.afl.com.au/staticfile/AFL Tenant/AFL/Players/ChampIDImages/AFL/2025014/1024188.png?im=Scale,width=0.6,height=0.6","INT","CD_I1024188",FALSE,29,"Clay","Hall","CD_T150",NA,65,1,0,NA,4,11,15,0,0,3,14,4,18,1,0,0,0,2,80,2,0,1,49,0,1,50,14.3,NA,NA,0,3,1,2,NA,NA,NA,4,153,3,4,7,1,25,0.4,12,0,0,77.8,0,0,0,11,3,3,10,2,1,0,0,0,0,0,0,0,16,0,0,"CD_I1024188",FALSE,29,"Clay","Hall","away","West Coast Eagles"
"CD_M20250140206","2025-03-23T02:10:00.000+0000","CONCLUDED","Premiership","Round 2",2,"Gabba","Brisbane Lions","Brisbane Lions","West Coast Eagles","West Coast Eagles",8,"https://s.afl.com.au/staticfile/AFL Tenant/AFL/Players/ChampIDImages/AFL/2025014/1020670.png?im=Scale,width=0.6,height=0.6","INT","CD_I1020670",FALSE,8,"Elijah","Hewett","CD_T150",NA,70,0,2,NA,8,5,13,2,0,2,9,5,14,3,1,0,0,2,38.5,2,3,0,53,1,1,0,6.2,NA,NA,1,5,1,2,NA,NA,NA,4,232,1,0,1,2,25,1.6,5,0,1,64.3,0,0,0,5,2,3,9,1,0,0,0,0,0,1,0,0,4,0,0,"CD_I1020670",FALSE,8,"Elijah","Hewett","away","West Coast Eagles"
"CD_M20250140206","2025-03-23T02:10:00.000+0000","CONCLUDED","Premiership","Round 2",2,"Gabba","Brisbane Lions","Brisbane Lions","West Coast Eagles","West Coast Eagles",19,"https://s.afl.com.au/staticfile/AFL Tenant/AFL/Players/ChampIDImages/AFL/2025014/1023167.png?im=Scale,width=0.6,height=0.6","BPL","CD_I1023167",FALSE,19,"Brady","Hough","CD_T150",NA,87,0,0,NA,10,4,14,4,0,5,6,9,15,5,0,1,0,2,57.1,2,1,0,71,1,0,0,6.1,NA,NA,6,6,0,0,NA,NA,NA,2,293,0,0,0,4,40,2.5,8,0,2,40,0,0,0,3,0,1,12,6,1,0,3,0,0,0,0,0,0,0,0,"CD_I1023167",FALSE,19,"Brady","Hough","away","West Coast Eagles"
"CD_M20250140206","2025-03-23T02:10:00.000+0000","CONCLUDED","Premiership","Round 2",2,"Gabba","Brisbane Lions","Brisbane Lions","West Coast Eagles","West Coast Eagles",5,"https://s.afl.com.au/staticfile/AFL Tenant/AFL/Players/ChampIDImages/AFL/2025014/994385.png?im=Scale,width=0.6,height=0.6","WL","CD_I994385",FALSE,5,"Jayden","Hunt","CD_T150",NA,82,0,0,NA,9,9,18,5,1,1,3,15,18,3,0,0,0,2,77.8,6,0,4,52,1,0,0,6.7,NA,NA,2,4,0,0,NA,NA,NA,5,309,0,0,0,5,55.6,1,14,0,1,16.7,0,0,0,2,0,1,8,4,1,0,1,1,100,0,0,0,0,0,0,"CD_I994385",FALSE,5,"Jayden","Hunt","away","West Coast Eagles"
"CD_M20250140206","2025-03-23T02:10:00.000+0000","CONCLUDED","Premiership","Round 2",2,"Gabba","Brisbane Lions","Brisbane Lions","West Coast Eagles","West Coast Eagles",11,"https://s.afl.com.au/staticfile/AFL Tenant/AFL/Players/ChampIDImages/AFL/2025014/295898.png?im=Scale,width=0.6,height=0.6","R","CD_I295898",FALSE,11,"Tim","Kelly","CD_T150",NA,78,0,1,NA,15,14,29,5,1,4,13,18,31,5,0,1,0,2,58.6,7,0,1,102,3,2,0,7.8,NA,NA,6,4,0,1,NA,NA,NA,6,444,0,6,6,7,46.7,1.1,17,0,1,41.9,0,0,0,10,1,3,15,10,1,0,0,0,0,0,0,0,22,0,0,"CD_I295898",FALSE,11,"Tim","Kelly","away","West Coast Eagles"
"CD_M20250140206","2025-03-23T02:10:00.000+0000","CONCLUDED","Premiership","Round 2",2,"Gabba","Brisbane Lions","Brisbane Lions","West Coast Eagles","West Coast Eagles",13,"https://s.afl.com.au/staticfile/AFL Tenant/AFL/Players/ChampIDImages/AFL/2025014/1023496.png?im=Scale,width=0.6,height=0.6","HFFL","CD_I1023496",FALSE,13,"Noah","Long","CD_T150",NA,78,0,0,NA,3,4,7,0,1,3,2,5,7,2,0,0,0,0,85.7,1,0,0,29,0,1,0,6.1,NA,NA,1,0,1,1,NA,NA,NA,5,99,0,0,0,2,66.7,0.8,6,0,0,28.6,0,0,0,2,1,0,8,3,0,0,0,0,0,0,0,0,0,0,0,"CD_I1023496",FALSE,13,"Noah","Long","away","West Coast Eagles"
"CD_M20250140206","2025-03-23T02:10:00.000+0000","CONCLUDED","Premiership","Round 2",2,"Gabba","Brisbane Lions","Brisbane Lions","West Coast Eagles","West Coast Eagles",23,"https://s.afl.com.au/staticfile/AFL Tenant/AFL/Players/ChampIDImages/AFL/2025014/1029416.png?im=Scale,width=0.6,height=0.6","BPR","CD_I1029416",FALSE,23,"Ryan","Maric","CD_T150",NA,85,0,0,NA,18,8,26,1,3,1,3,19,22,2,0,0,0,2,69.2,6,0,1,74,8,0,0,3.9,NA,NA,8,5,0,0,NA,NA,NA,1,511,0,0,0,10,55.6,2.3,18,0,0,13.6,0,0,0,2,0,0,3,1,1,0,1,0,0,0,0,0,0,5,4,"CD_I1029416",FALSE,23,"Ryan","Maric","away","West Coast Eagles"
"CD_M20250140206","2025-03-23T02:10:00.000+0000","CONCLUDED","Premiership","Round 2",2,"Gabba","Brisbane Lions","Brisbane Lions","West Coast Eagles","West Coast Eagles",20,"https://s.afl.com.au/staticfile/AFL Tenant/AFL/Players/ChampIDImages/AFL/2025014/294859.png?im=Scale,width=0.6,height=0.6","CHB","CD_I294859",FALSE,20,"Jeremy","McGovern","CD_T150",NA,91,0,0,NA,11,9,20,3,0,1,5,8,13,0,0,1,0,5,80,1,0,0,64,8,0,0,14.5,NA,NA,2,7,0,0,NA,NA,NA,2,327,0,0,0,10,90.9,1.2,16,0,1,38.5,0,0,0,4,0,1,6,6,5,1,2,0,0,0,0,0,0,5,5,"CD_I294859",FALSE,20,"Jeremy","McGovern","away","West Coast Eagles"
"CD_M20250140206","2025-03-23T02:10:00.000+0000","CONCLUDED","Premiership","Round 2",2,"Gabba","Brisbane Lions","Brisbane Lions","West Coast Eagles","West Coast Eagles",16,"https://s.afl.com.au/staticfile/AFL Tenant/AFL/Players/ChampIDImages/AFL/2025014/1013973.png?im=Scale,width=0.6,height=0.6","HFFR","CD_I1013973",FALSE,16,"Matthew","Owies","CD_T150",NA,84,0,0,NA,4,9,13,2,0,8,7,6,13,2,0,0,0,0,46.2,5,1,0,69,0,0,0,5.8,NA,NA,3,0,5,0,NA,NA,NA,3,91,0,1,1,2,50,0.4,6,1,0,53.8,0,0,0,6,2,0,26,11,0,0,0,0,0,0,0,0,0,0,0,"CD_I1013973",FALSE,16,"Matthew","Owies","away","West Coast Eagles"
"CD_M20250140206","2025-03-23T02:10:00.000+0000","CONCLUDED","Premiership","Round 2",2,"Gabba","Brisbane Lions","Brisbane Lions","West Coast Eagles","West Coast Eagles",21,"https://s.afl.com.au/staticfile/AFL Tenant/AFL/Players/ChampIDImages/AFL/2025014/1006550.png?im=Scale,width=0.6,height=0.6","SUB","CD_I1006550",FALSE,21,"Jack","Petruccelle","CD_T150",NA,28,1,0,NA,2,1,3,2,0,1,0,3,3,0,1,0,0,1,66.7,2,0,1,21,0,0,100,4.1,NA,NA,2,0,0,1,NA,NA,NA,1,81,0,0,0,1,50,2,2,0,0,0,0,0,0,0,0,0,3,1,1,0,0,0,0,1,0,0,0,0,0,"CD_I1006550",FALSE,21,"Jack","Petruccelle","away","West Coast Eagles"
"CD_M20250140206","2025-03-23T02:10:00.000+0000","CONCLUDED","Premiership","Round 2",2,"Gabba","Brisbane Lions","Brisbane Lions","West Coast Eagles","West Coast Eagles",22,"https://s.afl.com.au/staticfile/AFL Tenant/AFL/Players/ChampIDImages/AFL/2025014/1027693.png?im=Scale,width=0.6,height=0.6","CHF","CD_I1027693",FALSE,22,"Archer","Reid","CD_T150",NA,66,0,2,NA,5,2,7,1,0,0,3,3,6,0,1,0,13,1,42.9,3,1,1,35,0,0,0,-0.2,NA,NA,0,2,0,2,NA,NA,NA,3,152,0,2,2,2,40,2.5,3,0,0,50,1,36.1,7.7,1,0,1,4,2,1,36,1,0,0,2,0,0,10,0,0,"CD_I1027693",FALSE,22,"Archer","Reid","away","West Coast Eagles"
"CD_M20250140206","2025-03-23T02:10:00.000+0000","CONCLUDED","Premiership","Round 2",2,"Gabba","Brisbane Lions","Brisbane Lions","West Coast Eagles","West Coast Eagles",9,"https://s.afl.com.au/staticfile/AFL Tenant/AFL/Players/ChampIDImages/AFL/2025014/1023492.png?im=Scale,width=0.6,height=0.6","C","CD_I1023492",FALSE,9,"Harley","Reid","CD_T150",NA,79,0,0,NA,8,7,15,3,1,7,9,8,17,2,0,0,0,0,66.7,10,2,7,56,1,0,0,5.9,NA,NA,3,1,2,0,NA,NA,NA,4,205,4,2,6,3,37.5,1.1,10,1,0,52.9,0,0,0,7,0,0,19,7,0,0,0,0,0,0,0,0,21,0,0,"CD_I1023492",FALSE,9,"Harley","Reid","away","West Coast Eagles"
"CD_M20250140206","2025-03-23T02:10:00.000+0000","CONCLUDED","Premiership","Round 2",2,"Gabba","Brisbane Lions","Brisbane Lions","West Coast Eagles","West Coast Eagles",1,"https://s.afl.com.au/staticfile/AFL Tenant/AFL/Players/ChampIDImages/AFL/2025014/1004364.png?im=Scale,width=0.6,height=0.6","FPL","CD_I1004364",FALSE,1,"Liam","Ryan","CD_T150",NA,86,3,1,NA,10,6,16,4,2,1,7,9,16,3,3,1,0,0,56.3,1,1,0,78,0,1,60,20.4,NA,NA,1,4,1,5,NA,NA,NA,6,396,0,0,0,6,60,1.7,9,1,0,43.8,0,0,0,6,5,1,6,1,0,0,1,1,100,2,0,0,0,0,0,"CD_I1004364",FALSE,1,"Liam","Ryan","away","West Coast Eagles"
"CD_M20250140206","2025-03-23T02:10:00.000+0000","CONCLUDED","Premiership","Round 2",2,"Gabba","Brisbane Lions","Brisbane Lions","West Coast Eagles","West Coast Eagles",32,"https://s.afl.com.au/staticfile/AFL Tenant/AFL/Players/ChampIDImages/AFL/2025014/1006114.png?im=Scale,width=0.6,height=0.6","RK","CD_I1006114",FALSE,32,"Bailey J.","Williams","CD_T150",NA,50,0,0,NA,3,1,4,1,0,1,3,1,4,2,0,1,23,1,50,3,1,2,36,2,0,0,4.5,NA,NA,1,0,0,0,NA,NA,NA,3,66,1,2,3,1,33.3,3,2,0,0,75,7,42.6,30.4,1,0,3,2,1,1,54,0,0,0,1,1,100,15,0,0,"CD_I1006114",FALSE,32,"Bailey J.","Williams","away","West Coast Eagles"
"CD_M20250140207","2025-03-23T04:20:00.000+0000","CONCLUDED","Premiership","Round 2",2,"Marvel Stadium","North Melbourne","North Melbourne","Melbourne","Melbourne",30,"https://s.afl.com.au/staticfile/AFL Tenant/AFL/Players/ChampIDImages/AFL/2025014/1015781.png?im=Scale,width=0.6,height=0.6","BPL","CD_I1015781",FALSE,30,"Charlie","Comben","CD_T100",NA,95,0,0,NA,13,3,16,12,2,1,8,7,15,2,0,5,0,3,87.5,5,0,1,82,4,0,0,9,NA,NA,3,12,0,0,NA,NA,NA,1,213,0,0,0,13,100,4.3,14,0,8,53.3,0,0,0,3,0,0,7,5,3,0,3,0,0,1,1,100,0,0,0,"CD_I1015781",FALSE,30,"Charlie","Comben","home","North Melbourne"
"CD_M20250140207","2025-03-23T04:20:00.000+0000","CONCLUDED","Premiership","Round 2",2,"Marvel Stadium","North Melbourne","North Melbourne","Melbourne","Melbourne",4,"https://s.afl.com.au/staticfile/AFL Tenant/AFL/Players/ChampIDImages/AFL/2025014/294508.png?im=Scale,width=0.6,height=0.6","FB","CD_I294508",FALSE,4,"Aidan","Corr","CD_T100",NA,87,0,0,NA,14,3,17,7,0,0,3,13,16,0,0,0,0,3,82.4,3,0,2,63,5,0,0,10.4,NA,NA,1,6,0,0,NA,NA,NA,3,271,0,1,1,11,78.6,4.7,14,0,1,18.8,0,0,0,2,0,2,7,6,2,0,2,0,0,0,0,0,0,1,1,"CD_I294508",FALSE,4,"Aidan","Corr","home","North Melbourne"
"CD_M20250140207","2025-03-23T04:20:00.000+0000","CONCLUDED","Premiership","Round 2",2,"Marvel Stadium","North Melbourne","North Melbourne","Melbourne","Melbourne",25,"https://s.afl.com.au/staticfile/AFL Tenant/AFL/Players/ChampIDImages/AFL/2025014/1002947.png?im=Scale,width=0.6,height=0.6","FPL","CD_I1002947",FALSE,25,"Paul","Curtis","CD_T100",NA,82,3,2,NA,13,9,22,6,0,4,9,14,23,3,2,1,0,1,68.2,5,2,1,110,0,1,60,17.8,NA,NA,5,4,2,5,NA,NA,NA,11,434,0,0,0,8,61.5,1.4,15,0,1,39.1,0,0,0,5,4,2,13,3,0,0,0,0,0,1,1,100,0,0,0,"CD_I1002947",FALSE,25,"Paul","Curtis","home","North Melbourne"
"CD_M20250140207","2025-03-23T04:20:00.000+0000","CONCLUDED","Premiership","Round 2",2,"Marvel Stadium","North Melbourne","North Melbourne","Melbourne","Melbourne",5,"https://s.afl.com.au/staticfile/AFL Tenant/AFL/Players/ChampIDImages/AFL/2025014/295136.png?im=Scale,width=0.6,height=0.6","CHB","CD_I295136",FALSE,5,"Caleb","Daniel","CD_T100",NA,83,0,0,NA,25,6,31,6,4,3,5,22,27,2,0,0,0,0,77.4,5,0,1,114,11,0,0,11.4,NA,NA,9,7,0,0,NA,NA,NA,4,778,0,1,1,18,72,4.2,24,0,1,18.5,0,0,0,5,0,1,21,13,0,0,0,0,0,0,0,0,0,8,7,"CD_I295136",FALSE,5,"Caleb","Daniel","home","North Melbourne"
"CD_M20250140207","2025-03-23T04:20:00.000+0000","CONCLUDED","Premiership","Round 2",2,"Marvel Stadium","North Melbourne","North Melbourne","Melbourne","Melbourne",28,"https://s.afl.com.au/staticfile/AFL Tenant/AFL/Players/ChampIDImages/AFL/2025014/290838.png?im=Scale,width=0.6,height=0.6","FF","CD_I290838",FALSE,28,"Jack","Darling","CD_T100",NA,84,2,0,NA,8,6,14,4,0,3,6,8,14,3,2,2,3,1,85.7,1,0,1,72,0,0,66.7,13.9,NA,NA,1,2,1,3,NA,NA,NA,7,228,0,0,0,6,75,1.3,12,0,0,42.9,0,30,0,3,1,0,11,3,1,10,1,1,100,4,1,25,5,0,0,"CD_I290838",FALSE,28,"Jack","Darling","home","North Melbourne"
"CD_M20250140207","2025-03-23T04:20:00.000+0000","CONCLUDED","Premiership","Round 2",2,"Marvel Stadium","North Melbourne","North Melbourne","Melbourne","Melbourne",9,"https://s.afl.com.au/staticfile/AFL Tenant/AFL/Players/ChampIDImages/AFL/2025014/1002267.png?im=Scale,width=0.6,height=0.6","C","CD_I1002267",FALSE,9,"Luke","Davies-Uniacke","CD_T100",NA,87,0,0,NA,9,14,23,2,3,7,12,12,24,2,0,1,0,2,87,5,0,1,86,2,2,0,14.1,NA,NA,3,4,1,0,NA,NA,NA,7,353,0,4,4,8,88.9,0.6,20,0,0,50,0,0,0,8,0,1,23,10,1,0,0,0,0,0,0,0,23,0,0,"CD_I1002267",FALSE,9,"Luke","Davies-Uniacke","home","North Melbourne"
"CD_M20250140207","2025-03-23T04:20:00.000+0000","CONCLUDED","Premiership","Round 2",2,"Marvel Stadium","North Melbourne","North Melbourne","Melbourne","Melbourne",46,"https://s.afl.com.au/staticfile/AFL Tenant/AFL/Players/ChampIDImages/AFL/2025014/1023144.png?im=Scale,width=0.6,height=0.6","INT","CD_I1023144",FALSE,46,"Robert","Hansen Jr","CD_T100",NA,73,0,0,NA,7,8,15,3,3,1,3,13,16,2,0,0,0,2,86.7,4,0,0,50,2,2,0,6.6,NA,NA,4,0,0,0,NA,NA,NA,4,317,0,0,0,5,71.4,0.9,13,0,0,18.8,0,0,0,3,1,0,12,6,2,0,0,0,0,0,0,0,0,0,0,"CD_I1023144",FALSE,46,"Robert","Hansen Jr","home","North Melbourne"
"CD_M20250140207","2025-03-23T04:20:00.000+0000","CONCLUDED","Premiership","Round 2",2,"Marvel Stadium","North Melbourne","North Melbourne","Melbourne","Melbourne",41,"https://s.afl.com.au/staticfile/AFL Tenant/AFL/Players/ChampIDImages/AFL/2025014/1023530.png?im=Scale,width=0.6,height=0.6","INT","CD_I1023530",FALSE,41,"Jacob","Konstanty","CD_T100",NA,55,1,0,NA,4,5,9,1,0,2,4,4,8,1,0,0,0,0,77.8,4,1,2,34,0,1,100,7.7,NA,NA,4,1,0,1,NA,NA,NA,4,89,0,0,0,3,75,0.8,7,0,0,50,0,0,0,3,2,0,6,4,0,0,0,0,0,2,0,0,0,0,0,"CD_I1023530",FALSE,41,"Jacob","Konstanty","home","North Melbourne"
"CD_M20250140207","2025-03-23T04:20:00.000+0000","CONCLUDED","Premiership","Round 2",2,"Marvel Stadium","North Melbourne","North Melbourne","Melbourne","Melbourne",20,"https://s.afl.com.au/staticfile/AFL Tenant/AFL/Players/ChampIDImages/AFL/2025014/1001017.png?im=Scale,width=0.6,height=0.6","CHF","CD_I1001017",FALSE,20,"Nick","Larkey","CD_T100",NA,89,3,1,NA,6,4,10,3,0,2,5,6,11,0,2,1,0,0,50,1,2,0,64,0,0,75,10.3,NA,NA,2,1,1,4,NA,NA,NA,6,167,0,0,0,3,50,1.5,5,0,0,45.5,0,0,0,2,0,1,7,2,0,0,0,0,0,3,1,33.3,0,0,0,"CD_I1001017",FALSE,20,"Nick","Larkey","home","North Melbourne"
"CD_M20250140207","2025-03-23T04:20:00.000+0000","CONCLUDED","Premiership","Round 2",2,"Marvel Stadium","North Melbourne","North Melbourne","Melbourne","Melbourne",11,"https://s.afl.com.au/staticfile/AFL Tenant/AFL/Players/ChampIDImages/AFL/2025014/296355.png?im=Scale,width=0.6,height=0.6","BPR","CD_I296355",FALSE,11,"Luke","McDonald","CD_T100",NA,83,0,0,NA,9,6,15,6,1,0,2,12,14,3,0,0,0,5,93.3,0,0,0,57,3,0,0,6.1,NA,NA,1,2,0,0,NA,NA,NA,3,281,0,0,0,9,100,1.5,14,0,0,14.3,0,0,0,2,0,0,3,3,5,0,2,1,50,0,0,0,0,1,1,"CD_I296355",FALSE,11,"Luke","McDonald","home","North Melbourne"
"CD_M20250140207","2025-03-23T04:20:00.000+0000","CONCLUDED","Premiership","Round 2",2,"Marvel Stadium","North Melbourne","North Melbourne","Melbourne","Melbourne",10,"https://s.afl.com.au/staticfile/AFL Tenant/AFL/Players/ChampIDImages/AFL/2025014/1024272.png?im=Scale,width=0.6,height=0.6","HBFR","CD_I1024272",FALSE,10,"Colby","McKercher","CD_T100",NA,77,1,1,NA,11,6,17,1,1,2,2,15,17,3,0,0,0,1,52.9,5,0,1,60,3,1,50,5.1,NA,NA,5,2,0,2,NA,NA,NA,4,331,0,0,0,5,45.5,1.8,9,0,0,11.8,0,0,0,2,0,1,10,8,1,0,0,0,0,0,0,0,0,0,0,"CD_I1024272",FALSE,10,"Colby","McKercher","home","North Melbourne"
"CD_M20250140207","2025-03-23T04:20:00.000+0000","CONCLUDED","Premiership","Round 2",2,"Marvel Stadium","North Melbourne","North Melbourne","Melbourne","Melbourne",2,"https://s.afl.com.au/staticfile/AFL Tenant/AFL/Players/ChampIDImages/AFL/2025014/1028495.png?im=Scale,width=0.6,height=0.6","WL","CD_I1028495",FALSE,2,"Finn","O'Sullivan","CD_T100",NA,79,0,0,NA,9,3,12,2,0,0,4,5,9,1,0,1,0,0,91.7,3,0,2,33,1,0,0,9.5,NA,NA,2,2,0,0,NA,NA,NA,4,270,0,1,1,8,88.9,3,11,0,0,44.4,0,0,0,3,0,1,8,5,0,0,0,0,0,0,0,0,0,2,2,"CD_I1028495",FALSE,2,"Finn","O'Sullivan","home","North Melbourne"
"CD_M20250140207","2025-03-23T04:20:00.000+0000","CONCLUDED","Premiership","Round 2",2,"Marvel Stadium","North Melbourne","North Melbourne","Melbourne","Melbourne",26,"https://s.afl.com.au/staticfile/AFL Tenant/AFL/Players/ChampIDImages/AFL/2025014/290778.png?im=Scale,width=0.6,height=0.6","R","CD_I290778",FALSE,26,"Luke","Parker","CD_T100",NA,77,1,0,NA,10,12,22,3,0,2,8,13,21,5,0,1,0,0,72.7,2,1,1,75,1,2,100,13.7,NA,NA,3,3,0,1,NA,NA,NA,11,301,3,0,3,7,70,0.8,16,0,1,38.1,0,0,0,3,1,4,14,11,0,0,0,0,0,0,0,0,19,0,0,"CD_I290778",FALSE,26,"Luke","Parker","home","North Melbourne"
"CD_M20250140207","2025-03-23T04:20:00.000+0000","CONCLUDED","Premiership","Round 2",2,"Marvel Stadium","North Melbourne","North Melbourne","Melbourne","Melbourne",29,"https://s.afl.com.au/staticfile/AFL Tenant/AFL/Players/ChampIDImages/AFL/2025014/1012829.png?im=Scale,width=0.6,height=0.6","INT","CD_I1012829",FALSE,29,"Will","Phillips","CD_T100",NA,56,0,0,NA,2,8,10,2,0,6,3,7,10,2,0,0,0,0,80,1,0,0,52,2,1,0,6.2,NA,NA,1,1,1,0,NA,NA,NA,2,65,0,0,0,2,100,0.3,8,0,0,30,0,0,0,3,2,0,16,8,0,0,0,0,0,0,0,0,11,0,0,"CD_I1012829",FALSE,29,"Will","Phillips","home","North Melbourne"
"CD_M20250140207","2025-03-23T04:20:00.000+0000","CONCLUDED","Premiership","Round 2",2,"Marvel Stadium","North Melbourne","North Melbourne","Melbourne","Melbourne",32,"https://s.afl.com.au/staticfile/AFL Tenant/AFL/Players/ChampIDImages/AFL/2025014/1002138.png?im=Scale,width=0.6,height=0.6","HFFR","CD_I1002138",FALSE,32,"Toby","Pink","CD_T100",NA,90,0,0,NA,10,2,12,9,0,3,2,9,11,0,0,1,0,2,91.7,3,1,2,68,1,0,0,1.7,NA,NA,2,4,0,0,NA,NA,NA,1,210,0,0,0,9,90,5,11,0,2,18.2,0,0,0,0,0,1,10,10,1,0,1,0,0,0,0,0,0,0,0,"CD_I1002138",FALSE,32,"Toby","Pink","home","North Melbourne"
"CD_M20250140207","2025-03-23T04:20:00.000+0000","CONCLUDED","Premiership","Round 2",2,"Marvel Stadium","North Melbourne","North Melbourne","Melbourne","Melbourne",24,"https://s.afl.com.au/staticfile/AFL Tenant/AFL/Players/ChampIDImages/AFL/2025014/1011659.png?im=Scale,width=0.6,height=0.6","RR","CD_I1011659",FALSE,24,"Tom","Powell","CD_T100",NA,73,1,0,NA,15,16,31,2,0,2,12,19,31,7,0,0,0,0,83.9,4,1,0,98,2,1,100,20.6,NA,NA,3,2,0,1,NA,NA,NA,10,535,5,3,8,12,80,0.9,26,0,0,38.7,0,0,0,8,0,3,15,9,0,0,0,0,0,0,0,0,15,0,0,"CD_I1011659",FALSE,24,"Tom","Powell","home","North Melbourne"
"CD_M20250140207","2025-03-23T04:20:00.000+0000","CONCLUDED","Premiership","Round 2",2,"Marvel Stadium","North Melbourne","North Melbourne","Melbourne","Melbourne",8,"https://s.afl.com.au/staticfile/AFL Tenant/AFL/Players/ChampIDImages/AFL/2025014/1006058.png?im=Scale,width=0.6,height=0.6","HBFL","CD_I1006058",FALSE,8,"Bailey","Scott","CD_T100",NA,84,1,1,NA,11,6,17,8,1,2,2,16,18,4,1,1,0,0,88.2,1,0,1,81,3,1,50,7.4,NA,NA,5,0,0,2,NA,NA,NA,5,399,0,0,0,10,90.9,1.8,15,1,0,11.1,0,0,0,1,0,0,18,11,0,0,0,0,0,0,0,0,0,0,0,"CD_I1006058",FALSE,8,"Bailey","Scott","home","North Melbourne"
"CD_M20250140207","2025-03-23T04:20:00.000+0000","CONCLUDED","Premiership","Round 2",2,"Marvel Stadium","North Melbourne","North Melbourne","Melbourne","Melbourne",3,"https://s.afl.com.au/staticfile/AFL Tenant/AFL/Players/ChampIDImages/AFL/2025014/1023518.png?im=Scale,width=0.6,height=0.6","HFFL","CD_I1023518",FALSE,3,"Harry","Sheezel","CD_T100",NA,89,0,1,NA,15,13,28,7,0,2,14,15,29,3,0,0,0,1,67.9,7,1,0,102,1,0,0,8.7,NA,NA,8,4,0,1,NA,NA,NA,8,227,2,2,4,8,53.3,1.2,19,1,1,48.3,0,0,0,11,2,2,16,10,0,0,0,0,0,1,1,100,17,0,0,"CD_I1023518",FALSE,3,"Harry","Sheezel","home","North Melbourne"
"CD_M20250140207","2025-03-23T04:20:00.000+0000","CONCLUDED","Premiership","Round 2",2,"Marvel Stadium","North Melbourne","North Melbourne","Melbourne","Melbourne",12,"https://s.afl.com.au/staticfile/AFL Tenant/AFL/Players/ChampIDImages/AFL/2025014/993998.png?im=Scale,width=0.6,height=0.6","WR","CD_I993998",FALSE,12,"Jy","Simpkin","CD_T100",NA,82,1,1,NA,9,15,24,6,1,2,11,15,26,3,2,0,0,2,83.3,4,0,3,81,1,1,50,18.6,NA,NA,1,2,0,2,NA,NA,NA,6,283,2,6,8,6,66.7,0.6,20,1,1,42.3,0,0,0,8,0,2,19,7,1,0,0,0,0,1,0,0,8,0,0,"CD_I993998",FALSE,12,"Jy","Simpkin","home","North Melbourne"
"CD_M20250140207","2025-03-23T04:20:00.000+0000","CONCLUDED","Premiership","Round 2",2,"Marvel Stadium","North Melbourne","North Melbourne","Melbourne","Melbourne",15,"https://s.afl.com.au/staticfile/AFL Tenant/AFL/Players/ChampIDImages/AFL/2025014/1004848.png?im=Scale,width=0.6,height=0.6","SUB","CD_I1004848",FALSE,15,"Dylan","Stephens","CD_T100",NA,24,0,0,NA,2,3,5,1,0,0,1,4,5,1,0,0,0,0,100,0,0,0,15,1,1,0,4,NA,NA,0,0,0,0,NA,NA,NA,2,109,0,0,0,2,100,0.7,5,0,0,20,0,0,0,1,1,0,0,0,0,0,0,0,0,0,0,0,0,0,0,"CD_I1004848",FALSE,15,"Dylan","Stephens","home","North Melbourne"
"CD_M20250140207","2025-03-23T04:20:00.000+0000","CONCLUDED","Premiership","Round 2",2,"Marvel Stadium","North Melbourne","North Melbourne","Melbourne","Melbourne",13,"https://s.afl.com.au/staticfile/AFL Tenant/AFL/Players/ChampIDImages/AFL/2025014/993816.png?im=Scale,width=0.6,height=0.6","INT","CD_I993816",FALSE,13,"Darcy","Tucker","CD_T100",NA,82,0,0,NA,9,7,16,4,0,2,4,11,15,0,0,0,0,1,81.3,1,1,0,62,2,0,0,8.2,NA,NA,3,5,0,0,NA,NA,NA,1,130,0,0,0,7,77.8,1.3,13,0,1,26.7,0,0,0,3,0,1,4,1,1,0,2,0,0,0,0,0,0,0,0,"CD_I993816",FALSE,13,"Darcy","Tucker","home","North Melbourne"
"CD_M20250140207","2025-03-23T04:20:00.000+0000","CONCLUDED","Premiership","Round 2",2,"Marvel Stadium","North Melbourne","North Melbourne","Melbourne","Melbourne",38,"https://s.afl.com.au/staticfile/AFL Tenant/AFL/Players/ChampIDImages/AFL/2025014/1004965.png?im=Scale,width=0.6,height=0.6","RK","CD_I1004965",FALSE,38,"Tristan","Xerri","CD_T100",NA,85,1,0,NA,5,15,20,2,0,2,15,5,20,2,1,1,29,4,85,3,2,2,90,0,0,100,20.7,NA,NA,1,0,0,1,NA,NA,NA,10,44,3,9,12,3,60,0.3,17,0,0,75,12,42.6,41.4,8,2,7,7,3,4,68,1,0,0,1,0,0,26,0,0,"CD_I1004965",FALSE,38,"Tristan","Xerri","home","North Melbourne"
"CD_M20250140207","2025-03-23T04:20:00.000+0000","CONCLUDED","Premiership","Round 2",2,"Marvel Stadium","North Melbourne","North Melbourne","Melbourne","Melbourne",44,"https://s.afl.com.au/staticfile/AFL Tenant/AFL/Players/ChampIDImages/AFL/2025014/998484.png?im=Scale,width=0.6,height=0.6","FPR","CD_I998484",FALSE,44,"Cameron","Zurhaar","CD_T100",NA,82,4,1,NA,12,5,17,3,0,1,4,13,17,4,2,0,0,0,64.7,2,2,0,86,0,0,66.7,10.9,NA,NA,3,1,1,6,NA,NA,NA,11,310,0,0,0,7,58.3,2.4,11,1,0,23.5,0,0,0,2,2,1,6,0,0,0,0,0,0,1,1,100,0,0,0,"CD_I998484",FALSE,44,"Cameron","Zurhaar","home","North Melbourne"
"CD_M20250140207","2025-03-23T04:20:00.000+0000","CONCLUDED","Premiership","Round 2",2,"Marvel Stadium","North Melbourne","North Melbourne","Melbourne","Melbourne",17,"https://s.afl.com.au/staticfile/AFL Tenant/AFL/Players/ChampIDImages/AFL/2025014/1012825.png?im=Scale,width=0.6,height=0.6","HBFR","CD_I1012825",FALSE,17,"Jake","Bowey","CD_T90",NA,78,0,0,NA,19,3,22,5,1,3,7,13,20,2,0,0,0,1,72.7,1,3,0,93,6,0,0,12.5,NA,NA,5,9,0,0,NA,NA,NA,2,538,0,1,1,14,73.7,6.3,16,0,2,35,0,0,0,4,0,1,14,8,0,0,1,0,0,0,0,0,0,5,4,"CD_I1012825",FALSE,17,"Jake","Bowey","away","Melbourne"
"CD_M20250140207","2025-03-23T04:20:00.000+0000","CONCLUDED","Premiership","Round 2",2,"Marvel Stadium","North Melbourne","North Melbourne","Melbourne","Melbourne",37,"https://s.afl.com.au/staticfile/AFL Tenant/AFL/Players/ChampIDImages/AFL/2025014/1005330.png?im=Scale,width=0.6,height=0.6","FPR","CD_I1005330",FALSE,37,"Kade","Chandler","CD_T90",NA,82,3,1,NA,15,10,25,7,0,2,10,15,25,7,3,0,0,2,76,1,4,0,117,0,1,75,19.5,NA,NA,4,4,1,4,NA,NA,NA,10,588,3,1,4,11,73.3,1.5,19,1,1,40,0,0,0,5,2,4,23,10,1,0,0,0,0,0,0,0,7,0,0,"CD_I1005330",FALSE,37,"Kade","Chandler","away","Melbourne"
"CD_M20250140207","2025-03-23T04:20:00.000+0000","CONCLUDED","Premiership","Round 2",2,"Marvel Stadium","North Melbourne","North Melbourne","Melbourne","Melbourne",31,"https://s.afl.com.au/staticfile/AFL Tenant/AFL/Players/ChampIDImages/AFL/2025014/1001438.png?im=Scale,width=0.6,height=0.6","FPL","CD_I1001438",FALSE,31,"Bayley","Fritsch","CD_T90",NA,85,1,1,NA,3,1,4,1,1,0,2,2,4,1,1,0,0,1,25,1,0,0,21,0,0,33.3,2.1,NA,NA,2,2,0,3,NA,NA,NA,2,72,0,0,0,1,33.3,3,1,0,0,50,0,0,0,2,1,1,6,3,1,0,0,0,0,2,1,50,0,0,0,"CD_I1001438",FALSE,31,"Bayley","Fritsch","away","Melbourne"
"CD_M20250140207","2025-03-23T04:20:00.000+0000","CONCLUDED","Premiership","Round 2",2,"Marvel Stadium","North Melbourne","North Melbourne","Melbourne","Melbourne",11,"https://s.afl.com.au/staticfile/AFL Tenant/AFL/Players/ChampIDImages/AFL/2025014/290528.png?im=Scale,width=0.6,height=0.6","RK","CD_I290528",FALSE,11,"Max","Gawn","CD_T90",NA,84,0,1,NA,5,6,11,2,0,2,6,3,9,3,0,1,27,1,54.5,4,0,2,63,1,0,0,11.2,NA,NA,1,3,0,1,NA,NA,NA,3,175,0,1,1,2,40,0.8,6,0,1,66.7,9,39.7,33.3,3,1,2,5,2,1,68,1,0,0,1,0,0,27,0,0,"CD_I290528",FALSE,11,"Max","Gawn","away","Melbourne"
"CD_M20250140207","2025-03-23T04:20:00.000+0000","CONCLUDED","Premiership","Round 2",2,"Marvel Stadium","North Melbourne","North Melbourne","Melbourne","Melbourne",43,"https://s.afl.com.au/staticfile/AFL Tenant/AFL/Players/ChampIDImages/AFL/2025014/1008183.png?im=Scale,width=0.6,height=0.6","HFFL","CD_I1008183",FALSE,43,"Jack","Henderson","CD_T90",NA,78,1,1,NA,7,6,13,2,0,5,4,9,13,2,0,0,0,1,76.9,1,2,0,68,0,1,50,3.4,NA,NA,1,2,3,2,NA,NA,NA,4,114,0,0,0,5,71.4,1.2,10,0,0,30.8,0,0,0,3,0,1,12,3,1,0,0,0,0,0,0,0,0,0,0,"CD_I1008183",FALSE,43,"Jack","Henderson","away","Melbourne"
"CD_M20250140207","2025-03-23T04:20:00.000+0000","CONCLUDED","Premiership","Round 2",2,"Marvel Stadium","North Melbourne","North Melbourne","Melbourne","Melbourne",22,"https://s.afl.com.au/staticfile/AFL Tenant/AFL/Players/ChampIDImages/AFL/2025014/1017122.png?im=Scale,width=0.6,height=0.6","INT","CD_I1017122",FALSE,22,"Blake","Howes","CD_T90",NA,75,0,0,NA,4,7,11,3,0,4,3,8,11,0,0,0,0,1,81.8,1,0,1,48,1,0,0,5,NA,NA,1,3,0,0,NA,NA,NA,2,80,0,0,0,2,50,0.6,9,0,0,27.3,0,0,0,3,0,0,8,7,1,0,2,2,100,0,0,0,0,0,0,"CD_I1017122",FALSE,22,"Blake","Howes","away","Melbourne"
"CD_M20250140207","2025-03-23T04:20:00.000+0000","CONCLUDED","Premiership","Round 2",2,"Marvel Stadium","North Melbourne","North Melbourne","Melbourne","Melbourne",21,"https://s.afl.com.au/staticfile/AFL Tenant/AFL/Players/ChampIDImages/AFL/2025014/1023486.png?im=Scale,width=0.6,height=0.6","CHF","CD_I1023486",FALSE,21,"Matthew","Jefferson","CD_T90",NA,22,0,0,NA,0,0,0,0,0,0,0,0,0,0,0,0,0,0,0,0,0,0,0,0,0,0,0.1,NA,NA,0,0,0,0,NA,NA,NA,0,0,0,0,0,0,0,0,0,0,0,0,0,0,0,0,0,0,2,0,0,0,0,0,0,1,0,0,0,0,0,"CD_I1023486",FALSE,21,"Matthew","Jefferson","away","Melbourne"
"CD_M20250140207","2025-03-23T04:20:00.000+0000","CONCLUDED","Premiership","Round 2",2,"Marvel Stadium","North Melbourne","North Melbourne","Melbourne","Melbourne",15,"https://s.afl.com.au/staticfile/AFL Tenant/AFL/Players/ChampIDImages/AFL/2025014/298264.png?im=Scale,width=0.6,height=0.6","WL","CD_I298264",FALSE,15,"Ed","Langdon","CD_T90",NA,83,0,1,NA,9,8,17,6,0,1,5,12,17,1,2,2,0,1,82.4,2,0,0,66,3,0,0,6.6,NA,NA,3,3,0,1,NA,NA,NA,7,163,0,0,0,6,66.7,1.1,14,0,1,29.4,0,0,0,3,1,2,16,6,0,0,0,0,0,0,0,0,14,0,0,"CD_I298264",FALSE,15,"Ed","Langdon","away","Melbourne"
"CD_M20250140207","2025-03-23T04:20:00.000+0000","CONCLUDED","Premiership","Round 2",2,"Marvel Stadium","North Melbourne","North Melbourne","Melbourne","Melbourne",8,"https://s.afl.com.au/staticfile/AFL Tenant/AFL/Players/ChampIDImages/AFL/2025014/298281.png?im=Scale,width=0.6,height=0.6","BPL","CD_I298281",FALSE,8,"Jake","Lever","CD_T90",NA,79,0,0,NA,6,4,10,5,0,1,2,8,10,0,0,0,0,2,90,3,1,2,40,3,1,0,5.1,NA,NA,2,5,0,0,NA,NA,NA,2,184,0,0,0,5,83.3,1.5,9,0,3,20,0,0,0,1,0,1,6,5,2,0,1,1,100,0,0,0,0,0,0,"CD_I298281",FALSE,8,"Jake","Lever","away","Melbourne"
"CD_M20250140207","2025-03-23T04:20:00.000+0000","CONCLUDED","Premiership","Round 2",2,"Marvel Stadium","North Melbourne","North Melbourne","Melbourne","Melbourne",20,"https://s.afl.com.au/staticfile/AFL Tenant/AFL/Players/ChampIDImages/AFL/2025014/1028531.png?im=Scale,width=0.6,height=0.6","HBFL","CD_I1028531",FALSE,20,"Xavier","Lindsay","CD_T90",NA,80,0,0,NA,8,12,20,2,0,6,7,14,21,1,0,0,0,2,85,1,2,0,80,3,0,0,7.8,NA,NA,2,3,0,1,NA,NA,NA,4,74,0,2,2,6,75,0.7,17,0,0,33.3,0,0,0,6,0,0,26,15,1,0,1,1,100,0,0,0,0,0,0,"CD_I1028531",FALSE,20,"Xavier","Lindsay","away","Melbourne"
"CD_M20250140207","2025-03-23T04:20:00.000+0000","CONCLUDED","Premiership","Round 2",2,"Marvel Stadium","North Melbourne","North Melbourne","Melbourne","Melbourne",25,"https://s.afl.com.au/staticfile/AFL Tenant/AFL/Players/ChampIDImages/AFL/2025014/291533.png?im=Scale,width=0.6,height=0.6","FB","CD_I291533",FALSE,25,"Tom","McDonald","CD_T90",NA,100,0,0,NA,7,6,13,4,0,0,6,9,15,2,0,0,0,8,69.2,4,1,1,43,1,0,0,11.4,NA,NA,7,9,0,0,NA,NA,NA,2,240,0,0,0,5,71.4,1.2,9,0,2,40,0,0,0,4,0,1,14,9,7,0,2,0,0,0,0,0,0,0,0,"CD_I291533",FALSE,25,"Tom","McDonald","away","Melbourne"
"CD_M20250140207","2025-03-23T04:20:00.000+0000","CONCLUDED","Premiership","Round 2",2,"Marvel Stadium","North Melbourne","North Melbourne","Melbourne","Melbourne",13,"https://s.afl.com.au/staticfile/AFL Tenant/AFL/Players/ChampIDImages/AFL/2025014/996701.png?im=Scale,width=0.6,height=0.6","C","CD_I996701",FALSE,13,"Clayton","Oliver","CD_T90",NA,82,1,0,NA,16,20,36,5,0,2,19,15,34,4,0,0,0,0,77.8,5,0,1,114,2,0,50,19.9,NA,NA,4,2,0,2,NA,NA,NA,9,411,4,8,12,11,68.8,0.8,28,0,0,55.9,0,0,0,16,2,2,18,8,0,0,0,0,0,0,0,0,22,0,0,"CD_I996701",FALSE,13,"Clayton","Oliver","away","Melbourne"
"CD_M20250140207","2025-03-23T04:20:00.000+0000","CONCLUDED","Premiership","Round 2",2,"Marvel Stadium","North Melbourne","North Melbourne","Melbourne","Melbourne",5,"https://s.afl.com.au/staticfile/AFL Tenant/AFL/Players/ChampIDImages/AFL/2025014/298210.png?im=Scale,width=0.6,height=0.6","RR","CD_I298210",FALSE,5,"Christian","Petracca","CD_T90",NA,86,1,1,NA,12,11,23,5,0,2,6,17,23,5,1,0,0,0,52.2,3,1,0,89,0,1,25,2.3,NA,NA,5,1,1,4,NA,NA,NA,5,438,1,0,1,6,50,1.1,12,0,0,26.1,0,0,0,4,1,0,13,6,0,0,0,0,0,0,0,0,15,0,0,"CD_I298210",FALSE,5,"Christian","Petracca","away","Melbourne"
"CD_M20250140207","2025-03-23T04:20:00.000+0000","CONCLUDED","Premiership","Round 2",2,"Marvel Stadium","North Melbourne","North Melbourne","Melbourne","Melbourne",35,"https://s.afl.com.au/staticfile/AFL Tenant/AFL/Players/ChampIDImages/AFL/2025014/1008893.png?im=Scale,width=0.6,height=0.6","CHB","CD_I1008893",FALSE,35,"Harrison","Petty","CD_T90",NA,100,0,0,NA,3,4,7,5,0,1,4,4,8,1,0,2,0,5,100,2,0,2,30,0,0,0,8.8,NA,NA,1,5,0,0,NA,NA,NA,1,100,0,0,0,3,100,0.8,7,0,3,50,0,0,0,2,0,0,3,2,4,0,4,1,25,0,0,0,0,0,0,"CD_I1008893",FALSE,35,"Harrison","Petty","away","Melbourne"
"CD_M20250140207","2025-03-23T04:20:00.000+0000","CONCLUDED","Premiership","Round 2",2,"Marvel Stadium","North Melbourne","North Melbourne","Melbourne","Melbourne",24,"https://s.afl.com.au/staticfile/AFL Tenant/AFL/Players/ChampIDImages/AFL/2025014/1009378.png?im=Scale,width=0.6,height=0.6","WR","CD_I1009378",FALSE,24,"Trent","Rivers","CD_T90",NA,79,0,0,NA,10,6,16,4,3,2,1,14,15,2,0,0,0,2,56.3,3,0,1,59,3,0,0,4,NA,NA,6,4,0,0,NA,NA,NA,1,271,0,0,0,8,80,1.7,9,0,1,6.7,0,0,0,1,0,0,18,13,1,0,1,1,100,0,0,0,0,1,1,"CD_I1009378",FALSE,24,"Trent","Rivers","away","Melbourne"
"CD_M20250140207","2025-03-23T04:20:00.000+0000","CONCLUDED","Premiership","Round 2",2,"Marvel Stadium","North Melbourne","North Melbourne","Melbourne","Melbourne",3,"https://s.afl.com.au/staticfile/AFL Tenant/AFL/Players/ChampIDImages/AFL/2025014/296359.png?im=Scale,width=0.6,height=0.6","BPR","CD_I296359",FALSE,3,"Christian","Salem","CD_T90",NA,89,0,0,NA,16,8,24,8,0,2,8,12,20,3,0,1,0,1,83.3,1,1,0,97,2,2,0,15.3,NA,NA,1,6,0,0,NA,NA,NA,5,305,0,0,0,15,93.8,2,20,0,1,40,0,0,0,6,1,2,15,8,1,0,2,0,0,0,0,0,0,5,5,"CD_I296359",FALSE,3,"Christian","Salem","away","Melbourne"
"CD_M20250140207","2025-03-23T04:20:00.000+0000","CONCLUDED","Premiership","Round 2",2,"Marvel Stadium","North Melbourne","North Melbourne","Melbourne","Melbourne",30,"https://s.afl.com.au/staticfile/AFL Tenant/AFL/Players/ChampIDImages/AFL/2025014/1007099.png?im=Scale,width=0.6,height=0.6","INT","CD_I1007099",FALSE,30,"Harry","Sharp","CD_T90",NA,83,0,1,NA,6,4,10,5,0,1,3,8,11,0,1,0,0,0,70,1,0,0,46,1,0,0,3.4,NA,NA,2,1,1,1,NA,NA,NA,2,152,0,0,0,4,66.7,1.5,7,0,0,27.3,0,0,0,3,1,0,9,2,0,0,0,0,0,0,0,0,0,0,0,"CD_I1007099",FALSE,30,"Harry","Sharp","away","Melbourne"
"CD_M20250140207","2025-03-23T04:20:00.000+0000","CONCLUDED","Premiership","Round 2",2,"Marvel Stadium","North Melbourne","North Melbourne","Melbourne","Melbourne",9,"https://s.afl.com.au/staticfile/AFL Tenant/AFL/Players/ChampIDImages/AFL/2025014/1002282.png?im=Scale,width=0.6,height=0.6","HFFR","CD_I1002282",FALSE,9,"Charlie","Spargo","CD_T90",NA,74,0,0,NA,6,5,11,3,0,2,1,10,11,4,0,0,0,0,81.8,2,0,1,42,0,0,0,2.8,NA,NA,3,1,1,0,NA,NA,NA,3,171,0,0,0,5,83.3,1.2,9,0,0,9.1,0,0,0,1,0,1,9,4,0,0,0,0,0,3,0,0,0,0,0,"CD_I1002282",FALSE,9,"Charlie","Spargo","away","Melbourne"
"CD_M20250140207","2025-03-23T04:20:00.000+0000","CONCLUDED","Premiership","Round 2",2,"Marvel Stadium","North Melbourne","North Melbourne","Melbourne","Melbourne",32,"https://s.afl.com.au/staticfile/AFL Tenant/AFL/Players/ChampIDImages/AFL/2025014/999391.png?im=Scale,width=0.6,height=0.6","INT","CD_I999391",FALSE,32,"Tom","Sparrow","CD_T90",NA,81,0,1,NA,12,13,25,2,1,2,7,17,24,7,0,0,0,0,68,5,2,1,76,2,0,0,11.7,NA,NA,5,2,0,1,NA,NA,NA,8,466,4,2,6,5,41.7,0.9,17,0,0,29.2,0,0,0,4,0,2,15,7,0,0,0,0,0,0,0,0,15,0,0,"CD_I999391",FALSE,32,"Tom","Sparrow","away","Melbourne"
"CD_M20250140207","2025-03-23T04:20:00.000+0000","CONCLUDED","Premiership","Round 2",2,"Marvel Stadium","North Melbourne","North Melbourne","Melbourne","Melbourne",10,"https://s.afl.com.au/staticfile/AFL Tenant/AFL/Players/ChampIDImages/AFL/2025014/1020959.png?im=Scale,width=0.6,height=0.6","INT","CD_I1020959",FALSE,10,"Daniel","Turner","CD_T90",NA,71,1,2,NA,4,3,7,3,0,2,5,3,8,0,2,1,0,1,57.1,2,1,1,41,0,0,33.3,4,NA,NA,2,1,1,3,NA,NA,NA,5,119,0,0,0,1,25,1.3,4,0,0,62.5,0,0,0,3,1,1,12,2,1,0,0,0,0,2,0,0,0,0,0,"CD_I1020959",FALSE,10,"Daniel","Turner","away","Melbourne"
"CD_M20250140207","2025-03-23T04:20:00.000+0000","CONCLUDED","Premiership","Round 2",2,"Marvel Stadium","North Melbourne","North Melbourne","Melbourne","Melbourne",2,"https://s.afl.com.au/staticfile/AFL Tenant/AFL/Players/ChampIDImages/AFL/2025014/1017720.png?im=Scale,width=0.6,height=0.6","FF","CD_I1017720",FALSE,2,"Jacob","van Rooyen","CD_T90",NA,76,1,2,NA,5,4,9,2,0,4,4,5,9,2,1,0,3,1,66.7,0,2,0,58,0,0,33.3,4.3,NA,NA,0,0,1,3,NA,NA,NA,3,144,0,0,0,3,60,1.3,6,2,0,44.4,0,30,0,1,1,0,7,3,1,10,0,0,0,3,1,33.3,4,0,0,"CD_I1017720",FALSE,2,"Jacob","van Rooyen","away","Melbourne"
"CD_M20250140207","2025-03-23T04:20:00.000+0000","CONCLUDED","Premiership","Round 2",2,"Marvel Stadium","North Melbourne","North Melbourne","Melbourne","Melbourne",7,"https://s.afl.com.au/staticfile/AFL Tenant/AFL/Players/ChampIDImages/AFL/2025014/291902.png?im=Scale,width=0.6,height=0.6","R","CD_I291902",FALSE,7,"Jack","Viney","CD_T90",NA,77,0,0,NA,14,13,27,2,0,2,7,21,28,8,0,0,0,3,63,7,1,1,80,2,0,0,10.3,NA,NA,6,3,1,0,NA,NA,NA,3,523,1,1,2,7,50,1.1,17,0,0,25,0,0,0,5,2,0,18,5,1,0,0,0,0,0,0,0,20,0,0,"CD_I291902",FALSE,7,"Jack","Viney","away","Melbourne"
"CD_M20250140207","2025-03-23T04:20:00.000+0000","CONCLUDED","Premiership","Round 2",2,"Marvel Stadium","North Melbourne","North Melbourne","Melbourne","Melbourne",40,"https://s.afl.com.au/staticfile/AFL Tenant/AFL/Players/ChampIDImages/AFL/2025014/1018425.png?im=Scale,width=0.6,height=0.6","SUB","CD_I1018425",FALSE,40,"Taj","Woewodin","CD_T90",NA,56,0,0,NA,6,4,10,1,0,1,3,8,11,1,0,0,0,0,90,1,0,0,33,4,0,0,7.4,NA,NA,2,1,1,0,NA,NA,NA,0,263,0,1,1,5,83.3,1.5,9,0,0,27.3,0,0,0,3,0,0,6,2,0,0,0,0,0,0,0,0,0,0,0,"CD_I1018425",FALSE,40,"Taj","Woewodin","away","Melbourne"
"CD_M20250140208","2025-03-23T07:10:00.000+0000","CONCLUDED","Premiership","Round 2",2,"Optus Stadium","Fremantle","Fremantle","Sydney Swans","Sydney Swans",24,"https://s.afl.com.au/staticfile/AFL Tenant/AFL/Players/ChampIDImages/AFL/2025014/1020594.png?im=Scale,width=0.6,height=0.6","FPR","CD_I1020594",FALSE,24,"Jye","Amiss","CD_T60",NA,91,1,0,NA,5,3,8,4,0,1,5,3,8,1,1,2,0,0,37.5,0,1,0,44,1,0,50,6.9,NA,NA,1,0,0,2,NA,NA,NA,2,87,0,1,1,1,20,1.7,3,2,0,62.5,0,0,0,2,2,0,5,1,0,0,0,0,0,1,1,100,0,0,0,"CD_I1020594",FALSE,24,"Jye","Amiss","home","Fremantle"
"CD_M20250140208","2025-03-23T07:10:00.000+0000","CONCLUDED","Premiership","Round 2",2,"Optus Stadium","Fremantle","Fremantle","Sydney Swans","Sydney Swans",41,"https://s.afl.com.au/staticfile/AFL Tenant/AFL/Players/ChampIDImages/AFL/2025014/998180.png?im=Scale,width=0.6,height=0.6","INT","CD_I998180",FALSE,41,"Bailey","Banfield","CD_T60",NA,79,1,0,NA,4,6,10,1,0,0,4,7,11,2,1,0,0,2,70,3,0,0,33,0,0,100,7.4,NA,NA,4,1,0,1,NA,NA,NA,3,121,0,1,1,2,50,0.7,7,0,0,36.4,0,0,0,3,1,1,13,4,0,0,0,0,0,0,0,0,0,0,0,"CD_I998180",FALSE,41,"Bailey","Banfield","home","Fremantle"
"CD_M20250140208","2025-03-23T07:10:00.000+0000","CONCLUDED","Premiership","Round 2",2,"Optus Stadium","Fremantle","Fremantle","Sydney Swans","Sydney Swans",15,"https://s.afl.com.au/staticfile/AFL Tenant/AFL/Players/ChampIDImages/AFL/2025014/993993.png?im=Scale,width=0.6,height=0.6","HFFR","CD_I993993",FALSE,15,"Shai","Bolton","CD_T60",NA,77,0,0,NA,9,6,15,0,1,4,7,9,16,2,0,0,0,1,66.7,5,0,3,46,0,1,0,9.9,NA,NA,5,0,2,2,NA,NA,NA,6,215,2,2,4,4,44.4,1.5,10,0,0,43.8,0,0,0,6,2,2,15,4,0,0,0,0,0,0,0,0,9,0,0,"CD_I993993",FALSE,15,"Shai","Bolton","home","Fremantle"
"CD_M20250140208","2025-03-23T07:10:00.000+0000","CONCLUDED","Premiership","Round 2",2,"Optus Stadium","Fremantle","Fremantle","Sydney Swans","Sydney Swans",8,"https://s.afl.com.au/staticfile/AFL Tenant/AFL/Players/ChampIDImages/AFL/2025014/1002232.png?im=Scale,width=0.6,height=0.6","R","CD_I1002232",FALSE,8,"Andrew","Brayshaw","CD_T60",NA,86,0,0,NA,6,13,19,2,2,8,8,13,21,6,0,0,0,2,100,2,1,2,77,0,0,0,17.2,NA,NA,2,1,1,0,NA,NA,NA,5,414,2,1,3,6,100,0.5,19,0,0,38.1,0,0,0,6,0,1,26,13,0,0,0,0,0,0,0,0,13,0,0,"CD_I1002232",FALSE,8,"Andrew","Brayshaw","home","Fremantle"
"CD_M20250140208","2025-03-23T07:10:00.000+0000","CONCLUDED","Premiership","Round 2",2,"Optus Stadium","Fremantle","Fremantle","Sydney Swans","Sydney Swans",5,"https://s.afl.com.au/staticfile/AFL Tenant/AFL/Players/ChampIDImages/AFL/2025014/1013224.png?im=Scale,width=0.6,height=0.6","HBFL","CD_I1013224",FALSE,5,"Heath","Chapman","CD_T60",NA,75,0,0,NA,8,4,12,4,0,3,4,10,14,0,0,0,0,3,58.3,2,1,0,57,2,0,0,5.4,NA,NA,3,4,1,1,NA,NA,NA,2,202,0,0,0,5,62.5,2,7,0,1,28.6,0,0,0,2,0,1,9,6,2,0,0,0,0,0,0,0,0,0,0,"CD_I1013224",FALSE,5,"Heath","Chapman","home","Fremantle"
"CD_M20250140208","2025-03-23T07:10:00.000+0000","CONCLUDED","Premiership","Round 2",2,"Optus Stadium","Fremantle","Fremantle","Sydney Swans","Sydney Swans",6,"https://s.afl.com.au/staticfile/AFL Tenant/AFL/Players/ChampIDImages/AFL/2025014/1006152.png?im=Scale,width=0.6,height=0.6","HBFR","CD_I1006152",FALSE,6,"Jordan","Clark","CD_T60",NA,92,0,0,NA,15,9,24,5,1,2,12,7,19,4,0,3,0,2,75,3,0,1,83,8,1,0,17.7,NA,NA,6,10,0,1,NA,NA,NA,4,540,0,0,0,12,80,1.7,18,0,3,63.2,0,0,0,9,0,1,13,10,1,0,1,0,0,0,0,0,0,5,5,"CD_I1006152",FALSE,6,"Jordan","Clark","home","Fremantle"
"CD_M20250140208","2025-03-23T07:10:00.000+0000","CONCLUDED","Premiership","Round 2",2,"Optus Stadium","Fremantle","Fremantle","Sydney Swans","Sydney Swans",36,"https://s.afl.com.au/staticfile/AFL Tenant/AFL/Players/ChampIDImages/AFL/2025014/997033.png?im=Scale,width=0.6,height=0.6","BPR","CD_I997033",FALSE,36,"Brennan","Cox","CD_T60",NA,84,0,0,NA,9,3,12,7,0,0,5,7,12,0,0,1,0,4,100,0,1,0,55,1,0,0,10.3,NA,NA,0,6,0,0,NA,NA,NA,3,134,0,0,0,9,100,3,12,0,2,41.7,0,0,0,3,0,2,1,0,3,0,4,1,25,0,0,0,0,0,0,"CD_I997033",FALSE,36,"Brennan","Cox","home","Fremantle"
"CD_M20250140208","2025-03-23T07:10:00.000+0000","CONCLUDED","Premiership","Round 2",2,"Optus Stadium","Fremantle","Fremantle","Sydney Swans","Sydney Swans",37,"https://s.afl.com.au/staticfile/AFL Tenant/AFL/Players/ChampIDImages/AFL/2025014/1020668.png?im=Scale,width=0.6,height=0.6","SUB","CD_I1020668",FALSE,37,"Joshua","Draper","CD_T60",NA,46,0,0,NA,5,2,7,1,0,2,5,2,7,1,0,0,0,4,85.7,0,2,0,32,0,1,0,6.8,NA,NA,0,5,0,0,NA,NA,NA,1,107,0,0,0,4,80,2.5,6,0,0,71.4,0,0,0,3,0,1,5,3,4,0,0,0,0,0,0,0,0,0,0,"CD_I1020668",FALSE,37,"Joshua","Draper","home","Fremantle"
"CD_M20250140208","2025-03-23T07:10:00.000+0000","CONCLUDED","Premiership","Round 2",2,"Optus Stadium","Fremantle","Fremantle","Sydney Swans","Sydney Swans",28,"https://s.afl.com.au/staticfile/AFL Tenant/AFL/Players/ChampIDImages/AFL/2025014/1020250.png?im=Scale,width=0.6,height=0.6","INT","CD_I1020250",FALSE,28,"Neil","Erasmus","CD_T60",NA,66,0,1,NA,8,6,14,3,0,2,3,11,14,3,0,0,0,0,42.9,4,2,2,50,2,0,0,1.3,NA,NA,5,1,2,1,NA,NA,NA,5,299,0,1,1,2,25,1.3,6,0,0,21.4,0,0,0,1,1,1,19,5,0,0,0,0,0,0,0,0,4,0,0,"CD_I1020250",FALSE,28,"Neil","Erasmus","home","Fremantle"
"CD_M20250140208","2025-03-23T07:10:00.000+0000","CONCLUDED","Premiership","Round 2",2,"Optus Stadium","Fremantle","Fremantle","Sydney Swans","Sydney Swans",32,"https://s.afl.com.au/staticfile/AFL Tenant/AFL/Players/ChampIDImages/AFL/2025014/999321.png?im=Scale,width=0.6,height=0.6","CHF","CD_I999321",FALSE,32,"Michael","Frederick","CD_T60",NA,83,0,2,NA,6,6,12,3,0,0,8,3,11,1,0,1,0,0,41.7,2,1,0,42,0,0,0,2.6,NA,NA,1,1,0,2,NA,NA,NA,3,135,0,1,1,1,16.7,1,5,0,0,72.7,0,0,0,6,3,0,12,7,0,0,0,0,0,0,0,0,0,0,0,"CD_I999321",FALSE,32,"Michael","Frederick","home","Fremantle"
"CD_M20250140208","2025-03-23T07:10:00.000+0000","CONCLUDED","Premiership","Round 2",2,"Optus Stadium","Fremantle","Fremantle","Sydney Swans","Sydney Swans",9,"https://s.afl.com.au/staticfile/AFL Tenant/AFL/Players/ChampIDImages/AFL/2025014/1009399.png?im=Scale,width=0.6,height=0.6","RK","CD_I1009399",FALSE,9,"Luke","Jackson","CD_T60",NA,85,1,0,NA,6,14,20,3,0,5,7,13,20,5,1,1,28,2,65,5,1,2,104,0,0,100,11.8,NA,NA,4,3,1,1,NA,NA,NA,5,298,0,0,0,4,66.7,0.4,13,0,1,35,5,45.2,17.9,5,1,2,21,11,2,62,0,0,0,1,0,0,20,0,0,"CD_I1009399",FALSE,9,"Luke","Jackson","home","Fremantle"
"CD_M20250140208","2025-03-23T07:10:00.000+0000","CONCLUDED","Premiership","Round 2",2,"Optus Stadium","Fremantle","Fremantle","Sydney Swans","Sydney Swans",44,"https://s.afl.com.au/staticfile/AFL Tenant/AFL/Players/ChampIDImages/AFL/2025014/1016825.png?im=Scale,width=0.6,height=0.6","WL","CD_I1016825",FALSE,44,"Matthew","Johnson","CD_T60",NA,70,0,0,NA,11,6,17,6,0,2,2,14,16,8,0,0,0,1,64.7,7,0,1,68,2,0,0,8.6,NA,NA,5,3,0,0,NA,NA,NA,3,388,0,0,0,8,72.7,1.8,11,0,2,12.5,0,0,0,2,0,1,11,3,0,0,0,0,0,0,0,0,4,0,0,"CD_I1016825",FALSE,44,"Matthew","Johnson","home","Fremantle"
"CD_M20250140208","2025-03-23T07:10:00.000+0000","CONCLUDED","Premiership","Round 2",2,"Optus Stadium","Fremantle","Fremantle","Sydney Swans","Sydney Swans",30,"https://s.afl.com.au/staticfile/AFL Tenant/AFL/Players/ChampIDImages/AFL/2025014/1013220.png?im=Scale,width=0.6,height=0.6","INT","CD_I1013220",FALSE,30,"Nathan","O'Driscoll","CD_T60",NA,71,0,0,NA,15,10,25,3,1,2,9,16,25,8,0,0,0,1,60,3,0,1,79,3,1,0,15.9,NA,NA,4,3,0,0,NA,NA,NA,5,523,0,4,4,8,53.3,1.5,15,0,0,36,0,0,0,8,1,0,11,4,0,0,0,0,0,0,0,0,0,0,0,"CD_I1013220",FALSE,30,"Nathan","O'Driscoll","home","Fremantle"
"CD_M20250140208","2025-03-23T07:10:00.000+0000","CONCLUDED","Premiership","Round 2",2,"Optus Stadium","Fremantle","Fremantle","Sydney Swans","Sydney Swans",2,"https://s.afl.com.au/staticfile/AFL Tenant/AFL/Players/ChampIDImages/AFL/2025014/294613.png?im=Scale,width=0.6,height=0.6","C","CD_I294613",FALSE,2,"Jaeger","O'Meara","CD_T60",NA,88,0,0,NA,11,21,32,4,0,2,14,20,34,1,0,0,0,2,71.9,6,1,3,87,3,0,0,11.8,NA,NA,6,4,0,0,NA,NA,NA,6,307,3,2,5,6,54.5,0.5,23,0,0,41.2,0,0,0,11,1,2,12,6,2,0,1,0,0,0,0,0,17,0,0,"CD_I294613",FALSE,2,"Jaeger","O'Meara","home","Fremantle"
"CD_M20250140208","2025-03-23T07:10:00.000+0000","CONCLUDED","Premiership","Round 2",2,"Optus Stadium","Fremantle","Fremantle","Sydney Swans","Sydney Swans",25,"https://s.afl.com.au/staticfile/AFL Tenant/AFL/Players/ChampIDImages/AFL/2025014/298409.png?im=Scale,width=0.6,height=0.6","FB","CD_I298409",FALSE,25,"Alex","Pearce","CD_T60",NA,93,0,0,NA,6,5,11,5,0,0,7,4,11,0,0,3,0,5,90.9,0,0,0,43,3,0,0,12.7,NA,NA,1,8,0,0,NA,NA,NA,1,154,0,0,0,6,100,1.2,10,0,4,63.6,0,0,0,4,0,1,4,2,5,0,1,1,100,0,0,0,0,0,0,"CD_I298409",FALSE,25,"Alex","Pearce","home","Fremantle"
"CD_M20250140208","2025-03-23T07:10:00.000+0000","CONCLUDED","Premiership","Round 2",2,"Optus Stadium","Fremantle","Fremantle","Sydney Swans","Sydney Swans",16,"https://s.afl.com.au/staticfile/AFL Tenant/AFL/Players/ChampIDImages/AFL/2025014/1028513.png?im=Scale,width=0.6,height=0.6","FPL","CD_I1028513",FALSE,16,"Murphy","Reid","CD_T60",NA,68,0,1,NA,9,5,14,1,0,2,6,7,13,4,0,0,0,3,78.6,1,1,0,50,0,1,0,13.7,NA,NA,2,3,0,1,NA,NA,NA,5,277,0,0,0,6,66.7,1.8,11,1,0,46.2,0,0,0,5,1,1,12,3,2,0,0,0,0,1,0,0,0,0,0,"CD_I1028513",FALSE,16,"Murphy","Reid","home","Fremantle"
"CD_M20250140208","2025-03-23T07:10:00.000+0000","CONCLUDED","Premiership","Round 2",2,"Optus Stadium","Fremantle","Fremantle","Sydney Swans","Sydney Swans",13,"https://s.afl.com.au/staticfile/AFL Tenant/AFL/Players/ChampIDImages/AFL/2025014/998659.png?im=Scale,width=0.6,height=0.6","INT","CD_I998659",FALSE,13,"Luke","Ryan","CD_T60",NA,91,0,0,NA,19,4,23,7,0,1,2,15,17,1,0,0,0,3,82.6,2,0,0,90,8,0,0,4.5,NA,NA,3,5,0,0,NA,NA,NA,1,625,0,0,0,15,78.9,4.8,19,0,2,11.8,0,0,0,2,0,0,6,5,2,0,0,0,0,0,0,0,0,6,5,"CD_I998659",FALSE,13,"Luke","Ryan","home","Fremantle"
"CD_M20250140208","2025-03-23T07:10:00.000+0000","CONCLUDED","Premiership","Round 2",2,"Optus Stadium","Fremantle","Fremantle","Sydney Swans","Sydney Swans",3,"https://s.afl.com.au/staticfile/AFL Tenant/AFL/Players/ChampIDImages/AFL/2025014/1009420.png?im=Scale,width=0.6,height=0.6","RR","CD_I1009420",FALSE,3,"Caleb","Serong","CD_T60",NA,87,1,1,NA,9,10,19,2,1,6,9,10,19,3,1,0,0,2,63.2,2,2,1,83,2,0,50,7.2,NA,NA,3,3,0,2,NA,NA,NA,4,203,3,2,5,3,33.3,0.9,12,0,0,47.4,0,0,0,6,0,1,24,8,1,0,0,0,0,0,0,0,19,0,0,"CD_I1009420",FALSE,3,"Caleb","Serong","home","Fremantle"
"CD_M20250140208","2025-03-23T07:10:00.000+0000","CONCLUDED","Premiership","Round 2",2,"Optus Stadium","Fremantle","Fremantle","Sydney Swans","Sydney Swans",14,"https://s.afl.com.au/staticfile/AFL Tenant/AFL/Players/ChampIDImages/AFL/2025014/1009380.png?im=Scale,width=0.6,height=0.6","WR","CD_I1009380",FALSE,14,"Jeremy","Sharp","CD_T60",NA,82,0,0,NA,10,8,18,4,0,0,4,15,19,3,0,0,0,2,83.3,0,0,0,58,1,1,0,10.5,NA,NA,2,3,0,0,NA,NA,NA,1,275,0,0,0,8,80,1.3,15,0,0,21.1,0,0,0,3,1,1,6,3,1,0,0,0,0,0,0,0,0,0,0,"CD_I1009380",FALSE,14,"Jeremy","Sharp","home","Fremantle"
"CD_M20250140208","2025-03-23T07:10:00.000+0000","CONCLUDED","Premiership","Round 2",2,"Optus Stadium","Fremantle","Fremantle","Sydney Swans","Sydney Swans",35,"https://s.afl.com.au/staticfile/AFL Tenant/AFL/Players/ChampIDImages/AFL/2025014/1012819.png?im=Scale,width=0.6,height=0.6","FF","CD_I1012819",FALSE,35,"Josh","Treacy","CD_T60",NA,92,4,2,NA,8,5,13,7,0,2,7,6,13,2,4,2,5,0,84.6,1,0,1,91,0,0,66.7,16.3,NA,NA,2,1,2,6,NA,NA,NA,8,243,0,0,0,6,75,1.6,11,3,0,53.8,1,100,20,5,2,0,12,1,0,5,0,0,0,3,2,66.7,1,0,0,"CD_I1012819",FALSE,35,"Josh","Treacy","home","Fremantle"
"CD_M20250140208","2025-03-23T07:10:00.000+0000","CONCLUDED","Premiership","Round 2",2,"Optus Stadium","Fremantle","Fremantle","Sydney Swans","Sydney Swans",20,"https://s.afl.com.au/staticfile/AFL Tenant/AFL/Players/ChampIDImages/AFL/2025014/1017754.png?im=Scale,width=0.6,height=0.6","HFFL","CD_I1017754",FALSE,20,"Patrick","Voss","CD_T60",NA,75,1,3,NA,9,4,13,6,0,1,6,7,13,1,4,0,1,2,38.5,6,0,1,64,1,0,20,-6.3,NA,NA,7,3,0,5,NA,NA,NA,7,239,0,0,0,3,33.3,2.3,5,1,1,46.2,1,20,100,6,4,0,5,2,1,5,0,0,0,4,1,25,1,0,0,"CD_I1017754",FALSE,20,"Patrick","Voss","home","Fremantle"
"CD_M20250140208","2025-03-23T07:10:00.000+0000","CONCLUDED","Premiership","Round 2",2,"Optus Stadium","Fremantle","Fremantle","Sydney Swans","Sydney Swans",34,"https://s.afl.com.au/staticfile/AFL Tenant/AFL/Players/ChampIDImages/AFL/2025014/993940.png?im=Scale,width=0.6,height=0.6","BPL","CD_I993940",FALSE,34,"Corey","Wagner","CD_T60",NA,85,0,0,NA,13,7,20,5,0,3,4,14,18,2,0,0,0,1,90,0,1,0,81,7,0,0,9.1,NA,NA,2,4,0,0,NA,NA,NA,5,487,0,0,0,11,84.6,1.9,18,0,1,22.2,0,0,0,3,0,1,9,5,1,0,2,1,50,0,0,0,0,2,2,"CD_I993940",FALSE,34,"Corey","Wagner","home","Fremantle"
"CD_M20250140208","2025-03-23T07:10:00.000+0000","CONCLUDED","Premiership","Round 2",2,"Optus Stadium","Fremantle","Fremantle","Sydney Swans","Sydney Swans",31,"https://s.afl.com.au/staticfile/AFL Tenant/AFL/Players/ChampIDImages/AFL/2025014/1009410.png?im=Scale,width=0.6,height=0.6","CHB","CD_I1009410",FALSE,31,"Brandon","Walker","CD_T60",NA,34,0,0,NA,2,3,5,0,0,0,2,3,5,1,0,0,0,1,80,0,0,0,12,1,0,0,3.9,NA,NA,0,2,0,0,NA,NA,NA,1,66,0,0,0,2,100,0.7,4,0,0,40,0,0,0,2,0,0,3,1,1,0,0,0,0,0,0,0,0,0,0,"CD_I1009410",FALSE,31,"Brandon","Walker","home","Fremantle"
"CD_M20250140208","2025-03-23T07:10:00.000+0000","CONCLUDED","Premiership","Round 2",2,"Optus Stadium","Fremantle","Fremantle","Sydney Swans","Sydney Swans",36,"https://s.afl.com.au/staticfile/AFL Tenant/AFL/Players/ChampIDImages/AFL/2025014/1008091.png?im=Scale,width=0.6,height=0.6","FPL","CD_I1008091",FALSE,36,"Joel","Amartey","CD_T160",NA,73,2,0,NA,5,3,8,5,0,2,4,4,8,0,2,2,0,1,87.5,1,0,0,56,0,0,100,8,NA,NA,2,0,0,2,NA,NA,NA,4,69,0,0,0,5,100,1.7,7,0,0,50,0,0,0,2,1,0,5,1,1,1,0,0,0,1,1,100,0,0,0,"CD_I1008091",FALSE,36,"Joel","Amartey","away","Sydney Swans"
"CD_M20250140208","2025-03-23T07:10:00.000+0000","CONCLUDED","Premiership","Round 2",2,"Optus Stadium","Fremantle","Fremantle","Sydney Swans","Sydney Swans",26,"https://s.afl.com.au/staticfile/AFL Tenant/AFL/Players/ChampIDImages/AFL/2025014/1008224.png?im=Scale,width=0.6,height=0.6","INT","CD_I1008224",FALSE,26,"Riley","Bice","CD_T160",NA,80,1,0,NA,8,6,14,3,4,4,6,7,13,1,0,0,0,2,92.9,2,0,1,64,2,0,100,14.5,NA,NA,0,5,0,1,NA,NA,NA,4,200,0,0,0,8,100,1.3,13,0,0,46.2,0,0,0,5,1,3,8,6,1,0,0,0,0,0,0,0,0,2,2,"CD_I1008224",FALSE,26,"Riley","Bice","away","Sydney Swans"
"CD_M20250140208","2025-03-23T07:10:00.000+0000","CONCLUDED","Premiership","Round 2",2,"Optus Stadium","Fremantle","Fremantle","Sydney Swans","Sydney Swans",22,"https://s.afl.com.au/staticfile/AFL Tenant/AFL/Players/ChampIDImages/AFL/2025014/1006028.png?im=Scale,width=0.6,height=0.6","BPL","CD_I1006028",FALSE,22,"Nick","Blakey","CD_T160",NA,88,0,0,NA,19,1,20,7,0,1,5,8,13,4,0,0,0,3,85,3,2,0,86,5,1,0,11.4,NA,NA,3,10,0,0,NA,NA,NA,5,483,0,0,0,16,84.2,19,17,0,1,38.5,0,0,0,3,0,4,8,3,3,0,0,0,0,0,0,0,0,3,3,"CD_I1006028",FALSE,22,"Nick","Blakey","away","Sydney Swans"
"CD_M20250140208","2025-03-23T07:10:00.000+0000","CONCLUDED","Premiership","Round 2",2,"Optus Stadium","Fremantle","Fremantle","Sydney Swans","Sydney Swans",16,"https://s.afl.com.au/staticfile/AFL Tenant/AFL/Players/ChampIDImages/AFL/2025014/1013133.png?im=Scale,width=0.6,height=0.6","WR","CD_I1013133",FALSE,16,"Braeden","Campbell","CD_T160",NA,80,0,1,NA,10,6,16,4,0,3,4,13,17,1,1,0,0,0,56.3,3,0,1,64,2,0,0,1.6,NA,NA,5,3,0,2,NA,NA,NA,6,352,0,1,1,5,50,1.7,9,1,1,23.5,0,0,0,4,1,2,16,5,0,0,0,0,0,0,0,0,0,0,0,"CD_I1013133",FALSE,16,"Braeden","Campbell","away","Sydney Swans"
"CD_M20250140208","2025-03-23T07:10:00.000+0000","CONCLUDED","Premiership","Round 2",2,"Optus Stadium","Fremantle","Fremantle","Sydney Swans","Sydney Swans",13,"https://s.afl.com.au/staticfile/AFL Tenant/AFL/Players/ChampIDImages/AFL/2025014/998103.png?im=Scale,width=0.6,height=0.6","HBFR","CD_I998103",FALSE,13,"Oliver","Florent","CD_T160",NA,79,0,1,NA,6,5,11,1,2,3,3,8,11,3,0,0,0,1,72.7,0,1,0,45,0,0,0,8.5,NA,NA,0,3,1,2,NA,NA,NA,4,203,0,0,0,4,66.7,1.2,8,0,0,27.3,0,0,0,3,0,1,19,10,0,0,0,0,0,0,0,0,0,0,0,"CD_I998103",FALSE,13,"Oliver","Florent","away","Sydney Swans"
"CD_M20250140208","2025-03-23T07:10:00.000+0000","CONCLUDED","Premiership","Round 2",2,"Optus Stadium","Fremantle","Fremantle","Sydney Swans","Sydney Swans",4,"https://s.afl.com.au/staticfile/AFL Tenant/AFL/Players/ChampIDImages/AFL/2025014/293957.png?im=Scale,width=0.6,height=0.6","RK","CD_I293957",FALSE,4,"Brodie","Grundy","CD_T160",NA,64,0,0,NA,7,4,11,6,0,3,3,7,10,1,1,1,23,1,72.7,1,0,0,82,1,0,0,9.8,NA,NA,2,2,0,0,NA,NA,NA,3,107,0,0,0,4,57.1,1.8,8,0,2,30,11,60.5,47.8,2,0,1,7,1,1,38,0,0,0,1,0,0,15,0,0,"CD_I293957",FALSE,4,"Brodie","Grundy","away","Sydney Swans"
"CD_M20250140208","2025-03-23T07:10:00.000+0000","CONCLUDED","Premiership","Round 2",2,"Optus Stadium","Fremantle","Fremantle","Sydney Swans","Sydney Swans",29,"https://s.afl.com.au/staticfile/AFL Tenant/AFL/Players/ChampIDImages/AFL/2025014/295222.png?im=Scale,width=0.6,height=0.6","BPR","CD_I295222",FALSE,29,"Joel","Hamling","CD_T160",NA,87,0,0,NA,6,6,12,5,1,1,5,7,12,1,0,1,0,10,66.7,2,2,0,51,1,0,0,7.3,NA,NA,3,5,0,0,NA,NA,NA,2,152,0,0,0,4,66.7,1,8,0,1,41.7,0,0,0,2,0,0,5,3,9,0,5,1,20,0,0,0,0,0,0,"CD_I295222",FALSE,29,"Joel","Hamling","away","Sydney Swans"
"CD_M20250140208","2025-03-23T07:10:00.000+0000","CONCLUDED","Premiership","Round 2",2,"Optus Stadium","Fremantle","Fremantle","Sydney Swans","Sydney Swans",40,"https://s.afl.com.au/staticfile/AFL Tenant/AFL/Players/ChampIDImages/AFL/2025014/1027687.png?im=Scale,width=0.6,height=0.6","HFFL","CD_I1027687",FALSE,40,"Tom","Hanily","CD_T160",NA,66,1,0,NA,2,5,7,2,0,0,4,3,7,0,1,0,0,0,100,1,0,1,25,0,0,100,6.3,NA,NA,2,1,0,1,NA,NA,NA,5,12,0,1,1,2,100,0.4,7,0,0,57.1,0,0,0,3,0,1,17,4,0,0,0,0,0,2,1,50,0,0,0,"CD_I1027687",FALSE,40,"Tom","Hanily","away","Sydney Swans"
"CD_M20250140208","2025-03-23T07:10:00.000+0000","CONCLUDED","Premiership","Round 2",2,"Optus Stadium","Fremantle","Fremantle","Sydney Swans","Sydney Swans",9,"https://s.afl.com.au/staticfile/AFL Tenant/AFL/Players/ChampIDImages/AFL/2025014/997100.png?im=Scale,width=0.6,height=0.6","CHF","CD_I997100",FALSE,9,"Will","Hayward","CD_T160",NA,79,1,2,NA,5,2,7,3,0,2,1,6,7,0,2,0,0,0,42.9,1,0,0,44,0,0,33.3,0.3,NA,NA,3,0,1,3,NA,NA,NA,3,113,0,0,0,2,40,2.5,3,3,0,14.3,0,0,0,1,0,0,12,1,0,0,0,0,0,0,0,0,0,0,0,"CD_I997100",FALSE,9,"Will","Hayward","away","Sydney Swans"
"CD_M20250140208","2025-03-23T07:10:00.000+0000","CONCLUDED","Premiership","Round 2",2,"Optus Stadium","Fremantle","Fremantle","Sydney Swans","Sydney Swans",5,"https://s.afl.com.au/staticfile/AFL Tenant/AFL/Players/ChampIDImages/AFL/2025014/298539.png?im=Scale,width=0.6,height=0.6","C","CD_I298539",FALSE,5,"Isaac","Heeney","CD_T160",NA,87,0,0,NA,12,9,21,3,0,5,11,9,20,5,0,0,0,0,57.1,5,2,2,79,2,0,0,10.1,NA,NA,7,4,1,0,NA,NA,NA,4,405,2,4,6,7,58.3,1.3,12,0,1,55,0,0,0,5,1,1,27,11,0,0,0,0,0,1,0,0,17,0,0,"CD_I298539",FALSE,5,"Isaac","Heeney","away","Sydney Swans"
"CD_M20250140208","2025-03-23T07:10:00.000+0000","CONCLUDED","Premiership","Round 2",2,"Optus Stadium","Fremantle","Fremantle","Sydney Swans","Sydney Swans",17,"https://s.afl.com.au/staticfile/AFL Tenant/AFL/Players/ChampIDImages/AFL/2025014/1013409.png?im=Scale,width=0.6,height=0.6","R","CD_I1013409",FALSE,17,"James","Jordon","CD_T160",NA,82,0,0,NA,7,17,24,1,0,2,17,8,25,4,0,0,0,2,54.2,8,0,1,63,4,0,0,12.6,NA,NA,4,3,0,0,NA,NA,NA,4,344,3,7,10,2,28.6,0.4,13,0,0,68,0,0,0,13,0,1,17,13,1,0,0,0,0,0,0,0,20,0,0,"CD_I1013409",FALSE,17,"James","Jordon","away","Sydney Swans"
"CD_M20250140208","2025-03-23T07:10:00.000+0000","CONCLUDED","Premiership","Round 2",2,"Optus Stadium","Fremantle","Fremantle","Sydney Swans","Sydney Swans",19,"https://s.afl.com.au/staticfile/AFL Tenant/AFL/Players/ChampIDImages/AFL/2025014/997142.png?im=Scale,width=0.6,height=0.6","INT","CD_I997142",FALSE,19,"Peter","Ladhams","CD_T160",NA,68,1,0,NA,7,5,12,2,0,2,9,1,10,1,1,1,7,2,66.7,1,1,1,56,1,0,50,13.7,NA,NA,2,6,0,2,NA,NA,NA,3,148,2,1,3,3,42.9,1.4,8,1,1,90,2,23.3,28.6,5,0,2,11,3,2,30,1,0,0,1,0,0,7,0,0,"CD_I997142",FALSE,19,"Peter","Ladhams","away","Sydney Swans"
"CD_M20250140208","2025-03-23T07:10:00.000+0000","CONCLUDED","Premiership","Round 2",2,"Optus Stadium","Fremantle","Fremantle","Sydney Swans","Sydney Swans",44,"https://s.afl.com.au/staticfile/AFL Tenant/AFL/Players/ChampIDImages/AFL/2025014/295342.png?im=Scale,width=0.6,height=0.6","WL","CD_I295342",FALSE,44,"Jake","Lloyd","CD_T160",NA,90,0,0,NA,18,7,25,10,0,1,3,21,24,4,0,0,0,0,92,1,0,1,99,3,1,0,9.4,NA,NA,4,1,0,0,NA,NA,NA,7,455,0,2,2,16,88.9,2.6,23,0,0,12.5,0,0,0,2,0,0,17,11,0,0,1,0,0,0,0,0,0,1,1,"CD_I295342",FALSE,44,"Jake","Lloyd","away","Sydney Swans"
"CD_M20250140208","2025-03-23T07:10:00.000+0000","CONCLUDED","Premiership","Round 2",2,"Optus Stadium","Fremantle","Fremantle","Sydney Swans","Sydney Swans",30,"https://s.afl.com.au/staticfile/AFL Tenant/AFL/Players/ChampIDImages/AFL/2025014/1008198.png?im=Scale,width=0.6,height=0.6","FF","CD_I1008198",FALSE,30,"Tom","McCartin","CD_T160",NA,94,0,0,NA,10,5,15,5,0,1,7,9,16,0,0,1,0,6,80,4,1,2,54,5,0,0,15.4,NA,NA,5,9,0,0,NA,NA,NA,1,246,0,0,0,7,70,2,12,0,4,43.8,0,0,0,5,0,0,5,5,6,0,2,2,100,0,0,0,0,0,0,"CD_I1008198",FALSE,30,"Tom","McCartin","away","Sydney Swans"
"CD_M20250140208","2025-03-23T07:10:00.000+0000","CONCLUDED","Premiership","Round 2",2,"Optus Stadium","Fremantle","Fremantle","Sydney Swans","Sydney Swans",2,"https://s.afl.com.au/staticfile/AFL Tenant/AFL/Players/ChampIDImages/AFL/2025014/1003203.png?im=Scale,width=0.6,height=0.6","HFFR","CD_I1003203",FALSE,2,"Hayden","McLean","CD_T160",NA,78,2,1,NA,6,3,9,1,0,5,5,4,9,3,0,0,1,2,66.7,3,1,1,59,0,1,50,10.4,NA,NA,3,0,4,4,NA,NA,NA,7,183,0,0,0,3,50,2,6,0,0,55.6,1,33.3,100,4,4,0,9,3,2,3,0,0,0,3,1,33.3,0,0,0,"CD_I1003203",FALSE,2,"Hayden","McLean","away","Sydney Swans"
"CD_M20250140208","2025-03-23T07:10:00.000+0000","CONCLUDED","Premiership","Round 2",2,"Optus Stadium","Fremantle","Fremantle","Sydney Swans","Sydney Swans",11,"https://s.afl.com.au/staticfile/AFL Tenant/AFL/Players/ChampIDImages/AFL/2025014/996765.png?im=Scale,width=0.6,height=0.6","FPR","CD_I996765",FALSE,11,"Tom","Papley","CD_T160",NA,84,0,2,NA,15,4,19,4,1,2,8,12,20,5,0,0,0,0,63.2,3,0,2,69,0,1,0,11.1,NA,NA,6,1,0,3,NA,NA,NA,9,399,0,1,1,8,53.3,3.8,12,0,0,40,0,0,0,7,2,0,15,3,0,0,0,0,0,0,0,0,1,0,0,"CD_I996765",FALSE,11,"Tom","Papley","away","Sydney Swans"
"CD_M20250140208","2025-03-23T07:10:00.000+0000","CONCLUDED","Premiership","Round 2",2,"Optus Stadium","Fremantle","Fremantle","Sydney Swans","Sydney Swans",24,"https://s.afl.com.au/staticfile/AFL Tenant/AFL/Players/ChampIDImages/AFL/2025014/290307.png?im=Scale,width=0.6,height=0.6","FB","CD_I290307",FALSE,24,"Dane","Rampe","CD_T160",NA,81,0,0,NA,12,0,12,9,0,4,1,11,12,0,0,0,0,1,75,1,0,0,79,8,0,0,3.3,NA,NA,3,0,0,0,NA,NA,NA,1,436,0,0,0,9,75,12,9,0,0,8.3,0,0,0,1,0,0,9,8,0,0,1,1,100,0,0,0,0,0,0,"CD_I290307",FALSE,24,"Dane","Rampe","away","Sydney Swans"
"CD_M20250140208","2025-03-23T07:10:00.000+0000","CONCLUDED","Premiership","Round 2",2,"Optus Stadium","Fremantle","Fremantle","Sydney Swans","Sydney Swans",34,"https://s.afl.com.au/staticfile/AFL Tenant/AFL/Players/ChampIDImages/AFL/2025014/1012210.png?im=Scale,width=0.6,height=0.6","CHB","CD_I1012210",FALSE,34,"Matt","Roberts","CD_T160",NA,94,0,0,NA,19,6,25,5,0,2,8,14,22,5,0,0,0,3,76,2,3,0,95,5,0,0,11.2,NA,NA,6,6,0,0,NA,NA,NA,5,524,0,3,3,15,78.9,3.2,19,0,1,36.4,0,0,0,6,0,2,12,8,3,0,0,0,0,0,0,0,0,5,4,"CD_I1012210",FALSE,34,"Matt","Roberts","away","Sydney Swans"
"CD_M20250140208","2025-03-23T07:10:00.000+0000","CONCLUDED","Premiership","Round 2",2,"Optus Stadium","Fremantle","Fremantle","Sydney Swans","Sydney Swans",8,"https://s.afl.com.au/staticfile/AFL Tenant/AFL/Players/ChampIDImages/AFL/2025014/1006126.png?im=Scale,width=0.6,height=0.6","INT","CD_I1006126",FALSE,8,"James","Rowbottom","CD_T160",NA,76,0,0,NA,11,11,22,3,0,4,12,10,22,3,0,0,0,2,81.8,4,1,1,78,2,2,0,16.1,NA,NA,2,7,0,0,NA,NA,NA,5,294,3,1,4,7,63.6,1,18,0,0,54.5,0,0,0,9,0,3,25,9,1,0,0,0,0,0,0,0,12,0,0,"CD_I1006126",FALSE,8,"James","Rowbottom","away","Sydney Swans"
"CD_M20250140208","2025-03-23T07:10:00.000+0000","CONCLUDED","Premiership","Round 2",2,"Optus Stadium","Fremantle","Fremantle","Sydney Swans","Sydney Swans",12,"https://s.afl.com.au/staticfile/AFL Tenant/AFL/Players/ChampIDImages/AFL/2025014/1020339.png?im=Scale,width=0.6,height=0.6","SUB","CD_I1020339",FALSE,12,"Angus","Sheldrick","CD_T160",NA,14,0,1,NA,2,1,3,1,0,0,2,1,3,1,0,0,0,0,33.3,0,0,0,12,1,0,0,1.7,NA,NA,0,0,0,1,NA,NA,NA,1,94,0,0,0,0,0,2,1,0,0,66.7,0,0,0,2,0,0,6,5,0,0,0,0,0,0,0,0,1,0,0,"CD_I1020339",FALSE,12,"Angus","Sheldrick","away","Sydney Swans"
"CD_M20250140208","2025-03-23T07:10:00.000+0000","CONCLUDED","Premiership","Round 2",2,"Optus Stadium","Fremantle","Fremantle","Sydney Swans","Sydney Swans",1,"https://s.afl.com.au/staticfile/AFL Tenant/AFL/Players/ChampIDImages/AFL/2025014/1012014.png?im=Scale,width=0.6,height=0.6","RR","CD_I1012014",FALSE,1,"Chad","Warner","CD_T160",NA,88,1,2,NA,22,4,26,9,1,5,10,19,29,10,1,0,0,0,57.7,4,3,1,129,3,1,33.3,19.2,NA,NA,5,2,2,3,NA,NA,NA,10,727,0,4,4,12,54.5,5.5,15,0,0,34.5,0,0,0,7,2,2,23,8,0,0,0,0,0,0,0,0,15,0,0,"CD_I1012014",FALSE,1,"Chad","Warner","away","Sydney Swans"
"CD_M20250140208","2025-03-23T07:10:00.000+0000","CONCLUDED","Premiership","Round 2",2,"Optus Stadium","Fremantle","Fremantle","Sydney Swans","Sydney Swans",37,"https://s.afl.com.au/staticfile/AFL Tenant/AFL/Players/ChampIDImages/AFL/2025014/1018424.png?im=Scale,width=0.6,height=0.6","INT","CD_I1018424",FALSE,37,"Corey","Warner","CD_T160",NA,85,0,1,NA,10,4,14,4,1,4,3,11,14,2,0,0,0,0,57.1,3,1,0,68,1,0,0,4.6,NA,NA,4,1,0,1,NA,NA,NA,4,323,0,1,1,5,50,2.5,8,0,0,21.4,0,0,0,2,1,0,16,7,0,0,0,0,0,0,0,0,0,0,0,"CD_I1018424",FALSE,37,"Corey","Warner","away","Sydney Swans"
"CD_M20250140208","2025-03-23T07:10:00.000+0000","CONCLUDED","Premiership","Round 2",2,"Optus Stadium","Fremantle","Fremantle","Sydney Swans","Sydney Swans",15,"https://s.afl.com.au/staticfile/AFL Tenant/AFL/Players/ChampIDImages/AFL/2025014/1006232.png?im=Scale,width=0.6,height=0.6","HBFL","CD_I1006232",FALSE,15,"Sam","Wicks","CD_T160",NA,81,0,0,NA,7,8,15,1,1,1,1,14,15,1,0,0,0,1,66.7,1,0,0,44,3,0,0,2.3,NA,NA,2,0,0,0,NA,NA,NA,2,265,0,1,1,3,42.9,0.9,10,0,0,6.7,0,0,0,1,0,0,10,9,1,0,0,0,0,0,0,0,0,0,0,"CD_I1006232",FALSE,15,"Sam","Wicks","away","Sydney Swans"
"CD_M20250140301","2025-03-27T08:30:00.000+0000","CONCLUDED","Premiership","Round 3",3,"Marvel Stadium","Essendon","Essendon","Port Adelaide","Port Adelaide",24,"https://s.afl.com.au/staticfile/AFL Tenant/AFL/Players/ChampIDImages/AFL/2025014/1011954.png?im=Scale,width=0.6,height=0.6","RK","CD_I1011954",FALSE,24,"Nick","Bryan","CD_T50",NA,79,0,0,NA,8,4,12,2,0,2,5,7,12,1,0,0,21,3,100,1,3,1,67,2,0,0,11.3,NA,NA,0,6,0,0,NA,NA,NA,6,177,0,1,1,8,100,2,12,0,1,41.7,6,45.7,28.6,1,0,4,9,6,2,46,3,1,33.3,0,0,0,16,0,0,"CD_I1011954",FALSE,24,"Nick","Bryan","home","Essendon"
"CD_M20250140301","2025-03-27T08:30:00.000+0000","CONCLUDED","Premiership","Round 3",3,"Marvel Stadium","Essendon","Essendon","Port Adelaide","Port Adelaide",30,"https://s.afl.com.au/staticfile/AFL Tenant/AFL/Players/ChampIDImages/AFL/2025014/1027899.png?im=Scale,width=0.6,height=0.6","CHF","CD_I1027899",FALSE,30,"Nate","Caddy","CD_T50",NA,74,2,2,NA,9,4,13,2,0,3,8,5,13,1,1,1,0,0,53.8,2,2,0,69,0,0,40,9.9,NA,NA,2,2,3,5,NA,NA,NA,7,174,0,0,0,4,44.4,2.3,7,1,0,61.5,0,0,0,5,1,0,9,2,0,0,0,0,0,1,0,0,0,0,0,"CD_I1027899",FALSE,30,"Nate","Caddy","home","Essendon"
"CD_M20250140301","2025-03-27T08:30:00.000+0000","CONCLUDED","Premiership","Round 3",3,"Marvel Stadium","Essendon","Essendon","Port Adelaide","Port Adelaide",6,"https://s.afl.com.au/staticfile/AFL Tenant/AFL/Players/ChampIDImages/AFL/2025014/1006103.png?im=Scale,width=0.6,height=0.6","C","CD_I1006103",FALSE,6,"Jye","Caldwell","CD_T50",NA,77,0,1,NA,11,12,23,7,0,5,10,15,25,6,0,1,0,1,69.6,3,1,0,100,0,0,0,9.3,NA,NA,3,3,0,1,NA,NA,NA,6,293,1,2,3,5,45.5,0.9,16,0,0,40,0,0,0,5,0,0,21,9,0,0,0,0,0,0,0,0,17,0,0,"CD_I1006103",FALSE,6,"Jye","Caldwell","home","Essendon"
"CD_M20250140301","2025-03-27T08:30:00.000+0000","CONCLUDED","Premiership","Round 3",3,"Marvel Stadium","Essendon","Essendon","Port Adelaide","Port Adelaide",2,"https://s.afl.com.au/staticfile/AFL Tenant/AFL/Players/ChampIDImages/AFL/2025014/1005577.png?im=Scale,width=0.6,height=0.6","FF","CD_I1005577",FALSE,2,"Sam","Draper","CD_T50",NA,100,2,0,NA,6,3,9,2,0,2,7,3,10,2,2,2,10,3,66.7,4,2,1,59,0,0,66.7,9.7,NA,NA,3,0,1,3,NA,NA,NA,3,240,0,2,2,3,50,2,6,0,0,70,2,32.3,20,2,1,1,4,3,2,31,0,0,0,5,1,20,5,0,0,"CD_I1005577",FALSE,2,"Sam","Draper","home","Essendon"
"CD_M20250140301","2025-03-27T08:30:00.000+0000","CONCLUDED","Premiership","Round 3",3,"Marvel Stadium","Essendon","Essendon","Port Adelaide","Port Adelaide",22,"https://s.afl.com.au/staticfile/AFL Tenant/AFL/Players/ChampIDImages/AFL/2025014/1015810.png?im=Scale,width=0.6,height=0.6","R","CD_I1015810",FALSE,22,"Sam","Durham","CD_T50",NA,84,0,0,NA,13,15,28,4,0,3,14,14,28,6,1,0,0,3,67.9,3,2,0,95,1,2,0,15.4,NA,NA,3,3,1,2,NA,NA,NA,12,409,1,4,5,8,61.5,0.9,19,0,0,50,0,0,0,10,2,4,15,3,1,0,0,0,0,0,0,0,14,0,0,"CD_I1015810",FALSE,22,"Sam","Durham","home","Essendon"
"CD_M20250140301","2025-03-27T08:30:00.000+0000","CONCLUDED","Premiership","Round 3",3,"Marvel Stadium","Essendon","Essendon","Port Adelaide","Port Adelaide",28,"https://s.afl.com.au/staticfile/AFL Tenant/AFL/Players/ChampIDImages/AFL/2025014/1006096.png?im=Scale,width=0.6,height=0.6","INT","CD_I1006096",FALSE,28,"Xavier","Duursma","CD_T50",NA,80,0,1,NA,13,16,29,8,2,3,11,18,29,4,1,0,0,0,82.8,1,4,0,112,3,0,0,11.9,NA,NA,2,3,0,2,NA,NA,NA,10,224,0,4,4,9,69.2,0.8,24,0,0,37.9,0,0,0,8,1,4,13,7,0,0,0,0,0,0,0,0,0,0,0,"CD_I1006096",FALSE,28,"Xavier","Duursma","home","Essendon"
"CD_M20250140301","2025-03-27T08:30:00.000+0000","CONCLUDED","Premiership","Round 3",3,"Marvel Stadium","Essendon","Essendon","Port Adelaide","Port Adelaide",45,"https://s.afl.com.au/staticfile/AFL Tenant/AFL/Players/ChampIDImages/AFL/2025014/1018323.png?im=Scale,width=0.6,height=0.6","INT","CD_I1018323",FALSE,45,"Thomas","Edwards","CD_T50",NA,48,0,1,NA,4,2,6,2,0,1,2,2,4,0,1,0,0,0,66.7,4,1,2,22,0,0,0,-0.9,NA,NA,4,0,1,2,NA,NA,NA,3,36,0,0,0,2,50,2,4,0,0,50,0,0,0,1,1,0,5,2,0,0,0,0,0,1,0,0,0,0,0,"CD_I1018323",FALSE,45,"Thomas","Edwards","home","Essendon"
"CD_M20250140301","2025-03-27T08:30:00.000+0000","CONCLUDED","Premiership","Round 3",3,"Marvel Stadium","Essendon","Essendon","Port Adelaide","Port Adelaide",41,"https://s.afl.com.au/staticfile/AFL Tenant/AFL/Players/ChampIDImages/AFL/2025014/1015919.png?im=Scale,width=0.6,height=0.6","SUB","CD_I1015919",FALSE,41,"Saad","El-Hawli","CD_T50",NA,25,0,0,NA,3,4,7,0,2,0,3,4,7,1,0,0,0,0,57.1,2,0,0,17,0,0,0,3.5,NA,NA,2,1,0,0,NA,NA,NA,2,151,0,1,1,1,33.3,0.8,4,0,0,42.9,0,0,0,2,0,1,2,0,0,0,0,0,0,0,0,0,0,0,0,"CD_I1015919",FALSE,41,"Saad","El-Hawli","home","Essendon"
"CD_M20250140301","2025-03-27T08:30:00.000+0000","CONCLUDED","Premiership","Round 3",3,"Marvel Stadium","Essendon","Essendon","Port Adelaide","Port Adelaide",11,"https://s.afl.com.au/staticfile/AFL Tenant/AFL/Players/ChampIDImages/AFL/2025014/298421.png?im=Scale,width=0.6,height=0.6","HFFL","CD_I298421",FALSE,11,"Jade","Gresham","CD_T50",NA,89,1,0,NA,11,9,20,4,0,7,5,14,19,4,1,0,0,2,85,2,1,1,95,1,1,100,14.2,NA,NA,3,2,1,1,NA,NA,NA,11,210,0,3,3,9,81.8,1.2,17,0,0,26.3,0,0,0,4,1,3,15,7,2,0,0,0,0,2,0,0,0,0,0,"CD_I298421",FALSE,11,"Jade","Gresham","home","Essendon"
"CD_M20250140301","2025-03-27T08:30:00.000+0000","CONCLUDED","Premiership","Round 3",3,"Marvel Stadium","Essendon","Essendon","Port Adelaide","Port Adelaide",8,"https://s.afl.com.au/staticfile/AFL Tenant/AFL/Players/ChampIDImages/AFL/2025014/1017088.png?im=Scale,width=0.6,height=0.6","WR","CD_I1017088",FALSE,8,"Ben","Hobbs","CD_T50",NA,72,0,0,NA,8,13,21,1,0,4,9,12,21,2,0,0,0,1,71.4,6,2,2,65,1,0,0,7.3,NA,NA,5,2,1,0,NA,NA,NA,7,181,1,3,4,5,62.5,0.6,15,0,0,42.9,0,0,0,6,0,2,17,8,0,0,0,0,0,0,0,0,4,0,0,"CD_I1017088",FALSE,8,"Ben","Hobbs","home","Essendon"
"CD_M20250140301","2025-03-27T08:30:00.000+0000","CONCLUDED","Premiership","Round 3",3,"Marvel Stadium","Essendon","Essendon","Port Adelaide","Port Adelaide",23,"https://s.afl.com.au/staticfile/AFL Tenant/AFL/Players/ChampIDImages/AFL/2025014/1011755.png?im=Scale,width=0.6,height=0.6","FPL","CD_I1011755",FALSE,23,"Harrison","Jones","CD_T50",NA,77,0,1,NA,6,7,13,5,0,2,4,9,13,1,1,0,0,0,76.9,0,1,0,57,0,0,0,4.7,NA,NA,1,1,1,1,NA,NA,NA,5,193,0,0,0,5,83.3,0.9,10,1,0,30.8,0,0,0,3,3,1,8,1,0,1,0,0,0,1,0,0,0,0,0,"CD_I1011755",FALSE,23,"Harrison","Jones","home","Essendon"
"CD_M20250140301","2025-03-27T08:30:00.000+0000","CONCLUDED","Premiership","Round 3",3,"Marvel Stadium","Essendon","Essendon","Port Adelaide","Port Adelaide",10,"https://s.afl.com.au/staticfile/AFL Tenant/AFL/Players/ChampIDImages/AFL/2025014/1028554.png?im=Scale,width=0.6,height=0.6","FPR","CD_I1028554",FALSE,10,"Isaac","Kako","CD_T50",NA,80,0,0,NA,5,5,10,1,0,3,2,8,10,2,0,0,0,0,90,0,0,0,40,0,2,0,6.4,NA,NA,0,1,1,0,NA,NA,NA,6,79,0,0,0,4,80,1,9,0,0,20,0,0,0,2,1,0,17,3,0,0,0,0,0,0,0,0,0,0,0,"CD_I1028554",FALSE,10,"Isaac","Kako","home","Essendon"
"CD_M20250140301","2025-03-27T08:30:00.000+0000","CONCLUDED","Premiership","Round 3",3,"Marvel Stadium","Essendon","Essendon","Port Adelaide","Port Adelaide",37,"https://s.afl.com.au/staticfile/AFL Tenant/AFL/Players/ChampIDImages/AFL/2025014/1012013.png?im=Scale,width=0.6,height=0.6","HFFR","CD_I1012013",FALSE,37,"Nic","Martin","CD_T50",NA,92,1,0,NA,11,9,20,4,3,1,4,15,19,4,0,0,0,0,80,1,0,0,73,4,0,50,10.2,NA,NA,1,1,0,2,NA,NA,NA,5,351,2,0,2,7,63.6,1.2,16,0,0,21.1,0,0,0,4,1,0,13,5,0,0,0,0,0,0,0,0,0,0,0,"CD_I1012013",FALSE,37,"Nic","Martin","home","Essendon"
"CD_M20250140301","2025-03-27T08:30:00.000+0000","CONCLUDED","Premiership","Round 3",3,"Marvel Stadium","Essendon","Essendon","Port Adelaide","Port Adelaide",1,"https://s.afl.com.au/staticfile/AFL Tenant/AFL/Players/ChampIDImages/AFL/2025014/998102.png?im=Scale,width=0.6,height=0.6","BPL","CD_I998102",FALSE,1,"Andrew","McGrath","CD_T50",NA,81,0,0,NA,7,2,9,3,0,1,1,7,8,0,0,0,0,0,77.8,1,0,1,35,2,0,0,4.1,NA,NA,0,2,0,0,NA,NA,NA,2,128,0,1,1,5,71.4,3.5,7,0,1,12.5,0,0,0,1,0,1,7,6,0,0,0,0,0,0,0,0,0,1,1,"CD_I998102",FALSE,1,"Andrew","McGrath","home","Essendon"
"CD_M20250140301","2025-03-27T08:30:00.000+0000","CONCLUDED","Premiership","Round 3",3,"Marvel Stadium","Essendon","Essendon","Port Adelaide","Port Adelaide",32,"https://s.afl.com.au/staticfile/AFL Tenant/AFL/Players/ChampIDImages/AFL/2025014/1002143.png?im=Scale,width=0.6,height=0.6","FB","CD_I1002143",FALSE,32,"Ben","McKay","CD_T50",NA,100,0,0,NA,6,4,10,5,0,0,2,6,8,0,0,0,0,4,90,2,0,0,41,0,0,0,4,NA,NA,1,6,0,0,NA,NA,NA,2,54,0,0,0,6,100,1.5,9,0,2,25,0,0,0,2,0,0,4,4,4,0,3,1,33.3,0,0,0,0,0,0,"CD_I1002143",FALSE,32,"Ben","McKay","home","Essendon"
"CD_M20250140301","2025-03-27T08:30:00.000+0000","CONCLUDED","Premiership","Round 3",3,"Marvel Stadium","Essendon","Essendon","Port Adelaide","Port Adelaide",29,"https://s.afl.com.au/staticfile/AFL Tenant/AFL/Players/ChampIDImages/AFL/2025014/1013201.png?im=Scale,width=0.6,height=0.6","INT","CD_I1013201",FALSE,29,"Jye","Menzie","CD_T50",NA,53,1,1,NA,5,5,10,3,0,2,3,7,10,2,2,0,0,0,80,2,0,2,43,0,1,50,4.8,NA,NA,0,1,0,2,NA,NA,NA,8,118,0,0,0,3,60,1,8,2,0,30,0,0,0,3,2,0,8,1,0,0,0,0,0,1,0,0,0,0,0,"CD_I1013201",FALSE,29,"Jye","Menzie","home","Essendon"
"CD_M20250140301","2025-03-27T08:30:00.000+0000","CONCLUDED","Premiership","Round 3",3,"Marvel Stadium","Essendon","Essendon","Port Adelaide","Port Adelaide",7,"https://s.afl.com.au/staticfile/AFL Tenant/AFL/Players/ChampIDImages/AFL/2025014/992016.png?im=Scale,width=0.6,height=0.6","RR","CD_I992016",FALSE,7,"Zach","Merrett","CD_T50",NA,82,0,2,NA,15,19,34,5,2,2,8,27,35,5,1,0,0,2,58.8,4,0,0,108,0,1,0,9.1,NA,NA,7,0,0,2,NA,NA,NA,8,477,1,0,1,6,40,0.8,20,0,0,22.9,0,0,0,7,1,0,22,8,1,0,1,0,0,0,0,0,14,0,0,"CD_I992016",FALSE,7,"Zach","Merrett","home","Essendon"
"CD_M20250140301","2025-03-27T08:30:00.000+0000","CONCLUDED","Premiership","Round 3",3,"Marvel Stadium","Essendon","Essendon","Port Adelaide","Port Adelaide",25,"https://s.afl.com.au/staticfile/AFL Tenant/AFL/Players/ChampIDImages/AFL/2025014/1009386.png?im=Scale,width=0.6,height=0.6","HBFR","CD_I1009386",FALSE,25,"Jaxon","Prior","CD_T50",NA,82,0,0,NA,15,4,19,6,1,1,3,15,18,0,0,0,0,5,73.7,4,0,1,72,9,0,0,7,NA,NA,4,5,0,0,NA,NA,NA,4,376,0,0,0,11,73.3,3.8,14,0,1,16.7,0,0,0,2,0,1,5,0,4,0,0,0,0,0,0,0,0,1,1,"CD_I1009386",FALSE,25,"Jaxon","Prior","home","Essendon"
"CD_M20250140301","2025-03-27T08:30:00.000+0000","CONCLUDED","Premiership","Round 3",3,"Marvel Stadium","Essendon","Essendon","Port Adelaide","Port Adelaide",27,"https://s.afl.com.au/staticfile/AFL Tenant/AFL/Players/ChampIDImages/AFL/2025014/997078.png?im=Scale,width=0.6,height=0.6","HBFL","CD_I997078",FALSE,27,"Mason","Redman","CD_T50",NA,88,1,0,NA,19,3,22,3,0,4,2,15,17,4,0,0,0,2,90.9,0,1,0,95,5,0,100,17.8,NA,NA,3,3,0,1,NA,NA,NA,6,570,0,0,0,17,89.5,6.3,20,0,1,11.8,0,0,0,2,0,1,16,10,1,0,1,0,0,0,0,0,0,6,5,"CD_I997078",FALSE,27,"Mason","Redman","home","Essendon"
"CD_M20250140301","2025-03-27T08:30:00.000+0000","CONCLUDED","Premiership","Round 3",3,"Marvel Stadium","Essendon","Essendon","Port Adelaide","Port Adelaide",31,"https://s.afl.com.au/staticfile/AFL Tenant/AFL/Players/ChampIDImages/AFL/2025014/1012817.png?im=Scale,width=0.6,height=0.6","CHB","CD_I1012817",FALSE,31,"Zach","Reid","CD_T50",NA,91,0,0,NA,12,4,16,10,0,2,3,13,16,1,0,0,0,4,87.5,2,1,0,83,1,0,0,4,NA,NA,1,5,0,0,NA,NA,NA,7,252,0,0,0,10,83.3,3,14,0,2,18.8,0,0,0,2,0,2,4,4,3,0,3,0,0,0,0,0,0,0,0,"CD_I1012817",FALSE,31,"Zach","Reid","home","Essendon"
"CD_M20250140301","2025-03-27T08:30:00.000+0000","CONCLUDED","Premiership","Round 3",3,"Marvel Stadium","Essendon","Essendon","Port Adelaide","Port Adelaide",14,"https://s.afl.com.au/staticfile/AFL Tenant/AFL/Players/ChampIDImages/AFL/2025014/1001026.png?im=Scale,width=0.6,height=0.6","BPR","CD_I1001026",FALSE,14,"Jordan","Ridley","CD_T50",NA,91,0,1,NA,15,7,22,5,2,0,2,16,18,2,0,1,0,3,81.8,1,0,1,72,3,0,0,9,NA,NA,1,3,0,1,NA,NA,NA,6,448,0,0,0,11,73.3,2.1,18,0,2,11.1,0,0,0,1,0,0,8,7,2,0,0,0,0,0,0,0,0,4,4,"CD_I1001026",FALSE,14,"Jordan","Ridley","home","Essendon"
"CD_M20250140301","2025-03-27T08:30:00.000+0000","CONCLUDED","Premiership","Round 3",3,"Marvel Stadium","Essendon","Essendon","Port Adelaide","Port Adelaide",21,"https://s.afl.com.au/staticfile/AFL Tenant/AFL/Players/ChampIDImages/AFL/2025014/1023515.png?im=Scale,width=0.6,height=0.6","WL","CD_I1023515",FALSE,21,"Archie","Roberts","CD_T50",NA,88,1,0,NA,14,7,21,6,0,4,6,14,20,3,1,1,0,1,66.7,3,1,1,94,1,1,100,11,NA,NA,2,5,0,1,NA,NA,NA,10,366,0,0,0,8,57.1,2,14,1,0,30,0,0,0,4,0,1,23,14,1,0,0,0,0,2,2,100,0,0,0,"CD_I1023515",FALSE,21,"Archie","Roberts","home","Essendon"
"CD_M20250140301","2025-03-27T08:30:00.000+0000","CONCLUDED","Premiership","Round 3",3,"Marvel Stadium","Essendon","Essendon","Port Adelaide","Port Adelaide",9,"https://s.afl.com.au/staticfile/AFL Tenant/AFL/Players/ChampIDImages/AFL/2025014/291783.png?im=Scale,width=0.6,height=0.6","INT","CD_I291783",FALSE,9,"Dylan","Shiel","CD_T50",NA,67,0,0,NA,15,10,25,5,3,5,7,18,25,8,0,0,0,0,64,5,0,1,97,2,0,0,12.6,NA,NA,4,1,0,1,NA,NA,NA,8,709,2,3,5,8,53.3,1.5,16,0,0,28,0,0,0,5,0,1,16,7,0,0,0,0,0,0,0,0,14,0,0,"CD_I291783",FALSE,9,"Dylan","Shiel","home","Essendon"
"CD_M20250140301","2025-03-27T08:30:00.000+0000","CONCLUDED","Premiership","Round 3",3,"Marvel Stadium","Essendon","Essendon","Port Adelaide","Port Adelaide",21,"https://s.afl.com.au/staticfile/AFL Tenant/AFL/Players/ChampIDImages/AFL/2025014/294469.png?im=Scale,width=0.6,height=0.6","FB","CD_I294469",FALSE,21,"Aliir","Aliir","CD_T110",NA,97,0,0,NA,10,5,15,8,0,1,3,8,11,0,0,0,0,5,80,3,0,2,62,5,0,0,11.5,NA,NA,0,11,0,0,NA,NA,NA,1,169,0,0,0,8,80,2,12,1,5,27.3,0,0,0,3,0,1,4,3,5,0,2,0,0,0,0,0,0,0,0,"CD_I294469",FALSE,21,"Aliir","Aliir","away","Port Adelaide"
"CD_M20250140301","2025-03-27T08:30:00.000+0000","CONCLUDED","Premiership","Round 3",3,"Marvel Stadium","Essendon","Essendon","Port Adelaide","Port Adelaide",14,"https://s.afl.com.au/staticfile/AFL Tenant/AFL/Players/ChampIDImages/AFL/2025014/1009191.png?im=Scale,width=0.6,height=0.6","HBFL","CD_I1009191",FALSE,14,"Miles","Bergman","CD_T110",NA,87,0,0,NA,19,7,26,10,2,0,7,18,25,3,0,1,0,4,65.4,4,3,0,104,5,0,0,6.3,NA,NA,6,8,0,0,NA,NA,NA,3,575,0,0,0,13,68.4,2.7,17,0,4,28,0,0,0,4,0,2,19,14,3,0,3,0,0,0,0,0,0,1,1,"CD_I1009191",FALSE,14,"Miles","Bergman","away","Port Adelaide"
"CD_M20250140301","2025-03-27T08:30:00.000+0000","CONCLUDED","Premiership","Round 3",3,"Marvel Stadium","Essendon","Essendon","Port Adelaide","Port Adelaide",5,"https://s.afl.com.au/staticfile/AFL Tenant/AFL/Players/ChampIDImages/AFL/2025014/1028529.png?im=Scale,width=0.6,height=0.6","INT","CD_I1028529",FALSE,5,"Joe","Berry","CD_T110",NA,72,0,1,NA,10,5,15,5,2,0,3,12,15,5,1,0,0,0,60,4,1,0,57,0,1,0,2.3,NA,NA,4,1,0,2,NA,NA,NA,4,384,0,0,0,4,40,2,9,0,1,20,0,0,0,2,0,0,10,7,0,0,0,0,0,0,0,0,0,0,0,"CD_I1028529",FALSE,5,"Joe","Berry","away","Port Adelaide"
"CD_M20250140301","2025-03-27T08:30:00.000+0000","CONCLUDED","Premiership","Round 3",3,"Marvel Stadium","Essendon","Essendon","Port Adelaide","Port Adelaide",10,"https://s.afl.com.au/staticfile/AFL Tenant/AFL/Players/ChampIDImages/AFL/2025014/250365.png?im=Scale,width=0.6,height=0.6","WR","CD_I250365",FALSE,10,"Travis","Boak","CD_T110",NA,80,1,0,NA,10,8,18,6,1,3,3,15,18,4,0,0,0,0,88.9,1,0,0,82,1,0,100,11.5,NA,NA,1,1,0,1,NA,NA,NA,7,227,0,1,1,8,80,1.3,16,0,0,16.7,0,0,0,2,0,1,22,17,0,0,0,0,0,0,0,0,0,0,0,"CD_I250365",FALSE,10,"Travis","Boak","away","Port Adelaide"
"CD_M20250140301","2025-03-27T08:30:00.000+0000","CONCLUDED","Premiership","Round 3",3,"Marvel Stadium","Essendon","Essendon","Port Adelaide","Port Adelaide",7,"https://s.afl.com.au/staticfile/AFL Tenant/AFL/Players/ChampIDImages/AFL/2025014/1013462.png?im=Scale,width=0.6,height=0.6","CHB","CD_I1013462",FALSE,7,"Jase","Burgoyne","CD_T110",NA,100,0,0,NA,16,11,27,10,0,3,6,17,23,2,0,0,0,2,96.3,1,0,0,112,4,0,0,12.1,NA,NA,3,8,0,0,NA,NA,NA,6,404,0,1,1,15,93.8,1.5,26,0,3,26.1,0,0,0,5,0,2,13,10,2,0,1,0,0,0,0,0,0,3,3,"CD_I1013462",FALSE,7,"Jase","Burgoyne","away","Port Adelaide"
"CD_M20250140301","2025-03-27T08:30:00.000+0000","CONCLUDED","Premiership","Round 3",3,"Marvel Stadium","Essendon","Essendon","Port Adelaide","Port Adelaide",33,"https://s.afl.com.au/staticfile/AFL Tenant/AFL/Players/ChampIDImages/AFL/2025014/991930.png?im=Scale,width=0.6,height=0.6","HFFL","CD_I991930",FALSE,33,"Darcy","Byrne-Jones","CD_T110",NA,80,2,0,NA,12,3,15,4,2,2,4,10,14,3,0,1,0,0,60,3,0,0,74,0,1,100,15.2,NA,NA,3,1,1,2,NA,NA,NA,5,272,0,0,0,7,58.3,4,9,0,0,28.6,0,0,0,3,3,0,16,4,0,0,0,0,0,0,0,0,0,0,0,"CD_I991930",FALSE,33,"Darcy","Byrne-Jones","away","Port Adelaide"
"CD_M20250140301","2025-03-27T08:30:00.000+0000","CONCLUDED","Premiership","Round 3",3,"Marvel Stadium","Essendon","Essendon","Port Adelaide","Port Adelaide",37,"https://s.afl.com.au/staticfile/AFL Tenant/AFL/Players/ChampIDImages/AFL/2025014/1022371.png?im=Scale,width=0.6,height=0.6","SUB","CD_I1022371",FALSE,37,"Tom","Cochrane","CD_T110",NA,22,0,1,NA,2,0,2,2,0,0,0,2,2,0,1,0,0,0,50,0,0,0,13,0,0,0,-1.5,NA,NA,0,0,0,1,NA,NA,NA,2,66,0,0,0,1,50,2,1,0,0,0,0,0,0,0,0,0,3,1,0,0,0,0,0,1,0,0,0,0,0,"CD_I1022371",FALSE,37,"Tom","Cochrane","away","Port Adelaide"
"CD_M20250140301","2025-03-27T08:30:00.000+0000","CONCLUDED","Premiership","Round 3",3,"Marvel Stadium","Essendon","Essendon","Port Adelaide","Port Adelaide",28,"https://s.afl.com.au/staticfile/AFL Tenant/AFL/Players/ChampIDImages/AFL/2025014/1000972.png?im=Scale,width=0.6,height=0.6","INT","CD_I1000972",FALSE,28,"Willem","Drew","CD_T110",NA,73,0,0,NA,6,9,15,3,1,4,6,10,16,1,0,0,0,1,86.7,4,2,3,54,2,0,0,5.9,NA,NA,1,2,0,0,NA,NA,NA,2,162,1,2,3,6,100,0.7,13,0,0,37.5,0,0,0,5,1,0,19,14,1,0,0,0,0,0,0,0,10,0,0,"CD_I1000972",FALSE,28,"Willem","Drew","away","Port Adelaide"
"CD_M20250140301","2025-03-27T08:30:00.000+0000","CONCLUDED","Premiership","Round 3",3,"Marvel Stadium","Essendon","Essendon","Port Adelaide","Port Adelaide",22,"https://s.afl.com.au/staticfile/AFL Tenant/AFL/Players/ChampIDImages/AFL/2025014/1019938.png?im=Scale,width=0.6,height=0.6","INT","CD_I1019938",FALSE,22,"Logan","Evans","CD_T110",NA,74,0,0,NA,8,2,10,3,0,2,1,8,9,0,0,0,0,4,80,5,0,3,36,2,0,0,4.4,NA,NA,1,3,0,0,NA,NA,NA,1,174,0,0,0,8,100,4,8,0,1,11.1,0,0,0,0,0,0,12,8,3,0,0,0,0,0,0,0,0,3,3,"CD_I1019938",FALSE,22,"Logan","Evans","away","Port Adelaide"
"CD_M20250140301","2025-03-27T08:30:00.000+0000","CONCLUDED","Premiership","Round 3",3,"Marvel Stadium","Essendon","Essendon","Port Adelaide","Port Adelaide",6,"https://s.afl.com.au/staticfile/AFL Tenant/AFL/Players/ChampIDImages/AFL/2025014/1002253.png?im=Scale,width=0.6,height=0.6","HBFR","CD_I1002253",FALSE,6,"Kane","Farrell","CD_T110",NA,72,0,0,NA,15,3,18,2,1,1,2,10,12,1,0,0,0,2,88.9,0,0,0,61,6,0,0,10,NA,NA,5,1,0,0,NA,NA,NA,2,495,0,1,1,14,93.3,5,16,0,0,16.7,0,0,0,2,0,1,11,10,2,0,0,0,0,0,0,0,0,6,6,"CD_I1002253",FALSE,6,"Kane","Farrell","away","Port Adelaide"
"CD_M20250140301","2025-03-27T08:30:00.000+0000","CONCLUDED","Premiership","Round 3",3,"Marvel Stadium","Essendon","Essendon","Port Adelaide","Port Adelaide",19,"https://s.afl.com.au/staticfile/AFL Tenant/AFL/Players/ChampIDImages/AFL/2025014/1010174.png?im=Scale,width=0.6,height=0.6","FF","CD_I1010174",FALSE,19,"Mitch","Georgiades","CD_T110",NA,89,2,2,NA,9,4,13,6,0,0,6,6,12,1,4,2,0,0,69.2,2,1,2,62,0,1,40,10.1,NA,NA,2,0,0,5,NA,NA,NA,9,207,0,0,0,6,66.7,2.3,9,3,0,50,0,0,0,3,3,0,3,2,0,0,0,0,0,4,1,25,0,0,0,"CD_I1010174",FALSE,19,"Mitch","Georgiades","away","Port Adelaide"
"CD_M20250140301","2025-03-27T08:30:00.000+0000","CONCLUDED","Premiership","Round 3",3,"Marvel Stadium","Essendon","Essendon","Port Adelaide","Port Adelaide",18,"https://s.afl.com.au/staticfile/AFL Tenant/AFL/Players/ChampIDImages/AFL/2025014/1011640.png?im=Scale,width=0.6,height=0.6","RR","CD_I1011640",FALSE,18,"Jason","Horne-Francis","CD_T110",NA,78,1,1,NA,9,13,22,4,0,1,10,12,22,2,2,0,0,1,68.2,4,1,1,74,0,0,33.3,9.7,NA,NA,3,1,0,3,NA,NA,NA,8,231,2,4,6,5,55.6,0.7,15,0,0,45.5,0,0,0,6,2,1,11,7,0,0,0,0,0,0,0,0,15,0,0,"CD_I1011640",FALSE,18,"Jason","Horne-Francis","away","Port Adelaide"
"CD_M20250140301","2025-03-27T08:30:00.000+0000","CONCLUDED","Premiership","Round 3",3,"Marvel Stadium","Essendon","Essendon","Port Adelaide","Port Adelaide",44,"https://s.afl.com.au/staticfile/AFL Tenant/AFL/Players/ChampIDImages/AFL/2025014/1005326.png?im=Scale,width=0.6,height=0.6","INT","CD_I1005326",FALSE,44,"Jackson","Mead","CD_T110",NA,79,0,0,NA,5,9,14,3,0,3,3,11,14,0,0,0,0,1,92.9,1,0,0,54,0,0,0,8.5,NA,NA,0,4,1,0,NA,NA,NA,4,71,0,0,0,4,80,0.6,13,0,0,21.4,0,0,0,3,0,2,16,10,0,0,0,0,0,0,0,0,3,0,0,"CD_I1005326",FALSE,44,"Jackson","Mead","away","Port Adelaide"
"CD_M20250140301","2025-03-27T08:30:00.000+0000","CONCLUDED","Premiership","Round 3",3,"Marvel Stadium","Essendon","Essendon","Port Adelaide","Port Adelaide",31,"https://s.afl.com.au/staticfile/AFL Tenant/AFL/Players/ChampIDImages/AFL/2025014/1028563.png?im=Scale,width=0.6,height=0.6","WL","CD_I1028563",FALSE,31,"Christian","Moraes","CD_T110",NA,84,0,0,NA,13,14,27,7,0,1,5,22,27,4,0,1,0,0,85.2,1,1,0,93,4,2,0,13.6,NA,NA,3,4,0,1,NA,NA,NA,5,416,1,0,1,10,76.9,0.9,23,2,0,18.5,0,0,0,3,0,2,11,6,0,0,2,2,100,0,0,0,0,0,0,"CD_I1028563",FALSE,31,"Christian","Moraes","away","Port Adelaide"
"CD_M20250140301","2025-03-27T08:30:00.000+0000","CONCLUDED","Premiership","Round 3",3,"Marvel Stadium","Essendon","Essendon","Port Adelaide","Port Adelaide",2,"https://s.afl.com.au/staticfile/AFL Tenant/AFL/Players/ChampIDImages/AFL/2025014/993979.png?im=Scale,width=0.6,height=0.6","FPL","CD_I993979",FALSE,2,"Sam","Powell-Pepper","CD_T110",NA,82,0,1,NA,8,6,14,6,1,4,3,11,14,4,0,0,0,4,64.3,4,0,1,68,1,0,0,4.1,NA,NA,2,0,2,2,NA,NA,NA,3,254,0,3,3,4,50,1.3,9,3,0,21.4,0,0,0,0,0,0,14,5,3,0,0,0,0,0,0,0,0,0,0,"CD_I993979",FALSE,2,"Sam","Powell-Pepper","away","Port Adelaide"
"CD_M20250140301","2025-03-27T08:30:00.000+0000","CONCLUDED","Premiership","Round 3",3,"Marvel Stadium","Essendon","Essendon","Port Adelaide","Port Adelaide",27,"https://s.afl.com.au/staticfile/AFL Tenant/AFL/Players/ChampIDImages/AFL/2025014/1002220.png?im=Scale,width=0.6,height=0.6","BPL","CD_I1002220",FALSE,27,"Esava","Ratugolea","CD_T110",NA,90,0,0,NA,7,5,12,8,0,1,2,10,12,0,0,0,0,8,83.3,2,1,2,54,4,0,0,5.5,NA,NA,2,2,0,0,NA,NA,NA,1,127,0,0,0,6,85.7,1.4,10,0,1,16.7,0,0,0,1,0,0,2,2,7,0,3,1,33.3,1,0,0,0,0,0,"CD_I1002220",FALSE,27,"Esava","Ratugolea","away","Port Adelaide"
"CD_M20250140301","2025-03-27T08:30:00.000+0000","CONCLUDED","Premiership","Round 3",3,"Marvel Stadium","Essendon","Essendon","Port Adelaide","Port Adelaide",35,"https://s.afl.com.au/staticfile/AFL Tenant/AFL/Players/ChampIDImages/AFL/2025014/1008239.png?im=Scale,width=0.6,height=0.6","CHF","CD_I1008239",FALSE,35,"Joe","Richards","CD_T110",NA,71,1,0,NA,7,6,13,6,0,1,4,9,13,1,1,0,0,0,84.6,0,0,0,61,2,0,100,10.4,NA,NA,0,0,0,1,NA,NA,NA,3,188,0,1,1,5,71.4,1.2,11,1,0,30.8,0,0,0,4,0,0,13,6,0,0,0,0,0,0,0,0,0,0,0,"CD_I1008239",FALSE,35,"Joe","Richards","away","Port Adelaide"
"CD_M20250140301","2025-03-27T08:30:00.000+0000","CONCLUDED","Premiership","Round 3",3,"Marvel Stadium","Essendon","Essendon","Port Adelaide","Port Adelaide",15,"https://s.afl.com.au/staticfile/AFL Tenant/AFL/Players/ChampIDImages/AFL/2025014/296225.png?im=Scale,width=0.6,height=0.6","R","CD_I296225",FALSE,15,"Willie","Rioli","CD_T110",NA,82,0,1,NA,11,5,16,4,0,1,2,14,16,5,1,0,0,1,62.5,5,1,4,49,1,1,0,2,NA,NA,6,1,0,1,NA,NA,NA,3,278,0,0,0,5,45.5,2.2,10,0,0,12.5,0,0,0,1,0,0,11,4,0,0,0,0,0,0,0,0,4,0,0,"CD_I296225",FALSE,15,"Willie","Rioli","away","Port Adelaide"
"CD_M20250140301","2025-03-27T08:30:00.000+0000","CONCLUDED","Premiership","Round 3",3,"Marvel Stadium","Essendon","Essendon","Port Adelaide","Port Adelaide",1,"https://s.afl.com.au/staticfile/AFL Tenant/AFL/Players/ChampIDImages/AFL/2025014/1001299.png?im=Scale,width=0.6,height=0.6","C","CD_I1001299",FALSE,1,"Connor","Rozee","CD_T110",NA,86,0,1,NA,8,14,22,5,1,4,3,19,22,2,0,0,0,1,59.1,3,0,0,84,2,0,0,1.5,NA,NA,4,0,1,1,NA,NA,NA,3,210,1,0,1,3,37.5,0.6,13,0,0,13.6,0,0,0,2,1,0,27,16,0,0,0,0,0,0,0,0,17,0,0,"CD_I1001299",FALSE,1,"Connor","Rozee","away","Port Adelaide"
"CD_M20250140301","2025-03-27T08:30:00.000+0000","CONCLUDED","Premiership","Round 3",3,"Marvel Stadium","Essendon","Essendon","Port Adelaide","Port Adelaide",8,"https://s.afl.com.au/staticfile/AFL Tenant/AFL/Players/ChampIDImages/AFL/2025014/1017078.png?im=Scale,width=0.6,height=0.6","BPR","CD_I1017078",FALSE,8,"Josh","Sinn","CD_T110",NA,78,0,1,NA,16,2,18,4,2,1,1,12,13,0,0,0,0,2,77.8,0,0,0,69,7,0,0,11.6,NA,NA,2,2,0,1,NA,NA,NA,4,571,0,1,1,12,75,8,14,0,1,7.7,0,0,0,1,0,2,5,3,2,0,0,0,0,0,0,0,0,5,5,"CD_I1017078",FALSE,8,"Josh","Sinn","away","Port Adelaide"
"CD_M20250140301","2025-03-27T08:30:00.000+0000","CONCLUDED","Premiership","Round 3",3,"Marvel Stadium","Essendon","Essendon","Port Adelaide","Port Adelaide",13,"https://s.afl.com.au/staticfile/AFL Tenant/AFL/Players/ChampIDImages/AFL/2025014/998529.png?im=Scale,width=0.6,height=0.6","FPR","CD_I998529",FALSE,13,"Ivan","Soldo","CD_T110",NA,60,0,0,NA,3,2,5,1,0,1,3,3,6,1,0,0,9,2,80,2,0,1,26,0,0,0,4.9,NA,NA,2,1,1,0,NA,NA,NA,2,38,0,1,1,2,66.7,1.5,4,1,0,50,3,52.9,33.3,2,1,1,7,3,0,17,0,0,0,3,0,0,6,0,0,"CD_I998529",FALSE,13,"Ivan","Soldo","away","Port Adelaide"
"CD_M20250140301","2025-03-27T08:30:00.000+0000","CONCLUDED","Premiership","Round 3",3,"Marvel Stadium","Essendon","Essendon","Port Adelaide","Port Adelaide",24,"https://s.afl.com.au/staticfile/AFL Tenant/AFL/Players/ChampIDImages/AFL/2025014/992330.png?im=Scale,width=0.6,height=0.6","RK","CD_I992330",FALSE,24,"Jordon","Sweet","CD_T110",NA,85,0,0,NA,7,7,14,5,0,4,4,8,12,1,1,0,27,5,64.3,3,2,1,92,2,0,0,7.9,NA,NA,1,0,0,0,NA,NA,NA,7,139,1,3,4,3,42.9,1,9,0,0,33.3,10,45,37,2,0,3,15,10,5,60,2,0,0,2,1,50,15,0,0,"CD_I992330",FALSE,24,"Jordon","Sweet","away","Port Adelaide"
"CD_M20250140301","2025-03-27T08:30:00.000+0000","CONCLUDED","Premiership","Round 3",3,"Marvel Stadium","Essendon","Essendon","Port Adelaide","Port Adelaide",16,"https://s.afl.com.au/staticfile/AFL Tenant/AFL/Players/ChampIDImages/AFL/2025014/294318.png?im=Scale,width=0.6,height=0.6","HFFR","CD_I294318",FALSE,16,"Ollie","Wines","CD_T110",NA,78,1,0,NA,13,18,31,4,0,3,11,18,29,4,0,0,0,1,67.7,8,1,2,100,2,0,50,13.1,NA,NA,5,1,0,2,NA,NA,NA,9,349,3,2,5,8,61.5,0.7,21,1,0,37.9,0,0,0,9,1,2,15,10,0,0,0,0,0,0,0,0,14,0,0,"CD_I294318",FALSE,16,"Ollie","Wines","away","Port Adelaide"
"CD_M20250140302","2025-03-28T08:40:00.000+0000","CONCLUDED","Premiership","Round 3",3,"Marvel Stadium","Carlton","Carlton","Western Bulldogs","Western Bulldogs",13,"https://s.afl.com.au/staticfile/AFL Tenant/AFL/Players/ChampIDImages/AFL/2025014/296294.png?im=Scale,width=0.6,height=0.6","WL","CD_I296294",FALSE,13,"Blake","Acres","CD_T30",NA,86,0,0,NA,11,4,15,4,0,4,2,13,15,4,0,0,0,2,33.3,6,1,2,64,1,0,0,-1.1,NA,NA,6,1,0,0,NA,NA,NA,1,408,0,0,0,3,27.3,2.8,5,0,0,13.3,0,0,0,1,0,0,18,9,1,0,0,0,0,0,0,0,0,0,0,"CD_I296294",FALSE,13,"Blake","Acres","home","Carlton"
"CD_M20250140302","2025-03-28T08:40:00.000+0000","CONCLUDED","Premiership","Round 3",3,"Marvel Stadium","Carlton","Carlton","Western Bulldogs","Western Bulldogs",37,"https://s.afl.com.au/staticfile/AFL Tenant/AFL/Players/ChampIDImages/AFL/2025014/1002795.png?im=Scale,width=0.6,height=0.6","SUB","CD_I1002795",FALSE,37,"Jordan","Boyd","CD_T30",NA,55,0,0,NA,6,3,9,3,1,1,2,4,6,0,0,0,0,1,88.9,0,0,0,37,2,0,0,2.5,NA,NA,1,2,0,0,NA,NA,NA,1,202,0,0,0,5,83.3,2,8,0,0,33.3,0,0,0,2,0,1,7,5,1,0,0,0,0,0,0,0,0,3,3,"CD_I1002795",FALSE,37,"Jordan","Boyd","home","Carlton"
"CD_M20250140302","2025-03-28T08:40:00.000+0000","CONCLUDED","Premiership","Round 3",3,"Marvel Stadium","Carlton","Carlton","Western Bulldogs","Western Bulldogs",5,"https://s.afl.com.au/staticfile/AFL Tenant/AFL/Players/ChampIDImages/AFL/2025014/1002239.png?im=Scale,width=0.6,height=0.6","RR","CD_I1002239",FALSE,5,"Adam","Cerra","CD_T30",NA,75,0,0,NA,16,10,26,2,0,4,14,12,26,9,0,0,0,0,73.1,5,2,3,83,2,0,0,15.1,NA,NA,4,5,0,0,NA,NA,NA,6,502,5,3,8,11,68.8,1.6,19,0,2,53.8,0,0,0,8,0,3,18,9,0,0,0,0,0,0,0,0,16,0,0,"CD_I1002239",FALSE,5,"Adam","Cerra","home","Carlton"
"CD_M20250140302","2025-03-28T08:40:00.000+0000","CONCLUDED","Premiership","Round 3",3,"Marvel Stadium","Carlton","Carlton","Western Bulldogs","Western Bulldogs",46,"https://s.afl.com.au/staticfile/AFL Tenant/AFL/Players/ChampIDImages/AFL/2025014/1008154.png?im=Scale,width=0.6,height=0.6","WR","CD_I1008154",FALSE,46,"Matthew","Cottrell","CD_T30",NA,92,0,1,NA,8,6,14,4,0,1,7,8,15,4,0,0,0,2,71.4,0,0,0,53,0,2,0,9.1,NA,NA,3,1,0,1,NA,NA,NA,5,336,0,0,0,6,75,1.3,10,1,0,46.7,0,0,0,6,3,0,8,2,1,0,0,0,0,0,0,0,0,0,0,"CD_I1008154",FALSE,46,"Matthew","Cottrell","home","Carlton"
"CD_M20250140302","2025-03-28T08:40:00.000+0000","CONCLUDED","Premiership","Round 3",3,"Marvel Stadium","Carlton","Carlton","Western Bulldogs","Western Bulldogs",2,"https://s.afl.com.au/staticfile/AFL Tenant/AFL/Players/ChampIDImages/AFL/2025014/1021353.png?im=Scale,width=0.6,height=0.6","INT","CD_I1021353",FALSE,2,"Lachlan","Cowan","CD_T30",NA,77,0,0,NA,8,5,13,6,0,3,4,9,13,2,0,0,0,1,92.3,1,0,1,61,4,0,0,7.7,NA,NA,0,2,0,0,NA,NA,NA,2,228,0,2,2,7,87.5,1.6,12,0,0,30.8,0,0,0,4,0,0,12,6,0,0,0,0,0,0,0,0,0,0,0,"CD_I1021353",FALSE,2,"Lachlan","Cowan","home","Carlton"
"CD_M20250140302","2025-03-28T08:40:00.000+0000","CONCLUDED","Premiership","Round 3",3,"Marvel Stadium","Carlton","Carlton","Western Bulldogs","Western Bulldogs",9,"https://s.afl.com.au/staticfile/AFL Tenant/AFL/Players/ChampIDImages/AFL/2025014/990704.png?im=Scale,width=0.6,height=0.6","C","CD_I990704",FALSE,9,"Patrick","Cripps","CD_T30",NA,81,0,0,NA,5,16,21,2,0,8,12,9,21,4,0,0,0,2,61.9,4,1,2,80,0,1,0,8.6,NA,NA,5,2,3,0,NA,NA,NA,6,135,2,4,6,2,40,0.3,13,0,1,57.1,0,0,0,6,1,3,25,11,2,2,0,0,0,1,0,0,20,0,0,"CD_I990704",FALSE,9,"Patrick","Cripps","home","Carlton"
"CD_M20250140302","2025-03-28T08:40:00.000+0000","CONCLUDED","Premiership","Round 3",3,"Marvel Stadium","Carlton","Carlton","Western Bulldogs","Western Bulldogs",30,"https://s.afl.com.au/staticfile/AFL Tenant/AFL/Players/ChampIDImages/AFL/2025014/996731.png?im=Scale,width=0.6,height=0.6","FF","CD_I996731",FALSE,30,"Charlie","Curnow","CD_T30",NA,85,3,1,NA,7,1,8,3,0,3,3,4,7,1,3,1,0,0,62.5,1,1,0,64,0,0,75,10.7,NA,NA,2,0,1,4,NA,NA,NA,5,172,0,0,0,4,57.1,7,5,0,0,42.9,0,0,0,1,1,0,6,0,0,0,0,0,0,2,1,50,0,0,0,"CD_I996731",FALSE,30,"Charlie","Curnow","home","Carlton"
"CD_M20250140302","2025-03-28T08:40:00.000+0000","CONCLUDED","Premiership","Round 3",3,"Marvel Stadium","Carlton","Carlton","Western Bulldogs","Western Bulldogs",12,"https://s.afl.com.au/staticfile/AFL Tenant/AFL/Players/ChampIDImages/AFL/2025014/1004912.png?im=Scale,width=0.6,height=0.6","RK","CD_I1004912",FALSE,12,"Tom","De Koning","CD_T30",NA,81,0,0,NA,12,16,28,8,0,4,19,11,30,4,0,2,28,2,71.4,7,3,3,130,0,2,0,18,NA,NA,2,8,1,0,NA,NA,NA,6,315,0,7,7,8,66.7,0.8,20,0,4,63.3,5,37.3,17.9,6,0,2,9,5,2,75,0,0,0,0,0,0,23,0,0,"CD_I1004912",FALSE,12,"Tom","De Koning","home","Carlton"
"CD_M20250140302","2025-03-28T08:40:00.000+0000","CONCLUDED","Premiership","Round 3",3,"Marvel Stadium","Carlton","Carlton","Western Bulldogs","Western Bulldogs",15,"https://s.afl.com.au/staticfile/AFL Tenant/AFL/Players/ChampIDImages/AFL/2025014/295518.png?im=Scale,width=0.6,height=0.6","FPR","CD_I295518",FALSE,15,"Sam","Docherty","CD_T30",NA,89,0,0,NA,11,4,15,5,0,5,3,11,14,3,0,0,0,1,80,1,0,0,76,0,0,0,11.1,NA,NA,1,3,1,1,NA,NA,NA,5,251,0,1,1,8,72.7,2.8,12,1,0,21.4,0,0,0,3,1,2,21,13,0,0,0,0,0,0,0,0,0,0,0,"CD_I295518",FALSE,15,"Sam","Docherty","home","Carlton"
"CD_M20250140302","2025-03-28T08:40:00.000+0000","CONCLUDED","Premiership","Round 3",3,"Marvel Stadium","Carlton","Carlton","Western Bulldogs","Western Bulldogs",44,"https://s.afl.com.au/staticfile/AFL Tenant/AFL/Players/ChampIDImages/AFL/2025014/1017255.png?im=Scale,width=0.6,height=0.6","INT","CD_I1017255",FALSE,44,"Francis","Evans","CD_T30",NA,61,0,0,NA,5,2,7,1,0,1,4,4,8,3,0,0,0,0,57.1,2,1,2,21,0,1,0,3,NA,NA,2,0,0,0,NA,NA,NA,4,167,0,1,1,3,60,2.5,4,0,0,50,0,0,0,3,3,1,6,3,0,0,0,0,0,0,0,0,0,0,0,"CD_I1017255",FALSE,44,"Francis","Evans","home","Carlton"
"CD_M20250140302","2025-03-28T08:40:00.000+0000","CONCLUDED","Premiership","Round 3",3,"Marvel Stadium","Carlton","Carlton","Western Bulldogs","Western Bulldogs",8,"https://s.afl.com.au/staticfile/AFL Tenant/AFL/Players/ChampIDImages/AFL/2025014/1002228.png?im=Scale,width=0.6,height=0.6","INT","CD_I1002228",FALSE,8,"Lachie","Fogarty","CD_T30",NA,68,0,0,NA,6,5,11,1,0,7,3,8,11,4,0,0,0,2,54.5,1,0,0,59,2,0,0,6.9,NA,NA,2,0,2,0,NA,NA,NA,3,215,0,0,0,2,33.3,1.2,6,0,0,27.3,0,0,0,2,1,0,18,11,1,0,0,0,0,0,0,0,2,0,0,"CD_I1002228",FALSE,8,"Lachie","Fogarty","home","Carlton"
"CD_M20250140302","2025-03-28T08:40:00.000+0000","CONCLUDED","Premiership","Round 3",3,"Marvel Stadium","Carlton","Carlton","Western Bulldogs","Western Bulldogs",26,"https://s.afl.com.au/staticfile/AFL Tenant/AFL/Players/ChampIDImages/AFL/2025014/295265.png?im=Scale,width=0.6,height=0.6","BPR","CD_I295265",FALSE,26,"Nick","Haynes","CD_T30",NA,82,0,0,NA,16,1,17,10,0,2,2,15,17,1,0,1,0,2,58.8,2,1,0,89,5,0,0,4.2,NA,NA,5,4,0,0,NA,NA,NA,1,521,0,1,1,9,56.3,16,10,0,4,11.8,0,0,0,0,0,0,9,5,2,0,1,0,0,0,0,0,0,0,0,"CD_I295265",FALSE,26,"Nick","Haynes","home","Carlton"
"CD_M20250140302","2025-03-28T08:40:00.000+0000","CONCLUDED","Premiership","Round 3",3,"Marvel Stadium","Carlton","Carlton","Western Bulldogs","Western Bulldogs",29,"https://s.afl.com.au/staticfile/AFL Tenant/AFL/Players/ChampIDImages/AFL/2025014/294036.png?im=Scale,width=0.6,height=0.6","R","CD_I294036",FALSE,29,"George","Hewett","CD_T30",NA,79,0,0,NA,12,15,27,4,0,9,13,15,28,2,0,1,0,1,74.1,2,2,0,116,1,1,0,13.9,NA,NA,3,1,1,0,NA,NA,NA,6,212,4,4,8,7,58.3,0.8,20,1,0,46.4,0,0,0,9,1,1,19,8,0,0,0,0,0,0,0,0,19,0,0,"CD_I294036",FALSE,29,"George","Hewett","home","Carlton"
"CD_M20250140302","2025-03-28T08:40:00.000+0000","CONCLUDED","Premiership","Round 3",3,"Marvel Stadium","Carlton","Carlton","Western Bulldogs","Western Bulldogs",4,"https://s.afl.com.au/staticfile/AFL Tenant/AFL/Players/ChampIDImages/AFL/2025014/1023495.png?im=Scale,width=0.6,height=0.6","HBFR","CD_I1023495",FALSE,4,"Oliver","Hollands","CD_T30",NA,88,0,0,NA,7,5,12,6,0,3,4,10,14,1,0,0,0,1,66.7,3,0,3,52,2,0,0,3.9,NA,NA,2,2,0,0,NA,NA,NA,1,134,0,0,0,4,57.1,1.4,8,0,0,28.6,0,0,0,4,0,0,21,14,0,0,1,1,100,0,0,0,0,0,0,"CD_I1023495",FALSE,4,"Oliver","Hollands","home","Carlton"
"CD_M20250140302","2025-03-28T08:40:00.000+0000","CONCLUDED","Premiership","Round 3",3,"Marvel Stadium","Carlton","Carlton","Western Bulldogs","Western Bulldogs",17,"https://s.afl.com.au/staticfile/AFL Tenant/AFL/Players/ChampIDImages/AFL/2025014/1009241.png?im=Scale,width=0.6,height=0.6","FPL","CD_I1009241",FALSE,17,"Brodie","Kemp","CD_T30",NA,87,5,1,NA,10,2,12,7,0,4,4,8,12,2,5,0,0,3,50,3,2,0,104,0,0,83.3,15.4,NA,NA,3,1,2,6,NA,NA,NA,8,315,0,0,0,6,60,5,6,5,0,33.3,0,0,0,1,1,0,10,3,2,0,0,0,0,3,1,33.3,0,0,0,"CD_I1009241",FALSE,17,"Brodie","Kemp","home","Carlton"
"CD_M20250140302","2025-03-28T08:40:00.000+0000","CONCLUDED","Premiership","Round 3",3,"Marvel Stadium","Carlton","Carlton","Western Bulldogs","Western Bulldogs",11,"https://s.afl.com.au/staticfile/AFL Tenant/AFL/Players/ChampIDImages/AFL/2025014/297255.png?im=Scale,width=0.6,height=0.6","CHB","CD_I297255",FALSE,11,"Mitch","McGovern","CD_T30",NA,82,0,0,NA,10,1,11,4,0,1,2,6,8,0,0,0,0,4,45.5,2,1,0,49,6,0,0,4.9,NA,NA,5,4,0,0,NA,NA,NA,0,287,0,0,0,5,50,10,5,0,1,25,0,0,0,2,0,0,14,13,4,0,0,0,0,0,0,0,0,3,3,"CD_I297255",FALSE,11,"Mitch","McGovern","home","Carlton"
"CD_M20250140302","2025-03-28T08:40:00.000+0000","CONCLUDED","Premiership","Round 3",3,"Marvel Stadium","Carlton","Carlton","Western Bulldogs","Western Bulldogs",3,"https://s.afl.com.au/staticfile/AFL Tenant/AFL/Players/ChampIDImages/AFL/2025014/1017700.png?im=Scale,width=0.6,height=0.6","HFFL","CD_I1017700",FALSE,3,"Jesse","Motlop","CD_T30",NA,78,1,1,NA,7,2,9,1,0,5,4,4,8,2,1,0,0,0,88.9,2,2,2,51,0,1,50,10,NA,NA,1,2,2,2,NA,NA,NA,7,144,0,1,1,6,85.7,3.5,8,0,0,50,0,0,0,3,2,2,11,4,0,0,0,0,0,0,0,0,4,0,0,"CD_I1017700",FALSE,3,"Jesse","Motlop","home","Carlton"
"CD_M20250140302","2025-03-28T08:40:00.000+0000","CONCLUDED","Premiership","Round 3",3,"Marvel Stadium","Carlton","Carlton","Western Bulldogs","Western Bulldogs",42,"https://s.afl.com.au/staticfile/AFL Tenant/AFL/Players/ChampIDImages/AFL/2025014/295461.png?im=Scale,width=0.6,height=0.6","HBFL","CD_I295461",FALSE,42,"Adam","Saad","CD_T30",NA,86,0,1,NA,15,4,19,5,5,3,3,12,15,1,0,0,0,1,73.7,4,1,1,79,6,0,0,5.7,NA,NA,3,3,1,1,NA,NA,NA,3,444,0,2,2,11,73.3,3.8,14,0,2,20,0,0,0,2,0,1,12,7,1,0,0,0,0,0,0,0,0,4,3,"CD_I295461",FALSE,42,"Adam","Saad","home","Carlton"
"CD_M20250140302","2025-03-28T08:40:00.000+0000","CONCLUDED","Premiership","Round 3",3,"Marvel Stadium","Carlton","Carlton","Western Bulldogs","Western Bulldogs",1,"https://s.afl.com.au/staticfile/AFL Tenant/AFL/Players/ChampIDImages/AFL/2025014/1001028.png?im=Scale,width=0.6,height=0.6","CHF","CD_I1001028",FALSE,1,"Jack","Silvagni","CD_T30",NA,88,0,0,NA,11,5,16,9,0,1,5,11,16,1,0,1,0,9,87.5,2,1,0,75,4,0,0,13.2,NA,NA,3,8,0,0,NA,NA,NA,3,212,0,0,0,9,81.8,2.2,14,0,4,31.3,0,0,0,3,0,0,5,5,9,1,6,1,16.7,0,0,0,0,1,0,"CD_I1001028",FALSE,1,"Jack","Silvagni","home","Carlton"
"CD_M20250140302","2025-03-28T08:40:00.000+0000","CONCLUDED","Premiership","Round 3",3,"Marvel Stadium","Carlton","Carlton","Western Bulldogs","Western Bulldogs",18,"https://s.afl.com.au/staticfile/AFL Tenant/AFL/Players/ChampIDImages/AFL/2025014/1006094.png?im=Scale,width=0.6,height=0.6","INT","CD_I1006094",FALSE,18,"Sam","Walsh","CD_T30",NA,79,0,1,NA,14,12,26,1,0,3,11,14,25,7,0,0,0,0,73.1,4,1,1,80,0,0,0,13,NA,NA,4,4,0,1,NA,NA,NA,5,507,2,3,5,8,57.1,1.2,19,0,0,44,0,0,0,10,0,2,18,6,0,0,0,0,0,0,0,0,17,0,0,"CD_I1006094",FALSE,18,"Sam","Walsh","home","Carlton"
"CD_M20250140302","2025-03-28T08:40:00.000+0000","CONCLUDED","Premiership","Round 3",3,"Marvel Stadium","Carlton","Carlton","Western Bulldogs","Western Bulldogs",23,"https://s.afl.com.au/staticfile/AFL Tenant/AFL/Players/ChampIDImages/AFL/2025014/993832.png?im=Scale,width=0.6,height=0.6","FB","CD_I993832",FALSE,23,"Jacob","Weitering","CD_T30",NA,96,0,0,NA,10,4,14,9,0,1,6,7,13,0,0,3,0,7,92.9,3,0,2,63,3,0,0,8.7,NA,NA,2,7,0,0,NA,NA,NA,2,106,0,0,0,9,90,2.5,13,0,3,46.2,0,0,0,3,0,1,2,2,6,0,3,0,0,0,0,0,0,0,0,"CD_I993832",FALSE,23,"Jacob","Weitering","home","Carlton"
"CD_M20250140302","2025-03-28T08:40:00.000+0000","CONCLUDED","Premiership","Round 3",3,"Marvel Stadium","Carlton","Carlton","Western Bulldogs","Western Bulldogs",6,"https://s.afl.com.au/staticfile/AFL Tenant/AFL/Players/ChampIDImages/AFL/2025014/294685.png?im=Scale,width=0.6,height=0.6","HFFR","CD_I294685",FALSE,6,"Zac","Williams","CD_T30",NA,20,0,0,NA,3,5,8,0,2,0,5,3,8,1,0,0,0,0,62.5,1,1,0,20,1,1,0,7.1,NA,NA,3,1,0,0,NA,NA,NA,1,187,0,1,1,2,66.7,0.6,5,0,0,62.5,0,0,0,4,1,1,0,0,0,0,0,0,0,0,0,0,0,0,0,"CD_I294685",FALSE,6,"Zac","Williams","home","Carlton"
"CD_M20250140302","2025-03-28T08:40:00.000+0000","CONCLUDED","Premiership","Round 3",3,"Marvel Stadium","Carlton","Carlton","Western Bulldogs","Western Bulldogs",33,"https://s.afl.com.au/staticfile/AFL Tenant/AFL/Players/ChampIDImages/AFL/2025014/997316.png?im=Scale,width=0.6,height=0.6","BPL","CD_I997316",FALSE,33,"Lewis","Young","CD_T30",NA,85,2,1,NA,4,4,8,5,0,4,3,5,8,0,4,2,8,2,37.5,4,0,2,66,0,0,66.7,1.8,NA,NA,2,0,1,3,NA,NA,NA,3,88,0,0,0,2,50,1,3,0,0,37.5,3,36.4,37.5,1,1,0,5,3,2,22,0,0,0,2,1,50,3,0,0,"CD_I997316",FALSE,33,"Lewis","Young","home","Carlton"
"CD_M20250140302","2025-03-28T08:40:00.000+0000","CONCLUDED","Premiership","Round 3",3,"Marvel Stadium","Carlton","Carlton","Western Bulldogs","Western Bulldogs",13,"https://s.afl.com.au/staticfile/AFL Tenant/AFL/Players/ChampIDImages/AFL/2025014/1008855.png?im=Scale,width=0.6,height=0.6","INT","CD_I1008855",FALSE,13,"Oskar","Baker","CD_T140",NA,60,0,0,NA,10,4,14,7,0,0,3,11,14,3,0,0,0,3,78.6,2,0,0,59,2,0,0,7.6,NA,NA,3,4,0,0,NA,NA,NA,3,316,0,0,0,7,70,2.5,11,0,1,21.4,0,0,0,3,0,1,3,2,1,0,0,0,0,0,0,0,0,0,0,"CD_I1008855",FALSE,13,"Oskar","Baker","away","Western Bulldogs"
"CD_M20250140302","2025-03-28T08:40:00.000+0000","CONCLUDED","Premiership","Round 3",3,"Marvel Stadium","Carlton","Carlton","Western Bulldogs","Western Bulldogs",29,"https://s.afl.com.au/staticfile/AFL Tenant/AFL/Players/ChampIDImages/AFL/2025014/1000864.png?im=Scale,width=0.6,height=0.6","HBFL","CD_I1000864",FALSE,29,"Lachlan","Bramble","CD_T140",NA,85,0,0,NA,12,6,18,3,1,2,4,11,15,0,0,0,0,2,88.9,3,1,2,60,3,1,0,7.8,NA,NA,2,4,0,0,NA,NA,NA,4,304,0,0,0,10,83.3,2,16,0,0,26.7,0,0,0,3,0,1,11,9,1,0,0,0,0,0,0,0,0,5,5,"CD_I1000864",FALSE,29,"Lachlan","Bramble","away","Western Bulldogs"
"CD_M20250140302","2025-03-28T08:40:00.000+0000","CONCLUDED","Premiership","Round 3",3,"Marvel Stadium","Carlton","Carlton","Western Bulldogs","Western Bulldogs",31,"https://s.afl.com.au/staticfile/AFL Tenant/AFL/Players/ChampIDImages/AFL/2025014/996708.png?im=Scale,width=0.6,height=0.6","HBFR","CD_I996708",FALSE,31,"Bailey","Dale","CD_T140",NA,84,0,0,NA,14,6,20,4,1,0,6,13,19,3,0,0,0,2,65,4,0,1,63,5,1,0,9.6,NA,NA,4,6,0,1,NA,NA,NA,2,485,0,0,0,8,57.1,2.3,13,0,1,31.6,0,0,0,5,1,1,7,5,1,0,0,0,0,0,0,0,0,3,3,"CD_I996708",FALSE,31,"Bailey","Dale","away","Western Bulldogs"
"CD_M20250140302","2025-03-28T08:40:00.000+0000","CONCLUDED","Premiership","Round 3",3,"Marvel Stadium","Carlton","Carlton","Western Bulldogs","Western Bulldogs",10,"https://s.afl.com.au/staticfile/AFL Tenant/AFL/Players/ChampIDImages/AFL/2025014/1017126.png?im=Scale,width=0.6,height=0.6","FF","CD_I1017126",FALSE,10,"Sam","Darcy","CD_T140",NA,85,2,1,NA,13,4,17,8,0,2,12,5,17,3,2,3,4,2,58.8,0,3,0,99,0,1,50,20.6,NA,NA,0,3,2,4,NA,NA,NA,8,329,1,0,1,7,53.8,3.3,10,2,2,70.6,2,23.5,50,4,2,3,12,4,2,17,0,0,0,3,0,0,6,0,0,"CD_I1017126",FALSE,10,"Sam","Darcy","away","Western Bulldogs"
"CD_M20250140302","2025-03-28T08:40:00.000+0000","CONCLUDED","Premiership","Round 3",3,"Marvel Stadium","Carlton","Carlton","Western Bulldogs","Western Bulldogs",42,"https://s.afl.com.au/staticfile/AFL Tenant/AFL/Players/ChampIDImages/AFL/2025014/1036123.png?im=Scale,width=0.6,height=0.6","WR","CD_I1036123",FALSE,42,"Sam","Davidson","CD_T140",NA,80,0,1,NA,20,11,31,10,0,3,7,24,31,4,0,1,0,2,80.6,2,0,0,125,0,1,0,11.5,NA,NA,6,1,0,1,NA,NA,NA,7,639,0,2,2,17,85,1.8,25,0,0,22.6,0,0,0,6,0,0,12,5,1,0,0,0,0,1,1,100,0,0,0,"CD_I1036123",FALSE,42,"Sam","Davidson","away","Western Bulldogs"
"CD_M20250140302","2025-03-28T08:40:00.000+0000","CONCLUDED","Premiership","Round 3",3,"Marvel Stadium","Carlton","Carlton","Western Bulldogs","Western Bulldogs",26,"https://s.afl.com.au/staticfile/AFL Tenant/AFL/Players/ChampIDImages/AFL/2025014/1034235.png?im=Scale,width=0.6,height=0.6","SUB","CD_I1034235",FALSE,26,"Josh","Dolan","CD_T140",NA,20,0,0,NA,3,2,5,3,0,0,0,5,5,2,1,0,0,0,60,1,0,0,22,0,1,0,0.7,NA,NA,1,0,0,0,NA,NA,NA,2,111,0,0,0,2,66.7,1.5,3,0,0,0,0,0,0,0,0,0,2,0,0,0,0,0,0,0,0,0,0,0,0,"CD_I1034235",FALSE,26,"Josh","Dolan","away","Western Bulldogs"
"CD_M20250140302","2025-03-28T08:40:00.000+0000","CONCLUDED","Premiership","Round 3",3,"Marvel Stadium","Carlton","Carlton","Western Bulldogs","Western Bulldogs",44,"https://s.afl.com.au/staticfile/AFL Tenant/AFL/Players/ChampIDImages/AFL/2025014/1004592.png?im=Scale,width=0.6,height=0.6","RK","CD_I1004592",FALSE,44,"Tim","English","CD_T140",NA,78,0,1,NA,10,6,16,6,0,2,6,10,16,3,0,1,34,1,56.3,5,2,2,99,2,1,0,2.9,NA,NA,4,3,0,1,NA,NA,NA,4,151,1,1,2,4,40,1.7,9,0,1,37.5,11,47.2,32.4,2,0,3,9,5,1,72,0,0,0,0,0,0,19,0,0,"CD_I1004592",FALSE,44,"Tim","English","away","Western Bulldogs"
"CD_M20250140302","2025-03-28T08:40:00.000+0000","CONCLUDED","Premiership","Round 3",3,"Marvel Stadium","Carlton","Carlton","Western Bulldogs","Western Bulldogs",27,"https://s.afl.com.au/staticfile/AFL Tenant/AFL/Players/ChampIDImages/AFL/2025014/1027704.png?im=Scale,width=0.6,height=0.6","RR","CD_I1027704",FALSE,27,"Joel","Freijah","CD_T140",NA,83,0,0,NA,7,9,16,4,0,4,6,12,18,3,0,0,0,4,75,3,2,2,63,3,0,0,6.5,NA,NA,3,2,0,0,NA,NA,NA,3,217,0,1,1,5,71.4,0.8,12,0,0,33.3,0,0,0,4,0,1,19,8,2,0,0,0,0,0,0,0,7,0,0,"CD_I1027704",FALSE,27,"Joel","Freijah","away","Western Bulldogs"
"CD_M20250140302","2025-03-28T08:40:00.000+0000","CONCLUDED","Premiership","Round 3",3,"Marvel Stadium","Carlton","Carlton","Western Bulldogs","Western Bulldogs",12,"https://s.afl.com.au/staticfile/AFL Tenant/AFL/Players/ChampIDImages/AFL/2025014/1017087.png?im=Scale,width=0.6,height=0.6","BPR","CD_I1017087",FALSE,12,"Harvey","Gallagher","CD_T140",NA,77,0,0,NA,9,0,9,4,0,1,2,7,9,1,0,0,0,0,66.7,4,1,3,35,3,0,0,2.8,NA,NA,2,2,0,0,NA,NA,NA,0,248,0,2,2,6,66.7,9,6,1,2,22.2,0,0,0,1,0,0,9,8,0,0,0,0,0,0,0,0,0,0,0,"CD_I1017087",FALSE,12,"Harvey","Gallagher","away","Western Bulldogs"
"CD_M20250140302","2025-03-28T08:40:00.000+0000","CONCLUDED","Premiership","Round 3",3,"Marvel Stadium","Carlton","Carlton","Western Bulldogs","Western Bulldogs",22,"https://s.afl.com.au/staticfile/AFL Tenant/AFL/Players/ChampIDImages/AFL/2025014/297899.png?im=Scale,width=0.6,height=0.6","INT","CD_I297899",FALSE,22,"James","Harmes","CD_T140",NA,76,0,1,NA,14,8,22,5,0,3,11,10,21,5,1,0,0,0,77.3,1,2,0,88,3,0,0,11.5,NA,NA,4,6,0,1,NA,NA,NA,3,410,0,2,2,9,64.3,1.8,17,1,0,52.4,0,0,0,10,2,1,12,7,0,0,0,0,0,0,0,0,1,0,0,"CD_I297899",FALSE,22,"James","Harmes","away","Western Bulldogs"
"CD_M20250140302","2025-03-28T08:40:00.000+0000","CONCLUDED","Premiership","Round 3",3,"Marvel Stadium","Carlton","Carlton","Western Bulldogs","Western Bulldogs",19,"https://s.afl.com.au/staticfile/AFL Tenant/AFL/Players/ChampIDImages/AFL/2025014/281078.png?im=Scale,width=0.6,height=0.6","FB","CD_I281078",FALSE,19,"Liam","Jones","CD_T140",NA,88,0,0,NA,4,3,7,4,0,2,0,7,7,0,0,0,0,10,100,0,0,0,38,2,0,0,7.4,NA,NA,0,4,0,0,NA,NA,NA,0,77,0,0,0,4,100,1.3,7,0,3,0,0,0,0,0,0,0,4,3,8,0,2,0,0,0,0,0,0,0,0,"CD_I281078",FALSE,19,"Liam","Jones","away","Western Bulldogs"
"CD_M20250140302","2025-03-28T08:40:00.000+0000","CONCLUDED","Premiership","Round 3",3,"Marvel Stadium","Carlton","Carlton","Western Bulldogs","Western Bulldogs",8,"https://s.afl.com.au/staticfile/AFL Tenant/AFL/Players/ChampIDImages/AFL/2025014/1001398.png?im=Scale,width=0.6,height=0.6","HFFR","CD_I1001398",FALSE,8,"Matthew","Kennedy","CD_T140",NA,85,2,0,NA,15,7,22,3,0,4,10,8,18,4,0,0,0,1,72.7,2,1,1,94,1,0,100,17.5,NA,NA,3,1,0,2,NA,NA,NA,5,378,4,5,9,9,60,2.1,16,1,0,55.6,0,0,0,8,0,2,19,11,1,0,0,0,0,0,0,0,21,0,0,"CD_I1001398",FALSE,8,"Matthew","Kennedy","away","Western Bulldogs"
"CD_M20250140302","2025-03-28T08:40:00.000+0000","CONCLUDED","Premiership","Round 3",3,"Marvel Stadium","Carlton","Carlton","Western Bulldogs","Western Bulldogs",24,"https://s.afl.com.au/staticfile/AFL Tenant/AFL/Players/ChampIDImages/AFL/2025014/998782.png?im=Scale,width=0.6,height=0.6","BPL","CD_I998782",FALSE,24,"Buku","Khamis","CD_T140",NA,89,0,0,NA,8,2,10,6,0,4,2,7,9,0,0,1,0,4,90,1,0,1,59,5,0,0,6.4,NA,NA,2,5,0,0,NA,NA,NA,3,195,0,0,0,7,87.5,4,9,0,4,22.2,0,0,0,1,1,1,7,6,4,0,1,1,100,0,0,0,0,0,0,"CD_I998782",FALSE,24,"Buku","Khamis","away","Western Bulldogs"
"CD_M20250140302","2025-03-28T08:40:00.000+0000","CONCLUDED","Premiership","Round 3",3,"Marvel Stadium","Carlton","Carlton","Western Bulldogs","Western Bulldogs",21,"https://s.afl.com.au/staticfile/AFL Tenant/AFL/Players/ChampIDImages/AFL/2025014/290799.png?im=Scale,width=0.6,height=0.6","C","CD_I290799",FALSE,21,"Tom","Liberatore","CD_T140",NA,86,1,0,NA,17,13,30,6,0,11,11,21,32,5,0,0,0,1,66.7,6,3,2,142,3,0,100,12.8,NA,NA,7,3,2,1,NA,NA,NA,7,489,2,3,5,11,64.7,1.3,20,1,0,34.4,0,0,0,7,0,0,39,18,1,0,0,0,0,0,0,0,21,0,0,"CD_I290799",FALSE,21,"Tom","Liberatore","away","Western Bulldogs"
"CD_M20250140302","2025-03-28T08:40:00.000+0000","CONCLUDED","Premiership","Round 3",3,"Marvel Stadium","Carlton","Carlton","Western Bulldogs","Western Bulldogs",7,"https://s.afl.com.au/staticfile/AFL Tenant/AFL/Players/ChampIDImages/AFL/2025014/990740.png?im=Scale,width=0.6,height=0.6","CHB","CD_I990740",FALSE,7,"Rory","Lobb","CD_T140",NA,100,0,0,NA,8,5,13,3,0,2,5,9,14,0,0,0,0,7,84.6,1,1,0,52,7,0,0,12.4,NA,NA,1,8,0,0,NA,NA,NA,4,369,0,0,0,7,87.5,1.6,11,0,2,35.7,0,0,0,3,0,3,5,5,6,0,4,2,50,0,0,0,0,1,1,"CD_I990740",FALSE,7,"Rory","Lobb","away","Western Bulldogs"
"CD_M20250140302","2025-03-28T08:40:00.000+0000","CONCLUDED","Premiership","Round 3",3,"Marvel Stadium","Carlton","Carlton","Western Bulldogs","Western Bulldogs",30,"https://s.afl.com.au/staticfile/AFL Tenant/AFL/Players/ChampIDImages/AFL/2025014/1009015.png?im=Scale,width=0.6,height=0.6","INT","CD_I1009015",FALSE,30,"Lachlan","McNeil","CD_T140",NA,76,1,1,NA,6,6,12,2,0,3,5,7,12,2,0,0,0,1,66.7,1,1,0,56,0,0,50,6.9,NA,NA,1,0,0,2,NA,NA,NA,4,172,0,0,0,5,83.3,1,8,0,0,41.7,0,0,0,4,2,0,12,4,0,0,0,0,0,0,0,0,0,0,0,"CD_I1009015",FALSE,30,"Lachlan","McNeil","away","Western Bulldogs"
"CD_M20250140302","2025-03-28T08:40:00.000+0000","CONCLUDED","Premiership","Round 3",3,"Marvel Stadium","Carlton","Carlton","Western Bulldogs","Western Bulldogs",33,"https://s.afl.com.au/staticfile/AFL Tenant/AFL/Players/ChampIDImages/AFL/2025014/1002404.png?im=Scale,width=0.6,height=0.6","CHF","CD_I1002404",FALSE,33,"Aaron","Naughton","CD_T140",NA,80,1,1,NA,3,3,6,4,0,3,3,4,7,0,2,1,1,1,50,1,0,0,47,0,0,50,4.8,NA,NA,2,0,0,2,NA,NA,NA,3,54,0,0,0,1,33.3,1,3,1,0,42.9,0,25,0,2,2,0,12,4,1,4,1,0,0,5,1,20,0,0,0,"CD_I1002404",FALSE,33,"Aaron","Naughton","away","Western Bulldogs"
"CD_M20250140302","2025-03-28T08:40:00.000+0000","CONCLUDED","Premiership","Round 3",3,"Marvel Stadium","Carlton","Carlton","Western Bulldogs","Western Bulldogs",18,"https://s.afl.com.au/staticfile/AFL Tenant/AFL/Players/ChampIDImages/AFL/2025014/1032966.png?im=Scale,width=0.6,height=0.6","INT","CD_I1032966",FALSE,18,"James","O'Donnell","CD_T140",NA,82,2,1,NA,7,3,10,3,0,3,4,7,11,4,1,0,0,2,80,1,3,0,64,1,0,66.7,7.7,NA,NA,1,1,1,3,NA,NA,NA,5,256,0,2,2,5,71.4,2.3,8,0,0,36.4,0,0,0,1,0,2,8,3,2,7,0,0,0,2,0,0,1,0,0,"CD_I1032966",FALSE,18,"James","O'Donnell","away","Western Bulldogs"
"CD_M20250140302","2025-03-28T08:40:00.000+0000","CONCLUDED","Premiership","Round 3",3,"Marvel Stadium","Carlton","Carlton","Western Bulldogs","Western Bulldogs",20,"https://s.afl.com.au/staticfile/AFL Tenant/AFL/Players/ChampIDImages/AFL/2025014/1008280.png?im=Scale,width=0.6,height=0.6","R","CD_I1008280",FALSE,20,"Ed","Richards","CD_T140",NA,84,0,0,NA,12,9,21,5,1,5,10,12,22,1,0,0,0,1,57.1,6,0,0,89,3,0,0,7.1,NA,NA,5,3,0,0,NA,NA,NA,4,252,1,2,3,8,66.7,1.3,12,0,0,45.5,0,0,0,7,0,0,22,11,0,0,0,0,0,0,0,0,17,0,0,"CD_I1008280",FALSE,20,"Ed","Richards","away","Western Bulldogs"
"CD_M20250140302","2025-03-28T08:40:00.000+0000","CONCLUDED","Premiership","Round 3",3,"Marvel Stadium","Carlton","Carlton","Western Bulldogs","Western Bulldogs",9,"https://s.afl.com.au/staticfile/AFL Tenant/AFL/Players/ChampIDImages/AFL/2025014/1017939.png?im=Scale,width=0.6,height=0.6","HFFL","CD_I1017939",FALSE,9,"Ryley","Sanders","CD_T140",NA,70,1,0,NA,7,17,24,2,0,3,12,13,25,2,1,0,0,1,70.8,4,0,2,73,1,0,50,10.8,NA,NA,4,1,0,2,NA,NA,NA,5,222,1,4,5,3,42.9,0.4,17,1,0,48,0,0,0,9,1,1,11,8,1,0,0,0,0,0,0,0,10,0,0,"CD_I1017939",FALSE,9,"Ryley","Sanders","away","Western Bulldogs"
"CD_M20250140302","2025-03-28T08:40:00.000+0000","CONCLUDED","Premiership","Round 3",3,"Marvel Stadium","Carlton","Carlton","Western Bulldogs","Western Bulldogs",23,"https://s.afl.com.au/staticfile/AFL Tenant/AFL/Players/ChampIDImages/AFL/2025014/1005000.png?im=Scale,width=0.6,height=0.6","FPL","CD_I1005000",FALSE,23,"Laitham","Vandermeer","CD_T140",NA,76,1,0,NA,5,6,11,1,2,3,6,8,14,1,0,0,0,1,81.8,5,2,4,38,0,0,100,9,NA,NA,3,1,1,1,NA,NA,NA,4,144,0,0,0,3,60,0.8,9,0,0,42.9,0,0,0,3,1,1,9,3,0,0,0,0,0,0,0,0,0,0,0,"CD_I1005000",FALSE,23,"Laitham","Vandermeer","away","Western Bulldogs"
"CD_M20250140302","2025-03-28T08:40:00.000+0000","CONCLUDED","Premiership","Round 3",3,"Marvel Stadium","Carlton","Carlton","Western Bulldogs","Western Bulldogs",14,"https://s.afl.com.au/staticfile/AFL Tenant/AFL/Players/ChampIDImages/AFL/2025014/1006127.png?im=Scale,width=0.6,height=0.6","FPR","CD_I1006127",FALSE,14,"Rhylee","West","CD_T140",NA,76,1,1,NA,3,5,8,1,0,3,5,3,8,1,0,0,0,0,37.5,1,1,0,42,0,1,50,4.4,NA,NA,1,0,1,2,NA,NA,NA,5,60,0,2,2,2,66.7,0.6,3,1,0,62.5,0,0,0,3,3,0,13,6,0,0,0,0,0,0,0,0,1,0,0,"CD_I1006127",FALSE,14,"Rhylee","West","away","Western Bulldogs"
"CD_M20250140302","2025-03-28T08:40:00.000+0000","CONCLUDED","Premiership","Round 3",3,"Marvel Stadium","Carlton","Carlton","Western Bulldogs","Western Bulldogs",34,"https://s.afl.com.au/staticfile/AFL Tenant/AFL/Players/ChampIDImages/AFL/2025014/992351.png?im=Scale,width=0.6,height=0.6","WL","CD_I992351",FALSE,34,"Bailey","Williams","CD_T140",NA,80,0,1,NA,9,17,26,5,0,2,11,17,28,4,1,0,0,1,84.6,1,1,1,83,1,0,0,12,NA,NA,2,6,1,1,NA,NA,NA,8,278,1,3,4,6,66.7,0.5,22,1,2,39.3,0,0,0,7,2,2,5,4,0,0,0,0,0,0,0,0,0,0,0,"CD_I992351",FALSE,34,"Bailey","Williams","away","Western Bulldogs"
"CD_M20250140303","2025-03-29T02:20:00.000+0000","CONCLUDED","Premiership","Round 3",3,"MCG","Melbourne","Melbourne","Gold Coast SUNS","Gold Coast SUNS",14,"https://s.afl.com.au/staticfile/AFL Tenant/AFL/Players/ChampIDImages/AFL/2025014/296351.png?im=Scale,width=0.6,height=0.6","WL","CD_I296351",FALSE,14,"Jack","Billings","CD_T90",NA,90,0,0,NA,5,9,14,2,0,2,5,9,14,1,0,0,0,0,78.6,2,0,0,47,0,1,0,7,NA,NA,2,2,0,0,NA,NA,NA,3,179,0,1,1,5,100,0.6,11,0,0,35.7,0,0,0,5,1,1,6,2,0,0,0,0,0,0,0,0,0,0,0,"CD_I296351",FALSE,14,"Jack","Billings","home","Melbourne"
"CD_M20250140303","2025-03-29T02:20:00.000+0000","CONCLUDED","Premiership","Round 3",3,"MCG","Melbourne","Melbourne","Gold Coast SUNS","Gold Coast SUNS",17,"https://s.afl.com.au/staticfile/AFL Tenant/AFL/Players/ChampIDImages/AFL/2025014/1012825.png?im=Scale,width=0.6,height=0.6","HBFR","CD_I1012825",FALSE,17,"Jake","Bowey","CD_T90",NA,84,1,0,NA,14,12,26,6,0,2,8,16,24,1,0,0,0,2,88.5,1,0,0,98,2,0,100,18.1,NA,NA,1,12,0,1,NA,NA,NA,4,427,0,0,0,13,92.9,1.2,23,0,1,33.3,0,0,0,7,0,2,13,9,0,0,0,0,0,0,0,0,0,1,1,"CD_I1012825",FALSE,17,"Jake","Bowey","home","Melbourne"
"CD_M20250140303","2025-03-29T02:20:00.000+0000","CONCLUDED","Premiership","Round 3",3,"MCG","Melbourne","Melbourne","Gold Coast SUNS","Gold Coast SUNS",37,"https://s.afl.com.au/staticfile/AFL Tenant/AFL/Players/ChampIDImages/AFL/2025014/1005330.png?im=Scale,width=0.6,height=0.6","FPR","CD_I1005330",FALSE,37,"Kade","Chandler","CD_T90",NA,84,1,0,NA,7,6,13,5,0,3,4,11,15,1,1,0,0,0,84.6,3,1,2,61,2,0,50,8.3,NA,NA,3,2,0,2,NA,NA,NA,4,191,0,0,0,5,71.4,1.2,11,1,0,26.7,0,0,0,3,0,0,15,8,0,0,0,0,0,0,0,0,0,0,0,"CD_I1005330",FALSE,37,"Kade","Chandler","home","Melbourne"
"CD_M20250140303","2025-03-29T02:20:00.000+0000","CONCLUDED","Premiership","Round 3",3,"MCG","Melbourne","Melbourne","Gold Coast SUNS","Gold Coast SUNS",31,"https://s.afl.com.au/staticfile/AFL Tenant/AFL/Players/ChampIDImages/AFL/2025014/1001438.png?im=Scale,width=0.6,height=0.6","INT","CD_I1001438",FALSE,31,"Bayley","Fritsch","CD_T90",NA,76,0,3,NA,10,5,15,5,0,2,3,12,15,2,3,0,0,1,66.7,2,0,0,66,2,0,0,0.4,NA,NA,2,2,0,4,NA,NA,NA,8,308,0,0,0,5,50,2,10,1,0,20,0,0,0,3,1,2,8,1,1,0,0,0,0,1,0,0,0,0,0,"CD_I1001438",FALSE,31,"Bayley","Fritsch","home","Melbourne"
"CD_M20250140303","2025-03-29T02:20:00.000+0000","CONCLUDED","Premiership","Round 3",3,"MCG","Melbourne","Melbourne","Gold Coast SUNS","Gold Coast SUNS",11,"https://s.afl.com.au/staticfile/AFL Tenant/AFL/Players/ChampIDImages/AFL/2025014/290528.png?im=Scale,width=0.6,height=0.6","RK","CD_I290528",FALSE,11,"Max","Gawn","CD_T90",NA,84,0,1,NA,8,7,15,5,0,2,9,6,15,2,0,2,30,0,53.3,7,1,3,84,4,0,0,6.7,NA,NA,3,4,0,1,NA,NA,NA,5,157,0,1,1,5,62.5,1.1,8,0,3,60,11,46.2,36.7,2,0,2,8,3,0,65,1,0,0,2,1,50,22,0,0,"CD_I290528",FALSE,11,"Max","Gawn","home","Melbourne"
"CD_M20250140303","2025-03-29T02:20:00.000+0000","CONCLUDED","Premiership","Round 3",3,"MCG","Melbourne","Melbourne","Gold Coast SUNS","Gold Coast SUNS",43,"https://s.afl.com.au/staticfile/AFL Tenant/AFL/Players/ChampIDImages/AFL/2025014/1008183.png?im=Scale,width=0.6,height=0.6","HFFL","CD_I1008183",FALSE,43,"Jack","Henderson","CD_T90",NA,78,0,1,NA,5,6,11,4,0,1,6,5,11,2,2,1,0,0,54.5,1,1,1,42,0,0,0,2.3,NA,NA,3,1,0,1,NA,NA,NA,3,111,1,0,1,2,40,0.8,6,0,0,54.5,0,0,0,4,0,1,13,3,0,0,0,0,0,0,0,0,0,0,0,"CD_I1008183",FALSE,43,"Jack","Henderson","home","Melbourne"
"CD_M20250140303","2025-03-29T02:20:00.000+0000","CONCLUDED","Premiership","Round 3",3,"MCG","Melbourne","Melbourne","Gold Coast SUNS","Gold Coast SUNS",22,"https://s.afl.com.au/staticfile/AFL Tenant/AFL/Players/ChampIDImages/AFL/2025014/1017122.png?im=Scale,width=0.6,height=0.6","INT","CD_I1017122",FALSE,22,"Blake","Howes","CD_T90",NA,74,0,0,NA,7,2,9,1,0,2,2,9,11,1,0,0,0,1,66.7,1,1,1,34,4,0,0,4.8,NA,NA,3,2,0,0,NA,NA,NA,1,228,0,0,0,4,57.1,3.5,6,0,0,18.2,0,0,0,1,0,1,10,9,1,0,1,0,0,0,0,0,0,0,0,"CD_I1017122",FALSE,22,"Blake","Howes","home","Melbourne"
"CD_M20250140303","2025-03-29T02:20:00.000+0000","CONCLUDED","Premiership","Round 3",3,"MCG","Melbourne","Melbourne","Gold Coast SUNS","Gold Coast SUNS",42,"https://s.afl.com.au/staticfile/AFL Tenant/AFL/Players/ChampIDImages/AFL/2025014/1024173.png?im=Scale,width=0.6,height=0.6","CHF","CD_I1024173",FALSE,42,"Aidan","Johnson","CD_T90",NA,76,0,0,NA,2,3,5,1,0,4,2,3,5,0,0,0,5,3,40,3,0,2,30,0,0,0,0.4,NA,NA,3,0,1,0,NA,NA,NA,0,72,1,1,2,0,0,0.7,2,0,0,40,2,45.5,40,0,0,0,11,5,2,11,0,0,0,2,0,0,4,0,0,"CD_I1024173",FALSE,42,"Aidan","Johnson","home","Melbourne"
"CD_M20250140303","2025-03-29T02:20:00.000+0000","CONCLUDED","Premiership","Round 3",3,"MCG","Melbourne","Melbourne","Gold Coast SUNS","Gold Coast SUNS",15,"https://s.afl.com.au/staticfile/AFL Tenant/AFL/Players/ChampIDImages/AFL/2025014/298264.png?im=Scale,width=0.6,height=0.6","R","CD_I298264",FALSE,15,"Ed","Langdon","CD_T90",NA,97,0,0,NA,13,16,29,7,0,4,4,25,29,4,0,0,0,0,75.9,1,0,0,108,2,1,0,10.1,NA,NA,6,4,0,0,NA,NA,NA,5,478,0,1,1,8,61.5,0.8,22,1,0,13.8,0,0,0,4,0,1,19,11,0,0,0,0,0,0,0,0,1,0,0,"CD_I298264",FALSE,15,"Ed","Langdon","home","Melbourne"
"CD_M20250140303","2025-03-29T02:20:00.000+0000","CONCLUDED","Premiership","Round 3",3,"MCG","Melbourne","Melbourne","Gold Coast SUNS","Gold Coast SUNS",19,"https://s.afl.com.au/staticfile/AFL Tenant/AFL/Players/ChampIDImages/AFL/2025014/1028546.png?im=Scale,width=0.6,height=0.6","FPL","CD_I1028546",FALSE,19,"Harvey","Langford","CD_T90",NA,66,1,1,NA,10,16,26,3,0,1,15,12,27,5,0,0,0,0,76.9,5,2,3,75,1,2,50,14.7,NA,NA,3,1,0,2,NA,NA,NA,10,365,1,5,6,9,90,0.6,20,0,0,55.6,0,0,0,7,0,1,15,9,0,0,0,0,0,0,0,0,16,0,0,"CD_I1028546",FALSE,19,"Harvey","Langford","home","Melbourne"
"CD_M20250140303","2025-03-29T02:20:00.000+0000","CONCLUDED","Premiership","Round 3",3,"MCG","Melbourne","Melbourne","Gold Coast SUNS","Gold Coast SUNS",20,"https://s.afl.com.au/staticfile/AFL Tenant/AFL/Players/ChampIDImages/AFL/2025014/1028531.png?im=Scale,width=0.6,height=0.6","WR","CD_I1028531",FALSE,20,"Xavier","Lindsay","CD_T90",NA,3,0,0,NA,2,0,2,2,0,0,0,2,2,0,0,0,0,0,100,0,0,0,12,1,0,0,0.1,NA,NA,0,0,0,0,NA,NA,NA,0,15,0,0,0,2,100,2,2,0,0,0,0,0,0,0,0,0,0,0,0,0,0,0,0,0,0,0,0,0,0,"CD_I1028531",FALSE,20,"Xavier","Lindsay","home","Melbourne"
"CD_M20250140303","2025-03-29T02:20:00.000+0000","CONCLUDED","Premiership","Round 3",3,"MCG","Melbourne","Melbourne","Gold Coast SUNS","Gold Coast SUNS",1,"https://s.afl.com.au/staticfile/AFL Tenant/AFL/Players/ChampIDImages/AFL/2025014/281085.png?im=Scale,width=0.6,height=0.6","FB","CD_I281085",FALSE,1,"Steven","May","CD_T90",NA,90,0,0,NA,15,5,20,4,0,0,3,9,12,0,0,0,0,7,85,8,0,3,58,8,0,0,-2.7,NA,NA,3,5,0,0,NA,NA,NA,4,411,0,0,0,13,86.7,3,17,0,2,25,0,0,0,1,0,4,1,1,4,0,3,3,100,0,0,0,0,10,9,"CD_I281085",FALSE,1,"Steven","May","home","Melbourne"
"CD_M20250140303","2025-03-29T02:20:00.000+0000","CONCLUDED","Premiership","Round 3",3,"MCG","Melbourne","Melbourne","Gold Coast SUNS","Gold Coast SUNS",25,"https://s.afl.com.au/staticfile/AFL Tenant/AFL/Players/ChampIDImages/AFL/2025014/291533.png?im=Scale,width=0.6,height=0.6","BPL","CD_I291533",FALSE,25,"Tom","McDonald","CD_T90",NA,97,0,0,NA,12,5,17,6,0,1,7,10,17,0,0,2,0,7,88.2,1,0,1,65,3,0,0,11.6,NA,NA,0,8,0,0,NA,NA,NA,2,213,0,0,0,10,83.3,2.4,15,1,2,41.2,0,0,0,4,0,1,12,10,6,0,1,0,0,0,0,0,0,0,0,"CD_I291533",FALSE,25,"Tom","McDonald","home","Melbourne"
"CD_M20250140303","2025-03-29T02:20:00.000+0000","CONCLUDED","Premiership","Round 3",3,"MCG","Melbourne","Melbourne","Gold Coast SUNS","Gold Coast SUNS",18,"https://s.afl.com.au/staticfile/AFL Tenant/AFL/Players/ChampIDImages/AFL/2025014/280824.png?im=Scale,width=0.6,height=0.6","SUB","CD_I280824",FALSE,18,"Jake","Melksham","CD_T90",NA,77,1,2,NA,6,2,8,2,0,1,3,4,7,4,1,1,0,1,50,2,0,0,40,0,1,33.3,3.3,NA,NA,1,0,1,3,NA,NA,NA,6,224,0,1,1,3,50,3,4,0,0,42.9,0,0,0,2,1,1,4,0,1,0,0,0,0,2,0,0,0,0,0,"CD_I280824",FALSE,18,"Jake","Melksham","home","Melbourne"
"CD_M20250140303","2025-03-29T02:20:00.000+0000","CONCLUDED","Premiership","Round 3",3,"MCG","Melbourne","Melbourne","Gold Coast SUNS","Gold Coast SUNS",13,"https://s.afl.com.au/staticfile/AFL Tenant/AFL/Players/ChampIDImages/AFL/2025014/996701.png?im=Scale,width=0.6,height=0.6","C","CD_I996701",FALSE,13,"Clayton","Oliver","CD_T90",NA,77,0,0,NA,13,18,31,3,0,6,10,21,31,2,0,0,0,1,74.2,7,0,0,108,2,0,0,5.9,NA,NA,4,2,0,1,NA,NA,NA,7,330,1,4,5,7,53.8,0.7,23,0,1,32.3,0,0,0,6,0,1,25,9,0,0,0,0,0,0,0,0,21,0,0,"CD_I996701",FALSE,13,"Clayton","Oliver","home","Melbourne"
"CD_M20250140303","2025-03-29T02:20:00.000+0000","CONCLUDED","Premiership","Round 3",3,"MCG","Melbourne","Melbourne","Gold Coast SUNS","Gold Coast SUNS",5,"https://s.afl.com.au/staticfile/AFL Tenant/AFL/Players/ChampIDImages/AFL/2025014/298210.png?im=Scale,width=0.6,height=0.6","RR","CD_I298210",FALSE,5,"Christian","Petracca","CD_T90",NA,87,1,1,NA,9,14,23,3,0,3,11,12,23,2,1,0,0,1,65.2,5,3,2,80,0,0,33.3,14.4,NA,NA,3,2,1,3,NA,NA,NA,10,363,1,1,2,4,44.4,0.6,15,2,0,47.8,0,0,0,7,1,1,13,6,0,0,0,0,0,3,1,33.3,15,0,0,"CD_I298210",FALSE,5,"Christian","Petracca","home","Melbourne"
"CD_M20250140303","2025-03-29T02:20:00.000+0000","CONCLUDED","Premiership","Round 3",3,"MCG","Melbourne","Melbourne","Gold Coast SUNS","Gold Coast SUNS",35,"https://s.afl.com.au/staticfile/AFL Tenant/AFL/Players/ChampIDImages/AFL/2025014/1008893.png?im=Scale,width=0.6,height=0.6","CHB","CD_I1008893",FALSE,35,"Harrison","Petty","CD_T90",NA,87,0,0,NA,6,5,11,4,0,3,5,6,11,1,0,1,0,1,90.9,1,1,0,53,3,0,0,6.1,NA,NA,2,4,0,0,NA,NA,NA,3,163,0,0,0,5,83.3,1.2,10,0,1,45.5,0,0,0,3,0,0,11,9,1,0,2,2,100,0,0,0,0,0,0,"CD_I1008893",FALSE,35,"Harrison","Petty","home","Melbourne"
"CD_M20250140303","2025-03-29T02:20:00.000+0000","CONCLUDED","Premiership","Round 3",3,"MCG","Melbourne","Melbourne","Gold Coast SUNS","Gold Coast SUNS",24,"https://s.afl.com.au/staticfile/AFL Tenant/AFL/Players/ChampIDImages/AFL/2025014/1009378.png?im=Scale,width=0.6,height=0.6","INT","CD_I1009378",FALSE,24,"Trent","Rivers","CD_T90",NA,85,0,0,NA,13,9,22,9,1,2,5,18,23,3,0,0,0,1,90.9,1,2,1,91,7,0,0,14.8,NA,NA,4,8,0,0,NA,NA,NA,4,507,1,0,1,12,92.3,1.4,20,0,3,21.7,0,0,0,4,0,1,13,10,1,0,2,1,50,0,0,0,1,0,0,"CD_I1009378",FALSE,24,"Trent","Rivers","home","Melbourne"
"CD_M20250140303","2025-03-29T02:20:00.000+0000","CONCLUDED","Premiership","Round 3",3,"MCG","Melbourne","Melbourne","Gold Coast SUNS","Gold Coast SUNS",3,"https://s.afl.com.au/staticfile/AFL Tenant/AFL/Players/ChampIDImages/AFL/2025014/296359.png?im=Scale,width=0.6,height=0.6","BPR","CD_I296359",FALSE,3,"Christian","Salem","CD_T90",NA,84,0,0,NA,14,6,20,9,0,1,5,14,19,0,0,1,0,0,75,3,0,0,85,3,0,0,5.9,NA,NA,3,5,0,0,NA,NA,NA,3,241,0,1,1,11,78.6,2.3,15,0,1,26.3,0,0,0,4,0,1,13,13,0,0,0,0,0,0,0,0,0,1,1,"CD_I296359",FALSE,3,"Christian","Salem","home","Melbourne"
"CD_M20250140303","2025-03-29T02:20:00.000+0000","CONCLUDED","Premiership","Round 3",3,"MCG","Melbourne","Melbourne","Gold Coast SUNS","Gold Coast SUNS",30,"https://s.afl.com.au/staticfile/AFL Tenant/AFL/Players/ChampIDImages/AFL/2025014/1007099.png?im=Scale,width=0.6,height=0.6","INT","CD_I1007099",FALSE,30,"Harry","Sharp","CD_T90",NA,71,2,0,NA,9,3,12,3,1,1,2,10,12,3,0,0,0,0,83.3,1,0,0,58,1,0,66.7,11.9,NA,NA,2,1,0,3,NA,NA,NA,5,297,0,0,0,7,77.8,3,10,1,0,16.7,0,0,0,2,1,0,14,8,0,0,0,0,0,0,0,0,0,0,0,"CD_I1007099",FALSE,30,"Harry","Sharp","home","Melbourne"
"CD_M20250140303","2025-03-29T02:20:00.000+0000","CONCLUDED","Premiership","Round 3",3,"MCG","Melbourne","Melbourne","Gold Coast SUNS","Gold Coast SUNS",32,"https://s.afl.com.au/staticfile/AFL Tenant/AFL/Players/ChampIDImages/AFL/2025014/999391.png?im=Scale,width=0.6,height=0.6","HBFL","CD_I999391",FALSE,32,"Tom","Sparrow","CD_T90",NA,78,0,1,NA,8,6,14,5,0,4,6,8,14,2,0,1,0,0,64.3,3,0,0,68,0,0,0,4.9,NA,NA,3,2,0,2,NA,NA,NA,6,270,1,0,1,5,62.5,1.3,9,1,0,42.9,0,0,0,4,0,0,16,9,0,0,0,0,0,1,0,0,12,0,0,"CD_I999391",FALSE,32,"Tom","Sparrow","home","Melbourne"
"CD_M20250140303","2025-03-29T02:20:00.000+0000","CONCLUDED","Premiership","Round 3",3,"MCG","Melbourne","Melbourne","Gold Coast SUNS","Gold Coast SUNS",2,"https://s.afl.com.au/staticfile/AFL Tenant/AFL/Players/ChampIDImages/AFL/2025014/1017720.png?im=Scale,width=0.6,height=0.6","FF","CD_I1017720",FALSE,2,"Jacob","van Rooyen","CD_T90",NA,76,1,0,NA,3,4,7,2,0,2,2,5,7,1,1,1,0,4,85.7,1,0,1,34,0,1,100,9.3,NA,NA,2,1,1,1,NA,NA,NA,4,113,0,0,0,2,66.7,0.8,6,0,0,28.6,0,0,0,1,0,0,8,3,3,5,0,0,0,0,0,0,3,0,0,"CD_I1017720",FALSE,2,"Jacob","van Rooyen","home","Melbourne"
"CD_M20250140303","2025-03-29T02:20:00.000+0000","CONCLUDED","Premiership","Round 3",3,"MCG","Melbourne","Melbourne","Gold Coast SUNS","Gold Coast SUNS",7,"https://s.afl.com.au/staticfile/AFL Tenant/AFL/Players/ChampIDImages/AFL/2025014/291902.png?im=Scale,width=0.6,height=0.6","HFFR","CD_I291902",FALSE,7,"Jack","Viney","CD_T90",NA,81,0,0,NA,8,11,19,2,0,5,9,13,22,3,0,0,0,1,63.2,5,1,1,70,1,1,0,10.1,NA,NA,5,1,0,0,NA,NA,NA,4,224,1,0,1,4,50,0.7,12,0,1,40.9,0,0,0,9,0,1,20,8,1,0,0,0,0,1,0,0,21,0,0,"CD_I291902",FALSE,7,"Jack","Viney","home","Melbourne"
"CD_M20250140303","2025-03-29T02:20:00.000+0000","CONCLUDED","Premiership","Round 3",3,"MCG","Melbourne","Melbourne","Gold Coast SUNS","Gold Coast SUNS",15,"https://s.afl.com.au/staticfile/AFL Tenant/AFL/Players/ChampIDImages/AFL/2025014/1009199.png?im=Scale,width=0.6,height=0.6","R","CD_I1009199",FALSE,15,"Noah","Anderson","CD_T1000",NA,87,1,0,NA,14,21,35,3,0,4,12,22,34,6,0,0,0,1,74.3,8,2,0,117,1,0,100,21.8,NA,NA,6,6,0,1,NA,NA,NA,10,503,2,1,3,8,57.1,0.7,26,0,0,35.3,0,0,0,9,0,1,20,11,1,0,1,0,0,0,0,0,24,0,0,"CD_I1009199",FALSE,15,"Noah","Anderson","away","Gold Coast SUNS"
"CD_M20250140303","2025-03-29T02:20:00.000+0000","CONCLUDED","Premiership","Round 3",3,"MCG","Melbourne","Melbourne","Gold Coast SUNS","Gold Coast SUNS",1,"https://s.afl.com.au/staticfile/AFL Tenant/AFL/Players/ChampIDImages/AFL/2025014/1017396.png?im=Scale,width=0.6,height=0.6","BPL","CD_I1017396",FALSE,1,"Mac","Andrew","CD_T1000",NA,84,0,0,NA,7,2,9,3,0,0,1,6,7,1,0,0,0,5,55.6,2,1,0,35,3,0,0,-0.5,NA,NA,4,2,0,0,NA,NA,NA,2,197,0,0,0,4,57.1,3.5,5,0,1,14.3,0,0,0,0,0,1,6,6,4,0,0,0,0,0,0,0,0,3,3,"CD_I1017396",FALSE,1,"Mac","Andrew","away","Gold Coast SUNS"
"CD_M20250140303","2025-03-29T02:20:00.000+0000","CONCLUDED","Premiership","Round 3",3,"MCG","Melbourne","Melbourne","Gold Coast SUNS","Gold Coast SUNS",35,"https://s.afl.com.au/staticfile/AFL Tenant/AFL/Players/ChampIDImages/AFL/2025014/1008454.png?im=Scale,width=0.6,height=0.6","CHF","CD_I1008454",FALSE,35,"Connor","Budarick","CD_T1000",NA,84,0,0,NA,8,6,14,5,0,4,4,11,15,4,0,0,0,0,71.4,2,0,1,64,0,0,0,8.2,NA,NA,2,3,1,0,NA,NA,NA,5,295,0,1,1,5,62.5,1.3,10,0,1,26.7,0,0,0,4,1,2,17,8,0,0,0,0,0,0,0,0,0,0,0,"CD_I1008454",FALSE,35,"Connor","Budarick","away","Gold Coast SUNS"
"CD_M20250140303","2025-03-29T02:20:00.000+0000","CONCLUDED","Premiership","Round 3",3,"MCG","Melbourne","Melbourne","Gold Coast SUNS","Gold Coast SUNS",33,"https://s.afl.com.au/staticfile/AFL Tenant/AFL/Players/ChampIDImages/AFL/2025014/1013257.png?im=Scale,width=0.6,height=0.6","WR","CD_I1013257",FALSE,33,"Sam","Clohesy","CD_T1000",NA,91,0,0,NA,14,7,21,9,0,4,4,17,21,6,0,0,0,0,81,1,0,0,99,3,0,0,7.8,NA,NA,2,2,1,0,NA,NA,NA,4,445,0,1,1,10,71.4,2,17,1,0,19,0,0,0,4,0,0,14,7,0,0,0,0,0,0,0,0,0,0,0,"CD_I1013257",FALSE,33,"Sam","Clohesy","away","Gold Coast SUNS"
"CD_M20250140303","2025-03-29T02:20:00.000+0000","CONCLUDED","Premiership","Round 3",3,"MCG","Melbourne","Melbourne","Gold Coast SUNS","Gold Coast SUNS",25,"https://s.afl.com.au/staticfile/AFL Tenant/AFL/Players/ChampIDImages/AFL/2025014/295446.png?im=Scale,width=0.6,height=0.6","BPR","CD_I295446",FALSE,25,"Sam","Collins","CD_T1000",NA,97,0,0,NA,7,3,10,6,0,2,7,4,11,0,0,2,0,6,100,1,2,1,52,0,0,0,12.8,NA,NA,2,11,0,0,NA,NA,NA,3,80,0,0,0,7,100,2.3,10,1,5,63.6,0,0,0,2,0,3,9,8,4,0,1,0,0,0,0,0,0,0,0,"CD_I295446",FALSE,25,"Sam","Collins","away","Gold Coast SUNS"
"CD_M20250140303","2025-03-29T02:20:00.000+0000","CONCLUDED","Premiership","Round 3",3,"MCG","Melbourne","Melbourne","Gold Coast SUNS","Gold Coast SUNS",3,"https://s.afl.com.au/staticfile/AFL Tenant/AFL/Players/ChampIDImages/AFL/2025014/1009260.png?im=Scale,width=0.6,height=0.6","INT","CD_I1009260",FALSE,3,"Sam","Flanders","CD_T1000",NA,67,1,1,NA,13,12,25,4,1,1,11,13,24,1,0,0,0,0,60,7,3,0,89,0,1,50,7.4,NA,NA,6,3,1,2,NA,NA,NA,6,212,2,4,6,7,53.8,1.1,15,0,0,45.8,0,0,0,6,1,3,14,6,0,0,0,0,0,0,0,0,12,0,0,"CD_I1009260",FALSE,3,"Sam","Flanders","away","Gold Coast SUNS"
"CD_M20250140303","2025-03-29T02:20:00.000+0000","CONCLUDED","Premiership","Round 3",3,"MCG","Melbourne","Melbourne","Gold Coast SUNS","Gold Coast SUNS",26,"https://s.afl.com.au/staticfile/AFL Tenant/AFL/Players/ChampIDImages/AFL/2025014/1026960.png?im=Scale,width=0.6,height=0.6","HFFL","CD_I1026960",FALSE,26,"Will","Graham","CD_T1000",NA,81,2,1,NA,8,8,16,5,1,1,6,10,16,3,2,0,0,2,81.3,2,1,1,70,0,2,66.7,13.6,NA,NA,3,3,0,3,NA,NA,NA,9,372,1,0,1,6,75,1,13,2,0,37.5,0,0,0,5,1,3,13,5,1,0,0,0,0,0,0,0,3,0,0,"CD_I1026960",FALSE,26,"Will","Graham","away","Gold Coast SUNS"
"CD_M20250140303","2025-03-29T02:20:00.000+0000","CONCLUDED","Premiership","Round 3",3,"MCG","Melbourne","Melbourne","Gold Coast SUNS","Gold Coast SUNS",7,"https://s.afl.com.au/staticfile/AFL Tenant/AFL/Players/ChampIDImages/AFL/2025014/297456.png?im=Scale,width=0.6,height=0.6","INT","CD_I297456",FALSE,7,"Nick","Holman","CD_T1000",NA,57,0,1,NA,3,5,8,2,0,1,3,5,8,0,1,0,0,0,75,1,0,0,30,0,0,0,2.9,NA,NA,1,0,0,1,NA,NA,NA,5,121,0,1,1,1,33.3,0.6,6,0,0,37.5,0,0,0,3,1,1,10,3,0,0,0,0,0,0,0,0,0,0,0,"CD_I297456",FALSE,7,"Nick","Holman","away","Gold Coast SUNS"
"CD_M20250140303","2025-03-29T02:20:00.000+0000","CONCLUDED","Premiership","Round 3",3,"MCG","Melbourne","Melbourne","Gold Coast SUNS","Gold Coast SUNS",19,"https://s.afl.com.au/staticfile/AFL Tenant/AFL/Players/ChampIDImages/AFL/2025014/1023500.png?im=Scale,width=0.6,height=0.6","RR","CD_I1023500",FALSE,19,"Bailey","Humphrey","CD_T1000",NA,80,1,1,NA,10,13,23,3,1,6,15,8,23,7,1,2,0,1,60.9,4,0,1,93,0,2,50,16.6,NA,NA,1,2,0,2,NA,NA,NA,7,457,2,2,4,6,60,0.8,14,0,0,65.2,0,0,0,10,2,2,25,8,0,0,0,0,0,4,2,50,12,0,0,"CD_I1023500",FALSE,19,"Bailey","Humphrey","away","Gold Coast SUNS"
"CD_M20250140303","2025-03-29T02:20:00.000+0000","CONCLUDED","Premiership","Round 3",3,"MCG","Melbourne","Melbourne","Gold Coast SUNS","Gold Coast SUNS",40,"https://s.afl.com.au/staticfile/AFL Tenant/AFL/Players/ChampIDImages/AFL/2025014/1005992.png?im=Scale,width=0.6,height=0.6","INT","CD_I1005992",FALSE,40,"Joel","Jeffrey","CD_T1000",NA,80,0,1,NA,9,7,16,2,0,1,3,10,13,1,0,1,0,4,75,3,0,0,52,4,0,0,7.9,NA,NA,2,4,0,1,NA,NA,NA,3,373,0,0,0,6,66.7,1.3,12,0,2,23.1,0,0,0,2,0,1,10,10,2,0,1,0,0,0,0,0,0,4,3,"CD_I1005992",FALSE,40,"Joel","Jeffrey","away","Gold Coast SUNS"
"CD_M20250140303","2025-03-29T02:20:00.000+0000","CONCLUDED","Premiership","Round 3",3,"MCG","Melbourne","Melbourne","Gold Coast SUNS","Gold Coast SUNS",34,"https://s.afl.com.au/staticfile/AFL Tenant/AFL/Players/ChampIDImages/AFL/2025014/1006144.png?im=Scale,width=0.6,height=0.6","FPL","CD_I1006144",FALSE,34,"Ben","King","CD_T1000",NA,87,4,3,NA,9,3,12,4,0,2,9,4,13,0,4,2,0,2,50,2,3,0,83,0,0,44.4,10.6,NA,NA,3,0,2,9,NA,NA,NA,9,148,0,0,0,4,44.4,3,6,2,0,69.2,0,0,0,3,3,0,4,0,1,0,0,0,0,3,3,100,0,0,0,"CD_I1006144",FALSE,34,"Ben","King","away","Gold Coast SUNS"
"CD_M20250140303","2025-03-29T02:20:00.000+0000","CONCLUDED","Premiership","Round 3",3,"MCG","Melbourne","Melbourne","Gold Coast SUNS","Gold Coast SUNS",22,"https://s.afl.com.au/staticfile/AFL Tenant/AFL/Players/ChampIDImages/AFL/2025014/993917.png?im=Scale,width=0.6,height=0.6","FF","CD_I993917",FALSE,22,"Ben","Long","CD_T1000",NA,89,1,1,NA,10,4,14,5,0,2,6,10,16,4,3,1,0,4,50,3,0,0,68,0,2,33.3,15.5,NA,NA,3,0,2,3,NA,NA,NA,8,241,0,1,1,5,50,2.5,7,2,0,37.5,0,0,0,3,3,0,13,0,1,0,0,0,0,1,1,100,0,0,0,"CD_I993917",FALSE,22,"Ben","Long","away","Gold Coast SUNS"
"CD_M20250140303","2025-03-29T02:20:00.000+0000","CONCLUDED","Premiership","Round 3",3,"MCG","Melbourne","Melbourne","Gold Coast SUNS","Gold Coast SUNS",11,"https://s.afl.com.au/staticfile/AFL Tenant/AFL/Players/ChampIDImages/AFL/2025014/298272.png?im=Scale,width=0.6,height=0.6","HFFR","CD_I298272",FALSE,11,"Touk","Miller","CD_T1000",NA,79,3,1,NA,14,9,23,9,1,3,4,19,23,5,2,0,0,2,91.3,2,2,2,114,1,1,75,16.5,NA,NA,1,2,2,4,NA,NA,NA,10,471,0,2,2,12,85.7,1.6,21,0,0,17.4,0,0,0,1,0,3,14,3,1,0,0,0,0,0,0,0,8,0,0,"CD_I298272",FALSE,11,"Touk","Miller","away","Gold Coast SUNS"
"CD_M20250140303","2025-03-29T02:20:00.000+0000","CONCLUDED","Premiership","Round 3",3,"MCG","Melbourne","Melbourne","Gold Coast SUNS","Gold Coast SUNS",2,"https://s.afl.com.au/staticfile/AFL Tenant/AFL/Players/ChampIDImages/AFL/2025014/1000072.png?im=Scale,width=0.6,height=0.6","HBFL","CD_I1000072",FALSE,2,"John","Noble","CD_T1000",NA,87,1,1,NA,22,7,29,8,0,3,1,25,26,2,0,0,0,0,89.7,4,0,2,117,6,0,50,13.3,NA,NA,5,2,0,2,NA,NA,NA,7,552,0,1,1,20,90.9,3.1,26,0,2,3.8,0,0,0,1,0,0,15,12,0,0,0,0,0,0,0,0,0,3,3,"CD_I1000072",FALSE,2,"John","Noble","away","Gold Coast SUNS"
"CD_M20250140303","2025-03-29T02:20:00.000+0000","CONCLUDED","Premiership","Round 3",3,"MCG","Melbourne","Melbourne","Gold Coast SUNS","Gold Coast SUNS",27,"https://s.afl.com.au/staticfile/AFL Tenant/AFL/Players/ChampIDImages/AFL/2025014/1007881.png?im=Scale,width=0.6,height=0.6","FB","CD_I1007881",FALSE,27,"Wil","Powell","CD_T1000",NA,90,0,0,NA,6,5,11,2,0,1,4,6,10,1,0,0,0,5,81.8,2,0,2,32,2,0,0,6.4,NA,NA,2,5,0,0,NA,NA,NA,1,220,0,0,0,5,83.3,1.2,9,0,1,40,0,0,0,4,0,0,5,3,5,0,6,1,16.7,0,0,0,0,2,2,"CD_I1007881",FALSE,27,"Wil","Powell","away","Gold Coast SUNS"
"CD_M20250140303","2025-03-29T02:20:00.000+0000","CONCLUDED","Premiership","Round 3",3,"MCG","Melbourne","Melbourne","Gold Coast SUNS","Gold Coast SUNS",20,"https://s.afl.com.au/staticfile/AFL Tenant/AFL/Players/ChampIDImages/AFL/2025014/1027033.png?im=Scale,width=0.6,height=0.6","FPR","CD_I1027033",FALSE,20,"Ethan","Read","CD_T1000",NA,68,1,0,NA,5,2,7,3,0,2,2,5,7,2,1,1,4,1,71.4,1,0,0,46,0,0,100,6.6,NA,NA,2,0,1,1,NA,NA,NA,1,111,0,0,0,4,80,2.5,5,2,0,28.6,2,26.7,50,1,0,0,5,2,1,15,0,0,0,2,0,0,6,0,0,"CD_I1027033",FALSE,20,"Ethan","Read","away","Gold Coast SUNS"
"CD_M20250140303","2025-03-29T02:20:00.000+0000","CONCLUDED","Premiership","Round 3",3,"MCG","Melbourne","Melbourne","Gold Coast SUNS","Gold Coast SUNS",17,"https://s.afl.com.au/staticfile/AFL Tenant/AFL/Players/ChampIDImages/AFL/2025014/1000981.png?im=Scale,width=0.6,height=0.6","HBFR","CD_I1000981",FALSE,17,"Daniel","Rioli","CD_T1000",NA,78,0,0,NA,13,7,20,3,3,0,5,15,20,5,0,0,0,2,80,2,1,0,63,4,0,0,10,NA,NA,4,2,0,0,NA,NA,NA,4,390,0,1,1,9,69.2,1.9,16,0,0,25,0,0,0,4,0,1,7,3,2,0,0,0,0,0,0,0,0,1,1,"CD_I1000981",FALSE,17,"Daniel","Rioli","away","Gold Coast SUNS"
"CD_M20250140303","2025-03-29T02:20:00.000+0000","CONCLUDED","Premiership","Round 3",3,"MCG","Melbourne","Melbourne","Gold Coast SUNS","Gold Coast SUNS",29,"https://s.afl.com.au/staticfile/AFL Tenant/AFL/Players/ChampIDImages/AFL/2025014/1018123.png?im=Scale,width=0.6,height=0.6","SUB","CD_I1018123",FALSE,29,"Jake","Rogers","CD_T1000",NA,25,0,0,NA,4,5,9,2,0,0,4,5,9,1,0,0,0,0,66.7,1,0,0,28,0,0,0,5,NA,NA,1,0,0,0,NA,NA,NA,2,32,0,0,0,3,75,0.8,6,1,0,44.4,0,0,0,4,2,0,3,3,0,0,0,0,0,0,0,0,2,0,0,"CD_I1018123",FALSE,29,"Jake","Rogers","away","Gold Coast SUNS"
"CD_M20250140303","2025-03-29T02:20:00.000+0000","CONCLUDED","Premiership","Round 3",3,"MCG","Melbourne","Melbourne","Gold Coast SUNS","Gold Coast SUNS",18,"https://s.afl.com.au/staticfile/AFL Tenant/AFL/Players/ChampIDImages/AFL/2025014/1009208.png?im=Scale,width=0.6,height=0.6","C","CD_I1009208",FALSE,18,"Matt","Rowell","CD_T1000",NA,83,0,0,NA,15,21,36,5,1,7,19,17,36,8,1,0,0,2,69.4,6,2,1,129,1,2,0,20.7,NA,NA,7,3,1,0,NA,NA,NA,9,396,9,4,13,8,53.3,0.7,25,1,1,52.8,0,0,0,11,1,3,23,13,0,0,0,0,0,0,0,0,22,0,0,"CD_I1009208",FALSE,18,"Matt","Rowell","away","Gold Coast SUNS"
"CD_M20250140303","2025-03-29T02:20:00.000+0000","CONCLUDED","Premiership","Round 3",3,"MCG","Melbourne","Melbourne","Gold Coast SUNS","Gold Coast SUNS",32,"https://s.afl.com.au/staticfile/AFL Tenant/AFL/Players/ChampIDImages/AFL/2025014/1017665.png?im=Scale,width=0.6,height=0.6","CHB","CD_I1017665",FALSE,32,"Bodhi","Uwland","CD_T1000",NA,84,0,0,NA,9,6,15,3,1,2,5,9,14,2,0,0,0,2,93.3,1,1,0,57,4,0,0,7.9,NA,NA,3,6,0,0,NA,NA,NA,2,403,0,0,0,8,88.9,1.5,14,0,1,35.7,0,0,0,4,0,2,5,5,2,0,1,0,0,0,0,0,0,1,1,"CD_I1017665",FALSE,32,"Bodhi","Uwland","away","Gold Coast SUNS"
"CD_M20250140303","2025-03-29T02:20:00.000+0000","CONCLUDED","Premiership","Round 3",3,"MCG","Melbourne","Melbourne","Gold Coast SUNS","Gold Coast SUNS",4,"https://s.afl.com.au/staticfile/AFL Tenant/AFL/Players/ChampIDImages/AFL/2025014/1023736.png?im=Scale,width=0.6,height=0.6","INT","CD_I1023736",FALSE,4,"Jed","Walter","CD_T1000",NA,66,1,0,NA,4,8,12,2,0,0,8,4,12,3,0,0,0,2,66.7,3,1,1,38,0,0,100,8.3,NA,NA,5,4,0,1,NA,NA,NA,4,177,0,0,0,3,75,0.5,8,0,0,66.7,0,0,0,7,3,2,9,0,1,0,0,0,0,0,0,0,0,0,0,"CD_I1023736",FALSE,4,"Jed","Walter","away","Gold Coast SUNS"
"CD_M20250140303","2025-03-29T02:20:00.000+0000","CONCLUDED","Premiership","Round 3",3,"MCG","Melbourne","Melbourne","Gold Coast SUNS","Gold Coast SUNS",14,"https://s.afl.com.au/staticfile/AFL Tenant/AFL/Players/ChampIDImages/AFL/2025014/298524.png?im=Scale,width=0.6,height=0.6","WL","CD_I298524",FALSE,14,"Lachie","Weller","CD_T1000",NA,73,1,1,NA,4,6,10,2,0,2,5,5,10,1,1,0,0,1,70,1,0,0,45,0,0,50,7.3,NA,NA,1,1,0,2,NA,NA,NA,2,159,0,2,2,2,50,0.7,7,0,0,50,0,0,0,5,1,0,12,5,0,0,0,0,0,0,0,0,4,0,0,"CD_I298524",FALSE,14,"Lachie","Weller","away","Gold Coast SUNS"
"CD_M20250140303","2025-03-29T02:20:00.000+0000","CONCLUDED","Premiership","Round 3",3,"MCG","Melbourne","Melbourne","Gold Coast SUNS","Gold Coast SUNS",28,"https://s.afl.com.au/staticfile/AFL Tenant/AFL/Players/ChampIDImages/AFL/2025014/291975.png?im=Scale,width=0.6,height=0.6","RK","CD_I291975",FALSE,28,"Jarrod","Witts","CD_T1000",NA,83,1,0,NA,4,9,13,1,0,4,6,7,13,2,1,1,25,6,76.9,1,2,1,79,2,0,100,12.9,NA,NA,3,0,1,1,NA,NA,NA,5,122,0,3,3,3,75,0.4,10,0,0,46.2,12,37.9,48,2,1,2,11,5,6,66,2,1,50,0,0,0,23,0,0,"CD_I291975",FALSE,28,"Jarrod","Witts","away","Gold Coast SUNS"
"CD_M20250140304","2025-03-29T05:15:00.000+0000","CONCLUDED","Premiership","Round 3",3,"Marvel Stadium","St Kilda","St Kilda","Richmond","Richmond",13,"https://s.afl.com.au/staticfile/AFL Tenant/AFL/Players/ChampIDImages/AFL/2025014/1011994.png?im=Scale,width=0.6,height=0.6","HBFL","CD_I1011994",FALSE,13,"Ryan","Byrnes","CD_T130",NA,87,0,0,NA,12,6,18,8,0,0,4,15,19,5,0,0,0,1,72.2,2,0,0,72,1,1,0,8.6,NA,NA,2,2,0,0,NA,NA,NA,8,317,0,1,1,7,58.3,2,13,0,1,21.1,0,0,0,3,0,1,4,4,0,0,0,0,0,0,0,0,0,0,0,"CD_I1011994",FALSE,13,"Ryan","Byrnes","home","St Kilda"
"CD_M20250140304","2025-03-29T05:15:00.000+0000","CONCLUDED","Premiership","Round 3",3,"Marvel Stadium","St Kilda","St Kilda","Richmond","Richmond",47,"https://s.afl.com.au/staticfile/AFL Tenant/AFL/Players/ChampIDImages/AFL/2025014/1023784.png?im=Scale,width=0.6,height=0.6","FF","CD_I1023784",FALSE,47,"Anthony","Caminiti","CD_T130",NA,88,0,0,NA,13,4,17,9,0,0,5,12,17,0,0,1,0,6,94.1,2,2,2,70,2,0,0,6.2,NA,NA,0,6,0,0,NA,NA,NA,6,235,0,0,0,12,92.3,3.3,16,0,2,29.4,0,0,0,2,0,3,0,0,6,0,2,1,50,0,0,0,0,0,0,"CD_I1023784",FALSE,47,"Anthony","Caminiti","home","St Kilda"
"CD_M20250140304","2025-03-29T05:15:00.000+0000","CONCLUDED","Premiership","Round 3",3,"Marvel Stadium","St Kilda","St Kilda","Richmond","Richmond",4,"https://s.afl.com.au/staticfile/AFL Tenant/AFL/Players/ChampIDImages/AFL/2025014/1017959.png?im=Scale,width=0.6,height=0.6","INT","CD_I1017959",FALSE,4,"Lance","Collard","CD_T130",NA,63,2,2,NA,7,5,12,3,1,2,3,9,12,1,2,0,0,1,75,2,1,0,63,1,2,50,2.8,NA,NA,1,2,1,4,NA,NA,NA,8,189,0,1,1,4,57.1,1.4,9,1,0,25,0,0,0,2,0,0,8,1,1,0,0,0,0,1,0,0,0,0,0,"CD_I1017959",FALSE,4,"Lance","Collard","home","St Kilda"
"CD_M20250140304","2025-03-29T05:15:00.000+0000","CONCLUDED","Premiership","Round 3",3,"Marvel Stadium","St Kilda","St Kilda","Richmond","Richmond",34,"https://s.afl.com.au/staticfile/AFL Tenant/AFL/Players/ChampIDImages/AFL/2025014/1027790.png?im=Scale,width=0.6,height=0.6","RR","CD_I1027790",FALSE,34,"Hugo","Garcia","CD_T130",NA,66,0,2,NA,13,10,23,5,0,9,8,15,23,3,0,0,0,0,65.2,3,1,1,110,3,0,0,9.3,NA,NA,4,1,1,2,NA,NA,NA,3,299,0,6,6,6,46.2,1.3,15,0,1,34.8,0,0,0,6,1,0,17,8,0,0,0,0,0,0,0,0,18,0,0,"CD_I1027790",FALSE,34,"Hugo","Garcia","home","St Kilda"
"CD_M20250140304","2025-03-29T05:15:00.000+0000","CONCLUDED","Premiership","Round 3",3,"Marvel Stadium","St Kilda","St Kilda","Richmond","Richmond",40,"https://s.afl.com.au/staticfile/AFL Tenant/AFL/Players/ChampIDImages/AFL/2025014/1020855.png?im=Scale,width=0.6,height=0.6","INT","CD_I1020855",FALSE,40,"Max","Hall","CD_T130",NA,82,2,1,NA,12,6,18,8,0,1,4,14,18,3,2,0,0,1,61.1,4,0,0,89,1,2,66.7,8.7,NA,NA,2,0,1,3,NA,NA,NA,9,361,0,0,0,8,66.7,2,11,2,0,22.2,0,0,0,4,2,0,12,5,0,0,0,0,0,1,0,0,0,0,0,"CD_I1020855",FALSE,40,"Max","Hall","home","St Kilda"
"CD_M20250140304","2025-03-29T05:15:00.000+0000","CONCLUDED","Premiership","Round 3",3,"Marvel Stadium","St Kilda","St Kilda","Richmond","Richmond",24,"https://s.afl.com.au/staticfile/AFL Tenant/AFL/Players/ChampIDImages/AFL/2025014/1027872.png?im=Scale,width=0.6,height=0.6","SUB","CD_I1027872",FALSE,24,"Angus","Hastie","CD_T130",NA,62,0,0,NA,5,2,7,3,0,0,1,7,8,2,0,0,0,3,71.4,0,0,0,28,1,0,0,4.7,NA,NA,0,4,0,0,NA,NA,NA,5,99,0,0,0,3,60,2.5,5,0,2,12.5,0,0,0,0,0,3,4,3,2,0,0,0,0,0,0,0,0,0,0,"CD_I1027872",FALSE,24,"Angus","Hastie","home","St Kilda"
"CD_M20250140304","2025-03-29T05:15:00.000+0000","CONCLUDED","Premiership","Round 3",3,"Marvel Stadium","St Kilda","St Kilda","Richmond","Richmond",1,"https://s.afl.com.au/staticfile/AFL Tenant/AFL/Players/ChampIDImages/AFL/2025014/1002227.png?im=Scale,width=0.6,height=0.6","HFFL","CD_I1002227",FALSE,1,"Jack","Higgins","CD_T130",NA,92,3,0,NA,7,4,11,1,0,1,6,5,11,2,1,0,0,0,63.6,1,2,0,56,0,0,75,12.3,NA,NA,3,1,1,4,NA,NA,NA,6,169,0,0,0,3,42.9,1.8,7,0,0,54.5,0,0,0,5,4,0,14,5,0,0,0,0,0,1,0,0,0,0,0,"CD_I1002227",FALSE,1,"Jack","Higgins","home","St Kilda"
"CD_M20250140304","2025-03-29T05:15:00.000+0000","CONCLUDED","Premiership","Round 3",3,"Marvel Stadium","St Kilda","St Kilda","Richmond","Richmond",8,"https://s.afl.com.au/staticfile/AFL Tenant/AFL/Players/ChampIDImages/AFL/2025014/295584.png?im=Scale,width=0.6,height=0.6","CHF","CD_I295584",FALSE,8,"Bradley","Hill","CD_T130",NA,85,1,1,NA,16,6,22,4,1,0,4,17,21,6,2,0,0,1,81.8,2,0,1,76,2,3,50,14.1,NA,NA,2,1,0,2,NA,NA,NA,10,489,0,2,2,13,81.3,2.7,18,0,0,19,0,0,0,4,2,1,5,1,1,0,0,0,0,0,0,0,0,0,0,"CD_I295584",FALSE,8,"Bradley","Hill","home","St Kilda"
"CD_M20250140304","2025-03-29T05:15:00.000+0000","CONCLUDED","Premiership","Round 3",3,"Marvel Stadium","St Kilda","St Kilda","Richmond","Richmond",3,"https://s.afl.com.au/staticfile/AFL Tenant/AFL/Players/ChampIDImages/AFL/2025014/991988.png?im=Scale,width=0.6,height=0.6","HBFR","CD_I991988",FALSE,3,"Zak","Jones","CD_T130",NA,77,0,1,NA,8,12,20,4,1,3,8,14,22,2,1,0,0,4,75,2,1,1,71,0,3,0,15,NA,NA,1,0,0,1,NA,NA,NA,8,256,3,0,3,6,75,0.7,15,0,0,36.4,0,0,0,5,1,2,14,7,3,0,0,0,0,0,0,0,15,0,0,"CD_I991988",FALSE,3,"Zak","Jones","home","St Kilda"
"CD_M20250140304","2025-03-29T05:15:00.000+0000","CONCLUDED","Premiership","Round 3",3,"Marvel Stadium","St Kilda","St Kilda","Richmond","Richmond",17,"https://s.afl.com.au/staticfile/AFL Tenant/AFL/Players/ChampIDImages/AFL/2025014/1015323.png?im=Scale,width=0.6,height=0.6","BPL","CD_I1015323",FALSE,17,"Isaac","Keeler","CD_T130",NA,82,1,1,NA,6,3,9,1,0,0,0,8,8,3,1,0,3,2,66.7,0,0,0,37,0,0,50,2.8,NA,NA,1,1,0,2,NA,NA,NA,4,206,0,0,0,4,66.7,2,6,0,0,0,1,17.6,33.3,0,0,0,10,3,1,17,0,0,0,1,0,0,5,0,0,"CD_I1015323",FALSE,17,"Isaac","Keeler","home","St Kilda"
"CD_M20250140304","2025-03-29T05:15:00.000+0000","CONCLUDED","Premiership","Round 3",3,"Marvel Stadium","St Kilda","St Kilda","Richmond","Richmond",6,"https://s.afl.com.au/staticfile/AFL Tenant/AFL/Players/ChampIDImages/AFL/2025014/295467.png?im=Scale,width=0.6,height=0.6","R","CD_I295467",FALSE,6,"Jack","Macrae","CD_T130",NA,87,0,0,NA,15,16,31,4,0,6,18,11,29,3,0,0,0,2,71,5,3,1,113,3,0,0,15.1,NA,NA,4,4,0,0,NA,NA,NA,12,312,2,7,9,11,73.3,0.9,22,0,0,62.1,0,0,0,11,3,6,17,7,0,0,0,0,0,0,0,0,28,0,0,"CD_I295467",FALSE,6,"Jack","Macrae","home","St Kilda"
"CD_M20250140304","2025-03-29T05:15:00.000+0000","CONCLUDED","Premiership","Round 3",3,"Marvel Stadium","St Kilda","St Kilda","Richmond","Richmond",19,"https://s.afl.com.au/staticfile/AFL Tenant/AFL/Players/ChampIDImages/AFL/2025014/992468.png?im=Scale,width=0.6,height=0.6","RK","CD_I992468",FALSE,19,"Rowan","Marshall","CD_T130",NA,84,1,0,NA,11,12,23,12,0,2,4,18,22,2,1,0,22,1,78.3,2,0,2,123,1,0,100,12.5,NA,NA,0,3,0,1,NA,NA,NA,9,171,2,1,3,7,63.6,0.9,18,0,2,18.2,6,32.4,27.3,4,0,1,10,8,1,68,0,0,0,0,0,0,26,0,0,"CD_I992468",FALSE,19,"Rowan","Marshall","home","St Kilda"
"CD_M20250140304","2025-03-29T05:15:00.000+0000","CONCLUDED","Premiership","Round 3",3,"Marvel Stadium","St Kilda","St Kilda","Richmond","Richmond",45,"https://s.afl.com.au/staticfile/AFL Tenant/AFL/Players/ChampIDImages/AFL/2025014/1035198.png?im=Scale,width=0.6,height=0.6","INT","CD_I1035198",FALSE,45,"Liam","O'Connell","CD_T130",NA,12,0,0,NA,0,0,0,0,0,1,0,0,0,0,0,0,0,0,0,0,0,0,4,0,0,0,0,NA,NA,0,0,0,0,NA,NA,NA,0,0,0,0,0,0,0,0,0,0,0,0,0,0,0,0,0,0,1,1,0,0,0,0,0,0,0,0,0,0,0,"CD_I1035198",FALSE,45,"Liam","O'Connell","home","St Kilda"
"CD_M20250140304","2025-03-29T05:15:00.000+0000","CONCLUDED","Premiership","Round 3",3,"Marvel Stadium","St Kilda","St Kilda","Richmond","Richmond",10,"https://s.afl.com.au/staticfile/AFL Tenant/AFL/Players/ChampIDImages/AFL/2025014/1023272.png?im=Scale,width=0.6,height=0.6","HFFR","CD_I1023272",FALSE,10,"Mitch","Owens","CD_T130",NA,87,4,2,NA,9,5,14,4,0,0,7,8,15,2,3,1,3,3,71.4,1,1,1,76,0,2,57.1,14.6,NA,NA,1,0,0,7,NA,NA,NA,11,202,0,0,0,5,55.6,1.8,10,0,0,46.7,2,75,66.7,4,2,1,2,0,1,4,0,0,0,5,3,60,0,0,0,"CD_I1023272",FALSE,10,"Mitch","Owens","home","St Kilda"
"CD_M20250140304","2025-03-29T05:15:00.000+0000","CONCLUDED","Premiership","Round 3",3,"Marvel Stadium","St Kilda","St Kilda","Richmond","Richmond",43,"https://s.afl.com.au/staticfile/AFL Tenant/AFL/Players/ChampIDImages/AFL/2025014/1018018.png?im=Scale,width=0.6,height=0.6","FPL","CD_I1018018",FALSE,43,"Cooper","Sharman","CD_T130",NA,73,2,1,NA,8,3,11,5,0,2,5,6,11,1,4,1,0,1,72.7,2,0,1,63,0,0,66.7,12.7,NA,NA,2,0,1,3,NA,NA,NA,9,178,0,1,1,6,75,2.7,8,0,0,45.5,0,0,0,4,3,1,8,1,1,1,0,0,0,2,1,50,0,0,0,"CD_I1018018",FALSE,43,"Cooper","Sharman","home","St Kilda"
"CD_M20250140304","2025-03-29T05:15:00.000+0000","CONCLUDED","Premiership","Round 3",3,"Marvel Stadium","St Kilda","St Kilda","Richmond","Richmond",35,"https://s.afl.com.au/staticfile/AFL Tenant/AFL/Players/ChampIDImages/AFL/2025014/994389.png?im=Scale,width=0.6,height=0.6","C","CD_I994389",FALSE,35,"Jack","Sinclair","CD_T130",NA,85,0,0,NA,28,12,40,7,0,1,4,27,31,6,0,0,0,1,85,2,1,0,134,8,2,0,18.9,NA,NA,3,8,0,0,NA,NA,NA,10,689,0,1,1,23,82.1,2.3,34,0,2,12.9,0,0,0,4,0,3,8,5,1,0,0,0,0,0,0,0,0,7,7,"CD_I994389",FALSE,35,"Jack","Sinclair","home","St Kilda"
"CD_M20250140304","2025-03-29T05:15:00.000+0000","CONCLUDED","Premiership","Round 3",3,"Marvel Stadium","St Kilda","St Kilda","Richmond","Richmond",5,"https://s.afl.com.au/staticfile/AFL Tenant/AFL/Players/ChampIDImages/AFL/2025014/1028538.png?im=Scale,width=0.6,height=0.6","INT","CD_I1028538",FALSE,5,"Tobie","Travaglia","CD_T130",NA,73,0,1,NA,6,12,18,2,0,3,11,8,19,3,0,0,0,0,72.2,1,2,0,63,1,0,0,13.6,NA,NA,3,5,1,1,NA,NA,NA,5,189,0,3,3,3,50,0.5,13,0,1,57.9,0,0,0,9,1,5,14,4,0,0,0,0,0,0,0,0,4,0,0,"CD_I1028538",FALSE,5,"Tobie","Travaglia","home","St Kilda"
"CD_M20250140304","2025-03-29T05:15:00.000+0000","CONCLUDED","Premiership","Round 3",3,"Marvel Stadium","St Kilda","St Kilda","Richmond","Richmond",7,"https://s.afl.com.au/staticfile/AFL Tenant/AFL/Players/ChampIDImages/AFL/2025014/1015507.png?im=Scale,width=0.6,height=0.6","CHB","CD_I1015507",FALSE,7,"Nasiah","Wanganeen-Milera","CD_T130",NA,83,0,0,NA,21,8,29,7,2,3,4,21,25,4,0,0,0,5,72.4,6,0,0,112,3,1,0,12.1,NA,NA,8,4,0,0,NA,NA,NA,9,517,0,0,0,14,66.7,2.6,21,1,0,16,0,0,0,4,0,3,13,9,5,0,0,0,0,0,0,0,0,4,4,"CD_I1015507",FALSE,7,"Nasiah","Wanganeen-Milera","home","St Kilda"
"CD_M20250140304","2025-03-29T05:15:00.000+0000","CONCLUDED","Premiership","Round 3",3,"Marvel Stadium","St Kilda","St Kilda","Richmond","Richmond",29,"https://s.afl.com.au/staticfile/AFL Tenant/AFL/Players/ChampIDImages/AFL/2025014/290757.png?im=Scale,width=0.6,height=0.6","BPR","CD_I290757",FALSE,29,"Jimmy","Webster","CD_T130",NA,82,0,0,NA,11,7,18,8,0,2,6,12,18,3,0,0,0,8,88.9,3,0,2,73,1,2,0,14.2,NA,NA,1,7,0,0,NA,NA,NA,7,258,0,1,1,10,90.9,1.6,16,1,1,33.3,0,0,0,5,0,1,5,4,6,0,1,0,0,0,0,0,0,0,0,"CD_I290757",FALSE,29,"Jimmy","Webster","home","St Kilda"
"CD_M20250140304","2025-03-29T05:15:00.000+0000","CONCLUDED","Premiership","Round 3",3,"Marvel Stadium","St Kilda","St Kilda","Richmond","Richmond",44,"https://s.afl.com.au/staticfile/AFL Tenant/AFL/Players/ChampIDImages/AFL/2025014/296422.png?im=Scale,width=0.6,height=0.6","FB","CD_I296422",FALSE,44,"Callum","Wilkie","CD_T130",NA,100,0,0,NA,7,6,13,4,1,1,4,9,13,0,0,0,0,3,84.6,1,0,0,49,3,0,0,7.5,NA,NA,1,3,0,0,NA,NA,NA,3,198,0,1,1,5,71.4,1.2,11,0,0,30.8,0,0,0,4,0,0,2,1,2,0,1,0,0,0,0,0,0,0,0,"CD_I296422",FALSE,44,"Callum","Wilkie","home","St Kilda"
"CD_M20250140304","2025-03-29T05:15:00.000+0000","CONCLUDED","Premiership","Round 3",3,"Marvel Stadium","St Kilda","St Kilda","Richmond","Richmond",22,"https://s.afl.com.au/staticfile/AFL Tenant/AFL/Players/ChampIDImages/AFL/2025014/1027875.png?im=Scale,width=0.6,height=0.6","WL","CD_I1027875",FALSE,22,"Darcy","Wilson","CD_T130",NA,85,1,0,NA,14,6,20,5,0,1,4,13,17,3,0,0,0,1,60,5,0,1,76,2,0,100,6.4,NA,NA,8,2,1,1,NA,NA,NA,5,293,2,0,2,8,57.1,2.3,12,0,0,23.5,0,0,0,4,1,1,9,2,0,0,0,0,0,1,0,0,1,0,0,"CD_I1027875",FALSE,22,"Darcy","Wilson","home","St Kilda"
"CD_M20250140304","2025-03-29T05:15:00.000+0000","CONCLUDED","Premiership","Round 3",3,"Marvel Stadium","St Kilda","St Kilda","Richmond","Richmond",2,"https://s.afl.com.au/staticfile/AFL Tenant/AFL/Players/ChampIDImages/AFL/2025014/1023270.png?im=Scale,width=0.6,height=0.6","WR","CD_I1023270",FALSE,2,"Marcus","Windhager","CD_T130",NA,81,0,1,NA,7,12,19,1,0,4,11,9,20,0,0,0,0,2,73.7,6,1,4,54,1,0,0,8.9,NA,NA,0,2,1,1,NA,NA,NA,7,122,2,2,4,5,71.4,0.6,14,0,0,55,0,0,0,7,1,2,14,5,1,0,0,0,0,0,0,0,27,0,0,"CD_I1023270",FALSE,2,"Marcus","Windhager","home","St Kilda"
"CD_M20250140304","2025-03-29T05:15:00.000+0000","CONCLUDED","Premiership","Round 3",3,"Marvel Stadium","St Kilda","St Kilda","Richmond","Richmond",32,"https://s.afl.com.au/staticfile/AFL Tenant/AFL/Players/ChampIDImages/AFL/2025014/295340.png?im=Scale,width=0.6,height=0.6","FPR","CD_I295340",FALSE,32,"Mason","Wood","CD_T130",NA,83,3,1,NA,11,5,16,8,1,2,3,14,17,2,4,0,0,0,87.5,0,0,0,94,1,1,75,16.5,NA,NA,0,1,2,4,NA,NA,NA,8,378,0,0,0,9,81.8,2.2,14,2,0,17.6,0,0,0,3,2,1,6,1,0,0,0,0,0,0,0,0,0,0,0,"CD_I295340",FALSE,32,"Mason","Wood","home","St Kilda"
"CD_M20250140304","2025-03-29T05:15:00.000+0000","CONCLUDED","Premiership","Round 3",3,"Marvel Stadium","St Kilda","St Kilda","Richmond","Richmond",9,"https://s.afl.com.au/staticfile/AFL Tenant/AFL/Players/ChampIDImages/AFL/2025014/296205.png?im=Scale,width=0.6,height=0.6","EMERG","CD_I296205",FALSE,9,"Jack","Steele","CD_T130",NA,0,0,0,NA,0,0,0,0,0,0,0,0,0,0,0,0,0,0,0,0,0,0,0,0,0,0,NA,NA,NA,0,0,0,0,NA,NA,NA,0,0,0,0,0,NA,NA,NA,NA,NA,NA,NA,NA,NA,NA,NA,NA,NA,NA,NA,NA,NA,NA,NA,NA,NA,NA,NA,NA,NA,NA,"CD_I296205",FALSE,9,"Jack","Steele","home","St Kilda"
"CD_M20250140304","2025-03-29T05:15:00.000+0000","CONCLUDED","Premiership","Round 3",3,"Marvel Stadium","St Kilda","St Kilda","Richmond","Richmond",34,"https://s.afl.com.au/staticfile/AFL Tenant/AFL/Players/ChampIDImages/AFL/2025014/1028525.png?im=Scale,width=0.6,height=0.6","INT","CD_I1028525",FALSE,34,"Harry","Armstrong","CD_T120",NA,45,0,0,NA,0,2,2,0,0,0,1,1,2,0,0,0,0,1,50,1,0,0,4,0,0,0,-1.3,NA,NA,0,1,0,0,NA,NA,NA,0,-7,0,0,0,0,0,0,1,0,0,50,0,0,0,1,0,0,6,3,1,0,0,0,0,1,0,0,0,0,0,"CD_I1028525",FALSE,34,"Harry","Armstrong","away","Richmond"
"CD_M20250140304","2025-03-29T05:15:00.000+0000","CONCLUDED","Premiership","Round 3",3,"Marvel Stadium","St Kilda","St Kilda","Richmond","Richmond",43,"https://s.afl.com.au/staticfile/AFL Tenant/AFL/Players/ChampIDImages/AFL/2025014/1021152.png?im=Scale,width=0.6,height=0.6","FPL","CD_I1021152",FALSE,43,"Jacob","Bauer","CD_T120",NA,79,1,0,NA,2,2,4,2,0,0,2,2,4,1,1,0,0,2,100,0,0,0,22,0,0,100,7.4,NA,NA,1,0,0,1,NA,NA,NA,3,76,0,0,0,2,100,1,4,1,0,50,0,0,0,2,2,0,3,1,2,0,0,0,0,0,0,0,0,0,0,"CD_I1021152",FALSE,43,"Jacob","Bauer","away","Richmond"
"CD_M20250140304","2025-03-29T05:15:00.000+0000","CONCLUDED","Premiership","Round 3",3,"Marvel Stadium","St Kilda","St Kilda","Richmond","Richmond",46,"https://s.afl.com.au/staticfile/AFL Tenant/AFL/Players/ChampIDImages/AFL/2025014/1013229.png?im=Scale,width=0.6,height=0.6","FB","CD_I1013229",FALSE,46,"Jacob","Blight","CD_T120",NA,94,0,0,NA,13,5,18,12,0,0,5,14,19,0,0,1,7,2,83.3,4,0,0,92,3,0,0,7.6,NA,NA,4,6,0,0,NA,NA,NA,1,199,1,0,1,12,92.3,2.6,15,0,4,26.3,0,46.7,0,4,0,1,5,3,2,15,1,0,0,0,0,0,5,0,0,"CD_I1013229",FALSE,46,"Jacob","Blight","away","Richmond"
"CD_M20250140304","2025-03-29T05:15:00.000+0000","CONCLUDED","Premiership","Round 3",3,"Marvel Stadium","St Kilda","St Kilda","Richmond","Richmond",35,"https://s.afl.com.au/staticfile/AFL Tenant/AFL/Players/ChampIDImages/AFL/2025014/295203.png?im=Scale,width=0.6,height=0.6","BPL","CD_I295203",FALSE,35,"Nathan","Broad","CD_T120",NA,86,0,0,NA,15,3,18,10,1,0,4,13,17,0,0,1,0,7,72.2,4,0,1,78,5,0,0,5.9,NA,NA,3,5,0,0,NA,NA,NA,1,230,0,0,0,10,66.7,5,13,1,2,23.5,0,0,0,3,0,1,4,3,6,0,2,1,50,0,0,0,0,1,1,"CD_I295203",FALSE,35,"Nathan","Broad","away","Richmond"
"CD_M20250140304","2025-03-29T05:15:00.000+0000","CONCLUDED","Premiership","Round 3",3,"Marvel Stadium","St Kilda","St Kilda","Richmond","Richmond",30,"https://s.afl.com.au/staticfile/AFL Tenant/AFL/Players/ChampIDImages/AFL/2025014/1017086.png?im=Scale,width=0.6,height=0.6","INT","CD_I1017086",FALSE,30,"Tom","Brown","CD_T120",NA,80,1,0,NA,12,2,14,8,2,2,1,13,14,2,0,1,0,2,85.7,1,0,1,75,5,0,100,7.8,NA,NA,3,2,0,1,NA,NA,NA,1,352,0,0,0,10,83.3,6,12,2,2,7.1,0,0,0,0,0,1,13,13,1,0,2,0,0,0,0,0,0,3,1,"CD_I1017086",FALSE,30,"Tom","Brown","away","Richmond"
"CD_M20250140304","2025-03-29T05:15:00.000+0000","CONCLUDED","Premiership","Round 3",3,"Marvel Stadium","St Kilda","St Kilda","Richmond","Richmond",44,"https://s.afl.com.au/staticfile/AFL Tenant/AFL/Players/ChampIDImages/AFL/2025014/1023275.png?im=Scale,width=0.6,height=0.6","CHF","CD_I1023275",FALSE,44,"Seth","Campbell","CD_T120",NA,82,3,2,NA,7,5,12,3,0,2,6,6,12,0,3,0,0,0,66.7,2,1,0,69,0,0,60,9.7,NA,NA,1,1,0,5,NA,NA,NA,6,189,1,1,2,3,42.9,1.4,8,0,0,50,0,0,0,5,2,1,18,6,0,0,0,0,0,0,0,0,0,0,0,"CD_I1023275",FALSE,44,"Seth","Campbell","away","Richmond"
"CD_M20250140304","2025-03-29T05:15:00.000+0000","CONCLUDED","Premiership","Round 3",3,"Marvel Stadium","St Kilda","St Kilda","Richmond","Richmond",27,"https://s.afl.com.au/staticfile/AFL Tenant/AFL/Players/ChampIDImages/AFL/2025014/1009226.png?im=Scale,width=0.6,height=0.6","WL","CD_I1009226",FALSE,27,"Thomson","Dow","CD_T120",NA,71,0,0,NA,10,10,20,4,0,1,5,13,18,2,0,1,0,2,75,1,2,0,68,3,0,0,4,NA,NA,2,1,0,0,NA,NA,NA,3,178,1,2,3,7,70,1,15,3,0,27.8,0,0,0,3,0,0,19,7,2,0,0,0,0,0,0,0,9,0,0,"CD_I1009226",FALSE,27,"Thomson","Dow","away","Richmond"
"CD_M20250140304","2025-03-29T05:15:00.000+0000","CONCLUDED","Premiership","Round 3",3,"Marvel Stadium","St Kilda","St Kilda","Richmond","Richmond",48,"https://s.afl.com.au/staticfile/AFL Tenant/AFL/Players/ChampIDImages/AFL/2025014/1023056.png?im=Scale,width=0.6,height=0.6","HFFR","CD_I1023056",FALSE,48,"Steely","Green","CD_T120",NA,85,0,0,NA,5,5,10,3,0,2,3,7,10,4,0,0,0,1,80,1,0,0,42,0,1,0,5.6,NA,NA,1,3,1,1,NA,NA,NA,4,95,0,0,0,4,80,1,8,0,1,30,0,0,0,3,1,1,14,7,1,0,0,0,0,1,0,0,0,0,0,"CD_I1023056",FALSE,48,"Steely","Green","away","Richmond"
"CD_M20250140304","2025-03-29T05:15:00.000+0000","CONCLUDED","Premiership","Round 3",3,"Marvel Stadium","St Kilda","St Kilda","Richmond","Richmond",2,"https://s.afl.com.au/staticfile/AFL Tenant/AFL/Players/ChampIDImages/AFL/2025014/993903.png?im=Scale,width=0.6,height=0.6","R","CD_I993903",FALSE,2,"Jacob","Hopper","CD_T120",NA,81,0,0,NA,12,13,25,6,0,2,9,18,27,3,0,0,0,1,76,4,1,2,83,2,0,0,7.3,NA,NA,3,0,0,1,NA,NA,NA,3,247,1,2,3,9,75,0.9,19,1,0,33.3,0,0,0,5,3,1,9,4,0,0,0,0,0,0,0,0,24,0,0,"CD_I993903",FALSE,2,"Jacob","Hopper","away","Richmond"
"CD_M20250140304","2025-03-29T05:15:00.000+0000","CONCLUDED","Premiership","Round 3",3,"Marvel Stadium","St Kilda","St Kilda","Richmond","Richmond",22,"https://s.afl.com.au/staticfile/AFL Tenant/AFL/Players/ChampIDImages/AFL/2025014/1028491.png?im=Scale,width=0.6,height=0.6","FPR","CD_I1028491",FALSE,22,"Sam","Lalor","CD_T120",NA,83,0,1,NA,7,2,9,5,0,1,3,6,9,2,0,1,0,1,66.7,1,1,0,46,0,1,0,4.3,NA,NA,1,1,0,1,NA,NA,NA,4,198,1,0,1,5,71.4,3.5,6,1,1,33.3,0,0,0,1,0,2,18,7,0,0,0,0,0,0,0,0,9,0,0,"CD_I1028491",FALSE,22,"Sam","Lalor","away","Richmond"
"CD_M20250140304","2025-03-29T05:15:00.000+0000","CONCLUDED","Premiership","Round 3",3,"Marvel Stadium","St Kilda","St Kilda","Richmond","Richmond",19,"https://s.afl.com.au/staticfile/AFL Tenant/AFL/Players/ChampIDImages/AFL/2025014/293813.png?im=Scale,width=0.6,height=0.6","FF","CD_I293813",FALSE,19,"Tom","Lynch","CD_T120",NA,81,1,1,NA,6,1,7,4,0,1,4,3,7,1,2,1,0,0,57.1,2,1,1,41,0,0,33.3,6.2,NA,NA,2,0,1,3,NA,NA,NA,5,169,0,0,0,3,50,6,4,1,0,57.1,0,0,0,1,0,0,10,0,0,3,0,0,0,2,1,50,0,0,0,"CD_I293813",FALSE,19,"Tom","Lynch","away","Richmond"
"CD_M20250140304","2025-03-29T05:15:00.000+0000","CONCLUDED","Premiership","Round 3",3,"Marvel Stadium","St Kilda","St Kilda","Richmond","Richmond",7,"https://s.afl.com.au/staticfile/AFL Tenant/AFL/Players/ChampIDImages/AFL/2025014/1008478.png?im=Scale,width=0.6,height=0.6","HFFL","CD_I1008478",FALSE,7,"Rhyan","Mansell","CD_T120",NA,73,0,1,NA,5,3,8,2,1,2,4,4,8,1,0,1,0,0,50,0,0,0,36,0,0,0,4.9,NA,NA,1,1,0,1,NA,NA,NA,2,130,0,0,0,2,40,1.7,4,0,0,50,0,0,0,3,1,0,18,7,0,0,0,0,0,0,0,0,2,0,0,"CD_I1008478",FALSE,7,"Rhyan","Mansell","away","Richmond"
"CD_M20250140304","2025-03-29T05:15:00.000+0000","CONCLUDED","Premiership","Round 3",3,"Marvel Stadium","St Kilda","St Kilda","Richmond","Richmond",33,"https://s.afl.com.au/staticfile/AFL Tenant/AFL/Players/ChampIDImages/AFL/2025014/294592.png?im=Scale,width=0.6,height=0.6","C","CD_I294592",FALSE,33,"Kamdyn","McIntosh","CD_T120",NA,83,1,0,NA,14,6,20,8,0,4,2,18,20,5,0,0,0,0,75,1,0,0,100,2,1,100,11.9,NA,NA,2,2,1,1,NA,NA,NA,7,245,0,0,0,10,71.4,2.3,15,1,1,10,0,0,0,2,0,2,10,5,0,0,0,0,0,0,0,0,10,0,0,"CD_I294592",FALSE,33,"Kamdyn","McIntosh","away","Richmond"
"CD_M20250140304","2025-03-29T05:15:00.000+0000","CONCLUDED","Premiership","Round 3",3,"Marvel Stadium","St Kilda","St Kilda","Richmond","Richmond",12,"https://s.afl.com.au/staticfile/AFL Tenant/AFL/Players/ChampIDImages/AFL/2025014/1002403.png?im=Scale,width=0.6,height=0.6","BPR","CD_I1002403",FALSE,12,"Ben","Miller","CD_T120",NA,95,0,0,NA,10,2,12,10,0,2,0,12,12,1,0,0,0,8,83.3,3,0,2,66,2,0,0,1.6,NA,NA,3,0,0,0,NA,NA,NA,0,218,0,0,0,8,80,5,10,0,0,0,0,0,0,0,0,0,6,5,8,0,3,2,66.7,0,0,0,0,2,0,"CD_I1002403",FALSE,12,"Ben","Miller","away","Richmond"
"CD_M20250140304","2025-03-29T05:15:00.000+0000","CONCLUDED","Premiership","Round 3",3,"Marvel Stadium","St Kilda","St Kilda","Richmond","Richmond",25,"https://s.afl.com.au/staticfile/AFL Tenant/AFL/Players/ChampIDImages/AFL/2025014/298174.png?im=Scale,width=0.6,height=0.6","RK","CD_I298174",FALSE,25,"Toby","Nankervis","CD_T120",NA,79,0,2,NA,13,8,21,3,0,0,16,7,23,3,1,2,35,1,66.7,5,2,2,97,2,1,0,18.1,NA,NA,2,2,0,2,NA,NA,NA,6,295,1,6,7,8,61.5,1.6,14,0,1,69.6,9,48.6,25.7,3,1,1,15,7,0,72,0,0,0,0,0,0,26,0,0,"CD_I298174",FALSE,25,"Toby","Nankervis","away","Richmond"
"CD_M20250140304","2025-03-29T05:15:00.000+0000","CONCLUDED","Premiership","Round 3",3,"Marvel Stadium","St Kilda","St Kilda","Richmond","Richmond",5,"https://s.afl.com.au/staticfile/AFL Tenant/AFL/Players/ChampIDImages/AFL/2025014/1006133.png?im=Scale,width=0.6,height=0.6","INT","CD_I1006133",FALSE,5,"Jack","Ross","CD_T120",NA,80,0,1,NA,11,10,21,9,1,3,7,15,22,7,0,1,0,0,66.7,5,0,2,87,0,0,0,6.4,NA,NA,7,2,0,1,NA,NA,NA,3,470,0,1,1,7,63.6,1.1,14,0,1,31.8,0,0,0,5,0,0,21,10,0,0,0,0,0,0,0,0,12,0,0,"CD_I1006133",FALSE,5,"Jack","Ross","away","Richmond"
"CD_M20250140304","2025-03-29T05:15:00.000+0000","CONCLUDED","Premiership","Round 3",3,"Marvel Stadium","St Kilda","St Kilda","Richmond","Richmond",15,"https://s.afl.com.au/staticfile/AFL Tenant/AFL/Players/ChampIDImages/AFL/2025014/992049.png?im=Scale,width=0.6,height=0.6","CHB","CD_I992049",FALSE,15,"Jayden","Short","CD_T120",NA,84,0,0,NA,24,2,26,6,0,2,5,16,21,3,0,0,0,0,76.9,4,2,1,101,2,0,0,5.5,NA,NA,7,1,0,0,NA,NA,NA,2,392,1,2,3,18,75,12,20,0,0,23.8,0,0,0,4,0,1,8,6,0,0,0,0,0,0,0,0,0,4,4,"CD_I992049",FALSE,15,"Jayden","Short","away","Richmond"
"CD_M20250140304","2025-03-29T05:15:00.000+0000","CONCLUDED","Premiership","Round 3",3,"Marvel Stadium","St Kilda","St Kilda","Richmond","Richmond",49,"https://s.afl.com.au/staticfile/AFL Tenant/AFL/Players/ChampIDImages/AFL/2025014/1022999.png?im=Scale,width=0.6,height=0.6","SUB","CD_I1022999",FALSE,49,"Kaleb","Smith","CD_T120",NA,25,0,0,NA,5,2,7,3,0,0,3,4,7,0,0,1,0,1,71.4,0,1,0,29,2,0,0,4.1,NA,NA,1,3,0,0,NA,NA,NA,1,78,0,0,0,4,80,2.5,5,0,1,42.9,0,0,0,1,0,0,0,0,1,0,0,0,0,0,0,0,0,0,0,"CD_I1022999",FALSE,49,"Kaleb","Smith","away","Richmond"
"CD_M20250140304","2025-03-29T05:15:00.000+0000","CONCLUDED","Premiership","Round 3",3,"Marvel Stadium","St Kilda","St Kilda","Richmond","Richmond",40,"https://s.afl.com.au/staticfile/AFL Tenant/AFL/Players/ChampIDImages/AFL/2025014/1017114.png?im=Scale,width=0.6,height=0.6","INT","CD_I1017114",FALSE,40,"Tyler","Sonsie","CD_T120",NA,81,0,2,NA,6,4,10,4,0,1,3,7,10,2,0,0,0,0,60,0,0,0,44,0,0,0,1.7,NA,NA,1,1,0,2,NA,NA,NA,4,167,1,0,1,3,50,1.5,6,0,0,30,0,0,0,3,0,1,12,8,0,0,0,0,0,0,0,0,0,0,0,"CD_I1017114",FALSE,40,"Tyler","Sonsie","away","Richmond"
"CD_M20250140304","2025-03-29T05:15:00.000+0000","CONCLUDED","Premiership","Round 3",3,"Marvel Stadium","St Kilda","St Kilda","Richmond","Richmond",14,"https://s.afl.com.au/staticfile/AFL Tenant/AFL/Players/ChampIDImages/AFL/2025014/998172.png?im=Scale,width=0.6,height=0.6","RR","CD_I998172",FALSE,14,"Tim","Taranto","CD_T120",NA,83,0,0,NA,7,13,20,1,0,8,13,7,20,1,0,0,0,0,85,1,2,0,84,1,0,0,12.6,NA,NA,1,3,1,0,NA,NA,NA,3,98,4,4,8,5,71.4,0.5,17,0,1,65,0,0,0,7,0,3,21,7,0,0,0,0,0,0,0,0,27,0,0,"CD_I998172",FALSE,14,"Tim","Taranto","away","Richmond"
"CD_M20250140304","2025-03-29T05:15:00.000+0000","CONCLUDED","Premiership","Round 3",3,"Marvel Stadium","St Kilda","St Kilda","Richmond","Richmond",31,"https://s.afl.com.au/staticfile/AFL Tenant/AFL/Players/ChampIDImages/AFL/2025014/1028521.png?im=Scale,width=0.6,height=0.6","HBFL","CD_I1028521",FALSE,31,"Luke","Trainor","CD_T120",NA,88,0,0,NA,14,4,18,6,0,2,7,9,16,1,0,0,0,4,77.8,1,2,0,78,0,0,0,6,NA,NA,4,4,0,0,NA,NA,NA,0,260,0,0,0,11,78.6,3.5,14,1,0,43.8,0,0,0,5,0,0,12,10,4,0,2,1,50,0,0,0,0,2,2,"CD_I1028521",FALSE,31,"Luke","Trainor","away","Richmond"
"CD_M20250140304","2025-03-29T05:15:00.000+0000","CONCLUDED","Premiership","Round 3",3,"Marvel Stadium","St Kilda","St Kilda","Richmond","Richmond",36,"https://s.afl.com.au/staticfile/AFL Tenant/AFL/Players/ChampIDImages/AFL/2025014/1031829.png?im=Scale,width=0.6,height=0.6","WR","CD_I1031829",FALSE,36,"James","Trezise","CD_T120",NA,84,0,0,NA,9,6,15,5,0,5,6,10,16,2,0,0,0,0,73.3,2,1,2,69,0,0,0,7.5,NA,NA,4,5,3,0,NA,NA,NA,2,202,1,2,3,5,55.6,1.5,11,1,1,37.5,0,0,0,4,0,2,15,11,0,0,0,0,0,0,0,0,0,0,0,"CD_I1031829",FALSE,36,"James","Trezise","away","Richmond"
"CD_M20250140304","2025-03-29T05:15:00.000+0000","CONCLUDED","Premiership","Round 3",3,"Marvel Stadium","St Kilda","St Kilda","Richmond","Richmond",1,"https://s.afl.com.au/staticfile/AFL Tenant/AFL/Players/ChampIDImages/AFL/2025014/294674.png?im=Scale,width=0.6,height=0.6","HBFR","CD_I294674",FALSE,1,"Nick","Vlastuin","CD_T120",NA,77,0,0,NA,11,2,13,5,0,1,4,7,11,1,0,2,0,3,76.9,3,1,1,54,7,0,0,2.8,NA,NA,3,3,0,0,NA,NA,NA,2,252,0,0,0,9,81.8,5.5,10,0,1,36.4,0,0,0,1,0,0,5,2,3,0,2,0,0,0,0,0,0,3,2,"CD_I294674",FALSE,1,"Nick","Vlastuin","away","Richmond"
"CD_M20250140305","2025-03-29T08:35:00.000+0000","CONCLUDED","Premiership","Round 3",3,"University of Tasmania Stadium","Hawthorn","Hawthorn","GWS GIANTS","GWS GIANTS",10,"https://s.afl.com.au/staticfile/AFL Tenant/AFL/Players/ChampIDImages/AFL/2025014/297354.png?im=Scale,width=0.6,height=0.6","WL","CD_I297354",FALSE,10,"Karl","Amon","CD_T80",NA,80,0,0,NA,15,6,21,1,1,0,6,11,17,2,0,0,0,2,81,2,0,0,60,6,0,0,8.1,NA,NA,4,3,0,0,NA,NA,NA,3,552,1,1,2,13,86.7,2.5,17,0,0,35.3,0,0,0,5,0,1,14,8,0,0,0,0,0,0,0,0,0,6,6,"CD_I297354",FALSE,10,"Karl","Amon","home","Hawthorn"
"CD_M20250140305","2025-03-29T08:35:00.000+0000","CONCLUDED","Premiership","Round 3",3,"University of Tasmania Stadium","Hawthorn","Hawthorn","GWS GIANTS","GWS GIANTS",37,"https://s.afl.com.au/staticfile/AFL Tenant/AFL/Players/ChampIDImages/AFL/2025014/990290.png?im=Scale,width=0.6,height=0.6","BPL","CD_I990290",FALSE,37,"Tom","Barrass","CD_T80",NA,93,0,0,NA,5,3,8,4,0,1,5,3,8,0,0,3,0,6,87.5,3,0,1,34,2,0,0,7.1,NA,NA,1,5,0,0,NA,NA,NA,1,146,0,0,0,4,80,1.7,7,0,3,62.5,0,0,0,2,0,1,6,5,4,0,3,0,0,0,0,0,0,0,0,"CD_I990290",FALSE,37,"Tom","Barrass","home","Hawthorn"
"CD_M20250140305","2025-03-29T08:35:00.000+0000","CONCLUDED","Premiership","Round 3",3,"University of Tasmania Stadium","Hawthorn","Hawthorn","GWS GIANTS","GWS GIANTS",24,"https://s.afl.com.au/staticfile/AFL Tenant/AFL/Players/ChampIDImages/AFL/2025014/998134.png?im=Scale,width=0.6,height=0.6","WR","CD_I998134",FALSE,24,"Josh","Battle","CD_T80",NA,95,0,0,NA,8,5,13,5,1,1,3,8,11,3,0,0,0,3,76.9,5,0,1,50,2,0,0,4.2,NA,NA,5,3,0,0,NA,NA,NA,3,389,0,0,0,5,62.5,1.6,10,0,0,27.3,0,0,0,2,0,0,5,3,2,0,1,1,100,0,0,0,0,3,3,"CD_I998134",FALSE,24,"Josh","Battle","home","Hawthorn"
"CD_M20250140305","2025-03-29T08:35:00.000+0000","CONCLUDED","Premiership","Round 3",3,"University of Tasmania Stadium","Hawthorn","Hawthorn","GWS GIANTS","GWS GIANTS",22,"https://s.afl.com.au/staticfile/AFL Tenant/AFL/Players/ChampIDImages/AFL/2025014/280744.png?im=Scale,width=0.6,height=0.6","SUB","CD_I280744",FALSE,22,"Luke","Breust","CD_T80",NA,12,0,0,NA,0,1,1,0,0,1,1,0,1,0,0,0,0,0,0,0,0,0,6,0,0,0,0.4,NA,NA,1,0,1,0,NA,NA,NA,0,-7,0,0,0,0,0,0,0,0,0,100,0,0,0,1,1,0,4,0,0,0,0,0,0,0,0,0,0,0,0,"CD_I280744",FALSE,22,"Luke","Breust","home","Hawthorn"
"CD_M20250140305","2025-03-29T08:35:00.000+0000","CONCLUDED","Premiership","Round 3",3,"University of Tasmania Stadium","Hawthorn","Hawthorn","GWS GIANTS","GWS GIANTS",18,"https://s.afl.com.au/staticfile/AFL Tenant/AFL/Players/ChampIDImages/AFL/2025014/994077.png?im=Scale,width=0.6,height=0.6","FF","CD_I994077",FALSE,18,"Mabior","Chol","CD_T80",NA,73,0,1,NA,3,2,5,2,0,3,1,5,6,1,1,0,1,0,40,6,0,4,21,0,0,0,-2.1,NA,NA,4,0,1,1,NA,NA,NA,3,81,0,0,0,1,33.3,1.5,2,1,0,16.7,1,14.3,100,1,1,1,16,2,0,7,0,0,0,4,0,0,2,0,0,"CD_I994077",FALSE,18,"Mabior","Chol","home","Hawthorn"
"CD_M20250140305","2025-03-29T08:35:00.000+0000","CONCLUDED","Premiership","Round 3",3,"University of Tasmania Stadium","Hawthorn","Hawthorn","GWS GIANTS","GWS GIANTS",16,"https://s.afl.com.au/staticfile/AFL Tenant/AFL/Players/ChampIDImages/AFL/2025014/1005144.png?im=Scale,width=0.6,height=0.6","HBFR","CD_I1005144",FALSE,16,"Massimo","D'Ambrosio","CD_T80",NA,79,0,0,NA,10,3,13,6,0,2,4,10,14,4,0,0,0,0,69.2,1,1,0,63,1,0,0,4.2,NA,NA,3,6,0,0,NA,NA,NA,2,247,0,1,1,8,80,3.3,9,0,3,28.6,0,0,0,3,0,2,9,2,0,0,0,0,0,0,0,0,0,0,0,"CD_I1005144",FALSE,16,"Massimo","D'Ambrosio","home","Hawthorn"
"CD_M20250140305","2025-03-29T08:35:00.000+0000","CONCLUDED","Premiership","Round 3",3,"University of Tasmania Stadium","Hawthorn","Hawthorn","GWS GIANTS","GWS GIANTS",12,"https://s.afl.com.au/staticfile/AFL Tenant/AFL/Players/ChampIDImages/AFL/2025014/1008550.png?im=Scale,width=0.6,height=0.6","FPR","CD_I1008550",FALSE,12,"Will","Day","CD_T80",NA,79,1,3,NA,10,14,24,3,1,2,17,8,25,2,1,1,0,2,62.5,4,2,1,83,2,0,25,16.9,NA,NA,3,7,0,4,NA,NA,NA,10,461,2,3,5,3,30,0.7,15,0,1,68,0,0,0,7,1,4,22,15,0,0,0,0,0,0,0,0,18,0,0,"CD_I1008550",FALSE,12,"Will","Day","home","Hawthorn"
"CD_M20250140305","2025-03-29T08:35:00.000+0000","CONCLUDED","Premiership","Round 3",3,"University of Tasmania Stadium","Hawthorn","Hawthorn","GWS GIANTS","GWS GIANTS",33,"https://s.afl.com.au/staticfile/AFL Tenant/AFL/Players/ChampIDImages/AFL/2025014/1012857.png?im=Scale,width=0.6,height=0.6","HFFR","CD_I1012857",FALSE,33,"Jack","Ginnivan","CD_T80",NA,76,0,0,NA,3,9,12,0,0,1,8,3,11,1,0,0,0,1,66.7,3,0,0,31,0,0,0,6.4,NA,NA,3,2,0,0,NA,NA,NA,5,50,0,0,0,1,33.3,0.3,8,0,0,72.7,0,0,0,7,2,1,20,5,0,0,0,0,0,0,0,0,0,0,0,"CD_I1012857",FALSE,33,"Jack","Ginnivan","home","Hawthorn"
"CD_M20250140305","2025-03-29T08:35:00.000+0000","CONCLUDED","Premiership","Round 3",3,"University of Tasmania Stadium","Hawthorn","Hawthorn","GWS GIANTS","GWS GIANTS",19,"https://s.afl.com.au/staticfile/AFL Tenant/AFL/Players/ChampIDImages/AFL/2025014/291351.png?im=Scale,width=0.6,height=0.6","FPL","CD_I291351",FALSE,19,"Jack","Gunston","CD_T80",NA,94,2,3,NA,10,6,16,4,0,3,6,10,16,1,3,0,0,2,43.8,3,0,0,81,0,2,28.6,0.3,NA,NA,3,0,3,7,NA,NA,NA,9,193,0,0,0,4,40,1.7,7,1,0,37.5,0,0,0,6,5,0,20,1,2,0,0,0,0,2,0,0,0,0,0,"CD_I291351",FALSE,19,"Jack","Gunston","home","Hawthorn"
"CD_M20250140305","2025-03-29T08:35:00.000+0000","CONCLUDED","Premiership","Round 3",3,"University of Tasmania Stadium","Hawthorn","Hawthorn","GWS GIANTS","GWS GIANTS",15,"https://s.afl.com.au/staticfile/AFL Tenant/AFL/Players/ChampIDImages/AFL/2025014/993794.png?im=Scale,width=0.6,height=0.6","FB","CD_I993794",FALSE,15,"Blake","Hardwick","CD_T80",NA,85,1,3,NA,14,5,19,9,1,3,9,11,20,3,4,3,0,1,63.2,3,1,1,98,1,2,20,10,NA,NA,5,1,2,5,NA,NA,NA,8,344,0,1,1,7,50,2.8,12,2,0,45,0,0,0,3,3,1,16,2,0,0,0,0,0,3,3,100,0,0,0,"CD_I993794",FALSE,15,"Blake","Hardwick","home","Hawthorn"
"CD_M20250140305","2025-03-29T08:35:00.000+0000","CONCLUDED","Premiership","Round 3",3,"University of Tasmania Stadium","Hawthorn","Hawthorn","GWS GIANTS","GWS GIANTS",4,"https://s.afl.com.au/staticfile/AFL Tenant/AFL/Players/ChampIDImages/AFL/2025014/296254.png?im=Scale,width=0.6,height=0.6","CHB","CD_I296254",FALSE,4,"Jarman","Impey","CD_T80",NA,82,0,0,NA,7,1,8,2,3,2,0,7,7,3,0,0,0,3,87.5,2,0,0,37,0,1,0,7.5,NA,NA,2,2,0,0,NA,NA,NA,2,241,0,0,0,6,85.7,7,7,0,1,0,0,0,0,0,0,0,12,11,2,0,0,0,0,0,0,0,0,0,0,"CD_I296254",FALSE,4,"Jarman","Impey","home","Hawthorn"
"CD_M20250140305","2025-03-29T08:35:00.000+0000","CONCLUDED","Premiership","Round 3",3,"University of Tasmania Stadium","Hawthorn","Hawthorn","GWS GIANTS","GWS GIANTS",9,"https://s.afl.com.au/staticfile/AFL Tenant/AFL/Players/ChampIDImages/AFL/2025014/998390.png?im=Scale,width=0.6,height=0.6","INT","CD_I998390",FALSE,9,"Changkuoth","Jiath","CD_T80",NA,69,0,0,NA,8,6,14,4,0,1,6,9,15,3,0,0,0,4,71.4,3,1,2,47,2,0,0,8,NA,NA,4,5,0,0,NA,NA,NA,2,178,0,1,1,5,62.5,1.3,10,0,2,40,0,0,0,5,0,1,10,4,4,0,0,0,0,0,0,0,0,0,0,"CD_I998390",FALSE,9,"Changkuoth","Jiath","home","Hawthorn"
"CD_M20250140305","2025-03-29T08:35:00.000+0000","CONCLUDED","Premiership","Round 3",3,"University of Tasmania Stadium","Hawthorn","Hawthorn","GWS GIANTS","GWS GIANTS",28,"https://s.afl.com.au/staticfile/AFL Tenant/AFL/Players/ChampIDImages/AFL/2025014/1023482.png?im=Scale,width=0.6,height=0.6","INT","CD_I1023482",FALSE,28,"Cam","Mackenzie","CD_T80",NA,63,0,0,NA,12,18,30,3,0,5,10,21,31,5,0,0,0,0,76.7,4,0,2,95,2,1,0,11.3,NA,NA,4,3,0,0,NA,NA,NA,8,261,2,3,5,7,58.3,0.7,23,0,1,32.3,0,0,0,8,1,0,17,6,0,0,0,0,0,0,0,0,10,0,0,"CD_I1023482",FALSE,28,"Cam","Mackenzie","home","Hawthorn"
"CD_M20250140305","2025-03-29T08:35:00.000+0000","CONCLUDED","Premiership","Round 3",3,"University of Tasmania Stadium","Hawthorn","Hawthorn","GWS GIANTS","GWS GIANTS",20,"https://s.afl.com.au/staticfile/AFL Tenant/AFL/Players/ChampIDImages/AFL/2025014/1009421.png?im=Scale,width=0.6,height=0.6","INT","CD_I1009421",FALSE,20,"Finn","Maginness","CD_T80",NA,90,0,1,NA,11,14,25,1,0,3,7,19,26,5,0,0,0,1,72,3,0,0,77,0,1,0,12,NA,NA,6,2,2,1,NA,NA,NA,9,432,0,1,1,5,45.5,0.8,18,0,0,26.9,0,0,0,5,1,0,24,9,0,0,0,0,0,0,0,0,0,0,0,"CD_I1009421",FALSE,20,"Finn","Maginness","home","Hawthorn"
"CD_M20250140305","2025-03-29T08:35:00.000+0000","CONCLUDED","Premiership","Round 3",3,"University of Tasmania Stadium","Hawthorn","Hawthorn","GWS GIANTS","GWS GIANTS",17,"https://s.afl.com.au/staticfile/AFL Tenant/AFL/Players/ChampIDImages/AFL/2025014/1000980.png?im=Scale,width=0.6,height=0.6","RK","CD_I1000980",FALSE,17,"Lloyd","Meek","CD_T80",NA,80,1,0,NA,7,7,14,4,0,4,9,6,15,4,1,2,31,0,85.7,3,0,1,97,0,0,100,16.3,NA,NA,2,3,2,1,NA,NA,NA,4,313,1,3,4,5,71.4,1,12,0,1,60,11,42.5,35.5,5,0,3,15,5,0,73,0,0,0,2,1,50,21,0,0,"CD_I1000980",FALSE,17,"Lloyd","Meek","home","Hawthorn"
"CD_M20250140305","2025-03-29T08:35:00.000+0000","CONCLUDED","Premiership","Round 3",3,"University of Tasmania Stadium","Hawthorn","Hawthorn","GWS GIANTS","GWS GIANTS",13,"https://s.afl.com.au/staticfile/AFL Tenant/AFL/Players/ChampIDImages/AFL/2025014/1006314.png?im=Scale,width=0.6,height=0.6","R","CD_I1006314",FALSE,13,"Dylan","Moore","CD_T80",NA,88,1,0,NA,9,13,22,2,0,0,7,15,22,3,0,0,0,0,86.4,1,2,0,67,1,0,50,11.3,NA,NA,1,4,0,2,NA,NA,NA,5,75,0,2,2,6,66.7,0.7,19,0,1,31.8,0,0,0,5,2,1,17,3,0,0,0,0,0,0,0,0,2,0,0,"CD_I1006314",FALSE,13,"Dylan","Moore","home","Hawthorn"
"CD_M20250140305","2025-03-29T08:35:00.000+0000","CONCLUDED","Premiership","Round 3",3,"University of Tasmania Stadium","Hawthorn","Hawthorn","GWS GIANTS","GWS GIANTS",1,"https://s.afl.com.au/staticfile/AFL Tenant/AFL/Players/ChampIDImages/AFL/2025014/1000963.png?im=Scale,width=0.6,height=0.6","HFFL","CD_I1000963",FALSE,1,"Harry","Morrison","CD_T80",NA,77,1,0,NA,11,5,16,5,0,2,2,14,16,1,0,0,0,1,68.8,3,0,0,72,3,0,100,5.5,NA,NA,3,2,0,1,NA,NA,NA,4,261,1,0,1,6,54.5,2.2,11,0,1,12.5,0,0,0,2,0,2,16,7,1,0,0,0,0,0,0,0,0,0,0,"CD_I1000963",FALSE,1,"Harry","Morrison","home","Hawthorn"
"CD_M20250140305","2025-03-29T08:35:00.000+0000","CONCLUDED","Premiership","Round 3",3,"University of Tasmania Stadium","Hawthorn","Hawthorn","GWS GIANTS","GWS GIANTS",11,"https://s.afl.com.au/staticfile/AFL Tenant/AFL/Players/ChampIDImages/AFL/2025014/1007124.png?im=Scale,width=0.6,height=0.6","C","CD_I1007124",FALSE,11,"Conor","Nash","CD_T80",NA,82,0,0,NA,11,6,17,4,0,7,2,14,16,5,0,0,0,0,82.4,4,0,1,82,1,0,0,8.7,NA,NA,4,1,0,0,NA,NA,NA,5,406,1,1,2,9,81.8,1.8,14,0,0,12.5,0,0,0,2,0,0,25,9,0,0,0,0,0,0,0,0,18,0,0,"CD_I1007124",FALSE,11,"Conor","Nash","home","Hawthorn"
"CD_M20250140305","2025-03-29T08:35:00.000+0000","CONCLUDED","Premiership","Round 3",3,"University of Tasmania Stadium","Hawthorn","Hawthorn","GWS GIANTS","GWS GIANTS",3,"https://s.afl.com.au/staticfile/AFL Tenant/AFL/Players/ChampIDImages/AFL/2025014/1020895.png?im=Scale,width=0.6,height=0.6","RR","CD_I1020895",FALSE,3,"Jai","Newcombe","CD_T80",NA,76,1,0,NA,10,11,21,4,0,2,11,12,23,3,2,0,0,2,71.4,6,2,1,77,2,0,100,13,NA,NA,3,1,0,1,NA,NA,NA,5,290,3,3,6,5,50,0.9,15,0,1,47.8,0,0,0,8,2,2,16,9,1,0,0,0,0,0,0,0,18,0,0,"CD_I1020895",FALSE,3,"Jai","Newcombe","home","Hawthorn"
"CD_M20250140305","2025-03-29T08:35:00.000+0000","CONCLUDED","Premiership","Round 3",3,"University of Tasmania Stadium","Hawthorn","Hawthorn","GWS GIANTS","GWS GIANTS",6,"https://s.afl.com.au/staticfile/AFL Tenant/AFL/Players/ChampIDImages/AFL/2025014/297566.png?im=Scale,width=0.6,height=0.6","BPR","CD_I297566",FALSE,6,"James","Sicily","CD_T80",NA,99,0,0,NA,11,5,16,6,0,1,6,8,14,1,0,1,0,5,81.3,2,1,1,63,5,0,0,8.3,NA,NA,6,9,0,0,NA,NA,NA,2,274,0,1,1,9,81.8,2.2,13,0,3,42.9,0,0,0,4,0,2,10,9,5,0,3,0,0,0,0,0,0,1,1,"CD_I297566",FALSE,6,"James","Sicily","home","Hawthorn"
"CD_M20250140305","2025-03-29T08:35:00.000+0000","CONCLUDED","Premiership","Round 3",3,"University of Tasmania Stadium","Hawthorn","Hawthorn","GWS GIANTS","GWS GIANTS",25,"https://s.afl.com.au/staticfile/AFL Tenant/AFL/Players/ChampIDImages/AFL/2025014/1017110.png?im=Scale,width=0.6,height=0.6","INT","CD_I1017110",FALSE,25,"Josh","Ward","CD_T80",NA,69,0,0,NA,13,9,22,2,0,2,4,20,24,5,0,0,0,0,81.8,0,1,0,72,1,1,0,14.9,NA,NA,2,2,0,0,NA,NA,NA,7,468,0,1,1,9,69.2,1.4,18,0,0,16.7,0,0,0,2,0,0,10,4,0,0,0,0,0,0,0,0,3,0,0,"CD_I1017110",FALSE,25,"Josh","Ward","home","Hawthorn"
"CD_M20250140305","2025-03-29T08:35:00.000+0000","CONCLUDED","Premiership","Round 3",3,"University of Tasmania Stadium","Hawthorn","Hawthorn","GWS GIANTS","GWS GIANTS",34,"https://s.afl.com.au/staticfile/AFL Tenant/AFL/Players/ChampIDImages/AFL/2025014/1023473.png?im=Scale,width=0.6,height=0.6","CHF","CD_I1023473",FALSE,34,"Nick","Watson","CD_T80",NA,76,1,1,NA,10,11,21,2,2,5,11,9,20,5,1,1,0,3,85.7,0,5,0,90,0,1,33.3,21.2,NA,NA,0,5,2,3,NA,NA,NA,9,427,0,0,0,8,80,0.9,18,0,0,55,0,0,0,5,1,2,14,5,2,0,0,0,0,0,0,0,0,0,0,"CD_I1023473",FALSE,34,"Nick","Watson","home","Hawthorn"
"CD_M20250140305","2025-03-29T08:35:00.000+0000","CONCLUDED","Premiership","Round 3",3,"University of Tasmania Stadium","Hawthorn","Hawthorn","GWS GIANTS","GWS GIANTS",23,"https://s.afl.com.au/staticfile/AFL Tenant/AFL/Players/ChampIDImages/AFL/2025014/1027935.png?im=Scale,width=0.6,height=0.6","HBFL","CD_I1027935",FALSE,23,"Josh","Weddle","CD_T80",NA,85,1,0,NA,10,10,20,9,1,0,4,15,19,1,1,2,2,1,90,0,1,0,86,5,0,100,14.3,NA,NA,1,8,0,1,NA,NA,NA,5,238,0,0,0,9,90,1,18,0,5,21.1,0,25,0,1,0,1,8,3,1,8,0,0,0,0,0,0,0,0,0,"CD_I1027935",FALSE,23,"Josh","Weddle","home","Hawthorn"
"CD_M20250140305","2025-03-29T08:35:00.000+0000","CONCLUDED","Premiership","Round 3",3,"University of Tasmania Stadium","Hawthorn","Hawthorn","GWS GIANTS","GWS GIANTS",7,"https://s.afl.com.au/staticfile/AFL Tenant/AFL/Players/ChampIDImages/AFL/2025014/1009253.png?im=Scale,width=0.6,height=0.6","HBFR","CD_I1009253",FALSE,7,"Lachie","Ash","CD_T1010",NA,84,0,0,NA,15,14,29,9,3,0,2,23,25,3,0,0,0,0,79.3,4,0,0,100,8,0,0,10.3,NA,NA,4,5,0,0,NA,NA,NA,4,715,0,0,0,10,66.7,1.1,23,0,1,8,0,0,0,2,0,0,8,5,0,0,0,0,0,0,0,0,0,5,4,"CD_I1009253",FALSE,7,"Lachie","Ash","away","GWS GIANTS"
"CD_M20250140305","2025-03-29T08:35:00.000+0000","CONCLUDED","Premiership","Round 3",3,"University of Tasmania Stadium","Hawthorn","Hawthorn","GWS GIANTS","GWS GIANTS",14,"https://s.afl.com.au/staticfile/AFL Tenant/AFL/Players/ChampIDImages/AFL/2025014/1008139.png?im=Scale,width=0.6,height=0.6","RR","CD_I1008139",FALSE,14,"Toby","Bedford","CD_T1010",NA,79,2,0,NA,6,7,13,0,0,13,6,6,12,2,0,0,0,0,76.9,1,0,0,96,1,0,100,17.6,NA,NA,1,2,4,2,NA,NA,NA,3,145,1,1,2,4,66.7,0.9,10,0,0,50,0,0,0,6,0,0,27,14,0,0,0,0,0,0,0,0,15,0,0,"CD_I1008139",FALSE,14,"Toby","Bedford","away","GWS GIANTS"
"CD_M20250140305","2025-03-29T08:35:00.000+0000","CONCLUDED","Premiership","Round 3",3,"University of Tasmania Stadium","Hawthorn","Hawthorn","GWS GIANTS","GWS GIANTS",32,"https://s.afl.com.au/staticfile/AFL Tenant/AFL/Players/ChampIDImages/AFL/2025014/1008436.png?im=Scale,width=0.6,height=0.6","RK","CD_I1008436",FALSE,32,"Kieren","Briggs","CD_T1010",NA,74,0,0,NA,6,9,15,1,0,6,15,3,18,3,0,1,23,4,60,3,3,1,86,1,1,0,20,NA,NA,1,2,0,1,NA,NA,NA,4,108,4,4,8,1,16.7,0.7,9,0,1,83.3,6,34.3,26.1,5,0,3,14,3,2,67,1,0,0,0,0,0,21,0,0,"CD_I1008436",FALSE,32,"Kieren","Briggs","away","GWS GIANTS"
"CD_M20250140305","2025-03-29T08:35:00.000+0000","CONCLUDED","Premiership","Round 3",3,"University of Tasmania Stadium","Hawthorn","Hawthorn","GWS GIANTS","GWS GIANTS",44,"https://s.afl.com.au/staticfile/AFL Tenant/AFL/Players/ChampIDImages/AFL/2025014/1009708.png?im=Scale,width=0.6,height=0.6","CHB","CD_I1009708",FALSE,44,"Jack","Buckley","CD_T1010",NA,92,0,0,NA,10,4,14,8,0,2,5,8,13,0,0,2,0,6,78.6,2,1,0,71,1,0,0,10.3,NA,NA,3,6,0,0,NA,NA,NA,2,198,0,0,0,7,70,2.5,11,0,2,38.5,0,0,0,2,0,1,6,6,6,0,5,0,0,0,0,0,0,0,0,"CD_I1009708",FALSE,44,"Jack","Buckley","away","GWS GIANTS"
"CD_M20250140305","2025-03-29T08:35:00.000+0000","CONCLUDED","Premiership","Round 3",3,"University of Tasmania Stadium","Hawthorn","Hawthorn","GWS GIANTS","GWS GIANTS",5,"https://s.afl.com.au/staticfile/AFL Tenant/AFL/Players/ChampIDImages/AFL/2025014/1019038.png?im=Scale,width=0.6,height=0.6","FPR","CD_I1019038",FALSE,5,"Aaron","Cadman","CD_T1010",NA,76,1,1,NA,4,3,7,1,0,4,3,3,6,2,0,1,0,2,71.4,1,1,0,45,0,1,50,5.2,NA,NA,1,0,2,2,NA,NA,NA,4,90,0,0,0,3,75,1.3,5,0,0,50,0,0,0,1,0,0,14,6,1,0,0,0,0,2,0,0,0,0,0,"CD_I1019038",FALSE,5,"Aaron","Cadman","away","GWS GIANTS"
"CD_M20250140305","2025-03-29T08:35:00.000+0000","CONCLUDED","Premiership","Round 3",3,"University of Tasmania Stadium","Hawthorn","Hawthorn","GWS GIANTS","GWS GIANTS",17,"https://s.afl.com.au/staticfile/AFL Tenant/AFL/Players/ChampIDImages/AFL/2025014/1023266.png?im=Scale,width=0.6,height=0.6","WL","CD_I1023266",FALSE,17,"Finn","Callaghan","CD_T1010",NA,79,0,1,NA,10,11,21,2,5,1,5,16,21,6,0,1,0,0,61.9,7,0,2,57,5,1,0,12.1,NA,NA,8,3,0,1,NA,NA,NA,5,699,1,1,2,6,60,0.9,13,0,1,23.8,0,0,0,4,0,2,12,9,0,0,0,0,0,0,0,0,17,0,0,"CD_I1023266",FALSE,17,"Finn","Callaghan","away","GWS GIANTS"
"CD_M20250140305","2025-03-29T08:35:00.000+0000","CONCLUDED","Premiership","Round 3",3,"University of Tasmania Stadium","Hawthorn","Hawthorn","GWS GIANTS","GWS GIANTS",3,"https://s.afl.com.au/staticfile/AFL Tenant/AFL/Players/ChampIDImages/AFL/2025014/291969.png?im=Scale,width=0.6,height=0.6","WR","CD_I291969",FALSE,3,"Stephen","Coniglio","CD_T1010",NA,83,0,0,NA,10,5,15,1,0,3,5,10,15,3,0,0,0,1,66.7,6,1,3,47,2,0,0,-0.3,NA,NA,3,3,0,0,NA,NA,NA,1,199,0,1,1,7,70,2,10,0,0,33.3,0,0,0,4,0,0,9,5,0,0,0,0,0,0,0,0,0,0,0,"CD_I291969",FALSE,3,"Stephen","Coniglio","away","GWS GIANTS"
"CD_M20250140305","2025-03-29T08:35:00.000+0000","CONCLUDED","Premiership","Round 3",3,"University of Tasmania Stadium","Hawthorn","Hawthorn","GWS GIANTS","GWS GIANTS",16,"https://s.afl.com.au/staticfile/AFL Tenant/AFL/Players/ChampIDImages/AFL/2025014/1002251.png?im=Scale,width=0.6,height=0.6","HFFR","CD_I1002251",FALSE,16,"Brent","Daniels","CD_T1010",NA,85,0,0,NA,4,11,15,2,0,5,5,9,14,2,0,1,0,0,93.3,0,0,0,60,0,1,0,10,NA,NA,1,0,1,0,NA,NA,NA,2,108,1,1,2,3,75,0.4,14,0,0,35.7,0,0,0,4,2,0,33,15,0,0,0,0,0,0,0,0,5,0,0,"CD_I1002251",FALSE,16,"Brent","Daniels","away","GWS GIANTS"
"CD_M20250140305","2025-03-29T08:35:00.000+0000","CONCLUDED","Premiership","Round 3",3,"University of Tasmania Stadium","Hawthorn","Hawthorn","GWS GIANTS","GWS GIANTS",12,"https://s.afl.com.au/staticfile/AFL Tenant/AFL/Players/ChampIDImages/AFL/2025014/1009528.png?im=Scale,width=0.6,height=0.6","R","CD_I1009528",FALSE,12,"Tom","Green","CD_T1010",NA,85,0,0,NA,9,22,31,1,0,4,16,16,32,2,0,0,0,1,61.3,8,1,0,91,2,0,0,10.8,NA,NA,7,4,0,1,NA,NA,NA,1,281,0,5,5,4,44.4,0.4,19,0,0,50,0,0,0,7,0,1,19,7,1,0,0,0,0,0,0,0,18,0,0,"CD_I1009528",FALSE,12,"Tom","Green","away","GWS GIANTS"
"CD_M20250140305","2025-03-29T08:35:00.000+0000","CONCLUDED","Premiership","Round 3",3,"University of Tasmania Stadium","Hawthorn","Hawthorn","GWS GIANTS","GWS GIANTS",4,"https://s.afl.com.au/staticfile/AFL Tenant/AFL/Players/ChampIDImages/AFL/2025014/295344.png?im=Scale,width=0.6,height=0.6","HFFL","CD_I295344",FALSE,4,"Toby","Greene","CD_T1010",NA,90,2,0,NA,11,8,19,4,0,2,9,10,19,7,2,1,0,0,47.4,7,0,0,81,1,1,66.7,9.3,NA,NA,5,2,2,3,NA,NA,NA,4,320,0,1,1,4,36.4,1.4,9,0,0,47.4,0,0,0,8,4,0,9,1,0,0,0,0,0,1,0,0,4,0,0,"CD_I295344",FALSE,4,"Toby","Greene","away","GWS GIANTS"
"CD_M20250140305","2025-03-29T08:35:00.000+0000","CONCLUDED","Premiership","Round 3",3,"University of Tasmania Stadium","Hawthorn","Hawthorn","GWS GIANTS","GWS GIANTS",27,"https://s.afl.com.au/staticfile/AFL Tenant/AFL/Players/ChampIDImages/AFL/2025014/993107.png?im=Scale,width=0.6,height=0.6","BPR","CD_I993107",FALSE,27,"Harry","Himmelberg","CD_T1010",NA,94,0,0,NA,18,6,24,11,0,2,4,18,22,1,0,0,0,6,91.7,4,2,1,106,7,0,0,7,NA,NA,1,6,0,0,NA,NA,NA,3,483,0,1,1,17,94.4,3,22,0,3,18.2,0,0,0,1,0,2,10,8,5,0,2,2,100,0,0,0,0,3,3,"CD_I993107",FALSE,27,"Harry","Himmelberg","away","GWS GIANTS"
"CD_M20250140305","2025-03-29T08:35:00.000+0000","CONCLUDED","Premiership","Round 3",3,"University of Tasmania Stadium","Hawthorn","Hawthorn","GWS GIANTS","GWS GIANTS",23,"https://s.afl.com.au/staticfile/AFL Tenant/AFL/Players/ChampIDImages/AFL/2025014/296324.png?im=Scale,width=0.6,height=0.6","FF","CD_I296324",FALSE,23,"Jesse","Hogan","CD_T1010",NA,90,4,0,NA,7,4,11,4,0,1,6,6,12,1,3,0,0,1,72.7,2,2,1,68,0,0,66.7,9.4,NA,NA,2,1,0,6,NA,NA,NA,7,175,0,1,1,5,71.4,1.8,8,3,0,50,0,0,0,3,2,1,4,1,0,0,0,0,0,3,1,33.3,0,0,0,"CD_I296324",FALSE,23,"Jesse","Hogan","away","GWS GIANTS"
"CD_M20250140305","2025-03-29T08:35:00.000+0000","CONCLUDED","Premiership","Round 3",3,"University of Tasmania Stadium","Hawthorn","Hawthorn","GWS GIANTS","GWS GIANTS",39,"https://s.afl.com.au/staticfile/AFL Tenant/AFL/Players/ChampIDImages/AFL/2025014/1008083.png?im=Scale,width=0.6,height=0.6","BPL","CD_I1008083",FALSE,39,"Connor","Idun","CD_T1010",NA,84,0,0,NA,9,13,22,8,0,1,7,15,22,2,0,0,0,3,86.4,2,1,0,82,3,0,0,11.9,NA,NA,3,9,0,0,NA,NA,NA,2,274,0,0,0,8,88.9,0.7,19,0,2,31.8,0,0,0,7,0,1,7,7,2,0,1,1,100,0,0,0,0,0,0,"CD_I1008083",FALSE,39,"Connor","Idun","away","GWS GIANTS"
"CD_M20250140305","2025-03-29T08:35:00.000+0000","CONCLUDED","Premiership","Round 3",3,"University of Tasmania Stadium","Hawthorn","Hawthorn","GWS GIANTS","GWS GIANTS",2,"https://s.afl.com.au/staticfile/AFL Tenant/AFL/Players/ChampIDImages/AFL/2025014/1020650.png?im=Scale,width=0.6,height=0.6","FPL","CD_I1020650",FALSE,2,"Darcy","Jones","CD_T1010",NA,77,0,0,NA,5,5,10,2,0,2,5,6,11,1,0,0,0,0,50,3,0,1,36,0,2,0,5.4,NA,NA,3,2,0,0,NA,NA,NA,2,167,0,0,0,2,40,1,5,0,0,45.5,0,0,0,5,1,0,25,15,0,0,0,0,0,0,0,0,0,0,0,"CD_I1020650",FALSE,2,"Darcy","Jones","away","GWS GIANTS"
"CD_M20250140305","2025-03-29T08:35:00.000+0000","CONCLUDED","Premiership","Round 3",3,"University of Tasmania Stadium","Hawthorn","Hawthorn","GWS GIANTS","GWS GIANTS",25,"https://s.afl.com.au/staticfile/AFL Tenant/AFL/Players/ChampIDImages/AFL/2025014/290314.png?im=Scale,width=0.6,height=0.6","INT","CD_I290314",FALSE,25,"Lachlan","Keeffe","CD_T1010",NA,60,0,0,NA,3,5,8,0,0,2,5,3,8,1,0,0,10,1,75,2,2,1,36,0,0,0,6,NA,NA,2,2,0,0,NA,NA,NA,0,103,1,1,2,2,66.7,0.6,6,0,0,62.5,4,47.6,40,3,2,0,7,5,1,21,1,1,100,0,0,0,2,0,0,"CD_I290314",FALSE,25,"Lachlan","Keeffe","away","GWS GIANTS"
"CD_M20250140305","2025-03-29T08:35:00.000+0000","CONCLUDED","Premiership","Round 3",3,"University of Tasmania Stadium","Hawthorn","Hawthorn","GWS GIANTS","GWS GIANTS",22,"https://s.afl.com.au/staticfile/AFL Tenant/AFL/Players/ChampIDImages/AFL/2025014/296347.png?im=Scale,width=0.6,height=0.6","C","CD_I296347",FALSE,22,"Josh","Kelly","CD_T1010",NA,78,0,0,NA,9,14,23,3,0,5,8,14,22,2,0,0,0,3,73.9,5,1,2,79,4,0,0,9.4,NA,NA,6,4,0,0,NA,NA,NA,2,374,1,1,2,5,55.6,0.6,17,0,0,36.4,0,0,0,6,0,0,29,18,3,0,0,0,0,0,0,0,10,0,0,"CD_I296347",FALSE,22,"Josh","Kelly","away","GWS GIANTS"
"CD_M20250140305","2025-03-29T08:35:00.000+0000","CONCLUDED","Premiership","Round 3",3,"University of Tasmania Stadium","Hawthorn","Hawthorn","GWS GIANTS","GWS GIANTS",33,"https://s.afl.com.au/staticfile/AFL Tenant/AFL/Players/ChampIDImages/AFL/2025014/1006135.png?im=Scale,width=0.6,height=0.6","INT","CD_I1006135",FALSE,33,"Xavier","O'Halloran","CD_T1010",NA,70,0,1,NA,2,5,7,1,0,1,4,3,7,1,1,1,0,4,28.6,2,0,0,24,1,0,0,4.7,NA,NA,0,0,1,1,NA,NA,NA,1,145,0,1,1,0,0,0.4,2,0,0,57.1,0,0,0,3,0,0,17,8,1,0,0,0,0,0,0,0,0,0,0,"CD_I1006135",FALSE,33,"Xavier","O'Halloran","away","GWS GIANTS"
"CD_M20250140305","2025-03-29T08:35:00.000+0000","CONCLUDED","Premiership","Round 3",3,"University of Tasmania Stadium","Hawthorn","Hawthorn","GWS GIANTS","GWS GIANTS",18,"https://s.afl.com.au/staticfile/AFL Tenant/AFL/Players/ChampIDImages/AFL/2025014/1015862.png?im=Scale,width=0.6,height=0.6","INT","CD_I1015862",FALSE,18,"Conor","Stone","CD_T1010",NA,68,0,0,NA,9,9,18,7,0,1,2,16,18,1,0,0,0,2,72.2,6,1,1,68,5,0,0,0.6,NA,NA,5,1,0,0,NA,NA,NA,2,202,0,0,0,7,77.8,1,13,0,0,11.1,0,0,0,1,0,0,9,6,2,0,0,0,0,0,0,0,0,0,0,"CD_I1015862",FALSE,18,"Conor","Stone","away","GWS GIANTS"
"CD_M20250140305","2025-03-29T08:35:00.000+0000","CONCLUDED","Premiership","Round 3",3,"University of Tasmania Stadium","Hawthorn","Hawthorn","GWS GIANTS","GWS GIANTS",20,"https://s.afl.com.au/staticfile/AFL Tenant/AFL/Players/ChampIDImages/AFL/2025014/293884.png?im=Scale,width=0.6,height=0.6","CHF","CD_I293884",FALSE,20,"Jake","Stringer","CD_T1010",NA,84,0,3,NA,8,6,14,1,0,3,6,8,14,1,0,0,0,0,42.9,1,0,0,54,0,0,0,7.4,NA,NA,1,1,2,3,NA,NA,NA,7,291,0,2,2,2,25,1.3,6,0,0,42.9,0,0,0,6,4,1,13,4,0,0,0,0,0,1,0,0,0,0,0,"CD_I293884",FALSE,20,"Jake","Stringer","away","GWS GIANTS"
"CD_M20250140305","2025-03-29T08:35:00.000+0000","CONCLUDED","Premiership","Round 3",3,"University of Tasmania Stadium","Hawthorn","Hawthorn","GWS GIANTS","GWS GIANTS",15,"https://s.afl.com.au/staticfile/AFL Tenant/AFL/Players/ChampIDImages/AFL/2025014/1005247.png?im=Scale,width=0.6,height=0.6","FB","CD_I1005247",FALSE,15,"Sam","Taylor","CD_T1010",NA,100,0,0,NA,9,7,16,7,0,1,10,4,14,2,0,5,0,6,81.3,5,0,2,60,4,0,0,14.1,NA,NA,4,10,0,0,NA,NA,NA,1,221,0,1,1,7,77.8,1.3,13,0,6,71.4,0,0,0,5,0,1,14,12,6,0,1,0,0,0,0,0,0,0,0,"CD_I1005247",FALSE,15,"Sam","Taylor","away","GWS GIANTS"
"CD_M20250140305","2025-03-29T08:35:00.000+0000","CONCLUDED","Premiership","Round 3",3,"University of Tasmania Stadium","Hawthorn","Hawthorn","GWS GIANTS","GWS GIANTS",8,"https://s.afl.com.au/staticfile/AFL Tenant/AFL/Players/ChampIDImages/AFL/2025014/280109.png?im=Scale,width=0.6,height=0.6","INT","CD_I280109",FALSE,8,"Callan","Ward","CD_T1010",NA,67,0,0,NA,1,3,4,1,0,1,3,3,6,0,0,0,0,0,100,1,0,1,13,0,0,0,3.3,NA,NA,1,1,0,0,NA,NA,NA,0,54,0,1,1,1,100,0.3,4,0,0,50,0,0,0,2,1,0,9,4,0,0,0,0,0,0,0,0,0,0,0,"CD_I280109",FALSE,8,"Callan","Ward","away","GWS GIANTS"
"CD_M20250140305","2025-03-29T08:35:00.000+0000","CONCLUDED","Premiership","Round 3",3,"University of Tasmania Stadium","Hawthorn","Hawthorn","GWS GIANTS","GWS GIANTS",10,"https://s.afl.com.au/staticfile/AFL Tenant/AFL/Players/ChampIDImages/AFL/2025014/1004530.png?im=Scale,width=0.6,height=0.6","SUB","CD_I1004530",FALSE,10,"Jacob","Wehr","CD_T1010",NA,22,0,0,NA,4,1,5,1,0,1,2,2,4,0,0,0,0,1,60,1,0,0,21,3,0,0,2.8,NA,NA,2,2,0,0,NA,NA,NA,0,130,0,1,1,2,50,4,3,0,1,50,0,0,0,2,0,0,2,2,1,0,0,0,0,0,0,0,0,0,0,"CD_I1004530",FALSE,10,"Jacob","Wehr","away","GWS GIANTS"
"CD_M20250140305","2025-03-29T08:35:00.000+0000","CONCLUDED","Premiership","Round 3",3,"University of Tasmania Stadium","Hawthorn","Hawthorn","GWS GIANTS","GWS GIANTS",6,"https://s.afl.com.au/staticfile/AFL Tenant/AFL/Players/ChampIDImages/AFL/2025014/294305.png?im=Scale,width=0.6,height=0.6","HBFL","CD_I294305",FALSE,6,"Lachie","Whitfield","CD_T1010",NA,78,0,1,NA,25,9,34,7,1,2,4,23,27,4,0,0,0,2,64.7,5,0,1,120,3,1,0,7.9,NA,NA,9,4,0,1,NA,NA,NA,4,666,0,0,0,16,64,2.8,22,0,2,14.8,0,0,0,4,2,4,19,13,0,0,0,0,0,0,0,0,0,8,7,"CD_I294305",FALSE,6,"Lachie","Whitfield","away","GWS GIANTS"
"CD_M20250140308","2025-03-29T08:35:00.000+0000","CONCLUDED","Premiership","Round 3",3,"Gabba","Brisbane Lions","Brisbane Lions","Geelong Cats","Geelong Cats",4,"https://s.afl.com.au/staticfile/AFL Tenant/AFL/Players/ChampIDImages/AFL/2025014/298437.png?im=Scale,width=0.6,height=0.6","WL","CD_I298437",FALSE,4,"Callum","Ah Chee","CD_T20",NA,78,0,0,NA,5,6,11,5,0,2,4,9,13,1,0,0,0,2,90.9,1,0,0,50,1,1,0,3,NA,NA,0,1,0,1,NA,NA,NA,2,114,0,0,0,4,80,0.8,10,0,1,30.8,0,0,0,3,2,0,12,3,1,0,0,0,0,0,0,0,0,0,0,"CD_I298437",FALSE,4,"Callum","Ah Chee","home","Brisbane Lions"
"CD_M20250140308","2025-03-29T08:35:00.000+0000","CONCLUDED","Premiership","Round 3",3,"Gabba","Brisbane Lions","Brisbane Lions","Geelong Cats","Geelong Cats",31,"https://s.afl.com.au/staticfile/AFL Tenant/AFL/Players/ChampIDImages/AFL/2025014/996059.png?im=Scale,width=0.6,height=0.6","CHB","CD_I996059",FALSE,31,"Harris","Andrews","CD_T20",NA,96,0,0,NA,9,3,12,8,0,3,6,6,12,1,0,2,0,14,91.7,1,1,0,70,8,1,0,19.6,NA,NA,0,9,0,0,NA,NA,NA,4,142,0,0,0,8,88.9,3,11,0,5,50,0,0,0,3,0,3,7,7,11,0,6,1,16.7,0,0,0,0,2,1,"CD_I996059",FALSE,31,"Harris","Andrews","home","Brisbane Lions"
"CD_M20250140308","2025-03-29T08:35:00.000+0000","CONCLUDED","Premiership","Round 3",3,"Gabba","Brisbane Lions","Brisbane Lions","Geelong Cats","Geelong Cats",43,"https://s.afl.com.au/staticfile/AFL Tenant/AFL/Players/ChampIDImages/AFL/2025014/1005053.png?im=Scale,width=0.6,height=0.6","HBFL","CD_I1005053",FALSE,43,"Noah","Answerth","CD_T20",NA,78,0,1,NA,12,5,17,5,0,1,2,14,16,2,0,0,0,6,64.7,3,1,0,67,2,0,0,3.8,NA,NA,3,4,0,1,NA,NA,NA,4,229,0,0,0,7,58.3,2.4,11,0,1,12.5,0,0,0,2,0,0,10,7,4,0,3,0,0,0,0,0,0,0,0,"CD_I1005053",FALSE,43,"Noah","Answerth","home","Brisbane Lions"
"CD_M20250140308","2025-03-29T08:35:00.000+0000","CONCLUDED","Premiership","Round 3",3,"Gabba","Brisbane Lions","Brisbane Lions","Geelong Cats","Geelong Cats",10,"https://s.afl.com.au/staticfile/AFL Tenant/AFL/Players/ChampIDImages/AFL/2025014/1028560.png?im=Scale,width=0.6,height=0.6","INT","CD_I1028560",FALSE,10,"Levi","Ashcroft","CD_T20",NA,79,1,0,NA,9,3,12,5,0,1,1,10,11,1,0,0,0,0,50,3,0,0,58,3,0,100,3.3,NA,NA,2,1,1,1,NA,NA,NA,3,247,0,0,0,3,33.3,3,6,0,0,9.1,0,0,0,1,1,0,12,8,0,0,1,1,100,0,0,0,0,0,0,"CD_I1028560",FALSE,10,"Levi","Ashcroft","home","Brisbane Lions"
"CD_M20250140308","2025-03-29T08:35:00.000+0000","CONCLUDED","Premiership","Round 3",3,"Gabba","Brisbane Lions","Brisbane Lions","Geelong Cats","Geelong Cats",8,"https://s.afl.com.au/staticfile/AFL Tenant/AFL/Players/ChampIDImages/AFL/2025014/1023517.png?im=Scale,width=0.6,height=0.6","INT","CD_I1023517",FALSE,8,"Will","Ashcroft","CD_T20",NA,85,1,0,NA,11,22,33,6,1,3,15,18,33,4,0,0,0,0,72.7,3,2,0,115,2,1,100,13.7,NA,NA,1,2,1,1,NA,NA,NA,8,151,3,2,5,7,63.6,0.5,24,0,0,45.5,0,0,0,11,1,0,16,6,0,0,0,0,0,0,0,0,17,0,0,"CD_I1023517",FALSE,8,"Will","Ashcroft","home","Brisbane Lions"
"CD_M20250140308","2025-03-29T08:35:00.000+0000","CONCLUDED","Premiership","Round 3",3,"Gabba","Brisbane Lions","Brisbane Lions","Geelong Cats","Geelong Cats",33,"https://s.afl.com.au/staticfile/AFL Tenant/AFL/Players/ChampIDImages/AFL/2025014/1002312.png?im=Scale,width=0.6,height=0.6","C","CD_I1002312",FALSE,33,"Zac","Bailey","CD_T20",NA,82,1,2,NA,11,8,19,3,3,6,11,9,20,3,2,0,0,0,63.2,4,1,1,88,2,1,33.3,13.7,NA,NA,3,2,2,3,NA,NA,NA,5,402,0,2,2,6,54.5,1.4,12,0,0,55,0,0,0,9,2,0,13,3,0,0,0,0,0,0,0,0,1,0,0,"CD_I1002312",FALSE,33,"Zac","Bailey","home","Brisbane Lions"
"CD_M20250140308","2025-03-29T08:35:00.000+0000","CONCLUDED","Premiership","Round 3",3,"Gabba","Brisbane Lions","Brisbane Lions","Geelong Cats","Geelong Cats",7,"https://s.afl.com.au/staticfile/AFL Tenant/AFL/Players/ChampIDImages/AFL/2025014/998133.png?im=Scale,width=0.6,height=0.6","WR","CD_I998133",FALSE,7,"Jarrod","Berry","CD_T20",NA,71,1,0,NA,12,5,17,4,0,3,6,11,17,5,1,0,0,2,52.9,3,2,1,75,1,0,50,6.7,NA,NA,3,1,0,2,NA,NA,NA,2,365,0,0,0,5,41.7,2.4,9,0,0,35.3,0,0,0,3,1,0,11,4,2,0,0,0,0,0,0,0,0,0,0,"CD_I998133",FALSE,7,"Jarrod","Berry","home","Brisbane Lions"
"CD_M20250140308","2025-03-29T08:35:00.000+0000","CONCLUDED","Premiership","Round 3",3,"Gabba","Brisbane Lions","Brisbane Lions","Geelong Cats","Geelong Cats",23,"https://s.afl.com.au/staticfile/AFL Tenant/AFL/Players/ChampIDImages/AFL/2025014/990609.png?im=Scale,width=0.6,height=0.6","HFFL","CD_I990609",FALSE,23,"Charlie","Cameron","CD_T20",NA,87,1,0,NA,6,1,7,1,1,4,4,3,7,3,1,0,0,2,57.1,1,0,0,45,0,1,50,11.5,NA,NA,3,0,2,2,NA,NA,NA,2,143,0,0,0,3,50,6,4,1,0,57.1,0,0,0,3,1,0,13,5,1,0,0,0,0,2,1,50,0,0,0,"CD_I990609",FALSE,23,"Charlie","Cameron","home","Brisbane Lions"
"CD_M20250140308","2025-03-29T08:35:00.000+0000","CONCLUDED","Premiership","Round 3",3,"Gabba","Brisbane Lions","Brisbane Lions","Geelong Cats","Geelong Cats",14,"https://s.afl.com.au/staticfile/AFL Tenant/AFL/Players/ChampIDImages/AFL/2025014/291753.png?im=Scale,width=0.6,height=0.6","FF","CD_I291753",FALSE,14,"Sam","Day","CD_T20",NA,74,0,0,NA,4,2,6,3,0,4,3,3,6,1,0,0,9,0,66.7,3,0,3,41,1,0,0,2.3,NA,NA,1,0,1,0,NA,NA,NA,1,77,0,1,1,2,50,2,4,2,0,50,1,39.1,11.1,3,0,0,10,1,0,23,0,0,0,0,0,0,2,0,0,"CD_I291753",FALSE,14,"Sam","Day","home","Brisbane Lions"
"CD_M20250140308","2025-03-29T08:35:00.000+0000","CONCLUDED","Premiership","Round 3",3,"Gabba","Brisbane Lions","Brisbane Lions","Geelong Cats","Geelong Cats",5,"https://s.afl.com.au/staticfile/AFL Tenant/AFL/Players/ChampIDImages/AFL/2025014/993834.png?im=Scale,width=0.6,height=0.6","RR","CD_I993834",FALSE,5,"Josh","Dunkley","CD_T20",NA,81,0,1,NA,21,5,26,4,0,6,11,15,26,6,0,0,0,3,42.3,5,3,1,110,1,0,0,14.7,NA,NA,8,3,2,1,NA,NA,NA,3,560,2,7,9,7,33.3,4.2,11,0,1,42.3,0,0,0,8,2,2,22,7,1,0,0,0,0,0,0,0,20,0,0,"CD_I993834",FALSE,5,"Josh","Dunkley","home","Brisbane Lions"
"CD_M20250140308","2025-03-29T08:35:00.000+0000","CONCLUDED","Premiership","Round 3",3,"Gabba","Brisbane Lions","Brisbane Lions","Geelong Cats","Geelong Cats",3,"https://s.afl.com.au/staticfile/AFL Tenant/AFL/Players/ChampIDImages/AFL/2025014/1023708.png?im=Scale,width=0.6,height=0.6","INT","CD_I1023708",FALSE,3,"Jaspa","Fletcher","CD_T20",NA,74,0,0,NA,8,5,13,3,0,1,6,7,13,2,0,0,0,2,53.8,2,0,0,47,1,0,0,5.4,NA,NA,3,2,0,0,NA,NA,NA,3,177,0,2,2,3,37.5,1.6,7,0,0,46.2,0,0,0,4,0,1,8,6,0,0,1,0,0,0,0,0,0,0,0,"CD_I1023708",FALSE,3,"Jaspa","Fletcher","home","Brisbane Lions"
"CD_M20250140308","2025-03-29T08:35:00.000+0000","CONCLUDED","Premiership","Round 3",3,"Gabba","Brisbane Lions","Brisbane Lions","Geelong Cats","Geelong Cats",32,"https://s.afl.com.au/staticfile/AFL Tenant/AFL/Players/ChampIDImages/AFL/2025014/298211.png?im=Scale,width=0.6,height=0.6","RK","CD_I298211",FALSE,32,"Darcy","Fort","CD_T20",NA,82,0,1,NA,8,2,10,0,0,3,7,2,9,2,0,0,39,1,50,4,3,2,77,1,0,0,3.1,NA,NA,0,1,0,1,NA,NA,NA,4,134,1,3,4,3,37.5,4,5,0,0,77.8,9,46.4,23.1,2,0,4,15,8,1,84,0,0,0,2,0,0,21,0,0,"CD_I298211",FALSE,32,"Darcy","Fort","home","Brisbane Lions"
"CD_M20250140308","2025-03-29T08:35:00.000+0000","CONCLUDED","Premiership","Round 3",3,"Gabba","Brisbane Lions","Brisbane Lions","Geelong Cats","Geelong Cats",30,"https://s.afl.com.au/staticfile/AFL Tenant/AFL/Players/ChampIDImages/AFL/2025014/993953.png?im=Scale,width=0.6,height=0.6","CHF","CD_I993953",FALSE,30,"Eric","Hipwood","CD_T20",NA,82,1,0,NA,6,2,8,4,0,3,3,4,7,2,0,1,0,2,37.5,6,0,1,49,0,0,100,2.9,NA,NA,5,1,2,1,NA,NA,NA,2,139,0,0,0,3,50,3,3,1,0,42.9,0,0,0,2,0,0,9,3,1,2,0,0,0,0,0,0,0,0,0,"CD_I993953",FALSE,30,"Eric","Hipwood","home","Brisbane Lions"
"CD_M20250140308","2025-03-29T08:35:00.000+0000","CONCLUDED","Premiership","Round 3",3,"Gabba","Brisbane Lions","Brisbane Lions","Geelong Cats","Geelong Cats",35,"https://s.afl.com.au/staticfile/AFL Tenant/AFL/Players/ChampIDImages/AFL/2025014/291548.png?im=Scale,width=0.6,height=0.6","BPR","CD_I291548",FALSE,35,"Ryan","Lester","CD_T20",NA,97,0,0,NA,13,2,15,6,0,1,7,9,16,0,0,0,0,1,60,2,0,1,62,3,0,0,7.6,NA,NA,1,4,0,0,NA,NA,NA,2,261,0,2,2,7,53.8,6.5,9,1,0,43.8,0,0,0,7,0,1,9,8,1,0,1,0,0,0,0,0,0,1,0,"CD_I291548",FALSE,35,"Ryan","Lester","home","Brisbane Lions"
"CD_M20250140308","2025-03-29T08:35:00.000+0000","CONCLUDED","Premiership","Round 3",3,"Gabba","Brisbane Lions","Brisbane Lions","Geelong Cats","Geelong Cats",1,"https://s.afl.com.au/staticfile/AFL Tenant/AFL/Players/ChampIDImages/AFL/2025014/1014026.png?im=Scale,width=0.6,height=0.6","INT","CD_I1014026",FALSE,1,"Kai","Lohmann","CD_T20",NA,54,0,0,NA,3,1,4,1,0,0,3,2,5,2,0,0,0,1,25,1,0,0,14,0,0,0,2.2,NA,NA,2,1,0,1,NA,NA,NA,0,67,1,0,1,0,0,3,1,0,0,60,0,0,0,2,1,0,5,0,0,0,0,0,0,1,0,0,0,0,0,"CD_I1014026",FALSE,1,"Kai","Lohmann","home","Brisbane Lions"
"CD_M20250140308","2025-03-29T08:35:00.000+0000","CONCLUDED","Premiership","Round 3",3,"Gabba","Brisbane Lions","Brisbane Lions","Geelong Cats","Geelong Cats",6,"https://s.afl.com.au/staticfile/AFL Tenant/AFL/Players/ChampIDImages/AFL/2025014/1000978.png?im=Scale,width=0.6,height=0.6","HFFR","CD_I1000978",FALSE,6,"Hugh","McCluggage","CD_T20",NA,80,0,0,NA,17,13,30,4,0,8,17,14,31,7,0,0,0,1,73.3,7,6,2,121,0,1,0,20.5,NA,NA,6,7,2,2,NA,NA,NA,8,517,2,4,6,10,58.8,1.3,22,1,0,54.8,0,0,0,10,2,3,25,6,1,0,1,0,0,0,0,0,15,0,0,"CD_I1000978",FALSE,6,"Hugh","McCluggage","home","Brisbane Lions"
"CD_M20250140308","2025-03-29T08:35:00.000+0000","CONCLUDED","Premiership","Round 3",3,"Gabba","Brisbane Lions","Brisbane Lions","Geelong Cats","Geelong Cats",13,"https://s.afl.com.au/staticfile/AFL Tenant/AFL/Players/ChampIDImages/AFL/2025014/1028019.png?im=Scale,width=0.6,height=0.6","FPR","CD_I1028019",FALSE,13,"Logan","Morris","CD_T20",NA,75,1,0,NA,4,6,10,2,0,5,4,6,10,1,1,0,0,1,60,2,1,0,57,0,0,100,4,NA,NA,1,0,1,1,NA,NA,NA,3,43,0,0,0,3,75,0.7,6,0,0,40,0,0,0,3,1,0,13,4,1,0,0,0,0,5,0,0,0,0,0,"CD_I1028019",FALSE,13,"Logan","Morris","home","Brisbane Lions"
"CD_M20250140308","2025-03-29T08:35:00.000+0000","CONCLUDED","Premiership","Round 3",3,"Gabba","Brisbane Lions","Brisbane Lions","Geelong Cats","Geelong Cats",9,"https://s.afl.com.au/staticfile/AFL Tenant/AFL/Players/ChampIDImages/AFL/2025014/293535.png?im=Scale,width=0.6,height=0.6","R","CD_I293535",FALSE,9,"Lachie","Neale","CD_T20",NA,84,0,1,NA,15,5,20,3,0,6,6,10,16,5,1,0,0,1,45,3,2,0,91,0,0,0,9,NA,NA,7,3,2,1,NA,NA,NA,5,430,0,4,4,4,26.7,3,9,0,0,37.5,0,0,0,4,0,1,19,8,0,0,0,0,0,0,0,0,13,0,0,"CD_I293535",FALSE,9,"Lachie","Neale","home","Brisbane Lions"
"CD_M20250140308","2025-03-29T08:35:00.000+0000","CONCLUDED","Premiership","Round 3",3,"Gabba","Brisbane Lions","Brisbane Lions","Geelong Cats","Geelong Cats",40,"https://s.afl.com.au/staticfile/AFL Tenant/AFL/Players/ChampIDImages/AFL/2025014/1002347.png?im=Scale,width=0.6,height=0.6","FB","CD_I1002347",FALSE,40,"Jack","Payne","CD_T20",NA,94,0,0,NA,11,0,11,7,0,1,3,8,11,3,0,1,0,7,81.8,1,0,1,55,2,0,0,11,NA,NA,3,8,0,0,NA,NA,NA,3,284,0,0,0,9,81.8,11,9,0,6,27.3,0,0,0,2,0,2,5,3,7,0,4,0,0,0,0,0,0,0,0,"CD_I1002347",FALSE,40,"Jack","Payne","home","Brisbane Lions"
"CD_M20250140308","2025-03-29T08:35:00.000+0000","CONCLUDED","Premiership","Round 3",3,"Gabba","Brisbane Lions","Brisbane Lions","Geelong Cats","Geelong Cats",16,"https://s.afl.com.au/staticfile/AFL Tenant/AFL/Players/ChampIDImages/AFL/2025014/1002235.png?im=Scale,width=0.6,height=0.6","FPL","CD_I1002235",FALSE,16,"Cam","Rayner","CD_T20",NA,73,1,1,NA,10,5,15,3,0,1,10,6,16,8,0,0,0,0,66.7,5,2,2,56,0,0,50,10.9,NA,NA,3,0,0,2,NA,NA,NA,4,497,0,3,3,7,70,2,10,0,0,62.5,0,0,0,7,1,0,8,4,0,0,0,0,0,1,0,0,3,0,0,"CD_I1002235",FALSE,16,"Cam","Rayner","home","Brisbane Lions"
"CD_M20250140308","2025-03-29T08:35:00.000+0000","CONCLUDED","Premiership","Round 3",3,"Gabba","Brisbane Lions","Brisbane Lions","Geelong Cats","Geelong Cats",38,"https://s.afl.com.au/staticfile/AFL Tenant/AFL/Players/ChampIDImages/AFL/2025014/1009317.png?im=Scale,width=0.6,height=0.6","SUB","CD_I1009317",FALSE,38,"Bruce","Reville","CD_T20",NA,32,1,0,NA,5,2,7,2,2,1,2,5,7,2,0,0,0,1,85.7,0,0,0,35,1,1,100,10.1,NA,NA,0,1,0,1,NA,NA,NA,3,153,0,0,0,5,100,2.5,6,0,0,28.6,0,0,0,2,0,0,5,2,1,0,0,0,0,0,0,0,0,0,0,"CD_I1009317",FALSE,38,"Bruce","Reville","home","Brisbane Lions"
"CD_M20250140308","2025-03-29T08:35:00.000+0000","CONCLUDED","Premiership","Round 3",3,"Gabba","Brisbane Lions","Brisbane Lions","Geelong Cats","Geelong Cats",44,"https://s.afl.com.au/staticfile/AFL Tenant/AFL/Players/ChampIDImages/AFL/2025014/1017067.png?im=Scale,width=0.6,height=0.6","HBFR","CD_I1017067",FALSE,44,"Darcy","Wilmot","CD_T20",NA,75,0,0,NA,9,7,16,7,0,2,7,9,16,1,0,0,0,2,87.5,2,0,0,70,1,0,0,11.7,NA,NA,2,8,0,0,NA,NA,NA,4,135,1,0,1,8,88.9,1.3,14,0,2,43.8,0,0,0,7,0,0,8,5,1,0,0,0,0,0,0,0,0,0,0,"CD_I1017067",FALSE,44,"Darcy","Wilmot","home","Brisbane Lions"
"CD_M20250140308","2025-03-29T08:35:00.000+0000","CONCLUDED","Premiership","Round 3",3,"Gabba","Brisbane Lions","Brisbane Lions","Geelong Cats","Geelong Cats",15,"https://s.afl.com.au/staticfile/AFL Tenant/AFL/Players/ChampIDImages/AFL/2025014/261224.png?im=Scale,width=0.6,height=0.6","BPL","CD_I261224",FALSE,15,"Dayne","Zorko","CD_T20",NA,86,1,0,NA,23,5,28,7,1,4,13,14,27,5,1,0,0,5,60.7,7,0,1,119,8,0,50,20.2,NA,NA,7,9,0,2,NA,NA,NA,5,834,1,4,5,15,65.2,4.6,17,0,2,48.1,0,0,0,10,1,2,11,5,2,0,0,0,0,0,0,0,0,4,4,"CD_I261224",FALSE,15,"Dayne","Zorko","home","Brisbane Lions"
"CD_M20250140308","2025-03-29T08:35:00.000+0000","CONCLUDED","Premiership","Round 3",3,"Gabba","Brisbane Lions","Brisbane Lions","Geelong Cats","Geelong Cats",30,"https://s.afl.com.au/staticfile/AFL Tenant/AFL/Players/ChampIDImages/AFL/2025014/994386.png?im=Scale,width=0.6,height=0.6","R","CD_I994386",FALSE,30,"Tom","Atkins","CD_T70",NA,84,0,0,NA,6,8,14,1,0,14,12,4,16,1,0,0,0,3,85.7,3,1,2,88,2,0,0,16.7,NA,NA,1,1,4,0,NA,NA,NA,4,154,1,6,7,4,66.7,0.8,12,0,0,75,0,0,0,8,1,3,36,14,1,0,0,0,0,0,0,0,18,0,0,"CD_I994386",FALSE,30,"Tom","Atkins","away","Geelong Cats"
"CD_M20250140308","2025-03-29T08:35:00.000+0000","CONCLUDED","Premiership","Round 3",3,"Gabba","Brisbane Lions","Brisbane Lions","Geelong Cats","Geelong Cats",46,"https://s.afl.com.au/staticfile/AFL Tenant/AFL/Players/ChampIDImages/AFL/2025014/296733.png?im=Scale,width=0.6,height=0.6","BPR","CD_I296733",FALSE,46,"Mark","Blicavs","CD_T70",NA,79,1,1,NA,8,4,12,2,0,5,10,4,14,1,0,1,16,0,75,2,2,2,77,2,0,50,11.7,NA,NA,2,2,1,2,NA,NA,NA,3,201,1,4,5,7,87.5,2,9,0,1,71.4,4,39,25,5,2,1,11,8,0,41,0,0,0,1,1,100,6,0,0,"CD_I296733",FALSE,46,"Mark","Blicavs","away","Geelong Cats"
"CD_M20250140308","2025-03-29T08:35:00.000+0000","CONCLUDED","Premiership","Round 3",3,"Gabba","Brisbane Lions","Brisbane Lions","Geelong Cats","Geelong Cats",12,"https://s.afl.com.au/staticfile/AFL Tenant/AFL/Players/ChampIDImages/AFL/2025014/998260.png?im=Scale,width=0.6,height=0.6","INT","CD_I998260",FALSE,12,"Jack","Bowes","CD_T70",NA,73,0,0,NA,16,3,19,1,1,3,9,9,18,5,0,0,0,2,57.9,5,1,2,64,7,1,0,8,NA,NA,4,5,1,0,NA,NA,NA,3,533,0,5,5,9,56.3,5.3,11,0,0,50,0,0,0,6,0,2,10,5,1,0,0,0,0,0,0,0,8,0,0,"CD_I998260",FALSE,12,"Jack","Bowes","away","Geelong Cats"
"CD_M20250140308","2025-03-29T08:35:00.000+0000","CONCLUDED","Premiership","Round 3",3,"Gabba","Brisbane Lions","Brisbane Lions","Geelong Cats","Geelong Cats",5,"https://s.afl.com.au/staticfile/AFL Tenant/AFL/Players/ChampIDImages/AFL/2025014/293845.png?im=Scale,width=0.6,height=0.6","FF","CD_I293845",FALSE,5,"Jeremy","Cameron","CD_T70",NA,92,1,0,NA,8,0,8,4,0,0,1,8,9,5,1,1,0,1,50,2,0,1,39,0,1,100,3.2,NA,NA,3,0,0,1,NA,NA,NA,4,262,0,0,0,4,50,8,4,1,0,11.1,0,0,0,0,0,0,5,0,0,0,0,0,0,0,0,0,0,0,0,"CD_I293845",FALSE,5,"Jeremy","Cameron","away","Geelong Cats"
"CD_M20250140308","2025-03-29T08:35:00.000+0000","CONCLUDED","Premiership","Round 3",3,"Gabba","Brisbane Lions","Brisbane Lions","Geelong Cats","Geelong Cats",13,"https://s.afl.com.au/staticfile/AFL Tenant/AFL/Players/ChampIDImages/AFL/2025014/1023537.png?im=Scale,width=0.6,height=0.6","INT","CD_I1023537",FALSE,13,"Jhye","Clark","CD_T70",NA,65,1,0,NA,7,5,12,3,0,4,4,8,12,1,1,0,0,1,33.3,5,0,0,62,0,0,100,4.5,NA,NA,4,2,0,1,NA,NA,NA,2,231,1,1,2,3,42.9,1.4,4,1,0,33.3,0,0,0,4,0,0,17,6,0,0,0,0,0,0,0,0,1,0,0,"CD_I1023537",FALSE,13,"Jhye","Clark","away","Geelong Cats"
"CD_M20250140308","2025-03-29T08:35:00.000+0000","CONCLUDED","Premiership","Round 3",3,"Gabba","Brisbane Lions","Brisbane Lions","Geelong Cats","Geelong Cats",40,"https://s.afl.com.au/staticfile/AFL Tenant/AFL/Players/ChampIDImages/AFL/2025014/1023542.png?im=Scale,width=0.6,height=0.6","INT","CD_I1023542",FALSE,40,"Ted","Clohesy","CD_T70",NA,67,0,0,NA,8,5,13,2,0,3,10,3,13,1,0,1,0,0,61.5,6,1,3,44,2,0,0,7.7,NA,NA,5,3,1,0,NA,NA,NA,1,221,0,2,2,4,50,1.6,8,0,0,76.9,0,0,0,8,2,1,8,3,0,0,0,0,0,1,0,0,1,0,0,"CD_I1023542",FALSE,40,"Ted","Clohesy","away","Geelong Cats"
"CD_M20250140308","2025-03-29T08:35:00.000+0000","CONCLUDED","Premiership","Round 3",3,"Gabba","Brisbane Lions","Brisbane Lions","Geelong Cats","Geelong Cats",45,"https://s.afl.com.au/staticfile/AFL Tenant/AFL/Players/ChampIDImages/AFL/2025014/999326.png?im=Scale,width=0.6,height=0.6","WL","CD_I999326",FALSE,45,"Brad","Close","CD_T70",NA,78,1,0,NA,8,2,10,3,0,4,4,6,10,2,1,1,0,1,50,3,3,1,59,0,0,100,5.9,NA,NA,3,0,2,1,NA,NA,NA,3,113,0,1,1,4,50,4,5,1,0,40,0,0,0,0,0,0,13,4,1,0,0,0,0,0,0,0,0,0,0,"CD_I999326",FALSE,45,"Brad","Close","away","Geelong Cats"
"CD_M20250140308","2025-03-29T08:35:00.000+0000","CONCLUDED","Premiership","Round 3",3,"Gabba","Brisbane Lions","Brisbane Lions","Geelong Cats","Geelong Cats",35,"https://s.afl.com.au/staticfile/AFL Tenant/AFL/Players/ChampIDImages/AFL/2025014/270917.png?im=Scale,width=0.6,height=0.6","C","CD_I270917",FALSE,35,"Patrick","Dangerfield","CD_T70",NA,75,2,1,NA,13,3,16,4,0,5,8,6,14,4,3,1,0,2,56.3,6,0,2,84,0,0,66.7,10.6,NA,NA,5,2,0,3,NA,NA,NA,4,442,2,2,4,6,46.2,4.3,9,1,0,57.1,0,0,0,7,0,1,10,5,2,0,0,0,0,4,1,25,15,0,0,"CD_I270917",FALSE,35,"Patrick","Dangerfield","away","Geelong Cats"
"CD_M20250140308","2025-03-29T08:35:00.000+0000","CONCLUDED","Premiership","Round 3",3,"Gabba","Brisbane Lions","Brisbane Lions","Geelong Cats","Geelong Cats",16,"https://s.afl.com.au/staticfile/AFL Tenant/AFL/Players/ChampIDImages/AFL/2025014/1009229.png?im=Scale,width=0.6,height=0.6","RK","CD_I1009229",FALSE,16,"Sam","De Koning","CD_T70",NA,68,0,0,NA,9,7,16,2,0,0,10,6,16,2,0,0,20,2,68.8,6,2,1,66,4,0,0,3.1,NA,NA,4,3,0,0,NA,NA,NA,0,307,2,2,4,5,55.6,1.3,11,0,1,62.5,2,37.7,10,7,0,0,6,5,2,53,2,0,0,0,0,0,17,0,0,"CD_I1009229",FALSE,16,"Sam","De Koning","away","Geelong Cats"
"CD_M20250140308","2025-03-29T08:35:00.000+0000","CONCLUDED","Premiership","Round 3",3,"Gabba","Brisbane Lions","Brisbane Lions","Geelong Cats","Geelong Cats",28,"https://s.afl.com.au/staticfile/AFL Tenant/AFL/Players/ChampIDImages/AFL/2025014/1025034.png?im=Scale,width=0.6,height=0.6","WR","CD_I1025034",FALSE,28,"Oliver","Dempsey","CD_T70",NA,81,1,1,NA,7,4,11,2,1,1,6,5,11,0,2,0,0,1,54.5,1,0,0,46,1,1,33.3,7.5,NA,NA,2,2,0,3,NA,NA,NA,4,202,1,0,1,2,28.6,1.8,6,0,0,54.5,0,0,0,5,3,1,12,8,0,0,0,0,0,0,0,0,0,0,0,"CD_I1025034",FALSE,28,"Oliver","Dempsey","away","Geelong Cats"
"CD_M20250140308","2025-03-29T08:35:00.000+0000","CONCLUDED","Premiership","Round 3",3,"Gabba","Brisbane Lions","Brisbane Lions","Geelong Cats","Geelong Cats",39,"https://s.afl.com.au/staticfile/AFL Tenant/AFL/Players/ChampIDImages/AFL/2025014/1004870.png?im=Scale,width=0.6,height=0.6","CHB","CD_I1004870",FALSE,39,"Zach","Guthrie","CD_T70",NA,82,0,0,NA,15,3,18,5,0,0,7,8,15,0,0,1,0,1,66.7,6,1,0,67,7,0,0,4.3,NA,NA,6,8,0,0,NA,NA,NA,0,426,0,0,0,9,60,5,12,0,2,46.7,0,0,0,5,0,0,9,8,0,0,2,0,0,0,0,0,0,3,3,"CD_I1004870",FALSE,39,"Zach","Guthrie","away","Geelong Cats"
"CD_M20250140308","2025-03-29T08:35:00.000+0000","CONCLUDED","Premiership","Round 3",3,"Gabba","Brisbane Lions","Brisbane Lions","Geelong Cats","Geelong Cats",38,"https://s.afl.com.au/staticfile/AFL Tenant/AFL/Players/ChampIDImages/AFL/2025014/1000937.png?im=Scale,width=0.6,height=0.6","FB","CD_I1000937",FALSE,38,"Jack","Henry","CD_T70",NA,91,0,0,NA,12,0,12,4,0,0,3,8,11,0,0,0,0,7,75,0,2,0,50,6,0,0,10.1,NA,NA,1,4,0,0,NA,NA,NA,0,317,0,0,0,9,75,12,9,0,1,27.3,0,0,0,1,0,0,2,2,7,0,1,0,0,0,0,0,0,0,0,"CD_I1000937",FALSE,38,"Jack","Henry","away","Geelong Cats"
"CD_M20250140308","2025-03-29T08:35:00.000+0000","CONCLUDED","Premiership","Round 3",3,"Gabba","Brisbane Lions","Brisbane Lions","Geelong Cats","Geelong Cats",36,"https://s.afl.com.au/staticfile/AFL Tenant/AFL/Players/ChampIDImages/AFL/2025014/1012860.png?im=Scale,width=0.6,height=0.6","FPR","CD_I1012860",FALSE,36,"Oliver","Henry","CD_T70",NA,81,1,0,NA,9,0,9,3,0,0,2,7,9,3,0,0,0,3,66.7,2,1,0,43,0,2,100,7.4,NA,NA,2,1,0,1,NA,NA,NA,4,216,0,0,0,6,66.7,9,6,0,0,22.2,0,0,0,2,2,1,7,1,2,0,0,0,0,3,0,0,0,0,0,"CD_I1012860",FALSE,36,"Oliver","Henry","away","Geelong Cats"
"CD_M20250140308","2025-03-29T08:35:00.000+0000","CONCLUDED","Premiership","Round 3",3,"Gabba","Brisbane Lions","Brisbane Lions","Geelong Cats","Geelong Cats",9,"https://s.afl.com.au/staticfile/AFL Tenant/AFL/Players/ChampIDImages/AFL/2025014/1015889.png?im=Scale,width=0.6,height=0.6","RR","CD_I1015889",FALSE,9,"Max","Holmes","CD_T70",NA,79,1,0,NA,19,10,29,9,2,3,11,18,29,3,0,0,0,0,62.1,8,0,1,119,8,0,100,16.4,NA,NA,5,5,0,1,NA,NA,NA,4,619,1,1,2,12,63.2,1.9,18,0,1,37.9,0,0,0,10,0,1,13,8,0,0,0,0,0,0,0,0,16,1,1,"CD_I1015889",FALSE,9,"Max","Holmes","away","Geelong Cats"
"CD_M20250140308","2025-03-29T08:35:00.000+0000","CONCLUDED","Premiership","Round 3",3,"Gabba","Brisbane Lions","Brisbane Lions","Geelong Cats","Geelong Cats",17,"https://s.afl.com.au/staticfile/AFL Tenant/AFL/Players/ChampIDImages/AFL/2025014/1013464.png?im=Scale,width=0.6,height=0.6","INT","CD_I1013464",FALSE,17,"Lawson","Humphries","CD_T70",NA,86,0,0,NA,11,7,18,4,1,4,7,7,14,1,0,0,0,5,55.6,2,1,0,76,8,1,0,10.8,NA,NA,4,7,1,0,NA,NA,NA,2,264,1,1,2,6,54.5,1.6,10,0,1,50,0,0,0,5,0,0,9,8,4,0,0,0,0,0,0,0,0,6,3,"CD_I1013464",FALSE,17,"Lawson","Humphries","away","Geelong Cats"
"CD_M20250140308","2025-03-29T08:35:00.000+0000","CONCLUDED","Premiership","Round 3",3,"Gabba","Brisbane Lions","Brisbane Lions","Geelong Cats","Geelong Cats",10,"https://s.afl.com.au/staticfile/AFL Tenant/AFL/Players/ChampIDImages/AFL/2025014/1021103.png?im=Scale,width=0.6,height=0.6","SUB","CD_I1021103",FALSE,10,"Mitch","Knevitt","CD_T70",NA,19,0,0,NA,1,3,4,0,0,2,1,2,3,1,0,0,0,0,50,1,0,0,17,0,0,0,1.3,NA,NA,1,0,1,0,NA,NA,NA,1,18,0,0,0,0,0,0.3,2,0,0,33.3,0,0,0,1,1,0,8,6,0,0,0,0,0,0,0,0,2,0,0,"CD_I1021103",FALSE,10,"Mitch","Knevitt","away","Geelong Cats"
"CD_M20250140308","2025-03-29T08:35:00.000+0000","CONCLUDED","Premiership","Round 3",3,"Gabba","Brisbane Lions","Brisbane Lions","Geelong Cats","Geelong Cats",32,"https://s.afl.com.au/staticfile/AFL Tenant/AFL/Players/ChampIDImages/AFL/2025014/1004938.png?im=Scale,width=0.6,height=0.6","CHF","CD_I1004938",FALSE,32,"Gryan","Miers","CD_T70",NA,88,0,1,NA,15,7,22,8,0,7,7,15,22,5,0,0,0,0,40.9,2,0,0,112,4,0,0,7.3,NA,NA,4,1,2,1,NA,NA,NA,3,395,0,0,0,7,46.7,2.1,9,0,0,31.8,0,0,0,7,2,0,17,3,0,0,0,0,0,0,0,0,0,0,0,"CD_I1004938",FALSE,32,"Gryan","Miers","away","Geelong Cats"
"CD_M20250140308","2025-03-29T08:35:00.000+0000","CONCLUDED","Premiership","Round 3",3,"Gabba","Brisbane Lions","Brisbane Lions","Geelong Cats","Geelong Cats",34,"https://s.afl.com.au/staticfile/AFL Tenant/AFL/Players/ChampIDImages/AFL/2025014/1024982.png?im=Scale,width=0.6,height=0.6","HBFR","CD_I1024982",FALSE,34,"Oisin","Mullin","CD_T70",NA,87,0,0,NA,9,6,15,6,0,1,6,9,15,1,1,0,0,1,100,3,0,3,52,1,1,0,12.3,NA,NA,1,4,0,0,NA,NA,NA,2,180,0,0,0,9,100,1.5,15,0,1,40,0,0,0,6,0,1,6,3,1,0,2,1,50,0,0,0,0,0,0,"CD_I1024982",FALSE,34,"Oisin","Mullin","away","Geelong Cats"
"CD_M20250140308","2025-03-29T08:35:00.000+0000","CONCLUDED","Premiership","Round 3",3,"Gabba","Brisbane Lions","Brisbane Lions","Geelong Cats","Geelong Cats",33,"https://s.afl.com.au/staticfile/AFL Tenant/AFL/Players/ChampIDImages/AFL/2025014/1016433.png?im=Scale,width=0.6,height=0.6","FPL","CD_I1016433",FALSE,33,"Shannon","Neale","CD_T70",NA,88,0,0,NA,3,2,5,1,0,4,4,2,6,2,0,0,3,3,100,2,1,2,30,0,0,0,7.8,NA,NA,1,0,2,0,NA,NA,NA,2,105,0,0,0,3,100,1.5,5,0,0,66.7,0,20,0,3,0,0,11,3,2,15,0,0,0,5,0,0,0,0,0,"CD_I1016433",FALSE,33,"Shannon","Neale","away","Geelong Cats"
"CD_M20250140308","2025-03-29T08:35:00.000+0000","CONCLUDED","Premiership","Round 3",3,"Gabba","Brisbane Lions","Brisbane Lions","Geelong Cats","Geelong Cats",42,"https://s.afl.com.au/staticfile/AFL Tenant/AFL/Players/ChampIDImages/AFL/2025014/1007102.png?im=Scale,width=0.6,height=0.6","HBFL","CD_I1007102",FALSE,42,"Mark","O'Connor","CD_T70",NA,82,0,0,NA,5,7,12,4,0,2,4,7,11,1,0,0,0,4,83.3,1,0,1,46,1,0,0,10.3,NA,NA,2,4,0,0,NA,NA,NA,3,146,0,2,2,3,60,0.7,10,0,2,36.4,0,0,0,4,0,1,12,7,3,0,1,0,0,0,0,0,0,0,0,"CD_I1007102",FALSE,42,"Mark","O'Connor","away","Geelong Cats"
"CD_M20250140308","2025-03-29T08:35:00.000+0000","CONCLUDED","Premiership","Round 3",3,"Gabba","Brisbane Lions","Brisbane Lions","Geelong Cats","Geelong Cats",14,"https://s.afl.com.au/staticfile/AFL Tenant/AFL/Players/ChampIDImages/AFL/2025014/1027877.png?im=Scale,width=0.6,height=0.6","BPL","CD_I1027877",FALSE,14,"Connor","O'Sullivan","CD_T70",NA,93,0,0,NA,4,6,10,5,0,2,6,7,13,0,0,1,0,10,100,0,0,0,47,3,0,0,15.9,NA,NA,0,7,0,0,NA,NA,NA,1,83,0,0,0,4,100,0.7,10,0,2,46.2,0,0,0,3,0,1,15,12,8,0,3,0,0,0,0,0,0,0,0,"CD_I1027877",FALSE,14,"Connor","O'Sullivan","away","Geelong Cats"
"CD_M20250140308","2025-03-29T08:35:00.000+0000","CONCLUDED","Premiership","Round 3",3,"Gabba","Brisbane Lions","Brisbane Lions","Geelong Cats","Geelong Cats",3,"https://s.afl.com.au/staticfile/AFL Tenant/AFL/Players/ChampIDImages/AFL/2025014/1006130.png?im=Scale,width=0.6,height=0.6","HFFL","CD_I1006130",FALSE,3,"Bailey","Smith","CD_T70",NA,82,0,0,NA,18,7,25,3,0,11,10,12,22,8,0,0,0,4,28,10,0,3,112,0,0,0,9.5,NA,NA,7,2,5,0,NA,NA,NA,4,543,1,4,5,4,22.2,2.6,7,1,0,45.5,0,0,0,10,1,1,26,8,1,0,0,0,0,0,0,0,8,0,0,"CD_I1006130",FALSE,3,"Bailey","Smith","away","Geelong Cats"
"CD_M20250140308","2025-03-29T08:35:00.000+0000","CONCLUDED","Premiership","Round 3",3,"Gabba","Brisbane Lions","Brisbane Lions","Geelong Cats","Geelong Cats",18,"https://s.afl.com.au/staticfile/AFL Tenant/AFL/Players/ChampIDImages/AFL/2025014/997230.png?im=Scale,width=0.6,height=0.6","HFFR","CD_I997230",FALSE,18,"Tyson","Stengle","CD_T70",NA,80,0,1,NA,8,2,10,1,0,2,5,3,8,1,1,0,0,1,60,1,0,0,40,0,1,0,8.5,NA,NA,1,1,1,1,NA,NA,NA,4,103,0,1,1,4,50,4,6,0,0,62.5,0,0,0,5,3,1,9,2,0,0,0,0,0,3,0,0,0,0,0,"CD_I997230",FALSE,18,"Tyson","Stengle","away","Geelong Cats"
"CD_M20250140306","2025-03-30T04:20:00.000+0000","CONCLUDED","Premiership","Round 3",3,"Adelaide Oval","Adelaide Crows","Adelaide Crows","North Melbourne","North Melbourne",35,"https://s.afl.com.au/staticfile/AFL Tenant/AFL/Players/ChampIDImages/AFL/2025014/1009029.png?im=Scale,width=0.6,height=0.6","FB","CD_I1009029",FALSE,35,"James","Borlase","CD_T10",NA,90,0,0,NA,5,3,8,3,0,2,4,4,8,0,0,0,0,6,75,1,0,1,35,1,0,0,6.4,NA,NA,0,4,0,0,NA,NA,NA,1,70,0,1,1,3,60,1.7,6,0,1,50,0,0,0,4,0,1,5,5,6,0,1,0,0,0,0,0,0,0,0,"CD_I1009029",FALSE,35,"James","Borlase","home","Adelaide Crows"
"CD_M20250140306","2025-03-30T04:20:00.000+0000","CONCLUDED","Premiership","Round 3",3,"Adelaide Oval","Adelaide Crows","Adelaide Crows","North Melbourne","North Melbourne",5,"https://s.afl.com.au/staticfile/AFL Tenant/AFL/Players/ChampIDImages/AFL/2025014/297401.png?im=Scale,width=0.6,height=0.6","INT","CD_I297401",FALSE,5,"Matt","Crouch","CD_T10",NA,62,0,0,NA,8,11,19,2,0,2,9,10,19,1,0,0,0,0,63.2,4,1,2,55,1,0,0,3,NA,NA,3,1,1,1,NA,NA,NA,3,131,1,3,4,3,37.5,0.7,12,0,0,47.4,0,0,0,5,1,0,15,5,0,0,0,0,0,0,0,0,20,0,0,"CD_I297401",FALSE,5,"Matt","Crouch","home","Adelaide Crows"
"CD_M20250140306","2025-03-30T04:20:00.000+0000","CONCLUDED","Premiership","Round 3",3,"Adelaide Oval","Adelaide Crows","Adelaide Crows","North Melbourne","North Melbourne",44,"https://s.afl.com.au/staticfile/AFL Tenant/AFL/Players/ChampIDImages/AFL/2025014/1001396.png?im=Scale,width=0.6,height=0.6","WL","CD_I1001396",FALSE,44,"Isaac","Cumming","CD_T10",NA,71,0,0,NA,8,5,13,5,0,1,5,9,14,1,0,0,0,1,84.6,2,0,1,50,1,0,0,9.2,NA,NA,4,5,0,1,NA,NA,NA,1,256,0,0,0,6,75,1.6,11,0,0,35.7,0,0,0,4,0,1,9,4,0,0,0,0,0,0,0,0,0,0,0,"CD_I1001396",FALSE,44,"Isaac","Cumming","home","Adelaide Crows"
"CD_M20250140306","2025-03-30T04:20:00.000+0000","CONCLUDED","Premiership","Round 3",3,"Adelaide Oval","Adelaide Crows","Adelaide Crows","North Melbourne","North Melbourne",6,"https://s.afl.com.au/staticfile/AFL Tenant/AFL/Players/ChampIDImages/AFL/2025014/1024023.png?im=Scale,width=0.6,height=0.6","INT","CD_I1024023",FALSE,6,"Daniel","Curtin","CD_T10",NA,77,2,0,NA,11,4,15,5,3,3,4,10,14,2,2,0,0,1,60,1,1,0,81,2,1,100,11.8,NA,NA,3,5,1,2,NA,NA,NA,5,260,0,0,0,5,45.5,2.8,9,0,1,28.6,0,0,0,3,1,2,13,6,0,1,0,0,0,2,0,0,0,0,0,"CD_I1024023",FALSE,6,"Daniel","Curtin","home","Adelaide Crows"
"CD_M20250140306","2025-03-30T04:20:00.000+0000","CONCLUDED","Premiership","Round 3",3,"Adelaide Oval","Adelaide Crows","Adelaide Crows","North Melbourne","North Melbourne",12,"https://s.afl.com.au/staticfile/AFL Tenant/AFL/Players/ChampIDImages/AFL/2025014/992242.png?im=Scale,width=0.6,height=0.6","C","CD_I992242",FALSE,12,"Jordan","Dawson","CD_T10",NA,86,0,1,NA,11,8,19,3,1,6,9,12,21,6,0,0,0,4,63.2,2,2,0,85,3,1,0,13.3,NA,NA,4,1,0,1,NA,NA,NA,5,414,2,4,6,5,45.5,1.4,12,0,1,42.9,0,0,0,4,1,1,25,12,1,0,0,0,0,1,0,0,27,0,0,"CD_I992242",FALSE,12,"Jordan","Dawson","home","Adelaide Crows"
"CD_M20250140306","2025-03-30T04:20:00.000+0000","CONCLUDED","Premiership","Round 3",3,"Adelaide Oval","Adelaide Crows","Adelaide Crows","North Melbourne","North Melbourne",34,"https://s.afl.com.au/staticfile/AFL Tenant/AFL/Players/ChampIDImages/AFL/2025014/1022607.png?im=Scale,width=0.6,height=0.6","SUB","CD_I1022607",FALSE,34,"Sid","Draper","CD_T10",NA,59,2,0,NA,4,3,7,1,1,4,1,5,6,0,1,0,0,0,85.7,1,0,1,46,0,0,100,11,NA,NA,0,0,3,2,NA,NA,NA,3,100,0,0,0,3,75,1.3,6,1,0,16.7,0,0,0,1,0,0,16,4,0,0,0,0,0,0,0,0,1,0,0,"CD_I1022607",FALSE,34,"Sid","Draper","home","Adelaide Crows"
"CD_M20250140306","2025-03-30T04:20:00.000+0000","CONCLUDED","Premiership","Round 3",3,"Adelaide Oval","Adelaide Crows","Adelaide Crows","North Melbourne","North Melbourne",32,"https://s.afl.com.au/staticfile/AFL Tenant/AFL/Players/ChampIDImages/AFL/2025014/999331.png?im=Scale,width=0.6,height=0.6","FPL","CD_I999331",FALSE,32,"Darcy","Fogarty","CD_T10",NA,83,2,1,NA,4,2,6,3,0,1,1,6,7,1,2,1,0,1,66.7,2,0,2,36,0,0,66.7,5.1,NA,NA,2,0,0,3,NA,NA,NA,4,131,0,0,0,2,50,2,4,0,0,14.3,0,0,0,0,0,0,6,2,1,0,0,0,0,3,0,0,0,0,0,"CD_I999331",FALSE,32,"Darcy","Fogarty","home","Adelaide Crows"
"CD_M20250140306","2025-03-30T04:20:00.000+0000","CONCLUDED","Premiership","Round 3",3,"Adelaide Oval","Adelaide Crows","Adelaide Crows","North Melbourne","North Melbourne",20,"https://s.afl.com.au/staticfile/AFL Tenant/AFL/Players/ChampIDImages/AFL/2025014/1004863.png?im=Scale,width=0.6,height=0.6","INT","CD_I1004863",FALSE,20,"Mitchell","Hinge","CD_T10",NA,82,0,0,NA,16,4,20,7,0,4,6,13,19,1,0,0,0,2,85,2,3,0,96,8,0,0,14.8,NA,NA,2,8,0,0,NA,NA,NA,6,512,0,0,0,15,93.8,4,17,0,3,31.6,0,0,0,3,0,3,10,9,2,0,0,0,0,0,0,0,0,0,0,"CD_I1004863",FALSE,20,"Mitchell","Hinge","home","Adelaide Crows"
"CD_M20250140306","2025-03-30T04:20:00.000+0000","CONCLUDED","Premiership","Round 3",3,"Adelaide Oval","Adelaide Crows","Adelaide Crows","North Melbourne","North Melbourne",48,"https://s.afl.com.au/staticfile/AFL Tenant/AFL/Players/ChampIDImages/AFL/2025014/1013974.png?im=Scale,width=0.6,height=0.6","CHB","CD_I1013974",FALSE,48,"Mark","Keane","CD_T10",NA,90,0,0,NA,3,1,4,0,0,2,1,1,2,0,0,0,0,11,100,1,0,1,16,0,0,0,6.6,NA,NA,0,2,0,0,NA,NA,NA,1,76,0,0,0,3,100,3,4,0,0,50,0,0,0,1,0,1,3,0,11,0,5,2,40,0,0,0,0,1,1,"CD_I1013974",FALSE,48,"Mark","Keane","home","Adelaide Crows"
"CD_M20250140306","2025-03-30T04:20:00.000+0000","CONCLUDED","Premiership","Round 3",3,"Adelaide Oval","Adelaide Crows","Adelaide Crows","North Melbourne","North Melbourne",2,"https://s.afl.com.au/staticfile/AFL Tenant/AFL/Players/ChampIDImages/AFL/2025014/993946.png?im=Scale,width=0.6,height=0.6","HFFL","CD_I993946",FALSE,2,"Ben","Keays","CD_T10",NA,87,2,0,NA,12,8,20,7,0,3,5,15,20,3,1,0,0,1,70,3,0,0,97,1,2,66.7,14.7,NA,NA,4,1,3,3,NA,NA,NA,7,315,1,0,1,7,58.3,1.5,14,2,0,25,0,0,0,5,3,2,14,2,1,0,0,0,0,0,0,0,0,0,0,"CD_I993946",FALSE,2,"Ben","Keays","home","Adelaide Crows"
"CD_M20250140306","2025-03-30T04:20:00.000+0000","CONCLUDED","Premiership","Round 3",3,"Adelaide Oval","Adelaide Crows","Adelaide Crows","North Melbourne","North Melbourne",29,"https://s.afl.com.au/staticfile/AFL Tenant/AFL/Players/ChampIDImages/AFL/2025014/293222.png?im=Scale,width=0.6,height=0.6","BPR","CD_I293222",FALSE,29,"Rory","Laird","CD_T10",NA,85,0,0,NA,12,20,32,7,0,2,14,17,31,1,0,0,0,3,81.3,1,3,0,108,0,0,0,12.3,NA,NA,2,12,0,1,NA,NA,NA,4,101,0,3,3,8,66.7,0.6,26,1,1,45.2,0,0,0,12,0,2,10,9,1,0,0,0,0,0,0,0,0,0,0,"CD_I293222",FALSE,29,"Rory","Laird","home","Adelaide Crows"
"CD_M20250140306","2025-03-30T04:20:00.000+0000","CONCLUDED","Premiership","Round 3",3,"Adelaide Oval","Adelaide Crows","Adelaide Crows","North Melbourne","North Melbourne",16,"https://s.afl.com.au/staticfile/AFL Tenant/AFL/Players/ChampIDImages/AFL/2025014/1015370.png?im=Scale,width=0.6,height=0.6","HBFR","CD_I1015370",FALSE,16,"Max","Michalanney","CD_T10",NA,91,0,0,NA,8,2,10,5,0,2,5,7,12,1,0,2,0,4,90,1,2,1,50,4,0,0,7.3,NA,NA,2,5,0,0,NA,NA,NA,2,195,0,0,0,8,100,4,9,0,3,41.7,0,0,0,1,0,2,7,3,2,0,2,0,0,0,0,0,0,0,0,"CD_I1015370",FALSE,16,"Max","Michalanney","home","Adelaide Crows"
"CD_M20250140306","2025-03-30T04:20:00.000+0000","CONCLUDED","Premiership","Round 3",3,"Adelaide Oval","Adelaide Crows","Adelaide Crows","North Melbourne","North Melbourne",30,"https://s.afl.com.au/staticfile/AFL Tenant/AFL/Players/ChampIDImages/AFL/2025014/990882.png?im=Scale,width=0.6,height=0.6","HBFL","CD_I990882",FALSE,30,"Wayne","Milera","CD_T10",NA,76,0,0,NA,6,3,9,1,0,4,4,4,8,1,0,0,0,1,66.7,5,0,2,37,3,0,0,4,NA,NA,5,4,0,0,NA,NA,NA,0,220,0,0,0,5,83.3,2,6,0,0,50,0,0,0,3,0,0,11,7,0,0,2,2,100,0,0,0,0,3,3,"CD_I990882",FALSE,30,"Wayne","Milera","home","Adelaide Crows"
"CD_M20250140306","2025-03-30T04:20:00.000+0000","CONCLUDED","Premiership","Round 3",3,"Adelaide Oval","Adelaide Crows","Adelaide Crows","North Melbourne","North Melbourne",28,"https://s.afl.com.au/staticfile/AFL Tenant/AFL/Players/ChampIDImages/AFL/2025014/296420.png?im=Scale,width=0.6,height=0.6","FPR","CD_I296420",FALSE,28,"Alex","Neal-Bullen","CD_T10",NA,85,1,1,NA,8,4,12,3,0,3,4,10,14,4,1,0,0,0,83.3,1,2,1,59,1,2,50,11.9,NA,NA,2,0,1,2,NA,NA,NA,6,302,0,0,0,6,75,2,10,0,0,28.6,0,0,0,3,3,0,19,3,0,0,0,0,0,2,0,0,0,0,0,"CD_I296420",FALSE,28,"Alex","Neal-Bullen","home","Adelaide Crows"
"CD_M20250140306","2025-03-30T04:20:00.000+0000","CONCLUDED","Premiership","Round 3",3,"Adelaide Oval","Adelaide Crows","Adelaide Crows","North Melbourne","North Melbourne",43,"https://s.afl.com.au/staticfile/AFL Tenant/AFL/Players/ChampIDImages/AFL/2025014/297523.png?im=Scale,width=0.6,height=0.6","RK","CD_I297523",FALSE,43,"Reilly","O'Brien","CD_T10",NA,89,0,0,NA,7,9,16,5,0,2,10,6,16,3,0,0,32,3,68.8,4,0,2,88,0,0,0,7.6,NA,NA,1,3,0,0,NA,NA,NA,4,140,1,4,5,4,57.1,0.8,11,0,1,62.5,7,42.1,21.9,4,0,3,13,4,1,76,1,1,100,0,0,0,31,0,0,"CD_I297523",FALSE,43,"Reilly","O'Brien","home","Adelaide Crows"
"CD_M20250140306","2025-03-30T04:20:00.000+0000","CONCLUDED","Premiership","Round 3",3,"Adelaide Oval","Adelaide Crows","Adelaide Crows","North Melbourne","North Melbourne",25,"https://s.afl.com.au/staticfile/AFL Tenant/AFL/Players/ChampIDImages/AFL/2025014/1006013.png?im=Scale,width=0.6,height=0.6","R","CD_I1006013",FALSE,25,"James","Peatling","CD_T10",NA,77,0,1,NA,12,11,23,4,0,2,10,14,24,5,0,0,0,0,73.9,2,0,0,79,1,3,0,15.4,NA,NA,3,1,1,1,NA,NA,NA,9,492,3,3,6,10,83.3,1.1,17,0,0,41.7,0,0,0,10,3,4,19,5,0,0,0,0,0,0,0,0,5,0,0,"CD_I1006013",FALSE,25,"James","Peatling","home","Adelaide Crows"
"CD_M20250140306","2025-03-30T04:20:00.000+0000","CONCLUDED","Premiership","Round 3",3,"Adelaide Oval","Adelaide Crows","Adelaide Crows","North Melbourne","North Melbourne",8,"https://s.afl.com.au/staticfile/AFL Tenant/AFL/Players/ChampIDImages/AFL/2025014/1017051.png?im=Scale,width=0.6,height=0.6","INT","CD_I1017051",FALSE,8,"Josh","Rachele","CD_T10",NA,14,0,0,NA,4,1,5,3,0,1,0,5,5,1,0,0,0,3,80,1,0,0,27,1,0,0,3.7,NA,NA,1,0,1,0,NA,NA,NA,0,122,0,0,0,3,75,4,4,0,0,0,0,0,0,0,0,0,7,0,1,0,0,0,0,0,0,0,0,0,0,"CD_I1017051",FALSE,8,"Josh","Rachele","home","Adelaide Crows"
"CD_M20250140306","2025-03-30T04:20:00.000+0000","CONCLUDED","Premiership","Round 3",3,"Adelaide Oval","Adelaide Crows","Adelaide Crows","North Melbourne","North Melbourne",23,"https://s.afl.com.au/staticfile/AFL Tenant/AFL/Players/ChampIDImages/AFL/2025014/1001195.png?im=Scale,width=0.6,height=0.6","HFFR","CD_I1001195",FALSE,23,"Izak","Rankine","CD_T10",NA,83,0,2,NA,18,12,30,5,3,5,19,13,32,4,1,1,0,3,53.3,4,4,1,116,1,0,0,14.2,NA,NA,6,5,0,2,NA,NA,NA,7,541,1,7,8,7,38.9,1.5,16,0,0,59.4,0,0,0,14,1,0,17,5,2,0,0,0,0,0,0,0,23,0,0,"CD_I1001195",FALSE,23,"Izak","Rankine","home","Adelaide Crows"
"CD_M20250140306","2025-03-30T04:20:00.000+0000","CONCLUDED","Premiership","Round 3",3,"Adelaide Oval","Adelaide Crows","Adelaide Crows","North Melbourne","North Melbourne",38,"https://s.afl.com.au/staticfile/AFL Tenant/AFL/Players/ChampIDImages/AFL/2025014/1006136.png?im=Scale,width=0.6,height=0.6","WR","CD_I1006136",FALSE,38,"Lachlan","Sholl","CD_T10",NA,88,0,0,NA,6,3,9,4,0,1,1,9,10,2,0,0,0,1,77.8,3,0,1,37,2,0,0,2,NA,NA,3,1,0,0,NA,NA,NA,0,223,0,0,0,5,83.3,2,7,0,1,10,0,0,0,1,0,0,9,5,1,0,0,0,0,0,0,0,0,0,0,"CD_I1006136",FALSE,38,"Lachlan","Sholl","home","Adelaide Crows"
"CD_M20250140306","2025-03-30T04:20:00.000+0000","CONCLUDED","Premiership","Round 3",3,"Adelaide Oval","Adelaide Crows","Adelaide Crows","North Melbourne","North Melbourne",14,"https://s.afl.com.au/staticfile/AFL Tenant/AFL/Players/ChampIDImages/AFL/2025014/1017109.png?im=Scale,width=0.6,height=0.6","RR","CD_I1017109",FALSE,14,"Jake","Soligo","CD_T10",NA,81,1,0,NA,19,9,28,5,0,5,10,16,26,9,0,0,0,0,60.7,7,2,1,115,0,1,50,13.5,NA,NA,7,4,1,2,NA,NA,NA,8,502,3,3,6,12,63.2,2.1,17,0,1,38.5,0,0,0,7,0,2,22,7,0,0,0,0,0,0,0,0,23,0,0,"CD_I1017109",FALSE,14,"Jake","Soligo","home","Adelaide Crows"
"CD_M20250140306","2025-03-30T04:20:00.000+0000","CONCLUDED","Premiership","Round 3",3,"Adelaide Oval","Adelaide Crows","Adelaide Crows","North Melbourne","North Melbourne",7,"https://s.afl.com.au/staticfile/AFL Tenant/AFL/Players/ChampIDImages/AFL/2025014/1008384.png?im=Scale,width=0.6,height=0.6","CHF","CD_I1008384",FALSE,7,"Riley","Thilthorpe","CD_T10",NA,82,3,1,NA,11,6,17,8,0,1,6,10,16,3,3,2,8,0,82.4,2,1,1,98,0,2,75,18.6,NA,NA,3,0,0,4,NA,NA,NA,7,349,0,0,0,8,72.7,1.8,14,3,0,37.5,3,61.5,37.5,3,0,0,8,1,0,13,1,1,100,6,3,50,2,0,0,"CD_I1008384",FALSE,7,"Riley","Thilthorpe","home","Adelaide Crows"
"CD_M20250140306","2025-03-30T04:20:00.000+0000","CONCLUDED","Premiership","Round 3",3,"Adelaide Oval","Adelaide Crows","Adelaide Crows","North Melbourne","North Melbourne",13,"https://s.afl.com.au/staticfile/AFL Tenant/AFL/Players/ChampIDImages/AFL/2025014/280506.png?im=Scale,width=0.6,height=0.6","FF","CD_I280506",FALSE,13,"Taylor","Walker","CD_T10",NA,76,4,2,NA,11,3,14,5,0,1,6,8,14,4,1,2,4,1,71.4,6,0,1,85,0,1,57.1,11,NA,NA,4,1,1,7,NA,NA,NA,9,341,0,3,3,7,63.6,3.7,10,1,0,42.9,0,33.3,0,1,0,3,8,0,0,12,0,0,0,2,0,0,0,0,0,"CD_I280506",FALSE,13,"Taylor","Walker","home","Adelaide Crows"
"CD_M20250140306","2025-03-30T04:20:00.000+0000","CONCLUDED","Premiership","Round 3",3,"Adelaide Oval","Adelaide Crows","Adelaide Crows","North Melbourne","North Melbourne",24,"https://s.afl.com.au/staticfile/AFL Tenant/AFL/Players/ChampIDImages/AFL/2025014/1011981.png?im=Scale,width=0.6,height=0.6","BPL","CD_I1011981",FALSE,24,"Josh","Worrell","CD_T10",NA,86,0,0,NA,13,5,18,4,0,1,4,12,16,2,0,0,0,3,72.2,2,0,0,65,4,0,0,7.5,NA,NA,5,7,0,0,NA,NA,NA,1,314,0,0,0,9,69.2,2.6,13,0,1,25,0,0,0,4,0,0,8,8,3,0,2,0,0,0,0,0,0,1,1,"CD_I1011981",FALSE,24,"Josh","Worrell","home","Adelaide Crows"
"CD_M20250140306","2025-03-30T04:20:00.000+0000","CONCLUDED","Premiership","Round 3",3,"Adelaide Oval","Adelaide Crows","Adelaide Crows","North Melbourne","North Melbourne",30,"https://s.afl.com.au/staticfile/AFL Tenant/AFL/Players/ChampIDImages/AFL/2025014/1015781.png?im=Scale,width=0.6,height=0.6","BPL","CD_I1015781",FALSE,30,"Charlie","Comben","CD_T100",NA,83,0,0,NA,12,1,13,7,0,2,7,6,13,1,0,3,0,4,61.5,3,0,2,61,3,0,0,10.2,NA,NA,3,10,0,0,NA,NA,NA,1,241,0,0,0,8,66.7,12,8,0,5,53.8,0,0,0,3,0,1,2,2,2,0,8,1,12.5,0,0,0,0,2,1,"CD_I1015781",FALSE,30,"Charlie","Comben","away","North Melbourne"
"CD_M20250140306","2025-03-30T04:20:00.000+0000","CONCLUDED","Premiership","Round 3",3,"Adelaide Oval","Adelaide Crows","Adelaide Crows","North Melbourne","North Melbourne",4,"https://s.afl.com.au/staticfile/AFL Tenant/AFL/Players/ChampIDImages/AFL/2025014/294508.png?im=Scale,width=0.6,height=0.6","FB","CD_I294508",FALSE,4,"Aidan","Corr","CD_T100",NA,95,0,0,NA,12,2,14,4,1,1,2,7,9,0,0,0,0,7,92.9,1,0,1,53,4,0,0,7.9,NA,NA,1,5,0,0,NA,NA,NA,1,208,0,0,0,11,91.7,6,13,0,1,22.2,0,0,0,2,0,1,10,10,7,0,3,2,66.7,0,0,0,0,3,3,"CD_I294508",FALSE,4,"Aidan","Corr","away","North Melbourne"
"CD_M20250140306","2025-03-30T04:20:00.000+0000","CONCLUDED","Premiership","Round 3",3,"Adelaide Oval","Adelaide Crows","Adelaide Crows","North Melbourne","North Melbourne",25,"https://s.afl.com.au/staticfile/AFL Tenant/AFL/Players/ChampIDImages/AFL/2025014/1002947.png?im=Scale,width=0.6,height=0.6","FPL","CD_I1002947",FALSE,25,"Paul","Curtis","CD_T100",NA,81,2,0,NA,5,4,9,3,0,4,8,4,12,1,1,1,0,2,77.8,5,2,3,53,0,2,100,12.8,NA,NA,2,3,3,2,NA,NA,NA,7,168,0,0,0,4,80,1.3,7,2,0,66.7,0,0,0,4,4,3,15,0,1,0,0,0,0,3,0,0,0,0,0,"CD_I1002947",FALSE,25,"Paul","Curtis","away","North Melbourne"
"CD_M20250140306","2025-03-30T04:20:00.000+0000","CONCLUDED","Premiership","Round 3",3,"Adelaide Oval","Adelaide Crows","Adelaide Crows","North Melbourne","North Melbourne",5,"https://s.afl.com.au/staticfile/AFL Tenant/AFL/Players/ChampIDImages/AFL/2025014/295136.png?im=Scale,width=0.6,height=0.6","CHB","CD_I295136",FALSE,5,"Caleb","Daniel","CD_T100",NA,76,0,0,NA,22,11,33,9,4,0,7,20,27,2,0,0,0,3,81.8,3,0,0,115,4,0,0,11.9,NA,NA,6,6,0,0,NA,NA,NA,6,540,0,2,2,17,77.3,2,27,0,0,25.9,0,0,0,6,0,1,12,11,1,0,0,0,0,0,0,0,0,4,4,"CD_I295136",FALSE,5,"Caleb","Daniel","away","North Melbourne"
"CD_M20250140306","2025-03-30T04:20:00.000+0000","CONCLUDED","Premiership","Round 3",3,"Adelaide Oval","Adelaide Crows","Adelaide Crows","North Melbourne","North Melbourne",28,"https://s.afl.com.au/staticfile/AFL Tenant/AFL/Players/ChampIDImages/AFL/2025014/290838.png?im=Scale,width=0.6,height=0.6","FF","CD_I290838",FALSE,28,"Jack","Darling","CD_T100",NA,77,1,0,NA,8,3,11,4,0,2,5,7,12,3,0,0,7,1,72.7,1,1,0,64,1,1,100,7.4,NA,NA,2,0,0,1,NA,NA,NA,4,249,0,2,2,5,62.5,2.7,8,0,0,41.7,0,24.1,0,3,0,0,8,4,0,29,1,0,0,2,1,50,6,0,0,"CD_I290838",FALSE,28,"Jack","Darling","away","North Melbourne"
"CD_M20250140306","2025-03-30T04:20:00.000+0000","CONCLUDED","Premiership","Round 3",3,"Adelaide Oval","Adelaide Crows","Adelaide Crows","North Melbourne","North Melbourne",9,"https://s.afl.com.au/staticfile/AFL Tenant/AFL/Players/ChampIDImages/AFL/2025014/1002267.png?im=Scale,width=0.6,height=0.6","C","CD_I1002267",FALSE,9,"Luke","Davies-Uniacke","CD_T100",NA,85,0,1,NA,11,8,19,5,0,2,5,13,18,5,1,0,0,0,73.7,2,0,1,70,1,0,0,7.5,NA,NA,4,0,0,1,NA,NA,NA,6,397,3,0,3,6,54.5,1.4,14,1,0,27.8,0,0,0,3,0,0,17,6,0,0,0,0,0,0,0,0,26,0,0,"CD_I1002267",FALSE,9,"Luke","Davies-Uniacke","away","North Melbourne"
"CD_M20250140306","2025-03-30T04:20:00.000+0000","CONCLUDED","Premiership","Round 3",3,"Adelaide Oval","Adelaide Crows","Adelaide Crows","North Melbourne","North Melbourne",46,"https://s.afl.com.au/staticfile/AFL Tenant/AFL/Players/ChampIDImages/AFL/2025014/1023144.png?im=Scale,width=0.6,height=0.6","INT","CD_I1023144",FALSE,46,"Robert","Hansen Jr","CD_T100",NA,54,0,0,NA,6,0,6,3,0,1,0,6,6,2,0,0,0,1,66.7,3,0,1,28,0,0,0,0,NA,NA,4,1,0,0,NA,NA,NA,0,164,0,0,0,4,66.7,6,4,0,0,0,0,0,0,0,0,0,5,1,1,0,0,0,0,0,0,0,0,0,0,"CD_I1023144",FALSE,46,"Robert","Hansen Jr","away","North Melbourne"
"CD_M20250140306","2025-03-30T04:20:00.000+0000","CONCLUDED","Premiership","Round 3",3,"Adelaide Oval","Adelaide Crows","Adelaide Crows","North Melbourne","North Melbourne",41,"https://s.afl.com.au/staticfile/AFL Tenant/AFL/Players/ChampIDImages/AFL/2025014/1023530.png?im=Scale,width=0.6,height=0.6","INT","CD_I1023530",FALSE,41,"Jacob","Konstanty","CD_T100",NA,72,2,1,NA,3,4,7,3,0,1,2,6,8,0,3,0,0,0,28.6,1,0,1,40,0,0,66.7,2,NA,NA,1,0,0,3,NA,NA,NA,4,106,0,0,0,2,66.7,0.8,2,1,0,25,0,0,0,2,0,0,11,2,0,0,0,0,0,0,0,0,0,0,0,"CD_I1023530",FALSE,41,"Jacob","Konstanty","away","North Melbourne"
"CD_M20250140306","2025-03-30T04:20:00.000+0000","CONCLUDED","Premiership","Round 3",3,"Adelaide Oval","Adelaide Crows","Adelaide Crows","North Melbourne","North Melbourne",20,"https://s.afl.com.au/staticfile/AFL Tenant/AFL/Players/ChampIDImages/AFL/2025014/1001017.png?im=Scale,width=0.6,height=0.6","CHF","CD_I1001017",FALSE,20,"Nick","Larkey","CD_T100",NA,93,4,2,NA,9,2,11,5,0,0,6,6,12,0,3,1,0,2,72.7,0,2,0,74,0,0,66.7,13.1,NA,NA,0,0,0,6,NA,NA,NA,6,166,0,1,1,6,66.7,4.5,8,2,0,50,0,0,0,2,1,1,4,1,0,0,0,0,0,6,3,50,0,0,0,"CD_I1001017",FALSE,20,"Nick","Larkey","away","North Melbourne"
"CD_M20250140306","2025-03-30T04:20:00.000+0000","CONCLUDED","Premiership","Round 3",3,"Adelaide Oval","Adelaide Crows","Adelaide Crows","North Melbourne","North Melbourne",11,"https://s.afl.com.au/staticfile/AFL Tenant/AFL/Players/ChampIDImages/AFL/2025014/296355.png?im=Scale,width=0.6,height=0.6","BPR","CD_I296355",FALSE,11,"Luke","McDonald","CD_T100",NA,86,0,0,NA,8,7,15,4,1,4,7,7,14,1,0,1,0,5,100,0,2,0,68,2,0,0,9,NA,NA,1,8,0,0,NA,NA,NA,2,138,0,0,0,8,100,1.1,15,0,1,50,0,0,0,4,0,2,12,11,4,0,1,0,0,0,0,0,0,1,1,"CD_I296355",FALSE,11,"Luke","McDonald","away","North Melbourne"
"CD_M20250140306","2025-03-30T04:20:00.000+0000","CONCLUDED","Premiership","Round 3",3,"Adelaide Oval","Adelaide Crows","Adelaide Crows","North Melbourne","North Melbourne",10,"https://s.afl.com.au/staticfile/AFL Tenant/AFL/Players/ChampIDImages/AFL/2025014/1024272.png?im=Scale,width=0.6,height=0.6","HBFR","CD_I1024272",FALSE,10,"Colby","McKercher","CD_T100",NA,78,0,0,NA,14,5,19,8,4,0,3,17,20,4,0,0,0,0,84.2,2,0,1,73,2,1,0,7.8,NA,NA,2,0,0,0,NA,NA,NA,6,335,0,1,1,11,78.6,2.8,16,1,0,15,0,0,0,3,1,0,5,4,0,0,0,0,0,0,0,0,1,0,0,"CD_I1024272",FALSE,10,"Colby","McKercher","away","North Melbourne"
"CD_M20250140306","2025-03-30T04:20:00.000+0000","CONCLUDED","Premiership","Round 3",3,"Adelaide Oval","Adelaide Crows","Adelaide Crows","North Melbourne","North Melbourne",2,"https://s.afl.com.au/staticfile/AFL Tenant/AFL/Players/ChampIDImages/AFL/2025014/1028495.png?im=Scale,width=0.6,height=0.6","WL","CD_I1028495",FALSE,2,"Finn","O'Sullivan","CD_T100",NA,80,0,0,NA,8,8,16,5,1,0,4,12,16,2,0,0,0,1,81.3,3,0,1,52,2,0,0,6.4,NA,NA,4,4,0,0,NA,NA,NA,1,264,0,0,0,6,75,1,13,0,0,25,0,0,0,4,0,0,11,8,0,0,0,0,0,0,0,0,0,0,0,"CD_I1028495",FALSE,2,"Finn","O'Sullivan","away","North Melbourne"
"CD_M20250140306","2025-03-30T04:20:00.000+0000","CONCLUDED","Premiership","Round 3",3,"Adelaide Oval","Adelaide Crows","Adelaide Crows","North Melbourne","North Melbourne",26,"https://s.afl.com.au/staticfile/AFL Tenant/AFL/Players/ChampIDImages/AFL/2025014/290778.png?im=Scale,width=0.6,height=0.6","R","CD_I290778",FALSE,26,"Luke","Parker","CD_T100",NA,76,0,0,NA,10,11,21,3,1,6,13,8,21,1,1,0,0,1,52.4,6,1,1,83,2,2,0,6.2,NA,NA,4,3,2,0,NA,NA,NA,3,214,1,4,5,4,40,0.9,11,0,0,61.9,0,0,0,7,0,0,15,7,1,0,0,0,0,0,0,0,17,0,0,"CD_I290778",FALSE,26,"Luke","Parker","away","North Melbourne"
"CD_M20250140306","2025-03-30T04:20:00.000+0000","CONCLUDED","Premiership","Round 3",3,"Adelaide Oval","Adelaide Crows","Adelaide Crows","North Melbourne","North Melbourne",29,"https://s.afl.com.au/staticfile/AFL Tenant/AFL/Players/ChampIDImages/AFL/2025014/1012829.png?im=Scale,width=0.6,height=0.6","INT","CD_I1012829",FALSE,29,"Will","Phillips","CD_T100",NA,69,0,0,NA,4,8,12,2,0,2,6,7,13,3,0,0,0,0,75,3,0,0,42,0,1,0,5.4,NA,NA,1,1,0,0,NA,NA,NA,3,167,3,0,3,3,75,0.5,9,0,1,46.2,0,0,0,4,0,1,10,3,0,0,0,0,0,0,0,0,16,0,0,"CD_I1012829",FALSE,29,"Will","Phillips","away","North Melbourne"
"CD_M20250140306","2025-03-30T04:20:00.000+0000","CONCLUDED","Premiership","Round 3",3,"Adelaide Oval","Adelaide Crows","Adelaide Crows","North Melbourne","North Melbourne",32,"https://s.afl.com.au/staticfile/AFL Tenant/AFL/Players/ChampIDImages/AFL/2025014/1002138.png?im=Scale,width=0.6,height=0.6","HFFR","CD_I1002138",FALSE,32,"Toby","Pink","CD_T100",NA,95,0,0,NA,11,2,13,6,0,1,3,10,13,1,0,0,0,5,84.6,1,0,1,56,6,0,0,7,NA,NA,4,6,0,0,NA,NA,NA,1,373,0,0,0,9,81.8,5.5,11,0,2,23.1,0,0,0,3,0,0,4,3,4,0,3,0,0,0,0,0,0,0,0,"CD_I1002138",FALSE,32,"Toby","Pink","away","North Melbourne"
"CD_M20250140306","2025-03-30T04:20:00.000+0000","CONCLUDED","Premiership","Round 3",3,"Adelaide Oval","Adelaide Crows","Adelaide Crows","North Melbourne","North Melbourne",24,"https://s.afl.com.au/staticfile/AFL Tenant/AFL/Players/ChampIDImages/AFL/2025014/1011659.png?im=Scale,width=0.6,height=0.6","RR","CD_I1011659",FALSE,24,"Tom","Powell","CD_T100",NA,75,0,0,NA,8,13,21,4,0,3,4,16,20,2,0,0,0,0,71.4,4,1,1,72,1,0,0,3.9,NA,NA,3,2,0,0,NA,NA,NA,3,123,1,2,3,4,50,0.6,15,0,1,20,0,0,0,2,0,1,16,10,0,0,0,0,0,0,0,0,17,0,0,"CD_I1011659",FALSE,24,"Tom","Powell","away","North Melbourne"
"CD_M20250140306","2025-03-30T04:20:00.000+0000","CONCLUDED","Premiership","Round 3",3,"Adelaide Oval","Adelaide Crows","Adelaide Crows","North Melbourne","North Melbourne",8,"https://s.afl.com.au/staticfile/AFL Tenant/AFL/Players/ChampIDImages/AFL/2025014/1006058.png?im=Scale,width=0.6,height=0.6","HBFL","CD_I1006058",FALSE,8,"Bailey","Scott","CD_T100",NA,82,0,0,NA,8,4,12,7,1,0,2,13,15,3,0,0,0,1,100,3,0,2,47,1,0,0,4.6,NA,NA,6,2,0,0,NA,NA,NA,1,326,0,0,0,8,100,2,12,1,1,13.3,0,0,0,2,0,0,8,4,0,0,0,0,0,0,0,0,0,0,0,"CD_I1006058",FALSE,8,"Bailey","Scott","away","North Melbourne"
"CD_M20250140306","2025-03-30T04:20:00.000+0000","CONCLUDED","Premiership","Round 3",3,"Adelaide Oval","Adelaide Crows","Adelaide Crows","North Melbourne","North Melbourne",3,"https://s.afl.com.au/staticfile/AFL Tenant/AFL/Players/ChampIDImages/AFL/2025014/1023518.png?im=Scale,width=0.6,height=0.6","HFFL","CD_I1023518",FALSE,3,"Harry","Sheezel","CD_T100",NA,84,0,0,NA,11,15,26,2,0,5,8,16,24,2,0,0,0,0,84.6,2,1,0,90,4,0,0,8.9,NA,NA,4,4,0,0,NA,NA,NA,2,215,0,4,4,10,90.9,0.7,22,0,0,33.3,0,0,0,6,2,0,21,11,0,0,0,0,0,1,1,100,10,1,1,"CD_I1023518",FALSE,3,"Harry","Sheezel","away","North Melbourne"
"CD_M20250140306","2025-03-30T04:20:00.000+0000","CONCLUDED","Premiership","Round 3",3,"Adelaide Oval","Adelaide Crows","Adelaide Crows","North Melbourne","North Melbourne",12,"https://s.afl.com.au/staticfile/AFL Tenant/AFL/Players/ChampIDImages/AFL/2025014/993998.png?im=Scale,width=0.6,height=0.6","WR","CD_I993998",FALSE,12,"Jy","Simpkin","CD_T100",NA,87,1,0,NA,22,9,31,7,1,1,15,14,29,8,0,0,0,1,74.2,5,2,0,117,2,0,100,18.5,NA,NA,7,4,0,1,NA,NA,NA,7,680,3,6,9,16,72.7,2.4,23,2,0,51.7,0,0,0,11,0,2,15,5,0,0,0,0,0,0,0,0,12,0,0,"CD_I993998",FALSE,12,"Jy","Simpkin","away","North Melbourne"
"CD_M20250140306","2025-03-30T04:20:00.000+0000","CONCLUDED","Premiership","Round 3",3,"Adelaide Oval","Adelaide Crows","Adelaide Crows","North Melbourne","North Melbourne",15,"https://s.afl.com.au/staticfile/AFL Tenant/AFL/Players/ChampIDImages/AFL/2025014/1004848.png?im=Scale,width=0.6,height=0.6","SUB","CD_I1004848",FALSE,15,"Dylan","Stephens","CD_T100",NA,30,1,0,NA,7,4,11,2,0,0,2,9,11,1,0,0,0,0,81.8,2,1,0,42,1,0,100,5,NA,NA,2,2,0,1,NA,NA,NA,1,117,0,0,0,5,71.4,1.8,9,0,1,18.2,0,0,0,1,0,0,3,0,0,0,0,0,0,0,0,0,0,0,0,"CD_I1004848",FALSE,15,"Dylan","Stephens","away","North Melbourne"
"CD_M20250140306","2025-03-30T04:20:00.000+0000","CONCLUDED","Premiership","Round 3",3,"Adelaide Oval","Adelaide Crows","Adelaide Crows","North Melbourne","North Melbourne",13,"https://s.afl.com.au/staticfile/AFL Tenant/AFL/Players/ChampIDImages/AFL/2025014/993816.png?im=Scale,width=0.6,height=0.6","INT","CD_I993816",FALSE,13,"Darcy","Tucker","CD_T100",NA,77,0,0,NA,12,7,19,4,1,3,3,15,18,2,0,0,0,1,84.2,2,2,0,76,2,0,0,6.2,NA,NA,3,2,0,0,NA,NA,NA,3,286,1,0,1,11,91.7,1.7,16,0,1,16.7,0,0,0,2,1,0,12,8,1,0,0,0,0,0,0,0,0,1,1,"CD_I993816",FALSE,13,"Darcy","Tucker","away","North Melbourne"
"CD_M20250140306","2025-03-30T04:20:00.000+0000","CONCLUDED","Premiership","Round 3",3,"Adelaide Oval","Adelaide Crows","Adelaide Crows","North Melbourne","North Melbourne",38,"https://s.afl.com.au/staticfile/AFL Tenant/AFL/Players/ChampIDImages/AFL/2025014/1004965.png?im=Scale,width=0.6,height=0.6","RK","CD_I1004965",FALSE,38,"Tristan","Xerri","CD_T100",NA,76,0,0,NA,4,13,17,1,0,4,11,5,16,1,0,0,28,0,64.7,9,4,4,77,0,1,0,13.9,NA,NA,2,2,0,0,NA,NA,NA,3,49,4,2,6,2,50,0.3,11,0,1,68.8,14,38.9,50,5,0,3,15,8,0,72,0,0,0,1,1,100,26,0,0,"CD_I1004965",FALSE,38,"Tristan","Xerri","away","North Melbourne"
"CD_M20250140306","2025-03-30T04:20:00.000+0000","CONCLUDED","Premiership","Round 3",3,"Adelaide Oval","Adelaide Crows","Adelaide Crows","North Melbourne","North Melbourne",44,"https://s.afl.com.au/staticfile/AFL Tenant/AFL/Players/ChampIDImages/AFL/2025014/998484.png?im=Scale,width=0.6,height=0.6","FPR","CD_I998484",FALSE,44,"Cameron","Zurhaar","CD_T100",NA,89,1,0,NA,5,3,8,2,0,5,4,5,9,2,0,1,0,3,75,3,0,1,50,0,1,100,8.9,NA,NA,4,1,2,1,NA,NA,NA,2,171,0,0,0,3,60,1.7,6,1,0,44.4,0,0,0,2,1,1,17,6,2,1,0,0,0,1,0,0,1,0,0,"CD_I998484",FALSE,44,"Cameron","Zurhaar","away","North Melbourne"
"CD_M20250140307","2025-03-30T07:10:00.000+0000","CONCLUDED","Premiership","Round 3",3,"Optus Stadium","West Coast Eagles","West Coast Eagles","Fremantle","Fremantle",12,"https://s.afl.com.au/staticfile/AFL Tenant/AFL/Players/ChampIDImages/AFL/2025014/1004385.png?im=Scale,width=0.6,height=0.6","FF","CD_I1004385",FALSE,12,"Oscar","Allen","CD_T150",NA,84,0,0,NA,3,1,4,1,0,4,1,4,5,1,0,0,0,3,50,2,0,0,30,1,0,0,3.5,NA,NA,2,0,1,0,NA,NA,NA,0,112,0,0,0,1,33.3,3,2,0,0,20,0,0,0,1,0,0,7,4,3,0,1,0,0,1,0,0,0,0,0,"CD_I1004385",FALSE,12,"Oscar","Allen","home","West Coast Eagles"
"CD_M20250140307","2025-03-30T07:10:00.000+0000","CONCLUDED","Premiership","Round 3",3,"Optus Stadium","West Coast Eagles","West Coast Eagles","Fremantle","Fremantle",3,"https://s.afl.com.au/staticfile/AFL Tenant/AFL/Players/ChampIDImages/AFL/2025014/1000223.png?im=Scale,width=0.6,height=0.6","HBFL","CD_I1000223",FALSE,3,"Liam","Baker","CD_T150",NA,81,0,0,NA,12,11,23,3,0,3,10,12,22,3,0,0,0,0,60.9,4,2,0,81,2,1,0,8.6,NA,NA,6,5,0,1,NA,NA,NA,2,319,1,2,3,5,41.7,1.1,14,0,0,45.5,0,0,0,9,2,0,19,11,0,0,0,0,0,0,0,0,18,1,1,"CD_I1000223",FALSE,3,"Liam","Baker","home","West Coast Eagles"
"CD_M20250140307","2025-03-30T07:10:00.000+0000","CONCLUDED","Premiership","Round 3",3,"Optus Stadium","West Coast Eagles","West Coast Eagles","Fremantle","Fremantle",10,"https://s.afl.com.au/staticfile/AFL Tenant/AFL/Players/ChampIDImages/AFL/2025014/1013511.png?im=Scale,width=0.6,height=0.6","HFFL","CD_I1013511",FALSE,10,"Tyler","Brockman","CD_T150",NA,77,1,0,NA,3,3,6,2,0,2,3,5,8,0,0,0,0,0,100,3,3,2,32,1,0,100,5,NA,NA,1,2,0,1,NA,NA,NA,2,32,1,0,1,3,100,1,6,1,0,37.5,0,0,0,1,0,1,14,8,0,0,0,0,0,0,0,0,6,0,0,"CD_I1013511",FALSE,10,"Tyler","Brockman","home","West Coast Eagles"
"CD_M20250140307","2025-03-30T07:10:00.000+0000","CONCLUDED","Premiership","Round 3",3,"Optus Stadium","West Coast Eagles","West Coast Eagles","Fremantle","Fremantle",28,"https://s.afl.com.au/staticfile/AFL Tenant/AFL/Players/ChampIDImages/AFL/2025014/993820.png?im=Scale,width=0.6,height=0.6","INT","CD_I993820",FALSE,28,"Tom","Cole","CD_T150",NA,80,0,0,NA,6,7,13,4,0,2,4,7,11,1,0,1,0,2,69.2,3,0,1,49,2,0,0,4.6,NA,NA,3,5,0,0,NA,NA,NA,1,183,0,0,0,4,66.7,0.9,9,0,2,36.4,0,0,0,3,0,1,10,8,2,0,1,0,0,0,0,0,0,2,1,"CD_I993820",FALSE,28,"Tom","Cole","home","West Coast Eagles"
"CD_M20250140307","2025-03-30T07:10:00.000+0000","CONCLUDED","Premiership","Round 3",3,"Optus Stadium","West Coast Eagles","West Coast Eagles","Fremantle","Fremantle",15,"https://s.afl.com.au/staticfile/AFL Tenant/AFL/Players/ChampIDImages/AFL/2025014/290826.png?im=Scale,width=0.6,height=0.6","FPR","CD_I290826",FALSE,15,"Jamie","Cripps","CD_T150",NA,90,2,0,NA,8,5,13,3,0,3,4,8,12,0,2,0,0,1,76.9,0,1,0,68,3,1,100,12.3,NA,NA,3,2,0,2,NA,NA,NA,5,239,0,2,2,6,75,1.6,10,3,0,33.3,0,0,0,2,0,0,6,4,0,0,0,0,0,0,0,0,0,0,0,"CD_I290826",FALSE,15,"Jamie","Cripps","home","West Coast Eagles"
"CD_M20250140307","2025-03-30T07:10:00.000+0000","CONCLUDED","Premiership","Round 3",3,"Optus Stadium","West Coast Eagles","West Coast Eagles","Fremantle","Fremantle",43,"https://s.afl.com.au/staticfile/AFL Tenant/AFL/Players/ChampIDImages/AFL/2025014/1023142.png?im=Scale,width=0.6,height=0.6","WL","CD_I1023142",FALSE,43,"Tyrell","Dewar","CD_T150",NA,78,0,0,NA,10,9,19,4,2,0,3,16,19,3,0,0,0,1,57.9,6,2,1,59,4,0,0,5.5,NA,NA,5,3,0,0,NA,NA,NA,4,393,0,0,0,6,60,1.1,11,0,1,15.8,0,0,0,2,0,0,14,9,0,0,0,0,0,0,0,0,0,0,0,"CD_I1023142",FALSE,43,"Tyrell","Dewar","home","West Coast Eagles"
"CD_M20250140307","2025-03-30T07:10:00.000+0000","CONCLUDED","Premiership","Round 3",3,"Optus Stadium","West Coast Eagles","West Coast Eagles","Fremantle","Fremantle",14,"https://s.afl.com.au/staticfile/AFL Tenant/AFL/Players/ChampIDImages/AFL/2025014/298268.png?im=Scale,width=0.6,height=0.6","R","CD_I298268",FALSE,14,"Liam","Duggan","CD_T150",NA,86,0,0,NA,12,1,13,5,0,1,3,7,10,1,0,1,0,1,69.2,2,0,1,54,3,0,0,2.8,NA,NA,2,1,0,0,NA,NA,NA,1,308,0,1,1,8,66.7,12,9,0,0,30,0,0,0,1,0,1,16,11,1,0,0,0,0,0,0,0,1,2,2,"CD_I298268",FALSE,14,"Liam","Duggan","home","West Coast Eagles"
"CD_M20250140307","2025-03-30T07:10:00.000+0000","CONCLUDED","Premiership","Round 3",3,"Optus Stadium","West Coast Eagles","West Coast Eagles","Fremantle","Fremantle",42,"https://s.afl.com.au/staticfile/AFL Tenant/AFL/Players/ChampIDImages/AFL/2025014/1011437.png?im=Scale,width=0.6,height=0.6","FB","CD_I1011437",FALSE,42,"Harry","Edwards","CD_T150",NA,61,0,0,NA,5,2,7,5,0,0,1,6,7,0,0,1,0,5,71.4,3,0,1,31,2,0,0,4.8,NA,NA,3,1,0,0,NA,NA,NA,0,201,0,0,0,4,80,2.5,5,0,1,14.3,0,0,0,0,0,0,6,3,5,0,2,2,100,0,0,0,0,0,0,"CD_I1011437",FALSE,42,"Harry","Edwards","home","West Coast Eagles"
"CD_M20250140307","2025-03-30T07:10:00.000+0000","CONCLUDED","Premiership","Round 3",3,"Optus Stadium","West Coast Eagles","West Coast Eagles","Fremantle","Fremantle",7,"https://s.afl.com.au/staticfile/AFL Tenant/AFL/Players/ChampIDImages/AFL/2025014/1023025.png?im=Scale,width=0.6,height=0.6","BPR","CD_I1023025",FALSE,7,"Reuben","Ginbey","CD_T150",NA,87,0,0,NA,7,4,11,3,2,3,7,6,13,0,0,0,0,4,63.6,1,1,1,48,5,0,0,8.7,NA,NA,1,6,0,0,NA,NA,NA,0,242,0,1,1,4,57.1,1.8,7,0,1,53.8,0,0,0,5,0,0,10,9,3,0,3,1,33.3,0,0,0,0,0,0,"CD_I1023025",FALSE,7,"Reuben","Ginbey","home","West Coast Eagles"
"CD_M20250140307","2025-03-30T07:10:00.000+0000","CONCLUDED","Premiership","Round 3",3,"Optus Stadium","West Coast Eagles","West Coast Eagles","Fremantle","Fremantle",17,"https://s.afl.com.au/staticfile/AFL Tenant/AFL/Players/ChampIDImages/AFL/2025014/990827.png?im=Scale,width=0.6,height=0.6","INT","CD_I990827",FALSE,17,"Jack","Graham","CD_T150",NA,78,0,1,NA,9,8,17,0,1,7,9,9,18,2,0,0,0,3,70.6,2,1,2,67,3,1,0,8.9,NA,NA,1,4,1,1,NA,NA,NA,5,256,1,1,2,6,66.7,1.1,12,0,0,50,0,0,0,5,0,2,22,12,0,0,0,0,0,0,0,0,18,0,0,"CD_I990827",FALSE,17,"Jack","Graham","home","West Coast Eagles"
"CD_M20250140307","2025-03-30T07:10:00.000+0000","CONCLUDED","Premiership","Round 3",3,"Optus Stadium","West Coast Eagles","West Coast Eagles","Fremantle","Fremantle",8,"https://s.afl.com.au/staticfile/AFL Tenant/AFL/Players/ChampIDImages/AFL/2025014/1020670.png?im=Scale,width=0.6,height=0.6","SUB","CD_I1020670",FALSE,8,"Elijah","Hewett","CD_T150",NA,33,0,0,NA,2,4,6,0,0,2,3,3,6,1,0,0,0,1,50,1,0,0,22,0,0,0,2.1,NA,NA,2,2,0,0,NA,NA,NA,3,90,1,0,1,1,50,0.5,3,0,0,50,0,0,0,2,0,1,8,4,1,0,0,0,0,0,0,0,8,0,0,"CD_I1020670",FALSE,8,"Elijah","Hewett","home","West Coast Eagles"
"CD_M20250140307","2025-03-30T07:10:00.000+0000","CONCLUDED","Premiership","Round 3",3,"Optus Stadium","West Coast Eagles","West Coast Eagles","Fremantle","Fremantle",19,"https://s.afl.com.au/staticfile/AFL Tenant/AFL/Players/ChampIDImages/AFL/2025014/1023167.png?im=Scale,width=0.6,height=0.6","BPL","CD_I1023167",FALSE,19,"Brady","Hough","CD_T150",NA,90,0,0,NA,7,6,13,5,0,0,4,10,14,1,0,1,0,1,84.6,3,1,2,43,2,0,0,5.5,NA,NA,4,6,0,0,NA,NA,NA,3,122,0,0,0,5,71.4,1.2,11,0,2,28.6,0,0,0,2,0,3,8,8,1,0,1,0,0,0,0,0,0,0,0,"CD_I1023167",FALSE,19,"Brady","Hough","home","West Coast Eagles"
"CD_M20250140307","2025-03-30T07:10:00.000+0000","CONCLUDED","Premiership","Round 3",3,"Optus Stadium","West Coast Eagles","West Coast Eagles","Fremantle","Fremantle",5,"https://s.afl.com.au/staticfile/AFL Tenant/AFL/Players/ChampIDImages/AFL/2025014/994385.png?im=Scale,width=0.6,height=0.6","WR","CD_I994385",FALSE,5,"Jayden","Hunt","CD_T150",NA,87,1,2,NA,11,3,14,3,0,0,5,9,14,2,1,0,0,0,50,4,0,1,53,3,0,33.3,8.5,NA,NA,6,3,0,3,NA,NA,NA,5,457,0,2,2,4,36.4,3.7,7,1,1,35.7,0,0,0,5,1,4,7,5,0,0,1,1,100,0,0,0,0,0,0,"CD_I994385",FALSE,5,"Jayden","Hunt","home","West Coast Eagles"
"CD_M20250140307","2025-03-30T07:10:00.000+0000","CONCLUDED","Premiership","Round 3",3,"Optus Stadium","West Coast Eagles","West Coast Eagles","Fremantle","Fremantle",11,"https://s.afl.com.au/staticfile/AFL Tenant/AFL/Players/ChampIDImages/AFL/2025014/295898.png?im=Scale,width=0.6,height=0.6","C","CD_I295898",FALSE,11,"Tim","Kelly","CD_T150",NA,77,0,1,NA,12,6,18,3,0,2,7,12,19,3,0,0,0,0,66.7,3,0,2,60,1,1,0,8.1,NA,NA,5,1,0,1,NA,NA,NA,4,265,1,3,4,6,50,2,12,1,0,36.8,0,0,0,4,2,1,16,8,0,0,0,0,0,0,0,0,18,0,0,"CD_I295898",FALSE,11,"Tim","Kelly","home","West Coast Eagles"
"CD_M20250140307","2025-03-30T07:10:00.000+0000","CONCLUDED","Premiership","Round 3",3,"Optus Stadium","West Coast Eagles","West Coast Eagles","Fremantle","Fremantle",13,"https://s.afl.com.au/staticfile/AFL Tenant/AFL/Players/ChampIDImages/AFL/2025014/1023496.png?im=Scale,width=0.6,height=0.6","FPL","CD_I1023496",FALSE,13,"Noah","Long","CD_T150",NA,85,0,0,NA,4,7,11,4,1,0,3,9,12,1,0,0,0,1,81.8,2,0,0,38,1,0,0,-0.8,NA,NA,0,2,0,0,NA,NA,NA,4,184,0,1,1,2,50,0.6,9,0,0,25,0,0,0,1,0,0,5,3,0,0,0,0,0,0,0,0,0,0,0,"CD_I1023496",FALSE,13,"Noah","Long","home","West Coast Eagles"
"CD_M20250140307","2025-03-30T07:10:00.000+0000","CONCLUDED","Premiership","Round 3",3,"Optus Stadium","West Coast Eagles","West Coast Eagles","Fremantle","Fremantle",23,"https://s.afl.com.au/staticfile/AFL Tenant/AFL/Players/ChampIDImages/AFL/2025014/1029416.png?im=Scale,width=0.6,height=0.6","HBFR","CD_I1029416",FALSE,23,"Ryan","Maric","CD_T150",NA,85,0,0,NA,24,4,28,8,3,0,4,15,19,1,0,1,0,3,75,4,0,1,101,6,1,0,10.7,NA,NA,4,6,0,0,NA,NA,NA,2,445,0,0,0,17,70.8,6,21,0,3,21.1,0,0,0,3,0,1,9,8,3,0,2,0,0,0,0,0,0,9,9,"CD_I1029416",FALSE,23,"Ryan","Maric","home","West Coast Eagles"
"CD_M20250140307","2025-03-30T07:10:00.000+0000","CONCLUDED","Premiership","Round 3",3,"Optus Stadium","West Coast Eagles","West Coast Eagles","Fremantle","Fremantle",20,"https://s.afl.com.au/staticfile/AFL Tenant/AFL/Players/ChampIDImages/AFL/2025014/294859.png?im=Scale,width=0.6,height=0.6","CHB","CD_I294859",FALSE,20,"Jeremy","McGovern","CD_T150",NA,57,0,0,NA,12,3,15,9,0,1,4,9,13,0,0,1,0,5,93.3,3,0,2,67,8,0,0,8.5,NA,NA,1,6,0,0,NA,NA,NA,1,249,0,0,0,11,91.7,4,14,0,2,30.8,0,0,0,2,0,0,5,5,4,0,1,0,0,0,0,0,0,2,2,"CD_I294859",FALSE,20,"Jeremy","McGovern","home","West Coast Eagles"
"CD_M20250140307","2025-03-30T07:10:00.000+0000","CONCLUDED","Premiership","Round 3",3,"Optus Stadium","West Coast Eagles","West Coast Eagles","Fremantle","Fremantle",16,"https://s.afl.com.au/staticfile/AFL Tenant/AFL/Players/ChampIDImages/AFL/2025014/1013973.png?im=Scale,width=0.6,height=0.6","INT","CD_I1013973",FALSE,16,"Matthew","Owies","CD_T150",NA,76,1,0,NA,2,4,6,1,0,3,2,4,6,1,1,0,0,0,50,2,0,0,35,0,0,100,1.3,NA,NA,3,0,3,1,NA,NA,NA,2,84,0,0,0,1,50,0.5,3,0,0,33.3,0,0,0,2,1,0,14,2,0,0,0,0,0,1,0,0,0,0,0,"CD_I1013973",FALSE,16,"Matthew","Owies","home","West Coast Eagles"
"CD_M20250140307","2025-03-30T07:10:00.000+0000","CONCLUDED","Premiership","Round 3",3,"Optus Stadium","West Coast Eagles","West Coast Eagles","Fremantle","Fremantle",22,"https://s.afl.com.au/staticfile/AFL Tenant/AFL/Players/ChampIDImages/AFL/2025014/1027693.png?im=Scale,width=0.6,height=0.6","CHF","CD_I1027693",FALSE,22,"Archer","Reid","CD_T150",NA,83,2,2,NA,7,1,8,5,0,1,8,2,10,2,4,3,6,4,62.5,0,2,0,64,0,1,40,13.7,NA,NA,0,2,0,5,NA,NA,NA,7,134,0,1,1,4,57.1,7,5,0,1,80,2,37.5,33.3,1,0,0,9,2,1,16,1,0,0,3,2,66.7,5,0,0,"CD_I1027693",FALSE,22,"Archer","Reid","home","West Coast Eagles"
"CD_M20250140307","2025-03-30T07:10:00.000+0000","CONCLUDED","Premiership","Round 3",3,"Optus Stadium","West Coast Eagles","West Coast Eagles","Fremantle","Fremantle",9,"https://s.afl.com.au/staticfile/AFL Tenant/AFL/Players/ChampIDImages/AFL/2025014/1023492.png?im=Scale,width=0.6,height=0.6","RR","CD_I1023492",FALSE,9,"Harley","Reid","CD_T150",NA,85,1,1,NA,11,4,15,3,2,3,5,8,13,3,1,1,0,0,60,6,1,3,61,1,1,50,6.6,NA,NA,5,2,1,2,NA,NA,NA,5,382,0,1,1,5,45.5,2.8,9,0,0,38.5,0,0,0,2,1,0,14,5,0,0,0,0,0,0,0,0,13,0,0,"CD_I1023492",FALSE,9,"Harley","Reid","home","West Coast Eagles"
"CD_M20250140307","2025-03-30T07:10:00.000+0000","CONCLUDED","Premiership","Round 3",3,"Optus Stadium","West Coast Eagles","West Coast Eagles","Fremantle","Fremantle",1,"https://s.afl.com.au/staticfile/AFL Tenant/AFL/Players/ChampIDImages/AFL/2025014/1004364.png?im=Scale,width=0.6,height=0.6","HFFR","CD_I1004364",FALSE,1,"Liam","Ryan","CD_T150",NA,84,1,0,NA,8,2,10,3,0,0,4,5,9,5,0,0,0,0,50,2,0,0,43,0,1,50,8.1,NA,NA,3,2,0,2,NA,NA,NA,4,263,0,0,0,5,62.5,4,5,1,0,44.4,0,0,0,4,2,1,8,3,0,0,0,0,0,0,0,0,2,0,0,"CD_I1004364",FALSE,1,"Liam","Ryan","home","West Coast Eagles"
"CD_M20250140307","2025-03-30T07:10:00.000+0000","CONCLUDED","Premiership","Round 3",3,"Optus Stadium","West Coast Eagles","West Coast Eagles","Fremantle","Fremantle",32,"https://s.afl.com.au/staticfile/AFL Tenant/AFL/Players/ChampIDImages/AFL/2025014/1006114.png?im=Scale,width=0.6,height=0.6","RK","CD_I1006114",FALSE,32,"Bailey J.","Williams","CD_T150",NA,75,0,0,NA,7,6,13,1,0,4,11,1,12,4,0,0,22,2,69.2,1,2,0,76,0,0,0,16.9,NA,NA,2,4,1,1,NA,NA,NA,3,209,4,1,5,3,42.9,1.2,9,1,0,91.7,6,40,27.3,8,0,2,17,10,1,55,0,0,0,0,0,0,22,0,0,"CD_I1006114",FALSE,32,"Bailey J.","Williams","home","West Coast Eagles"
"CD_M20250140307","2025-03-30T07:10:00.000+0000","CONCLUDED","Premiership","Round 3",3,"Optus Stadium","West Coast Eagles","West Coast Eagles","Fremantle","Fremantle",34,"https://s.afl.com.au/staticfile/AFL Tenant/AFL/Players/ChampIDImages/AFL/2025014/1020371.png?im=Scale,width=0.6,height=0.6","INT","CD_I1020371",FALSE,34,"Jack","Williams","CD_T150",NA,81,1,0,NA,4,4,8,4,0,5,3,5,8,2,1,1,1,0,87.5,1,0,1,56,0,1,100,7,NA,NA,1,0,3,1,NA,NA,NA,3,122,0,0,0,4,100,1,7,1,0,37.5,0,20,0,2,1,0,6,1,0,5,0,0,0,1,0,0,1,0,0,"CD_I1020371",FALSE,34,"Jack","Williams","home","West Coast Eagles"
"CD_M20250140307","2025-03-30T07:10:00.000+0000","CONCLUDED","Premiership","Round 3",3,"Optus Stadium","West Coast Eagles","West Coast Eagles","Fremantle","Fremantle",11,"https://s.afl.com.au/staticfile/AFL Tenant/AFL/Players/ChampIDImages/AFL/2025014/295067.png?im=Scale,width=0.6,height=0.6","SUB","CD_I295067",FALSE,11,"James","Aish","CD_T60",NA,20,0,0,NA,1,2,3,0,0,1,2,1,3,0,0,0,0,1,100,0,2,0,13,1,0,0,2.2,NA,NA,0,2,0,0,NA,NA,NA,1,23,0,0,0,1,100,0.5,3,0,0,66.7,0,0,0,1,0,1,7,6,1,0,0,0,0,0,0,0,0,0,0,"CD_I295067",FALSE,11,"James","Aish","away","Fremantle"
"CD_M20250140307","2025-03-30T07:10:00.000+0000","CONCLUDED","Premiership","Round 3",3,"Optus Stadium","West Coast Eagles","West Coast Eagles","Fremantle","Fremantle",24,"https://s.afl.com.au/staticfile/AFL Tenant/AFL/Players/ChampIDImages/AFL/2025014/1020594.png?im=Scale,width=0.6,height=0.6","FPR","CD_I1020594",FALSE,24,"Jye","Amiss","CD_T60",NA,91,4,1,NA,7,3,10,6,0,1,1,9,10,1,6,0,0,0,80,1,1,0,75,0,0,66.7,5.3,NA,NA,1,0,1,6,NA,NA,NA,7,181,0,0,0,5,71.4,2.3,8,1,0,10,0,0,0,0,0,0,4,0,0,0,0,0,0,2,0,0,0,0,0,"CD_I1020594",FALSE,24,"Jye","Amiss","away","Fremantle"
"CD_M20250140307","2025-03-30T07:10:00.000+0000","CONCLUDED","Premiership","Round 3",3,"Optus Stadium","West Coast Eagles","West Coast Eagles","Fremantle","Fremantle",41,"https://s.afl.com.au/staticfile/AFL Tenant/AFL/Players/ChampIDImages/AFL/2025014/998180.png?im=Scale,width=0.6,height=0.6","INT","CD_I998180",FALSE,41,"Bailey","Banfield","CD_T60",NA,78,0,0,NA,9,9,18,2,0,2,10,9,19,3,0,0,0,4,72.2,2,1,0,60,0,2,0,13.6,NA,NA,2,3,0,1,NA,NA,NA,5,257,0,2,2,6,66.7,1,13,0,0,52.6,0,0,0,7,1,2,14,7,1,0,0,0,0,0,0,0,0,0,0,"CD_I998180",FALSE,41,"Bailey","Banfield","away","Fremantle"
"CD_M20250140307","2025-03-30T07:10:00.000+0000","CONCLUDED","Premiership","Round 3",3,"Optus Stadium","West Coast Eagles","West Coast Eagles","Fremantle","Fremantle",15,"https://s.afl.com.au/staticfile/AFL Tenant/AFL/Players/ChampIDImages/AFL/2025014/993993.png?im=Scale,width=0.6,height=0.6","HFFR","CD_I993993",FALSE,15,"Shai","Bolton","CD_T60",NA,79,0,2,NA,7,14,21,3,5,2,12,11,23,5,1,0,0,2,66.7,8,2,2,64,0,1,0,14.8,NA,NA,7,4,2,2,NA,NA,NA,10,327,1,1,2,3,42.9,0.5,14,2,0,52.2,0,0,0,9,4,2,16,0,0,0,0,0,0,0,0,0,11,0,0,"CD_I993993",FALSE,15,"Shai","Bolton","away","Fremantle"
"CD_M20250140307","2025-03-30T07:10:00.000+0000","CONCLUDED","Premiership","Round 3",3,"Optus Stadium","West Coast Eagles","West Coast Eagles","Fremantle","Fremantle",8,"https://s.afl.com.au/staticfile/AFL Tenant/AFL/Players/ChampIDImages/AFL/2025014/1002232.png?im=Scale,width=0.6,height=0.6","R","CD_I1002232",FALSE,8,"Andrew","Brayshaw","CD_T60",NA,78,0,2,NA,17,12,29,1,0,7,9,20,29,9,0,0,0,0,69,4,2,0,110,4,2,0,15.8,NA,NA,6,3,1,2,NA,NA,NA,11,696,3,3,6,8,47.1,1.4,20,0,0,31,0,0,0,3,1,3,15,9,0,0,0,0,0,0,0,0,20,0,0,"CD_I1002232",FALSE,8,"Andrew","Brayshaw","away","Fremantle"
"CD_M20250140307","2025-03-30T07:10:00.000+0000","CONCLUDED","Premiership","Round 3",3,"Optus Stadium","West Coast Eagles","West Coast Eagles","Fremantle","Fremantle",5,"https://s.afl.com.au/staticfile/AFL Tenant/AFL/Players/ChampIDImages/AFL/2025014/1013224.png?im=Scale,width=0.6,height=0.6","HBFL","CD_I1013224",FALSE,5,"Heath","Chapman","CD_T60",NA,87,0,0,NA,10,2,12,5,0,1,3,9,12,4,0,1,0,2,83.3,2,0,2,47,3,1,0,7.5,NA,NA,4,5,0,0,NA,NA,NA,4,373,0,0,0,9,90,5,10,0,2,25,0,0,0,2,0,2,9,7,2,0,1,0,0,0,0,0,0,0,0,"CD_I1013224",FALSE,5,"Heath","Chapman","away","Fremantle"
"CD_M20250140307","2025-03-30T07:10:00.000+0000","CONCLUDED","Premiership","Round 3",3,"Optus Stadium","West Coast Eagles","West Coast Eagles","Fremantle","Fremantle",6,"https://s.afl.com.au/staticfile/AFL Tenant/AFL/Players/ChampIDImages/AFL/2025014/1006152.png?im=Scale,width=0.6,height=0.6","HBFR","CD_I1006152",FALSE,6,"Jordan","Clark","CD_T60",NA,91,1,0,NA,15,3,18,6,0,4,3,12,15,4,0,1,0,0,88.9,2,0,1,88,3,0,100,12,NA,NA,5,3,0,1,NA,NA,NA,4,498,0,0,0,13,86.7,5,16,1,1,20,0,0,0,2,0,2,13,5,0,0,0,0,0,1,1,100,0,2,2,"CD_I1006152",FALSE,6,"Jordan","Clark","away","Fremantle"
"CD_M20250140307","2025-03-30T07:10:00.000+0000","CONCLUDED","Premiership","Round 3",3,"Optus Stadium","West Coast Eagles","West Coast Eagles","Fremantle","Fremantle",36,"https://s.afl.com.au/staticfile/AFL Tenant/AFL/Players/ChampIDImages/AFL/2025014/997033.png?im=Scale,width=0.6,height=0.6","BPR","CD_I997033",FALSE,36,"Brennan","Cox","CD_T60",NA,80,0,0,NA,5,1,6,3,0,0,2,4,6,0,0,1,0,4,83.3,0,0,0,26,1,0,0,5.2,NA,NA,1,4,0,0,NA,NA,NA,2,64,0,0,0,4,80,5,5,0,2,33.3,0,0,0,1,0,1,2,2,3,0,2,1,50,0,0,0,0,0,0,"CD_I997033",FALSE,36,"Brennan","Cox","away","Fremantle"
"CD_M20250140307","2025-03-30T07:10:00.000+0000","CONCLUDED","Premiership","Round 3",3,"Optus Stadium","West Coast Eagles","West Coast Eagles","Fremantle","Fremantle",37,"https://s.afl.com.au/staticfile/AFL Tenant/AFL/Players/ChampIDImages/AFL/2025014/1020668.png?im=Scale,width=0.6,height=0.6","BPL","CD_I1020668",FALSE,37,"Joshua","Draper","CD_T60",NA,88,0,0,NA,3,1,4,2,0,0,2,2,4,1,0,1,0,3,100,1,0,0,17,1,0,0,2.6,NA,NA,1,1,0,0,NA,NA,NA,0,129,0,1,1,3,100,3,4,0,1,50,0,0,0,0,0,0,2,2,2,0,1,0,0,0,0,0,0,0,0,"CD_I1020668",FALSE,37,"Joshua","Draper","away","Fremantle"
"CD_M20250140307","2025-03-30T07:10:00.000+0000","CONCLUDED","Premiership","Round 3",3,"Optus Stadium","West Coast Eagles","West Coast Eagles","Fremantle","Fremantle",43,"https://s.afl.com.au/staticfile/AFL Tenant/AFL/Players/ChampIDImages/AFL/2025014/1011558.png?im=Scale,width=0.6,height=0.6","INT","CD_I1011558",FALSE,43,"Isaiah","Dudley","CD_T60",NA,69,2,0,NA,9,1,10,3,1,0,2,9,11,4,1,0,0,1,80,0,0,0,50,0,0,66.7,12.8,NA,NA,0,1,0,3,NA,NA,NA,6,248,0,0,0,7,77.8,9,8,1,0,18.2,0,0,0,1,0,0,9,0,0,0,0,0,0,0,0,0,0,0,0,"CD_I1011558",FALSE,43,"Isaiah","Dudley","away","Fremantle"
"CD_M20250140307","2025-03-30T07:10:00.000+0000","CONCLUDED","Premiership","Round 3",3,"Optus Stadium","West Coast Eagles","West Coast Eagles","Fremantle","Fremantle",28,"https://s.afl.com.au/staticfile/AFL Tenant/AFL/Players/ChampIDImages/AFL/2025014/1020250.png?im=Scale,width=0.6,height=0.6","INT","CD_I1020250",FALSE,28,"Neil","Erasmus","CD_T60",NA,65,0,1,NA,8,10,18,5,0,1,6,13,19,3,0,0,0,1,83.3,1,0,1,61,2,1,0,6.3,NA,NA,3,2,0,1,NA,NA,NA,5,223,2,2,4,6,75,0.8,15,0,0,31.6,0,0,0,4,0,0,13,4,1,0,0,0,0,0,0,0,11,0,0,"CD_I1020250",FALSE,28,"Neil","Erasmus","away","Fremantle"
"CD_M20250140307","2025-03-30T07:10:00.000+0000","CONCLUDED","Premiership","Round 3",3,"Optus Stadium","West Coast Eagles","West Coast Eagles","Fremantle","Fremantle",32,"https://s.afl.com.au/staticfile/AFL Tenant/AFL/Players/ChampIDImages/AFL/2025014/999321.png?im=Scale,width=0.6,height=0.6","CHF","CD_I999321",FALSE,32,"Michael","Frederick","CD_T60",NA,81,1,0,NA,10,4,14,7,0,0,3,12,15,5,2,2,0,0,64.3,3,0,1,62,0,1,50,12.4,NA,NA,4,0,0,2,NA,NA,NA,6,338,0,0,0,7,70,2.5,9,2,0,20,0,0,0,1,0,0,7,1,0,0,0,0,0,1,0,0,0,0,0,"CD_I999321",FALSE,32,"Michael","Frederick","away","Fremantle"
"CD_M20250140307","2025-03-30T07:10:00.000+0000","CONCLUDED","Premiership","Round 3",3,"Optus Stadium","West Coast Eagles","West Coast Eagles","Fremantle","Fremantle",9,"https://s.afl.com.au/staticfile/AFL Tenant/AFL/Players/ChampIDImages/AFL/2025014/1009399.png?im=Scale,width=0.6,height=0.6","RK","CD_I1009399",FALSE,9,"Luke","Jackson","CD_T60",NA,79,1,0,NA,7,10,17,5,0,2,7,10,17,3,1,1,35,3,82.4,1,0,1,102,1,0,100,24.7,NA,NA,1,6,0,1,NA,NA,NA,9,191,3,1,4,5,71.4,0.7,14,0,4,41.2,18,55.6,51.4,5,0,7,9,4,2,63,0,0,0,0,0,0,24,0,0,"CD_I1009399",FALSE,9,"Luke","Jackson","away","Fremantle"
"CD_M20250140307","2025-03-30T07:10:00.000+0000","CONCLUDED","Premiership","Round 3",3,"Optus Stadium","West Coast Eagles","West Coast Eagles","Fremantle","Fremantle",44,"https://s.afl.com.au/staticfile/AFL Tenant/AFL/Players/ChampIDImages/AFL/2025014/1016825.png?im=Scale,width=0.6,height=0.6","WL","CD_I1016825",FALSE,44,"Matthew","Johnson","CD_T60",NA,84,1,1,NA,10,7,17,5,0,2,4,12,16,3,0,0,0,0,76.5,1,1,0,75,0,0,50,6.6,NA,NA,3,0,0,2,NA,NA,NA,4,298,3,0,3,8,80,1.4,13,0,0,25,0,0,0,3,1,0,15,11,0,0,0,0,0,0,0,0,20,0,0,"CD_I1016825",FALSE,44,"Matthew","Johnson","away","Fremantle"
"CD_M20250140307","2025-03-30T07:10:00.000+0000","CONCLUDED","Premiership","Round 3",3,"Optus Stadium","West Coast Eagles","West Coast Eagles","Fremantle","Fremantle",30,"https://s.afl.com.au/staticfile/AFL Tenant/AFL/Players/ChampIDImages/AFL/2025014/1013220.png?im=Scale,width=0.6,height=0.6","C","CD_I1013220",FALSE,30,"Nathan","O'Driscoll","CD_T60",NA,83,1,0,NA,15,7,22,4,0,6,12,10,22,6,0,1,0,0,72.7,6,4,2,99,0,1,100,13.6,NA,NA,5,6,2,1,NA,NA,NA,5,360,1,4,5,10,66.7,2.1,16,0,1,54.5,0,0,0,7,1,1,9,2,0,0,0,0,0,0,0,0,2,0,0,"CD_I1013220",FALSE,30,"Nathan","O'Driscoll","away","Fremantle"
"CD_M20250140307","2025-03-30T07:10:00.000+0000","CONCLUDED","Premiership","Round 3",3,"Optus Stadium","West Coast Eagles","West Coast Eagles","Fremantle","Fremantle",25,"https://s.afl.com.au/staticfile/AFL Tenant/AFL/Players/ChampIDImages/AFL/2025014/298409.png?im=Scale,width=0.6,height=0.6","FB","CD_I298409",FALSE,25,"Alex","Pearce","CD_T60",NA,88,0,0,NA,7,1,8,5,0,0,2,6,8,1,0,0,0,4,100,0,0,0,38,2,0,0,11.1,NA,NA,0,6,0,0,NA,NA,NA,1,171,0,0,0,7,100,7,8,0,3,25,0,0,0,2,0,1,7,6,3,0,1,0,0,0,0,0,0,0,0,"CD_I298409",FALSE,25,"Alex","Pearce","away","Fremantle"
"CD_M20250140307","2025-03-30T07:10:00.000+0000","CONCLUDED","Premiership","Round 3",3,"Optus Stadium","West Coast Eagles","West Coast Eagles","Fremantle","Fremantle",16,"https://s.afl.com.au/staticfile/AFL Tenant/AFL/Players/ChampIDImages/AFL/2025014/1028513.png?im=Scale,width=0.6,height=0.6","HFFL","CD_I1028513",FALSE,16,"Murphy","Reid","CD_T60",NA,79,0,2,NA,9,10,19,2,0,5,6,11,17,3,1,0,0,2,73.7,1,0,0,75,0,2,0,11.3,NA,NA,0,0,3,2,NA,NA,NA,10,225,0,1,1,6,66.7,0.9,14,0,0,35.3,0,0,0,6,2,1,12,3,1,0,0,0,0,2,1,50,0,0,0,"CD_I1028513",FALSE,16,"Murphy","Reid","away","Fremantle"
"CD_M20250140307","2025-03-30T07:10:00.000+0000","CONCLUDED","Premiership","Round 3",3,"Optus Stadium","West Coast Eagles","West Coast Eagles","Fremantle","Fremantle",13,"https://s.afl.com.au/staticfile/AFL Tenant/AFL/Players/ChampIDImages/AFL/2025014/998659.png?im=Scale,width=0.6,height=0.6","CHB","CD_I998659",FALSE,13,"Luke","Ryan","CD_T60",NA,83,0,0,NA,14,2,16,6,0,1,3,10,13,1,0,0,0,5,81.3,1,2,0,70,3,1,0,8.3,NA,NA,3,4,0,0,NA,NA,NA,5,321,0,1,1,11,78.6,7,13,0,2,23.1,0,0,0,1,0,3,4,1,5,0,1,1,100,0,0,0,0,4,4,"CD_I998659",FALSE,13,"Luke","Ryan","away","Fremantle"
"CD_M20250140307","2025-03-30T07:10:00.000+0000","CONCLUDED","Premiership","Round 3",3,"Optus Stadium","West Coast Eagles","West Coast Eagles","Fremantle","Fremantle",3,"https://s.afl.com.au/staticfile/AFL Tenant/AFL/Players/ChampIDImages/AFL/2025014/1009420.png?im=Scale,width=0.6,height=0.6","RR","CD_I1009420",FALSE,3,"Caleb","Serong","CD_T60",NA,79,0,0,NA,18,17,35,2,0,1,17,17,34,4,0,0,0,1,62.9,8,2,0,100,4,0,0,15.8,NA,NA,7,5,0,0,NA,NA,NA,4,498,3,7,10,8,44.4,1.1,22,0,0,50,0,0,0,9,1,1,10,4,0,0,0,0,0,0,0,0,20,0,0,"CD_I1009420",FALSE,3,"Caleb","Serong","away","Fremantle"
"CD_M20250140307","2025-03-30T07:10:00.000+0000","CONCLUDED","Premiership","Round 3",3,"Optus Stadium","West Coast Eagles","West Coast Eagles","Fremantle","Fremantle",14,"https://s.afl.com.au/staticfile/AFL Tenant/AFL/Players/ChampIDImages/AFL/2025014/1009380.png?im=Scale,width=0.6,height=0.6","WR","CD_I1009380",FALSE,14,"Jeremy","Sharp","CD_T60",NA,75,0,1,NA,5,4,9,2,0,1,1,7,8,2,0,0,0,0,77.8,2,0,1,31,0,0,0,-0.7,NA,NA,2,2,0,1,NA,NA,NA,2,125,0,1,1,3,60,1.3,7,0,0,12.5,0,0,0,1,0,0,4,1,0,0,0,0,0,0,0,0,0,0,0,"CD_I1009380",FALSE,14,"Jeremy","Sharp","away","Fremantle"
"CD_M20250140307","2025-03-30T07:10:00.000+0000","CONCLUDED","Premiership","Round 3",3,"Optus Stadium","West Coast Eagles","West Coast Eagles","Fremantle","Fremantle",35,"https://s.afl.com.au/staticfile/AFL Tenant/AFL/Players/ChampIDImages/AFL/2025014/1012819.png?im=Scale,width=0.6,height=0.6","FF","CD_I1012819",FALSE,35,"Josh","Treacy","CD_T60",NA,83,3,0,NA,6,7,13,5,0,1,7,6,13,0,3,3,0,0,92.3,3,2,2,65,0,1,100,12.8,NA,NA,4,1,0,3,NA,NA,NA,5,220,0,0,0,5,83.3,0.9,12,1,0,53.8,0,0,0,2,0,1,8,1,0,0,0,0,0,3,2,66.7,0,0,0,"CD_I1012819",FALSE,35,"Josh","Treacy","away","Fremantle"
"CD_M20250140307","2025-03-30T07:10:00.000+0000","CONCLUDED","Premiership","Round 3",3,"Optus Stadium","West Coast Eagles","West Coast Eagles","Fremantle","Fremantle",20,"https://s.afl.com.au/staticfile/AFL Tenant/AFL/Players/ChampIDImages/AFL/2025014/1017754.png?im=Scale,width=0.6,height=0.6","FPL","CD_I1017754",FALSE,20,"Patrick","Voss","CD_T60",NA,78,1,3,NA,9,3,12,7,0,1,5,7,12,2,6,2,3,0,41.7,6,2,3,63,0,1,16.7,-2.7,NA,NA,3,1,1,6,NA,NA,NA,5,236,0,0,0,4,44.4,3,5,3,0,41.7,0,23.1,0,1,0,0,17,2,0,13,0,0,0,4,0,0,4,0,0,"CD_I1017754",FALSE,20,"Patrick","Voss","away","Fremantle"
"CD_M20250140307","2025-03-30T07:10:00.000+0000","CONCLUDED","Premiership","Round 3",3,"Optus Stadium","West Coast Eagles","West Coast Eagles","Fremantle","Fremantle",23,"https://s.afl.com.au/staticfile/AFL Tenant/AFL/Players/ChampIDImages/AFL/2025014/1021015.png?im=Scale,width=0.6,height=0.6","INT","CD_I1021015",FALSE,23,"Karl","Worner","CD_T60",NA,83,0,0,NA,9,4,13,3,0,0,3,8,11,1,0,0,0,3,76.9,2,0,0,44,2,0,0,2.1,NA,NA,3,5,0,0,NA,NA,NA,4,213,0,0,0,6,66.7,2.3,10,0,1,27.3,0,0,0,3,0,3,3,2,2,0,0,0,0,0,0,0,0,1,1,"CD_I1021015",FALSE,23,"Karl","Worner","away","Fremantle"
"CD_M20250140401","2025-04-03T08:30:00.000+0000","CONCLUDED","Premiership","Round 4",4,"MCG","Collingwood","Collingwood","Carlton","Carlton",14,"https://s.afl.com.au/staticfile/AFL Tenant/AFL/Players/ChampIDImages/AFL/2025014/990291.png?im=Scale,width=0.6,height=0.6","RK","CD_I990291",FALSE,14,"Darcy","Cameron","CD_T40",NA,77,0,0,NA,16,6,22,6,0,5,11,10,21,3,0,0,33,3,45.5,7,4,3,126,2,0,0,6.2,NA,NA,3,6,0,0,NA,NA,NA,2,107,0,8,8,5,31.3,2.7,10,0,5,52.4,5,36.3,15.2,4,0,1,16,6,1,91,0,0,0,3,0,0,14,0,0,"CD_I990291",FALSE,14,"Darcy","Cameron","home","Collingwood"
"CD_M20250140401","2025-04-03T08:30:00.000+0000","CONCLUDED","Premiership","Round 4",4,"MCG","Collingwood","Collingwood","Carlton","Carlton",25,"https://s.afl.com.au/staticfile/AFL Tenant/AFL/Players/ChampIDImages/AFL/2025014/293871.png?im=Scale,width=0.6,height=0.6","WR","CD_I293871",FALSE,25,"Jack","Crisp","CD_T40",NA,80,0,0,NA,10,12,22,6,0,1,9,13,22,4,0,0,0,1,59.1,3,0,0,76,1,0,0,9.5,NA,NA,3,6,0,0,NA,NA,NA,1,337,0,2,2,5,50,0.8,13,0,0,40.9,0,0,0,8,0,0,7,2,0,0,0,0,0,0,0,0,0,0,0,"CD_I293871",FALSE,25,"Jack","Crisp","home","Collingwood"
"CD_M20250140401","2025-04-03T08:30:00.000+0000","CONCLUDED","Premiership","Round 4",4,"MCG","Collingwood","Collingwood","Carlton","Carlton",7,"https://s.afl.com.au/staticfile/AFL Tenant/AFL/Players/ChampIDImages/AFL/2025014/1005054.png?im=Scale,width=0.6,height=0.6","INT","CD_I1005054",FALSE,7,"Josh","Daicos","CD_T40",NA,87,0,0,NA,16,15,31,5,2,3,4,23,27,1,0,0,0,1,74.2,5,0,2,99,6,0,0,6.4,NA,NA,8,5,0,0,NA,NA,NA,4,456,0,1,1,11,68.8,1.1,23,1,0,14.8,0,0,0,4,0,0,11,9,0,0,0,0,0,0,0,0,0,2,2,"CD_I1005054",FALSE,7,"Josh","Daicos","home","Collingwood"
"CD_M20250140401","2025-04-03T08:30:00.000+0000","CONCLUDED","Premiership","Round 4",4,"MCG","Collingwood","Collingwood","Carlton","Carlton",35,"https://s.afl.com.au/staticfile/AFL Tenant/AFL/Players/ChampIDImages/AFL/2025014/1023261.png?im=Scale,width=0.6,height=0.6","R","CD_I1023261",FALSE,35,"Nick","Daicos","CD_T40",NA,85,0,1,NA,12,15,27,1,1,4,13,15,28,5,0,0,0,0,55.6,6,2,4,76,2,1,0,9.7,NA,NA,8,4,2,1,NA,NA,NA,4,398,4,2,6,5,41.7,0.8,15,0,1,46.4,0,0,0,10,0,0,20,8,0,0,0,0,0,0,0,0,16,0,0,"CD_I1023261",FALSE,35,"Nick","Daicos","home","Collingwood"
"CD_M20250140401","2025-04-03T08:30:00.000+0000","CONCLUDED","Premiership","Round 4",4,"MCG","Collingwood","Collingwood","Carlton","Carlton",2,"https://s.afl.com.au/staticfile/AFL Tenant/AFL/Players/ChampIDImages/AFL/2025014/994185.png?im=Scale,width=0.6,height=0.6","HFFR","CD_I994185",FALSE,2,"Jordan","De Goey","CD_T40",NA,62,2,0,NA,5,3,8,3,0,2,5,4,9,3,1,0,0,1,87.5,3,0,3,41,0,0,100,15.3,NA,NA,1,2,1,2,NA,NA,NA,4,204,0,0,0,5,100,1.7,7,0,0,55.6,0,0,0,5,2,0,12,3,0,0,0,0,0,0,0,0,7,0,0,"CD_I994185",FALSE,2,"Jordan","De Goey","home","Collingwood"
"CD_M20250140401","2025-04-03T08:30:00.000+0000","CONCLUDED","Premiership","Round 4",4,"MCG","Collingwood","Collingwood","Carlton","Carlton",5,"https://s.afl.com.au/staticfile/AFL Tenant/AFL/Players/ChampIDImages/AFL/2025014/293801.png?im=Scale,width=0.6,height=0.6","FPL","CD_I293801",FALSE,5,"Jamie","Elliott","CD_T40",NA,85,0,0,NA,3,6,9,1,0,7,5,5,10,0,0,0,0,3,77.8,4,0,1,49,0,2,0,5.9,NA,NA,2,0,2,1,NA,NA,NA,4,58,0,2,2,1,33.3,0.5,7,0,0,50,0,0,0,3,0,1,27,5,0,0,0,0,0,1,0,0,0,0,0,"CD_I293801",FALSE,5,"Jamie","Elliott","home","Collingwood"
"CD_M20250140401","2025-04-03T08:30:00.000+0000","CONCLUDED","Premiership","Round 4",4,"MCG","Collingwood","Collingwood","Carlton","Carlton",17,"https://s.afl.com.au/staticfile/AFL Tenant/AFL/Players/ChampIDImages/AFL/2025014/991773.png?im=Scale,width=0.6,height=0.6","FB","CD_I991773",FALSE,17,"Billy","Frampton","CD_T40",NA,96,0,0,NA,5,4,9,3,0,1,7,3,10,0,0,2,0,3,88.9,3,0,2,30,4,0,0,9.9,NA,NA,1,7,0,0,NA,NA,NA,3,114,0,0,0,4,80,1.3,8,0,2,70,0,0,0,4,0,2,3,2,2,0,2,2,100,0,0,0,0,0,0,"CD_I991773",FALSE,17,"Billy","Frampton","home","Collingwood"
"CD_M20250140401","2025-04-03T08:30:00.000+0000","CONCLUDED","Premiership","Round 4",4,"MCG","Collingwood","Collingwood","Carlton","Carlton",23,"https://s.afl.com.au/staticfile/AFL Tenant/AFL/Players/ChampIDImages/AFL/2025014/1006148.png?im=Scale,width=0.6,height=0.6","HFFL","CD_I1006148",FALSE,23,"Bobby","Hill","CD_T40",NA,75,0,2,NA,3,3,6,1,0,4,4,1,5,0,1,0,0,1,50,3,1,2,31,0,1,0,1.7,NA,NA,1,0,1,2,NA,NA,NA,4,82,0,2,2,0,0,1,3,0,0,80,0,0,0,4,3,2,12,3,0,0,0,0,0,0,0,0,0,0,0,"CD_I1006148",FALSE,23,"Bobby","Hill","home","Collingwood"
"CD_M20250140401","2025-04-03T08:30:00.000+0000","CONCLUDED","Premiership","Round 4",4,"MCG","Collingwood","Collingwood","Carlton","Carlton",9,"https://s.afl.com.au/staticfile/AFL Tenant/AFL/Players/ChampIDImages/AFL/2025014/994295.png?im=Scale,width=0.6,height=0.6","HBFR","CD_I994295",FALSE,9,"Dan","Houston","CD_T40",NA,81,0,1,NA,17,6,23,4,0,1,7,12,19,3,0,0,0,4,69.6,0,0,0,80,6,0,0,16.8,NA,NA,5,7,0,1,NA,NA,NA,5,463,1,1,2,11,64.7,2.8,16,0,1,36.8,0,0,0,6,0,3,13,7,2,0,1,1,100,0,0,0,0,2,2,"CD_I994295",FALSE,9,"Dan","Houston","home","Collingwood"
"CD_M20250140401","2025-04-03T08:30:00.000+0000","CONCLUDED","Premiership","Round 4",4,"MCG","Collingwood","Collingwood","Carlton","Carlton",38,"https://s.afl.com.au/staticfile/AFL Tenant/AFL/Players/ChampIDImages/AFL/2025014/291313.png?im=Scale,width=0.6,height=0.6","BPR","CD_I291313",FALSE,38,"Jeremy","Howe","CD_T40",NA,86,0,0,NA,9,1,10,4,0,1,0,6,6,2,0,0,0,5,80,2,0,0,45,4,0,0,5,NA,NA,1,2,0,0,NA,NA,NA,1,288,0,1,1,7,77.8,9,8,0,2,0,0,0,0,0,0,0,6,6,5,0,1,0,0,0,0,0,0,4,4,"CD_I291313",FALSE,38,"Jeremy","Howe","home","Collingwood"
"CD_M20250140401","2025-04-03T08:30:00.000+0000","CONCLUDED","Premiership","Round 4",4,"MCG","Collingwood","Collingwood","Carlton","Carlton",1,"https://s.afl.com.au/staticfile/AFL Tenant/AFL/Players/ChampIDImages/AFL/2025014/1003130.png?im=Scale,width=0.6,height=0.6","WL","CD_I1003130",FALSE,1,"Patrick","Lipinski","CD_T40",NA,84,0,1,NA,9,11,20,3,2,2,4,16,20,4,0,0,0,1,70,1,0,0,67,0,0,0,9,NA,NA,0,1,0,2,NA,NA,NA,7,367,0,2,2,5,55.6,0.8,14,0,0,20,0,0,0,2,0,0,7,2,1,0,0,0,0,0,0,0,0,0,0,"CD_I1003130",FALSE,1,"Patrick","Lipinski","home","Collingwood"
"CD_M20250140401","2025-04-03T08:30:00.000+0000","CONCLUDED","Premiership","Round 4",4,"MCG","Collingwood","Collingwood","Carlton","Carlton",44,"https://s.afl.com.au/staticfile/AFL Tenant/AFL/Players/ChampIDImages/AFL/2025014/1017124.png?im=Scale,width=0.6,height=0.6","SUB","CD_I1017124",FALSE,44,"Ned","Long","CD_T40",NA,24,1,0,NA,1,5,6,0,0,3,2,4,6,0,0,0,0,1,66.7,0,0,0,31,0,0,100,6.5,NA,NA,1,1,0,1,NA,NA,NA,1,74,0,0,0,1,100,0.2,4,0,0,33.3,0,0,0,2,1,0,11,4,0,0,0,0,0,0,0,0,4,0,0,"CD_I1017124",FALSE,44,"Ned","Long","home","Collingwood"
"CD_M20250140401","2025-04-03T08:30:00.000+0000","CONCLUDED","Premiership","Round 4",4,"MCG","Collingwood","Collingwood","Carlton","Carlton",4,"https://s.afl.com.au/staticfile/AFL Tenant/AFL/Players/ChampIDImages/AFL/2025014/992010.png?im=Scale,width=0.6,height=0.6","BPL","CD_I992010",FALSE,4,"Brayden","Maynard","CD_T40",NA,78,1,0,NA,10,6,16,1,0,3,9,6,15,1,0,0,0,3,87.5,1,1,1,61,2,0,100,16.1,NA,NA,2,8,0,1,NA,NA,NA,3,236,0,2,2,8,80,1.7,14,0,0,60,0,0,0,7,0,1,10,8,1,0,1,0,0,0,0,0,0,1,1,"CD_I992010",FALSE,4,"Brayden","Maynard","home","Collingwood"
"CD_M20250140401","2025-04-03T08:30:00.000+0000","CONCLUDED","Premiership","Round 4",4,"MCG","Collingwood","Collingwood","Carlton","Carlton",31,"https://s.afl.com.au/staticfile/AFL Tenant/AFL/Players/ChampIDImages/AFL/2025014/1004757.png?im=Scale,width=0.6,height=0.6","INT","CD_I1004757",FALSE,31,"Beau","McCreery","CD_T40",NA,70,0,0,NA,3,4,7,1,0,6,4,3,7,1,0,0,0,2,71.4,1,2,0,46,1,1,0,7.1,NA,NA,1,0,0,0,NA,NA,NA,1,77,0,1,1,1,33.3,0.8,5,0,0,57.1,0,0,0,2,1,0,18,8,1,0,0,0,0,0,0,0,0,0,0,"CD_I1004757",FALSE,31,"Beau","McCreery","home","Collingwood"
"CD_M20250140401","2025-04-03T08:30:00.000+0000","CONCLUDED","Premiership","Round 4",4,"MCG","Collingwood","Collingwood","Carlton","Carlton",11,"https://s.afl.com.au/staticfile/AFL Tenant/AFL/Players/ChampIDImages/AFL/2025014/297504.png?im=Scale,width=0.6,height=0.6","FF","CD_I297504",FALSE,11,"Daniel","McStay","CD_T40",NA,77,0,1,NA,7,2,9,2,0,7,6,3,9,3,0,0,10,3,55.6,0,2,0,72,0,0,0,7.1,NA,NA,1,0,4,1,NA,NA,NA,3,226,0,4,4,4,57.1,3.5,5,1,0,66.7,2,37,20,2,0,1,12,3,3,27,0,0,0,0,0,0,4,0,0,"CD_I297504",FALSE,11,"Daniel","McStay","home","Collingwood"
"CD_M20250140401","2025-04-03T08:30:00.000+0000","CONCLUDED","Premiership","Round 4",4,"MCG","Collingwood","Collingwood","Carlton","Carlton",28,"https://s.afl.com.au/staticfile/AFL Tenant/AFL/Players/ChampIDImages/AFL/2025014/294596.png?im=Scale,width=0.6,height=0.6","INT","CD_I294596",FALSE,28,"Tim","Membrey","CD_T40",NA,83,1,1,NA,5,7,12,0,0,1,6,6,12,2,0,0,0,2,58.3,2,0,0,40,0,0,50,7.6,NA,NA,3,3,1,2,NA,NA,NA,3,75,0,0,0,2,40,0.7,7,0,0,50,0,0,0,6,3,1,4,0,1,0,0,0,0,3,0,0,0,0,0,"CD_I294596",FALSE,28,"Tim","Membrey","home","Collingwood"
"CD_M20250140401","2025-04-03T08:30:00.000+0000","CONCLUDED","Premiership","Round 4",4,"MCG","Collingwood","Collingwood","Carlton","Carlton",41,"https://s.afl.com.au/staticfile/AFL Tenant/AFL/Players/ChampIDImages/AFL/2025014/291849.png?im=Scale,width=0.6,height=0.6","CHF","CD_I291849",FALSE,41,"Brody","Mihocek","CD_T40",NA,81,0,3,NA,7,3,10,7,0,1,3,7,10,1,4,2,0,2,30,3,0,1,52,0,0,0,-4.9,NA,NA,3,2,0,5,NA,NA,NA,5,147,0,0,0,1,14.3,2.3,3,2,2,30,0,0,0,1,1,2,7,1,1,0,0,0,0,7,0,0,0,0,0,"CD_I291849",FALSE,41,"Brody","Mihocek","home","Collingwood"
"CD_M20250140401","2025-04-03T08:30:00.000+0000","CONCLUDED","Premiership","Round 4",4,"MCG","Collingwood","Collingwood","Carlton","Carlton",30,"https://s.afl.com.au/staticfile/AFL Tenant/AFL/Players/ChampIDImages/AFL/2025014/298288.png?im=Scale,width=0.6,height=0.6","CHB","CD_I298288",FALSE,30,"Darcy","Moore","CD_T40",NA,100,0,1,NA,8,9,17,3,0,0,6,9,15,5,0,0,0,7,76.5,0,1,0,53,3,0,0,13.7,NA,NA,3,8,0,1,NA,NA,NA,1,475,0,0,0,7,87.5,0.9,13,0,2,40,0,0,0,5,0,1,2,2,6,0,2,0,0,0,0,0,0,1,1,"CD_I298288",FALSE,30,"Darcy","Moore","home","Collingwood"
"CD_M20250140401","2025-04-03T08:30:00.000+0000","CONCLUDED","Premiership","Round 4",4,"MCG","Collingwood","Collingwood","Carlton","Carlton",10,"https://s.afl.com.au/staticfile/AFL Tenant/AFL/Players/ChampIDImages/AFL/2025014/260257.png?im=Scale,width=0.6,height=0.6","RR","CD_I260257",FALSE,10,"Scott","Pendlebury","CD_T40",NA,76,0,0,NA,8,21,29,3,0,7,10,19,29,2,0,0,0,1,62.1,4,0,1,100,3,1,0,9.4,NA,NA,4,2,1,0,NA,NA,NA,7,241,1,2,3,4,50,0.4,18,0,0,34.5,0,0,0,9,0,2,20,6,0,0,0,0,0,0,0,0,11,0,0,"CD_I260257",FALSE,10,"Scott","Pendlebury","home","Collingwood"
"CD_M20250140401","2025-04-03T08:30:00.000+0000","CONCLUDED","Premiership","Round 4",4,"MCG","Collingwood","Collingwood","Carlton","Carlton",12,"https://s.afl.com.au/staticfile/AFL Tenant/AFL/Players/ChampIDImages/AFL/2025014/998205.png?im=Scale,width=0.6,height=0.6","C","CD_I998205",FALSE,12,"Harry","Perryman","CD_T40",NA,76,1,1,NA,10,10,20,2,0,8,6,12,18,8,1,0,0,4,55,2,0,0,95,0,0,50,10,NA,NA,3,1,1,2,NA,NA,NA,6,352,1,1,2,6,60,1,11,0,0,33.3,0,0,0,6,3,2,26,8,2,0,0,0,0,0,0,0,10,0,0,"CD_I998205",FALSE,12,"Harry","Perryman","home","Collingwood"
"CD_M20250140401","2025-04-03T08:30:00.000+0000","CONCLUDED","Premiership","Round 4",4,"MCG","Collingwood","Collingwood","Carlton","Carlton",3,"https://s.afl.com.au/staticfile/AFL Tenant/AFL/Players/ChampIDImages/AFL/2025014/1008089.png?im=Scale,width=0.6,height=0.6","HBFL","CD_I1008089",FALSE,3,"Isaac","Quaynor","CD_T40",NA,72,0,0,NA,4,1,5,3,0,4,1,4,5,0,0,0,0,1,100,3,0,1,36,2,0,0,1.6,NA,NA,0,2,0,0,NA,NA,NA,1,97,0,0,0,4,100,4,5,0,1,20,0,0,0,1,0,1,14,11,0,0,0,0,0,0,0,0,0,0,0,"CD_I1008089",FALSE,3,"Isaac","Quaynor","home","Collingwood"
"CD_M20250140401","2025-04-03T08:30:00.000+0000","CONCLUDED","Premiership","Round 4",4,"MCG","Collingwood","Collingwood","Carlton","Carlton",8,"https://s.afl.com.au/staticfile/AFL Tenant/AFL/Players/ChampIDImages/AFL/2025014/1000860.png?im=Scale,width=0.6,height=0.6","FPR","CD_I1000860",FALSE,8,"Lachie","Schultz","CD_T40",NA,84,2,1,NA,11,7,18,7,0,7,7,10,17,4,3,1,0,1,61.1,5,1,1,107,1,1,50,14.1,NA,NA,4,1,5,4,NA,NA,NA,9,419,0,2,2,6,54.5,1.6,11,2,0,41.2,0,0,0,4,2,2,31,7,0,0,0,0,0,2,1,50,0,0,0,"CD_I1000860",FALSE,8,"Lachie","Schultz","home","Collingwood"
"CD_M20250140401","2025-04-03T08:30:00.000+0000","CONCLUDED","Premiership","Round 4",4,"MCG","Collingwood","Collingwood","Carlton","Carlton",22,"https://s.afl.com.au/staticfile/AFL Tenant/AFL/Players/ChampIDImages/AFL/2025014/280965.png?im=Scale,width=0.6,height=0.6","INT","CD_I280965",FALSE,22,"Steele","Sidebottom","CD_T40",NA,81,0,0,NA,14,10,24,2,1,7,13,13,26,5,0,0,0,3,62.5,2,1,2,91,1,1,0,17.9,NA,NA,5,5,0,0,NA,NA,NA,4,366,1,6,7,9,64.3,1.4,15,0,0,50,0,0,0,9,1,1,23,8,0,0,0,0,0,0,0,0,6,0,0,"CD_I280965",FALSE,22,"Steele","Sidebottom","home","Collingwood"
"CD_M20250140401","2025-04-03T08:30:00.000+0000","CONCLUDED","Premiership","Round 4",4,"MCG","Collingwood","Collingwood","Carlton","Carlton",13,"https://s.afl.com.au/staticfile/AFL Tenant/AFL/Players/ChampIDImages/AFL/2025014/296294.png?im=Scale,width=0.6,height=0.6","WL","CD_I296294",FALSE,13,"Blake","Acres","CD_T30",NA,84,0,0,NA,11,19,30,4,0,5,12,18,30,1,0,0,0,0,56.7,1,1,0,104,6,0,0,11.1,NA,NA,4,4,1,0,NA,NA,NA,2,235,0,3,3,6,54.5,0.6,17,0,1,40,0,0,0,11,0,0,21,10,0,0,0,0,0,0,0,0,0,1,1,"CD_I296294",FALSE,13,"Blake","Acres","away","Carlton"
"CD_M20250140401","2025-04-03T08:30:00.000+0000","CONCLUDED","Premiership","Round 4",4,"MCG","Collingwood","Collingwood","Carlton","Carlton",5,"https://s.afl.com.au/staticfile/AFL Tenant/AFL/Players/ChampIDImages/AFL/2025014/1002239.png?im=Scale,width=0.6,height=0.6","RR","CD_I1002239",FALSE,5,"Adam","Cerra","CD_T30",NA,78,0,0,NA,14,9,23,9,0,5,7,17,24,5,0,0,0,2,78.3,2,1,1,105,2,0,0,10.5,NA,NA,3,1,0,0,NA,NA,NA,7,348,2,2,4,10,71.4,1.6,18,0,1,29.2,0,0,0,4,0,2,27,13,1,0,0,0,0,0,0,0,10,0,0,"CD_I1002239",FALSE,5,"Adam","Cerra","away","Carlton"
"CD_M20250140401","2025-04-03T08:30:00.000+0000","CONCLUDED","Premiership","Round 4",4,"MCG","Collingwood","Collingwood","Carlton","Carlton",2,"https://s.afl.com.au/staticfile/AFL Tenant/AFL/Players/ChampIDImages/AFL/2025014/1021353.png?im=Scale,width=0.6,height=0.6","HBFR","CD_I1021353",FALSE,2,"Lachlan","Cowan","CD_T30",NA,15,0,0,NA,0,1,1,0,0,2,1,1,2,0,0,0,0,1,0,0,0,0,10,0,0,0,0.6,NA,NA,0,0,0,0,NA,NA,NA,0,-2,0,0,0,0,0,0,0,0,0,50,0,0,0,1,0,0,4,4,1,0,0,0,0,0,0,0,0,0,0,"CD_I1021353",FALSE,2,"Lachlan","Cowan","away","Carlton"
"CD_M20250140401","2025-04-03T08:30:00.000+0000","CONCLUDED","Premiership","Round 4",4,"MCG","Collingwood","Collingwood","Carlton","Carlton",9,"https://s.afl.com.au/staticfile/AFL Tenant/AFL/Players/ChampIDImages/AFL/2025014/990704.png?im=Scale,width=0.6,height=0.6","C","CD_I990704",FALSE,9,"Patrick","Cripps","CD_T30",NA,80,1,0,NA,9,7,16,0,0,1,6,10,16,1,0,0,0,1,56.3,4,2,0,53,1,0,100,7,NA,NA,5,0,0,1,NA,NA,NA,4,154,0,2,2,4,44.4,1.3,9,0,0,37.5,0,0,0,3,0,1,18,7,0,2,0,0,0,0,0,0,14,0,0,"CD_I990704",FALSE,9,"Patrick","Cripps","away","Carlton"
"CD_M20250140401","2025-04-03T08:30:00.000+0000","CONCLUDED","Premiership","Round 4",4,"MCG","Collingwood","Collingwood","Carlton","Carlton",30,"https://s.afl.com.au/staticfile/AFL Tenant/AFL/Players/ChampIDImages/AFL/2025014/996731.png?im=Scale,width=0.6,height=0.6","FF","CD_I996731",FALSE,30,"Charlie","Curnow","CD_T30",NA,95,1,1,NA,7,1,8,3,1,0,6,2,8,3,1,2,0,1,37.5,1,1,1,37,0,0,50,6.9,NA,NA,4,0,0,2,NA,NA,NA,2,264,0,0,0,3,42.9,7,3,0,0,75,0,0,0,3,2,0,5,2,1,0,0,0,0,2,1,50,0,0,0,"CD_I996731",FALSE,30,"Charlie","Curnow","away","Carlton"
"CD_M20250140401","2025-04-03T08:30:00.000+0000","CONCLUDED","Premiership","Round 4",4,"MCG","Collingwood","Collingwood","Carlton","Carlton",12,"https://s.afl.com.au/staticfile/AFL Tenant/AFL/Players/ChampIDImages/AFL/2025014/1004912.png?im=Scale,width=0.6,height=0.6","RK","CD_I1004912",FALSE,12,"Tom","De Koning","CD_T30",NA,78,0,1,NA,7,12,19,2,0,2,17,4,21,4,0,2,31,3,63.2,7,3,4,82,1,0,0,12,NA,NA,1,3,1,1,NA,NA,NA,4,225,2,4,6,3,42.9,0.6,12,0,2,81,8,33,25.8,6,1,4,7,3,3,94,1,0,0,0,0,0,14,0,0,"CD_I1004912",FALSE,12,"Tom","De Koning","away","Carlton"
"CD_M20250140401","2025-04-03T08:30:00.000+0000","CONCLUDED","Premiership","Round 4",4,"MCG","Collingwood","Collingwood","Carlton","Carlton",15,"https://s.afl.com.au/staticfile/AFL Tenant/AFL/Players/ChampIDImages/AFL/2025014/295518.png?im=Scale,width=0.6,height=0.6","HFFL","CD_I295518",FALSE,15,"Sam","Docherty","CD_T30",NA,86,0,0,NA,20,7,27,9,0,2,6,20,26,6,0,0,0,0,63,3,2,0,111,2,0,0,9.2,NA,NA,9,6,0,0,NA,NA,NA,2,671,0,2,2,10,50,2.9,17,0,1,23.1,0,0,0,4,0,0,11,4,0,0,0,0,0,0,0,0,0,0,0,"CD_I295518",FALSE,15,"Sam","Docherty","away","Carlton"
"CD_M20250140401","2025-04-03T08:30:00.000+0000","CONCLUDED","Premiership","Round 4",4,"MCG","Collingwood","Collingwood","Carlton","Carlton",8,"https://s.afl.com.au/staticfile/AFL Tenant/AFL/Players/ChampIDImages/AFL/2025014/1002228.png?im=Scale,width=0.6,height=0.6","HFFR","CD_I1002228",FALSE,8,"Lachie","Fogarty","CD_T30",NA,75,0,1,NA,5,6,11,0,0,5,7,4,11,3,0,0,0,0,54.5,2,1,0,49,1,1,0,3.6,NA,NA,2,0,3,1,NA,NA,NA,3,140,1,1,2,1,20,0.8,6,0,0,63.6,0,0,0,6,1,0,16,5,0,0,0,0,0,0,0,0,0,0,0,"CD_I1002228",FALSE,8,"Lachie","Fogarty","away","Carlton"
"CD_M20250140401","2025-04-03T08:30:00.000+0000","CONCLUDED","Premiership","Round 4",4,"MCG","Collingwood","Collingwood","Carlton","Carlton",26,"https://s.afl.com.au/staticfile/AFL Tenant/AFL/Players/ChampIDImages/AFL/2025014/295265.png?im=Scale,width=0.6,height=0.6","INT","CD_I295265",FALSE,26,"Nick","Haynes","CD_T30",NA,84,0,0,NA,7,5,12,6,0,1,6,7,13,1,0,1,0,3,91.7,2,1,0,54,2,0,0,11.5,NA,NA,0,5,0,0,NA,NA,NA,2,163,0,1,1,6,85.7,1.4,11,0,1,46.2,0,0,0,4,0,1,6,5,3,0,4,0,0,0,0,0,0,0,0,"CD_I295265",FALSE,26,"Nick","Haynes","away","Carlton"
"CD_M20250140401","2025-04-03T08:30:00.000+0000","CONCLUDED","Premiership","Round 4",4,"MCG","Collingwood","Collingwood","Carlton","Carlton",29,"https://s.afl.com.au/staticfile/AFL Tenant/AFL/Players/ChampIDImages/AFL/2025014/294036.png?im=Scale,width=0.6,height=0.6","R","CD_I294036",FALSE,29,"George","Hewett","CD_T30",NA,81,2,1,NA,15,14,29,2,0,6,17,14,31,2,0,0,0,1,69,7,2,3,109,4,0,66.7,15.7,NA,NA,6,4,1,3,NA,NA,NA,4,448,0,7,7,7,46.7,1.1,20,0,0,54.8,0,0,0,13,1,1,14,8,0,0,0,0,0,0,0,0,10,0,0,"CD_I294036",FALSE,29,"George","Hewett","away","Carlton"
"CD_M20250140401","2025-04-03T08:30:00.000+0000","CONCLUDED","Premiership","Round 4",4,"MCG","Collingwood","Collingwood","Carlton","Carlton",4,"https://s.afl.com.au/staticfile/AFL Tenant/AFL/Players/ChampIDImages/AFL/2025014/1023495.png?im=Scale,width=0.6,height=0.6","BPR","CD_I1023495",FALSE,4,"Oliver","Hollands","CD_T30",NA,85,2,1,NA,14,7,21,5,1,2,6,12,18,3,0,0,0,1,76.2,3,1,2,87,3,0,66.7,10.8,NA,NA,2,1,0,3,NA,NA,NA,4,424,0,1,1,11,78.6,2,16,0,0,33.3,0,0,0,5,0,2,16,9,1,0,0,0,0,0,0,0,0,3,3,"CD_I1023495",FALSE,4,"Oliver","Hollands","away","Carlton"
"CD_M20250140401","2025-04-03T08:30:00.000+0000","CONCLUDED","Premiership","Round 4",4,"MCG","Collingwood","Collingwood","Carlton","Carlton",17,"https://s.afl.com.au/staticfile/AFL Tenant/AFL/Players/ChampIDImages/AFL/2025014/1009241.png?im=Scale,width=0.6,height=0.6","CHF","CD_I1009241",FALSE,17,"Brodie","Kemp","CD_T30",NA,87,0,0,NA,5,2,7,4,0,2,1,6,7,1,1,0,0,2,57.1,5,1,1,37,0,1,0,-6,NA,NA,3,1,0,1,NA,NA,NA,2,52,0,0,0,2,40,2.5,4,1,0,14.3,0,0,0,0,0,0,11,4,2,0,0,0,0,3,0,0,0,0,0,"CD_I1009241",FALSE,17,"Brodie","Kemp","away","Carlton"
"CD_M20250140401","2025-04-03T08:30:00.000+0000","CONCLUDED","Premiership","Round 4",4,"MCG","Collingwood","Collingwood","Carlton","Carlton",36,"https://s.afl.com.au/staticfile/AFL Tenant/AFL/Players/ChampIDImages/AFL/2025014/1032108.png?im=Scale,width=0.6,height=0.6","INT","CD_I1032108",FALSE,36,"Cooper","Lord","CD_T30",NA,70,0,0,NA,9,9,18,7,0,2,5,14,19,1,0,0,0,0,72.2,2,0,0,74,0,1,0,7.1,NA,NA,4,0,1,0,NA,NA,NA,6,268,0,0,0,8,88.9,1,13,0,0,26.3,0,0,0,5,2,0,16,7,0,0,0,0,0,0,0,0,5,0,0,"CD_I1032108",FALSE,36,"Cooper","Lord","away","Carlton"
"CD_M20250140401","2025-04-03T08:30:00.000+0000","CONCLUDED","Premiership","Round 4",4,"MCG","Collingwood","Collingwood","Carlton","Carlton",11,"https://s.afl.com.au/staticfile/AFL Tenant/AFL/Players/ChampIDImages/AFL/2025014/297255.png?im=Scale,width=0.6,height=0.6","CHB","CD_I297255",FALSE,11,"Mitch","McGovern","CD_T30",NA,81,0,0,NA,11,5,16,6,0,2,5,9,14,2,0,1,0,3,75,2,0,0,69,2,0,0,12.1,NA,NA,3,6,0,0,NA,NA,NA,3,271,0,1,1,7,63.6,2.2,12,0,3,35.7,0,0,0,4,0,1,12,10,3,0,1,1,100,0,0,0,0,4,2,"CD_I297255",FALSE,11,"Mitch","McGovern","away","Carlton"
"CD_M20250140401","2025-04-03T08:30:00.000+0000","CONCLUDED","Premiership","Round 4",4,"MCG","Collingwood","Collingwood","Carlton","Carlton",43,"https://s.afl.com.au/staticfile/AFL Tenant/AFL/Players/ChampIDImages/AFL/2025014/1020097.png?im=Scale,width=0.6,height=0.6","SUB","CD_I1020097",FALSE,43,"Ashton","Moir","CD_T30",NA,55,0,0,NA,1,1,2,0,0,0,1,0,1,0,0,0,0,0,50,0,0,0,5,0,0,0,0.3,NA,NA,0,1,0,1,NA,NA,NA,0,7,0,0,0,0,0,1,1,0,0,100,0,0,0,0,0,0,5,2,0,0,0,0,0,0,0,0,0,0,0,"CD_I1020097",FALSE,43,"Ashton","Moir","away","Carlton"
"CD_M20250140401","2025-04-03T08:30:00.000+0000","CONCLUDED","Premiership","Round 4",4,"MCG","Collingwood","Collingwood","Carlton","Carlton",3,"https://s.afl.com.au/staticfile/AFL Tenant/AFL/Players/ChampIDImages/AFL/2025014/1017700.png?im=Scale,width=0.6,height=0.6","FPR","CD_I1017700",FALSE,3,"Jesse","Motlop","CD_T30",NA,82,0,1,NA,6,5,11,1,0,3,6,3,9,2,0,0,0,1,45.5,2,2,0,46,1,0,0,8.7,NA,NA,3,1,1,1,NA,NA,NA,1,153,0,0,0,2,33.3,1.2,5,0,0,66.7,0,0,0,3,2,0,23,6,1,0,0,0,0,1,1,100,3,0,0,"CD_I1017700",FALSE,3,"Jesse","Motlop","away","Carlton"
"CD_M20250140401","2025-04-03T08:30:00.000+0000","CONCLUDED","Premiership","Round 4",4,"MCG","Collingwood","Collingwood","Carlton","Carlton",42,"https://s.afl.com.au/staticfile/AFL Tenant/AFL/Players/ChampIDImages/AFL/2025014/295461.png?im=Scale,width=0.6,height=0.6","BPL","CD_I295461",FALSE,42,"Adam","Saad","CD_T30",NA,75,0,0,NA,18,6,24,3,1,2,7,10,17,3,0,1,0,0,79.2,4,0,0,83,3,1,0,15.9,NA,NA,3,8,0,0,NA,NA,NA,4,373,0,1,1,15,83.3,3,19,0,2,41.2,0,0,0,6,0,2,13,8,0,0,1,0,0,0,0,0,0,5,3,"CD_I295461",FALSE,42,"Adam","Saad","away","Carlton"
"CD_M20250140401","2025-04-03T08:30:00.000+0000","CONCLUDED","Premiership","Round 4",4,"MCG","Collingwood","Collingwood","Carlton","Carlton",1,"https://s.afl.com.au/staticfile/AFL Tenant/AFL/Players/ChampIDImages/AFL/2025014/1001028.png?im=Scale,width=0.6,height=0.6","FPL","CD_I1001028",FALSE,1,"Jack","Silvagni","CD_T30",NA,95,0,0,NA,10,3,13,4,0,7,5,7,12,1,0,1,0,4,46.2,4,1,1,74,3,0,0,6.3,NA,NA,3,5,0,0,NA,NA,NA,1,251,0,0,0,5,50,3.3,6,0,1,41.7,0,0,0,3,0,0,13,9,4,0,6,0,0,0,0,0,0,0,0,"CD_I1001028",FALSE,1,"Jack","Silvagni","away","Carlton"
"CD_M20250140401","2025-04-03T08:30:00.000+0000","CONCLUDED","Premiership","Round 4",4,"MCG","Collingwood","Collingwood","Carlton","Carlton",18,"https://s.afl.com.au/staticfile/AFL Tenant/AFL/Players/ChampIDImages/AFL/2025014/1006094.png?im=Scale,width=0.6,height=0.6","WR","CD_I1006094",FALSE,18,"Sam","Walsh","CD_T30",NA,88,0,0,NA,14,17,31,7,0,10,8,21,29,0,0,0,0,0,71,5,3,1,137,4,0,0,9.3,NA,NA,4,1,1,0,NA,NA,NA,3,177,0,3,3,9,64.3,0.8,22,0,0,27.6,0,0,0,5,0,0,26,14,0,0,0,0,0,0,0,0,11,0,0,"CD_I1006094",FALSE,18,"Sam","Walsh","away","Carlton"
"CD_M20250140401","2025-04-03T08:30:00.000+0000","CONCLUDED","Premiership","Round 4",4,"MCG","Collingwood","Collingwood","Carlton","Carlton",23,"https://s.afl.com.au/staticfile/AFL Tenant/AFL/Players/ChampIDImages/AFL/2025014/993832.png?im=Scale,width=0.6,height=0.6","FB","CD_I993832",FALSE,23,"Jacob","Weitering","CD_T30",NA,100,0,0,NA,9,5,14,7,0,2,6,8,14,0,0,2,0,3,85.7,1,1,0,67,2,0,0,11,NA,NA,3,7,0,0,NA,NA,NA,2,174,0,0,0,7,77.8,1.8,12,1,2,42.9,0,0,0,3,0,0,10,9,2,0,2,0,0,0,0,0,0,0,0,"CD_I993832",FALSE,23,"Jacob","Weitering","away","Carlton"
"CD_M20250140401","2025-04-03T08:30:00.000+0000","CONCLUDED","Premiership","Round 4",4,"MCG","Collingwood","Collingwood","Carlton","Carlton",38,"https://s.afl.com.au/staticfile/AFL Tenant/AFL/Players/ChampIDImages/AFL/2025014/1027713.png?im=Scale,width=0.6,height=0.6","INT","CD_I1027713",FALSE,38,"Will","White","CD_T30",NA,68,0,3,NA,9,1,10,5,0,0,4,6,10,3,1,0,0,0,40,3,1,1,45,1,0,0,-1.3,NA,NA,4,1,0,3,NA,NA,NA,5,258,0,1,1,3,33.3,9,4,1,0,40,0,0,0,3,1,1,14,8,0,0,0,0,0,0,0,0,0,0,0,"CD_I1027713",FALSE,38,"Will","White","away","Carlton"
"CD_M20250140401","2025-04-03T08:30:00.000+0000","CONCLUDED","Premiership","Round 4",4,"MCG","Collingwood","Collingwood","Carlton","Carlton",6,"https://s.afl.com.au/staticfile/AFL Tenant/AFL/Players/ChampIDImages/AFL/2025014/294685.png?im=Scale,width=0.6,height=0.6","INT","CD_I294685",FALSE,6,"Zac","Williams","CD_T30",NA,81,0,0,NA,14,7,21,5,0,3,6,10,16,1,0,0,0,1,52.4,2,0,0,83,9,0,0,12,NA,NA,4,6,0,0,NA,NA,NA,3,555,1,2,3,4,28.6,2,11,0,0,37.5,0,0,0,6,0,0,12,6,1,0,0,0,0,0,0,0,1,2,2,"CD_I294685",FALSE,6,"Zac","Williams","away","Carlton"
"CD_M20250140401","2025-04-03T08:30:00.000+0000","CONCLUDED","Premiership","Round 4",4,"MCG","Collingwood","Collingwood","Carlton","Carlton",33,"https://s.afl.com.au/staticfile/AFL Tenant/AFL/Players/ChampIDImages/AFL/2025014/997316.png?im=Scale,width=0.6,height=0.6","HBFL","CD_I997316",FALSE,33,"Lewis","Young","CD_T30",NA,79,0,0,NA,5,5,10,4,0,5,2,7,9,1,1,0,7,4,60,1,0,0,64,0,0,0,4.2,NA,NA,3,1,2,0,NA,NA,NA,2,56,1,0,1,4,80,1,6,0,0,22.2,1,33.3,14.3,2,0,0,9,2,3,21,1,0,0,1,1,100,4,0,0,"CD_I997316",FALSE,33,"Lewis","Young","away","Carlton"
"CD_M20250140402","2025-04-04T08:40:00.000+0000","CONCLUDED","Premiership","Round 4",4,"GMHBA Stadium","Geelong Cats","Geelong Cats","Melbourne","Melbourne",30,"https://s.afl.com.au/staticfile/AFL Tenant/AFL/Players/ChampIDImages/AFL/2025014/994386.png?im=Scale,width=0.6,height=0.6","R","CD_I994386",FALSE,30,"Tom","Atkins","CD_T70",NA,79,0,0,NA,5,12,17,3,0,11,7,10,17,2,0,0,0,1,82.4,3,0,2,86,0,2,0,9.2,NA,NA,0,1,0,0,NA,NA,NA,7,118,1,0,1,5,100,0.4,14,0,0,41.2,0,0,0,7,2,1,28,17,1,0,0,0,0,0,0,0,13,0,0,"CD_I994386",FALSE,30,"Tom","Atkins","home","Geelong Cats"
"CD_M20250140402","2025-04-04T08:40:00.000+0000","CONCLUDED","Premiership","Round 4",4,"GMHBA Stadium","Geelong Cats","Geelong Cats","Melbourne","Melbourne",12,"https://s.afl.com.au/staticfile/AFL Tenant/AFL/Players/ChampIDImages/AFL/2025014/998260.png?im=Scale,width=0.6,height=0.6","INT","CD_I998260",FALSE,12,"Jack","Bowes","CD_T70",NA,64,2,0,NA,12,6,18,6,0,3,4,14,18,0,0,0,0,0,83.3,3,1,3,82,2,0,100,14.2,NA,NA,2,3,0,2,NA,NA,NA,3,291,0,2,2,10,83.3,2,15,0,1,22.2,0,0,0,2,0,0,17,14,0,0,2,1,50,0,0,0,10,0,0,"CD_I998260",FALSE,12,"Jack","Bowes","home","Geelong Cats"
"CD_M20250140402","2025-04-04T08:40:00.000+0000","CONCLUDED","Premiership","Round 4",4,"GMHBA Stadium","Geelong Cats","Geelong Cats","Melbourne","Melbourne",5,"https://s.afl.com.au/staticfile/AFL Tenant/AFL/Players/ChampIDImages/AFL/2025014/293845.png?im=Scale,width=0.6,height=0.6","FF","CD_I293845",FALSE,5,"Jeremy","Cameron","CD_T70",NA,88,1,2,NA,18,4,22,7,0,2,8,14,22,2,1,0,0,0,72.7,3,4,1,100,3,1,20,9.9,NA,NA,4,2,0,5,NA,NA,NA,10,403,0,1,1,13,72.2,4.5,16,1,1,36.4,0,0,0,4,2,1,7,3,0,0,0,0,0,1,1,100,0,1,0,"CD_I293845",FALSE,5,"Jeremy","Cameron","home","Geelong Cats"
"CD_M20250140402","2025-04-04T08:40:00.000+0000","CONCLUDED","Premiership","Round 4",4,"GMHBA Stadium","Geelong Cats","Geelong Cats","Melbourne","Melbourne",40,"https://s.afl.com.au/staticfile/AFL Tenant/AFL/Players/ChampIDImages/AFL/2025014/1023542.png?im=Scale,width=0.6,height=0.6","INT","CD_I1023542",FALSE,40,"Ted","Clohesy","CD_T70",NA,71,0,1,NA,7,2,9,2,0,2,3,6,9,3,0,1,0,2,55.6,1,0,0,40,1,1,0,4.6,NA,NA,3,1,1,1,NA,NA,NA,3,143,0,1,1,4,57.1,3.5,5,0,0,33.3,0,0,0,2,0,0,7,2,1,0,0,0,0,1,1,100,0,0,0,"CD_I1023542",FALSE,40,"Ted","Clohesy","home","Geelong Cats"
"CD_M20250140402","2025-04-04T08:40:00.000+0000","CONCLUDED","Premiership","Round 4",4,"GMHBA Stadium","Geelong Cats","Geelong Cats","Melbourne","Melbourne",45,"https://s.afl.com.au/staticfile/AFL Tenant/AFL/Players/ChampIDImages/AFL/2025014/999326.png?im=Scale,width=0.6,height=0.6","HFFL","CD_I999326",FALSE,45,"Brad","Close","CD_T70",NA,89,0,1,NA,9,9,18,6,0,0,6,11,17,2,1,1,0,0,88.9,0,1,0,65,0,1,0,9,NA,NA,1,2,0,1,NA,NA,NA,10,146,0,0,0,7,77.8,1,16,2,0,35.3,0,0,0,4,2,2,12,2,0,0,0,0,0,1,1,100,0,0,0,"CD_I999326",FALSE,45,"Brad","Close","home","Geelong Cats"
"CD_M20250140402","2025-04-04T08:40:00.000+0000","CONCLUDED","Premiership","Round 4",4,"GMHBA Stadium","Geelong Cats","Geelong Cats","Melbourne","Melbourne",35,"https://s.afl.com.au/staticfile/AFL Tenant/AFL/Players/ChampIDImages/AFL/2025014/270917.png?im=Scale,width=0.6,height=0.6","C","CD_I270917",FALSE,35,"Patrick","Dangerfield","CD_T70",NA,71,3,2,NA,12,8,20,6,0,1,12,8,20,4,3,1,0,1,60,3,3,1,94,0,0,50,17.6,NA,NA,6,1,1,6,NA,NA,NA,9,473,2,1,3,6,50,1.5,12,1,0,60,0,0,0,8,2,1,6,2,0,0,0,0,0,1,1,100,11,0,0,"CD_I270917",FALSE,35,"Patrick","Dangerfield","home","Geelong Cats"
"CD_M20250140402","2025-04-04T08:40:00.000+0000","CONCLUDED","Premiership","Round 4",4,"GMHBA Stadium","Geelong Cats","Geelong Cats","Melbourne","Melbourne",16,"https://s.afl.com.au/staticfile/AFL Tenant/AFL/Players/ChampIDImages/AFL/2025014/1009229.png?im=Scale,width=0.6,height=0.6","BPR","CD_I1009229",FALSE,16,"Sam","De Koning","CD_T70",NA,83,1,0,NA,12,6,18,9,0,1,7,11,18,2,0,2,2,3,94.4,2,0,1,84,0,0,50,15,NA,NA,3,5,0,2,NA,NA,NA,4,199,0,2,2,11,91.7,2,17,0,3,38.9,0,33.3,0,3,1,2,9,7,3,6,2,0,0,0,0,0,2,0,0,"CD_I1009229",FALSE,16,"Sam","De Koning","home","Geelong Cats"
"CD_M20250140402","2025-04-04T08:40:00.000+0000","CONCLUDED","Premiership","Round 4",4,"GMHBA Stadium","Geelong Cats","Geelong Cats","Melbourne","Melbourne",28,"https://s.afl.com.au/staticfile/AFL Tenant/AFL/Players/ChampIDImages/AFL/2025014/1025034.png?im=Scale,width=0.6,height=0.6","WR","CD_I1025034",FALSE,28,"Oliver","Dempsey","CD_T70",NA,93,0,1,NA,12,14,26,8,0,4,13,12,25,2,1,2,0,1,69.2,3,1,1,103,2,0,0,9.6,NA,NA,2,6,1,1,NA,NA,NA,8,250,0,5,5,5,41.7,0.9,18,0,1,52,0,0,0,5,0,2,14,4,0,0,0,0,0,2,1,50,0,0,0,"CD_I1025034",FALSE,28,"Oliver","Dempsey","home","Geelong Cats"
"CD_M20250140402","2025-04-04T08:40:00.000+0000","CONCLUDED","Premiership","Round 4",4,"GMHBA Stadium","Geelong Cats","Geelong Cats","Melbourne","Melbourne",39,"https://s.afl.com.au/staticfile/AFL Tenant/AFL/Players/ChampIDImages/AFL/2025014/1004870.png?im=Scale,width=0.6,height=0.6","HBFR","CD_I1004870",FALSE,39,"Zach","Guthrie","CD_T70",NA,88,0,0,NA,23,7,30,17,0,4,6,24,30,2,0,0,0,3,76.7,5,2,1,149,8,0,0,6.3,NA,NA,5,7,0,0,NA,NA,NA,8,421,0,1,1,17,73.9,3.3,23,0,2,20,0,0,0,3,0,2,15,11,2,0,4,2,50,0,0,0,0,0,0,"CD_I1004870",FALSE,39,"Zach","Guthrie","home","Geelong Cats"
"CD_M20250140402","2025-04-04T08:40:00.000+0000","CONCLUDED","Premiership","Round 4",4,"GMHBA Stadium","Geelong Cats","Geelong Cats","Melbourne","Melbourne",38,"https://s.afl.com.au/staticfile/AFL Tenant/AFL/Players/ChampIDImages/AFL/2025014/1000937.png?im=Scale,width=0.6,height=0.6","FB","CD_I1000937",FALSE,38,"Jack","Henry","CD_T70",NA,40,0,0,NA,7,3,10,6,0,0,4,6,10,2,0,1,0,2,90,1,1,0,46,0,0,0,5.7,NA,NA,1,5,0,0,NA,NA,NA,1,149,0,0,0,7,100,2.3,9,0,2,40,0,0,0,2,0,0,1,1,2,0,1,0,0,0,0,0,0,0,0,"CD_I1000937",FALSE,38,"Jack","Henry","home","Geelong Cats"
"CD_M20250140402","2025-04-04T08:40:00.000+0000","CONCLUDED","Premiership","Round 4",4,"GMHBA Stadium","Geelong Cats","Geelong Cats","Melbourne","Melbourne",36,"https://s.afl.com.au/staticfile/AFL Tenant/AFL/Players/ChampIDImages/AFL/2025014/1012860.png?im=Scale,width=0.6,height=0.6","INT","CD_I1012860",FALSE,36,"Oliver","Henry","CD_T70",NA,75,0,1,NA,5,4,9,4,0,1,4,4,8,1,2,1,0,0,55.6,2,0,0,40,0,1,0,1.4,NA,NA,2,0,0,2,NA,NA,NA,4,130,0,0,0,1,20,1.3,5,0,0,50,0,0,0,3,1,0,5,1,0,0,0,0,0,2,0,0,0,0,0,"CD_I1012860",FALSE,36,"Oliver","Henry","home","Geelong Cats"
"CD_M20250140402","2025-04-04T08:40:00.000+0000","CONCLUDED","Premiership","Round 4",4,"GMHBA Stadium","Geelong Cats","Geelong Cats","Melbourne","Melbourne",9,"https://s.afl.com.au/staticfile/AFL Tenant/AFL/Players/ChampIDImages/AFL/2025014/1015889.png?im=Scale,width=0.6,height=0.6","RR","CD_I1015889",FALSE,9,"Max","Holmes","CD_T70",NA,82,0,0,NA,12,5,17,4,0,3,7,10,17,2,0,1,0,0,70.6,4,1,1,68,3,1,0,7.3,NA,NA,5,3,0,1,NA,NA,NA,3,380,1,2,3,8,66.7,2.4,12,0,1,41.2,0,0,0,5,0,0,11,6,0,0,0,0,0,0,0,0,18,0,0,"CD_I1015889",FALSE,9,"Max","Holmes","home","Geelong Cats"
"CD_M20250140402","2025-04-04T08:40:00.000+0000","CONCLUDED","Premiership","Round 4",4,"GMHBA Stadium","Geelong Cats","Geelong Cats","Melbourne","Melbourne",17,"https://s.afl.com.au/staticfile/AFL Tenant/AFL/Players/ChampIDImages/AFL/2025014/1013464.png?im=Scale,width=0.6,height=0.6","HBFL","CD_I1013464",FALSE,17,"Lawson","Humphries","CD_T70",NA,94,0,0,NA,20,3,23,13,1,2,3,18,21,4,0,0,0,2,78.3,2,2,0,115,6,0,0,6.3,NA,NA,6,3,0,0,NA,NA,NA,5,488,0,0,0,15,75,6.7,18,1,1,14.3,0,0,0,1,0,2,11,8,2,0,2,1,50,0,0,0,0,4,2,"CD_I1013464",FALSE,17,"Lawson","Humphries","home","Geelong Cats"
"CD_M20250140402","2025-04-04T08:40:00.000+0000","CONCLUDED","Premiership","Round 4",4,"GMHBA Stadium","Geelong Cats","Geelong Cats","Melbourne","Melbourne",7,"https://s.afl.com.au/staticfile/AFL Tenant/AFL/Players/ChampIDImages/AFL/2025014/993878.png?im=Scale,width=0.6,height=0.6","FPR","CD_I993878",FALSE,7,"Shaun","Mannagh","CD_T70",NA,76,1,0,NA,14,4,18,4,0,5,7,9,16,5,0,1,0,0,72.2,4,0,0,88,0,1,100,16.6,NA,NA,3,2,0,1,NA,NA,NA,6,325,0,4,4,10,71.4,3.5,13,0,1,43.8,0,0,0,5,0,1,13,7,0,0,0,0,0,0,0,0,0,0,0,"CD_I993878",FALSE,7,"Shaun","Mannagh","home","Geelong Cats"
"CD_M20250140402","2025-04-04T08:40:00.000+0000","CONCLUDED","Premiership","Round 4",4,"GMHBA Stadium","Geelong Cats","Geelong Cats","Melbourne","Melbourne",32,"https://s.afl.com.au/staticfile/AFL Tenant/AFL/Players/ChampIDImages/AFL/2025014/1004938.png?im=Scale,width=0.6,height=0.6","CHF","CD_I1004938",FALSE,32,"Gryan","Miers","CD_T70",NA,85,0,0,NA,19,7,26,10,1,0,5,21,26,1,0,0,0,0,80.8,1,0,0,101,4,0,0,7.1,NA,NA,1,2,0,0,NA,NA,NA,3,282,0,2,2,15,78.9,2.7,21,1,0,19.2,0,0,0,5,0,1,12,4,0,0,0,0,0,0,0,0,0,0,0,"CD_I1004938",FALSE,32,"Gryan","Miers","home","Geelong Cats"
"CD_M20250140402","2025-04-04T08:40:00.000+0000","CONCLUDED","Premiership","Round 4",4,"GMHBA Stadium","Geelong Cats","Geelong Cats","Melbourne","Melbourne",34,"https://s.afl.com.au/staticfile/AFL Tenant/AFL/Players/ChampIDImages/AFL/2025014/1024982.png?im=Scale,width=0.6,height=0.6","INT","CD_I1024982",FALSE,34,"Oisin","Mullin","CD_T70",NA,84,0,0,NA,14,2,16,8,0,3,4,13,17,2,0,0,0,2,81.3,5,2,1,81,4,0,0,3.8,NA,NA,4,4,0,0,NA,NA,NA,2,226,0,0,0,11,78.6,7,13,0,0,23.5,0,0,0,2,0,1,6,3,2,0,1,0,0,0,0,0,0,0,0,"CD_I1024982",FALSE,34,"Oisin","Mullin","home","Geelong Cats"
"CD_M20250140402","2025-04-04T08:40:00.000+0000","CONCLUDED","Premiership","Round 4",4,"GMHBA Stadium","Geelong Cats","Geelong Cats","Melbourne","Melbourne",33,"https://s.afl.com.au/staticfile/AFL Tenant/AFL/Players/ChampIDImages/AFL/2025014/1016433.png?im=Scale,width=0.6,height=0.6","FPL","CD_I1016433",FALSE,33,"Shannon","Neale","CD_T70",NA,86,1,1,NA,5,2,7,5,0,1,2,5,7,1,5,1,4,4,71.4,1,0,0,49,0,0,33.3,5.8,NA,NA,1,0,0,3,NA,NA,NA,5,120,0,0,0,3,60,2.5,5,2,0,28.6,0,25,0,1,1,0,4,1,3,16,0,0,0,1,1,100,4,0,0,"CD_I1016433",FALSE,33,"Shannon","Neale","home","Geelong Cats"
"CD_M20250140402","2025-04-04T08:40:00.000+0000","CONCLUDED","Premiership","Round 4",4,"GMHBA Stadium","Geelong Cats","Geelong Cats","Melbourne","Melbourne",42,"https://s.afl.com.au/staticfile/AFL Tenant/AFL/Players/ChampIDImages/AFL/2025014/1007102.png?im=Scale,width=0.6,height=0.6","SUB","CD_I1007102",FALSE,42,"Mark","O'Connor","CD_T70",NA,40,0,0,NA,11,5,16,8,0,1,3,12,15,2,0,0,0,1,93.8,1,0,1,68,1,1,0,6.1,NA,NA,0,4,0,0,NA,NA,NA,3,309,0,0,0,10,90.9,2.2,15,0,2,20,0,0,0,3,0,1,2,2,1,0,1,1,100,0,0,0,0,0,0,"CD_I1007102",FALSE,42,"Mark","O'Connor","home","Geelong Cats"
"CD_M20250140402","2025-04-04T08:40:00.000+0000","CONCLUDED","Premiership","Round 4",4,"GMHBA Stadium","Geelong Cats","Geelong Cats","Melbourne","Melbourne",14,"https://s.afl.com.au/staticfile/AFL Tenant/AFL/Players/ChampIDImages/AFL/2025014/1027877.png?im=Scale,width=0.6,height=0.6","BPL","CD_I1027877",FALSE,14,"Connor","O'Sullivan","CD_T70",NA,95,0,0,NA,13,10,23,13,0,0,10,14,24,1,0,3,1,4,87,3,0,1,96,3,0,0,10.4,NA,NA,1,8,0,0,NA,NA,NA,6,313,0,1,1,12,92.3,1.3,20,0,4,41.7,1,100,100,6,2,1,13,11,2,1,4,1,25,0,0,0,0,0,0,"CD_I1027877",FALSE,14,"Connor","O'Sullivan","home","Geelong Cats"
"CD_M20250140402","2025-04-04T08:40:00.000+0000","CONCLUDED","Premiership","Round 4",4,"GMHBA Stadium","Geelong Cats","Geelong Cats","Melbourne","Melbourne",3,"https://s.afl.com.au/staticfile/AFL Tenant/AFL/Players/ChampIDImages/AFL/2025014/1006130.png?im=Scale,width=0.6,height=0.6","WL","CD_I1006130",FALSE,3,"Bailey","Smith","CD_T70",NA,83,0,0,NA,20,8,28,7,0,8,8,20,28,5,0,0,0,1,67.9,4,1,1,127,2,0,0,10.2,NA,NA,8,1,3,1,NA,NA,NA,5,569,2,3,5,12,60,2.5,19,0,0,28.6,0,0,0,7,1,0,19,6,0,0,0,0,0,0,0,0,13,0,0,"CD_I1006130",FALSE,3,"Bailey","Smith","home","Geelong Cats"
"CD_M20250140402","2025-04-04T08:40:00.000+0000","CONCLUDED","Premiership","Round 4",4,"GMHBA Stadium","Geelong Cats","Geelong Cats","Melbourne","Melbourne",1,"https://s.afl.com.au/staticfile/AFL Tenant/AFL/Players/ChampIDImages/AFL/2025014/280317.png?im=Scale,width=0.6,height=0.6","RK","CD_I280317",FALSE,1,"Rhys","Stanley","CD_T70",NA,76,1,0,NA,5,6,11,5,0,3,6,5,11,2,2,1,23,4,72.7,3,1,2,78,2,0,100,11.8,NA,NA,1,1,1,1,NA,NA,NA,8,108,0,1,1,4,80,0.8,8,0,0,54.5,11,36.5,47.8,3,1,5,11,5,4,63,2,0,0,2,0,0,16,0,0,"CD_I280317",FALSE,1,"Rhys","Stanley","home","Geelong Cats"
"CD_M20250140402","2025-04-04T08:40:00.000+0000","CONCLUDED","Premiership","Round 4",4,"GMHBA Stadium","Geelong Cats","Geelong Cats","Melbourne","Melbourne",18,"https://s.afl.com.au/staticfile/AFL Tenant/AFL/Players/ChampIDImages/AFL/2025014/997230.png?im=Scale,width=0.6,height=0.6","HFFR","CD_I997230",FALSE,18,"Tyson","Stengle","CD_T70",NA,77,2,1,NA,5,1,6,3,0,1,1,5,6,1,2,0,0,0,83.3,1,0,0,43,0,1,66.7,4.7,NA,NA,0,0,0,3,NA,NA,NA,5,154,0,0,0,4,80,5,5,1,0,16.7,0,0,0,1,0,0,8,0,0,0,0,0,0,1,0,0,0,0,0,"CD_I997230",FALSE,18,"Tyson","Stengle","home","Geelong Cats"
"CD_M20250140402","2025-04-04T08:40:00.000+0000","CONCLUDED","Premiership","Round 4",4,"GMHBA Stadium","Geelong Cats","Geelong Cats","Melbourne","Melbourne",44,"https://s.afl.com.au/staticfile/AFL Tenant/AFL/Players/ChampIDImages/AFL/2025014/291800.png?im=Scale,width=0.6,height=0.6","CHB","CD_I291800",FALSE,44,"Tom","Stewart","CD_T70",NA,80,0,0,NA,21,3,24,11,0,1,5,14,19,1,0,1,0,2,91.7,1,2,0,108,3,0,0,9.3,NA,NA,2,4,0,0,NA,NA,NA,4,437,0,0,0,19,90.5,7,22,0,1,26.3,0,0,0,2,0,2,7,6,2,0,1,0,0,0,0,0,1,5,5,"CD_I291800",FALSE,44,"Tom","Stewart","home","Geelong Cats"
"CD_M20250140402","2025-04-04T08:40:00.000+0000","CONCLUDED","Premiership","Round 4",4,"GMHBA Stadium","Geelong Cats","Geelong Cats","Melbourne","Melbourne",17,"https://s.afl.com.au/staticfile/AFL Tenant/AFL/Players/ChampIDImages/AFL/2025014/1012825.png?im=Scale,width=0.6,height=0.6","BPL","CD_I1012825",FALSE,17,"Jake","Bowey","CD_T90",NA,81,0,0,NA,16,4,20,2,0,3,5,12,17,0,0,0,0,1,80,3,2,0,76,6,0,0,5,NA,NA,2,6,0,0,NA,NA,NA,1,470,0,0,0,13,81.3,4,16,0,1,29.4,0,0,0,4,0,0,11,11,1,0,0,0,0,0,0,0,0,3,3,"CD_I1012825",FALSE,17,"Jake","Bowey","away","Melbourne"
"CD_M20250140402","2025-04-04T08:40:00.000+0000","CONCLUDED","Premiership","Round 4",4,"GMHBA Stadium","Geelong Cats","Geelong Cats","Melbourne","Melbourne",37,"https://s.afl.com.au/staticfile/AFL Tenant/AFL/Players/ChampIDImages/AFL/2025014/1005330.png?im=Scale,width=0.6,height=0.6","HFFL","CD_I1005330",FALSE,37,"Kade","Chandler","CD_T90",NA,94,0,0,NA,8,3,11,3,0,2,3,8,11,2,0,1,0,1,72.7,2,0,0,47,4,0,0,6.3,NA,NA,3,2,0,0,NA,NA,NA,2,335,0,0,0,5,62.5,2.7,8,0,1,27.3,0,0,0,2,1,0,19,10,1,0,2,1,50,0,0,0,0,0,0,"CD_I1005330",FALSE,37,"Kade","Chandler","away","Melbourne"
"CD_M20250140402","2025-04-04T08:40:00.000+0000","CONCLUDED","Premiership","Round 4",4,"GMHBA Stadium","Geelong Cats","Geelong Cats","Melbourne","Melbourne",31,"https://s.afl.com.au/staticfile/AFL Tenant/AFL/Players/ChampIDImages/AFL/2025014/1001438.png?im=Scale,width=0.6,height=0.6","INT","CD_I1001438",FALSE,31,"Bayley","Fritsch","CD_T90",NA,79,0,3,NA,10,7,17,7,3,1,5,12,17,5,1,3,0,1,52.9,1,0,1,69,0,2,0,5.3,NA,NA,2,3,0,3,NA,NA,NA,6,404,0,0,0,3,30,1.4,9,0,1,29.4,0,0,0,2,0,0,9,3,1,0,0,0,0,4,2,50,0,0,0,"CD_I1001438",FALSE,31,"Bayley","Fritsch","away","Melbourne"
"CD_M20250140402","2025-04-04T08:40:00.000+0000","CONCLUDED","Premiership","Round 4",4,"GMHBA Stadium","Geelong Cats","Geelong Cats","Melbourne","Melbourne",11,"https://s.afl.com.au/staticfile/AFL Tenant/AFL/Players/ChampIDImages/AFL/2025014/290528.png?im=Scale,width=0.6,height=0.6","RK","CD_I290528",FALSE,11,"Max","Gawn","CD_T90",NA,85,0,0,NA,8,7,15,4,0,3,12,5,17,3,0,2,34,7,53.3,4,2,1,95,1,0,0,13.5,NA,NA,2,3,0,0,NA,NA,NA,6,226,3,2,5,6,75,1.1,8,0,3,70.6,11,48.6,32.4,2,0,5,8,6,6,70,2,0,0,2,0,0,19,0,0,"CD_I290528",FALSE,11,"Max","Gawn","away","Melbourne"
"CD_M20250140402","2025-04-04T08:40:00.000+0000","CONCLUDED","Premiership","Round 4",4,"GMHBA Stadium","Geelong Cats","Geelong Cats","Melbourne","Melbourne",43,"https://s.afl.com.au/staticfile/AFL Tenant/AFL/Players/ChampIDImages/AFL/2025014/1008183.png?im=Scale,width=0.6,height=0.6","CHF","CD_I1008183",FALSE,43,"Jack","Henderson","CD_T90",NA,73,0,0,NA,6,3,9,3,0,1,2,7,9,2,0,0,0,1,77.8,2,0,0,37,1,0,0,3.6,NA,NA,2,1,0,0,NA,NA,NA,3,122,0,0,0,4,66.7,2,7,0,0,22.2,0,0,0,2,0,0,12,5,1,0,0,0,0,0,0,0,0,0,0,"CD_I1008183",FALSE,43,"Jack","Henderson","away","Melbourne"
"CD_M20250140402","2025-04-04T08:40:00.000+0000","CONCLUDED","Premiership","Round 4",4,"GMHBA Stadium","Geelong Cats","Geelong Cats","Melbourne","Melbourne",15,"https://s.afl.com.au/staticfile/AFL Tenant/AFL/Players/ChampIDImages/AFL/2025014/298264.png?im=Scale,width=0.6,height=0.6","WR","CD_I298264",FALSE,15,"Ed","Langdon","CD_T90",NA,95,1,1,NA,9,6,15,3,0,3,5,11,16,3,0,0,0,2,73.3,0,0,0,67,3,0,50,10.3,NA,NA,3,2,0,2,NA,NA,NA,2,333,0,0,0,7,77.8,1.5,11,0,1,31.3,0,0,0,3,0,0,9,7,1,0,0,0,0,0,0,0,0,0,0,"CD_I298264",FALSE,15,"Ed","Langdon","away","Melbourne"
"CD_M20250140402","2025-04-04T08:40:00.000+0000","CONCLUDED","Premiership","Round 4",4,"GMHBA Stadium","Geelong Cats","Geelong Cats","Melbourne","Melbourne",19,"https://s.afl.com.au/staticfile/AFL Tenant/AFL/Players/ChampIDImages/AFL/2025014/1028546.png?im=Scale,width=0.6,height=0.6","FPR","CD_I1028546",FALSE,19,"Harvey","Langford","CD_T90",NA,63,1,0,NA,4,7,11,0,0,1,6,5,11,1,0,0,0,1,54.5,2,0,0,36,1,0,100,6.7,NA,NA,2,0,0,1,NA,NA,NA,1,129,0,3,3,1,25,0.6,6,0,0,54.5,0,0,0,4,1,0,8,2,1,0,0,0,0,0,0,0,13,0,0,"CD_I1028546",FALSE,19,"Harvey","Langford","away","Melbourne"
"CD_M20250140402","2025-04-04T08:40:00.000+0000","CONCLUDED","Premiership","Round 4",4,"GMHBA Stadium","Geelong Cats","Geelong Cats","Melbourne","Melbourne",1,"https://s.afl.com.au/staticfile/AFL Tenant/AFL/Players/ChampIDImages/AFL/2025014/281085.png?im=Scale,width=0.6,height=0.6","FB","CD_I281085",FALSE,1,"Steven","May","CD_T90",NA,100,0,0,NA,24,3,27,10,1,0,6,13,19,0,0,1,0,7,85.2,3,1,1,106,8,0,0,13.4,NA,NA,5,11,0,0,NA,NA,NA,2,625,0,0,0,20,83.3,8,23,0,5,31.6,0,0,0,4,0,2,6,5,6,0,2,0,0,0,0,0,0,7,7,"CD_I281085",FALSE,1,"Steven","May","away","Melbourne"
"CD_M20250140402","2025-04-04T08:40:00.000+0000","CONCLUDED","Premiership","Round 4",4,"GMHBA Stadium","Geelong Cats","Geelong Cats","Melbourne","Melbourne",25,"https://s.afl.com.au/staticfile/AFL Tenant/AFL/Players/ChampIDImages/AFL/2025014/291533.png?im=Scale,width=0.6,height=0.6","CHB","CD_I291533",FALSE,25,"Tom","McDonald","CD_T90",NA,100,0,0,NA,14,3,17,10,0,3,3,13,16,1,0,0,0,5,82.4,3,1,1,88,4,0,0,8.9,NA,NA,4,10,0,0,NA,NA,NA,1,312,0,0,0,13,92.9,4.7,14,0,6,18.8,0,0,0,2,0,0,9,8,5,0,2,2,100,0,0,0,0,0,0,"CD_I291533",FALSE,25,"Tom","McDonald","away","Melbourne"
"CD_M20250140402","2025-04-04T08:40:00.000+0000","CONCLUDED","Premiership","Round 4",4,"GMHBA Stadium","Geelong Cats","Geelong Cats","Melbourne","Melbourne",18,"https://s.afl.com.au/staticfile/AFL Tenant/AFL/Players/ChampIDImages/AFL/2025014/280824.png?im=Scale,width=0.6,height=0.6","FPL","CD_I280824",FALSE,18,"Jake","Melksham","CD_T90",NA,78,0,0,NA,5,3,8,3,0,2,4,4,8,5,0,1,0,1,75,1,1,1,36,0,0,0,7.2,NA,NA,2,1,0,0,NA,NA,NA,1,212,0,1,1,3,60,1.7,6,0,0,50,0,0,0,2,0,1,10,1,0,0,0,0,0,2,1,50,0,0,0,"CD_I280824",FALSE,18,"Jake","Melksham","away","Melbourne"
"CD_M20250140402","2025-04-04T08:40:00.000+0000","CONCLUDED","Premiership","Round 4",4,"GMHBA Stadium","Geelong Cats","Geelong Cats","Melbourne","Melbourne",13,"https://s.afl.com.au/staticfile/AFL Tenant/AFL/Players/ChampIDImages/AFL/2025014/996701.png?im=Scale,width=0.6,height=0.6","INT","CD_I996701",FALSE,13,"Clayton","Oliver","CD_T90",NA,78,0,1,NA,14,16,30,5,0,3,16,12,28,4,1,0,0,1,60,2,2,0,104,2,0,0,7,NA,NA,3,2,0,1,NA,NA,NA,4,318,2,7,9,7,50,0.9,18,0,0,57.1,0,0,0,8,0,0,17,9,0,0,0,0,0,0,0,0,17,0,0,"CD_I996701",FALSE,13,"Clayton","Oliver","away","Melbourne"
"CD_M20250140402","2025-04-04T08:40:00.000+0000","CONCLUDED","Premiership","Round 4",4,"GMHBA Stadium","Geelong Cats","Geelong Cats","Melbourne","Melbourne",5,"https://s.afl.com.au/staticfile/AFL Tenant/AFL/Players/ChampIDImages/AFL/2025014/298210.png?im=Scale,width=0.6,height=0.6","RR","CD_I298210",FALSE,5,"Christian","Petracca","CD_T90",NA,84,2,0,NA,10,11,21,3,0,1,12,9,21,4,1,0,0,0,81,2,0,0,77,0,0,100,20.6,NA,NA,3,2,1,2,NA,NA,NA,5,314,2,1,3,6,60,0.9,17,0,0,57.1,0,0,0,10,3,0,15,4,0,0,0,0,0,1,0,0,11,0,0,"CD_I298210",FALSE,5,"Christian","Petracca","away","Melbourne"
"CD_M20250140402","2025-04-04T08:40:00.000+0000","CONCLUDED","Premiership","Round 4",4,"GMHBA Stadium","Geelong Cats","Geelong Cats","Melbourne","Melbourne",35,"https://s.afl.com.au/staticfile/AFL Tenant/AFL/Players/ChampIDImages/AFL/2025014/1008893.png?im=Scale,width=0.6,height=0.6","BPR","CD_I1008893",FALSE,35,"Harrison","Petty","CD_T90",NA,92,0,0,NA,2,3,5,2,0,1,1,3,4,2,0,0,0,7,80,3,0,2,16,0,0,0,0.5,NA,NA,1,2,0,0,NA,NA,NA,0,55,0,0,0,2,100,0.7,4,0,0,25,0,0,0,1,0,0,12,10,7,0,2,1,50,0,0,0,0,1,0,"CD_I1008893",FALSE,35,"Harrison","Petty","away","Melbourne"
"CD_M20250140402","2025-04-04T08:40:00.000+0000","CONCLUDED","Premiership","Round 4",4,"GMHBA Stadium","Geelong Cats","Geelong Cats","Melbourne","Melbourne",36,"https://s.afl.com.au/staticfile/AFL Tenant/AFL/Players/ChampIDImages/AFL/2025014/1008541.png?im=Scale,width=0.6,height=0.6","HFFR","CD_I1008541",FALSE,36,"Kysaiah","Pickett","CD_T90",NA,83,0,3,NA,12,10,22,5,0,4,6,15,21,5,1,0,0,0,59.1,3,0,1,87,0,1,0,7.3,NA,NA,4,1,1,3,NA,NA,NA,8,344,2,1,3,7,58.3,1.2,13,2,0,28.6,0,0,0,6,2,1,23,6,0,0,0,0,0,0,0,0,13,0,0,"CD_I1008541",FALSE,36,"Kysaiah","Pickett","away","Melbourne"
"CD_M20250140402","2025-04-04T08:40:00.000+0000","CONCLUDED","Premiership","Round 4",4,"GMHBA Stadium","Geelong Cats","Geelong Cats","Melbourne","Melbourne",24,"https://s.afl.com.au/staticfile/AFL Tenant/AFL/Players/ChampIDImages/AFL/2025014/1009378.png?im=Scale,width=0.6,height=0.6","R","CD_I1009378",FALSE,24,"Trent","Rivers","CD_T90",NA,79,0,0,NA,5,8,13,2,0,0,5,6,11,1,0,0,0,1,76.9,4,0,2,31,2,0,0,3.2,NA,NA,2,5,0,0,NA,NA,NA,0,184,0,0,0,2,40,0.6,10,0,0,45.5,0,0,0,5,0,0,11,8,1,0,0,0,0,0,0,0,0,1,1,"CD_I1009378",FALSE,24,"Trent","Rivers","away","Melbourne"
"CD_M20250140402","2025-04-04T08:40:00.000+0000","CONCLUDED","Premiership","Round 4",4,"GMHBA Stadium","Geelong Cats","Geelong Cats","Melbourne","Melbourne",3,"https://s.afl.com.au/staticfile/AFL Tenant/AFL/Players/ChampIDImages/AFL/2025014/296359.png?im=Scale,width=0.6,height=0.6","HBFR","CD_I296359",FALSE,3,"Christian","Salem","CD_T90",NA,84,0,0,NA,10,8,18,7,0,3,4,12,16,0,0,1,0,2,77.8,4,1,2,74,1,0,0,6.3,NA,NA,3,4,0,0,NA,NA,NA,1,295,0,2,2,8,80,1.3,14,0,2,25,0,0,0,2,0,1,5,5,2,0,1,1,100,0,0,0,0,1,1,"CD_I296359",FALSE,3,"Christian","Salem","away","Melbourne"
"CD_M20250140402","2025-04-04T08:40:00.000+0000","CONCLUDED","Premiership","Round 4",4,"GMHBA Stadium","Geelong Cats","Geelong Cats","Melbourne","Melbourne",30,"https://s.afl.com.au/staticfile/AFL Tenant/AFL/Players/ChampIDImages/AFL/2025014/1007099.png?im=Scale,width=0.6,height=0.6","WL","CD_I1007099",FALSE,30,"Harry","Sharp","CD_T90",NA,59,0,0,NA,3,2,5,2,0,2,1,4,5,1,0,0,0,1,60,2,0,2,21,0,0,0,2.8,NA,NA,3,1,0,0,NA,NA,NA,1,35,0,0,0,1,33.3,1.5,3,0,1,20,0,0,0,1,0,1,8,5,0,0,0,0,0,1,0,0,0,0,0,"CD_I1007099",FALSE,30,"Harry","Sharp","away","Melbourne"
"CD_M20250140402","2025-04-04T08:40:00.000+0000","CONCLUDED","Premiership","Round 4",4,"GMHBA Stadium","Geelong Cats","Geelong Cats","Melbourne","Melbourne",9,"https://s.afl.com.au/staticfile/AFL Tenant/AFL/Players/ChampIDImages/AFL/2025014/1002282.png?im=Scale,width=0.6,height=0.6","SUB","CD_I1002282",FALSE,9,"Charlie","Spargo","CD_T90",NA,18,0,0,NA,0,1,1,0,0,0,1,0,1,0,0,0,0,0,0,1,0,1,-1,0,0,0,-0.5,NA,NA,1,0,0,0,NA,NA,NA,0,6,0,0,0,0,0,0,0,0,0,100,0,0,0,1,0,0,4,1,0,0,0,0,0,0,0,0,0,0,0,"CD_I1002282",FALSE,9,"Charlie","Spargo","away","Melbourne"
"CD_M20250140402","2025-04-04T08:40:00.000+0000","CONCLUDED","Premiership","Round 4",4,"GMHBA Stadium","Geelong Cats","Geelong Cats","Melbourne","Melbourne",32,"https://s.afl.com.au/staticfile/AFL Tenant/AFL/Players/ChampIDImages/AFL/2025014/999391.png?im=Scale,width=0.6,height=0.6","HBFL","CD_I999391",FALSE,32,"Tom","Sparrow","CD_T90",NA,81,0,1,NA,3,2,5,2,0,3,2,4,6,1,0,0,0,0,40,2,0,1,29,0,0,0,1.1,NA,NA,2,1,1,1,NA,NA,NA,3,94,0,0,0,1,33.3,1.5,2,0,0,33.3,0,0,0,2,1,1,9,5,0,0,0,0,0,0,0,0,0,0,0,"CD_I999391",FALSE,32,"Tom","Sparrow","away","Melbourne"
"CD_M20250140402","2025-04-04T08:40:00.000+0000","CONCLUDED","Premiership","Round 4",4,"GMHBA Stadium","Geelong Cats","Geelong Cats","Melbourne","Melbourne",10,"https://s.afl.com.au/staticfile/AFL Tenant/AFL/Players/ChampIDImages/AFL/2025014/1020959.png?im=Scale,width=0.6,height=0.6","INT","CD_I1020959",FALSE,10,"Daniel","Turner","CD_T90",NA,80,1,1,NA,6,2,8,4,0,3,6,3,9,2,1,2,0,3,62.5,0,2,0,55,0,0,50,8.9,NA,NA,1,2,2,2,NA,NA,NA,5,201,0,0,0,3,50,3,5,1,1,66.7,0,0,0,2,1,2,8,1,2,2,0,0,0,4,2,50,0,0,0,"CD_I1020959",FALSE,10,"Daniel","Turner","away","Melbourne"
"CD_M20250140402","2025-04-04T08:40:00.000+0000","CONCLUDED","Premiership","Round 4",4,"GMHBA Stadium","Geelong Cats","Geelong Cats","Melbourne","Melbourne",2,"https://s.afl.com.au/staticfile/AFL Tenant/AFL/Players/ChampIDImages/AFL/2025014/1017720.png?im=Scale,width=0.6,height=0.6","FF","CD_I1017720",FALSE,2,"Jacob","van Rooyen","CD_T90",NA,77,1,0,NA,4,6,10,1,0,3,7,3,10,3,0,1,3,3,90,3,2,3,41,0,0,100,9.6,NA,NA,6,1,1,1,NA,NA,NA,3,191,0,2,2,4,100,0.7,9,0,0,70,2,21.4,66.7,4,2,2,8,3,3,14,0,0,0,6,1,16.7,3,0,0,"CD_I1017720",FALSE,2,"Jacob","van Rooyen","away","Melbourne"
"CD_M20250140402","2025-04-04T08:40:00.000+0000","CONCLUDED","Premiership","Round 4",4,"GMHBA Stadium","Geelong Cats","Geelong Cats","Melbourne","Melbourne",7,"https://s.afl.com.au/staticfile/AFL Tenant/AFL/Players/ChampIDImages/AFL/2025014/291902.png?im=Scale,width=0.6,height=0.6","C","CD_I291902",FALSE,7,"Jack","Viney","CD_T90",NA,72,0,0,NA,8,7,15,1,0,3,10,10,20,2,0,0,0,1,60,5,3,2,50,2,0,0,3.1,NA,NA,7,1,1,0,NA,NA,NA,1,320,1,3,4,5,62.5,1.1,9,0,0,50,0,0,0,5,0,0,15,7,0,0,0,0,0,0,0,0,12,0,0,"CD_I291902",FALSE,7,"Jack","Viney","away","Melbourne"
"CD_M20250140402","2025-04-04T08:40:00.000+0000","CONCLUDED","Premiership","Round 4",4,"GMHBA Stadium","Geelong Cats","Geelong Cats","Melbourne","Melbourne",6,"https://s.afl.com.au/staticfile/AFL Tenant/AFL/Players/ChampIDImages/AFL/2025014/1027821.png?im=Scale,width=0.6,height=0.6","INT","CD_I1027821",FALSE,6,"Caleb","Windsor","CD_T90",NA,64,0,0,NA,9,7,16,3,0,1,1,16,17,3,0,0,0,1,68.8,3,0,1,51,1,0,0,3.7,NA,NA,2,0,0,0,NA,NA,NA,3,296,0,0,0,4,44.4,1.3,11,0,0,5.9,0,0,0,1,0,0,17,13,1,0,1,1,100,0,0,0,0,0,0,"CD_I1027821",FALSE,6,"Caleb","Windsor","away","Melbourne"
"CD_M20250140403","2025-04-05T02:20:00.000+0000","CONCLUDED","Premiership","Round 4",4,"People First Stadium","Gold Coast SUNS","Gold Coast SUNS","Adelaide Crows","Adelaide Crows",9,"https://s.afl.com.au/staticfile/AFL Tenant/AFL/Players/ChampIDImages/AFL/2025014/998130.png?im=Scale,width=0.6,height=0.6","HFFL","CD_I998130",FALSE,9,"Ben","Ainsworth","CD_T1000",NA,81,0,1,NA,10,6,16,6,0,2,6,10,16,6,0,0,0,0,68.8,2,0,0,69,0,5,0,9.3,NA,NA,2,0,1,2,NA,NA,NA,9,233,1,2,3,7,70,1.7,11,1,0,37.5,0,0,0,5,3,1,10,0,0,0,0,0,0,0,0,0,0,0,0,"CD_I998130",FALSE,9,"Ben","Ainsworth","home","Gold Coast SUNS"
"CD_M20250140403","2025-04-05T02:20:00.000+0000","CONCLUDED","Premiership","Round 4",4,"People First Stadium","Gold Coast SUNS","Gold Coast SUNS","Adelaide Crows","Adelaide Crows",15,"https://s.afl.com.au/staticfile/AFL Tenant/AFL/Players/ChampIDImages/AFL/2025014/1009199.png?im=Scale,width=0.6,height=0.6","R","CD_I1009199",FALSE,15,"Noah","Anderson","CD_T1000",NA,91,0,2,NA,16,8,24,3,0,4,12,11,23,5,0,0,0,3,54.2,1,1,0,92,0,0,0,13.2,NA,NA,1,2,0,2,NA,NA,NA,9,325,3,3,6,7,43.8,2,13,0,0,52.2,0,0,0,10,1,6,33,18,0,0,0,0,0,0,0,0,27,0,0,"CD_I1009199",FALSE,15,"Noah","Anderson","home","Gold Coast SUNS"
"CD_M20250140403","2025-04-05T02:20:00.000+0000","CONCLUDED","Premiership","Round 4",4,"People First Stadium","Gold Coast SUNS","Gold Coast SUNS","Adelaide Crows","Adelaide Crows",1,"https://s.afl.com.au/staticfile/AFL Tenant/AFL/Players/ChampIDImages/AFL/2025014/1017396.png?im=Scale,width=0.6,height=0.6","CHB","CD_I1017396",FALSE,1,"Mac","Andrew","CD_T1000",NA,92,0,1,NA,7,7,14,4,0,0,5,9,14,3,0,1,0,14,85.7,2,1,0,49,4,0,0,14,NA,NA,2,6,0,1,NA,NA,NA,3,392,0,0,0,6,85.7,1,12,0,2,35.7,0,0,0,3,0,2,9,6,14,0,4,0,0,0,0,0,0,0,0,"CD_I1017396",FALSE,1,"Mac","Andrew","home","Gold Coast SUNS"
"CD_M20250140403","2025-04-05T02:20:00.000+0000","CONCLUDED","Premiership","Round 4",4,"People First Stadium","Gold Coast SUNS","Gold Coast SUNS","Adelaide Crows","Adelaide Crows",35,"https://s.afl.com.au/staticfile/AFL Tenant/AFL/Players/ChampIDImages/AFL/2025014/1008454.png?im=Scale,width=0.6,height=0.6","WR","CD_I1008454",FALSE,35,"Connor","Budarick","CD_T1000",NA,70,0,2,NA,6,2,8,1,0,3,4,3,7,2,0,0,0,0,50,2,1,1,37,1,1,0,2.7,NA,NA,3,3,0,2,NA,NA,NA,4,232,0,0,0,3,50,3,4,0,0,57.1,0,0,0,3,1,3,15,8,0,0,0,0,0,0,0,0,0,0,0,"CD_I1008454",FALSE,35,"Connor","Budarick","home","Gold Coast SUNS"
"CD_M20250140403","2025-04-05T02:20:00.000+0000","CONCLUDED","Premiership","Round 4",4,"People First Stadium","Gold Coast SUNS","Gold Coast SUNS","Adelaide Crows","Adelaide Crows",33,"https://s.afl.com.au/staticfile/AFL Tenant/AFL/Players/ChampIDImages/AFL/2025014/1013257.png?im=Scale,width=0.6,height=0.6","INT","CD_I1013257",FALSE,33,"Sam","Clohesy","CD_T1000",NA,57,0,0,NA,5,5,10,1,0,0,2,8,10,1,0,0,0,0,50,2,0,0,28,1,0,0,0.3,NA,NA,2,1,0,1,NA,NA,NA,1,222,0,0,0,2,40,1,5,0,0,20,0,0,0,2,0,0,9,2,0,0,0,0,0,0,0,0,0,0,0,"CD_I1013257",FALSE,33,"Sam","Clohesy","home","Gold Coast SUNS"
"CD_M20250140403","2025-04-05T02:20:00.000+0000","CONCLUDED","Premiership","Round 4",4,"People First Stadium","Gold Coast SUNS","Gold Coast SUNS","Adelaide Crows","Adelaide Crows",25,"https://s.afl.com.au/staticfile/AFL Tenant/AFL/Players/ChampIDImages/AFL/2025014/295446.png?im=Scale,width=0.6,height=0.6","FB","CD_I295446",FALSE,25,"Sam","Collins","CD_T1000",NA,97,0,0,NA,5,5,10,2,0,0,5,4,9,0,0,0,0,10,80,2,1,0,32,5,0,0,11,NA,NA,3,8,0,0,NA,NA,NA,1,202,0,0,0,4,80,1,8,0,2,55.6,0,0,0,4,0,1,2,2,9,0,6,1,16.7,0,0,0,0,0,0,"CD_I295446",FALSE,25,"Sam","Collins","home","Gold Coast SUNS"
"CD_M20250140403","2025-04-05T02:20:00.000+0000","CONCLUDED","Premiership","Round 4",4,"People First Stadium","Gold Coast SUNS","Gold Coast SUNS","Adelaide Crows","Adelaide Crows",3,"https://s.afl.com.au/staticfile/AFL Tenant/AFL/Players/ChampIDImages/AFL/2025014/1009260.png?im=Scale,width=0.6,height=0.6","HFFR","CD_I1009260",FALSE,3,"Sam","Flanders","CD_T1000",NA,81,0,0,NA,14,12,26,8,0,3,10,16,26,3,0,0,0,0,65.4,5,0,1,99,1,0,0,8.5,NA,NA,5,1,1,0,NA,NA,NA,7,347,1,2,3,7,50,1.2,17,0,0,38.5,0,0,0,9,2,0,17,6,0,0,0,0,0,0,0,0,10,0,0,"CD_I1009260",FALSE,3,"Sam","Flanders","home","Gold Coast SUNS"
"CD_M20250140403","2025-04-05T02:20:00.000+0000","CONCLUDED","Premiership","Round 4",4,"People First Stadium","Gold Coast SUNS","Gold Coast SUNS","Adelaide Crows","Adelaide Crows",26,"https://s.afl.com.au/staticfile/AFL Tenant/AFL/Players/ChampIDImages/AFL/2025014/1026960.png?im=Scale,width=0.6,height=0.6","RR","CD_I1026960",FALSE,26,"Will","Graham","CD_T1000",NA,79,2,0,NA,6,4,10,1,0,4,5,4,9,3,0,0,0,1,80,3,1,2,52,0,0,100,11.1,NA,NA,3,0,1,2,NA,NA,NA,4,165,0,0,0,4,66.7,1.5,8,0,0,55.6,0,0,0,4,1,0,23,8,1,0,0,0,0,0,0,0,2,0,0,"CD_I1026960",FALSE,26,"Will","Graham","home","Gold Coast SUNS"
"CD_M20250140403","2025-04-05T02:20:00.000+0000","CONCLUDED","Premiership","Round 4",4,"People First Stadium","Gold Coast SUNS","Gold Coast SUNS","Adelaide Crows","Adelaide Crows",19,"https://s.afl.com.au/staticfile/AFL Tenant/AFL/Players/ChampIDImages/AFL/2025014/1023500.png?im=Scale,width=0.6,height=0.6","FF","CD_I1023500",FALSE,19,"Bailey","Humphrey","CD_T1000",NA,80,1,0,NA,7,6,13,1,0,4,9,4,13,3,1,0,0,0,53.8,3,2,0,60,1,0,100,9,NA,NA,2,1,1,1,NA,NA,NA,4,175,0,2,2,3,42.9,1.2,7,0,0,69.2,0,0,0,7,2,1,22,6,0,0,0,0,0,1,0,0,9,0,0,"CD_I1023500",FALSE,19,"Bailey","Humphrey","home","Gold Coast SUNS"
"CD_M20250140403","2025-04-05T02:20:00.000+0000","CONCLUDED","Premiership","Round 4",4,"People First Stadium","Gold Coast SUNS","Gold Coast SUNS","Adelaide Crows","Adelaide Crows",40,"https://s.afl.com.au/staticfile/AFL Tenant/AFL/Players/ChampIDImages/AFL/2025014/1005992.png?im=Scale,width=0.6,height=0.6","INT","CD_I1005992",FALSE,40,"Joel","Jeffrey","CD_T1000",NA,77,0,0,NA,9,6,15,1,0,6,11,2,13,2,0,0,0,2,53.3,3,3,0,69,0,0,0,12.4,NA,NA,5,8,0,0,NA,NA,NA,1,270,0,2,2,6,66.7,1.5,8,0,0,84.6,0,0,0,8,1,1,14,10,1,0,0,0,0,0,0,0,0,2,2,"CD_I1005992",FALSE,40,"Joel","Jeffrey","home","Gold Coast SUNS"
"CD_M20250140403","2025-04-05T02:20:00.000+0000","CONCLUDED","Premiership","Round 4",4,"People First Stadium","Gold Coast SUNS","Gold Coast SUNS","Adelaide Crows","Adelaide Crows",34,"https://s.afl.com.au/staticfile/AFL Tenant/AFL/Players/ChampIDImages/AFL/2025014/1006144.png?im=Scale,width=0.6,height=0.6","FPL","CD_I1006144",FALSE,34,"Ben","King","CD_T1000",NA,83,2,2,NA,5,4,9,3,0,0,5,4,9,1,3,1,0,1,66.7,1,2,1,45,0,1,50,4,NA,NA,2,0,0,4,NA,NA,NA,5,133,0,0,0,2,40,1.3,6,0,0,55.6,0,0,0,2,1,0,3,0,1,0,0,0,0,0,0,0,0,0,0,"CD_I1006144",FALSE,34,"Ben","King","home","Gold Coast SUNS"
"CD_M20250140403","2025-04-05T02:20:00.000+0000","CONCLUDED","Premiership","Round 4",4,"People First Stadium","Gold Coast SUNS","Gold Coast SUNS","Adelaide Crows","Adelaide Crows",22,"https://s.afl.com.au/staticfile/AFL Tenant/AFL/Players/ChampIDImages/AFL/2025014/993917.png?im=Scale,width=0.6,height=0.6","INT","CD_I993917",FALSE,22,"Ben","Long","CD_T1000",NA,83,2,0,NA,7,2,9,3,0,5,4,4,8,4,1,2,0,3,44.4,4,1,0,67,0,0,100,10.2,NA,NA,3,1,3,2,NA,NA,NA,3,255,0,0,0,4,57.1,3.5,4,1,0,50,0,0,0,1,0,1,17,2,2,0,0,0,0,1,0,0,0,0,0,"CD_I993917",FALSE,22,"Ben","Long","home","Gold Coast SUNS"
"CD_M20250140403","2025-04-05T02:20:00.000+0000","CONCLUDED","Premiership","Round 4",4,"People First Stadium","Gold Coast SUNS","Gold Coast SUNS","Adelaide Crows","Adelaide Crows",11,"https://s.afl.com.au/staticfile/AFL Tenant/AFL/Players/ChampIDImages/AFL/2025014/298272.png?im=Scale,width=0.6,height=0.6","CHF","CD_I298272",FALSE,11,"Touk","Miller","CD_T1000",NA,85,1,0,NA,10,14,24,3,3,3,12,11,23,4,1,0,0,0,79.2,1,2,0,87,3,0,100,19.4,NA,NA,3,6,0,1,NA,NA,NA,6,506,1,4,5,10,100,0.7,19,0,0,52.2,0,0,0,7,0,1,18,10,0,0,0,0,0,0,0,0,17,0,0,"CD_I298272",FALSE,11,"Touk","Miller","home","Gold Coast SUNS"
"CD_M20250140403","2025-04-05T02:20:00.000+0000","CONCLUDED","Premiership","Round 4",4,"People First Stadium","Gold Coast SUNS","Gold Coast SUNS","Adelaide Crows","Adelaide Crows",2,"https://s.afl.com.au/staticfile/AFL Tenant/AFL/Players/ChampIDImages/AFL/2025014/1000072.png?im=Scale,width=0.6,height=0.6","HBFL","CD_I1000072",FALSE,2,"John","Noble","CD_T1000",NA,85,0,0,NA,12,8,20,4,0,5,8,13,21,2,0,0,0,1,55,4,1,1,82,5,0,0,4.5,NA,NA,2,6,0,0,NA,NA,NA,1,326,0,1,1,5,41.7,1.5,11,0,0,38.1,0,0,0,6,0,0,13,9,0,0,0,0,0,0,0,0,0,1,1,"CD_I1000072",FALSE,2,"John","Noble","home","Gold Coast SUNS"
"CD_M20250140403","2025-04-05T02:20:00.000+0000","CONCLUDED","Premiership","Round 4",4,"People First Stadium","Gold Coast SUNS","Gold Coast SUNS","Adelaide Crows","Adelaide Crows",27,"https://s.afl.com.au/staticfile/AFL Tenant/AFL/Players/ChampIDImages/AFL/2025014/1007881.png?im=Scale,width=0.6,height=0.6","BPL","CD_I1007881",FALSE,27,"Wil","Powell","CD_T1000",NA,86,0,0,NA,7,10,17,6,0,2,10,7,17,1,0,2,0,6,82.4,5,0,3,58,6,0,0,8.9,NA,NA,5,6,0,0,NA,NA,NA,4,369,0,2,2,6,85.7,0.7,14,0,3,58.8,0,0,0,6,1,1,11,10,4,0,0,0,0,0,0,0,0,2,2,"CD_I1007881",FALSE,27,"Wil","Powell","home","Gold Coast SUNS"
"CD_M20250140403","2025-04-05T02:20:00.000+0000","CONCLUDED","Premiership","Round 4",4,"People First Stadium","Gold Coast SUNS","Gold Coast SUNS","Adelaide Crows","Adelaide Crows",20,"https://s.afl.com.au/staticfile/AFL Tenant/AFL/Players/ChampIDImages/AFL/2025014/1027033.png?im=Scale,width=0.6,height=0.6","FPR","CD_I1027033",FALSE,20,"Ethan","Read","CD_T1000",NA,66,1,0,NA,2,1,3,1,0,4,2,1,3,0,1,1,4,2,33.3,0,0,0,37,0,0,100,2.6,NA,NA,1,0,3,1,NA,NA,NA,2,21,0,0,0,1,50,2,1,0,0,66.7,0,25,0,1,1,0,12,2,2,16,1,0,0,2,1,50,4,0,0,"CD_I1027033",FALSE,20,"Ethan","Read","home","Gold Coast SUNS"
"CD_M20250140403","2025-04-05T02:20:00.000+0000","CONCLUDED","Premiership","Round 4",4,"People First Stadium","Gold Coast SUNS","Gold Coast SUNS","Adelaide Crows","Adelaide Crows",17,"https://s.afl.com.au/staticfile/AFL Tenant/AFL/Players/ChampIDImages/AFL/2025014/1000981.png?im=Scale,width=0.6,height=0.6","HBFR","CD_I1000981",FALSE,17,"Daniel","Rioli","CD_T1000",NA,80,0,0,NA,18,8,26,6,6,6,6,22,28,5,0,0,0,1,92.3,0,1,0,113,6,1,0,17.2,NA,NA,2,4,0,0,NA,NA,NA,4,620,1,1,2,16,88.9,2.3,24,2,0,21.4,0,0,0,4,0,0,17,13,0,0,0,0,0,0,0,0,0,0,0,"CD_I1000981",FALSE,17,"Daniel","Rioli","home","Gold Coast SUNS"
"CD_M20250140403","2025-04-05T02:20:00.000+0000","CONCLUDED","Premiership","Round 4",4,"People First Stadium","Gold Coast SUNS","Gold Coast SUNS","Adelaide Crows","Adelaide Crows",29,"https://s.afl.com.au/staticfile/AFL Tenant/AFL/Players/ChampIDImages/AFL/2025014/1018123.png?im=Scale,width=0.6,height=0.6","SUB","CD_I1018123",FALSE,29,"Jake","Rogers","CD_T1000",NA,28,0,0,NA,2,0,2,0,0,1,1,1,2,1,0,0,0,0,100,0,0,0,10,0,1,0,5,NA,NA,0,0,0,0,NA,NA,NA,2,71,0,0,0,2,100,2,2,0,0,50,0,0,0,1,1,0,6,2,0,0,0,0,0,0,0,0,0,0,0,"CD_I1018123",FALSE,29,"Jake","Rogers","home","Gold Coast SUNS"
"CD_M20250140403","2025-04-05T02:20:00.000+0000","CONCLUDED","Premiership","Round 4",4,"People First Stadium","Gold Coast SUNS","Gold Coast SUNS","Adelaide Crows","Adelaide Crows",18,"https://s.afl.com.au/staticfile/AFL Tenant/AFL/Players/ChampIDImages/AFL/2025014/1009208.png?im=Scale,width=0.6,height=0.6","C","CD_I1009208",FALSE,18,"Matt","Rowell","CD_T1000",NA,85,0,1,NA,12,5,17,2,0,8,10,8,18,6,0,0,0,2,64.7,8,1,4,74,1,1,0,6.4,NA,NA,5,4,0,1,NA,NA,NA,10,337,2,2,4,8,66.7,2.4,11,0,0,55.6,0,0,0,4,0,2,36,7,1,0,0,0,0,0,0,0,25,0,0,"CD_I1009208",FALSE,18,"Matt","Rowell","home","Gold Coast SUNS"
"CD_M20250140403","2025-04-05T02:20:00.000+0000","CONCLUDED","Premiership","Round 4",4,"People First Stadium","Gold Coast SUNS","Gold Coast SUNS","Adelaide Crows","Adelaide Crows",32,"https://s.afl.com.au/staticfile/AFL Tenant/AFL/Players/ChampIDImages/AFL/2025014/1017665.png?im=Scale,width=0.6,height=0.6","BPR","CD_I1017665",FALSE,32,"Bodhi","Uwland","CD_T1000",NA,84,0,0,NA,8,5,13,2,0,3,4,5,9,1,0,0,0,6,92.3,2,1,0,53,2,0,0,5.4,NA,NA,1,6,0,0,NA,NA,NA,2,208,0,0,0,7,87.5,1.6,12,1,1,44.4,0,0,0,3,0,1,6,6,6,0,4,1,25,0,0,0,0,1,1,"CD_I1017665",FALSE,32,"Bodhi","Uwland","home","Gold Coast SUNS"
"CD_M20250140403","2025-04-05T02:20:00.000+0000","CONCLUDED","Premiership","Round 4",4,"People First Stadium","Gold Coast SUNS","Gold Coast SUNS","Adelaide Crows","Adelaide Crows",4,"https://s.afl.com.au/staticfile/AFL Tenant/AFL/Players/ChampIDImages/AFL/2025014/1023736.png?im=Scale,width=0.6,height=0.6","INT","CD_I1023736",FALSE,4,"Jed","Walter","CD_T1000",NA,63,3,2,NA,9,1,10,5,0,0,6,4,10,3,3,2,0,2,60,2,4,0,68,0,0,60,8.3,NA,NA,2,1,0,5,NA,NA,NA,5,311,0,0,0,5,55.6,9,6,1,0,60,0,0,0,2,1,0,6,0,2,0,0,0,0,2,2,100,0,0,0,"CD_I1023736",FALSE,4,"Jed","Walter","home","Gold Coast SUNS"
"CD_M20250140403","2025-04-05T02:20:00.000+0000","CONCLUDED","Premiership","Round 4",4,"People First Stadium","Gold Coast SUNS","Gold Coast SUNS","Adelaide Crows","Adelaide Crows",14,"https://s.afl.com.au/staticfile/AFL Tenant/AFL/Players/ChampIDImages/AFL/2025014/298524.png?im=Scale,width=0.6,height=0.6","WL","CD_I298524",FALSE,14,"Lachie","Weller","CD_T1000",NA,82,1,1,NA,7,3,10,2,1,3,2,8,10,2,1,0,0,0,60,1,0,0,52,2,0,50,5.1,NA,NA,2,1,1,2,NA,NA,NA,3,342,0,0,0,5,71.4,2.3,6,0,0,20,0,0,0,2,0,0,6,1,0,0,0,0,0,0,0,0,0,0,0,"CD_I298524",FALSE,14,"Lachie","Weller","home","Gold Coast SUNS"
"CD_M20250140403","2025-04-05T02:20:00.000+0000","CONCLUDED","Premiership","Round 4",4,"People First Stadium","Gold Coast SUNS","Gold Coast SUNS","Adelaide Crows","Adelaide Crows",28,"https://s.afl.com.au/staticfile/AFL Tenant/AFL/Players/ChampIDImages/AFL/2025014/291975.png?im=Scale,width=0.6,height=0.6","RK","CD_I291975",FALSE,28,"Jarrod","Witts","CD_T1000",NA,87,0,1,NA,5,9,14,2,0,3,10,5,15,2,0,1,45,4,64.3,2,2,1,96,1,0,0,10.5,NA,NA,2,2,1,1,NA,NA,NA,8,139,3,2,5,2,40,0.6,9,1,1,66.7,9,50.6,20,6,2,5,8,4,1,89,0,0,0,1,1,100,26,0,0,"CD_I291975",FALSE,28,"Jarrod","Witts","home","Gold Coast SUNS"
"CD_M20250140403","2025-04-05T02:20:00.000+0000","CONCLUDED","Premiership","Round 4",4,"People First Stadium","Gold Coast SUNS","Gold Coast SUNS","Adelaide Crows","Adelaide Crows",35,"https://s.afl.com.au/staticfile/AFL Tenant/AFL/Players/ChampIDImages/AFL/2025014/1009029.png?im=Scale,width=0.6,height=0.6","FB","CD_I1009029",FALSE,35,"James","Borlase","CD_T10",NA,78,0,0,NA,5,3,8,0,0,1,1,6,7,0,0,0,0,6,75,3,0,2,19,4,0,0,-0.4,NA,NA,2,2,0,0,NA,NA,NA,0,171,0,0,0,4,80,1.7,6,0,0,14.3,0,0,0,1,0,0,3,2,6,0,2,1,50,0,0,0,0,0,0,"CD_I1009029",FALSE,35,"James","Borlase","away","Adelaide Crows"
"CD_M20250140403","2025-04-05T02:20:00.000+0000","CONCLUDED","Premiership","Round 4",4,"People First Stadium","Gold Coast SUNS","Gold Coast SUNS","Adelaide Crows","Adelaide Crows",44,"https://s.afl.com.au/staticfile/AFL Tenant/AFL/Players/ChampIDImages/AFL/2025014/1001396.png?im=Scale,width=0.6,height=0.6","WL","CD_I1001396",FALSE,44,"Isaac","Cumming","CD_T10",NA,86,0,0,NA,13,7,20,8,0,5,3,16,19,2,1,0,0,1,60,3,0,0,97,2,1,0,3.3,NA,NA,5,2,1,0,NA,NA,NA,5,311,0,0,0,8,61.5,1.9,12,1,0,15.8,0,0,0,3,0,0,18,9,1,0,0,0,0,0,0,0,0,0,0,"CD_I1001396",FALSE,44,"Isaac","Cumming","away","Adelaide Crows"
"CD_M20250140403","2025-04-05T02:20:00.000+0000","CONCLUDED","Premiership","Round 4",4,"People First Stadium","Gold Coast SUNS","Gold Coast SUNS","Adelaide Crows","Adelaide Crows",6,"https://s.afl.com.au/staticfile/AFL Tenant/AFL/Players/ChampIDImages/AFL/2025014/1024023.png?im=Scale,width=0.6,height=0.6","INT","CD_I1024023",FALSE,6,"Daniel","Curtin","CD_T10",NA,77,0,0,NA,7,5,12,3,0,3,7,7,14,0,0,1,0,2,75,0,1,0,53,0,2,0,13.3,NA,NA,1,2,0,0,NA,NA,NA,3,132,0,0,0,5,71.4,1.4,9,0,1,50,0,0,0,3,2,0,11,5,0,0,0,0,0,2,0,0,0,0,0,"CD_I1024023",FALSE,6,"Daniel","Curtin","away","Adelaide Crows"
"CD_M20250140403","2025-04-05T02:20:00.000+0000","CONCLUDED","Premiership","Round 4",4,"People First Stadium","Gold Coast SUNS","Gold Coast SUNS","Adelaide Crows","Adelaide Crows",12,"https://s.afl.com.au/staticfile/AFL Tenant/AFL/Players/ChampIDImages/AFL/2025014/992242.png?im=Scale,width=0.6,height=0.6","C","CD_I992242",FALSE,12,"Jordan","Dawson","CD_T10",NA,77,0,0,NA,17,14,31,5,0,6,11,16,27,8,0,1,0,1,64.5,2,0,0,118,1,1,0,18,NA,NA,6,3,0,1,NA,NA,NA,5,511,3,3,6,10,58.8,1.2,20,0,1,40.7,0,0,0,8,1,2,21,11,1,0,0,0,0,0,0,0,24,0,0,"CD_I992242",FALSE,12,"Jordan","Dawson","away","Adelaide Crows"
"CD_M20250140403","2025-04-05T02:20:00.000+0000","CONCLUDED","Premiership","Round 4",4,"People First Stadium","Gold Coast SUNS","Gold Coast SUNS","Adelaide Crows","Adelaide Crows",34,"https://s.afl.com.au/staticfile/AFL Tenant/AFL/Players/ChampIDImages/AFL/2025014/1022607.png?im=Scale,width=0.6,height=0.6","INT","CD_I1022607",FALSE,34,"Sid","Draper","CD_T10",NA,60,0,0,NA,6,9,15,0,0,5,9,7,16,2,0,0,0,1,60,3,1,1,54,1,0,0,4.7,NA,NA,2,1,2,1,NA,NA,NA,3,160,0,3,3,3,50,0.7,9,0,0,56.3,0,0,0,6,2,1,11,4,0,0,0,0,0,0,0,0,15,0,0,"CD_I1022607",FALSE,34,"Sid","Draper","away","Adelaide Crows"
"CD_M20250140403","2025-04-05T02:20:00.000+0000","CONCLUDED","Premiership","Round 4",4,"People First Stadium","Gold Coast SUNS","Gold Coast SUNS","Adelaide Crows","Adelaide Crows",32,"https://s.afl.com.au/staticfile/AFL Tenant/AFL/Players/ChampIDImages/AFL/2025014/999331.png?im=Scale,width=0.6,height=0.6","FPL","CD_I999331",FALSE,32,"Darcy","Fogarty","CD_T10",NA,85,3,0,NA,7,4,11,4,0,1,4,8,12,0,3,1,0,1,100,0,1,0,64,0,1,100,11.5,NA,NA,1,0,0,3,NA,NA,NA,4,174,0,0,0,7,100,1.8,11,0,0,33.3,0,0,0,1,0,0,7,0,0,1,0,0,0,4,1,25,0,0,0,"CD_I999331",FALSE,32,"Darcy","Fogarty","away","Adelaide Crows"
"CD_M20250140403","2025-04-05T02:20:00.000+0000","CONCLUDED","Premiership","Round 4",4,"People First Stadium","Gold Coast SUNS","Gold Coast SUNS","Adelaide Crows","Adelaide Crows",20,"https://s.afl.com.au/staticfile/AFL Tenant/AFL/Players/ChampIDImages/AFL/2025014/1004863.png?im=Scale,width=0.6,height=0.6","INT","CD_I1004863",FALSE,20,"Mitchell","Hinge","CD_T10",NA,81,0,0,NA,17,10,27,5,1,2,9,14,23,2,0,0,0,4,74.1,7,1,3,86,5,2,0,16.4,NA,NA,6,9,0,0,NA,NA,NA,3,446,0,0,0,16,94.1,1.7,20,0,1,39.1,0,0,0,7,0,0,10,7,2,0,1,0,0,0,0,0,0,4,4,"CD_I1004863",FALSE,20,"Mitchell","Hinge","away","Adelaide Crows"
"CD_M20250140403","2025-04-05T02:20:00.000+0000","CONCLUDED","Premiership","Round 4",4,"People First Stadium","Gold Coast SUNS","Gold Coast SUNS","Adelaide Crows","Adelaide Crows",48,"https://s.afl.com.au/staticfile/AFL Tenant/AFL/Players/ChampIDImages/AFL/2025014/1013974.png?im=Scale,width=0.6,height=0.6","CHB","CD_I1013974",FALSE,48,"Mark","Keane","CD_T10",NA,94,0,0,NA,7,2,9,3,0,1,2,4,6,0,0,0,0,7,88.9,4,0,2,32,4,0,0,4.3,NA,NA,1,5,0,0,NA,NA,NA,0,127,0,1,1,6,85.7,3.5,8,0,2,33.3,0,0,0,1,0,0,2,2,5,0,1,1,100,0,0,0,0,3,3,"CD_I1013974",FALSE,48,"Mark","Keane","away","Adelaide Crows"
"CD_M20250140403","2025-04-05T02:20:00.000+0000","CONCLUDED","Premiership","Round 4",4,"People First Stadium","Gold Coast SUNS","Gold Coast SUNS","Adelaide Crows","Adelaide Crows",2,"https://s.afl.com.au/staticfile/AFL Tenant/AFL/Players/ChampIDImages/AFL/2025014/993946.png?im=Scale,width=0.6,height=0.6","HFFL","CD_I993946",FALSE,2,"Ben","Keays","CD_T10",NA,93,1,0,NA,8,9,17,5,0,3,6,11,17,4,1,0,0,0,76.5,2,1,1,73,0,0,100,8,NA,NA,2,1,1,1,NA,NA,NA,6,245,0,1,1,5,62.5,0.9,13,0,0,35.3,0,0,0,5,1,1,8,1,0,0,0,0,0,0,0,0,0,0,0,"CD_I993946",FALSE,2,"Ben","Keays","away","Adelaide Crows"
"CD_M20250140403","2025-04-05T02:20:00.000+0000","CONCLUDED","Premiership","Round 4",4,"People First Stadium","Gold Coast SUNS","Gold Coast SUNS","Adelaide Crows","Adelaide Crows",29,"https://s.afl.com.au/staticfile/AFL Tenant/AFL/Players/ChampIDImages/AFL/2025014/293222.png?im=Scale,width=0.6,height=0.6","BPR","CD_I293222",FALSE,29,"Rory","Laird","CD_T10",NA,65,0,0,NA,6,10,16,2,0,4,4,12,16,2,0,0,0,0,87.5,0,0,0,60,2,0,0,5.2,NA,NA,4,2,0,0,NA,NA,NA,0,127,0,1,1,6,100,0.6,14,0,0,25,0,0,0,4,0,0,11,8,0,0,0,0,0,0,0,0,0,0,0,"CD_I293222",FALSE,29,"Rory","Laird","away","Adelaide Crows"
"CD_M20250140403","2025-04-05T02:20:00.000+0000","CONCLUDED","Premiership","Round 4",4,"People First Stadium","Gold Coast SUNS","Gold Coast SUNS","Adelaide Crows","Adelaide Crows",16,"https://s.afl.com.au/staticfile/AFL Tenant/AFL/Players/ChampIDImages/AFL/2025014/1015370.png?im=Scale,width=0.6,height=0.6","HBFR","CD_I1015370",FALSE,16,"Max","Michalanney","CD_T10",NA,92,0,0,NA,7,2,9,2,0,2,0,9,9,0,0,0,0,0,77.8,1,0,1,36,4,1,0,1.2,NA,NA,0,0,0,0,NA,NA,NA,3,220,0,0,0,5,71.4,3.5,7,0,0,0,0,0,0,0,0,0,5,3,0,0,0,0,0,0,0,0,0,0,0,"CD_I1015370",FALSE,16,"Max","Michalanney","away","Adelaide Crows"
"CD_M20250140403","2025-04-05T02:20:00.000+0000","CONCLUDED","Premiership","Round 4",4,"People First Stadium","Gold Coast SUNS","Gold Coast SUNS","Adelaide Crows","Adelaide Crows",30,"https://s.afl.com.au/staticfile/AFL Tenant/AFL/Players/ChampIDImages/AFL/2025014/990882.png?im=Scale,width=0.6,height=0.6","HBFL","CD_I990882",FALSE,30,"Wayne","Milera","CD_T10",NA,80,0,0,NA,11,9,20,3,0,2,4,13,17,0,0,0,0,2,80,2,0,0,68,6,0,0,6.7,NA,NA,4,4,0,0,NA,NA,NA,3,321,0,1,1,9,81.8,1.2,16,0,1,23.5,0,0,0,3,0,1,8,6,2,0,0,0,0,0,0,0,0,2,2,"CD_I990882",FALSE,30,"Wayne","Milera","away","Adelaide Crows"
"CD_M20250140403","2025-04-05T02:20:00.000+0000","CONCLUDED","Premiership","Round 4",4,"People First Stadium","Gold Coast SUNS","Gold Coast SUNS","Adelaide Crows","Adelaide Crows",4,"https://s.afl.com.au/staticfile/AFL Tenant/AFL/Players/ChampIDImages/AFL/2025014/1000998.png?im=Scale,width=0.6,height=0.6","INT","CD_I1000998",FALSE,4,"Lachlan","Murphy","CD_T10",NA,64,0,2,NA,8,5,13,2,1,2,6,7,13,3,0,0,0,0,61.5,2,1,1,48,0,1,0,10.1,NA,NA,2,1,1,2,NA,NA,NA,4,204,0,3,3,3,37.5,1.6,8,1,1,46.2,0,0,0,5,2,2,16,5,0,0,0,0,0,0,0,0,0,0,0,"CD_I1000998",FALSE,4,"Lachlan","Murphy","away","Adelaide Crows"
"CD_M20250140403","2025-04-05T02:20:00.000+0000","CONCLUDED","Premiership","Round 4",4,"People First Stadium","Gold Coast SUNS","Gold Coast SUNS","Adelaide Crows","Adelaide Crows",27,"https://s.afl.com.au/staticfile/AFL Tenant/AFL/Players/ChampIDImages/AFL/2025014/1021031.png?im=Scale,width=0.6,height=0.6","SUB","CD_I1021031",FALSE,27,"Luke","Nankervis","CD_T10",NA,25,0,0,NA,2,4,6,0,0,0,3,3,6,2,0,0,0,0,83.3,0,0,0,14,0,0,0,2.4,NA,NA,0,1,0,0,NA,NA,NA,2,64,0,2,2,2,100,0.5,5,0,0,50,0,0,0,3,0,1,1,1,0,0,0,0,0,0,0,0,0,0,0,"CD_I1021031",FALSE,27,"Luke","Nankervis","away","Adelaide Crows"
"CD_M20250140403","2025-04-05T02:20:00.000+0000","CONCLUDED","Premiership","Round 4",4,"People First Stadium","Gold Coast SUNS","Gold Coast SUNS","Adelaide Crows","Adelaide Crows",28,"https://s.afl.com.au/staticfile/AFL Tenant/AFL/Players/ChampIDImages/AFL/2025014/296420.png?im=Scale,width=0.6,height=0.6","FPR","CD_I296420",FALSE,28,"Alex","Neal-Bullen","CD_T10",NA,81,0,0,NA,7,13,20,2,0,5,10,12,22,3,0,0,0,0,55,5,1,4,62,0,0,0,10,NA,NA,8,3,1,0,NA,NA,NA,3,225,0,0,0,2,28.6,0.5,11,0,0,45.5,0,0,0,9,3,1,15,6,0,0,0,0,0,0,0,0,0,0,0,"CD_I296420",FALSE,28,"Alex","Neal-Bullen","away","Adelaide Crows"
"CD_M20250140403","2025-04-05T02:20:00.000+0000","CONCLUDED","Premiership","Round 4",4,"People First Stadium","Gold Coast SUNS","Gold Coast SUNS","Adelaide Crows","Adelaide Crows",43,"https://s.afl.com.au/staticfile/AFL Tenant/AFL/Players/ChampIDImages/AFL/2025014/297523.png?im=Scale,width=0.6,height=0.6","RK","CD_I297523",FALSE,43,"Reilly","O'Brien","CD_T10",NA,81,0,0,NA,3,2,5,1,0,2,1,1,2,1,0,0,35,2,60,3,1,2,54,0,0,0,7.4,NA,NA,1,2,0,0,NA,NA,NA,0,-22,0,1,1,1,33.3,1.5,3,0,1,50,13,44.9,37.1,0,0,0,10,5,2,78,1,1,100,0,0,0,24,0,0,"CD_I297523",FALSE,43,"Reilly","O'Brien","away","Adelaide Crows"
"CD_M20250140403","2025-04-05T02:20:00.000+0000","CONCLUDED","Premiership","Round 4",4,"People First Stadium","Gold Coast SUNS","Gold Coast SUNS","Adelaide Crows","Adelaide Crows",25,"https://s.afl.com.au/staticfile/AFL Tenant/AFL/Players/ChampIDImages/AFL/2025014/1006013.png?im=Scale,width=0.6,height=0.6","R","CD_I1006013",FALSE,25,"James","Peatling","CD_T10",NA,86,1,0,NA,18,6,24,4,0,6,11,13,24,10,0,0,0,0,75,3,4,0,112,2,1,100,23.5,NA,NA,5,4,0,1,NA,NA,NA,7,635,1,3,4,12,66.7,3,18,1,0,45.8,0,0,0,9,2,2,24,9,0,0,0,0,0,0,0,0,9,0,0,"CD_I1006013",FALSE,25,"James","Peatling","away","Adelaide Crows"
"CD_M20250140403","2025-04-05T02:20:00.000+0000","CONCLUDED","Premiership","Round 4",4,"People First Stadium","Gold Coast SUNS","Gold Coast SUNS","Adelaide Crows","Adelaide Crows",23,"https://s.afl.com.au/staticfile/AFL Tenant/AFL/Players/ChampIDImages/AFL/2025014/1001195.png?im=Scale,width=0.6,height=0.6","HFFR","CD_I1001195",FALSE,23,"Izak","Rankine","CD_T10",NA,82,0,0,NA,8,13,21,2,0,7,18,7,25,4,0,0,0,1,71.4,7,0,5,69,2,0,0,8.4,NA,NA,1,0,0,0,NA,NA,NA,2,314,4,6,10,6,75,0.6,15,0,0,72,0,0,0,12,0,2,21,12,0,0,0,0,0,0,0,0,20,0,0,"CD_I1001195",FALSE,23,"Izak","Rankine","away","Adelaide Crows"
"CD_M20250140403","2025-04-05T02:20:00.000+0000","CONCLUDED","Premiership","Round 4",4,"People First Stadium","Gold Coast SUNS","Gold Coast SUNS","Adelaide Crows","Adelaide Crows",38,"https://s.afl.com.au/staticfile/AFL Tenant/AFL/Players/ChampIDImages/AFL/2025014/1006136.png?im=Scale,width=0.6,height=0.6","WR","CD_I1006136",FALSE,38,"Lachlan","Sholl","CD_T10",NA,84,0,0,NA,4,9,13,2,0,1,6,7,13,0,0,0,0,1,76.9,0,0,0,40,0,0,0,7.6,NA,NA,0,2,0,0,NA,NA,NA,3,181,0,1,1,2,50,0.4,10,0,0,46.2,0,0,0,6,1,1,15,7,0,0,0,0,0,0,0,0,0,0,0,"CD_I1006136",FALSE,38,"Lachlan","Sholl","away","Adelaide Crows"
"CD_M20250140403","2025-04-05T02:20:00.000+0000","CONCLUDED","Premiership","Round 4",4,"People First Stadium","Gold Coast SUNS","Gold Coast SUNS","Adelaide Crows","Adelaide Crows",14,"https://s.afl.com.au/staticfile/AFL Tenant/AFL/Players/ChampIDImages/AFL/2025014/1017109.png?im=Scale,width=0.6,height=0.6","RR","CD_I1017109",FALSE,14,"Jake","Soligo","CD_T10",NA,86,0,0,NA,15,11,26,2,0,6,17,11,28,3,0,0,0,1,73.1,4,1,2,92,6,1,0,19.3,NA,NA,7,6,0,0,NA,NA,NA,7,435,2,6,8,10,66.7,1.4,19,0,0,60.7,0,0,0,12,0,2,18,10,0,0,0,0,0,0,0,0,22,0,0,"CD_I1017109",FALSE,14,"Jake","Soligo","away","Adelaide Crows"
"CD_M20250140403","2025-04-05T02:20:00.000+0000","CONCLUDED","Premiership","Round 4",4,"People First Stadium","Gold Coast SUNS","Gold Coast SUNS","Adelaide Crows","Adelaide Crows",7,"https://s.afl.com.au/staticfile/AFL Tenant/AFL/Players/ChampIDImages/AFL/2025014/1008384.png?im=Scale,width=0.6,height=0.6","CHF","CD_I1008384",FALSE,7,"Riley","Thilthorpe","CD_T10",NA,84,5,2,NA,11,5,16,5,1,2,9,7,16,3,5,1,9,1,68.8,3,1,1,105,0,0,71.4,16.1,NA,NA,3,2,0,7,NA,NA,NA,8,307,2,2,4,8,72.7,2.2,11,1,0,56.3,0,42.9,0,6,1,2,8,3,1,21,0,0,0,5,1,20,6,0,0,"CD_I1008384",FALSE,7,"Riley","Thilthorpe","away","Adelaide Crows"
"CD_M20250140403","2025-04-05T02:20:00.000+0000","CONCLUDED","Premiership","Round 4",4,"People First Stadium","Gold Coast SUNS","Gold Coast SUNS","Adelaide Crows","Adelaide Crows",13,"https://s.afl.com.au/staticfile/AFL Tenant/AFL/Players/ChampIDImages/AFL/2025014/280506.png?im=Scale,width=0.6,height=0.6","FF","CD_I280506",FALSE,13,"Taylor","Walker","CD_T10",NA,76,4,1,NA,10,4,14,7,0,0,3,12,15,4,3,0,1,1,64.3,2,0,0,85,0,0,66.7,13.4,NA,NA,2,1,0,6,NA,NA,NA,6,301,0,0,0,6,60,2.5,9,4,0,20,0,20,0,3,2,0,5,1,1,5,0,0,0,4,0,0,0,0,0,"CD_I280506",FALSE,13,"Taylor","Walker","away","Adelaide Crows"
"CD_M20250140403","2025-04-05T02:20:00.000+0000","CONCLUDED","Premiership","Round 4",4,"People First Stadium","Gold Coast SUNS","Gold Coast SUNS","Adelaide Crows","Adelaide Crows",24,"https://s.afl.com.au/staticfile/AFL Tenant/AFL/Players/ChampIDImages/AFL/2025014/1011981.png?im=Scale,width=0.6,height=0.6","BPL","CD_I1011981",FALSE,24,"Josh","Worrell","CD_T10",NA,86,0,0,NA,11,6,17,3,0,1,5,7,12,0,0,0,0,2,52.9,3,0,0,58,7,0,0,5.1,NA,NA,3,5,0,0,NA,NA,NA,2,329,0,0,0,7,63.6,1.8,9,0,0,41.7,0,0,0,5,0,2,4,4,2,0,2,1,50,0,0,0,0,4,4,"CD_I1011981",FALSE,24,"Josh","Worrell","away","Adelaide Crows"
"CD_M20250140404","2025-04-05T05:15:00.000+0000","CONCLUDED","Premiership","Round 4",4,"MCG","Richmond","Richmond","Brisbane Lions","Brisbane Lions",34,"https://s.afl.com.au/staticfile/AFL Tenant/AFL/Players/ChampIDImages/AFL/2025014/1028525.png?im=Scale,width=0.6,height=0.6","INT","CD_I1028525",FALSE,34,"Harry","Armstrong","CD_T120",NA,81,2,1,NA,7,4,11,6,0,2,3,7,10,3,3,1,0,0,63.6,2,1,0,69,0,0,66.7,2.3,NA,NA,2,1,0,3,NA,NA,NA,7,243,0,0,0,3,42.9,1.8,7,2,0,30,0,0,0,1,0,1,6,2,0,0,0,0,0,1,1,100,0,0,0,"CD_I1028525",FALSE,34,"Harry","Armstrong","home","Richmond"
"CD_M20250140404","2025-04-05T05:15:00.000+0000","CONCLUDED","Premiership","Round 4",4,"MCG","Richmond","Richmond","Brisbane Lions","Brisbane Lions",41,"https://s.afl.com.au/staticfile/AFL Tenant/AFL/Players/ChampIDImages/AFL/2025014/1013197.png?im=Scale,width=0.6,height=0.6","WL","CD_I1013197",FALSE,41,"Sam","Banks","CD_T120",NA,78,2,0,NA,5,7,12,3,0,1,3,9,12,1,1,0,0,1,83.3,1,1,0,55,0,0,100,10.9,NA,NA,3,1,0,2,NA,NA,NA,4,268,0,1,1,5,100,0.7,10,1,0,25,0,0,0,3,0,0,11,6,1,0,0,0,0,0,0,0,0,0,0,"CD_I1013197",FALSE,41,"Sam","Banks","home","Richmond"
"CD_M20250140404","2025-04-05T05:15:00.000+0000","CONCLUDED","Premiership","Round 4",4,"MCG","Richmond","Richmond","Brisbane Lions","Brisbane Lions",43,"https://s.afl.com.au/staticfile/AFL Tenant/AFL/Players/ChampIDImages/AFL/2025014/1021152.png?im=Scale,width=0.6,height=0.6","SUB","CD_I1021152",FALSE,43,"Jacob","Bauer","CD_T120",NA,20,0,2,NA,2,0,2,2,0,0,0,2,2,0,2,0,0,0,0,0,0,0,14,0,0,0,-4.2,NA,NA,1,0,0,2,NA,NA,NA,2,49,0,0,0,0,0,2,0,0,0,0,0,0,0,0,0,0,2,0,0,0,0,0,0,0,0,0,0,0,0,"CD_I1021152",FALSE,43,"Jacob","Bauer","home","Richmond"
"CD_M20250140404","2025-04-05T05:15:00.000+0000","CONCLUDED","Premiership","Round 4",4,"MCG","Richmond","Richmond","Brisbane Lions","Brisbane Lions",46,"https://s.afl.com.au/staticfile/AFL Tenant/AFL/Players/ChampIDImages/AFL/2025014/1013229.png?im=Scale,width=0.6,height=0.6","BPR","CD_I1013229",FALSE,46,"Jacob","Blight","CD_T120",NA,89,1,0,NA,5,5,10,5,0,0,6,6,12,2,2,2,1,1,60,3,1,0,48,0,0,100,1.8,NA,NA,3,2,0,1,NA,NA,NA,2,123,0,0,0,3,60,1,6,2,1,50,0,5.9,0,3,0,0,5,2,1,17,0,0,0,0,0,0,6,0,0,"CD_I1013229",FALSE,46,"Jacob","Blight","home","Richmond"
"CD_M20250140404","2025-04-05T05:15:00.000+0000","CONCLUDED","Premiership","Round 4",4,"MCG","Richmond","Richmond","Brisbane Lions","Brisbane Lions",35,"https://s.afl.com.au/staticfile/AFL Tenant/AFL/Players/ChampIDImages/AFL/2025014/295203.png?im=Scale,width=0.6,height=0.6","BPL","CD_I295203",FALSE,35,"Nathan","Broad","CD_T120",NA,96,0,0,NA,12,7,19,5,2,1,8,8,16,0,0,0,0,5,89.5,1,1,1,67,6,0,0,14.8,NA,NA,1,8,0,0,NA,NA,NA,5,221,0,2,2,11,91.7,1.7,17,0,0,50,0,0,0,7,0,3,6,6,5,0,2,1,50,0,0,0,0,1,1,"CD_I295203",FALSE,35,"Nathan","Broad","home","Richmond"
"CD_M20250140404","2025-04-05T05:15:00.000+0000","CONCLUDED","Premiership","Round 4",4,"MCG","Richmond","Richmond","Brisbane Lions","Brisbane Lions",30,"https://s.afl.com.au/staticfile/AFL Tenant/AFL/Players/ChampIDImages/AFL/2025014/1017086.png?im=Scale,width=0.6,height=0.6","INT","CD_I1017086",FALSE,30,"Tom","Brown","CD_T120",NA,76,0,0,NA,8,4,12,4,0,1,4,8,12,0,0,1,0,6,91.7,1,0,1,45,5,0,0,9,NA,NA,2,5,0,0,NA,NA,NA,4,131,0,0,0,8,100,2,11,0,1,33.3,0,0,0,2,0,3,6,4,5,0,1,0,0,0,0,0,0,2,1,"CD_I1017086",FALSE,30,"Tom","Brown","home","Richmond"
"CD_M20250140404","2025-04-05T05:15:00.000+0000","CONCLUDED","Premiership","Round 4",4,"MCG","Richmond","Richmond","Brisbane Lions","Brisbane Lions",44,"https://s.afl.com.au/staticfile/AFL Tenant/AFL/Players/ChampIDImages/AFL/2025014/1023275.png?im=Scale,width=0.6,height=0.6","HFFL","CD_I1023275",FALSE,44,"Seth","Campbell","CD_T120",NA,74,2,0,NA,6,9,15,1,0,1,4,11,15,2,1,0,0,2,73.3,2,0,1,52,0,1,100,16.1,NA,NA,2,1,0,2,NA,NA,NA,8,250,0,1,1,3,50,0.7,11,0,0,26.7,0,0,0,4,0,1,18,1,2,0,1,1,100,0,0,0,0,0,0,"CD_I1023275",FALSE,44,"Seth","Campbell","home","Richmond"
"CD_M20250140404","2025-04-05T05:15:00.000+0000","CONCLUDED","Premiership","Round 4",4,"MCG","Richmond","Richmond","Brisbane Lions","Brisbane Lions",27,"https://s.afl.com.au/staticfile/AFL Tenant/AFL/Players/ChampIDImages/AFL/2025014/1009226.png?im=Scale,width=0.6,height=0.6","INT","CD_I1009226",FALSE,27,"Thomson","Dow","CD_T120",NA,71,0,1,NA,5,16,21,4,0,5,6,15,21,3,1,0,0,0,61.9,7,1,1,78,2,0,0,3.2,NA,NA,1,1,0,1,NA,NA,NA,4,168,3,2,5,4,80,0.3,13,0,1,28.6,0,0,0,5,0,1,17,8,0,0,0,0,0,0,0,0,22,0,0,"CD_I1009226",FALSE,27,"Thomson","Dow","home","Richmond"
"CD_M20250140404","2025-04-05T05:15:00.000+0000","CONCLUDED","Premiership","Round 4",4,"MCG","Richmond","Richmond","Brisbane Lions","Brisbane Lions",48,"https://s.afl.com.au/staticfile/AFL Tenant/AFL/Players/ChampIDImages/AFL/2025014/1023056.png?im=Scale,width=0.6,height=0.6","HFFR","CD_I1023056",FALSE,48,"Steely","Green","CD_T120",NA,78,2,0,NA,10,4,14,4,2,0,5,10,15,2,1,0,0,2,78.6,3,1,1,60,1,1,50,14.5,NA,NA,2,1,0,4,NA,NA,NA,7,344,0,1,1,7,70,2.5,11,1,0,33.3,0,0,0,4,1,0,14,5,0,0,0,0,0,0,0,0,0,0,0,"CD_I1023056",FALSE,48,"Steely","Green","home","Richmond"
"CD_M20250140404","2025-04-05T05:15:00.000+0000","CONCLUDED","Premiership","Round 4",4,"MCG","Richmond","Richmond","Brisbane Lions","Brisbane Lions",2,"https://s.afl.com.au/staticfile/AFL Tenant/AFL/Players/ChampIDImages/AFL/2025014/993903.png?im=Scale,width=0.6,height=0.6","R","CD_I993903",FALSE,2,"Jacob","Hopper","CD_T120",NA,74,0,0,NA,11,21,32,5,0,4,14,20,34,2,0,0,0,0,78.1,2,0,1,103,1,0,0,15.9,NA,NA,6,4,0,0,NA,NA,NA,7,295,3,5,8,7,63.6,0.5,25,0,0,41.2,0,0,0,11,2,4,15,6,0,0,0,0,0,0,0,0,25,0,0,"CD_I993903",FALSE,2,"Jacob","Hopper","home","Richmond"
"CD_M20250140404","2025-04-05T05:15:00.000+0000","CONCLUDED","Premiership","Round 4",4,"MCG","Richmond","Richmond","Brisbane Lions","Brisbane Lions",22,"https://s.afl.com.au/staticfile/AFL Tenant/AFL/Players/ChampIDImages/AFL/2025014/1028491.png?im=Scale,width=0.6,height=0.6","FF","CD_I1028491",FALSE,22,"Sam","Lalor","CD_T120",NA,83,2,1,NA,8,16,24,2,0,4,14,11,25,3,0,1,0,0,70.8,3,4,0,95,0,4,66.7,20.4,NA,NA,1,0,1,3,NA,NA,NA,10,252,0,2,2,6,75,0.5,17,0,0,56,0,0,0,6,3,2,11,5,0,0,0,0,0,1,1,100,10,0,0,"CD_I1028491",FALSE,22,"Sam","Lalor","home","Richmond"
"CD_M20250140404","2025-04-05T05:15:00.000+0000","CONCLUDED","Premiership","Round 4",4,"MCG","Richmond","Richmond","Brisbane Lions","Brisbane Lions",19,"https://s.afl.com.au/staticfile/AFL Tenant/AFL/Players/ChampIDImages/AFL/2025014/293813.png?im=Scale,width=0.6,height=0.6","FPL","CD_I293813",FALSE,19,"Tom","Lynch","CD_T120",NA,83,1,1,NA,5,2,7,3,0,1,5,2,7,2,2,1,0,0,85.7,1,0,1,36,0,1,50,10.8,NA,NA,1,2,0,2,NA,NA,NA,5,141,0,0,0,4,80,2.5,6,1,0,71.4,0,0,0,4,1,1,4,2,0,0,0,0,0,6,1,16.7,0,0,0,"CD_I293813",FALSE,19,"Tom","Lynch","home","Richmond"
"CD_M20250140404","2025-04-05T05:15:00.000+0000","CONCLUDED","Premiership","Round 4",4,"MCG","Richmond","Richmond","Brisbane Lions","Brisbane Lions",33,"https://s.afl.com.au/staticfile/AFL Tenant/AFL/Players/ChampIDImages/AFL/2025014/294592.png?im=Scale,width=0.6,height=0.6","C","CD_I294592",FALSE,33,"Kamdyn","McIntosh","CD_T120",NA,65,0,0,NA,4,4,8,1,0,8,2,6,8,3,0,0,0,2,75,3,0,2,49,0,0,0,3.2,NA,NA,3,1,1,0,NA,NA,NA,1,153,0,1,1,2,50,1,6,0,0,25,0,0,0,0,0,0,26,13,1,0,1,0,0,0,0,0,17,0,0,"CD_I294592",FALSE,33,"Kamdyn","McIntosh","home","Richmond"
"CD_M20250140404","2025-04-05T05:15:00.000+0000","CONCLUDED","Premiership","Round 4",4,"MCG","Richmond","Richmond","Brisbane Lions","Brisbane Lions",12,"https://s.afl.com.au/staticfile/AFL Tenant/AFL/Players/ChampIDImages/AFL/2025014/1002403.png?im=Scale,width=0.6,height=0.6","FB","CD_I1002403",FALSE,12,"Ben","Miller","CD_T120",NA,93,0,0,NA,8,2,10,9,0,4,2,8,10,0,0,1,0,6,100,0,0,0,71,2,0,0,9.4,NA,NA,0,2,0,0,NA,NA,NA,3,201,0,0,0,8,100,4,10,0,1,20,0,0,0,1,0,1,10,10,6,0,2,0,0,0,0,0,0,0,0,"CD_I1002403",FALSE,12,"Ben","Miller","home","Richmond"
"CD_M20250140404","2025-04-05T05:15:00.000+0000","CONCLUDED","Premiership","Round 4",4,"MCG","Richmond","Richmond","Brisbane Lions","Brisbane Lions",25,"https://s.afl.com.au/staticfile/AFL Tenant/AFL/Players/ChampIDImages/AFL/2025014/298174.png?im=Scale,width=0.6,height=0.6","RK","CD_I298174",FALSE,25,"Toby","Nankervis","CD_T120",NA,80,0,0,NA,8,7,15,2,0,2,8,4,12,0,0,1,41,3,53.3,5,0,1,90,1,0,0,11.5,NA,NA,1,3,0,0,NA,NA,NA,2,69,1,1,2,4,50,1.1,8,0,1,66.7,12,44.1,29.3,5,0,1,17,7,2,93,2,0,0,1,0,0,28,0,0,"CD_I298174",FALSE,25,"Toby","Nankervis","home","Richmond"
"CD_M20250140404","2025-04-05T05:15:00.000+0000","CONCLUDED","Premiership","Round 4",4,"MCG","Richmond","Richmond","Brisbane Lions","Brisbane Lions",5,"https://s.afl.com.au/staticfile/AFL Tenant/AFL/Players/ChampIDImages/AFL/2025014/1006133.png?im=Scale,width=0.6,height=0.6","CHF","CD_I1006133",FALSE,5,"Jack","Ross","CD_T120",NA,85,0,0,NA,10,9,19,7,0,4,6,14,20,10,0,0,0,0,73.7,5,1,1,83,1,2,0,6.2,NA,NA,2,0,0,0,NA,NA,NA,8,347,0,2,2,7,70,1.1,14,3,0,30,0,0,0,2,0,1,10,3,0,0,0,0,0,0,0,0,1,0,0,"CD_I1006133",FALSE,5,"Jack","Ross","home","Richmond"
"CD_M20250140404","2025-04-05T05:15:00.000+0000","CONCLUDED","Premiership","Round 4",4,"MCG","Richmond","Richmond","Brisbane Lions","Brisbane Lions",15,"https://s.afl.com.au/staticfile/AFL Tenant/AFL/Players/ChampIDImages/AFL/2025014/992049.png?im=Scale,width=0.6,height=0.6","CHB","CD_I992049",FALSE,15,"Jayden","Short","CD_T120",NA,86,0,0,NA,19,6,25,9,0,1,5,17,22,2,0,0,0,0,76,2,0,1,97,5,0,0,5.1,NA,NA,3,2,0,0,NA,NA,NA,0,433,0,0,0,13,68.4,3.2,19,0,0,22.7,0,0,0,4,0,0,6,5,0,0,0,0,0,0,0,0,0,3,3,"CD_I992049",FALSE,15,"Jayden","Short","home","Richmond"
"CD_M20250140404","2025-04-05T05:15:00.000+0000","CONCLUDED","Premiership","Round 4",4,"MCG","Richmond","Richmond","Brisbane Lions","Brisbane Lions",49,"https://s.afl.com.au/staticfile/AFL Tenant/AFL/Players/ChampIDImages/AFL/2025014/1022999.png?im=Scale,width=0.6,height=0.6","HBFL","CD_I1022999",FALSE,49,"Kaleb","Smith","CD_T120",NA,84,0,0,NA,9,2,11,3,0,0,3,5,8,1,0,0,0,3,63.6,6,0,2,34,1,0,0,1.3,NA,NA,4,4,0,0,NA,NA,NA,3,230,0,1,1,6,66.7,4.5,7,0,1,37.5,0,0,0,3,0,1,6,5,2,0,2,1,50,0,0,0,0,0,0,"CD_I1022999",FALSE,49,"Kaleb","Smith","home","Richmond"
"CD_M20250140404","2025-04-05T05:15:00.000+0000","CONCLUDED","Premiership","Round 4",4,"MCG","Richmond","Richmond","Brisbane Lions","Brisbane Lions",40,"https://s.afl.com.au/staticfile/AFL Tenant/AFL/Players/ChampIDImages/AFL/2025014/1017114.png?im=Scale,width=0.6,height=0.6","INT","CD_I1017114",FALSE,40,"Tyler","Sonsie","CD_T120",NA,77,0,2,NA,9,3,12,3,0,1,0,12,12,1,1,0,0,0,50,3,0,1,45,2,0,0,0.1,NA,NA,2,0,0,2,NA,NA,NA,4,292,0,0,0,3,33.3,3,6,0,0,0,0,0,0,0,0,0,9,5,0,0,0,0,0,0,0,0,0,0,0,"CD_I1017114",FALSE,40,"Tyler","Sonsie","home","Richmond"
"CD_M20250140404","2025-04-05T05:15:00.000+0000","CONCLUDED","Premiership","Round 4",4,"MCG","Richmond","Richmond","Brisbane Lions","Brisbane Lions",14,"https://s.afl.com.au/staticfile/AFL Tenant/AFL/Players/ChampIDImages/AFL/2025014/998172.png?im=Scale,width=0.6,height=0.6","RR","CD_I998172",FALSE,14,"Tim","Taranto","CD_T120",NA,81,1,0,NA,14,15,29,2,0,5,13,14,27,1,1,0,0,0,58.6,7,1,1,102,2,1,100,12.8,NA,NA,5,1,0,1,NA,NA,NA,8,329,0,6,6,6,42.9,0.9,17,0,0,48.1,0,0,0,11,0,3,20,11,0,0,0,0,0,0,0,0,26,0,0,"CD_I998172",FALSE,14,"Tim","Taranto","home","Richmond"
"CD_M20250140404","2025-04-05T05:15:00.000+0000","CONCLUDED","Premiership","Round 4",4,"MCG","Richmond","Richmond","Brisbane Lions","Brisbane Lions",31,"https://s.afl.com.au/staticfile/AFL Tenant/AFL/Players/ChampIDImages/AFL/2025014/1028521.png?im=Scale,width=0.6,height=0.6","HBFR","CD_I1028521",FALSE,31,"Luke","Trainor","CD_T120",NA,81,0,0,NA,15,4,19,4,0,2,7,11,18,0,0,0,0,4,52.6,4,1,0,74,5,0,0,6.9,NA,NA,4,4,0,0,NA,NA,NA,3,342,0,2,2,8,53.3,3.8,10,0,1,38.9,0,0,0,6,0,0,8,7,3,0,1,0,0,0,0,0,0,1,1,"CD_I1028521",FALSE,31,"Luke","Trainor","home","Richmond"
"CD_M20250140404","2025-04-05T05:15:00.000+0000","CONCLUDED","Premiership","Round 4",4,"MCG","Richmond","Richmond","Brisbane Lions","Brisbane Lions",36,"https://s.afl.com.au/staticfile/AFL Tenant/AFL/Players/ChampIDImages/AFL/2025014/1031829.png?im=Scale,width=0.6,height=0.6","WR","CD_I1031829",FALSE,36,"James","Trezise","CD_T120",NA,81,0,0,NA,9,12,21,4,1,2,7,15,22,1,0,0,0,0,85.7,3,1,1,69,3,1,0,9.9,NA,NA,1,4,0,0,NA,NA,NA,5,207,1,0,1,7,77.8,0.8,18,0,2,31.8,0,0,0,6,0,0,14,9,0,0,0,0,0,0,0,0,1,0,0,"CD_I1031829",FALSE,36,"James","Trezise","home","Richmond"
"CD_M20250140404","2025-04-05T05:15:00.000+0000","CONCLUDED","Premiership","Round 4",4,"MCG","Richmond","Richmond","Brisbane Lions","Brisbane Lions",1,"https://s.afl.com.au/staticfile/AFL Tenant/AFL/Players/ChampIDImages/AFL/2025014/294674.png?im=Scale,width=0.6,height=0.6","FPR","CD_I294674",FALSE,1,"Nick","Vlastuin","CD_T120",NA,84,0,0,NA,14,2,16,5,0,4,3,9,12,1,0,2,0,1,81.3,2,0,1,74,5,0,0,10.2,NA,NA,3,5,0,0,NA,NA,NA,3,389,0,0,0,11,78.6,7,13,0,3,25,0,0,0,1,0,1,10,9,1,0,2,0,0,0,0,0,0,3,3,"CD_I294674",FALSE,1,"Nick","Vlastuin","home","Richmond"
"CD_M20250140404","2025-04-05T05:15:00.000+0000","CONCLUDED","Premiership","Round 4",4,"MCG","Richmond","Richmond","Brisbane Lions","Brisbane Lions",4,"https://s.afl.com.au/staticfile/AFL Tenant/AFL/Players/ChampIDImages/AFL/2025014/298437.png?im=Scale,width=0.6,height=0.6","WL","CD_I298437",FALSE,4,"Callum","Ah Chee","CD_T20",NA,81,1,1,NA,6,3,9,7,0,3,3,7,10,2,1,0,0,2,77.8,2,0,1,61,1,1,50,7,NA,NA,3,2,2,2,NA,NA,NA,5,151,0,2,2,4,66.7,2,7,2,1,30,0,0,0,2,2,1,12,0,2,0,0,0,0,0,0,0,0,0,0,"CD_I298437",FALSE,4,"Callum","Ah Chee","away","Brisbane Lions"
"CD_M20250140404","2025-04-05T05:15:00.000+0000","CONCLUDED","Premiership","Round 4",4,"MCG","Richmond","Richmond","Brisbane Lions","Brisbane Lions",31,"https://s.afl.com.au/staticfile/AFL Tenant/AFL/Players/ChampIDImages/AFL/2025014/996059.png?im=Scale,width=0.6,height=0.6","CHB","CD_I996059",FALSE,31,"Harris","Andrews","CD_T20",NA,95,0,0,NA,9,3,12,7,0,1,3,10,13,0,0,0,0,5,83.3,4,0,1,55,1,0,0,1.3,NA,NA,3,4,0,0,NA,NA,NA,0,117,0,0,0,7,77.8,3,10,0,1,23.1,0,0,0,3,0,0,2,2,3,0,1,0,0,0,0,0,0,0,0,"CD_I996059",FALSE,31,"Harris","Andrews","away","Brisbane Lions"
"CD_M20250140404","2025-04-05T05:15:00.000+0000","CONCLUDED","Premiership","Round 4",4,"MCG","Richmond","Richmond","Brisbane Lions","Brisbane Lions",43,"https://s.afl.com.au/staticfile/AFL Tenant/AFL/Players/ChampIDImages/AFL/2025014/1005053.png?im=Scale,width=0.6,height=0.6","HBFL","CD_I1005053",FALSE,43,"Noah","Answerth","CD_T20",NA,82,0,0,NA,5,4,9,4,0,3,4,6,10,0,0,0,0,4,100,1,1,0,48,1,0,0,8.6,NA,NA,0,3,0,0,NA,NA,NA,3,107,0,1,1,5,100,1.3,9,0,1,40,0,0,0,3,0,2,16,12,3,0,0,0,0,1,1,100,0,0,0,"CD_I1005053",FALSE,43,"Noah","Answerth","away","Brisbane Lions"
"CD_M20250140404","2025-04-05T05:15:00.000+0000","CONCLUDED","Premiership","Round 4",4,"MCG","Richmond","Richmond","Brisbane Lions","Brisbane Lions",10,"https://s.afl.com.au/staticfile/AFL Tenant/AFL/Players/ChampIDImages/AFL/2025014/1028560.png?im=Scale,width=0.6,height=0.6","FPR","CD_I1028560",FALSE,10,"Levi","Ashcroft","CD_T20",NA,72,1,2,NA,11,11,22,4,0,1,7,15,22,1,0,0,0,0,77.3,0,3,0,82,2,0,33.3,10,NA,NA,2,4,1,3,NA,NA,NA,6,321,0,0,0,7,63.6,1,17,0,1,31.8,0,0,0,4,1,0,10,2,0,0,0,0,0,2,0,0,0,0,0,"CD_I1028560",FALSE,10,"Levi","Ashcroft","away","Brisbane Lions"
"CD_M20250140404","2025-04-05T05:15:00.000+0000","CONCLUDED","Premiership","Round 4",4,"MCG","Richmond","Richmond","Brisbane Lions","Brisbane Lions",8,"https://s.afl.com.au/staticfile/AFL Tenant/AFL/Players/ChampIDImages/AFL/2025014/1023517.png?im=Scale,width=0.6,height=0.6","INT","CD_I1023517",FALSE,8,"Will","Ashcroft","CD_T20",NA,76,2,0,NA,16,8,24,4,1,4,8,17,25,5,0,0,0,1,75,2,1,0,105,2,1,100,21.7,NA,NA,6,0,1,2,NA,NA,NA,7,472,1,4,5,11,68.8,2,18,0,0,32,0,0,0,5,1,1,15,8,0,0,0,0,0,0,0,0,18,0,0,"CD_I1023517",FALSE,8,"Will","Ashcroft","away","Brisbane Lions"
"CD_M20250140404","2025-04-05T05:15:00.000+0000","CONCLUDED","Premiership","Round 4",4,"MCG","Richmond","Richmond","Brisbane Lions","Brisbane Lions",33,"https://s.afl.com.au/staticfile/AFL Tenant/AFL/Players/ChampIDImages/AFL/2025014/1002312.png?im=Scale,width=0.6,height=0.6","C","CD_I1002312",FALSE,33,"Zac","Bailey","CD_T20",NA,84,3,0,NA,10,3,13,2,0,3,0,12,12,6,2,0,0,0,76.9,3,1,0,73,0,1,100,9.4,NA,NA,3,0,2,3,NA,NA,NA,6,346,0,0,0,7,70,3.3,10,0,0,0,0,0,0,0,0,0,11,6,0,0,0,0,0,0,0,0,0,0,0,"CD_I1002312",FALSE,33,"Zac","Bailey","away","Brisbane Lions"
"CD_M20250140404","2025-04-05T05:15:00.000+0000","CONCLUDED","Premiership","Round 4",4,"MCG","Richmond","Richmond","Brisbane Lions","Brisbane Lions",7,"https://s.afl.com.au/staticfile/AFL Tenant/AFL/Players/ChampIDImages/AFL/2025014/998133.png?im=Scale,width=0.6,height=0.6","WR","CD_I998133",FALSE,7,"Jarrod","Berry","CD_T20",NA,79,1,0,NA,9,10,19,0,1,4,7,12,19,3,0,0,0,1,68.4,6,2,1,68,2,1,100,6.7,NA,NA,3,4,1,1,NA,NA,NA,5,236,0,1,1,7,77.8,0.9,13,0,0,36.8,0,0,0,4,0,2,9,4,1,0,0,0,0,0,0,0,0,0,0,"CD_I998133",FALSE,7,"Jarrod","Berry","away","Brisbane Lions"
"CD_M20250140404","2025-04-05T05:15:00.000+0000","CONCLUDED","Premiership","Round 4",4,"MCG","Richmond","Richmond","Brisbane Lions","Brisbane Lions",23,"https://s.afl.com.au/staticfile/AFL Tenant/AFL/Players/ChampIDImages/AFL/2025014/990609.png?im=Scale,width=0.6,height=0.6","HFFL","CD_I990609",FALSE,23,"Charlie","Cameron","CD_T20",NA,84,3,1,NA,5,1,6,4,0,1,3,4,7,2,3,1,0,0,66.7,1,1,1,50,0,0,75,12,NA,NA,0,1,1,4,NA,NA,NA,4,184,0,0,0,3,60,5,4,3,0,42.9,0,0,0,1,0,0,8,0,0,0,0,0,0,2,1,50,0,0,0,"CD_I990609",FALSE,23,"Charlie","Cameron","away","Brisbane Lions"
"CD_M20250140404","2025-04-05T05:15:00.000+0000","CONCLUDED","Premiership","Round 4",4,"MCG","Richmond","Richmond","Brisbane Lions","Brisbane Lions",14,"https://s.afl.com.au/staticfile/AFL Tenant/AFL/Players/ChampIDImages/AFL/2025014/291753.png?im=Scale,width=0.6,height=0.6","FF","CD_I291753",FALSE,14,"Sam","Day","CD_T20",NA,74,0,0,NA,5,4,9,4,0,4,3,6,9,1,0,1,16,2,66.7,1,1,0,68,0,1,0,5.6,NA,NA,2,1,1,0,NA,NA,NA,4,151,0,1,1,3,60,1.3,6,0,0,33.3,5,57.1,31.3,1,0,0,13,4,2,28,0,0,0,1,0,0,5,0,0,"CD_I291753",FALSE,14,"Sam","Day","away","Brisbane Lions"
"CD_M20250140404","2025-04-05T05:15:00.000+0000","CONCLUDED","Premiership","Round 4",4,"MCG","Richmond","Richmond","Brisbane Lions","Brisbane Lions",5,"https://s.afl.com.au/staticfile/AFL Tenant/AFL/Players/ChampIDImages/AFL/2025014/993834.png?im=Scale,width=0.6,height=0.6","RR","CD_I993834",FALSE,5,"Josh","Dunkley","CD_T20",NA,82,0,0,NA,9,21,30,3,0,10,16,14,30,2,0,0,0,0,70,5,1,1,116,0,0,0,15.9,NA,NA,2,2,1,0,NA,NA,NA,4,287,4,4,8,4,44.4,0.4,21,0,0,53.3,0,0,0,12,1,1,25,10,0,0,0,0,0,1,0,0,23,0,0,"CD_I993834",FALSE,5,"Josh","Dunkley","away","Brisbane Lions"
"CD_M20250140404","2025-04-05T05:15:00.000+0000","CONCLUDED","Premiership","Round 4",4,"MCG","Richmond","Richmond","Brisbane Lions","Brisbane Lions",3,"https://s.afl.com.au/staticfile/AFL Tenant/AFL/Players/ChampIDImages/AFL/2025014/1023708.png?im=Scale,width=0.6,height=0.6","INT","CD_I1023708",FALSE,3,"Jaspa","Fletcher","CD_T20",NA,79,1,0,NA,17,6,23,10,0,1,4,19,23,5,0,1,0,2,82.6,2,1,1,101,3,1,100,11.5,NA,NA,3,4,0,1,NA,NA,NA,5,440,0,1,1,13,76.5,2.8,19,0,3,17.4,0,0,0,2,0,2,5,2,2,0,2,2,100,0,0,0,0,0,0,"CD_I1023708",FALSE,3,"Jaspa","Fletcher","away","Brisbane Lions"
"CD_M20250140404","2025-04-05T05:15:00.000+0000","CONCLUDED","Premiership","Round 4",4,"MCG","Richmond","Richmond","Brisbane Lions","Brisbane Lions",30,"https://s.afl.com.au/staticfile/AFL Tenant/AFL/Players/ChampIDImages/AFL/2025014/993953.png?im=Scale,width=0.6,height=0.6","CHF","CD_I993953",FALSE,30,"Eric","Hipwood","CD_T20",NA,83,1,0,NA,5,3,8,4,0,0,3,5,8,2,1,0,0,0,50,3,0,0,39,0,0,100,3.6,NA,NA,4,1,0,1,NA,NA,NA,1,128,0,1,1,3,60,1.7,4,3,1,37.5,0,0,0,3,1,0,3,1,0,4,0,0,0,1,0,0,0,0,0,"CD_I993953",FALSE,30,"Eric","Hipwood","away","Brisbane Lions"
"CD_M20250140404","2025-04-05T05:15:00.000+0000","CONCLUDED","Premiership","Round 4",4,"MCG","Richmond","Richmond","Brisbane Lions","Brisbane Lions",35,"https://s.afl.com.au/staticfile/AFL Tenant/AFL/Players/ChampIDImages/AFL/2025014/291548.png?im=Scale,width=0.6,height=0.6","BPR","CD_I291548",FALSE,35,"Ryan","Lester","CD_T20",NA,85,0,0,NA,4,3,7,1,0,2,2,5,7,1,0,0,0,4,85.7,2,0,1,26,0,0,0,7.6,NA,NA,1,2,0,0,NA,NA,NA,1,156,0,0,0,3,75,1.3,6,0,0,28.6,0,0,0,2,0,0,10,7,4,0,0,0,0,0,0,0,0,1,0,"CD_I291548",FALSE,35,"Ryan","Lester","away","Brisbane Lions"
"CD_M20250140404","2025-04-05T05:15:00.000+0000","CONCLUDED","Premiership","Round 4",4,"MCG","Richmond","Richmond","Brisbane Lions","Brisbane Lions",6,"https://s.afl.com.au/staticfile/AFL Tenant/AFL/Players/ChampIDImages/AFL/2025014/1000978.png?im=Scale,width=0.6,height=0.6","HFFR","CD_I1000978",FALSE,6,"Hugh","McCluggage","CD_T20",NA,88,2,0,NA,12,14,26,6,0,12,14,14,28,5,1,0,0,2,80.8,2,2,1,141,0,0,66.7,20.8,NA,NA,2,3,1,3,NA,NA,NA,9,403,2,4,6,9,75,0.9,21,1,0,50,0,0,0,8,0,2,30,16,0,0,0,0,0,0,0,0,24,0,0,"CD_I1000978",FALSE,6,"Hugh","McCluggage","away","Brisbane Lions"
"CD_M20250140404","2025-04-05T05:15:00.000+0000","CONCLUDED","Premiership","Round 4",4,"MCG","Richmond","Richmond","Brisbane Lions","Brisbane Lions",46,"https://s.afl.com.au/staticfile/AFL Tenant/AFL/Players/ChampIDImages/AFL/2025014/1005521.png?im=Scale,width=0.6,height=0.6","RK","CD_I1005521",FALSE,46,"Oscar","McInerney","CD_T20",NA,79,0,0,NA,5,6,11,2,0,4,7,5,12,2,0,0,35,4,81.8,2,1,1,82,0,1,0,13.3,NA,NA,1,1,0,0,NA,NA,NA,6,76,3,2,5,3,60,0.8,9,0,0,58.3,14,44.3,40,2,0,5,8,5,4,79,1,0,0,2,0,0,29,0,0,"CD_I1005521",FALSE,46,"Oscar","McInerney","away","Brisbane Lions"
"CD_M20250140404","2025-04-05T05:15:00.000+0000","CONCLUDED","Premiership","Round 4",4,"MCG","Richmond","Richmond","Brisbane Lions","Brisbane Lions",28,"https://s.afl.com.au/staticfile/AFL Tenant/AFL/Players/ChampIDImages/AFL/2025014/1029405.png?im=Scale,width=0.6,height=0.6","SUB","CD_I1029405",FALSE,28,"Will","McLachlan","CD_T20",NA,16,0,1,NA,2,1,3,0,0,0,2,1,3,1,0,0,0,0,33.3,0,0,0,9,0,0,0,0.5,NA,NA,1,0,0,1,NA,NA,NA,1,66,0,0,0,0,0,2,1,0,0,66.7,0,0,0,2,1,0,3,1,0,0,0,0,0,1,0,0,0,0,0,"CD_I1029405",FALSE,28,"Will","McLachlan","away","Brisbane Lions"
"CD_M20250140404","2025-04-05T05:15:00.000+0000","CONCLUDED","Premiership","Round 4",4,"MCG","Richmond","Richmond","Brisbane Lions","Brisbane Lions",13,"https://s.afl.com.au/staticfile/AFL Tenant/AFL/Players/ChampIDImages/AFL/2025014/1028019.png?im=Scale,width=0.6,height=0.6","INT","CD_I1028019",FALSE,13,"Logan","Morris","CD_T20",NA,60,2,1,NA,7,4,11,6,0,2,5,7,12,3,4,2,0,1,45.5,4,1,1,66,0,1,50,5.5,NA,NA,4,0,0,4,NA,NA,NA,4,184,0,0,0,4,57.1,1.8,5,2,0,41.7,0,0,0,3,0,0,7,0,1,0,0,0,0,2,1,50,0,0,0,"CD_I1028019",FALSE,13,"Logan","Morris","away","Brisbane Lions"
"CD_M20250140404","2025-04-05T05:15:00.000+0000","CONCLUDED","Premiership","Round 4",4,"MCG","Richmond","Richmond","Brisbane Lions","Brisbane Lions",9,"https://s.afl.com.au/staticfile/AFL Tenant/AFL/Players/ChampIDImages/AFL/2025014/293535.png?im=Scale,width=0.6,height=0.6","R","CD_I293535",FALSE,9,"Lachie","Neale","CD_T20",NA,88,0,0,NA,15,27,42,1,0,4,17,24,41,3,0,0,0,0,76.2,6,0,1,115,3,1,0,14.3,NA,NA,3,5,2,0,NA,NA,NA,9,170,2,5,7,10,66.7,0.6,32,0,0,41.5,0,0,0,13,1,5,18,8,0,0,0,0,0,1,0,0,30,0,0,"CD_I293535",FALSE,9,"Lachie","Neale","away","Brisbane Lions"
"CD_M20250140404","2025-04-05T05:15:00.000+0000","CONCLUDED","Premiership","Round 4",4,"MCG","Richmond","Richmond","Brisbane Lions","Brisbane Lions",40,"https://s.afl.com.au/staticfile/AFL Tenant/AFL/Players/ChampIDImages/AFL/2025014/1002347.png?im=Scale,width=0.6,height=0.6","FB","CD_I1002347",FALSE,40,"Jack","Payne","CD_T20",NA,89,0,0,NA,12,5,17,8,0,1,4,13,17,2,0,0,0,9,82.4,1,1,0,75,4,1,0,7.9,NA,NA,0,6,0,0,NA,NA,NA,3,217,0,0,0,11,91.7,2.4,14,0,2,23.5,0,0,0,3,0,1,3,2,9,0,5,1,20,0,0,0,0,0,0,"CD_I1002347",FALSE,40,"Jack","Payne","away","Brisbane Lions"
"CD_M20250140404","2025-04-05T05:15:00.000+0000","CONCLUDED","Premiership","Round 4",4,"MCG","Richmond","Richmond","Brisbane Lions","Brisbane Lions",16,"https://s.afl.com.au/staticfile/AFL Tenant/AFL/Players/ChampIDImages/AFL/2025014/1002235.png?im=Scale,width=0.6,height=0.6","FPL","CD_I1002235",FALSE,16,"Cam","Rayner","CD_T20",NA,79,0,1,NA,9,13,22,4,0,6,9,14,23,7,0,0,0,1,86.4,3,1,2,85,0,1,0,14,NA,NA,2,1,0,1,NA,NA,NA,7,298,5,1,6,7,77.8,0.7,19,0,0,39.1,0,0,0,4,0,1,15,2,0,0,0,0,0,0,0,0,7,0,0,"CD_I1002235",FALSE,16,"Cam","Rayner","away","Brisbane Lions"
"CD_M20250140404","2025-04-05T05:15:00.000+0000","CONCLUDED","Premiership","Round 4",4,"MCG","Richmond","Richmond","Brisbane Lions","Brisbane Lions",38,"https://s.afl.com.au/staticfile/AFL Tenant/AFL/Players/ChampIDImages/AFL/2025014/1009317.png?im=Scale,width=0.6,height=0.6","INT","CD_I1009317",FALSE,38,"Bruce","Reville","CD_T20",NA,75,1,0,NA,7,2,9,5,0,3,2,7,9,1,1,0,0,1,77.8,2,0,0,58,0,1,100,6.6,NA,NA,3,1,0,1,NA,NA,NA,4,232,0,1,1,6,85.7,3.5,7,0,1,22.2,0,0,0,2,1,2,15,4,0,0,0,0,0,0,0,0,0,0,0,"CD_I1009317",FALSE,38,"Bruce","Reville","away","Brisbane Lions"
"CD_M20250140404","2025-04-05T05:15:00.000+0000","CONCLUDED","Premiership","Round 4",4,"MCG","Richmond","Richmond","Brisbane Lions","Brisbane Lions",44,"https://s.afl.com.au/staticfile/AFL Tenant/AFL/Players/ChampIDImages/AFL/2025014/1017067.png?im=Scale,width=0.6,height=0.6","HBFR","CD_I1017067",FALSE,44,"Darcy","Wilmot","CD_T20",NA,83,0,0,NA,17,4,21,4,0,3,8,12,20,4,0,0,0,0,66.7,3,0,1,80,2,0,0,6.6,NA,NA,2,6,0,1,NA,NA,NA,5,245,0,2,2,10,58.8,4.3,14,0,2,40,0,0,0,8,0,1,14,11,0,0,0,0,0,0,0,0,0,2,2,"CD_I1017067",FALSE,44,"Darcy","Wilmot","away","Brisbane Lions"
"CD_M20250140404","2025-04-05T05:15:00.000+0000","CONCLUDED","Premiership","Round 4",4,"MCG","Richmond","Richmond","Brisbane Lions","Brisbane Lions",15,"https://s.afl.com.au/staticfile/AFL Tenant/AFL/Players/ChampIDImages/AFL/2025014/261224.png?im=Scale,width=0.6,height=0.6","BPL","CD_I261224",FALSE,15,"Dayne","Zorko","CD_T20",NA,86,0,0,NA,17,6,23,4,0,1,3,14,17,2,0,0,0,0,87,3,0,0,79,4,3,0,10.7,NA,NA,2,2,0,0,NA,NA,NA,6,446,0,0,0,15,88.2,2.8,20,0,0,17.6,0,0,0,3,0,2,8,6,0,0,0,0,0,0,0,0,0,8,7,"CD_I261224",FALSE,15,"Dayne","Zorko","away","Brisbane Lions"
"CD_M20250140405","2025-04-05T08:35:00.000+0000","CONCLUDED","Premiership","Round 4",4,"Marvel Stadium","North Melbourne","North Melbourne","Sydney Swans","Sydney Swans",30,"https://s.afl.com.au/staticfile/AFL Tenant/AFL/Players/ChampIDImages/AFL/2025014/1015781.png?im=Scale,width=0.6,height=0.6","BPL","CD_I1015781",FALSE,30,"Charlie","Comben","CD_T100",NA,87,0,0,NA,5,10,15,3,2,1,7,8,15,0,0,1,0,3,80,2,0,0,48,3,0,0,6.8,NA,NA,1,6,0,0,NA,NA,NA,1,19,0,0,0,4,80,0.5,12,0,1,46.7,0,0,0,6,0,1,7,5,3,0,1,0,0,0,0,0,0,0,0,"CD_I1015781",FALSE,30,"Charlie","Comben","home","North Melbourne"
"CD_M20250140405","2025-04-05T08:35:00.000+0000","CONCLUDED","Premiership","Round 4",4,"Marvel Stadium","North Melbourne","North Melbourne","Sydney Swans","Sydney Swans",4,"https://s.afl.com.au/staticfile/AFL Tenant/AFL/Players/ChampIDImages/AFL/2025014/294508.png?im=Scale,width=0.6,height=0.6","FB","CD_I294508",FALSE,4,"Aidan","Corr","CD_T100",NA,87,0,0,NA,12,6,18,5,0,3,4,11,15,0,0,0,0,4,88.9,2,1,1,73,4,0,0,8.1,NA,NA,2,6,0,0,NA,NA,NA,1,201,0,0,0,11,91.7,2,16,0,1,26.7,0,0,0,4,0,0,10,10,4,0,2,0,0,0,0,0,0,4,4,"CD_I294508",FALSE,4,"Aidan","Corr","home","North Melbourne"
"CD_M20250140405","2025-04-05T08:35:00.000+0000","CONCLUDED","Premiership","Round 4",4,"Marvel Stadium","North Melbourne","North Melbourne","Sydney Swans","Sydney Swans",25,"https://s.afl.com.au/staticfile/AFL Tenant/AFL/Players/ChampIDImages/AFL/2025014/1002947.png?im=Scale,width=0.6,height=0.6","FPL","CD_I1002947",FALSE,25,"Paul","Curtis","CD_T100",NA,79,2,0,NA,9,5,14,6,0,5,5,8,13,2,3,1,0,1,78.6,0,1,0,88,0,1,66.7,14,NA,NA,0,0,5,3,NA,NA,NA,6,257,0,0,0,7,77.8,1.8,11,3,0,38.5,0,0,0,3,1,0,16,1,1,0,0,0,0,1,1,100,0,0,0,"CD_I1002947",FALSE,25,"Paul","Curtis","home","North Melbourne"
"CD_M20250140405","2025-04-05T08:35:00.000+0000","CONCLUDED","Premiership","Round 4",4,"Marvel Stadium","North Melbourne","North Melbourne","Sydney Swans","Sydney Swans",5,"https://s.afl.com.au/staticfile/AFL Tenant/AFL/Players/ChampIDImages/AFL/2025014/295136.png?im=Scale,width=0.6,height=0.6","CHB","CD_I295136",FALSE,5,"Caleb","Daniel","CD_T100",NA,85,0,0,NA,15,10,25,5,0,2,6,13,19,1,0,0,0,1,80,3,0,0,88,3,0,0,8.1,NA,NA,3,6,0,0,NA,NA,NA,3,303,0,1,1,11,73.3,1.5,20,0,0,31.6,0,0,0,6,0,2,13,11,1,0,0,0,0,0,0,0,0,5,4,"CD_I295136",FALSE,5,"Caleb","Daniel","home","North Melbourne"
"CD_M20250140405","2025-04-05T08:35:00.000+0000","CONCLUDED","Premiership","Round 4",4,"Marvel Stadium","North Melbourne","North Melbourne","Sydney Swans","Sydney Swans",28,"https://s.afl.com.au/staticfile/AFL Tenant/AFL/Players/ChampIDImages/AFL/2025014/290838.png?im=Scale,width=0.6,height=0.6","FF","CD_I290838",FALSE,28,"Jack","Darling","CD_T100",NA,82,0,0,NA,3,3,6,3,0,1,6,2,8,1,0,2,0,1,83.3,5,0,5,13,0,2,0,4.8,NA,NA,3,0,1,0,NA,NA,NA,4,60,1,0,1,3,100,1,5,1,0,75,0,0,0,0,0,1,3,0,0,13,0,0,0,2,1,50,6,0,0,"CD_I290838",FALSE,28,"Jack","Darling","home","North Melbourne"
"CD_M20250140405","2025-04-05T08:35:00.000+0000","CONCLUDED","Premiership","Round 4",4,"Marvel Stadium","North Melbourne","North Melbourne","Sydney Swans","Sydney Swans",9,"https://s.afl.com.au/staticfile/AFL Tenant/AFL/Players/ChampIDImages/AFL/2025014/1002267.png?im=Scale,width=0.6,height=0.6","C","CD_I1002267",FALSE,9,"Luke","Davies-Uniacke","CD_T100",NA,81,0,0,NA,14,11,25,6,0,5,7,20,27,5,0,0,0,1,68,4,0,1,99,1,1,0,5.8,NA,NA,6,3,0,1,NA,NA,NA,4,302,3,1,4,9,64.3,1.3,17,0,2,25.9,0,0,0,5,0,1,16,9,0,0,0,0,0,0,0,0,21,0,0,"CD_I1002267",FALSE,9,"Luke","Davies-Uniacke","home","North Melbourne"
"CD_M20250140405","2025-04-05T08:35:00.000+0000","CONCLUDED","Premiership","Round 4",4,"Marvel Stadium","North Melbourne","North Melbourne","Sydney Swans","Sydney Swans",46,"https://s.afl.com.au/staticfile/AFL Tenant/AFL/Players/ChampIDImages/AFL/2025014/1023144.png?im=Scale,width=0.6,height=0.6","INT","CD_I1023144",FALSE,46,"Robert","Hansen Jr","CD_T100",NA,75,0,0,NA,6,1,7,5,1,0,0,6,6,1,0,0,0,0,57.1,1,0,0,35,0,0,0,1.3,NA,NA,2,0,0,0,NA,NA,NA,2,209,0,0,0,4,66.7,6,4,0,0,0,0,0,0,0,0,0,4,0,0,0,0,0,0,0,0,0,0,0,0,"CD_I1023144",FALSE,46,"Robert","Hansen Jr","home","North Melbourne"
"CD_M20250140405","2025-04-05T08:35:00.000+0000","CONCLUDED","Premiership","Round 4",4,"Marvel Stadium","North Melbourne","North Melbourne","Sydney Swans","Sydney Swans",17,"https://s.afl.com.au/staticfile/AFL Tenant/AFL/Players/ChampIDImages/AFL/2025014/1023625.png?im=Scale,width=0.6,height=0.6","SUB","CD_I1023625",FALSE,17,"Riley","Hardeman","CD_T100",NA,32,0,0,NA,4,6,10,0,0,0,4,6,10,1,0,0,0,2,70,0,0,0,24,2,0,0,3.7,NA,NA,1,3,0,0,NA,NA,NA,0,92,0,0,0,4,100,0.7,7,0,0,40,0,0,0,4,0,0,2,2,2,0,2,1,50,0,0,0,0,0,0,"CD_I1023625",FALSE,17,"Riley","Hardeman","home","North Melbourne"
"CD_M20250140405","2025-04-05T08:35:00.000+0000","CONCLUDED","Premiership","Round 4",4,"Marvel Stadium","North Melbourne","North Melbourne","Sydney Swans","Sydney Swans",41,"https://s.afl.com.au/staticfile/AFL Tenant/AFL/Players/ChampIDImages/AFL/2025014/1023530.png?im=Scale,width=0.6,height=0.6","INT","CD_I1023530",FALSE,41,"Jacob","Konstanty","CD_T100",NA,68,0,2,NA,8,8,16,4,0,1,7,9,16,1,1,0,0,1,56.3,4,3,2,55,0,0,0,1.4,NA,NA,3,2,0,2,NA,NA,NA,4,136,0,0,0,4,50,1,9,0,1,43.8,0,0,0,4,2,0,10,4,0,0,0,0,0,0,0,0,0,0,0,"CD_I1023530",FALSE,41,"Jacob","Konstanty","home","North Melbourne"
"CD_M20250140405","2025-04-05T08:35:00.000+0000","CONCLUDED","Premiership","Round 4",4,"Marvel Stadium","North Melbourne","North Melbourne","Sydney Swans","Sydney Swans",20,"https://s.afl.com.au/staticfile/AFL Tenant/AFL/Players/ChampIDImages/AFL/2025014/1001017.png?im=Scale,width=0.6,height=0.6","CHF","CD_I1001017",FALSE,20,"Nick","Larkey","CD_T100",NA,86,2,0,NA,4,5,9,3,0,0,3,6,9,0,2,0,1,1,100,2,1,0,45,1,0,100,5.3,NA,NA,0,0,0,2,NA,NA,NA,4,116,0,1,1,4,100,0.8,9,2,0,33.3,0,16.7,0,2,2,0,3,2,1,6,0,0,0,2,0,0,1,0,0,"CD_I1001017",FALSE,20,"Nick","Larkey","home","North Melbourne"
"CD_M20250140405","2025-04-05T08:35:00.000+0000","CONCLUDED","Premiership","Round 4",4,"Marvel Stadium","North Melbourne","North Melbourne","Sydney Swans","Sydney Swans",19,"https://s.afl.com.au/staticfile/AFL Tenant/AFL/Players/ChampIDImages/AFL/2025014/997933.png?im=Scale,width=0.6,height=0.6","BPR","CD_I997933",FALSE,19,"Griffin","Logue","CD_T100",NA,74,0,0,NA,9,4,13,7,0,2,1,12,13,0,0,0,0,5,92.3,0,0,0,64,1,0,0,9.9,NA,NA,0,3,0,0,NA,NA,NA,3,128,0,0,0,8,88.9,2.3,12,0,1,7.7,0,0,0,1,0,0,3,3,5,0,0,0,0,0,0,0,0,0,0,"CD_I997933",FALSE,19,"Griffin","Logue","home","North Melbourne"
"CD_M20250140405","2025-04-05T08:35:00.000+0000","CONCLUDED","Premiership","Round 4",4,"Marvel Stadium","North Melbourne","North Melbourne","Sydney Swans","Sydney Swans",11,"https://s.afl.com.au/staticfile/AFL Tenant/AFL/Players/ChampIDImages/AFL/2025014/296355.png?im=Scale,width=0.6,height=0.6","HBFL","CD_I296355",FALSE,11,"Luke","McDonald","CD_T100",NA,84,0,0,NA,10,8,18,7,0,1,4,15,19,1,0,0,0,2,100,0,1,0,72,5,0,0,7.6,NA,NA,2,4,0,0,NA,NA,NA,3,206,0,0,0,10,100,1.3,18,0,1,21.1,0,0,0,3,0,1,8,6,1,0,1,1,100,0,0,0,0,0,0,"CD_I296355",FALSE,11,"Luke","McDonald","home","North Melbourne"
"CD_M20250140405","2025-04-05T08:35:00.000+0000","CONCLUDED","Premiership","Round 4",4,"Marvel Stadium","North Melbourne","North Melbourne","Sydney Swans","Sydney Swans",10,"https://s.afl.com.au/staticfile/AFL Tenant/AFL/Players/ChampIDImages/AFL/2025014/1024272.png?im=Scale,width=0.6,height=0.6","HFFL","CD_I1024272",FALSE,10,"Colby","McKercher","CD_T100",NA,81,1,0,NA,13,9,22,4,1,1,2,19,21,4,0,0,0,0,90.9,1,0,0,79,0,0,100,10,NA,NA,1,1,0,1,NA,NA,NA,5,235,0,0,0,11,84.6,1.4,20,0,0,9.5,0,0,0,2,1,0,8,3,0,0,0,0,0,1,0,0,0,0,0,"CD_I1024272",FALSE,10,"Colby","McKercher","home","North Melbourne"
"CD_M20250140405","2025-04-05T08:35:00.000+0000","CONCLUDED","Premiership","Round 4",4,"Marvel Stadium","North Melbourne","North Melbourne","Sydney Swans","Sydney Swans",26,"https://s.afl.com.au/staticfile/AFL Tenant/AFL/Players/ChampIDImages/AFL/2025014/290778.png?im=Scale,width=0.6,height=0.6","R","CD_I290778",FALSE,26,"Luke","Parker","CD_T100",NA,75,2,0,NA,11,16,27,3,1,8,9,19,28,3,0,0,0,0,77.8,4,1,2,113,1,0,66.7,12.6,NA,NA,4,1,3,3,NA,NA,NA,6,258,0,5,5,7,63.6,0.7,21,0,0,32.1,0,0,0,6,1,2,19,8,0,0,0,0,0,0,0,0,22,0,0,"CD_I290778",FALSE,26,"Luke","Parker","home","North Melbourne"
"CD_M20250140405","2025-04-05T08:35:00.000+0000","CONCLUDED","Premiership","Round 4",4,"Marvel Stadium","North Melbourne","North Melbourne","Sydney Swans","Sydney Swans",24,"https://s.afl.com.au/staticfile/AFL Tenant/AFL/Players/ChampIDImages/AFL/2025014/1011659.png?im=Scale,width=0.6,height=0.6","RR","CD_I1011659",FALSE,24,"Tom","Powell","CD_T100",NA,80,0,0,NA,10,12,22,6,0,5,11,10,21,1,0,0,0,0,68.2,3,0,0,92,3,0,0,10.9,NA,NA,2,2,1,1,NA,NA,NA,2,218,2,4,6,5,50,0.8,15,0,0,52.4,0,0,0,10,1,0,19,9,0,0,0,0,0,0,0,0,19,0,0,"CD_I1011659",FALSE,24,"Tom","Powell","home","North Melbourne"
"CD_M20250140405","2025-04-05T08:35:00.000+0000","CONCLUDED","Premiership","Round 4",4,"Marvel Stadium","North Melbourne","North Melbourne","Sydney Swans","Sydney Swans",8,"https://s.afl.com.au/staticfile/AFL Tenant/AFL/Players/ChampIDImages/AFL/2025014/1006058.png?im=Scale,width=0.6,height=0.6","WL","CD_I1006058",FALSE,8,"Bailey","Scott","CD_T100",NA,79,0,0,NA,7,5,12,4,0,0,1,11,12,2,0,0,0,0,58.3,2,1,1,41,2,0,0,1.1,NA,NA,3,2,0,0,NA,NA,NA,2,197,0,0,0,3,42.9,1.4,7,0,0,8.3,0,0,0,1,0,0,8,4,0,0,0,0,0,0,0,0,0,0,0,"CD_I1006058",FALSE,8,"Bailey","Scott","home","North Melbourne"
"CD_M20250140405","2025-04-05T08:35:00.000+0000","CONCLUDED","Premiership","Round 4",4,"Marvel Stadium","North Melbourne","North Melbourne","Sydney Swans","Sydney Swans",3,"https://s.afl.com.au/staticfile/AFL Tenant/AFL/Players/ChampIDImages/AFL/2025014/1023518.png?im=Scale,width=0.6,height=0.6","HBFR","CD_I1023518",FALSE,3,"Harry","Sheezel","CD_T100",NA,92,0,1,NA,19,15,34,9,0,3,9,26,35,2,1,1,0,1,82.4,3,1,1,125,3,0,0,7.3,NA,NA,6,1,0,1,NA,NA,NA,5,387,1,2,3,14,73.7,1.3,28,0,0,25.7,0,0,0,6,0,1,12,8,0,0,0,0,0,1,1,100,12,0,0,"CD_I1023518",FALSE,3,"Harry","Sheezel","home","North Melbourne"
"CD_M20250140405","2025-04-05T08:35:00.000+0000","CONCLUDED","Premiership","Round 4",4,"Marvel Stadium","North Melbourne","North Melbourne","Sydney Swans","Sydney Swans",12,"https://s.afl.com.au/staticfile/AFL Tenant/AFL/Players/ChampIDImages/AFL/2025014/993998.png?im=Scale,width=0.6,height=0.6","WR","CD_I993998",FALSE,12,"Jy","Simpkin","CD_T100",NA,81,0,0,NA,13,9,22,4,1,4,3,19,22,2,0,0,0,1,68.2,4,0,0,85,2,1,0,4.1,NA,NA,5,0,0,0,NA,NA,NA,2,402,0,1,1,6,46.2,1.4,15,0,0,13.6,0,0,0,2,0,0,14,8,1,0,0,0,0,0,0,0,16,0,0,"CD_I993998",FALSE,12,"Jy","Simpkin","home","North Melbourne"
"CD_M20250140405","2025-04-05T08:35:00.000+0000","CONCLUDED","Premiership","Round 4",4,"Marvel Stadium","North Melbourne","North Melbourne","Sydney Swans","Sydney Swans",15,"https://s.afl.com.au/staticfile/AFL Tenant/AFL/Players/ChampIDImages/AFL/2025014/1004848.png?im=Scale,width=0.6,height=0.6","HFFR","CD_I1004848",FALSE,15,"Dylan","Stephens","CD_T100",NA,80,0,0,NA,8,10,18,7,2,1,3,15,18,2,0,0,0,0,94.4,1,1,1,67,2,0,0,10.8,NA,NA,1,4,0,0,NA,NA,NA,2,213,1,0,1,7,87.5,0.8,17,0,2,16.7,0,0,0,2,0,1,13,11,0,0,0,0,0,0,0,0,0,0,0,"CD_I1004848",FALSE,15,"Dylan","Stephens","home","North Melbourne"
"CD_M20250140405","2025-04-05T08:35:00.000+0000","CONCLUDED","Premiership","Round 4",4,"Marvel Stadium","North Melbourne","North Melbourne","Sydney Swans","Sydney Swans",13,"https://s.afl.com.au/staticfile/AFL Tenant/AFL/Players/ChampIDImages/AFL/2025014/993816.png?im=Scale,width=0.6,height=0.6","INT","CD_I993816",FALSE,13,"Darcy","Tucker","CD_T100",NA,84,0,0,NA,13,7,20,8,1,1,1,20,21,1,0,0,0,0,95,2,0,1,78,2,0,0,6.6,NA,NA,1,3,1,0,NA,NA,NA,3,293,0,0,0,12,92.3,1.9,19,0,1,4.8,0,0,0,1,0,0,7,2,0,0,1,0,0,0,0,0,0,0,0,"CD_I993816",FALSE,13,"Darcy","Tucker","home","North Melbourne"
"CD_M20250140405","2025-04-05T08:35:00.000+0000","CONCLUDED","Premiership","Round 4",4,"Marvel Stadium","North Melbourne","North Melbourne","Sydney Swans","Sydney Swans",35,"https://s.afl.com.au/staticfile/AFL Tenant/AFL/Players/ChampIDImages/AFL/2025014/1028547.png?im=Scale,width=0.6,height=0.6","INT","CD_I1028547",FALSE,35,"Matt","Whitlock","CD_T100",NA,58,0,0,NA,6,4,10,3,0,1,3,8,11,0,0,0,0,0,70,5,0,1,36,0,0,0,1.3,NA,NA,5,4,0,0,NA,NA,NA,0,140,0,0,0,3,50,1.5,7,0,1,27.3,0,0,0,3,0,0,4,3,0,0,0,0,0,0,0,0,0,0,0,"CD_I1028547",FALSE,35,"Matt","Whitlock","home","North Melbourne"
"CD_M20250140405","2025-04-05T08:35:00.000+0000","CONCLUDED","Premiership","Round 4",4,"Marvel Stadium","North Melbourne","North Melbourne","Sydney Swans","Sydney Swans",38,"https://s.afl.com.au/staticfile/AFL Tenant/AFL/Players/ChampIDImages/AFL/2025014/1004965.png?im=Scale,width=0.6,height=0.6","RK","CD_I1004965",FALSE,38,"Tristan","Xerri","CD_T100",NA,79,0,0,NA,6,12,18,2,0,3,14,4,18,2,0,0,23,1,77.8,4,4,3,78,1,0,0,11,NA,NA,3,0,1,0,NA,NA,NA,2,140,3,4,7,5,83.3,0.5,14,0,0,77.8,5,32.9,21.7,4,1,1,16,9,1,70,0,0,0,1,0,0,23,0,0,"CD_I1004965",FALSE,38,"Tristan","Xerri","home","North Melbourne"
"CD_M20250140405","2025-04-05T08:35:00.000+0000","CONCLUDED","Premiership","Round 4",4,"Marvel Stadium","North Melbourne","North Melbourne","Sydney Swans","Sydney Swans",44,"https://s.afl.com.au/staticfile/AFL Tenant/AFL/Players/ChampIDImages/AFL/2025014/998484.png?im=Scale,width=0.6,height=0.6","FPR","CD_I998484",FALSE,44,"Cameron","Zurhaar","CD_T100",NA,89,1,0,NA,9,3,12,8,0,0,2,11,13,5,1,0,0,1,66.7,4,0,2,57,0,1,100,3.5,NA,NA,4,1,0,1,NA,NA,NA,5,227,0,0,0,7,77.8,3,8,1,1,15.4,0,0,0,2,1,1,5,3,0,0,0,0,0,0,0,0,0,0,0,"CD_I998484",FALSE,44,"Cameron","Zurhaar","home","North Melbourne"
"CD_M20250140405","2025-04-05T08:35:00.000+0000","CONCLUDED","Premiership","Round 4",4,"Marvel Stadium","North Melbourne","North Melbourne","Sydney Swans","Sydney Swans",36,"https://s.afl.com.au/staticfile/AFL Tenant/AFL/Players/ChampIDImages/AFL/2025014/1008091.png?im=Scale,width=0.6,height=0.6","FPL","CD_I1008091",FALSE,36,"Joel","Amartey","CD_T160",NA,77,4,1,NA,7,1,8,5,0,2,5,3,8,1,4,2,1,3,62.5,2,1,2,67,1,0,80,10.2,NA,NA,2,1,2,5,NA,NA,NA,6,128,0,1,1,4,57.1,7,5,1,0,62.5,0,50,0,2,1,1,7,1,3,2,0,0,0,2,1,50,0,0,0,"CD_I1008091",FALSE,36,"Joel","Amartey","away","Sydney Swans"
"CD_M20250140405","2025-04-05T08:35:00.000+0000","CONCLUDED","Premiership","Round 4",4,"Marvel Stadium","North Melbourne","North Melbourne","Sydney Swans","Sydney Swans",26,"https://s.afl.com.au/staticfile/AFL Tenant/AFL/Players/ChampIDImages/AFL/2025014/1008224.png?im=Scale,width=0.6,height=0.6","INT","CD_I1008224",FALSE,26,"Riley","Bice","CD_T160",NA,85,0,0,NA,20,6,26,15,2,2,6,19,25,7,0,1,0,2,84.6,3,0,0,125,4,2,0,15.4,NA,NA,2,9,0,0,NA,NA,NA,7,433,0,0,0,17,85,3.3,22,1,5,24,0,0,0,5,0,3,6,5,2,0,0,0,0,0,0,0,0,1,1,"CD_I1008224",FALSE,26,"Riley","Bice","away","Sydney Swans"
"CD_M20250140405","2025-04-05T08:35:00.000+0000","CONCLUDED","Premiership","Round 4",4,"Marvel Stadium","North Melbourne","North Melbourne","Sydney Swans","Sydney Swans",22,"https://s.afl.com.au/staticfile/AFL Tenant/AFL/Players/ChampIDImages/AFL/2025014/1006028.png?im=Scale,width=0.6,height=0.6","BPR","CD_I1006028",FALSE,22,"Nick","Blakey","CD_T160",NA,81,0,0,NA,11,3,14,5,0,1,5,8,13,1,0,0,0,1,92.9,1,2,0,60,2,0,0,10.2,NA,NA,0,7,0,0,NA,NA,NA,3,304,0,0,0,10,90.9,3.7,13,0,1,38.5,0,0,0,3,0,2,3,2,1,0,0,0,0,0,0,0,0,0,0,"CD_I1006028",FALSE,22,"Nick","Blakey","away","Sydney Swans"
"CD_M20250140405","2025-04-05T08:35:00.000+0000","CONCLUDED","Premiership","Round 4",4,"Marvel Stadium","North Melbourne","North Melbourne","Sydney Swans","Sydney Swans",16,"https://s.afl.com.au/staticfile/AFL Tenant/AFL/Players/ChampIDImages/AFL/2025014/1013133.png?im=Scale,width=0.6,height=0.6","WL","CD_I1013133",FALSE,16,"Braeden","Campbell","CD_T160",NA,83,1,1,NA,11,4,15,4,1,2,2,12,14,5,1,0,0,0,73.3,3,0,1,65,1,1,50,8.3,NA,NA,2,0,0,2,NA,NA,NA,6,263,0,0,0,8,72.7,2.8,11,3,0,14.3,0,0,0,2,1,0,20,3,0,0,0,0,0,0,0,0,1,0,0,"CD_I1013133",FALSE,16,"Braeden","Campbell","away","Sydney Swans"
"CD_M20250140405","2025-04-05T08:35:00.000+0000","CONCLUDED","Premiership","Round 4",4,"Marvel Stadium","North Melbourne","North Melbourne","Sydney Swans","Sydney Swans",33,"https://s.afl.com.au/staticfile/AFL Tenant/AFL/Players/ChampIDImages/AFL/2025014/1024057.png?im=Scale,width=0.6,height=0.6","INT","CD_I1024057",FALSE,33,"Caiden","Cleary","CD_T160",NA,79,0,2,NA,7,5,12,3,0,6,5,8,13,2,0,0,0,1,66.7,0,2,0,68,1,0,0,6.6,NA,NA,0,2,2,2,NA,NA,NA,6,186,1,1,2,4,57.1,1.4,8,0,0,38.5,0,0,0,2,0,1,27,7,0,0,0,0,0,1,0,0,2,0,0,"CD_I1024057",FALSE,33,"Caiden","Cleary","away","Sydney Swans"
"CD_M20250140405","2025-04-05T08:35:00.000+0000","CONCLUDED","Premiership","Round 4",4,"Marvel Stadium","North Melbourne","North Melbourne","Sydney Swans","Sydney Swans",13,"https://s.afl.com.au/staticfile/AFL Tenant/AFL/Players/ChampIDImages/AFL/2025014/998103.png?im=Scale,width=0.6,height=0.6","HBFR","CD_I998103",FALSE,13,"Oliver","Florent","CD_T160",NA,90,1,0,NA,12,6,18,12,0,0,6,13,19,4,1,0,0,0,77.8,2,1,0,91,2,1,50,12.7,NA,NA,3,4,0,2,NA,NA,NA,4,308,0,2,2,9,75,2,14,0,1,31.6,0,0,0,6,0,2,12,5,0,0,1,1,100,0,0,0,0,0,0,"CD_I998103",FALSE,13,"Oliver","Florent","away","Sydney Swans"
"CD_M20250140405","2025-04-05T08:35:00.000+0000","CONCLUDED","Premiership","Round 4",4,"Marvel Stadium","North Melbourne","North Melbourne","Sydney Swans","Sydney Swans",4,"https://s.afl.com.au/staticfile/AFL Tenant/AFL/Players/ChampIDImages/AFL/2025014/293957.png?im=Scale,width=0.6,height=0.6","RK","CD_I293957",FALSE,4,"Brodie","Grundy","CD_T160",NA,76,0,0,NA,8,12,20,1,1,4,13,9,22,2,0,0,21,1,65,4,4,3,83,0,0,0,16.1,NA,NA,3,3,0,0,NA,NA,NA,7,228,3,3,6,5,62.5,0.7,13,0,0,59.1,9,35,42.9,5,0,4,13,5,1,60,1,0,0,0,0,0,23,0,0,"CD_I293957",FALSE,4,"Brodie","Grundy","away","Sydney Swans"
"CD_M20250140405","2025-04-05T08:35:00.000+0000","CONCLUDED","Premiership","Round 4",4,"Marvel Stadium","North Melbourne","North Melbourne","Sydney Swans","Sydney Swans",29,"https://s.afl.com.au/staticfile/AFL Tenant/AFL/Players/ChampIDImages/AFL/2025014/295222.png?im=Scale,width=0.6,height=0.6","BPL","CD_I295222",FALSE,29,"Joel","Hamling","CD_T160",NA,90,0,0,NA,5,2,7,3,0,2,2,5,7,0,0,0,0,8,100,1,2,1,35,0,0,0,4.9,NA,NA,1,2,2,0,NA,NA,NA,1,4,0,0,0,5,100,2.5,7,0,0,28.6,0,0,0,0,0,0,10,7,8,0,4,2,50,0,0,0,0,0,0,"CD_I295222",FALSE,29,"Joel","Hamling","away","Sydney Swans"
"CD_M20250140405","2025-04-05T08:35:00.000+0000","CONCLUDED","Premiership","Round 4",4,"Marvel Stadium","North Melbourne","North Melbourne","Sydney Swans","Sydney Swans",40,"https://s.afl.com.au/staticfile/AFL Tenant/AFL/Players/ChampIDImages/AFL/2025014/1027687.png?im=Scale,width=0.6,height=0.6","INT","CD_I1027687",FALSE,40,"Tom","Hanily","CD_T160",NA,68,2,1,NA,6,7,13,5,0,1,5,8,13,0,3,0,0,0,69.2,2,1,0,65,1,1,66.7,7.7,NA,NA,2,1,0,3,NA,NA,NA,5,173,0,0,0,3,50,0.9,9,1,0,38.5,0,0,0,5,3,0,16,1,0,0,0,0,0,0,0,0,0,0,0,"CD_I1027687",FALSE,40,"Tom","Hanily","away","Sydney Swans"
"CD_M20250140405","2025-04-05T08:35:00.000+0000","CONCLUDED","Premiership","Round 4",4,"Marvel Stadium","North Melbourne","North Melbourne","Sydney Swans","Sydney Swans",9,"https://s.afl.com.au/staticfile/AFL Tenant/AFL/Players/ChampIDImages/AFL/2025014/997100.png?im=Scale,width=0.6,height=0.6","CHF","CD_I997100",FALSE,9,"Will","Hayward","CD_T160",NA,87,4,1,NA,12,3,15,6,0,3,4,10,14,4,3,1,0,1,80,2,1,1,95,0,2,66.7,17.7,NA,NA,2,2,1,6,NA,NA,NA,9,373,0,0,0,9,75,4,12,1,0,28.6,0,0,0,2,1,0,8,2,1,0,0,0,0,1,0,0,0,0,0,"CD_I997100",FALSE,9,"Will","Hayward","away","Sydney Swans"
"CD_M20250140405","2025-04-05T08:35:00.000+0000","CONCLUDED","Premiership","Round 4",4,"Marvel Stadium","North Melbourne","North Melbourne","Sydney Swans","Sydney Swans",5,"https://s.afl.com.au/staticfile/AFL Tenant/AFL/Players/ChampIDImages/AFL/2025014/298539.png?im=Scale,width=0.6,height=0.6","C","CD_I298539",FALSE,5,"Isaac","Heeney","CD_T160",NA,77,0,0,NA,14,5,19,4,0,3,9,10,19,5,0,0,0,2,68.4,2,0,0,76,1,2,0,17.9,NA,NA,5,1,1,0,NA,NA,NA,3,461,1,5,6,8,57.1,2.8,13,0,1,47.4,0,0,0,4,1,0,19,6,2,0,0,0,0,0,0,0,21,0,0,"CD_I298539",FALSE,5,"Isaac","Heeney","away","Sydney Swans"
"CD_M20250140405","2025-04-05T08:35:00.000+0000","CONCLUDED","Premiership","Round 4",4,"Marvel Stadium","North Melbourne","North Melbourne","Sydney Swans","Sydney Swans",17,"https://s.afl.com.au/staticfile/AFL Tenant/AFL/Players/ChampIDImages/AFL/2025014/1013409.png?im=Scale,width=0.6,height=0.6","HFFR","CD_I1013409",FALSE,17,"James","Jordon","CD_T160",NA,93,0,1,NA,8,8,16,5,0,3,6,10,16,4,1,0,0,0,75,0,1,0,69,1,0,0,7.9,NA,NA,4,2,0,1,NA,NA,NA,3,233,2,1,3,5,62.5,1,12,0,0,37.5,0,0,0,5,0,3,17,5,0,0,0,0,0,0,0,0,28,0,0,"CD_I1013409",FALSE,17,"James","Jordon","away","Sydney Swans"
"CD_M20250140405","2025-04-05T08:35:00.000+0000","CONCLUDED","Premiership","Round 4",4,"Marvel Stadium","North Melbourne","North Melbourne","Sydney Swans","Sydney Swans",19,"https://s.afl.com.au/staticfile/AFL Tenant/AFL/Players/ChampIDImages/AFL/2025014/997142.png?im=Scale,width=0.6,height=0.6","INT","CD_I997142",FALSE,19,"Peter","Ladhams","CD_T160",NA,70,1,0,NA,7,7,14,4,1,1,2,11,13,0,2,0,7,0,71.4,3,0,0,64,1,1,50,3.6,NA,NA,3,0,1,2,NA,NA,NA,6,20,0,1,1,4,57.1,1,10,0,0,15.4,0,36.8,0,1,1,0,5,1,0,19,0,0,0,1,0,0,7,0,0,"CD_I997142",FALSE,19,"Peter","Ladhams","away","Sydney Swans"
"CD_M20250140405","2025-04-05T08:35:00.000+0000","CONCLUDED","Premiership","Round 4",4,"Marvel Stadium","North Melbourne","North Melbourne","Sydney Swans","Sydney Swans",44,"https://s.afl.com.au/staticfile/AFL Tenant/AFL/Players/ChampIDImages/AFL/2025014/295342.png?im=Scale,width=0.6,height=0.6","WR","CD_I295342",FALSE,44,"Jake","Lloyd","CD_T160",NA,79,0,1,NA,19,5,24,12,1,2,6,19,25,3,1,0,0,2,62.5,3,2,0,114,1,0,0,1.1,NA,NA,4,6,0,2,NA,NA,NA,6,368,0,0,0,13,68.4,3.8,15,0,2,24,0,0,0,2,1,1,4,1,1,0,0,0,0,0,0,0,0,0,0,"CD_I295342",FALSE,44,"Jake","Lloyd","away","Sydney Swans"
"CD_M20250140405","2025-04-05T08:35:00.000+0000","CONCLUDED","Premiership","Round 4",4,"Marvel Stadium","North Melbourne","North Melbourne","Sydney Swans","Sydney Swans",30,"https://s.afl.com.au/staticfile/AFL Tenant/AFL/Players/ChampIDImages/AFL/2025014/1008198.png?im=Scale,width=0.6,height=0.6","FF","CD_I1008198",FALSE,30,"Tom","McCartin","CD_T160",NA,95,0,0,NA,10,2,12,9,0,0,4,8,12,1,0,3,0,4,83.3,2,0,1,58,1,0,0,7.8,NA,NA,1,5,0,0,NA,NA,NA,2,169,0,0,0,8,80,5,10,0,3,33.3,0,0,0,1,0,0,5,5,4,0,1,0,0,1,1,100,0,0,0,"CD_I1008198",FALSE,30,"Tom","McCartin","away","Sydney Swans"
"CD_M20250140405","2025-04-05T08:35:00.000+0000","CONCLUDED","Premiership","Round 4",4,"Marvel Stadium","North Melbourne","North Melbourne","Sydney Swans","Sydney Swans",2,"https://s.afl.com.au/staticfile/AFL Tenant/AFL/Players/ChampIDImages/AFL/2025014/1003203.png?im=Scale,width=0.6,height=0.6","HFFL","CD_I1003203",FALSE,2,"Hayden","McLean","CD_T160",NA,76,1,0,NA,4,4,8,3,0,1,4,4,8,2,1,0,2,1,87.5,0,0,0,41,1,0,100,9.5,NA,NA,0,0,1,1,NA,NA,NA,4,153,0,0,0,3,75,1,7,0,0,50,0,33.3,0,4,2,0,13,2,1,6,0,0,0,1,0,0,0,0,0,"CD_I1003203",FALSE,2,"Hayden","McLean","away","Sydney Swans"
"CD_M20250140405","2025-04-05T08:35:00.000+0000","CONCLUDED","Premiership","Round 4",4,"Marvel Stadium","North Melbourne","North Melbourne","Sydney Swans","Sydney Swans",24,"https://s.afl.com.au/staticfile/AFL Tenant/AFL/Players/ChampIDImages/AFL/2025014/290307.png?im=Scale,width=0.6,height=0.6","FB","CD_I290307",FALSE,24,"Dane","Rampe","CD_T160",NA,78,0,0,NA,10,3,13,6,0,3,3,10,13,0,0,0,0,3,84.6,1,1,0,67,0,0,0,6.5,NA,NA,1,4,0,0,NA,NA,NA,3,196,0,1,1,9,90,3.3,11,0,1,23.1,0,0,0,1,0,0,8,7,1,0,0,0,0,0,0,0,0,0,0,"CD_I290307",FALSE,24,"Dane","Rampe","away","Sydney Swans"
"CD_M20250140405","2025-04-05T08:35:00.000+0000","CONCLUDED","Premiership","Round 4",4,"Marvel Stadium","North Melbourne","North Melbourne","Sydney Swans","Sydney Swans",34,"https://s.afl.com.au/staticfile/AFL Tenant/AFL/Players/ChampIDImages/AFL/2025014/1012210.png?im=Scale,width=0.6,height=0.6","CHB","CD_I1012210",FALSE,34,"Matt","Roberts","CD_T160",NA,92,1,0,NA,13,7,20,6,0,1,1,16,17,1,0,0,0,0,90,2,0,1,78,4,0,100,12.2,NA,NA,1,3,0,1,NA,NA,NA,5,372,0,1,1,11,84.6,1.9,18,0,2,5.9,0,0,0,1,0,3,10,3,0,0,1,0,0,0,0,0,0,3,3,"CD_I1012210",FALSE,34,"Matt","Roberts","away","Sydney Swans"
"CD_M20250140405","2025-04-05T08:35:00.000+0000","CONCLUDED","Premiership","Round 4",4,"Marvel Stadium","North Melbourne","North Melbourne","Sydney Swans","Sydney Swans",8,"https://s.afl.com.au/staticfile/AFL Tenant/AFL/Players/ChampIDImages/AFL/2025014/1006126.png?im=Scale,width=0.6,height=0.6","R","CD_I1006126",FALSE,8,"James","Rowbottom","CD_T160",NA,76,0,0,NA,12,8,20,3,0,6,10,9,19,4,0,0,0,0,65,5,1,0,86,3,2,0,18.4,NA,NA,6,1,1,0,NA,NA,NA,5,422,4,3,7,7,58.3,1.5,13,0,1,52.6,0,0,0,6,0,1,19,5,0,0,0,0,0,0,0,0,22,0,0,"CD_I1006126",FALSE,8,"James","Rowbottom","away","Sydney Swans"
"CD_M20250140405","2025-04-05T08:35:00.000+0000","CONCLUDED","Premiership","Round 4",4,"Marvel Stadium","North Melbourne","North Melbourne","Sydney Swans","Sydney Swans",12,"https://s.afl.com.au/staticfile/AFL Tenant/AFL/Players/ChampIDImages/AFL/2025014/1020339.png?im=Scale,width=0.6,height=0.6","SUB","CD_I1020339",FALSE,12,"Angus","Sheldrick","CD_T160",NA,24,1,0,NA,8,4,12,3,0,1,5,7,12,5,0,0,0,0,50,6,0,0,51,0,0,100,5.9,NA,NA,4,0,0,1,NA,NA,NA,2,239,1,1,2,4,50,2,6,0,0,41.7,0,0,0,5,1,1,5,2,0,0,0,0,0,0,0,0,6,0,0,"CD_I1020339",FALSE,12,"Angus","Sheldrick","away","Sydney Swans"
"CD_M20250140405","2025-04-05T08:35:00.000+0000","CONCLUDED","Premiership","Round 4",4,"Marvel Stadium","North Melbourne","North Melbourne","Sydney Swans","Sydney Swans",1,"https://s.afl.com.au/staticfile/AFL Tenant/AFL/Players/ChampIDImages/AFL/2025014/1012014.png?im=Scale,width=0.6,height=0.6","RR","CD_I1012014",FALSE,1,"Chad","Warner","CD_T160",NA,59,2,0,NA,6,4,10,2,0,0,4,5,9,1,1,0,0,0,80,3,0,1,41,0,1,100,8.4,NA,NA,2,2,0,2,NA,NA,NA,5,154,1,1,2,5,83.3,1.5,8,0,0,44.4,0,0,0,4,2,2,7,3,0,0,0,0,0,0,0,0,10,0,0,"CD_I1012014",FALSE,1,"Chad","Warner","away","Sydney Swans"
"CD_M20250140405","2025-04-05T08:35:00.000+0000","CONCLUDED","Premiership","Round 4",4,"Marvel Stadium","North Melbourne","North Melbourne","Sydney Swans","Sydney Swans",37,"https://s.afl.com.au/staticfile/AFL Tenant/AFL/Players/ChampIDImages/AFL/2025014/1018424.png?im=Scale,width=0.6,height=0.6","FPR","CD_I1018424",FALSE,37,"Corey","Warner","CD_T160",NA,85,0,1,NA,8,3,11,2,0,2,3,9,12,2,0,0,0,2,54.5,2,0,1,42,1,0,0,1.7,NA,NA,4,2,2,1,NA,NA,NA,2,192,0,1,1,4,50,2.7,6,0,0,25,0,0,0,3,1,0,17,5,2,0,0,0,0,0,0,0,0,0,0,"CD_I1018424",FALSE,37,"Corey","Warner","away","Sydney Swans"
"CD_M20250140405","2025-04-05T08:35:00.000+0000","CONCLUDED","Premiership","Round 4",4,"Marvel Stadium","North Melbourne","North Melbourne","Sydney Swans","Sydney Swans",15,"https://s.afl.com.au/staticfile/AFL Tenant/AFL/Players/ChampIDImages/AFL/2025014/1006232.png?im=Scale,width=0.6,height=0.6","HBFL","CD_I1006232",FALSE,15,"Sam","Wicks","CD_T160",NA,79,0,0,NA,12,2,14,2,3,3,5,9,14,2,0,0,0,0,71.4,3,2,3,51,3,1,0,8.6,NA,NA,0,2,0,0,NA,NA,NA,3,354,0,3,3,8,66.7,6,10,0,0,35.7,0,0,0,3,0,3,6,3,0,0,0,0,0,0,0,0,0,0,0,"CD_I1006232",FALSE,15,"Sam","Wicks","away","Sydney Swans"
"CD_M20250140406","2025-04-06T03:10:00.000+0000","CONCLUDED","Premiership","Round 4",4,"ENGIE Stadium","GWS GIANTS","GWS GIANTS","West Coast Eagles","West Coast Eagles",7,"https://s.afl.com.au/staticfile/AFL Tenant/AFL/Players/ChampIDImages/AFL/2025014/1009253.png?im=Scale,width=0.6,height=0.6","HBFR","CD_I1009253",FALSE,7,"Lachie","Ash","CD_T1010",NA,84,0,0,NA,17,14,31,5,4,1,8,22,30,4,1,1,0,1,90.3,1,0,1,95,4,0,0,24.5,NA,NA,1,8,0,0,NA,NA,NA,10,568,0,2,2,14,82.4,1.2,28,0,2,26.7,0,0,0,7,0,3,3,3,1,0,1,1,100,0,0,0,0,1,1,"CD_I1009253",FALSE,7,"Lachie","Ash","home","GWS GIANTS"
"CD_M20250140406","2025-04-06T03:10:00.000+0000","CONCLUDED","Premiership","Round 4",4,"ENGIE Stadium","GWS GIANTS","GWS GIANTS","West Coast Eagles","West Coast Eagles",14,"https://s.afl.com.au/staticfile/AFL Tenant/AFL/Players/ChampIDImages/AFL/2025014/1008139.png?im=Scale,width=0.6,height=0.6","RR","CD_I1008139",FALSE,14,"Toby","Bedford","CD_T1010",NA,78,1,0,NA,6,8,14,4,0,4,4,10,14,2,2,0,0,0,85.7,1,1,0,69,0,1,50,12.3,NA,NA,4,0,0,2,NA,NA,NA,4,196,2,0,2,5,83.3,0.8,12,0,0,28.6,0,0,0,3,0,1,22,8,0,0,0,0,0,0,0,0,18,0,0,"CD_I1008139",FALSE,14,"Toby","Bedford","home","GWS GIANTS"
"CD_M20250140406","2025-04-06T03:10:00.000+0000","CONCLUDED","Premiership","Round 4",4,"ENGIE Stadium","GWS GIANTS","GWS GIANTS","West Coast Eagles","West Coast Eagles",32,"https://s.afl.com.au/staticfile/AFL Tenant/AFL/Players/ChampIDImages/AFL/2025014/1008436.png?im=Scale,width=0.6,height=0.6","RK","CD_I1008436",FALSE,32,"Kieren","Briggs","CD_T1010",NA,79,0,0,NA,5,10,15,4,0,3,6,9,15,2,0,1,42,2,66.7,4,1,2,96,1,1,0,13,NA,NA,1,1,0,0,NA,NA,NA,8,183,2,0,2,3,60,0.5,10,0,1,40,16,56,38.1,2,1,4,13,7,2,75,0,0,0,2,0,0,24,0,0,"CD_I1008436",FALSE,32,"Kieren","Briggs","home","GWS GIANTS"
"CD_M20250140406","2025-04-06T03:10:00.000+0000","CONCLUDED","Premiership","Round 4",4,"ENGIE Stadium","GWS GIANTS","GWS GIANTS","West Coast Eagles","West Coast Eagles",46,"https://s.afl.com.au/staticfile/AFL Tenant/AFL/Players/ChampIDImages/AFL/2025014/1014038.png?im=Scale,width=0.6,height=0.6","INT","CD_I1014038",FALSE,46,"Callum M.","Brown","CD_T1010",NA,81,0,0,NA,6,3,9,3,0,2,1,8,9,3,0,0,0,0,66.7,2,0,1,38,0,1,0,5.1,NA,NA,4,0,0,0,NA,NA,NA,2,237,0,0,0,5,83.3,2,6,3,0,11.1,0,0,0,1,0,0,6,2,0,0,0,0,0,1,0,0,0,0,0,"CD_I1014038",FALSE,46,"Callum M.","Brown","home","GWS GIANTS"
"CD_M20250140406","2025-04-06T03:10:00.000+0000","CONCLUDED","Premiership","Round 4",4,"ENGIE Stadium","GWS GIANTS","GWS GIANTS","West Coast Eagles","West Coast Eagles",44,"https://s.afl.com.au/staticfile/AFL Tenant/AFL/Players/ChampIDImages/AFL/2025014/1009708.png?im=Scale,width=0.6,height=0.6","CHB","CD_I1009708",FALSE,44,"Jack","Buckley","CD_T1010",NA,88,0,0,NA,5,3,8,5,0,1,5,5,10,0,0,0,0,7,75,3,1,2,35,1,0,0,7.7,NA,NA,1,4,0,0,NA,NA,NA,2,85,0,1,1,3,60,1.7,6,0,0,50,0,0,0,3,0,2,6,5,6,0,3,1,33.3,0,0,0,0,0,0,"CD_I1009708",FALSE,44,"Jack","Buckley","home","GWS GIANTS"
"CD_M20250140406","2025-04-06T03:10:00.000+0000","CONCLUDED","Premiership","Round 4",4,"ENGIE Stadium","GWS GIANTS","GWS GIANTS","West Coast Eagles","West Coast Eagles",5,"https://s.afl.com.au/staticfile/AFL Tenant/AFL/Players/ChampIDImages/AFL/2025014/1019038.png?im=Scale,width=0.6,height=0.6","FPR","CD_I1019038",FALSE,5,"Aaron","Cadman","CD_T1010",NA,66,1,3,NA,6,2,8,5,1,0,4,6,10,1,4,1,0,1,37.5,2,1,0,47,0,1,20,-0.9,NA,NA,3,0,0,5,NA,NA,NA,6,142,0,0,0,2,33.3,3,3,1,0,40,0,0,0,2,2,0,7,2,1,0,0,0,0,5,1,20,0,0,0,"CD_I1019038",FALSE,5,"Aaron","Cadman","home","GWS GIANTS"
"CD_M20250140406","2025-04-06T03:10:00.000+0000","CONCLUDED","Premiership","Round 4",4,"ENGIE Stadium","GWS GIANTS","GWS GIANTS","West Coast Eagles","West Coast Eagles",17,"https://s.afl.com.au/staticfile/AFL Tenant/AFL/Players/ChampIDImages/AFL/2025014/1023266.png?im=Scale,width=0.6,height=0.6","C","CD_I1023266",FALSE,17,"Finn","Callaghan","CD_T1010",NA,77,0,2,NA,14,11,25,2,0,4,6,19,25,10,0,0,0,1,68,6,0,3,79,1,1,0,7.7,NA,NA,6,1,1,2,NA,NA,NA,9,647,5,0,5,7,50,1.3,17,0,0,24,0,0,0,3,0,1,14,9,1,0,0,0,0,0,0,0,20,0,0,"CD_I1023266",FALSE,17,"Finn","Callaghan","home","GWS GIANTS"
"CD_M20250140406","2025-04-06T03:10:00.000+0000","CONCLUDED","Premiership","Round 4",4,"ENGIE Stadium","GWS GIANTS","GWS GIANTS","West Coast Eagles","West Coast Eagles",16,"https://s.afl.com.au/staticfile/AFL Tenant/AFL/Players/ChampIDImages/AFL/2025014/1002251.png?im=Scale,width=0.6,height=0.6","HFFR","CD_I1002251",FALSE,16,"Brent","Daniels","CD_T1010",NA,56,0,1,NA,8,6,14,3,0,1,3,10,13,2,3,0,0,1,64.3,0,0,0,50,0,2,0,7.3,NA,NA,2,0,1,1,NA,NA,NA,6,204,1,1,2,4,50,1.3,9,2,0,23.1,0,0,0,3,0,0,13,2,0,0,0,0,0,0,0,0,3,0,0,"CD_I1002251",FALSE,16,"Brent","Daniels","home","GWS GIANTS"
"CD_M20250140406","2025-04-06T03:10:00.000+0000","CONCLUDED","Premiership","Round 4",4,"ENGIE Stadium","GWS GIANTS","GWS GIANTS","West Coast Eagles","West Coast Eagles",12,"https://s.afl.com.au/staticfile/AFL Tenant/AFL/Players/ChampIDImages/AFL/2025014/1009528.png?im=Scale,width=0.6,height=0.6","R","CD_I1009528",FALSE,12,"Tom","Green","CD_T1010",NA,84,2,1,NA,15,22,37,5,0,1,12,24,36,3,0,0,0,0,78.4,4,0,0,121,3,1,66.7,22.8,NA,NA,2,0,0,3,NA,NA,NA,11,576,2,5,7,10,66.7,0.7,29,0,0,33.3,0,0,0,8,1,2,16,11,0,0,0,0,0,0,0,0,20,0,0,"CD_I1009528",FALSE,12,"Tom","Green","home","GWS GIANTS"
"CD_M20250140406","2025-04-06T03:10:00.000+0000","CONCLUDED","Premiership","Round 4",4,"ENGIE Stadium","GWS GIANTS","GWS GIANTS","West Coast Eagles","West Coast Eagles",4,"https://s.afl.com.au/staticfile/AFL Tenant/AFL/Players/ChampIDImages/AFL/2025014/295344.png?im=Scale,width=0.6,height=0.6","HFFL","CD_I295344",FALSE,4,"Toby","Greene","CD_T1010",NA,88,3,1,NA,16,8,24,7,0,5,7,16,23,10,3,0,0,0,87.5,2,2,1,123,0,1,75,22,NA,NA,2,3,2,4,NA,NA,NA,15,414,1,3,4,13,81.3,2,21,2,0,30.4,0,0,0,3,0,3,12,4,0,0,0,0,0,1,0,0,1,0,0,"CD_I295344",FALSE,4,"Toby","Greene","home","GWS GIANTS"
"CD_M20250140406","2025-04-06T03:10:00.000+0000","CONCLUDED","Premiership","Round 4",4,"ENGIE Stadium","GWS GIANTS","GWS GIANTS","West Coast Eagles","West Coast Eagles",27,"https://s.afl.com.au/staticfile/AFL Tenant/AFL/Players/ChampIDImages/AFL/2025014/993107.png?im=Scale,width=0.6,height=0.6","INT","CD_I993107",FALSE,27,"Harry","Himmelberg","CD_T1010",NA,85,0,0,NA,12,13,25,7,1,4,8,13,21,0,0,2,0,4,72,1,1,0,100,6,1,0,9,NA,NA,4,6,0,0,NA,NA,NA,9,347,0,1,1,10,83.3,0.9,18,0,3,38.1,0,0,0,4,1,3,9,7,4,0,2,0,0,0,0,0,0,4,4,"CD_I993107",FALSE,27,"Harry","Himmelberg","home","GWS GIANTS"
"CD_M20250140406","2025-04-06T03:10:00.000+0000","CONCLUDED","Premiership","Round 4",4,"ENGIE Stadium","GWS GIANTS","GWS GIANTS","West Coast Eagles","West Coast Eagles",23,"https://s.afl.com.au/staticfile/AFL Tenant/AFL/Players/ChampIDImages/AFL/2025014/296324.png?im=Scale,width=0.6,height=0.6","FF","CD_I296324",FALSE,23,"Jesse","Hogan","CD_T1010",NA,92,9,0,NA,10,2,12,10,0,1,7,5,12,0,10,5,0,0,91.7,2,1,2,117,0,1,90,24,NA,NA,2,0,1,10,NA,NA,NA,11,280,0,0,0,9,90,5,11,0,0,58.3,0,0,0,1,0,0,6,0,0,1,0,0,0,2,2,100,0,0,0,"CD_I296324",FALSE,23,"Jesse","Hogan","home","GWS GIANTS"
"CD_M20250140406","2025-04-06T03:10:00.000+0000","CONCLUDED","Premiership","Round 4",4,"ENGIE Stadium","GWS GIANTS","GWS GIANTS","West Coast Eagles","West Coast Eagles",39,"https://s.afl.com.au/staticfile/AFL Tenant/AFL/Players/ChampIDImages/AFL/2025014/1008083.png?im=Scale,width=0.6,height=0.6","BPL","CD_I1008083",FALSE,39,"Connor","Idun","CD_T1010",NA,87,0,0,NA,10,11,21,9,0,5,4,17,21,1,0,0,0,5,100,0,1,0,100,4,1,0,14.4,NA,NA,0,8,0,0,NA,NA,NA,7,196,0,0,0,10,100,0.9,21,0,3,19,0,0,0,2,0,4,8,3,4,0,1,0,0,0,0,0,0,0,0,"CD_I1008083",FALSE,39,"Connor","Idun","home","GWS GIANTS"
"CD_M20250140406","2025-04-06T03:10:00.000+0000","CONCLUDED","Premiership","Round 4",4,"ENGIE Stadium","GWS GIANTS","GWS GIANTS","West Coast Eagles","West Coast Eagles",2,"https://s.afl.com.au/staticfile/AFL Tenant/AFL/Players/ChampIDImages/AFL/2025014/1020650.png?im=Scale,width=0.6,height=0.6","FPL","CD_I1020650",FALSE,2,"Darcy","Jones","CD_T1010",NA,83,2,0,NA,16,8,24,6,0,7,6,17,23,6,2,0,0,1,75,1,1,0,123,4,1,66.7,23.7,NA,NA,2,1,2,3,NA,NA,NA,13,494,1,0,1,13,81.3,2,18,1,0,26.1,0,0,0,3,2,0,23,7,1,0,0,0,0,0,0,0,3,0,0,"CD_I1020650",FALSE,2,"Darcy","Jones","home","GWS GIANTS"
"CD_M20250140406","2025-04-06T03:10:00.000+0000","CONCLUDED","Premiership","Round 4",4,"ENGIE Stadium","GWS GIANTS","GWS GIANTS","West Coast Eagles","West Coast Eagles",22,"https://s.afl.com.au/staticfile/AFL Tenant/AFL/Players/ChampIDImages/AFL/2025014/296347.png?im=Scale,width=0.6,height=0.6","INT","CD_I296347",FALSE,22,"Josh","Kelly","CD_T1010",NA,86,0,0,NA,10,19,29,4,0,5,9,21,30,3,0,0,0,2,89.7,2,1,1,98,3,0,0,14.8,NA,NA,3,2,0,0,NA,NA,NA,6,292,2,3,5,9,90,0.5,26,0,0,30,0,0,0,5,0,0,16,11,2,0,1,0,0,0,0,0,13,0,0,"CD_I296347",FALSE,22,"Josh","Kelly","home","GWS GIANTS"
"CD_M20250140406","2025-04-06T03:10:00.000+0000","CONCLUDED","Premiership","Round 4",4,"ENGIE Stadium","GWS GIANTS","GWS GIANTS","West Coast Eagles","West Coast Eagles",33,"https://s.afl.com.au/staticfile/AFL Tenant/AFL/Players/ChampIDImages/AFL/2025014/1006135.png?im=Scale,width=0.6,height=0.6","SUB","CD_I1006135",FALSE,33,"Xavier","O'Halloran","CD_T1010",NA,31,0,0,NA,3,4,7,1,0,2,5,2,7,1,0,0,0,0,71.4,3,0,1,25,2,0,0,5.8,NA,NA,2,1,0,0,NA,NA,NA,3,111,1,1,2,2,66.7,0.8,5,1,0,71.4,0,0,0,4,0,1,6,3,0,0,0,0,0,0,0,0,4,0,0,"CD_I1006135",FALSE,33,"Xavier","O'Halloran","home","GWS GIANTS"
"CD_M20250140406","2025-04-06T03:10:00.000+0000","CONCLUDED","Premiership","Round 4",4,"ENGIE Stadium","GWS GIANTS","GWS GIANTS","West Coast Eagles","West Coast Eagles",26,"https://s.afl.com.au/staticfile/AFL Tenant/AFL/Players/ChampIDImages/AFL/2025014/1008123.png?im=Scale,width=0.6,height=0.6","INT","CD_I1008123",FALSE,26,"Jake","Riccardi","CD_T1010",NA,63,1,0,NA,11,5,16,8,0,1,6,12,18,7,1,2,5,0,68.8,4,1,3,74,0,1,100,11.1,NA,NA,3,0,0,1,NA,NA,NA,8,371,0,0,0,7,63.6,2.2,11,4,0,33.3,1,33.3,20,3,1,1,9,2,0,15,0,0,0,1,0,0,5,0,0,"CD_I1008123",FALSE,26,"Jake","Riccardi","home","GWS GIANTS"
"CD_M20250140406","2025-04-06T03:10:00.000+0000","CONCLUDED","Premiership","Round 4",4,"ENGIE Stadium","GWS GIANTS","GWS GIANTS","West Coast Eagles","West Coast Eagles",18,"https://s.afl.com.au/staticfile/AFL Tenant/AFL/Players/ChampIDImages/AFL/2025014/1015862.png?im=Scale,width=0.6,height=0.6","BPR","CD_I1015862",FALSE,18,"Conor","Stone","CD_T1010",NA,78,0,0,NA,2,11,13,1,0,0,4,10,14,0,0,0,0,1,76.9,4,0,1,28,4,0,0,8.3,NA,NA,3,6,0,0,NA,NA,NA,2,118,0,0,0,1,50,0.2,10,0,0,28.6,0,0,0,3,0,2,10,6,0,0,1,0,0,0,0,0,0,0,0,"CD_I1015862",FALSE,18,"Conor","Stone","home","GWS GIANTS"
"CD_M20250140406","2025-04-06T03:10:00.000+0000","CONCLUDED","Premiership","Round 4",4,"ENGIE Stadium","GWS GIANTS","GWS GIANTS","West Coast Eagles","West Coast Eagles",20,"https://s.afl.com.au/staticfile/AFL Tenant/AFL/Players/ChampIDImages/AFL/2025014/293884.png?im=Scale,width=0.6,height=0.6","CHF","CD_I293884",FALSE,20,"Jake","Stringer","CD_T1010",NA,84,0,2,NA,6,5,11,5,0,0,4,7,11,2,2,0,0,1,54.5,1,0,1,42,1,0,0,0.3,NA,NA,1,0,0,2,NA,NA,NA,7,226,0,2,2,3,50,1.2,6,1,0,36.4,0,0,0,4,2,0,9,2,0,0,0,0,0,0,0,0,3,0,0,"CD_I293884",FALSE,20,"Jake","Stringer","home","GWS GIANTS"
"CD_M20250140406","2025-04-06T03:10:00.000+0000","CONCLUDED","Premiership","Round 4",4,"ENGIE Stadium","GWS GIANTS","GWS GIANTS","West Coast Eagles","West Coast Eagles",15,"https://s.afl.com.au/staticfile/AFL Tenant/AFL/Players/ChampIDImages/AFL/2025014/1005247.png?im=Scale,width=0.6,height=0.6","FB","CD_I1005247",FALSE,15,"Sam","Taylor","CD_T1010",NA,94,0,0,NA,5,7,12,4,0,0,6,5,11,0,0,3,0,7,83.3,2,0,2,35,3,0,0,10.5,NA,NA,1,9,0,0,NA,NA,NA,2,55,0,0,0,4,80,0.7,10,0,3,54.5,0,0,0,3,0,1,5,5,6,0,5,1,20,0,0,0,0,0,0,"CD_I1005247",FALSE,15,"Sam","Taylor","home","GWS GIANTS"
"CD_M20250140406","2025-04-06T03:10:00.000+0000","CONCLUDED","Premiership","Round 4",4,"ENGIE Stadium","GWS GIANTS","GWS GIANTS","West Coast Eagles","West Coast Eagles",8,"https://s.afl.com.au/staticfile/AFL Tenant/AFL/Players/ChampIDImages/AFL/2025014/280109.png?im=Scale,width=0.6,height=0.6","WR","CD_I280109",FALSE,8,"Callan","Ward","CD_T1010",NA,74,1,0,NA,4,12,16,2,0,1,9,7,16,0,0,1,0,1,81.3,3,0,1,49,0,0,100,13.6,NA,NA,3,6,0,1,NA,NA,NA,5,121,1,2,3,3,75,0.3,13,0,2,56.3,0,0,0,8,0,3,4,1,1,0,1,0,0,0,0,0,2,0,0,"CD_I280109",FALSE,8,"Callan","Ward","home","GWS GIANTS"
"CD_M20250140406","2025-04-06T03:10:00.000+0000","CONCLUDED","Premiership","Round 4",4,"ENGIE Stadium","GWS GIANTS","GWS GIANTS","West Coast Eagles","West Coast Eagles",10,"https://s.afl.com.au/staticfile/AFL Tenant/AFL/Players/ChampIDImages/AFL/2025014/1004530.png?im=Scale,width=0.6,height=0.6","WL","CD_I1004530",FALSE,10,"Jacob","Wehr","CD_T1010",NA,82,0,0,NA,8,9,17,3,0,1,2,15,17,1,0,0,0,1,70.6,2,0,1,52,3,0,0,3.6,NA,NA,3,2,0,1,NA,NA,NA,3,324,0,1,1,5,62.5,0.9,12,0,1,11.8,0,0,0,2,0,0,13,6,1,0,0,0,0,0,0,0,0,0,0,"CD_I1004530",FALSE,10,"Jacob","Wehr","home","GWS GIANTS"
"CD_M20250140406","2025-04-06T03:10:00.000+0000","CONCLUDED","Premiership","Round 4",4,"ENGIE Stadium","GWS GIANTS","GWS GIANTS","West Coast Eagles","West Coast Eagles",6,"https://s.afl.com.au/staticfile/AFL Tenant/AFL/Players/ChampIDImages/AFL/2025014/294305.png?im=Scale,width=0.6,height=0.6","HBFL","CD_I294305",FALSE,6,"Lachie","Whitfield","CD_T1010",NA,80,0,0,NA,25,10,35,10,0,4,7,25,32,4,0,0,0,2,80,3,1,1,139,8,1,0,16.3,NA,NA,6,5,0,0,NA,NA,NA,9,684,0,3,3,18,72,2.5,28,1,1,21.9,0,0,0,7,0,1,12,4,0,0,0,0,0,0,0,0,0,4,2,"CD_I294305",FALSE,6,"Lachie","Whitfield","home","GWS GIANTS"
"CD_M20250140406","2025-04-06T03:10:00.000+0000","CONCLUDED","Premiership","Round 4",4,"ENGIE Stadium","GWS GIANTS","GWS GIANTS","West Coast Eagles","West Coast Eagles",12,"https://s.afl.com.au/staticfile/AFL Tenant/AFL/Players/ChampIDImages/AFL/2025014/1004385.png?im=Scale,width=0.6,height=0.6","FF","CD_I1004385",FALSE,12,"Oscar","Allen","CD_T150",NA,93,0,1,NA,6,2,8,4,0,4,3,6,9,2,1,0,0,2,50,2,1,0,52,0,1,0,2.8,NA,NA,2,1,2,2,NA,NA,NA,3,172,0,1,1,2,33.3,3,4,1,0,33.3,0,0,0,2,1,1,12,1,2,0,0,0,0,2,0,0,0,0,0,"CD_I1004385",FALSE,12,"Oscar","Allen","away","West Coast Eagles"
"CD_M20250140406","2025-04-06T03:10:00.000+0000","CONCLUDED","Premiership","Round 4",4,"ENGIE Stadium","GWS GIANTS","GWS GIANTS","West Coast Eagles","West Coast Eagles",3,"https://s.afl.com.au/staticfile/AFL Tenant/AFL/Players/ChampIDImages/AFL/2025014/1000223.png?im=Scale,width=0.6,height=0.6","HBFL","CD_I1000223",FALSE,3,"Liam","Baker","CD_T150",NA,81,0,1,NA,14,10,24,3,0,4,13,12,25,10,0,0,0,2,50,5,1,1,86,0,1,0,14.2,NA,NA,8,5,1,1,NA,NA,NA,5,566,0,5,5,5,35.7,1.4,12,0,0,52,0,0,0,11,1,1,29,14,1,0,0,0,0,0,0,0,15,0,0,"CD_I1000223",FALSE,3,"Liam","Baker","away","West Coast Eagles"
"CD_M20250140406","2025-04-06T03:10:00.000+0000","CONCLUDED","Premiership","Round 4",4,"ENGIE Stadium","GWS GIANTS","GWS GIANTS","West Coast Eagles","West Coast Eagles",41,"https://s.afl.com.au/staticfile/AFL Tenant/AFL/Players/ChampIDImages/AFL/2025014/1013315.png?im=Scale,width=0.6,height=0.6","FB","CD_I1013315",FALSE,41,"Sandy","Brock","CD_T150",NA,92,0,0,NA,11,1,12,5,0,1,7,5,12,0,0,1,0,4,83.3,1,3,0,57,7,0,0,13.8,NA,NA,3,9,0,0,NA,NA,NA,1,364,0,0,0,9,81.8,11,10,0,2,58.3,0,0,0,3,0,1,5,5,4,0,2,1,50,0,0,0,0,0,0,"CD_I1013315",FALSE,41,"Sandy","Brock","away","West Coast Eagles"
"CD_M20250140406","2025-04-06T03:10:00.000+0000","CONCLUDED","Premiership","Round 4",4,"ENGIE Stadium","GWS GIANTS","GWS GIANTS","West Coast Eagles","West Coast Eagles",10,"https://s.afl.com.au/staticfile/AFL Tenant/AFL/Players/ChampIDImages/AFL/2025014/1013511.png?im=Scale,width=0.6,height=0.6","HFFL","CD_I1013511",FALSE,10,"Tyler","Brockman","CD_T150",NA,82,0,1,NA,3,4,7,0,0,2,6,1,7,0,0,0,0,1,71.4,0,1,0,27,0,0,0,6,NA,NA,0,1,0,1,NA,NA,NA,1,4,0,2,2,1,33.3,0.8,5,0,0,85.7,0,0,0,5,2,0,9,2,1,0,0,0,0,3,1,33.3,0,0,0,"CD_I1013511",FALSE,10,"Tyler","Brockman","away","West Coast Eagles"
"CD_M20250140406","2025-04-06T03:10:00.000+0000","CONCLUDED","Premiership","Round 4",4,"ENGIE Stadium","GWS GIANTS","GWS GIANTS","West Coast Eagles","West Coast Eagles",28,"https://s.afl.com.au/staticfile/AFL Tenant/AFL/Players/ChampIDImages/AFL/2025014/993820.png?im=Scale,width=0.6,height=0.6","INT","CD_I993820",FALSE,28,"Tom","Cole","CD_T150",NA,81,0,0,NA,5,6,11,4,0,0,4,7,11,1,0,0,0,1,72.7,3,0,1,36,0,1,0,1.6,NA,NA,2,3,0,0,NA,NA,NA,2,59,0,0,0,3,60,0.8,8,0,0,36.4,0,0,0,4,0,2,8,6,1,0,0,0,0,0,0,0,0,0,0,"CD_I993820",FALSE,28,"Tom","Cole","away","West Coast Eagles"
"CD_M20250140406","2025-04-06T03:10:00.000+0000","CONCLUDED","Premiership","Round 4",4,"ENGIE Stadium","GWS GIANTS","GWS GIANTS","West Coast Eagles","West Coast Eagles",15,"https://s.afl.com.au/staticfile/AFL Tenant/AFL/Players/ChampIDImages/AFL/2025014/290826.png?im=Scale,width=0.6,height=0.6","FPL","CD_I290826",FALSE,15,"Jamie","Cripps","CD_T150",NA,83,2,0,NA,6,1,7,1,0,4,4,3,7,2,0,0,0,0,71.4,1,3,0,54,0,0,66.7,11.4,NA,NA,0,2,1,3,NA,NA,NA,5,235,0,0,0,5,83.3,6,5,1,0,57.1,0,0,0,1,0,2,16,3,0,0,0,0,0,2,0,0,0,0,0,"CD_I290826",FALSE,15,"Jamie","Cripps","away","West Coast Eagles"
"CD_M20250140406","2025-04-06T03:10:00.000+0000","CONCLUDED","Premiership","Round 4",4,"ENGIE Stadium","GWS GIANTS","GWS GIANTS","West Coast Eagles","West Coast Eagles",38,"https://s.afl.com.au/staticfile/AFL Tenant/AFL/Players/ChampIDImages/AFL/2025014/1032624.png?im=Scale,width=0.6,height=0.6","SUB","CD_I1032624",FALSE,38,"Hamish","Davis","CD_T150",NA,33,0,0,NA,3,2,5,2,0,0,2,3,5,1,0,0,0,0,100,0,0,0,19,0,0,0,4.7,NA,NA,1,2,0,0,NA,NA,NA,2,108,0,0,0,3,100,1.5,5,0,0,40,0,0,0,2,0,0,6,3,0,0,0,0,0,0,0,0,0,0,0,"CD_I1032624",FALSE,38,"Hamish","Davis","away","West Coast Eagles"
"CD_M20250140406","2025-04-06T03:10:00.000+0000","CONCLUDED","Premiership","Round 4",4,"ENGIE Stadium","GWS GIANTS","GWS GIANTS","West Coast Eagles","West Coast Eagles",43,"https://s.afl.com.au/staticfile/AFL Tenant/AFL/Players/ChampIDImages/AFL/2025014/1023142.png?im=Scale,width=0.6,height=0.6","HBFR","CD_I1023142",FALSE,43,"Tyrell","Dewar","CD_T150",NA,82,1,2,NA,11,3,14,2,0,0,3,12,15,3,0,0,0,1,50,2,0,0,53,1,0,33.3,10.7,NA,NA,3,2,0,3,NA,NA,NA,4,433,0,1,1,5,45.5,3.7,7,0,1,20,0,0,0,2,0,0,10,5,0,0,0,0,0,0,0,0,0,0,0,"CD_I1023142",FALSE,43,"Tyrell","Dewar","away","West Coast Eagles"
"CD_M20250140406","2025-04-06T03:10:00.000+0000","CONCLUDED","Premiership","Round 4",4,"ENGIE Stadium","GWS GIANTS","GWS GIANTS","West Coast Eagles","West Coast Eagles",14,"https://s.afl.com.au/staticfile/AFL Tenant/AFL/Players/ChampIDImages/AFL/2025014/298268.png?im=Scale,width=0.6,height=0.6","WL","CD_I298268",FALSE,14,"Liam","Duggan","CD_T150",NA,77,0,0,NA,18,3,21,5,0,1,6,13,19,2,0,0,0,3,57.1,3,0,1,76,7,0,0,7.1,NA,NA,4,5,0,0,NA,NA,NA,2,489,1,2,3,9,50,6,12,0,2,31.6,0,0,0,6,0,0,12,9,3,0,0,0,0,0,0,0,0,2,2,"CD_I298268",FALSE,14,"Liam","Duggan","away","West Coast Eagles"
"CD_M20250140406","2025-04-06T03:10:00.000+0000","CONCLUDED","Premiership","Round 4",4,"ENGIE Stadium","GWS GIANTS","GWS GIANTS","West Coast Eagles","West Coast Eagles",7,"https://s.afl.com.au/staticfile/AFL Tenant/AFL/Players/ChampIDImages/AFL/2025014/1023025.png?im=Scale,width=0.6,height=0.6","BPR","CD_I1023025",FALSE,7,"Reuben","Ginbey","CD_T150",NA,90,0,0,NA,14,3,17,5,1,1,5,9,14,2,0,1,0,10,70.6,5,1,2,62,7,0,0,12.1,NA,NA,5,8,0,0,NA,NA,NA,1,514,0,0,0,9,64.3,4.7,12,0,1,35.7,0,0,0,3,0,0,4,2,10,0,6,2,33.3,0,0,0,0,0,0,"CD_I1023025",FALSE,7,"Reuben","Ginbey","away","West Coast Eagles"
"CD_M20250140406","2025-04-06T03:10:00.000+0000","CONCLUDED","Premiership","Round 4",4,"ENGIE Stadium","GWS GIANTS","GWS GIANTS","West Coast Eagles","West Coast Eagles",17,"https://s.afl.com.au/staticfile/AFL Tenant/AFL/Players/ChampIDImages/AFL/2025014/990827.png?im=Scale,width=0.6,height=0.6","C","CD_I990827",FALSE,17,"Jack","Graham","CD_T150",NA,89,0,0,NA,7,12,19,1,0,5,5,15,20,6,0,0,0,1,78.9,2,2,2,64,0,0,0,9.8,NA,NA,5,2,0,0,NA,NA,NA,3,239,1,0,1,5,71.4,0.6,15,0,0,25,0,0,0,4,1,1,33,12,0,0,0,0,0,0,0,0,7,0,0,"CD_I990827",FALSE,17,"Jack","Graham","away","West Coast Eagles"
"CD_M20250140406","2025-04-06T03:10:00.000+0000","CONCLUDED","Premiership","Round 4",4,"ENGIE Stadium","GWS GIANTS","GWS GIANTS","West Coast Eagles","West Coast Eagles",27,"https://s.afl.com.au/staticfile/AFL Tenant/AFL/Players/ChampIDImages/AFL/2025014/1028561.png?im=Scale,width=0.6,height=0.6","INT","CD_I1028561",FALSE,27,"Tom","Gross","CD_T150",NA,71,1,1,NA,9,8,17,4,1,1,7,11,18,6,0,0,0,0,58.8,5,2,2,62,0,1,50,2.2,NA,NA,4,0,0,2,NA,NA,NA,7,281,1,4,5,5,55.6,1.1,10,0,0,38.9,0,0,0,4,2,2,18,4,0,0,0,0,0,0,0,0,19,0,0,"CD_I1028561",FALSE,27,"Tom","Gross","away","West Coast Eagles"
"CD_M20250140406","2025-04-06T03:10:00.000+0000","CONCLUDED","Premiership","Round 4",4,"ENGIE Stadium","GWS GIANTS","GWS GIANTS","West Coast Eagles","West Coast Eagles",29,"https://s.afl.com.au/staticfile/AFL Tenant/AFL/Players/ChampIDImages/AFL/2025014/1024188.png?im=Scale,width=0.6,height=0.6","FPR","CD_I1024188",FALSE,29,"Clay","Hall","CD_T150",NA,72,0,1,NA,3,15,18,1,1,1,11,6,17,0,0,0,0,1,77.8,0,1,0,48,0,0,0,10.9,NA,NA,1,3,0,1,NA,NA,NA,5,91,1,3,4,2,66.7,0.2,14,0,0,64.7,0,0,0,10,1,1,20,13,0,0,0,0,0,0,0,0,22,0,0,"CD_I1024188",FALSE,29,"Clay","Hall","away","West Coast Eagles"
"CD_M20250140406","2025-04-06T03:10:00.000+0000","CONCLUDED","Premiership","Round 4",4,"ENGIE Stadium","GWS GIANTS","GWS GIANTS","West Coast Eagles","West Coast Eagles",19,"https://s.afl.com.au/staticfile/AFL Tenant/AFL/Players/ChampIDImages/AFL/2025014/1023167.png?im=Scale,width=0.6,height=0.6","BPL","CD_I1023167",FALSE,19,"Brady","Hough","CD_T150",NA,89,0,0,NA,6,3,9,3,0,1,2,5,7,0,0,0,0,3,88.9,1,0,0,37,4,0,0,5.8,NA,NA,1,4,0,0,NA,NA,NA,2,185,0,0,0,5,83.3,2,8,1,1,28.6,0,0,0,2,0,1,12,6,3,0,1,0,0,0,0,0,0,0,0,"CD_I1023167",FALSE,19,"Brady","Hough","away","West Coast Eagles"
"CD_M20250140406","2025-04-06T03:10:00.000+0000","CONCLUDED","Premiership","Round 4",4,"ENGIE Stadium","GWS GIANTS","GWS GIANTS","West Coast Eagles","West Coast Eagles",5,"https://s.afl.com.au/staticfile/AFL Tenant/AFL/Players/ChampIDImages/AFL/2025014/994385.png?im=Scale,width=0.6,height=0.6","WR","CD_I994385",FALSE,5,"Jayden","Hunt","CD_T150",NA,80,0,0,NA,5,7,12,2,0,3,6,8,14,1,0,0,0,2,66.7,3,1,1,45,1,0,0,6,NA,NA,1,2,0,1,NA,NA,NA,0,189,0,1,1,2,40,0.7,8,1,0,42.9,0,0,0,3,0,0,14,4,0,0,0,0,0,0,0,0,0,0,0,"CD_I994385",FALSE,5,"Jayden","Hunt","away","West Coast Eagles"
"CD_M20250140406","2025-04-06T03:10:00.000+0000","CONCLUDED","Premiership","Round 4",4,"ENGIE Stadium","GWS GIANTS","GWS GIANTS","West Coast Eagles","West Coast Eagles",11,"https://s.afl.com.au/staticfile/AFL Tenant/AFL/Players/ChampIDImages/AFL/2025014/295898.png?im=Scale,width=0.6,height=0.6","R","CD_I295898",FALSE,11,"Tim","Kelly","CD_T150",NA,85,0,0,NA,3,11,14,1,0,1,10,4,14,2,0,0,0,0,85.7,1,0,0,38,0,0,0,12.1,NA,NA,2,2,0,0,NA,NA,NA,2,91,3,1,4,2,66.7,0.3,12,0,0,71.4,0,0,0,9,1,0,14,2,0,0,0,0,0,0,0,0,21,0,0,"CD_I295898",FALSE,11,"Tim","Kelly","away","West Coast Eagles"
"CD_M20250140406","2025-04-06T03:10:00.000+0000","CONCLUDED","Premiership","Round 4",4,"ENGIE Stadium","GWS GIANTS","GWS GIANTS","West Coast Eagles","West Coast Eagles",13,"https://s.afl.com.au/staticfile/AFL Tenant/AFL/Players/ChampIDImages/AFL/2025014/1023496.png?im=Scale,width=0.6,height=0.6","INT","CD_I1023496",FALSE,13,"Noah","Long","CD_T150",NA,44,0,0,NA,2,2,4,1,0,0,0,4,4,0,0,0,0,0,50,1,0,0,13,0,0,0,0.1,NA,NA,1,0,0,0,NA,NA,NA,1,36,0,0,0,1,50,1,2,0,0,0,0,0,0,0,0,0,5,1,0,0,0,0,0,0,0,0,0,0,0,"CD_I1023496",FALSE,13,"Noah","Long","away","West Coast Eagles"
"CD_M20250140406","2025-04-06T03:10:00.000+0000","CONCLUDED","Premiership","Round 4",4,"ENGIE Stadium","GWS GIANTS","GWS GIANTS","West Coast Eagles","West Coast Eagles",23,"https://s.afl.com.au/staticfile/AFL Tenant/AFL/Players/ChampIDImages/AFL/2025014/1029416.png?im=Scale,width=0.6,height=0.6","CHB","CD_I1029416",FALSE,23,"Ryan","Maric","CD_T150",NA,85,0,0,NA,15,7,22,3,2,1,4,9,13,2,0,0,0,5,77.3,3,1,0,73,10,0,0,9.3,NA,NA,6,2,0,0,NA,NA,NA,1,558,0,1,1,12,80,2.1,17,0,0,30.8,0,0,0,4,0,0,7,5,3,0,1,0,0,0,0,0,0,8,8,"CD_I1029416",FALSE,23,"Ryan","Maric","away","West Coast Eagles"
"CD_M20250140406","2025-04-06T03:10:00.000+0000","CONCLUDED","Premiership","Round 4",4,"ENGIE Stadium","GWS GIANTS","GWS GIANTS","West Coast Eagles","West Coast Eagles",16,"https://s.afl.com.au/staticfile/AFL Tenant/AFL/Players/ChampIDImages/AFL/2025014/1013973.png?im=Scale,width=0.6,height=0.6","HFFR","CD_I1013973",FALSE,16,"Matthew","Owies","CD_T150",NA,82,0,0,NA,5,1,6,3,0,3,3,3,6,2,1,1,0,1,50,2,1,0,39,0,1,0,2.6,NA,NA,1,1,1,1,NA,NA,NA,2,145,0,0,0,3,60,5,3,0,0,50,0,0,0,1,1,1,26,3,1,0,0,0,0,1,0,0,0,0,0,"CD_I1013973",FALSE,16,"Matthew","Owies","away","West Coast Eagles"
"CD_M20250140406","2025-04-06T03:10:00.000+0000","CONCLUDED","Premiership","Round 4",4,"ENGIE Stadium","GWS GIANTS","GWS GIANTS","West Coast Eagles","West Coast Eagles",22,"https://s.afl.com.au/staticfile/AFL Tenant/AFL/Players/ChampIDImages/AFL/2025014/1027693.png?im=Scale,width=0.6,height=0.6","CHF","CD_I1027693",FALSE,22,"Archer","Reid","CD_T150",NA,70,1,1,NA,5,5,10,4,0,0,6,4,10,1,2,2,1,1,60,1,1,0,46,0,0,50,6.1,NA,NA,1,0,0,2,NA,NA,NA,4,121,0,0,0,2,40,1,6,1,0,60,0,50,0,3,2,0,6,3,1,2,0,0,0,3,2,66.7,0,0,0,"CD_I1027693",FALSE,22,"Archer","Reid","away","West Coast Eagles"
"CD_M20250140406","2025-04-06T03:10:00.000+0000","CONCLUDED","Premiership","Round 4",4,"ENGIE Stadium","GWS GIANTS","GWS GIANTS","West Coast Eagles","West Coast Eagles",9,"https://s.afl.com.au/staticfile/AFL Tenant/AFL/Players/ChampIDImages/AFL/2025014/1023492.png?im=Scale,width=0.6,height=0.6","RR","CD_I1023492",FALSE,9,"Harley","Reid","CD_T150",NA,85,0,0,NA,11,14,25,1,4,0,5,18,23,6,0,0,0,0,84,3,0,0,64,3,0,0,12,NA,NA,4,2,0,0,NA,NA,NA,4,564,1,0,1,9,81.8,0.8,21,0,0,21.7,0,0,0,5,0,2,15,11,0,0,0,0,0,1,0,0,3,2,2,"CD_I1023492",FALSE,9,"Harley","Reid","away","West Coast Eagles"
"CD_M20250140406","2025-04-06T03:10:00.000+0000","CONCLUDED","Premiership","Round 4",4,"ENGIE Stadium","GWS GIANTS","GWS GIANTS","West Coast Eagles","West Coast Eagles",32,"https://s.afl.com.au/staticfile/AFL Tenant/AFL/Players/ChampIDImages/AFL/2025014/1006114.png?im=Scale,width=0.6,height=0.6","RK","CD_I1006114",FALSE,32,"Bailey J.","Williams","CD_T150",NA,77,0,0,NA,5,6,11,1,0,4,8,4,12,3,0,1,22,1,63.6,3,4,1,69,0,0,0,5.5,NA,NA,2,2,0,1,NA,NA,NA,2,134,2,1,3,1,20,0.8,7,0,1,66.7,1,32.4,4.5,3,1,1,22,11,1,68,2,0,0,1,0,0,25,0,0,"CD_I1006114",FALSE,32,"Bailey J.","Williams","away","West Coast Eagles"
"CD_M20250140406","2025-04-06T03:10:00.000+0000","CONCLUDED","Premiership","Round 4",4,"ENGIE Stadium","GWS GIANTS","GWS GIANTS","West Coast Eagles","West Coast Eagles",34,"https://s.afl.com.au/staticfile/AFL Tenant/AFL/Players/ChampIDImages/AFL/2025014/1020371.png?im=Scale,width=0.6,height=0.6","INT","CD_I1020371",FALSE,34,"Jack","Williams","CD_T150",NA,77,2,0,NA,9,2,11,4,0,2,6,5,11,3,1,1,8,1,54.5,3,1,2,66,1,0,100,11.8,NA,NA,6,1,1,2,NA,NA,NA,3,261,0,2,2,4,44.4,4.5,6,2,0,54.5,2,38.1,25,4,2,0,5,2,1,21,0,0,0,2,0,0,4,0,0,"CD_I1020371",FALSE,34,"Jack","Williams","away","West Coast Eagles"
"CD_M20250140407","2025-04-06T05:20:00.000+0000","CONCLUDED","Premiership","Round 4",4,"Adelaide Oval","Port Adelaide","Port Adelaide","St Kilda","St Kilda",21,"https://s.afl.com.au/staticfile/AFL Tenant/AFL/Players/ChampIDImages/AFL/2025014/294469.png?im=Scale,width=0.6,height=0.6","FB","CD_I294469",FALSE,21,"Aliir","Aliir","CD_T110",NA,100,0,0,NA,12,6,18,9,0,2,8,9,17,4,0,5,0,1,88.9,6,0,5,68,3,0,0,12.4,NA,NA,5,12,0,0,NA,NA,NA,2,398,0,0,0,10,83.3,2,16,0,8,47.1,0,0,0,3,0,1,7,6,1,0,4,3,75,0,0,0,0,0,0,"CD_I294469",FALSE,21,"Aliir","Aliir","home","Port Adelaide"
"CD_M20250140407","2025-04-06T05:20:00.000+0000","CONCLUDED","Premiership","Round 4",4,"Adelaide Oval","Port Adelaide","Port Adelaide","St Kilda","St Kilda",14,"https://s.afl.com.au/staticfile/AFL Tenant/AFL/Players/ChampIDImages/AFL/2025014/1009191.png?im=Scale,width=0.6,height=0.6","HBFL","CD_I1009191",FALSE,14,"Miles","Bergman","CD_T110",NA,84,0,0,NA,17,9,26,9,0,4,7,18,25,5,0,1,0,3,80.8,3,1,0,113,3,0,0,14.3,NA,NA,5,12,0,0,NA,NA,NA,4,677,0,0,0,12,70.6,1.9,21,0,3,28,0,0,0,4,0,4,14,9,2,0,3,0,0,0,0,0,0,0,0,"CD_I1009191",FALSE,14,"Miles","Bergman","home","Port Adelaide"
"CD_M20250140407","2025-04-06T05:20:00.000+0000","CONCLUDED","Premiership","Round 4",4,"Adelaide Oval","Port Adelaide","Port Adelaide","St Kilda","St Kilda",5,"https://s.afl.com.au/staticfile/AFL Tenant/AFL/Players/ChampIDImages/AFL/2025014/1028529.png?im=Scale,width=0.6,height=0.6","SUB","CD_I1028529",FALSE,5,"Joe","Berry","CD_T110",NA,38,0,0,NA,4,2,6,2,0,2,4,2,6,2,0,0,0,0,66.7,2,1,1,28,0,1,0,1.2,NA,NA,3,1,1,0,NA,NA,NA,1,82,0,0,0,3,75,2,4,1,0,66.7,0,0,0,3,1,0,4,0,0,0,0,0,0,2,1,50,0,0,0,"CD_I1028529",FALSE,5,"Joe","Berry","home","Port Adelaide"
"CD_M20250140407","2025-04-06T05:20:00.000+0000","CONCLUDED","Premiership","Round 4",4,"Adelaide Oval","Port Adelaide","Port Adelaide","St Kilda","St Kilda",7,"https://s.afl.com.au/staticfile/AFL Tenant/AFL/Players/ChampIDImages/AFL/2025014/1013462.png?im=Scale,width=0.6,height=0.6","WL","CD_I1013462",FALSE,7,"Jase","Burgoyne","CD_T110",NA,91,0,1,NA,9,4,13,4,0,3,1,11,12,3,0,0,0,3,76.9,4,1,0,61,1,0,0,-0.3,NA,NA,0,0,1,1,NA,NA,NA,1,202,0,0,0,6,66.7,2.3,10,1,0,8.3,0,0,0,0,0,0,15,7,3,0,1,0,0,0,0,0,0,1,1,"CD_I1013462",FALSE,7,"Jase","Burgoyne","home","Port Adelaide"
"CD_M20250140407","2025-04-06T05:20:00.000+0000","CONCLUDED","Premiership","Round 4",4,"Adelaide Oval","Port Adelaide","Port Adelaide","St Kilda","St Kilda",9,"https://s.afl.com.au/staticfile/AFL Tenant/AFL/Players/ChampIDImages/AFL/2025014/1006121.png?im=Scale,width=0.6,height=0.6","R","CD_I1006121",FALSE,9,"Zak","Butters","CD_T110",NA,74,0,0,NA,11,19,30,3,2,5,14,18,32,8,0,0,0,1,73.3,5,0,2,94,2,0,0,8.2,NA,NA,7,3,0,0,NA,NA,NA,4,318,5,4,9,5,45.5,0.6,22,0,0,43.8,0,0,0,7,0,1,17,7,0,0,0,0,0,0,0,0,19,0,0,"CD_I1006121",FALSE,9,"Zak","Butters","home","Port Adelaide"
"CD_M20250140407","2025-04-06T05:20:00.000+0000","CONCLUDED","Premiership","Round 4",4,"Adelaide Oval","Port Adelaide","Port Adelaide","St Kilda","St Kilda",33,"https://s.afl.com.au/staticfile/AFL Tenant/AFL/Players/ChampIDImages/AFL/2025014/991930.png?im=Scale,width=0.6,height=0.6","HFFL","CD_I991930",FALSE,33,"Darcy","Byrne-Jones","CD_T110",NA,77,0,0,NA,1,6,7,0,0,2,5,2,7,0,0,0,0,0,71.4,1,1,0,24,0,0,0,3.8,NA,NA,1,2,2,1,NA,NA,NA,1,33,0,1,1,0,0,0.2,5,0,0,71.4,0,0,0,4,3,1,10,2,0,0,0,0,0,0,0,0,0,0,0,"CD_I991930",FALSE,33,"Darcy","Byrne-Jones","home","Port Adelaide"
"CD_M20250140407","2025-04-06T05:20:00.000+0000","CONCLUDED","Premiership","Round 4",4,"Adelaide Oval","Port Adelaide","Port Adelaide","St Kilda","St Kilda",28,"https://s.afl.com.au/staticfile/AFL Tenant/AFL/Players/ChampIDImages/AFL/2025014/1000972.png?im=Scale,width=0.6,height=0.6","WR","CD_I1000972",FALSE,28,"Willem","Drew","CD_T110",NA,77,0,0,NA,12,6,18,2,0,3,3,13,16,6,0,0,0,1,66.7,6,2,2,62,0,0,0,5.5,NA,NA,8,3,0,0,NA,NA,NA,2,316,0,2,2,6,50,2,12,0,1,18.8,0,0,0,1,0,0,12,7,0,0,0,0,0,0,0,0,3,0,0,"CD_I1000972",FALSE,28,"Willem","Drew","home","Port Adelaide"
"CD_M20250140407","2025-04-06T05:20:00.000+0000","CONCLUDED","Premiership","Round 4",4,"Adelaide Oval","Port Adelaide","Port Adelaide","St Kilda","St Kilda",22,"https://s.afl.com.au/staticfile/AFL Tenant/AFL/Players/ChampIDImages/AFL/2025014/1019938.png?im=Scale,width=0.6,height=0.6","INT","CD_I1019938",FALSE,22,"Logan","Evans","CD_T110",NA,48,0,0,NA,5,1,6,2,0,0,0,5,5,0,0,0,0,4,66.7,2,0,0,23,0,0,0,-0.1,NA,NA,1,2,0,0,NA,NA,NA,1,123,0,0,0,3,60,5,4,0,2,0,0,0,0,0,0,0,2,2,4,0,0,0,0,0,0,0,0,1,1,"CD_I1019938",FALSE,22,"Logan","Evans","home","Port Adelaide"
"CD_M20250140407","2025-04-06T05:20:00.000+0000","CONCLUDED","Premiership","Round 4",4,"Adelaide Oval","Port Adelaide","Port Adelaide","St Kilda","St Kilda",6,"https://s.afl.com.au/staticfile/AFL Tenant/AFL/Players/ChampIDImages/AFL/2025014/1002253.png?im=Scale,width=0.6,height=0.6","HBFR","CD_I1002253",FALSE,6,"Kane","Farrell","CD_T110",NA,83,0,1,NA,13,2,15,3,0,3,1,9,10,1,0,0,0,0,80,2,0,1,62,7,0,0,2.5,NA,NA,3,1,0,1,NA,NA,NA,4,455,0,0,0,10,76.9,6.5,12,0,0,10,0,0,0,1,0,0,10,7,0,0,1,1,100,0,0,0,0,6,5,"CD_I1002253",FALSE,6,"Kane","Farrell","home","Port Adelaide"
"CD_M20250140407","2025-04-06T05:20:00.000+0000","CONCLUDED","Premiership","Round 4",4,"Adelaide Oval","Port Adelaide","Port Adelaide","St Kilda","St Kilda",19,"https://s.afl.com.au/staticfile/AFL Tenant/AFL/Players/ChampIDImages/AFL/2025014/1010174.png?im=Scale,width=0.6,height=0.6","FF","CD_I1010174",FALSE,19,"Mitch","Georgiades","CD_T110",NA,88,3,2,NA,11,3,14,8,0,3,6,7,13,2,6,4,0,1,50,2,1,0,96,0,1,42.9,12.9,NA,NA,4,2,2,7,NA,NA,NA,7,266,0,0,0,5,45.5,3.7,7,4,0,46.2,0,0,0,1,1,1,8,0,1,0,0,0,0,2,0,0,0,0,0,"CD_I1010174",FALSE,19,"Mitch","Georgiades","home","Port Adelaide"
"CD_M20250140407","2025-04-06T05:20:00.000+0000","CONCLUDED","Premiership","Round 4",4,"Adelaide Oval","Port Adelaide","Port Adelaide","St Kilda","St Kilda",18,"https://s.afl.com.au/staticfile/AFL Tenant/AFL/Players/ChampIDImages/AFL/2025014/1011640.png?im=Scale,width=0.6,height=0.6","RR","CD_I1011640",FALSE,18,"Jason","Horne-Francis","CD_T110",NA,86,3,0,NA,13,15,28,6,1,6,12,15,27,5,4,2,0,1,82.1,5,2,2,125,0,0,75,22.6,NA,NA,4,3,2,4,NA,NA,NA,6,376,2,4,6,9,69.2,0.9,23,3,0,44.4,0,0,0,8,1,3,14,5,1,0,0,0,0,1,0,0,19,0,0,"CD_I1011640",FALSE,18,"Jason","Horne-Francis","home","Port Adelaide"
"CD_M20250140407","2025-04-06T05:20:00.000+0000","CONCLUDED","Premiership","Round 4",4,"Adelaide Oval","Port Adelaide","Port Adelaide","St Kilda","St Kilda",34,"https://s.afl.com.au/staticfile/AFL Tenant/AFL/Players/ChampIDImages/AFL/2025014/1011583.png?im=Scale,width=0.6,height=0.6","BPR","CD_I1011583",FALSE,34,"Lachie","Jones","CD_T110",NA,77,0,0,NA,7,6,13,3,0,2,9,6,15,0,0,1,0,5,84.6,3,1,1,48,2,0,0,13.9,NA,NA,2,10,0,0,NA,NA,NA,3,106,0,0,0,5,71.4,1.2,11,0,3,60,0,0,0,7,0,2,6,5,5,0,2,0,0,0,0,0,0,0,0,"CD_I1011583",FALSE,34,"Lachie","Jones","home","Port Adelaide"
"CD_M20250140407","2025-04-06T05:20:00.000+0000","CONCLUDED","Premiership","Round 4",4,"Adelaide Oval","Port Adelaide","Port Adelaide","St Kilda","St Kilda",30,"https://s.afl.com.au/staticfile/AFL Tenant/AFL/Players/ChampIDImages/AFL/2025014/1012881.png?im=Scale,width=0.6,height=0.6","FPR","CD_I1012881",FALSE,30,"Ollie","Lord","CD_T110",NA,80,3,1,NA,7,1,8,4,0,0,3,6,9,2,3,0,0,3,75,1,2,0,56,0,1,75,10.4,NA,NA,2,2,0,4,NA,NA,NA,6,177,0,0,0,5,71.4,7,6,1,1,33.3,0,0,0,0,0,1,6,0,1,0,0,0,0,2,0,0,0,0,0,"CD_I1012881",FALSE,30,"Ollie","Lord","home","Port Adelaide"
"CD_M20250140407","2025-04-06T05:20:00.000+0000","CONCLUDED","Premiership","Round 4",4,"Adelaide Oval","Port Adelaide","Port Adelaide","St Kilda","St Kilda",44,"https://s.afl.com.au/staticfile/AFL Tenant/AFL/Players/ChampIDImages/AFL/2025014/1005326.png?im=Scale,width=0.6,height=0.6","INT","CD_I1005326",FALSE,44,"Jackson","Mead","CD_T110",NA,70,0,0,NA,7,9,16,2,0,3,4,12,16,3,0,0,0,0,81.3,2,0,1,54,2,2,0,8,NA,NA,3,2,1,0,NA,NA,NA,4,168,0,0,0,5,71.4,0.8,13,0,1,25,0,0,0,4,0,1,12,7,0,0,0,0,0,0,0,0,5,0,0,"CD_I1005326",FALSE,44,"Jackson","Mead","home","Port Adelaide"
"CD_M20250140407","2025-04-06T05:20:00.000+0000","CONCLUDED","Premiership","Round 4",4,"Adelaide Oval","Port Adelaide","Port Adelaide","St Kilda","St Kilda",31,"https://s.afl.com.au/staticfile/AFL Tenant/AFL/Players/ChampIDImages/AFL/2025014/1028563.png?im=Scale,width=0.6,height=0.6","INT","CD_I1028563",FALSE,31,"Christian","Moraes","CD_T110",NA,72,0,1,NA,8,6,14,4,0,1,4,10,14,3,0,0,0,0,57.1,2,1,0,54,3,0,0,0.3,NA,NA,4,3,0,1,NA,NA,NA,4,272,0,0,0,4,50,1.3,8,0,0,28.6,0,0,0,3,0,0,12,6,0,0,0,0,0,0,0,0,0,0,0,"CD_I1028563",FALSE,31,"Christian","Moraes","home","Port Adelaide"
"CD_M20250140407","2025-04-06T05:20:00.000+0000","CONCLUDED","Premiership","Round 4",4,"Adelaide Oval","Port Adelaide","Port Adelaide","St Kilda","St Kilda",2,"https://s.afl.com.au/staticfile/AFL Tenant/AFL/Players/ChampIDImages/AFL/2025014/993979.png?im=Scale,width=0.6,height=0.6","CHF","CD_I993979",FALSE,2,"Sam","Powell-Pepper","CD_T110",NA,87,1,3,NA,6,9,15,2,1,6,6,9,15,3,1,0,0,0,40,5,3,1,75,0,1,25,2.5,NA,NA,5,4,4,4,NA,NA,NA,6,310,0,0,0,2,33.3,0.7,6,0,0,40,0,0,0,3,0,2,17,3,0,0,0,0,0,0,0,0,4,0,0,"CD_I993979",FALSE,2,"Sam","Powell-Pepper","home","Port Adelaide"
"CD_M20250140407","2025-04-06T05:20:00.000+0000","CONCLUDED","Premiership","Round 4",4,"Adelaide Oval","Port Adelaide","Port Adelaide","St Kilda","St Kilda",27,"https://s.afl.com.au/staticfile/AFL Tenant/AFL/Players/ChampIDImages/AFL/2025014/1002220.png?im=Scale,width=0.6,height=0.6","BPL","CD_I1002220",FALSE,27,"Esava","Ratugolea","CD_T110",NA,87,0,0,NA,8,1,9,5,0,0,5,4,9,0,0,4,0,12,55.6,2,0,0,41,2,0,0,6.2,NA,NA,3,4,0,0,NA,NA,NA,0,210,0,0,0,4,50,8,5,0,2,55.6,0,0,0,1,0,0,4,4,11,0,2,0,0,2,1,50,0,0,0,"CD_I1002220",FALSE,27,"Esava","Ratugolea","home","Port Adelaide"
"CD_M20250140407","2025-04-06T05:20:00.000+0000","CONCLUDED","Premiership","Round 4",4,"Adelaide Oval","Port Adelaide","Port Adelaide","St Kilda","St Kilda",35,"https://s.afl.com.au/staticfile/AFL Tenant/AFL/Players/ChampIDImages/AFL/2025014/1008239.png?im=Scale,width=0.6,height=0.6","INT","CD_I1008239",FALSE,35,"Joe","Richards","CD_T110",NA,73,0,0,NA,4,12,16,4,0,6,7,9,16,0,0,0,0,0,68.8,0,0,0,72,0,0,0,6.8,NA,NA,1,2,2,0,NA,NA,NA,2,83,0,0,0,3,75,0.3,11,0,0,43.8,0,0,0,7,2,1,11,4,0,0,0,0,0,0,0,0,0,0,0,"CD_I1008239",FALSE,35,"Joe","Richards","home","Port Adelaide"
"CD_M20250140407","2025-04-06T05:20:00.000+0000","CONCLUDED","Premiership","Round 4",4,"Adelaide Oval","Port Adelaide","Port Adelaide","St Kilda","St Kilda",15,"https://s.afl.com.au/staticfile/AFL Tenant/AFL/Players/ChampIDImages/AFL/2025014/296225.png?im=Scale,width=0.6,height=0.6","HFFR","CD_I296225",FALSE,15,"Willie","Rioli","CD_T110",NA,87,0,1,NA,7,2,9,2,0,1,2,6,8,3,0,0,0,0,66.7,3,0,1,33,0,2,0,1.5,NA,NA,1,1,1,1,NA,NA,NA,4,125,0,0,0,4,57.1,3.5,6,0,0,25,0,0,0,2,1,1,9,0,0,0,0,0,0,0,0,0,0,0,0,"CD_I296225",FALSE,15,"Willie","Rioli","home","Port Adelaide"
"CD_M20250140407","2025-04-06T05:20:00.000+0000","CONCLUDED","Premiership","Round 4",4,"Adelaide Oval","Port Adelaide","Port Adelaide","St Kilda","St Kilda",1,"https://s.afl.com.au/staticfile/AFL Tenant/AFL/Players/ChampIDImages/AFL/2025014/1001299.png?im=Scale,width=0.6,height=0.6","C","CD_I1001299",FALSE,1,"Connor","Rozee","CD_T110",NA,81,0,0,NA,12,8,20,2,2,6,9,12,21,5,0,0,0,3,65,4,5,1,84,1,0,0,14.3,NA,NA,5,2,2,1,NA,NA,NA,0,395,2,2,4,5,41.7,1.5,13,0,0,42.9,0,0,0,3,0,0,17,7,2,0,0,0,0,0,0,0,18,0,0,"CD_I1001299",FALSE,1,"Connor","Rozee","home","Port Adelaide"
"CD_M20250140407","2025-04-06T05:20:00.000+0000","CONCLUDED","Premiership","Round 4",4,"Adelaide Oval","Port Adelaide","Port Adelaide","St Kilda","St Kilda",8,"https://s.afl.com.au/staticfile/AFL Tenant/AFL/Players/ChampIDImages/AFL/2025014/1017078.png?im=Scale,width=0.6,height=0.6","CHB","CD_I1017078",FALSE,8,"Josh","Sinn","CD_T110",NA,79,0,0,NA,11,1,12,3,0,1,1,7,8,2,0,0,0,3,83.3,2,0,0,48,4,1,0,2.1,NA,NA,3,2,0,0,NA,NA,NA,1,425,0,0,0,9,81.8,11,10,0,0,12.5,0,0,0,1,0,0,7,7,3,0,2,0,0,0,0,0,0,3,3,"CD_I1017078",FALSE,8,"Josh","Sinn","home","Port Adelaide"
"CD_M20250140407","2025-04-06T05:20:00.000+0000","CONCLUDED","Premiership","Round 4",4,"Adelaide Oval","Port Adelaide","Port Adelaide","St Kilda","St Kilda",24,"https://s.afl.com.au/staticfile/AFL Tenant/AFL/Players/ChampIDImages/AFL/2025014/992330.png?im=Scale,width=0.6,height=0.6","RK","CD_I992330",FALSE,24,"Jordon","Sweet","CD_T110",NA,85,0,0,NA,2,8,10,0,0,4,13,0,13,0,0,0,39,4,50,5,3,3,71,1,0,0,10.9,NA,NA,3,1,0,0,NA,NA,NA,4,22,2,3,5,1,50,0.3,5,0,0,100,8,57.4,20.5,4,0,3,14,7,3,68,1,1,100,0,0,0,22,0,0,"CD_I992330",FALSE,24,"Jordon","Sweet","home","Port Adelaide"
"CD_M20250140407","2025-04-06T05:20:00.000+0000","CONCLUDED","Premiership","Round 4",4,"Adelaide Oval","Port Adelaide","Port Adelaide","St Kilda","St Kilda",16,"https://s.afl.com.au/staticfile/AFL Tenant/AFL/Players/ChampIDImages/AFL/2025014/294318.png?im=Scale,width=0.6,height=0.6","FPL","CD_I294318",FALSE,16,"Ollie","Wines","CD_T110",NA,77,0,1,NA,7,16,23,1,1,5,10,12,22,1,0,0,4,1,69.6,4,0,1,78,0,0,0,8.1,NA,NA,4,2,0,1,NA,NA,NA,4,71,2,3,5,3,42.9,0.4,16,0,0,45.5,2,23.5,50,8,1,0,11,5,1,17,0,0,0,0,0,0,14,0,0,"CD_I294318",FALSE,16,"Ollie","Wines","home","Port Adelaide"
"CD_M20250140407","2025-04-06T05:20:00.000+0000","CONCLUDED","Premiership","Round 4",4,"Adelaide Oval","Port Adelaide","Port Adelaide","St Kilda","St Kilda",13,"https://s.afl.com.au/staticfile/AFL Tenant/AFL/Players/ChampIDImages/AFL/2025014/1011994.png?im=Scale,width=0.6,height=0.6","HBFL","CD_I1011994",FALSE,13,"Ryan","Byrnes","CD_T130",NA,82,0,0,NA,14,3,17,7,0,3,1,14,15,1,0,0,0,1,82.4,3,1,1,79,4,0,0,-0.7,NA,NA,6,3,0,0,NA,NA,NA,1,364,1,0,1,11,78.6,4.7,14,0,1,6.7,0,0,0,0,0,0,6,5,1,0,0,0,0,0,0,0,0,1,1,"CD_I1011994",FALSE,13,"Ryan","Byrnes","away","St Kilda"
"CD_M20250140407","2025-04-06T05:20:00.000+0000","CONCLUDED","Premiership","Round 4",4,"Adelaide Oval","Port Adelaide","Port Adelaide","St Kilda","St Kilda",47,"https://s.afl.com.au/staticfile/AFL Tenant/AFL/Players/ChampIDImages/AFL/2025014/1023784.png?im=Scale,width=0.6,height=0.6","FF","CD_I1023784",FALSE,47,"Anthony","Caminiti","CD_T130",NA,91,0,0,NA,11,6,17,10,0,1,7,9,16,1,0,2,0,1,70.6,4,0,1,76,2,0,0,6.5,NA,NA,5,9,0,0,NA,NA,NA,0,214,0,0,0,8,72.7,1.8,12,0,4,43.8,0,0,0,5,0,0,6,5,1,0,2,0,0,0,0,0,0,0,0,"CD_I1023784",FALSE,47,"Anthony","Caminiti","away","St Kilda"
"CD_M20250140407","2025-04-06T05:20:00.000+0000","CONCLUDED","Premiership","Round 4",4,"Adelaide Oval","Port Adelaide","Port Adelaide","St Kilda","St Kilda",4,"https://s.afl.com.au/staticfile/AFL Tenant/AFL/Players/ChampIDImages/AFL/2025014/1017959.png?im=Scale,width=0.6,height=0.6","INT","CD_I1017959",FALSE,4,"Lance","Collard","CD_T130",NA,66,1,2,NA,8,1,9,1,0,5,6,3,9,4,1,1,0,0,66.7,2,1,1,55,0,2,25,7.1,NA,NA,1,1,2,4,NA,NA,NA,6,228,0,0,0,5,62.5,8,6,0,0,66.7,0,0,0,4,3,0,17,6,0,0,0,0,0,1,0,0,0,0,0,"CD_I1017959",FALSE,4,"Lance","Collard","away","St Kilda"
"CD_M20250140407","2025-04-06T05:20:00.000+0000","CONCLUDED","Premiership","Round 4",4,"Adelaide Oval","Port Adelaide","Port Adelaide","St Kilda","St Kilda",34,"https://s.afl.com.au/staticfile/AFL Tenant/AFL/Players/ChampIDImages/AFL/2025014/1027790.png?im=Scale,width=0.6,height=0.6","R","CD_I1027790",FALSE,34,"Hugo","Garcia","CD_T130",NA,66,0,0,NA,4,8,12,0,0,5,7,4,11,1,0,0,0,0,83.3,2,0,2,42,1,0,0,7.1,NA,NA,3,0,1,0,NA,NA,NA,3,125,3,4,7,2,50,0.5,10,0,0,63.6,0,0,0,6,0,3,19,8,0,0,0,0,0,0,0,0,17,0,0,"CD_I1027790",FALSE,34,"Hugo","Garcia","away","St Kilda"
"CD_M20250140407","2025-04-06T05:20:00.000+0000","CONCLUDED","Premiership","Round 4",4,"Adelaide Oval","Port Adelaide","Port Adelaide","St Kilda","St Kilda",40,"https://s.afl.com.au/staticfile/AFL Tenant/AFL/Players/ChampIDImages/AFL/2025014/1020855.png?im=Scale,width=0.6,height=0.6","INT","CD_I1020855",FALSE,40,"Max","Hall","CD_T130",NA,75,1,0,NA,2,6,8,1,0,3,3,5,8,1,1,0,0,1,75,1,0,1,36,1,1,100,5.3,NA,NA,1,0,1,1,NA,NA,NA,3,99,0,1,1,2,100,0.3,6,0,0,37.5,0,0,0,3,1,0,15,8,1,0,0,0,0,1,0,0,0,0,0,"CD_I1020855",FALSE,40,"Max","Hall","away","St Kilda"
"CD_M20250140407","2025-04-06T05:20:00.000+0000","CONCLUDED","Premiership","Round 4",4,"Adelaide Oval","Port Adelaide","Port Adelaide","St Kilda","St Kilda",24,"https://s.afl.com.au/staticfile/AFL Tenant/AFL/Players/ChampIDImages/AFL/2025014/1027872.png?im=Scale,width=0.6,height=0.6","SUB","CD_I1027872",FALSE,24,"Angus","Hastie","CD_T130",NA,31,0,0,NA,2,2,4,2,1,2,3,2,5,0,0,0,0,0,50,2,0,2,18,2,0,0,3.1,NA,NA,2,3,0,0,NA,NA,NA,1,99,0,0,0,2,100,1,2,0,1,60,0,0,0,3,0,1,6,6,0,0,1,1,100,0,0,0,0,0,0,"CD_I1027872",FALSE,24,"Angus","Hastie","away","St Kilda"
"CD_M20250140407","2025-04-06T05:20:00.000+0000","CONCLUDED","Premiership","Round 4",4,"Adelaide Oval","Port Adelaide","Port Adelaide","St Kilda","St Kilda",1,"https://s.afl.com.au/staticfile/AFL Tenant/AFL/Players/ChampIDImages/AFL/2025014/1002227.png?im=Scale,width=0.6,height=0.6","HFFL","CD_I1002227",FALSE,1,"Jack","Higgins","CD_T130",NA,82,3,0,NA,6,4,10,2,0,5,4,5,9,1,1,1,0,1,80,1,0,0,70,0,1,100,20.2,NA,NA,1,2,2,3,NA,NA,NA,6,135,0,0,0,6,100,1.5,8,0,1,44.4,0,0,0,3,0,2,11,4,1,0,0,0,0,2,0,0,0,0,0,"CD_I1002227",FALSE,1,"Jack","Higgins","away","St Kilda"
"CD_M20250140407","2025-04-06T05:20:00.000+0000","CONCLUDED","Premiership","Round 4",4,"Adelaide Oval","Port Adelaide","Port Adelaide","St Kilda","St Kilda",8,"https://s.afl.com.au/staticfile/AFL Tenant/AFL/Players/ChampIDImages/AFL/2025014/295584.png?im=Scale,width=0.6,height=0.6","CHF","CD_I295584",FALSE,8,"Bradley","Hill","CD_T130",NA,88,0,1,NA,10,8,18,6,1,2,6,13,19,3,0,0,0,1,83.3,0,0,0,73,1,1,0,9.7,NA,NA,3,3,0,1,NA,NA,NA,7,288,0,2,2,8,80,1.3,15,1,1,31.6,0,0,0,5,2,2,13,5,0,0,0,0,0,0,0,0,0,0,0,"CD_I295584",FALSE,8,"Bradley","Hill","away","St Kilda"
"CD_M20250140407","2025-04-06T05:20:00.000+0000","CONCLUDED","Premiership","Round 4",4,"Adelaide Oval","Port Adelaide","Port Adelaide","St Kilda","St Kilda",3,"https://s.afl.com.au/staticfile/AFL Tenant/AFL/Players/ChampIDImages/AFL/2025014/991988.png?im=Scale,width=0.6,height=0.6","INT","CD_I991988",FALSE,3,"Zak","Jones","CD_T130",NA,61,0,0,NA,2,9,11,3,0,0,4,8,12,1,0,0,0,0,100,1,0,1,30,1,0,0,5.1,NA,NA,2,3,0,0,NA,NA,NA,3,93,1,0,1,2,100,0.2,11,1,0,33.3,0,0,0,4,0,0,6,1,0,0,0,0,0,0,0,0,9,0,0,"CD_I991988",FALSE,3,"Zak","Jones","away","St Kilda"
"CD_M20250140407","2025-04-06T05:20:00.000+0000","CONCLUDED","Premiership","Round 4",4,"Adelaide Oval","Port Adelaide","Port Adelaide","St Kilda","St Kilda",17,"https://s.afl.com.au/staticfile/AFL Tenant/AFL/Players/ChampIDImages/AFL/2025014/1015323.png?im=Scale,width=0.6,height=0.6","BPL","CD_I1015323",FALSE,17,"Isaac","Keeler","CD_T130",NA,50,0,0,NA,1,2,3,0,0,0,3,1,4,1,0,0,2,1,100,1,1,1,7,0,0,0,4.2,NA,NA,1,1,0,0,NA,NA,NA,2,34,0,1,1,1,100,0.5,3,0,0,75,0,18.2,0,2,1,1,7,1,0,11,0,0,0,1,0,0,2,0,0,"CD_I1015323",FALSE,17,"Isaac","Keeler","away","St Kilda"
"CD_M20250140407","2025-04-06T05:20:00.000+0000","CONCLUDED","Premiership","Round 4",4,"Adelaide Oval","Port Adelaide","Port Adelaide","St Kilda","St Kilda",6,"https://s.afl.com.au/staticfile/AFL Tenant/AFL/Players/ChampIDImages/AFL/2025014/295467.png?im=Scale,width=0.6,height=0.6","RR","CD_I295467",FALSE,6,"Jack","Macrae","CD_T130",NA,92,0,1,NA,15,13,28,0,0,4,15,11,26,5,0,0,0,0,57.1,6,2,2,84,0,2,0,10,NA,NA,4,3,1,1,NA,NA,NA,9,467,2,7,9,7,46.7,1.2,16,0,0,57.7,0,0,0,11,1,2,19,6,0,0,0,0,0,0,0,0,25,0,0,"CD_I295467",FALSE,6,"Jack","Macrae","away","St Kilda"
"CD_M20250140407","2025-04-06T05:20:00.000+0000","CONCLUDED","Premiership","Round 4",4,"Adelaide Oval","Port Adelaide","Port Adelaide","St Kilda","St Kilda",19,"https://s.afl.com.au/staticfile/AFL Tenant/AFL/Players/ChampIDImages/AFL/2025014/992468.png?im=Scale,width=0.6,height=0.6","RK","CD_I992468",FALSE,19,"Rowan","Marshall","CD_T130",NA,86,0,0,NA,9,5,14,3,0,5,7,7,14,2,0,0,17,1,57.1,5,1,3,75,1,0,0,4.2,NA,NA,2,3,0,1,NA,NA,NA,7,200,2,1,3,4,44.4,1.8,8,0,0,50,3,25.8,17.6,3,1,2,11,6,1,66,0,0,0,1,0,0,23,0,0,"CD_I992468",FALSE,19,"Rowan","Marshall","away","St Kilda"
"CD_M20250140407","2025-04-06T05:20:00.000+0000","CONCLUDED","Premiership","Round 4",4,"Adelaide Oval","Port Adelaide","Port Adelaide","St Kilda","St Kilda",10,"https://s.afl.com.au/staticfile/AFL Tenant/AFL/Players/ChampIDImages/AFL/2025014/1023272.png?im=Scale,width=0.6,height=0.6","HFFR","CD_I1023272",FALSE,10,"Mitch","Owens","CD_T130",NA,88,2,1,NA,6,2,8,2,0,1,3,5,8,0,1,0,2,2,62.5,0,2,0,49,0,1,50,8.9,NA,NA,1,0,0,4,NA,NA,NA,4,187,0,0,0,3,50,3,5,1,0,37.5,1,50,50,1,1,0,7,4,2,4,0,0,0,2,1,50,1,0,0,"CD_I1023272",FALSE,10,"Mitch","Owens","away","St Kilda"
"CD_M20250140407","2025-04-06T05:20:00.000+0000","CONCLUDED","Premiership","Round 4",4,"Adelaide Oval","Port Adelaide","Port Adelaide","St Kilda","St Kilda",43,"https://s.afl.com.au/staticfile/AFL Tenant/AFL/Players/ChampIDImages/AFL/2025014/1018018.png?im=Scale,width=0.6,height=0.6","FPL","CD_I1018018",FALSE,43,"Cooper","Sharman","CD_T130",NA,96,1,1,NA,9,4,13,4,0,3,8,5,13,2,1,2,1,4,84.6,2,3,0,70,2,2,50,8.4,NA,NA,2,2,2,2,NA,NA,NA,7,260,0,0,0,7,77.8,2.3,11,0,1,61.5,1,25,100,3,2,1,8,2,4,4,2,1,50,4,3,75,0,0,0,"CD_I1018018",FALSE,43,"Cooper","Sharman","away","St Kilda"
"CD_M20250140407","2025-04-06T05:20:00.000+0000","CONCLUDED","Premiership","Round 4",4,"Adelaide Oval","Port Adelaide","Port Adelaide","St Kilda","St Kilda",35,"https://s.afl.com.au/staticfile/AFL Tenant/AFL/Players/ChampIDImages/AFL/2025014/994389.png?im=Scale,width=0.6,height=0.6","C","CD_I994389",FALSE,35,"Jack","Sinclair","CD_T130",NA,83,1,1,NA,21,4,25,3,0,2,8,10,18,4,0,0,0,4,68,3,0,0,95,6,0,50,15.6,NA,NA,4,8,1,2,NA,NA,NA,4,539,0,3,3,13,61.9,5.3,17,0,2,44.4,0,0,0,8,1,2,18,11,2,0,0,0,0,0,0,0,1,6,6,"CD_I994389",FALSE,35,"Jack","Sinclair","away","St Kilda"
"CD_M20250140407","2025-04-06T05:20:00.000+0000","CONCLUDED","Premiership","Round 4",4,"Adelaide Oval","Port Adelaide","Port Adelaide","St Kilda","St Kilda",14,"https://s.afl.com.au/staticfile/AFL Tenant/AFL/Players/ChampIDImages/AFL/2025014/1008312.png?im=Scale,width=0.6,height=0.6","INT","CD_I1008312",FALSE,14,"Liam","Stocker","CD_T130",NA,87,0,0,NA,8,6,14,4,0,1,8,8,16,2,0,0,0,3,78.6,1,3,1,52,3,0,0,6.7,NA,NA,2,8,0,0,NA,NA,NA,1,144,1,1,2,6,75,1.3,11,0,2,50,0,0,0,5,0,1,10,9,2,0,1,0,0,0,0,0,8,0,0,"CD_I1008312",FALSE,14,"Liam","Stocker","away","St Kilda"
"CD_M20250140407","2025-04-06T05:20:00.000+0000","CONCLUDED","Premiership","Round 4",4,"Adelaide Oval","Port Adelaide","Port Adelaide","St Kilda","St Kilda",5,"https://s.afl.com.au/staticfile/AFL Tenant/AFL/Players/ChampIDImages/AFL/2025014/1028538.png?im=Scale,width=0.6,height=0.6","HBFR","CD_I1028538",FALSE,5,"Tobie","Travaglia","CD_T130",NA,72,1,0,NA,6,3,9,2,0,3,1,8,9,3,0,0,0,0,88.9,0,0,0,48,0,0,100,7.3,NA,NA,1,1,1,1,NA,NA,NA,5,205,0,0,0,5,83.3,2,8,0,0,11.1,0,0,0,1,0,0,10,6,0,0,0,0,0,0,0,0,0,0,0,"CD_I1028538",FALSE,5,"Tobie","Travaglia","away","St Kilda"
"CD_M20250140407","2025-04-06T05:20:00.000+0000","CONCLUDED","Premiership","Round 4",4,"Adelaide Oval","Port Adelaide","Port Adelaide","St Kilda","St Kilda",7,"https://s.afl.com.au/staticfile/AFL Tenant/AFL/Players/ChampIDImages/AFL/2025014/1015507.png?im=Scale,width=0.6,height=0.6","CHB","CD_I1015507",FALSE,7,"Nasiah","Wanganeen-Milera","CD_T130",NA,85,1,1,NA,20,5,25,3,3,2,9,9,18,3,0,1,0,3,72,6,3,2,91,8,1,50,12.4,NA,NA,8,10,0,2,NA,NA,NA,5,510,0,2,2,14,70,4,18,1,2,50,0,0,0,5,0,2,14,10,3,0,1,0,0,1,1,100,0,5,5,"CD_I1015507",FALSE,7,"Nasiah","Wanganeen-Milera","away","St Kilda"
"CD_M20250140407","2025-04-06T05:20:00.000+0000","CONCLUDED","Premiership","Round 4",4,"Adelaide Oval","Port Adelaide","Port Adelaide","St Kilda","St Kilda",29,"https://s.afl.com.au/staticfile/AFL Tenant/AFL/Players/ChampIDImages/AFL/2025014/290757.png?im=Scale,width=0.6,height=0.6","BPR","CD_I290757",FALSE,29,"Jimmy","Webster","CD_T130",NA,72,0,0,NA,7,1,8,3,0,1,3,4,7,0,0,0,0,2,50,0,0,0,36,3,0,0,6.8,NA,NA,2,3,0,0,NA,NA,NA,0,237,0,0,0,3,42.9,7,4,0,0,42.9,0,0,0,3,0,0,7,5,2,0,0,0,0,0,0,0,0,0,0,"CD_I290757",FALSE,29,"Jimmy","Webster","away","St Kilda"
"CD_M20250140407","2025-04-06T05:20:00.000+0000","CONCLUDED","Premiership","Round 4",4,"Adelaide Oval","Port Adelaide","Port Adelaide","St Kilda","St Kilda",44,"https://s.afl.com.au/staticfile/AFL Tenant/AFL/Players/ChampIDImages/AFL/2025014/296422.png?im=Scale,width=0.6,height=0.6","FB","CD_I296422",FALSE,44,"Callum","Wilkie","CD_T130",NA,100,0,0,NA,13,4,17,7,0,4,5,12,17,0,0,1,0,2,88.2,1,1,0,85,7,0,0,10.1,NA,NA,2,7,0,0,NA,NA,NA,1,291,0,0,0,12,92.3,3.3,15,0,3,29.4,0,0,0,4,0,1,8,7,2,0,2,0,0,0,0,0,0,0,0,"CD_I296422",FALSE,44,"Callum","Wilkie","away","St Kilda"
"CD_M20250140407","2025-04-06T05:20:00.000+0000","CONCLUDED","Premiership","Round 4",4,"Adelaide Oval","Port Adelaide","Port Adelaide","St Kilda","St Kilda",22,"https://s.afl.com.au/staticfile/AFL Tenant/AFL/Players/ChampIDImages/AFL/2025014/1027875.png?im=Scale,width=0.6,height=0.6","FPR","CD_I1027875",FALSE,22,"Darcy","Wilson","CD_T130",NA,86,1,0,NA,16,3,19,4,0,0,6,9,15,5,0,0,0,1,52.6,6,2,1,71,3,0,100,10.5,NA,NA,12,4,0,1,NA,NA,NA,3,407,1,1,2,8,50,5.3,10,1,1,40,0,0,0,4,1,2,8,2,1,0,0,0,0,0,0,0,0,0,0,"CD_I1027875",FALSE,22,"Darcy","Wilson","away","St Kilda"
"CD_M20250140407","2025-04-06T05:20:00.000+0000","CONCLUDED","Premiership","Round 4",4,"Adelaide Oval","Port Adelaide","Port Adelaide","St Kilda","St Kilda",2,"https://s.afl.com.au/staticfile/AFL Tenant/AFL/Players/ChampIDImages/AFL/2025014/1023270.png?im=Scale,width=0.6,height=0.6","WR","CD_I1023270",FALSE,2,"Marcus","Windhager","CD_T130",NA,73,0,0,NA,10,8,18,1,0,3,12,7,19,2,0,0,0,0,38.9,8,2,3,54,2,0,0,0.3,NA,NA,8,3,0,1,NA,NA,NA,3,187,1,5,6,2,20,1.3,7,0,0,63.2,0,0,0,10,2,2,13,10,0,0,0,0,0,0,0,0,18,0,0,"CD_I1023270",FALSE,2,"Marcus","Windhager","away","St Kilda"
"CD_M20250140407","2025-04-06T05:20:00.000+0000","CONCLUDED","Premiership","Round 4",4,"Adelaide Oval","Port Adelaide","Port Adelaide","St Kilda","St Kilda",32,"https://s.afl.com.au/staticfile/AFL Tenant/AFL/Players/ChampIDImages/AFL/2025014/295340.png?im=Scale,width=0.6,height=0.6","WL","CD_I295340",FALSE,32,"Mason","Wood","CD_T130",NA,90,1,1,NA,9,4,13,2,0,2,4,9,13,2,1,0,0,1,53.8,4,0,2,50,1,0,50,2.8,NA,NA,3,2,1,2,NA,NA,NA,4,277,0,1,1,4,44.4,2.3,7,1,1,30.8,0,0,0,4,2,0,17,10,1,0,0,0,0,3,0,0,0,0,0,"CD_I295340",FALSE,32,"Mason","Wood","away","St Kilda"
"CD_M20250140408","2025-04-06T07:10:00.000+0000","CONCLUDED","Premiership","Round 4",4,"Optus Stadium","Fremantle","Fremantle","Western Bulldogs","Western Bulldogs",24,"https://s.afl.com.au/staticfile/AFL Tenant/AFL/Players/ChampIDImages/AFL/2025014/1020594.png?im=Scale,width=0.6,height=0.6","FPR","CD_I1020594",FALSE,24,"Jye","Amiss","CD_T60",NA,87,1,0,NA,4,3,7,3,0,2,3,4,7,0,0,0,0,3,42.9,2,0,1,38,0,0,100,2.1,NA,NA,2,0,0,1,NA,NA,NA,2,58,0,0,0,2,50,1.3,3,0,0,42.9,0,0,0,3,2,0,7,1,3,0,0,0,0,2,1,50,0,0,0,"CD_I1020594",FALSE,24,"Jye","Amiss","home","Fremantle"
"CD_M20250140408","2025-04-06T07:10:00.000+0000","CONCLUDED","Premiership","Round 4",4,"Optus Stadium","Fremantle","Fremantle","Western Bulldogs","Western Bulldogs",41,"https://s.afl.com.au/staticfile/AFL Tenant/AFL/Players/ChampIDImages/AFL/2025014/998180.png?im=Scale,width=0.6,height=0.6","INT","CD_I998180",FALSE,41,"Bailey","Banfield","CD_T60",NA,83,1,0,NA,6,7,13,1,0,3,5,10,15,3,0,0,0,0,76.9,2,0,1,50,1,0,100,11.1,NA,NA,3,0,1,1,NA,NA,NA,5,261,0,2,2,4,66.7,0.9,10,0,0,33.3,0,0,0,4,1,0,11,4,0,0,0,0,0,0,0,0,0,0,0,"CD_I998180",FALSE,41,"Bailey","Banfield","home","Fremantle"
"CD_M20250140408","2025-04-06T07:10:00.000+0000","CONCLUDED","Premiership","Round 4",4,"Optus Stadium","Fremantle","Fremantle","Western Bulldogs","Western Bulldogs",15,"https://s.afl.com.au/staticfile/AFL Tenant/AFL/Players/ChampIDImages/AFL/2025014/993993.png?im=Scale,width=0.6,height=0.6","HFFR","CD_I993993",FALSE,15,"Shai","Bolton","CD_T60",NA,76,2,1,NA,10,4,14,4,9,2,1,14,15,4,3,0,0,2,64.3,2,0,1,68,1,1,50,9.1,NA,NA,3,0,0,4,NA,NA,NA,7,430,1,0,1,6,60,2.5,9,1,0,6.7,0,0,0,1,0,1,12,4,1,0,0,0,0,0,0,0,14,0,0,"CD_I993993",FALSE,15,"Shai","Bolton","home","Fremantle"
"CD_M20250140408","2025-04-06T07:10:00.000+0000","CONCLUDED","Premiership","Round 4",4,"Optus Stadium","Fremantle","Fremantle","Western Bulldogs","Western Bulldogs",8,"https://s.afl.com.au/staticfile/AFL Tenant/AFL/Players/ChampIDImages/AFL/2025014/1002232.png?im=Scale,width=0.6,height=0.6","R","CD_I1002232",FALSE,8,"Andrew","Brayshaw","CD_T60",NA,84,1,0,NA,12,17,29,2,0,9,13,17,30,3,0,0,0,1,72.4,3,1,0,119,1,4,100,16.9,NA,NA,4,3,0,1,NA,NA,NA,9,360,2,2,4,8,66.7,0.7,21,0,0,43.3,0,0,0,8,1,1,30,16,1,0,0,0,0,0,0,0,24,0,0,"CD_I1002232",FALSE,8,"Andrew","Brayshaw","home","Fremantle"
"CD_M20250140408","2025-04-06T07:10:00.000+0000","CONCLUDED","Premiership","Round 4",4,"Optus Stadium","Fremantle","Fremantle","Western Bulldogs","Western Bulldogs",5,"https://s.afl.com.au/staticfile/AFL Tenant/AFL/Players/ChampIDImages/AFL/2025014/1013224.png?im=Scale,width=0.6,height=0.6","HBFL","CD_I1013224",FALSE,5,"Heath","Chapman","CD_T60",NA,80,0,0,NA,8,7,15,7,0,1,2,13,15,0,0,0,0,3,100,2,2,0,65,5,0,0,6.9,NA,NA,0,4,0,0,NA,NA,NA,1,238,0,0,0,8,100,1.1,15,0,2,13.3,0,0,0,1,0,1,4,4,3,0,0,0,0,0,0,0,0,0,0,"CD_I1013224",FALSE,5,"Heath","Chapman","home","Fremantle"
"CD_M20250140408","2025-04-06T07:10:00.000+0000","CONCLUDED","Premiership","Round 4",4,"Optus Stadium","Fremantle","Fremantle","Western Bulldogs","Western Bulldogs",6,"https://s.afl.com.au/staticfile/AFL Tenant/AFL/Players/ChampIDImages/AFL/2025014/1006152.png?im=Scale,width=0.6,height=0.6","HBFR","CD_I1006152",FALSE,6,"Jordan","Clark","CD_T60",NA,85,0,0,NA,18,8,26,5,1,3,7,19,26,2,0,0,0,4,69.2,5,1,2,92,10,0,0,8.7,NA,NA,7,5,0,0,NA,NA,NA,2,644,0,0,0,13,72.2,2.3,18,0,0,26.9,0,0,0,6,0,0,13,8,4,0,0,0,0,0,0,0,0,2,1,"CD_I1006152",FALSE,6,"Jordan","Clark","home","Fremantle"
"CD_M20250140408","2025-04-06T07:10:00.000+0000","CONCLUDED","Premiership","Round 4",4,"Optus Stadium","Fremantle","Fremantle","Western Bulldogs","Western Bulldogs",36,"https://s.afl.com.au/staticfile/AFL Tenant/AFL/Players/ChampIDImages/AFL/2025014/997033.png?im=Scale,width=0.6,height=0.6","BPR","CD_I997033",FALSE,36,"Brennan","Cox","CD_T60",NA,83,0,0,NA,10,6,16,7,0,2,8,7,15,0,0,3,0,5,87.5,4,0,2,65,3,0,0,17.8,NA,NA,1,10,1,0,NA,NA,NA,4,229,0,0,0,8,80,1.7,14,0,4,53.3,0,0,0,4,0,4,6,4,4,0,2,0,0,1,1,100,0,1,1,"CD_I997033",FALSE,36,"Brennan","Cox","home","Fremantle"
"CD_M20250140408","2025-04-06T07:10:00.000+0000","CONCLUDED","Premiership","Round 4",4,"Optus Stadium","Fremantle","Fremantle","Western Bulldogs","Western Bulldogs",37,"https://s.afl.com.au/staticfile/AFL Tenant/AFL/Players/ChampIDImages/AFL/2025014/1020668.png?im=Scale,width=0.6,height=0.6","INT","CD_I1020668",FALSE,37,"Joshua","Draper","CD_T60",NA,87,0,0,NA,5,3,8,2,0,2,3,5,8,0,0,0,0,12,87.5,2,1,2,30,3,0,0,7.9,NA,NA,2,3,0,0,NA,NA,NA,1,140,0,0,0,4,80,1.7,7,0,0,37.5,0,0,0,2,0,1,8,7,12,0,3,1,33.3,0,0,0,0,0,0,"CD_I1020668",FALSE,37,"Joshua","Draper","home","Fremantle"
"CD_M20250140408","2025-04-06T07:10:00.000+0000","CONCLUDED","Premiership","Round 4",4,"Optus Stadium","Fremantle","Fremantle","Western Bulldogs","Western Bulldogs",43,"https://s.afl.com.au/staticfile/AFL Tenant/AFL/Players/ChampIDImages/AFL/2025014/1011558.png?im=Scale,width=0.6,height=0.6","INT","CD_I1011558",FALSE,43,"Isaiah","Dudley","CD_T60",NA,71,1,0,NA,5,7,12,3,0,3,1,11,12,2,0,0,0,0,75,2,0,0,56,0,0,100,4.3,NA,NA,2,0,1,1,NA,NA,NA,3,140,0,0,0,4,80,0.7,9,2,0,8.3,0,0,0,1,1,0,17,6,0,0,0,0,0,1,0,0,0,0,0,"CD_I1011558",FALSE,43,"Isaiah","Dudley","home","Fremantle"
"CD_M20250140408","2025-04-06T07:10:00.000+0000","CONCLUDED","Premiership","Round 4",4,"Optus Stadium","Fremantle","Fremantle","Western Bulldogs","Western Bulldogs",32,"https://s.afl.com.au/staticfile/AFL Tenant/AFL/Players/ChampIDImages/AFL/2025014/999321.png?im=Scale,width=0.6,height=0.6","CHF","CD_I999321",FALSE,32,"Michael","Frederick","CD_T60",NA,78,3,1,NA,11,2,13,5,0,3,3,11,14,4,1,1,0,2,61.5,3,0,1,80,0,0,75,13,NA,NA,2,1,1,4,NA,NA,NA,6,343,0,0,0,7,63.6,5.5,8,1,0,21.4,0,0,0,1,0,0,7,4,1,0,0,0,0,1,1,100,0,0,0,"CD_I999321",FALSE,32,"Michael","Frederick","home","Fremantle"
"CD_M20250140408","2025-04-06T07:10:00.000+0000","CONCLUDED","Premiership","Round 4",4,"Optus Stadium","Fremantle","Fremantle","Western Bulldogs","Western Bulldogs",9,"https://s.afl.com.au/staticfile/AFL Tenant/AFL/Players/ChampIDImages/AFL/2025014/1009399.png?im=Scale,width=0.6,height=0.6","RK","CD_I1009399",FALSE,9,"Luke","Jackson","CD_T60",NA,59,1,0,NA,5,11,16,2,0,0,7,9,16,1,0,0,30,3,93.8,2,1,2,74,2,2,100,18.4,NA,NA,1,2,0,1,NA,NA,NA,9,140,2,1,3,5,100,0.5,15,0,0,43.8,12,53.6,40,5,0,4,3,1,3,56,0,0,0,0,0,0,23,0,0,"CD_I1009399",FALSE,9,"Luke","Jackson","home","Fremantle"
"CD_M20250140408","2025-04-06T07:10:00.000+0000","CONCLUDED","Premiership","Round 4",4,"Optus Stadium","Fremantle","Fremantle","Western Bulldogs","Western Bulldogs",44,"https://s.afl.com.au/staticfile/AFL Tenant/AFL/Players/ChampIDImages/AFL/2025014/1016825.png?im=Scale,width=0.6,height=0.6","INT","CD_I1016825",FALSE,44,"Matthew","Johnson","CD_T60",NA,68,0,0,NA,5,8,13,1,2,3,6,7,13,3,0,0,0,2,76.9,3,1,1,44,1,0,0,8.5,NA,NA,2,4,0,0,NA,NA,NA,4,203,0,1,1,3,60,0.6,10,0,0,46.2,0,0,0,6,0,1,16,8,1,0,0,0,0,0,0,0,13,0,0,"CD_I1016825",FALSE,44,"Matthew","Johnson","home","Fremantle"
"CD_M20250140408","2025-04-06T07:10:00.000+0000","CONCLUDED","Premiership","Round 4",4,"Optus Stadium","Fremantle","Fremantle","Western Bulldogs","Western Bulldogs",30,"https://s.afl.com.au/staticfile/AFL Tenant/AFL/Players/ChampIDImages/AFL/2025014/1013220.png?im=Scale,width=0.6,height=0.6","WR","CD_I1013220",FALSE,30,"Nathan","O'Driscoll","CD_T60",NA,55,0,1,NA,8,4,12,3,0,7,3,10,13,1,0,0,0,0,50,4,1,2,65,2,0,0,-0.8,NA,NA,6,1,1,1,NA,NA,NA,2,268,0,2,2,3,37.5,2,6,1,0,23.1,0,0,0,1,0,1,15,11,0,0,0,0,0,0,0,0,0,0,0,"CD_I1013220",FALSE,30,"Nathan","O'Driscoll","home","Fremantle"
"CD_M20250140408","2025-04-06T07:10:00.000+0000","CONCLUDED","Premiership","Round 4",4,"Optus Stadium","Fremantle","Fremantle","Western Bulldogs","Western Bulldogs",2,"https://s.afl.com.au/staticfile/AFL Tenant/AFL/Players/ChampIDImages/AFL/2025014/294613.png?im=Scale,width=0.6,height=0.6","C","CD_I294613",FALSE,2,"Jaeger","O'Meara","CD_T60",NA,76,0,0,NA,4,11,15,1,0,4,7,9,16,2,0,0,0,1,80,6,1,4,42,0,0,0,4.7,NA,NA,3,3,1,0,NA,NA,NA,1,99,0,2,2,4,100,0.4,12,0,0,43.8,0,0,0,6,0,0,15,11,0,0,0,0,0,0,0,0,12,0,0,"CD_I294613",FALSE,2,"Jaeger","O'Meara","home","Fremantle"
"CD_M20250140408","2025-04-06T07:10:00.000+0000","CONCLUDED","Premiership","Round 4",4,"Optus Stadium","Fremantle","Fremantle","Western Bulldogs","Western Bulldogs",25,"https://s.afl.com.au/staticfile/AFL Tenant/AFL/Players/ChampIDImages/AFL/2025014/298409.png?im=Scale,width=0.6,height=0.6","FB","CD_I298409",FALSE,25,"Alex","Pearce","CD_T60",NA,91,0,0,NA,4,9,13,5,0,3,8,5,13,0,0,1,0,4,76.9,5,0,3,48,2,0,0,9.2,NA,NA,4,11,0,0,NA,NA,NA,0,113,0,0,0,2,50,0.4,10,0,3,61.5,0,0,0,7,0,0,6,6,3,0,3,2,66.7,0,0,0,0,0,0,"CD_I298409",FALSE,25,"Alex","Pearce","home","Fremantle"
"CD_M20250140408","2025-04-06T07:10:00.000+0000","CONCLUDED","Premiership","Round 4",4,"Optus Stadium","Fremantle","Fremantle","Western Bulldogs","Western Bulldogs",16,"https://s.afl.com.au/staticfile/AFL Tenant/AFL/Players/ChampIDImages/AFL/2025014/1028513.png?im=Scale,width=0.6,height=0.6","HFFL","CD_I1028513",FALSE,16,"Murphy","Reid","CD_T60",NA,91,1,0,NA,7,9,16,3,1,1,10,6,16,2,0,0,0,1,68.8,4,1,2,53,0,2,33.3,9,NA,NA,2,1,0,3,NA,NA,NA,5,152,0,1,1,4,57.1,0.8,11,0,0,62.5,0,0,0,8,4,0,11,6,1,0,0,0,0,0,0,0,0,0,0,"CD_I1028513",FALSE,16,"Murphy","Reid","home","Fremantle"
"CD_M20250140408","2025-04-06T07:10:00.000+0000","CONCLUDED","Premiership","Round 4",4,"Optus Stadium","Fremantle","Fremantle","Western Bulldogs","Western Bulldogs",13,"https://s.afl.com.au/staticfile/AFL Tenant/AFL/Players/ChampIDImages/AFL/2025014/998659.png?im=Scale,width=0.6,height=0.6","CHB","CD_I998659",FALSE,13,"Luke","Ryan","CD_T60",NA,97,0,0,NA,23,3,26,6,0,4,5,15,20,2,0,1,0,6,88.5,1,0,0,109,10,0,0,14.8,NA,NA,5,7,0,0,NA,NA,NA,2,730,0,2,2,20,87,7.7,23,0,2,25,0,0,0,2,0,1,15,12,3,0,0,0,0,1,0,0,0,6,6,"CD_I998659",FALSE,13,"Luke","Ryan","home","Fremantle"
"CD_M20250140408","2025-04-06T07:10:00.000+0000","CONCLUDED","Premiership","Round 4",4,"Optus Stadium","Fremantle","Fremantle","Western Bulldogs","Western Bulldogs",3,"https://s.afl.com.au/staticfile/AFL Tenant/AFL/Players/ChampIDImages/AFL/2025014/1009420.png?im=Scale,width=0.6,height=0.6","RR","CD_I1009420",FALSE,3,"Caleb","Serong","CD_T60",NA,85,0,0,NA,15,23,38,0,0,7,24,15,39,8,0,0,0,3,71.1,5,2,0,121,1,2,0,29.3,NA,NA,3,2,0,0,NA,NA,NA,9,556,4,11,15,6,40,0.7,27,0,0,61.5,0,0,0,17,0,3,27,13,0,0,0,0,0,0,0,0,27,0,0,"CD_I1009420",FALSE,3,"Caleb","Serong","home","Fremantle"
"CD_M20250140408","2025-04-06T07:10:00.000+0000","CONCLUDED","Premiership","Round 4",4,"Optus Stadium","Fremantle","Fremantle","Western Bulldogs","Western Bulldogs",14,"https://s.afl.com.au/staticfile/AFL Tenant/AFL/Players/ChampIDImages/AFL/2025014/1009380.png?im=Scale,width=0.6,height=0.6","WL","CD_I1009380",FALSE,14,"Jeremy","Sharp","CD_T60",NA,97,1,0,NA,10,11,21,4,0,0,9,11,20,2,0,0,0,1,61.9,4,0,1,67,3,0,100,11.5,NA,NA,3,2,0,1,NA,NA,NA,4,349,0,2,2,6,60,0.9,13,0,1,45,0,0,0,8,1,2,6,5,1,0,0,0,0,0,0,0,0,0,0,"CD_I1009380",FALSE,14,"Jeremy","Sharp","home","Fremantle"
"CD_M20250140408","2025-04-06T07:10:00.000+0000","CONCLUDED","Premiership","Round 4",4,"Optus Stadium","Fremantle","Fremantle","Western Bulldogs","Western Bulldogs",35,"https://s.afl.com.au/staticfile/AFL Tenant/AFL/Players/ChampIDImages/AFL/2025014/1012819.png?im=Scale,width=0.6,height=0.6","FF","CD_I1012819",FALSE,35,"Josh","Treacy","CD_T60",NA,97,3,2,NA,12,3,15,8,2,3,3,12,15,2,4,1,4,4,66.7,2,1,1,100,1,1,60,8.8,NA,NA,3,1,2,5,NA,NA,NA,8,347,0,0,0,7,58.3,4,10,5,0,20,1,57.1,25,1,1,0,11,4,3,7,0,0,0,2,1,50,0,0,0,"CD_I1012819",FALSE,35,"Josh","Treacy","home","Fremantle"
"CD_M20250140408","2025-04-06T07:10:00.000+0000","CONCLUDED","Premiership","Round 4",4,"Optus Stadium","Fremantle","Fremantle","Western Bulldogs","Western Bulldogs",20,"https://s.afl.com.au/staticfile/AFL Tenant/AFL/Players/ChampIDImages/AFL/2025014/1017754.png?im=Scale,width=0.6,height=0.6","FPL","CD_I1017754",FALSE,20,"Patrick","Voss","CD_T60",NA,83,0,1,NA,3,6,9,0,0,5,7,2,9,1,0,0,6,0,66.7,2,2,1,47,2,1,0,6.4,NA,NA,3,0,0,1,NA,NA,NA,4,101,1,2,3,2,66.7,0.5,6,0,0,77.8,2,15.4,33.3,5,1,2,20,13,0,39,0,0,0,0,0,0,7,0,0,"CD_I1017754",FALSE,20,"Patrick","Voss","home","Fremantle"
"CD_M20250140408","2025-04-06T07:10:00.000+0000","CONCLUDED","Premiership","Round 4",4,"Optus Stadium","Fremantle","Fremantle","Western Bulldogs","Western Bulldogs",34,"https://s.afl.com.au/staticfile/AFL Tenant/AFL/Players/ChampIDImages/AFL/2025014/993940.png?im=Scale,width=0.6,height=0.6","BPL","CD_I993940",FALSE,34,"Corey","Wagner","CD_T60",NA,54,0,0,NA,2,4,6,0,0,0,1,5,6,2,0,0,0,2,83.3,1,0,0,14,0,0,0,7.2,NA,NA,0,0,0,0,NA,NA,NA,3,103,0,1,1,1,50,0.5,5,0,0,16.7,0,0,0,1,0,0,9,7,0,0,0,0,0,0,0,0,0,0,0,"CD_I993940",FALSE,34,"Corey","Wagner","home","Fremantle"
"CD_M20250140408","2025-04-06T07:10:00.000+0000","CONCLUDED","Premiership","Round 4",4,"Optus Stadium","Fremantle","Fremantle","Western Bulldogs","Western Bulldogs",23,"https://s.afl.com.au/staticfile/AFL Tenant/AFL/Players/ChampIDImages/AFL/2025014/1021015.png?im=Scale,width=0.6,height=0.6","SUB","CD_I1021015",FALSE,23,"Karl","Worner","CD_T60",NA,31,0,0,NA,4,4,8,2,0,0,4,3,7,0,0,0,0,1,87.5,1,0,0,26,2,0,0,4.3,NA,NA,1,5,0,0,NA,NA,NA,0,122,0,0,0,3,75,1,7,0,0,57.1,0,0,0,4,0,0,7,7,1,0,0,0,0,0,0,0,0,0,0,"CD_I1021015",FALSE,23,"Karl","Worner","home","Fremantle"
"CD_M20250140408","2025-04-06T07:10:00.000+0000","CONCLUDED","Premiership","Round 4",4,"Optus Stadium","Fremantle","Fremantle","Western Bulldogs","Western Bulldogs",13,"https://s.afl.com.au/staticfile/AFL Tenant/AFL/Players/ChampIDImages/AFL/2025014/1008855.png?im=Scale,width=0.6,height=0.6","HBFL","CD_I1008855",FALSE,13,"Oskar","Baker","CD_T140",NA,78,0,0,NA,17,3,20,8,0,1,4,16,20,2,0,0,0,3,65,5,2,1,84,7,0,0,7.3,NA,NA,5,5,0,0,NA,NA,NA,4,440,0,1,1,11,64.7,5.7,13,0,1,20,0,0,0,1,0,1,5,4,2,0,0,0,0,0,0,0,0,1,0,"CD_I1008855",FALSE,13,"Oskar","Baker","away","Western Bulldogs"
"CD_M20250140408","2025-04-06T07:10:00.000+0000","CONCLUDED","Premiership","Round 4",4,"Optus Stadium","Fremantle","Fremantle","Western Bulldogs","Western Bulldogs",29,"https://s.afl.com.au/staticfile/AFL Tenant/AFL/Players/ChampIDImages/AFL/2025014/1000864.png?im=Scale,width=0.6,height=0.6","INT","CD_I1000864",FALSE,29,"Lachlan","Bramble","CD_T140",NA,76,0,0,NA,10,6,16,3,0,3,4,10,14,1,0,1,0,0,75,2,2,0,65,3,0,0,4.9,NA,NA,2,3,0,0,NA,NA,NA,0,230,0,1,1,7,70,1.7,12,0,1,28.6,0,0,0,2,0,0,13,9,0,0,0,0,0,0,0,0,0,2,2,"CD_I1000864",FALSE,29,"Lachlan","Bramble","away","Western Bulldogs"
"CD_M20250140408","2025-04-06T07:10:00.000+0000","CONCLUDED","Premiership","Round 4",4,"Optus Stadium","Fremantle","Fremantle","Western Bulldogs","Western Bulldogs",31,"https://s.afl.com.au/staticfile/AFL Tenant/AFL/Players/ChampIDImages/AFL/2025014/996708.png?im=Scale,width=0.6,height=0.6","HBFR","CD_I996708",FALSE,31,"Bailey","Dale","CD_T140",NA,85,0,0,NA,18,8,26,4,1,1,8,13,21,6,0,1,0,1,92.3,0,1,0,87,2,1,0,16,NA,NA,3,6,1,0,NA,NA,NA,4,518,0,2,2,17,94.4,2.3,24,0,1,38.1,0,0,0,6,0,2,9,4,0,0,1,1,100,0,0,0,0,4,4,"CD_I996708",FALSE,31,"Bailey","Dale","away","Western Bulldogs"
"CD_M20250140408","2025-04-06T07:10:00.000+0000","CONCLUDED","Premiership","Round 4",4,"Optus Stadium","Fremantle","Fremantle","Western Bulldogs","Western Bulldogs",10,"https://s.afl.com.au/staticfile/AFL Tenant/AFL/Players/ChampIDImages/AFL/2025014/1017126.png?im=Scale,width=0.6,height=0.6","FF","CD_I1017126",FALSE,10,"Sam","Darcy","CD_T140",NA,82,5,0,NA,15,6,21,11,0,1,11,10,21,3,6,4,2,0,71.4,1,2,0,128,0,1,83.3,25,NA,NA,2,2,0,6,NA,NA,NA,9,387,2,1,3,11,73.3,2.5,15,2,0,52.4,0,33.3,0,4,2,2,9,2,0,6,0,0,0,5,2,40,5,0,0,"CD_I1017126",FALSE,10,"Sam","Darcy","away","Western Bulldogs"
"CD_M20250140408","2025-04-06T07:10:00.000+0000","CONCLUDED","Premiership","Round 4",4,"Optus Stadium","Fremantle","Fremantle","Western Bulldogs","Western Bulldogs",42,"https://s.afl.com.au/staticfile/AFL Tenant/AFL/Players/ChampIDImages/AFL/2025014/1036123.png?im=Scale,width=0.6,height=0.6","WR","CD_I1036123",FALSE,42,"Sam","Davidson","CD_T140",NA,85,0,1,NA,9,9,18,5,0,3,7,13,20,1,1,0,0,1,61.1,5,1,3,65,0,0,0,3.1,NA,NA,4,0,1,1,NA,NA,NA,7,244,0,0,0,5,55.6,1,11,0,0,35,0,0,0,4,2,0,12,5,0,0,2,1,50,0,0,0,0,0,0,"CD_I1036123",FALSE,42,"Sam","Davidson","away","Western Bulldogs"
"CD_M20250140408","2025-04-06T07:10:00.000+0000","CONCLUDED","Premiership","Round 4",4,"Optus Stadium","Fremantle","Fremantle","Western Bulldogs","Western Bulldogs",26,"https://s.afl.com.au/staticfile/AFL Tenant/AFL/Players/ChampIDImages/AFL/2025014/1034235.png?im=Scale,width=0.6,height=0.6","INT","CD_I1034235",FALSE,26,"Josh","Dolan","CD_T140",NA,71,0,0,NA,5,3,8,1,0,0,1,6,7,1,0,0,0,1,62.5,0,0,0,24,0,0,0,5.3,NA,NA,0,1,0,1,NA,NA,NA,2,119,0,0,0,2,40,1.7,5,0,0,14.3,0,0,0,1,0,0,10,2,0,0,0,0,0,0,0,0,0,0,0,"CD_I1034235",FALSE,26,"Josh","Dolan","away","Western Bulldogs"
"CD_M20250140408","2025-04-06T07:10:00.000+0000","CONCLUDED","Premiership","Round 4",4,"Optus Stadium","Fremantle","Fremantle","Western Bulldogs","Western Bulldogs",44,"https://s.afl.com.au/staticfile/AFL Tenant/AFL/Players/ChampIDImages/AFL/2025014/1004592.png?im=Scale,width=0.6,height=0.6","RK","CD_I1004592",FALSE,44,"Tim","English","CD_T140",NA,80,0,0,NA,12,7,19,3,0,4,11,9,20,4,0,0,40,3,42.1,1,2,1,114,2,0,0,12.7,NA,NA,5,4,2,1,NA,NA,NA,5,259,3,3,6,3,25,1.7,8,0,2,55,10,47.6,25,3,1,3,13,1,0,84,0,0,0,0,0,0,23,0,0,"CD_I1004592",FALSE,44,"Tim","English","away","Western Bulldogs"
"CD_M20250140408","2025-04-06T07:10:00.000+0000","CONCLUDED","Premiership","Round 4",4,"Optus Stadium","Fremantle","Fremantle","Western Bulldogs","Western Bulldogs",27,"https://s.afl.com.au/staticfile/AFL Tenant/AFL/Players/ChampIDImages/AFL/2025014/1027704.png?im=Scale,width=0.6,height=0.6","WL","CD_I1027704",FALSE,27,"Joel","Freijah","CD_T140",NA,79,0,0,NA,6,9,15,1,0,2,7,7,14,2,0,0,0,1,73.3,3,0,1,44,0,0,0,7.6,NA,NA,2,2,0,0,NA,NA,NA,5,176,2,3,5,3,50,0.7,11,1,0,50,0,0,0,6,0,4,20,11,1,0,0,0,0,0,0,0,8,0,0,"CD_I1027704",FALSE,27,"Joel","Freijah","away","Western Bulldogs"
"CD_M20250140408","2025-04-06T07:10:00.000+0000","CONCLUDED","Premiership","Round 4",4,"Optus Stadium","Fremantle","Fremantle","Western Bulldogs","Western Bulldogs",12,"https://s.afl.com.au/staticfile/AFL Tenant/AFL/Players/ChampIDImages/AFL/2025014/1017087.png?im=Scale,width=0.6,height=0.6","SUB","CD_I1017087",FALSE,12,"Harvey","Gallagher","CD_T140",NA,45,0,0,NA,5,4,9,0,0,1,4,5,9,0,0,0,0,2,77.8,1,1,0,28,0,0,0,6.3,NA,NA,1,4,0,0,NA,NA,NA,1,88,0,0,0,4,80,1.3,7,0,0,44.4,0,0,0,3,0,0,8,7,1,0,0,0,0,0,0,0,0,0,0,"CD_I1017087",FALSE,12,"Harvey","Gallagher","away","Western Bulldogs"
"CD_M20250140408","2025-04-06T07:10:00.000+0000","CONCLUDED","Premiership","Round 4",4,"Optus Stadium","Fremantle","Fremantle","Western Bulldogs","Western Bulldogs",22,"https://s.afl.com.au/staticfile/AFL Tenant/AFL/Players/ChampIDImages/AFL/2025014/297899.png?im=Scale,width=0.6,height=0.6","FPR","CD_I297899",FALSE,22,"James","Harmes","CD_T140",NA,74,1,0,NA,11,13,24,4,1,7,10,14,24,4,0,1,0,0,66.7,4,1,1,103,0,0,33.3,11.1,NA,NA,5,2,0,3,NA,NA,NA,4,438,0,2,2,8,72.7,0.8,16,0,0,41.7,0,0,0,7,1,0,17,8,0,0,0,0,0,0,0,0,2,0,0,"CD_I297899",FALSE,22,"James","Harmes","away","Western Bulldogs"
"CD_M20250140408","2025-04-06T07:10:00.000+0000","CONCLUDED","Premiership","Round 4",4,"Optus Stadium","Fremantle","Fremantle","Western Bulldogs","Western Bulldogs",19,"https://s.afl.com.au/staticfile/AFL Tenant/AFL/Players/ChampIDImages/AFL/2025014/281078.png?im=Scale,width=0.6,height=0.6","FB","CD_I281078",FALSE,19,"Liam","Jones","CD_T140",NA,85,0,0,NA,9,3,12,4,0,0,4,9,13,1,0,0,0,4,91.7,0,1,0,46,3,0,0,7.8,NA,NA,3,5,0,0,NA,NA,NA,0,261,0,0,0,8,88.9,3,11,0,1,30.8,0,0,0,3,0,0,3,2,4,0,1,1,100,0,0,0,0,0,0,"CD_I281078",FALSE,19,"Liam","Jones","away","Western Bulldogs"
"CD_M20250140408","2025-04-06T07:10:00.000+0000","CONCLUDED","Premiership","Round 4",4,"Optus Stadium","Fremantle","Fremantle","Western Bulldogs","Western Bulldogs",8,"https://s.afl.com.au/staticfile/AFL Tenant/AFL/Players/ChampIDImages/AFL/2025014/1001398.png?im=Scale,width=0.6,height=0.6","RR","CD_I1001398",FALSE,8,"Matthew","Kennedy","CD_T140",NA,73,0,0,NA,15,11,26,4,0,4,14,14,28,8,0,0,0,1,50,6,0,0,95,2,2,0,15.6,NA,NA,7,3,0,1,NA,NA,NA,6,455,2,7,9,6,40,1.4,13,0,1,50,0,0,0,12,1,2,17,7,0,0,0,0,0,0,0,0,22,0,0,"CD_I1001398",FALSE,8,"Matthew","Kennedy","away","Western Bulldogs"
"CD_M20250140408","2025-04-06T07:10:00.000+0000","CONCLUDED","Premiership","Round 4",4,"Optus Stadium","Fremantle","Fremantle","Western Bulldogs","Western Bulldogs",24,"https://s.afl.com.au/staticfile/AFL Tenant/AFL/Players/ChampIDImages/AFL/2025014/998782.png?im=Scale,width=0.6,height=0.6","BPL","CD_I998782",FALSE,24,"Buku","Khamis","CD_T140",NA,96,0,0,NA,3,8,11,4,0,4,5,6,11,0,0,0,0,9,100,4,0,2,47,3,0,0,8.4,NA,NA,0,5,0,0,NA,NA,NA,2,57,0,0,0,3,100,0.4,11,0,0,45.5,0,0,0,5,0,1,11,9,9,0,3,1,33.3,0,0,0,0,0,0,"CD_I998782",FALSE,24,"Buku","Khamis","away","Western Bulldogs"
"CD_M20250140408","2025-04-06T07:10:00.000+0000","CONCLUDED","Premiership","Round 4",4,"Optus Stadium","Fremantle","Fremantle","Western Bulldogs","Western Bulldogs",21,"https://s.afl.com.au/staticfile/AFL Tenant/AFL/Players/ChampIDImages/AFL/2025014/290799.png?im=Scale,width=0.6,height=0.6","C","CD_I290799",FALSE,21,"Tom","Liberatore","CD_T140",NA,81,0,0,NA,17,13,30,4,0,2,12,16,28,5,0,0,0,1,73.3,2,2,1,96,2,0,0,17.9,NA,NA,2,2,0,0,NA,NA,NA,5,440,4,2,6,9,52.9,1.3,22,1,0,42.9,0,0,0,8,0,1,22,10,0,0,0,0,0,0,0,0,24,0,0,"CD_I290799",FALSE,21,"Tom","Liberatore","away","Western Bulldogs"
"CD_M20250140408","2025-04-06T07:10:00.000+0000","CONCLUDED","Premiership","Round 4",4,"Optus Stadium","Fremantle","Fremantle","Western Bulldogs","Western Bulldogs",7,"https://s.afl.com.au/staticfile/AFL Tenant/AFL/Players/ChampIDImages/AFL/2025014/990740.png?im=Scale,width=0.6,height=0.6","CHB","CD_I990740",FALSE,7,"Rory","Lobb","CD_T140",NA,100,0,0,NA,9,3,12,7,0,2,6,6,12,4,0,2,0,3,66.7,1,1,0,63,2,1,0,6.6,NA,NA,3,8,0,0,NA,NA,NA,1,317,0,0,0,6,66.7,3,8,0,4,50,0,0,0,3,0,1,9,8,3,0,1,0,0,0,0,0,0,0,0,"CD_I990740",FALSE,7,"Rory","Lobb","away","Western Bulldogs"
"CD_M20250140408","2025-04-06T07:10:00.000+0000","CONCLUDED","Premiership","Round 4",4,"Optus Stadium","Fremantle","Fremantle","Western Bulldogs","Western Bulldogs",30,"https://s.afl.com.au/staticfile/AFL Tenant/AFL/Players/ChampIDImages/AFL/2025014/1009015.png?im=Scale,width=0.6,height=0.6","INT","CD_I1009015",FALSE,30,"Lachlan","McNeil","CD_T140",NA,82,1,0,NA,5,5,10,1,0,4,6,4,10,3,0,1,0,0,70,3,1,0,51,0,1,100,7.2,NA,NA,2,2,2,1,NA,NA,NA,4,145,0,0,0,3,60,1,7,0,0,60,0,0,0,4,2,0,10,1,0,0,0,0,0,0,0,0,0,0,0,"CD_I1009015",FALSE,30,"Lachlan","McNeil","away","Western Bulldogs"
"CD_M20250140408","2025-04-06T07:10:00.000+0000","CONCLUDED","Premiership","Round 4",4,"Optus Stadium","Fremantle","Fremantle","Western Bulldogs","Western Bulldogs",33,"https://s.afl.com.au/staticfile/AFL Tenant/AFL/Players/ChampIDImages/AFL/2025014/1002404.png?im=Scale,width=0.6,height=0.6","CHF","CD_I1002404",FALSE,33,"Aaron","Naughton","CD_T140",NA,83,1,1,NA,7,2,9,3,0,3,6,5,11,4,1,0,0,1,55.6,2,2,0,55,0,2,50,5.1,NA,NA,2,1,1,2,NA,NA,NA,6,198,0,0,0,4,57.1,3.5,5,1,0,54.5,0,0,0,4,1,1,9,2,1,0,0,0,0,3,1,33.3,0,0,0,"CD_I1002404",FALSE,33,"Aaron","Naughton","away","Western Bulldogs"
"CD_M20250140408","2025-04-06T07:10:00.000+0000","CONCLUDED","Premiership","Round 4",4,"Optus Stadium","Fremantle","Fremantle","Western Bulldogs","Western Bulldogs",18,"https://s.afl.com.au/staticfile/AFL Tenant/AFL/Players/ChampIDImages/AFL/2025014/1032966.png?im=Scale,width=0.6,height=0.6","INT","CD_I1032966",FALSE,18,"James","O'Donnell","CD_T140",NA,84,1,1,NA,7,3,10,1,1,0,5,5,10,3,0,0,4,0,60,2,4,0,45,1,0,50,1.5,NA,NA,3,0,0,2,NA,NA,NA,3,201,0,0,0,4,57.1,2.3,6,1,0,50,1,33.3,25,1,0,0,8,0,0,12,0,0,0,0,0,0,2,0,0,"CD_I1032966",FALSE,18,"James","O'Donnell","away","Western Bulldogs"
"CD_M20250140408","2025-04-06T07:10:00.000+0000","CONCLUDED","Premiership","Round 4",4,"Optus Stadium","Fremantle","Fremantle","Western Bulldogs","Western Bulldogs",20,"https://s.afl.com.au/staticfile/AFL Tenant/AFL/Players/ChampIDImages/AFL/2025014/1008280.png?im=Scale,width=0.6,height=0.6","R","CD_I1008280",FALSE,20,"Ed","Richards","CD_T140",NA,81,0,0,NA,11,12,23,3,1,4,13,11,24,6,0,0,0,1,65.2,3,1,0,83,0,2,0,19,NA,NA,4,3,0,0,NA,NA,NA,6,437,1,3,4,6,54.5,0.9,15,0,2,54.2,0,0,0,11,3,1,27,12,0,0,0,0,0,0,0,0,25,0,0,"CD_I1008280",FALSE,20,"Ed","Richards","away","Western Bulldogs"
"CD_M20250140408","2025-04-06T07:10:00.000+0000","CONCLUDED","Premiership","Round 4",4,"Optus Stadium","Fremantle","Fremantle","Western Bulldogs","Western Bulldogs",9,"https://s.afl.com.au/staticfile/AFL Tenant/AFL/Players/ChampIDImages/AFL/2025014/1017939.png?im=Scale,width=0.6,height=0.6","HFFR","CD_I1017939",FALSE,9,"Ryley","Sanders","CD_T140",NA,78,2,0,NA,11,9,20,5,0,4,4,16,20,1,0,0,0,1,60,1,1,1,92,0,0,100,9.2,NA,NA,1,0,1,2,NA,NA,NA,6,253,1,0,1,6,54.5,1.2,12,0,0,20,0,0,0,2,1,0,21,9,0,0,0,0,0,0,0,0,9,0,0,"CD_I1017939",FALSE,9,"Ryley","Sanders","away","Western Bulldogs"
"CD_M20250140408","2025-04-06T07:10:00.000+0000","CONCLUDED","Premiership","Round 4",4,"Optus Stadium","Fremantle","Fremantle","Western Bulldogs","Western Bulldogs",23,"https://s.afl.com.au/staticfile/AFL Tenant/AFL/Players/ChampIDImages/AFL/2025014/1005000.png?im=Scale,width=0.6,height=0.6","FPL","CD_I1005000",FALSE,23,"Laitham","Vandermeer","CD_T140",NA,38,0,0,NA,3,2,5,0,0,0,2,4,6,2,0,0,0,1,40,2,0,0,13,0,0,0,1.9,NA,NA,3,1,0,0,NA,NA,NA,2,83,0,0,0,1,33.3,1.5,2,0,0,33.3,0,0,0,1,1,1,3,0,0,0,0,0,0,0,0,0,0,0,0,"CD_I1005000",FALSE,23,"Laitham","Vandermeer","away","Western Bulldogs"
"CD_M20250140408","2025-04-06T07:10:00.000+0000","CONCLUDED","Premiership","Round 4",4,"Optus Stadium","Fremantle","Fremantle","Western Bulldogs","Western Bulldogs",14,"https://s.afl.com.au/staticfile/AFL Tenant/AFL/Players/ChampIDImages/AFL/2025014/1006127.png?im=Scale,width=0.6,height=0.6","HFFL","CD_I1006127",FALSE,14,"Rhylee","West","CD_T140",NA,82,1,1,NA,7,8,15,3,0,4,6,9,15,1,2,0,0,1,46.7,2,1,2,64,0,0,33.3,7,NA,NA,3,0,2,3,NA,NA,NA,4,154,0,0,0,2,28.6,0.9,7,1,0,40,0,0,0,5,5,0,13,1,1,0,0,0,0,0,0,0,0,0,0,"CD_I1006127",FALSE,14,"Rhylee","West","away","Western Bulldogs"
"CD_M20250140408","2025-04-06T07:10:00.000+0000","CONCLUDED","Premiership","Round 4",4,"Optus Stadium","Fremantle","Fremantle","Western Bulldogs","Western Bulldogs",34,"https://s.afl.com.au/staticfile/AFL Tenant/AFL/Players/ChampIDImages/AFL/2025014/992351.png?im=Scale,width=0.6,height=0.6","BPR","CD_I992351",FALSE,34,"Bailey","Williams","CD_T140",NA,81,0,0,NA,9,7,16,6,0,3,7,10,17,1,1,1,0,1,75,4,1,2,66,2,0,0,8.7,NA,NA,2,3,1,0,NA,NA,NA,2,280,0,2,2,6,66.7,1.3,12,0,2,41.2,0,0,0,4,1,1,12,2,1,0,0,0,0,0,0,0,0,0,0,"CD_I992351",FALSE,34,"Bailey","Williams","away","Western Bulldogs"
"CD_M20250140501","2025-04-10T09:40:00.000+0000","SCHEDULED","Premiership","Round 5",5,"Adelaide Oval","Adelaide Crows","Adelaide Crows","Geelong Cats","Geelong Cats",NA,NA,NA,NA,NA,NA,NA,NA,NA,NA,NA,NA,NA,NA,NA,NA,NA,NA,NA,NA,NA,NA,NA,NA,NA,NA,NA,NA,NA,NA,NA,NA,NA,NA,NA,NA,NA,NA,NA,NA,NA,NA,NA,NA,NA,NA,NA,NA,NA,NA,NA,NA,NA,NA,NA,NA,NA,NA,NA,NA,NA,NA,NA,NA,NA,NA,NA,NA,NA,NA,NA,NA,NA,NA,NA,NA,NA,NA,NA,NA,NA,NA,NA,NA
"CD_M20250140502","2025-04-11T09:40:00.000+0000","SCHEDULED","Premiership","Round 5",5,"Adelaide Oval","Collingwood","Collingwood","Sydney Swans","Sydney Swans",NA,NA,NA,NA,NA,NA,NA,NA,NA,NA,NA,NA,NA,NA,NA,NA,NA,NA,NA,NA,NA,NA,NA,NA,NA,NA,NA,NA,NA,NA,NA,NA,NA,NA,NA,NA,NA,NA,NA,NA,NA,NA,NA,NA,NA,NA,NA,NA,NA,NA,NA,NA,NA,NA,NA,NA,NA,NA,NA,NA,NA,NA,NA,NA,NA,NA,NA,NA,NA,NA,NA,NA,NA,NA,NA,NA,NA,NA,NA,NA,NA,NA,NA,NA
"CD_M20250140504","2025-04-12T02:35:00.000+0000","SCHEDULED","Premiership","Round 5",5,"Barossa Park","North Melbourne","North Melbourne","Gold Coast SUNS","Gold Coast SUNS",NA,NA,NA,NA,NA,NA,NA,NA,NA,NA,NA,NA,NA,NA,NA,NA,NA,NA,NA,NA,NA,NA,NA,NA,NA,NA,NA,NA,NA,NA,NA,NA,NA,NA,NA,NA,NA,NA,NA,NA,NA,NA,NA,NA,NA,NA,NA,NA,NA,NA,NA,NA,NA,NA,NA,NA,NA,NA,NA,NA,NA,NA,NA,NA,NA,NA,NA,NA,NA,NA,NA,NA,NA,NA,NA,NA,NA,NA,NA,NA,NA,NA,NA,NA
"CD_M20250140503","2025-04-12T03:20:00.000+0000","SCHEDULED","Premiership","Round 5",5,"Adelaide Oval","Carlton","Carlton","West Coast Eagles","West Coast Eagles",NA,NA,NA,NA,NA,NA,NA,NA,NA,NA,NA,NA,NA,NA,NA,NA,NA,NA,NA,NA,NA,NA,NA,NA,NA,NA,NA,NA,NA,NA,NA,NA,NA,NA,NA,NA,NA,NA,NA,NA,NA,NA,NA,NA,NA,NA,NA,NA,NA,NA,NA,NA,NA,NA,NA,NA,NA,NA,NA,NA,NA,NA,NA,NA,NA,NA,NA,NA,NA,NA,NA,NA,NA,NA,NA,NA,NA,NA,NA,NA,NA,NA,NA,NA
"CD_M20250140505","2025-04-12T06:15:00.000+0000","SCHEDULED","Premiership","Round 5",5,"Norwood Oval","Western Bulldogs","Western Bulldogs","Brisbane Lions","Brisbane Lions",NA,NA,NA,NA,NA,NA,NA,NA,NA,NA,NA,NA,NA,NA,NA,NA,NA,NA,NA,NA,NA,NA,NA,NA,NA,NA,NA,NA,NA,NA,NA,NA,NA,NA,NA,NA,NA,NA,NA,NA,NA,NA,NA,NA,NA,NA,NA,NA,NA,NA,NA,NA,NA,NA,NA,NA,NA,NA,NA,NA,NA,NA,NA,NA,NA,NA,NA,NA,NA,NA,NA,NA,NA,NA,NA,NA,NA,NA,NA,NA,NA,NA,NA,NA
"CD_M20250140506","2025-04-12T09:35:00.000+0000","SCHEDULED","Premiership","Round 5",5,"Adelaide Oval","Melbourne","Melbourne","Essendon","Essendon",NA,NA,NA,NA,NA,NA,NA,NA,NA,NA,NA,NA,NA,NA,NA,NA,NA,NA,NA,NA,NA,NA,NA,NA,NA,NA,NA,NA,NA,NA,NA,NA,NA,NA,NA,NA,NA,NA,NA,NA,NA,NA,NA,NA,NA,NA,NA,NA,NA,NA,NA,NA,NA,NA,NA,NA,NA,NA,NA,NA,NA,NA,NA,NA,NA,NA,NA,NA,NA,NA,NA,NA,NA,NA,NA,NA,NA,NA,NA,NA,NA,NA,NA,NA
"CD_M20250140507","2025-04-13T02:35:00.000+0000","SCHEDULED","Premiership","Round 5",5,"Barossa Park","Richmond","Richmond","Fremantle","Fremantle",NA,NA,NA,NA,NA,NA,NA,NA,NA,NA,NA,NA,NA,NA,NA,NA,NA,NA,NA,NA,NA,NA,NA,NA,NA,NA,NA,NA,NA,NA,NA,NA,NA,NA,NA,NA,NA,NA,NA,NA,NA,NA,NA,NA,NA,NA,NA,NA,NA,NA,NA,NA,NA,NA,NA,NA,NA,NA,NA,NA,NA,NA,NA,NA,NA,NA,NA,NA,NA,NA,NA,NA,NA,NA,NA,NA,NA,NA,NA,NA,NA,NA,NA,NA
"CD_M20250140508","2025-04-13T05:20:00.000+0000","SCHEDULED","Premiership","Round 5",5,"Norwood Oval","St Kilda","St Kilda","GWS GIANTS","GWS GIANTS",NA,NA,NA,NA,NA,NA,NA,NA,NA,NA,NA,NA,NA,NA,NA,NA,NA,NA,NA,NA,NA,NA,NA,NA,NA,NA,NA,NA,NA,NA,NA,NA,NA,NA,NA,NA,NA,NA,NA,NA,NA,NA,NA,NA,NA,NA,NA,NA,NA,NA,NA,NA,NA,NA,NA,NA,NA,NA,NA,NA,NA,NA,NA,NA,NA,NA,NA,NA,NA,NA,NA,NA,NA,NA,NA,NA,NA,NA,NA,NA,NA,NA,NA,NA
"CD_M20250140509","2025-04-13T09:20:00.000+0000","SCHEDULED","Premiership","Round 5",5,"Adelaide Oval","Port Adelaide","Port Adelaide","Hawthorn","Hawthorn",NA,NA,NA,NA,NA,NA,NA,NA,NA,NA,NA,NA,NA,NA,NA,NA,NA,NA,NA,NA,NA,NA,NA,NA,NA,NA,NA,NA,NA,NA,NA,NA,NA,NA,NA,NA,NA,NA,NA,NA,NA,NA,NA,NA,NA,NA,NA,NA,NA,NA,NA,NA,NA,NA,NA,NA,NA,NA,NA,NA,NA,NA,NA,NA,NA,NA,NA,NA,NA,NA,NA,NA,NA,NA,NA,NA,NA,NA,NA,NA,NA,NA,NA,NA
"CD_M20250140601","2025-04-17T09:30:00.000+0000","SCHEDULED","Premiership","Round 6",6,"Gabba","Brisbane Lions","Brisbane Lions","Collingwood","Collingwood",NA,NA,NA,NA,NA,NA,NA,NA,NA,NA,NA,NA,NA,NA,NA,NA,NA,NA,NA,NA,NA,NA,NA,NA,NA,NA,NA,NA,NA,NA,NA,NA,NA,NA,NA,NA,NA,NA,NA,NA,NA,NA,NA,NA,NA,NA,NA,NA,NA,NA,NA,NA,NA,NA,NA,NA,NA,NA,NA,NA,NA,NA,NA,NA,NA,NA,NA,NA,NA,NA,NA,NA,NA,NA,NA,NA,NA,NA,NA,NA,NA,NA,NA,NA
"CD_M20250140602","2025-04-18T05:20:00.000+0000","SCHEDULED","Premiership","Round 6",6,"Marvel Stadium","North Melbourne","North Melbourne","Carlton","Carlton",NA,NA,NA,NA,NA,NA,NA,NA,NA,NA,NA,NA,NA,NA,NA,NA,NA,NA,NA,NA,NA,NA,NA,NA,NA,NA,NA,NA,NA,NA,NA,NA,NA,NA,NA,NA,NA,NA,NA,NA,NA,NA,NA,NA,NA,NA,NA,NA,NA,NA,NA,NA,NA,NA,NA,NA,NA,NA,NA,NA,NA,NA,NA,NA,NA,NA,NA,NA,NA,NA,NA,NA,NA,NA,NA,NA,NA,NA,NA,NA,NA,NA,NA,NA
"CD_M20250140603","2025-04-18T08:10:00.000+0000","SCHEDULED","Premiership","Round 6",6,"Optus Stadium","West Coast Eagles","West Coast Eagles","Essendon","Essendon",NA,NA,NA,NA,NA,NA,NA,NA,NA,NA,NA,NA,NA,NA,NA,NA,NA,NA,NA,NA,NA,NA,NA,NA,NA,NA,NA,NA,NA,NA,NA,NA,NA,NA,NA,NA,NA,NA,NA,NA,NA,NA,NA,NA,NA,NA,NA,NA,NA,NA,NA,NA,NA,NA,NA,NA,NA,NA,NA,NA,NA,NA,NA,NA,NA,NA,NA,NA,NA,NA,NA,NA,NA,NA,NA,NA,NA,NA,NA,NA,NA,NA,NA,NA
"CD_M20250140604","2025-04-19T03:20:00.000+0000","SCHEDULED","Premiership","Round 6",6,"MCG","Melbourne","Melbourne","Fremantle","Fremantle",NA,NA,NA,NA,NA,NA,NA,NA,NA,NA,NA,NA,NA,NA,NA,NA,NA,NA,NA,NA,NA,NA,NA,NA,NA,NA,NA,NA,NA,NA,NA,NA,NA,NA,NA,NA,NA,NA,NA,NA,NA,NA,NA,NA,NA,NA,NA,NA,NA,NA,NA,NA,NA,NA,NA,NA,NA,NA,NA,NA,NA,NA,NA,NA,NA,NA,NA,NA,NA,NA,NA,NA,NA,NA,NA,NA,NA,NA,NA,NA,NA,NA,NA,NA
"CD_M20250140605","2025-04-19T06:15:00.000+0000","SCHEDULED","Premiership","Round 6",6,"Adelaide Oval","Adelaide Crows","Adelaide Crows","GWS GIANTS","GWS GIANTS",NA,NA,NA,NA,NA,NA,NA,NA,NA,NA,NA,NA,NA,NA,NA,NA,NA,NA,NA,NA,NA,NA,NA,NA,NA,NA,NA,NA,NA,NA,NA,NA,NA,NA,NA,NA,NA,NA,NA,NA,NA,NA,NA,NA,NA,NA,NA,NA,NA,NA,NA,NA,NA,NA,NA,NA,NA,NA,NA,NA,NA,NA,NA,NA,NA,NA,NA,NA,NA,NA,NA,NA,NA,NA,NA,NA,NA,NA,NA,NA,NA,NA,NA,NA
"CD_M20250140606","2025-04-19T09:35:00.000+0000","SCHEDULED","Premiership","Round 6",6,"Marvel Stadium","Richmond","Richmond","Gold Coast SUNS","Gold Coast SUNS",NA,NA,NA,NA,NA,NA,NA,NA,NA,NA,NA,NA,NA,NA,NA,NA,NA,NA,NA,NA,NA,NA,NA,NA,NA,NA,NA,NA,NA,NA,NA,NA,NA,NA,NA,NA,NA,NA,NA,NA,NA,NA,NA,NA,NA,NA,NA,NA,NA,NA,NA,NA,NA,NA,NA,NA,NA,NA,NA,NA,NA,NA,NA,NA,NA,NA,NA,NA,NA,NA,NA,NA,NA,NA,NA,NA,NA,NA,NA,NA,NA,NA,NA,NA
"CD_M20250140607","2025-04-20T05:20:00.000+0000","SCHEDULED","Premiership","Round 6",6,"SCG","Sydney Swans","Sydney Swans","Port Adelaide","Port Adelaide",NA,NA,NA,NA,NA,NA,NA,NA,NA,NA,NA,NA,NA,NA,NA,NA,NA,NA,NA,NA,NA,NA,NA,NA,NA,NA,NA,NA,NA,NA,NA,NA,NA,NA,NA,NA,NA,NA,NA,NA,NA,NA,NA,NA,NA,NA,NA,NA,NA,NA,NA,NA,NA,NA,NA,NA,NA,NA,NA,NA,NA,NA,NA,NA,NA,NA,NA,NA,NA,NA,NA,NA,NA,NA,NA,NA,NA,NA,NA,NA,NA,NA,NA,NA
"CD_M20250140608","2025-04-20T09:20:00.000+0000","SCHEDULED","Premiership","Round 6",6,"Marvel Stadium","Western Bulldogs","Western Bulldogs","St Kilda","St Kilda",NA,NA,NA,NA,NA,NA,NA,NA,NA,NA,NA,NA,NA,NA,NA,NA,NA,NA,NA,NA,NA,NA,NA,NA,NA,NA,NA,NA,NA,NA,NA,NA,NA,NA,NA,NA,NA,NA,NA,NA,NA,NA,NA,NA,NA,NA,NA,NA,NA,NA,NA,NA,NA,NA,NA,NA,NA,NA,NA,NA,NA,NA,NA,NA,NA,NA,NA,NA,NA,NA,NA,NA,NA,NA,NA,NA,NA,NA,NA,NA,NA,NA,NA,NA
"CD_M20250140609","2025-04-21T05:20:00.000+0000","SCHEDULED","Premiership","Round 6",6,"MCG","Geelong Cats","Geelong Cats","Hawthorn","Hawthorn",NA,NA,NA,NA,NA,NA,NA,NA,NA,NA,NA,NA,NA,NA,NA,NA,NA,NA,NA,NA,NA,NA,NA,NA,NA,NA,NA,NA,NA,NA,NA,NA,NA,NA,NA,NA,NA,NA,NA,NA,NA,NA,NA,NA,NA,NA,NA,NA,NA,NA,NA,NA,NA,NA,NA,NA,NA,NA,NA,NA,NA,NA,NA,NA,NA,NA,NA,NA,NA,NA,NA,NA,NA,NA,NA,NA,NA,NA,NA,NA,NA,NA,NA,NA
"CD_M20250140701","2025-04-24T09:30:00.000+0000","SCHEDULED","Premiership","Round 7",7,"MCG","Melbourne","Melbourne","Richmond","Richmond",NA,NA,NA,NA,NA,NA,NA,NA,NA,NA,NA,NA,NA,NA,NA,NA,NA,NA,NA,NA,NA,NA,NA,NA,NA,NA,NA,NA,NA,NA,NA,NA,NA,NA,NA,NA,NA,NA,NA,NA,NA,NA,NA,NA,NA,NA,NA,NA,NA,NA,NA,NA,NA,NA,NA,NA,NA,NA,NA,NA,NA,NA,NA,NA,NA,NA,NA,NA,NA,NA,NA,NA,NA,NA,NA,NA,NA,NA,NA,NA,NA,NA,NA,NA
"CD_M20250140702","2025-04-25T05:20:00.000+0000","SCHEDULED","Premiership","Round 7",7,"MCG","Collingwood","Collingwood","Essendon","Essendon",NA,NA,NA,NA,NA,NA,NA,NA,NA,NA,NA,NA,NA,NA,NA,NA,NA,NA,NA,NA,NA,NA,NA,NA,NA,NA,NA,NA,NA,NA,NA,NA,NA,NA,NA,NA,NA,NA,NA,NA,NA,NA,NA,NA,NA,NA,NA,NA,NA,NA,NA,NA,NA,NA,NA,NA,NA,NA,NA,NA,NA,NA,NA,NA,NA,NA,NA,NA,NA,NA,NA,NA,NA,NA,NA,NA,NA,NA,NA,NA,NA,NA,NA,NA
"CD_M20250140703","2025-04-25T10:10:00.000+0000","SCHEDULED","Premiership","Round 7",7,"Optus Stadium","Fremantle","Fremantle","Adelaide Crows","Adelaide Crows",NA,NA,NA,NA,NA,NA,NA,NA,NA,NA,NA,NA,NA,NA,NA,NA,NA,NA,NA,NA,NA,NA,NA,NA,NA,NA,NA,NA,NA,NA,NA,NA,NA,NA,NA,NA,NA,NA,NA,NA,NA,NA,NA,NA,NA,NA,NA,NA,NA,NA,NA,NA,NA,NA,NA,NA,NA,NA,NA,NA,NA,NA,NA,NA,NA,NA,NA,NA,NA,NA,NA,NA,NA,NA,NA,NA,NA,NA,NA,NA,NA,NA,NA,NA
"CD_M20250140705","2025-04-26T03:20:00.000+0000","SCHEDULED","Premiership","Round 7",7,"Marvel Stadium","St Kilda","St Kilda","Brisbane Lions","Brisbane Lions",NA,NA,NA,NA,NA,NA,NA,NA,NA,NA,NA,NA,NA,NA,NA,NA,NA,NA,NA,NA,NA,NA,NA,NA,NA,NA,NA,NA,NA,NA,NA,NA,NA,NA,NA,NA,NA,NA,NA,NA,NA,NA,NA,NA,NA,NA,NA,NA,NA,NA,NA,NA,NA,NA,NA,NA,NA,NA,NA,NA,NA,NA,NA,NA,NA,NA,NA,NA,NA,NA,NA,NA,NA,NA,NA,NA,NA,NA,NA,NA,NA,NA,NA,NA
"CD_M20250140704","2025-04-26T06:15:00.000+0000","SCHEDULED","Premiership","Round 7",7,"Adelaide Oval","Port Adelaide","Port Adelaide","North Melbourne","North Melbourne",NA,NA,NA,NA,NA,NA,NA,NA,NA,NA,NA,NA,NA,NA,NA,NA,NA,NA,NA,NA,NA,NA,NA,NA,NA,NA,NA,NA,NA,NA,NA,NA,NA,NA,NA,NA,NA,NA,NA,NA,NA,NA,NA,NA,NA,NA,NA,NA,NA,NA,NA,NA,NA,NA,NA,NA,NA,NA,NA,NA,NA,NA,NA,NA,NA,NA,NA,NA,NA,NA,NA,NA,NA,NA,NA,NA,NA,NA,NA,NA,NA,NA,NA,NA
"CD_M20250140706","2025-04-26T09:35:00.000+0000","SCHEDULED","Premiership","Round 7",7,"Manuka Oval","GWS GIANTS","GWS GIANTS","Western Bulldogs","Western Bulldogs",NA,NA,NA,NA,NA,NA,NA,NA,NA,NA,NA,NA,NA,NA,NA,NA,NA,NA,NA,NA,NA,NA,NA,NA,NA,NA,NA,NA,NA,NA,NA,NA,NA,NA,NA,NA,NA,NA,NA,NA,NA,NA,NA,NA,NA,NA,NA,NA,NA,NA,NA,NA,NA,NA,NA,NA,NA,NA,NA,NA,NA,NA,NA,NA,NA,NA,NA,NA,NA,NA,NA,NA,NA,NA,NA,NA,NA,NA,NA,NA,NA,NA,NA,NA
"CD_M20250140707","2025-04-27T03:10:00.000+0000","SCHEDULED","Premiership","Round 7",7,"People First Stadium","Gold Coast SUNS","Gold Coast SUNS","Sydney Swans","Sydney Swans",NA,NA,NA,NA,NA,NA,NA,NA,NA,NA,NA,NA,NA,NA,NA,NA,NA,NA,NA,NA,NA,NA,NA,NA,NA,NA,NA,NA,NA,NA,NA,NA,NA,NA,NA,NA,NA,NA,NA,NA,NA,NA,NA,NA,NA,NA,NA,NA,NA,NA,NA,NA,NA,NA,NA,NA,NA,NA,NA,NA,NA,NA,NA,NA,NA,NA,NA,NA,NA,NA,NA,NA,NA,NA,NA,NA,NA,NA,NA,NA,NA,NA,NA,NA
"CD_M20250140708","2025-04-27T05:20:00.000+0000","SCHEDULED","Premiership","Round 7",7,"MCG","Carlton","Carlton","Geelong Cats","Geelong Cats",NA,NA,NA,NA,NA,NA,NA,NA,NA,NA,NA,NA,NA,NA,NA,NA,NA,NA,NA,NA,NA,NA,NA,NA,NA,NA,NA,NA,NA,NA,NA,NA,NA,NA,NA,NA,NA,NA,NA,NA,NA,NA,NA,NA,NA,NA,NA,NA,NA,NA,NA,NA,NA,NA,NA,NA,NA,NA,NA,NA,NA,NA,NA,NA,NA,NA,NA,NA,NA,NA,NA,NA,NA,NA,NA,NA,NA,NA,NA,NA,NA,NA,NA,NA
"CD_M20250140709","2025-04-27T06:40:00.000+0000","SCHEDULED","Premiership","Round 7",7,"Marvel Stadium","Hawthorn","Hawthorn","West Coast Eagles","West Coast Eagles",NA,NA,NA,NA,NA,NA,NA,NA,NA,NA,NA,NA,NA,NA,NA,NA,NA,NA,NA,NA,NA,NA,NA,NA,NA,NA,NA,NA,NA,NA,NA,NA,NA,NA,NA,NA,NA,NA,NA,NA,NA,NA,NA,NA,NA,NA,NA,NA,NA,NA,NA,NA,NA,NA,NA,NA,NA,NA,NA,NA,NA,NA,NA,NA,NA,NA,NA,NA,NA,NA,NA,NA,NA,NA,NA,NA,NA,NA,NA,NA,NA,NA,NA,NA
"CD_M20250140801","2025-05-01T09:30:00.000+0000","SCHEDULED","Premiership","Round 8",8,"Marvel Stadium","Essendon","Essendon","North Melbourne","North Melbourne",NA,NA,NA,NA,NA,NA,NA,NA,NA,NA,NA,NA,NA,NA,NA,NA,NA,NA,NA,NA,NA,NA,NA,NA,NA,NA,NA,NA,NA,NA,NA,NA,NA,NA,NA,NA,NA,NA,NA,NA,NA,NA,NA,NA,NA,NA,NA,NA,NA,NA,NA,NA,NA,NA,NA,NA,NA,NA,NA,NA,NA,NA,NA,NA,NA,NA,NA,NA,NA,NA,NA,NA,NA,NA,NA,NA,NA,NA,NA,NA,NA,NA,NA,NA
"CD_M20250140802","2025-05-02T09:40:00.000+0000","SCHEDULED","Premiership","Round 8",8,"Marvel Stadium","St Kilda","St Kilda","Fremantle","Fremantle",NA,NA,NA,NA,NA,NA,NA,NA,NA,NA,NA,NA,NA,NA,NA,NA,NA,NA,NA,NA,NA,NA,NA,NA,NA,NA,NA,NA,NA,NA,NA,NA,NA,NA,NA,NA,NA,NA,NA,NA,NA,NA,NA,NA,NA,NA,NA,NA,NA,NA,NA,NA,NA,NA,NA,NA,NA,NA,NA,NA,NA,NA,NA,NA,NA,NA,NA,NA,NA,NA,NA,NA,NA,NA,NA,NA,NA,NA,NA,NA,NA,NA,NA,NA
"CD_M20250140803","2025-05-03T03:20:00.000+0000","SCHEDULED","Premiership","Round 8",8,"Mars Stadium","Western Bulldogs","Western Bulldogs","Port Adelaide","Port Adelaide",NA,NA,NA,NA,NA,NA,NA,NA,NA,NA,NA,NA,NA,NA,NA,NA,NA,NA,NA,NA,NA,NA,NA,NA,NA,NA,NA,NA,NA,NA,NA,NA,NA,NA,NA,NA,NA,NA,NA,NA,NA,NA,NA,NA,NA,NA,NA,NA,NA,NA,NA,NA,NA,NA,NA,NA,NA,NA,NA,NA,NA,NA,NA,NA,NA,NA,NA,NA,NA,NA,NA,NA,NA,NA,NA,NA,NA,NA,NA,NA,NA,NA,NA,NA
"CD_M20250140804","2025-05-03T06:15:00.000+0000","SCHEDULED","Premiership","Round 8",8,"Adelaide Oval","Adelaide Crows","Adelaide Crows","Carlton","Carlton",NA,NA,NA,NA,NA,NA,NA,NA,NA,NA,NA,NA,NA,NA,NA,NA,NA,NA,NA,NA,NA,NA,NA,NA,NA,NA,NA,NA,NA,NA,NA,NA,NA,NA,NA,NA,NA,NA,NA,NA,NA,NA,NA,NA,NA,NA,NA,NA,NA,NA,NA,NA,NA,NA,NA,NA,NA,NA,NA,NA,NA,NA,NA,NA,NA,NA,NA,NA,NA,NA,NA,NA,NA,NA,NA,NA,NA,NA,NA,NA,NA,NA,NA,NA
"CD_M20250140805","2025-05-03T09:35:00.000+0000","SCHEDULED","Premiership","Round 8",8,"MCG","Collingwood","Collingwood","Geelong Cats","Geelong Cats",NA,NA,NA,NA,NA,NA,NA,NA,NA,NA,NA,NA,NA,NA,NA,NA,NA,NA,NA,NA,NA,NA,NA,NA,NA,NA,NA,NA,NA,NA,NA,NA,NA,NA,NA,NA,NA,NA,NA,NA,NA,NA,NA,NA,NA,NA,NA,NA,NA,NA,NA,NA,NA,NA,NA,NA,NA,NA,NA,NA,NA,NA,NA,NA,NA,NA,NA,NA,NA,NA,NA,NA,NA,NA,NA,NA,NA,NA,NA,NA,NA,NA,NA,NA
"CD_M20250140806","2025-05-03T09:35:00.000+0000","SCHEDULED","Premiership","Round 8",8,"Optus Stadium","West Coast Eagles","West Coast Eagles","Melbourne","Melbourne",NA,NA,NA,NA,NA,NA,NA,NA,NA,NA,NA,NA,NA,NA,NA,NA,NA,NA,NA,NA,NA,NA,NA,NA,NA,NA,NA,NA,NA,NA,NA,NA,NA,NA,NA,NA,NA,NA,NA,NA,NA,NA,NA,NA,NA,NA,NA,NA,NA,NA,NA,NA,NA,NA,NA,NA,NA,NA,NA,NA,NA,NA,NA,NA,NA,NA,NA,NA,NA,NA,NA,NA,NA,NA,NA,NA,NA,NA,NA,NA,NA,NA,NA,NA
"CD_M20250140807","2025-05-04T03:10:00.000+0000","SCHEDULED","Premiership","Round 8",8,"SCG","Sydney Swans","Sydney Swans","GWS GIANTS","GWS GIANTS",NA,NA,NA,NA,NA,NA,NA,NA,NA,NA,NA,NA,NA,NA,NA,NA,NA,NA,NA,NA,NA,NA,NA,NA,NA,NA,NA,NA,NA,NA,NA,NA,NA,NA,NA,NA,NA,NA,NA,NA,NA,NA,NA,NA,NA,NA,NA,NA,NA,NA,NA,NA,NA,NA,NA,NA,NA,NA,NA,NA,NA,NA,NA,NA,NA,NA,NA,NA,NA,NA,NA,NA,NA,NA,NA,NA,NA,NA,NA,NA,NA,NA,NA,NA
"CD_M20250140808","2025-05-04T05:20:00.000+0000","SCHEDULED","Premiership","Round 8",8,"MCG","Hawthorn","Hawthorn","Richmond","Richmond",NA,NA,NA,NA,NA,NA,NA,NA,NA,NA,NA,NA,NA,NA,NA,NA,NA,NA,NA,NA,NA,NA,NA,NA,NA,NA,NA,NA,NA,NA,NA,NA,NA,NA,NA,NA,NA,NA,NA,NA,NA,NA,NA,NA,NA,NA,NA,NA,NA,NA,NA,NA,NA,NA,NA,NA,NA,NA,NA,NA,NA,NA,NA,NA,NA,NA,NA,NA,NA,NA,NA,NA,NA,NA,NA,NA,NA,NA,NA,NA,NA,NA,NA,NA
"CD_M20250140809","2025-05-04T09:20:00.000+0000","SCHEDULED","Premiership","Round 8",8,"Gabba","Brisbane Lions","Brisbane Lions","Gold Coast SUNS","Gold Coast SUNS",NA,NA,NA,NA,NA,NA,NA,NA,NA,NA,NA,NA,NA,NA,NA,NA,NA,NA,NA,NA,NA,NA,NA,NA,NA,NA,NA,NA,NA,NA,NA,NA,NA,NA,NA,NA,NA,NA,NA,NA,NA,NA,NA,NA,NA,NA,NA,NA,NA,NA,NA,NA,NA,NA,NA,NA,NA,NA,NA,NA,NA,NA,NA,NA,NA,NA,NA,NA,NA,NA,NA,NA,NA,NA,NA,NA,NA,NA,NA,NA,NA,NA,NA,NA
"CD_M20250140901","2025-05-08T10:10:00.000+0000","SCHEDULED","Premiership","Round 9",9,"Optus Stadium","Fremantle","Fremantle","Collingwood","Collingwood",NA,NA,NA,NA,NA,NA,NA,NA,NA,NA,NA,NA,NA,NA,NA,NA,NA,NA,NA,NA,NA,NA,NA,NA,NA,NA,NA,NA,NA,NA,NA,NA,NA,NA,NA,NA,NA,NA,NA,NA,NA,NA,NA,NA,NA,NA,NA,NA,NA,NA,NA,NA,NA,NA,NA,NA,NA,NA,NA,NA,NA,NA,NA,NA,NA,NA,NA,NA,NA,NA,NA,NA,NA,NA,NA,NA,NA,NA,NA,NA,NA,NA,NA,NA
"CD_M20250140902","2025-05-09T09:40:00.000+0000","SCHEDULED","Premiership","Round 9",9,"MCG","St Kilda","St Kilda","Carlton","Carlton",NA,NA,NA,NA,NA,NA,NA,NA,NA,NA,NA,NA,NA,NA,NA,NA,NA,NA,NA,NA,NA,NA,NA,NA,NA,NA,NA,NA,NA,NA,NA,NA,NA,NA,NA,NA,NA,NA,NA,NA,NA,NA,NA,NA,NA,NA,NA,NA,NA,NA,NA,NA,NA,NA,NA,NA,NA,NA,NA,NA,NA,NA,NA,NA,NA,NA,NA,NA,NA,NA,NA,NA,NA,NA,NA,NA,NA,NA,NA,NA,NA,NA,NA,NA
"CD_M20250140903","2025-05-10T03:20:00.000+0000","SCHEDULED","Premiership","Round 9",9,"MCG","Melbourne","Melbourne","Hawthorn","Hawthorn",NA,NA,NA,NA,NA,NA,NA,NA,NA,NA,NA,NA,NA,NA,NA,NA,NA,NA,NA,NA,NA,NA,NA,NA,NA,NA,NA,NA,NA,NA,NA,NA,NA,NA,NA,NA,NA,NA,NA,NA,NA,NA,NA,NA,NA,NA,NA,NA,NA,NA,NA,NA,NA,NA,NA,NA,NA,NA,NA,NA,NA,NA,NA,NA,NA,NA,NA,NA,NA,NA,NA,NA,NA,NA,NA,NA,NA,NA,NA,NA,NA,NA,NA,NA
"CD_M20250140904","2025-05-10T06:15:00.000+0000","SCHEDULED","Premiership","Round 9",9,"Marvel Stadium","Essendon","Essendon","Sydney Swans","Sydney Swans",NA,NA,NA,NA,NA,NA,NA,NA,NA,NA,NA,NA,NA,NA,NA,NA,NA,NA,NA,NA,NA,NA,NA,NA,NA,NA,NA,NA,NA,NA,NA,NA,NA,NA,NA,NA,NA,NA,NA,NA,NA,NA,NA,NA,NA,NA,NA,NA,NA,NA,NA,NA,NA,NA,NA,NA,NA,NA,NA,NA,NA,NA,NA,NA,NA,NA,NA,NA,NA,NA,NA,NA,NA,NA,NA,NA,NA,NA,NA,NA,NA,NA,NA,NA
"CD_M20250140905","2025-05-10T09:35:00.000+0000","SCHEDULED","Premiership","Round 9",9,"TIO Stadium","Gold Coast SUNS","Gold Coast SUNS","Western Bulldogs","Western Bulldogs",NA,NA,NA,NA,NA,NA,NA,NA,NA,NA,NA,NA,NA,NA,NA,NA,NA,NA,NA,NA,NA,NA,NA,NA,NA,NA,NA,NA,NA,NA,NA,NA,NA,NA,NA,NA,NA,NA,NA,NA,NA,NA,NA,NA,NA,NA,NA,NA,NA,NA,NA,NA,NA,NA,NA,NA,NA,NA,NA,NA,NA,NA,NA,NA,NA,NA,NA,NA,NA,NA,NA,NA,NA,NA,NA,NA,NA,NA,NA,NA,NA,NA,NA,NA
"CD_M20250140906","2025-05-10T10:10:00.000+0000","SCHEDULED","Premiership","Round 9",9,"Adelaide Oval","Port Adelaide","Port Adelaide","Adelaide Crows","Adelaide Crows",NA,NA,NA,NA,NA,NA,NA,NA,NA,NA,NA,NA,NA,NA,NA,NA,NA,NA,NA,NA,NA,NA,NA,NA,NA,NA,NA,NA,NA,NA,NA,NA,NA,NA,NA,NA,NA,NA,NA,NA,NA,NA,NA,NA,NA,NA,NA,NA,NA,NA,NA,NA,NA,NA,NA,NA,NA,NA,NA,NA,NA,NA,NA,NA,NA,NA,NA,NA,NA,NA,NA,NA,NA,NA,NA,NA,NA,NA,NA,NA,NA,NA,NA,NA
"CD_M20250140907","2025-05-11T03:10:00.000+0000","SCHEDULED","Premiership","Round 9",9,"MCG","Richmond","Richmond","West Coast Eagles","West Coast Eagles",NA,NA,NA,NA,NA,NA,NA,NA,NA,NA,NA,NA,NA,NA,NA,NA,NA,NA,NA,NA,NA,NA,NA,NA,NA,NA,NA,NA,NA,NA,NA,NA,NA,NA,NA,NA,NA,NA,NA,NA,NA,NA,NA,NA,NA,NA,NA,NA,NA,NA,NA,NA,NA,NA,NA,NA,NA,NA,NA,NA,NA,NA,NA,NA,NA,NA,NA,NA,NA,NA,NA,NA,NA,NA,NA,NA,NA,NA,NA,NA,NA,NA,NA,NA
"CD_M20250140908","2025-05-11T05:20:00.000+0000","SCHEDULED","Premiership","Round 9",9,"GMHBA Stadium","Geelong Cats","Geelong Cats","GWS GIANTS","GWS GIANTS",NA,NA,NA,NA,NA,NA,NA,NA,NA,NA,NA,NA,NA,NA,NA,NA,NA,NA,NA,NA,NA,NA,NA,NA,NA,NA,NA,NA,NA,NA,NA,NA,NA,NA,NA,NA,NA,NA,NA,NA,NA,NA,NA,NA,NA,NA,NA,NA,NA,NA,NA,NA,NA,NA,NA,NA,NA,NA,NA,NA,NA,NA,NA,NA,NA,NA,NA,NA,NA,NA,NA,NA,NA,NA,NA,NA,NA,NA,NA,NA,NA,NA,NA,NA
"CD_M20250140909","2025-05-11T06:40:00.000+0000","SCHEDULED","Premiership","Round 9",9,"Ninja Stadium","North Melbourne","North Melbourne","Brisbane Lions","Brisbane Lions",NA,NA,NA,NA,NA,NA,NA,NA,NA,NA,NA,NA,NA,NA,NA,NA,NA,NA,NA,NA,NA,NA,NA,NA,NA,NA,NA,NA,NA,NA,NA,NA,NA,NA,NA,NA,NA,NA,NA,NA,NA,NA,NA,NA,NA,NA,NA,NA,NA,NA,NA,NA,NA,NA,NA,NA,NA,NA,NA,NA,NA,NA,NA,NA,NA,NA,NA,NA,NA,NA,NA,NA,NA,NA,NA,NA,NA,NA,NA,NA,NA,NA,NA,NA
"CD_M20250141001","2025-05-15T09:30:00.000+0000","SCHEDULED","Premiership","Round 10",10,"TIO Stadium","Gold Coast SUNS","Gold Coast SUNS","Hawthorn","Hawthorn",NA,NA,NA,NA,NA,NA,NA,NA,NA,NA,NA,NA,NA,NA,NA,NA,NA,NA,NA,NA,NA,NA,NA,NA,NA,NA,NA,NA,NA,NA,NA,NA,NA,NA,NA,NA,NA,NA,NA,NA,NA,NA,NA,NA,NA,NA,NA,NA,NA,NA,NA,NA,NA,NA,NA,NA,NA,NA,NA,NA,NA,NA,NA,NA,NA,NA,NA,NA,NA,NA,NA,NA,NA,NA,NA,NA,NA,NA,NA,NA,NA,NA,NA,NA
"CD_M20250141002","2025-05-16T09:40:00.000+0000","SCHEDULED","Premiership","Round 10",10,"SCG","Sydney Swans","Sydney Swans","Carlton","Carlton",NA,NA,NA,NA,NA,NA,NA,NA,NA,NA,NA,NA,NA,NA,NA,NA,NA,NA,NA,NA,NA,NA,NA,NA,NA,NA,NA,NA,NA,NA,NA,NA,NA,NA,NA,NA,NA,NA,NA,NA,NA,NA,NA,NA,NA,NA,NA,NA,NA,NA,NA,NA,NA,NA,NA,NA,NA,NA,NA,NA,NA,NA,NA,NA,NA,NA,NA,NA,NA,NA,NA,NA,NA,NA,NA,NA,NA,NA,NA,NA,NA,NA,NA,NA
"CD_M20250141003","2025-05-17T03:20:00.000+0000","SCHEDULED","Premiership","Round 10",10,"MCG","Collingwood","Collingwood","Adelaide Crows","Adelaide Crows",NA,NA,NA,NA,NA,NA,NA,NA,NA,NA,NA,NA,NA,NA,NA,NA,NA,NA,NA,NA,NA,NA,NA,NA,NA,NA,NA,NA,NA,NA,NA,NA,NA,NA,NA,NA,NA,NA,NA,NA,NA,NA,NA,NA,NA,NA,NA,NA,NA,NA,NA,NA,NA,NA,NA,NA,NA,NA,NA,NA,NA,NA,NA,NA,NA,NA,NA,NA,NA,NA,NA,NA,NA,NA,NA,NA,NA,NA,NA,NA,NA,NA,NA,NA
"CD_M20250141004","2025-05-17T06:15:00.000+0000","SCHEDULED","Premiership","Round 10",10,"Adelaide Oval","Port Adelaide","Port Adelaide","Geelong Cats","Geelong Cats",NA,NA,NA,NA,NA,NA,NA,NA,NA,NA,NA,NA,NA,NA,NA,NA,NA,NA,NA,NA,NA,NA,NA,NA,NA,NA,NA,NA,NA,NA,NA,NA,NA,NA,NA,NA,NA,NA,NA,NA,NA,NA,NA,NA,NA,NA,NA,NA,NA,NA,NA,NA,NA,NA,NA,NA,NA,NA,NA,NA,NA,NA,NA,NA,NA,NA,NA,NA,NA,NA,NA,NA,NA,NA,NA,NA,NA,NA,NA,NA,NA,NA,NA,NA
"CD_M20250141005","2025-05-17T06:15:00.000+0000","SCHEDULED","Premiership","Round 10",10,"ENGIE Stadium","GWS GIANTS","GWS GIANTS","Fremantle","Fremantle",NA,NA,NA,NA,NA,NA,NA,NA,NA,NA,NA,NA,NA,NA,NA,NA,NA,NA,NA,NA,NA,NA,NA,NA,NA,NA,NA,NA,NA,NA,NA,NA,NA,NA,NA,NA,NA,NA,NA,NA,NA,NA,NA,NA,NA,NA,NA,NA,NA,NA,NA,NA,NA,NA,NA,NA,NA,NA,NA,NA,NA,NA,NA,NA,NA,NA,NA,NA,NA,NA,NA,NA,NA,NA,NA,NA,NA,NA,NA,NA,NA,NA,NA,NA
"CD_M20250141006","2025-05-17T09:35:00.000+0000","SCHEDULED","Premiership","Round 10",10,"Marvel Stadium","Western Bulldogs","Western Bulldogs","Essendon","Essendon",NA,NA,NA,NA,NA,NA,NA,NA,NA,NA,NA,NA,NA,NA,NA,NA,NA,NA,NA,NA,NA,NA,NA,NA,NA,NA,NA,NA,NA,NA,NA,NA,NA,NA,NA,NA,NA,NA,NA,NA,NA,NA,NA,NA,NA,NA,NA,NA,NA,NA,NA,NA,NA,NA,NA,NA,NA,NA,NA,NA,NA,NA,NA,NA,NA,NA,NA,NA,NA,NA,NA,NA,NA,NA,NA,NA,NA,NA,NA,NA,NA,NA,NA,NA
"CD_M20250141007","2025-05-18T03:10:00.000+0000","SCHEDULED","Premiership","Round 10",10,"MCG","Richmond","Richmond","North Melbourne","North Melbourne",NA,NA,NA,NA,NA,NA,NA,NA,NA,NA,NA,NA,NA,NA,NA,NA,NA,NA,NA,NA,NA,NA,NA,NA,NA,NA,NA,NA,NA,NA,NA,NA,NA,NA,NA,NA,NA,NA,NA,NA,NA,NA,NA,NA,NA,NA,NA,NA,NA,NA,NA,NA,NA,NA,NA,NA,NA,NA,NA,NA,NA,NA,NA,NA,NA,NA,NA,NA,NA,NA,NA,NA,NA,NA,NA,NA,NA,NA,NA,NA,NA,NA,NA,NA
"CD_M20250141008","2025-05-18T05:20:00.000+0000","SCHEDULED","Premiership","Round 10",10,"Gabba","Brisbane Lions","Brisbane Lions","Melbourne","Melbourne",NA,NA,NA,NA,NA,NA,NA,NA,NA,NA,NA,NA,NA,NA,NA,NA,NA,NA,NA,NA,NA,NA,NA,NA,NA,NA,NA,NA,NA,NA,NA,NA,NA,NA,NA,NA,NA,NA,NA,NA,NA,NA,NA,NA,NA,NA,NA,NA,NA,NA,NA,NA,NA,NA,NA,NA,NA,NA,NA,NA,NA,NA,NA,NA,NA,NA,NA,NA,NA,NA,NA,NA,NA,NA,NA,NA,NA,NA,NA,NA,NA,NA,NA,NA
"CD_M20250141009","2025-05-18T06:40:00.000+0000","SCHEDULED","Premiership","Round 10",10,"Optus Stadium","West Coast Eagles","West Coast Eagles","St Kilda","St Kilda",NA,NA,NA,NA,NA,NA,NA,NA,NA,NA,NA,NA,NA,NA,NA,NA,NA,NA,NA,NA,NA,NA,NA,NA,NA,NA,NA,NA,NA,NA,NA,NA,NA,NA,NA,NA,NA,NA,NA,NA,NA,NA,NA,NA,NA,NA,NA,NA,NA,NA,NA,NA,NA,NA,NA,NA,NA,NA,NA,NA,NA,NA,NA,NA,NA,NA,NA,NA,NA,NA,NA,NA,NA,NA,NA,NA,NA,NA,NA,NA,NA,NA,NA,NA
"CD_M20250141101","2025-05-22T09:30:00.000+0000","SCHEDULED","Premiership","Round 11",11,"GMHBA Stadium","Geelong Cats","Geelong Cats","Western Bulldogs","Western Bulldogs",NA,NA,NA,NA,NA,NA,NA,NA,NA,NA,NA,NA,NA,NA,NA,NA,NA,NA,NA,NA,NA,NA,NA,NA,NA,NA,NA,NA,NA,NA,NA,NA,NA,NA,NA,NA,NA,NA,NA,NA,NA,NA,NA,NA,NA,NA,NA,NA,NA,NA,NA,NA,NA,NA,NA,NA,NA,NA,NA,NA,NA,NA,NA,NA,NA,NA,NA,NA,NA,NA,NA,NA,NA,NA,NA,NA,NA,NA,NA,NA,NA,NA,NA,NA
"CD_M20250141102","2025-05-23T09:40:00.000+0000","SCHEDULED","Premiership","Round 11",11,"MCG","Essendon","Essendon","Richmond","Richmond",NA,NA,NA,NA,NA,NA,NA,NA,NA,NA,NA,NA,NA,NA,NA,NA,NA,NA,NA,NA,NA,NA,NA,NA,NA,NA,NA,NA,NA,NA,NA,NA,NA,NA,NA,NA,NA,NA,NA,NA,NA,NA,NA,NA,NA,NA,NA,NA,NA,NA,NA,NA,NA,NA,NA,NA,NA,NA,NA,NA,NA,NA,NA,NA,NA,NA,NA,NA,NA,NA,NA,NA,NA,NA,NA,NA,NA,NA,NA,NA,NA,NA,NA,NA
"CD_M20250141103","2025-05-24T02:35:00.000+0000","SCHEDULED","Premiership","Round 11",11,"Marvel Stadium","Carlton","Carlton","GWS GIANTS","GWS GIANTS",NA,NA,NA,NA,NA,NA,NA,NA,NA,NA,NA,NA,NA,NA,NA,NA,NA,NA,NA,NA,NA,NA,NA,NA,NA,NA,NA,NA,NA,NA,NA,NA,NA,NA,NA,NA,NA,NA,NA,NA,NA,NA,NA,NA,NA,NA,NA,NA,NA,NA,NA,NA,NA,NA,NA,NA,NA,NA,NA,NA,NA,NA,NA,NA,NA,NA,NA,NA,NA,NA,NA,NA,NA,NA,NA,NA,NA,NA,NA,NA,NA,NA,NA,NA
"CD_M20250141104","2025-05-24T06:15:00.000+0000","SCHEDULED","Premiership","Round 11",11,"MCG","Hawthorn","Hawthorn","Brisbane Lions","Brisbane Lions",NA,NA,NA,NA,NA,NA,NA,NA,NA,NA,NA,NA,NA,NA,NA,NA,NA,NA,NA,NA,NA,NA,NA,NA,NA,NA,NA,NA,NA,NA,NA,NA,NA,NA,NA,NA,NA,NA,NA,NA,NA,NA,NA,NA,NA,NA,NA,NA,NA,NA,NA,NA,NA,NA,NA,NA,NA,NA,NA,NA,NA,NA,NA,NA,NA,NA,NA,NA,NA,NA,NA,NA,NA,NA,NA,NA,NA,NA,NA,NA,NA,NA,NA,NA
"CD_M20250141105","2025-05-24T09:35:00.000+0000","SCHEDULED","Premiership","Round 11",11,"Marvel Stadium","North Melbourne","North Melbourne","Collingwood","Collingwood",NA,NA,NA,NA,NA,NA,NA,NA,NA,NA,NA,NA,NA,NA,NA,NA,NA,NA,NA,NA,NA,NA,NA,NA,NA,NA,NA,NA,NA,NA,NA,NA,NA,NA,NA,NA,NA,NA,NA,NA,NA,NA,NA,NA,NA,NA,NA,NA,NA,NA,NA,NA,NA,NA,NA,NA,NA,NA,NA,NA,NA,NA,NA,NA,NA,NA,NA,NA,NA,NA,NA,NA,NA,NA,NA,NA,NA,NA,NA,NA,NA,NA,NA,NA
"CD_M20250141106","2025-05-24T10:10:00.000+0000","SCHEDULED","Premiership","Round 11",11,"Optus Stadium","Fremantle","Fremantle","Port Adelaide","Port Adelaide",NA,NA,NA,NA,NA,NA,NA,NA,NA,NA,NA,NA,NA,NA,NA,NA,NA,NA,NA,NA,NA,NA,NA,NA,NA,NA,NA,NA,NA,NA,NA,NA,NA,NA,NA,NA,NA,NA,NA,NA,NA,NA,NA,NA,NA,NA,NA,NA,NA,NA,NA,NA,NA,NA,NA,NA,NA,NA,NA,NA,NA,NA,NA,NA,NA,NA,NA,NA,NA,NA,NA,NA,NA,NA,NA,NA,NA,NA,NA,NA,NA,NA,NA,NA
"CD_M20250141107","2025-05-25T03:10:00.000+0000","SCHEDULED","Premiership","Round 11",11,"Adelaide Oval","Adelaide Crows","Adelaide Crows","West Coast Eagles","West Coast Eagles",NA,NA,NA,NA,NA,NA,NA,NA,NA,NA,NA,NA,NA,NA,NA,NA,NA,NA,NA,NA,NA,NA,NA,NA,NA,NA,NA,NA,NA,NA,NA,NA,NA,NA,NA,NA,NA,NA,NA,NA,NA,NA,NA,NA,NA,NA,NA,NA,NA,NA,NA,NA,NA,NA,NA,NA,NA,NA,NA,NA,NA,NA,NA,NA,NA,NA,NA,NA,NA,NA,NA,NA,NA,NA,NA,NA,NA,NA,NA,NA,NA,NA,NA,NA
"CD_M20250141108","2025-05-25T05:20:00.000+0000","SCHEDULED","Premiership","Round 11",11,"MCG","Melbourne","Melbourne","Sydney Swans","Sydney Swans",NA,NA,NA,NA,NA,NA,NA,NA,NA,NA,NA,NA,NA,NA,NA,NA,NA,NA,NA,NA,NA,NA,NA,NA,NA,NA,NA,NA,NA,NA,NA,NA,NA,NA,NA,NA,NA,NA,NA,NA,NA,NA,NA,NA,NA,NA,NA,NA,NA,NA,NA,NA,NA,NA,NA,NA,NA,NA,NA,NA,NA,NA,NA,NA,NA,NA,NA,NA,NA,NA,NA,NA,NA,NA,NA,NA,NA,NA,NA,NA,NA,NA,NA,NA
"CD_M20250141109","2025-05-25T06:40:00.000+0000","SCHEDULED","Premiership","Round 11",11,"Marvel Stadium","St Kilda","St Kilda","Gold Coast SUNS","Gold Coast SUNS",NA,NA,NA,NA,NA,NA,NA,NA,NA,NA,NA,NA,NA,NA,NA,NA,NA,NA,NA,NA,NA,NA,NA,NA,NA,NA,NA,NA,NA,NA,NA,NA,NA,NA,NA,NA,NA,NA,NA,NA,NA,NA,NA,NA,NA,NA,NA,NA,NA,NA,NA,NA,NA,NA,NA,NA,NA,NA,NA,NA,NA,NA,NA,NA,NA,NA,NA,NA,NA,NA,NA,NA,NA,NA,NA,NA,NA,NA,NA,NA,NA,NA,NA,NA
"CD_M20250141201","2025-05-29T09:30:00.000+0000","SCHEDULED","Premiership","Round 12",12,"Gabba","Brisbane Lions","Brisbane Lions","Essendon","Essendon",NA,NA,NA,NA,NA,NA,NA,NA,NA,NA,NA,NA,NA,NA,NA,NA,NA,NA,NA,NA,NA,NA,NA,NA,NA,NA,NA,NA,NA,NA,NA,NA,NA,NA,NA,NA,NA,NA,NA,NA,NA,NA,NA,NA,NA,NA,NA,NA,NA,NA,NA,NA,NA,NA,NA,NA,NA,NA,NA,NA,NA,NA,NA,NA,NA,NA,NA,NA,NA,NA,NA,NA,NA,NA,NA,NA,NA,NA,NA,NA,NA,NA,NA,NA
"CD_M20250141202","2025-05-30T09:40:00.000+0000","SCHEDULED","Premiership","Round 12",12,"MCG","Collingwood","Collingwood","Hawthorn","Hawthorn",NA,NA,NA,NA,NA,NA,NA,NA,NA,NA,NA,NA,NA,NA,NA,NA,NA,NA,NA,NA,NA,NA,NA,NA,NA,NA,NA,NA,NA,NA,NA,NA,NA,NA,NA,NA,NA,NA,NA,NA,NA,NA,NA,NA,NA,NA,NA,NA,NA,NA,NA,NA,NA,NA,NA,NA,NA,NA,NA,NA,NA,NA,NA,NA,NA,NA,NA,NA,NA,NA,NA,NA,NA,NA,NA,NA,NA,NA,NA,NA,NA,NA,NA,NA
"CD_M20250141203","2025-05-31T03:20:00.000+0000","SCHEDULED","Premiership","Round 12",12,"People First Stadium","Gold Coast SUNS","Gold Coast SUNS","Fremantle","Fremantle",NA,NA,NA,NA,NA,NA,NA,NA,NA,NA,NA,NA,NA,NA,NA,NA,NA,NA,NA,NA,NA,NA,NA,NA,NA,NA,NA,NA,NA,NA,NA,NA,NA,NA,NA,NA,NA,NA,NA,NA,NA,NA,NA,NA,NA,NA,NA,NA,NA,NA,NA,NA,NA,NA,NA,NA,NA,NA,NA,NA,NA,NA,NA,NA,NA,NA,NA,NA,NA,NA,NA,NA,NA,NA,NA,NA,NA,NA,NA,NA,NA,NA,NA,NA
"CD_M20250141204","2025-05-31T06:15:00.000+0000","SCHEDULED","Premiership","Round 12",12,"ENGIE Stadium","GWS GIANTS","GWS GIANTS","Richmond","Richmond",NA,NA,NA,NA,NA,NA,NA,NA,NA,NA,NA,NA,NA,NA,NA,NA,NA,NA,NA,NA,NA,NA,NA,NA,NA,NA,NA,NA,NA,NA,NA,NA,NA,NA,NA,NA,NA,NA,NA,NA,NA,NA,NA,NA,NA,NA,NA,NA,NA,NA,NA,NA,NA,NA,NA,NA,NA,NA,NA,NA,NA,NA,NA,NA,NA,NA,NA,NA,NA,NA,NA,NA,NA,NA,NA,NA,NA,NA,NA,NA,NA,NA,NA,NA
"CD_M20250141205","2025-05-31T09:35:00.000+0000","SCHEDULED","Premiership","Round 12",12,"SCG","Sydney Swans","Sydney Swans","Adelaide Crows","Adelaide Crows",NA,NA,NA,NA,NA,NA,NA,NA,NA,NA,NA,NA,NA,NA,NA,NA,NA,NA,NA,NA,NA,NA,NA,NA,NA,NA,NA,NA,NA,NA,NA,NA,NA,NA,NA,NA,NA,NA,NA,NA,NA,NA,NA,NA,NA,NA,NA,NA,NA,NA,NA,NA,NA,NA,NA,NA,NA,NA,NA,NA,NA,NA,NA,NA,NA,NA,NA,NA,NA,NA,NA,NA,NA,NA,NA,NA,NA,NA,NA,NA,NA,NA,NA,NA
"CD_M20250141206","2025-06-01T05:20:00.000+0000","SCHEDULED","Premiership","Round 12",12,"TIO Traeger Park","Melbourne","Melbourne","St Kilda","St Kilda",NA,NA,NA,NA,NA,NA,NA,NA,NA,NA,NA,NA,NA,NA,NA,NA,NA,NA,NA,NA,NA,NA,NA,NA,NA,NA,NA,NA,NA,NA,NA,NA,NA,NA,NA,NA,NA,NA,NA,NA,NA,NA,NA,NA,NA,NA,NA,NA,NA,NA,NA,NA,NA,NA,NA,NA,NA,NA,NA,NA,NA,NA,NA,NA,NA,NA,NA,NA,NA,NA,NA,NA,NA,NA,NA,NA,NA,NA,NA,NA,NA,NA,NA,NA
"CD_M20250141207","2025-06-01T09:20:00.000+0000","SCHEDULED","Premiership","Round 12",12,"Optus Stadium","West Coast Eagles","West Coast Eagles","Geelong Cats","Geelong Cats",NA,NA,NA,NA,NA,NA,NA,NA,NA,NA,NA,NA,NA,NA,NA,NA,NA,NA,NA,NA,NA,NA,NA,NA,NA,NA,NA,NA,NA,NA,NA,NA,NA,NA,NA,NA,NA,NA,NA,NA,NA,NA,NA,NA,NA,NA,NA,NA,NA,NA,NA,NA,NA,NA,NA,NA,NA,NA,NA,NA,NA,NA,NA,NA,NA,NA,NA,NA,NA,NA,NA,NA,NA,NA,NA,NA,NA,NA,NA,NA,NA,NA,NA,NA
"CD_M20250141301","2025-06-05T09:30:00.000+0000","SCHEDULED","Premiership","Round 13",13,"Marvel Stadium","Western Bulldogs","Western Bulldogs","Hawthorn","Hawthorn",NA,NA,NA,NA,NA,NA,NA,NA,NA,NA,NA,NA,NA,NA,NA,NA,NA,NA,NA,NA,NA,NA,NA,NA,NA,NA,NA,NA,NA,NA,NA,NA,NA,NA,NA,NA,NA,NA,NA,NA,NA,NA,NA,NA,NA,NA,NA,NA,NA,NA,NA,NA,NA,NA,NA,NA,NA,NA,NA,NA,NA,NA,NA,NA,NA,NA,NA,NA,NA,NA,NA,NA,NA,NA,NA,NA,NA,NA,NA,NA,NA,NA,NA,NA
"CD_M20250141302","2025-06-06T09:40:00.000+0000","SCHEDULED","Premiership","Round 13",13,"Adelaide Oval","Adelaide Crows","Adelaide Crows","Brisbane Lions","Brisbane Lions",NA,NA,NA,NA,NA,NA,NA,NA,NA,NA,NA,NA,NA,NA,NA,NA,NA,NA,NA,NA,NA,NA,NA,NA,NA,NA,NA,NA,NA,NA,NA,NA,NA,NA,NA,NA,NA,NA,NA,NA,NA,NA,NA,NA,NA,NA,NA,NA,NA,NA,NA,NA,NA,NA,NA,NA,NA,NA,NA,NA,NA,NA,NA,NA,NA,NA,NA,NA,NA,NA,NA,NA,NA,NA,NA,NA,NA,NA,NA,NA,NA,NA,NA,NA
"CD_M20250141303","2025-06-07T03:20:00.000+0000","SCHEDULED","Premiership","Round 13",13,"MCG","Richmond","Richmond","Sydney Swans","Sydney Swans",NA,NA,NA,NA,NA,NA,NA,NA,NA,NA,NA,NA,NA,NA,NA,NA,NA,NA,NA,NA,NA,NA,NA,NA,NA,NA,NA,NA,NA,NA,NA,NA,NA,NA,NA,NA,NA,NA,NA,NA,NA,NA,NA,NA,NA,NA,NA,NA,NA,NA,NA,NA,NA,NA,NA,NA,NA,NA,NA,NA,NA,NA,NA,NA,NA,NA,NA,NA,NA,NA,NA,NA,NA,NA,NA,NA,NA,NA,NA,NA,NA,NA,NA,NA
"CD_M20250141304","2025-06-07T06:15:00.000+0000","SCHEDULED","Premiership","Round 13",13,"GMHBA Stadium","Geelong Cats","Geelong Cats","Gold Coast SUNS","Gold Coast SUNS",NA,NA,NA,NA,NA,NA,NA,NA,NA,NA,NA,NA,NA,NA,NA,NA,NA,NA,NA,NA,NA,NA,NA,NA,NA,NA,NA,NA,NA,NA,NA,NA,NA,NA,NA,NA,NA,NA,NA,NA,NA,NA,NA,NA,NA,NA,NA,NA,NA,NA,NA,NA,NA,NA,NA,NA,NA,NA,NA,NA,NA,NA,NA,NA,NA,NA,NA,NA,NA,NA,NA,NA,NA,NA,NA,NA,NA,NA,NA,NA,NA,NA,NA,NA
"CD_M20250141305","2025-06-07T09:35:00.000+0000","SCHEDULED","Premiership","Round 13",13,"Manuka Oval","GWS GIANTS","GWS GIANTS","Port Adelaide","Port Adelaide",NA,NA,NA,NA,NA,NA,NA,NA,NA,NA,NA,NA,NA,NA,NA,NA,NA,NA,NA,NA,NA,NA,NA,NA,NA,NA,NA,NA,NA,NA,NA,NA,NA,NA,NA,NA,NA,NA,NA,NA,NA,NA,NA,NA,NA,NA,NA,NA,NA,NA,NA,NA,NA,NA,NA,NA,NA,NA,NA,NA,NA,NA,NA,NA,NA,NA,NA,NA,NA,NA,NA,NA,NA,NA,NA,NA,NA,NA,NA,NA,NA,NA,NA,NA
"CD_M20250141306","2025-06-08T05:20:00.000+0000","SCHEDULED","Premiership","Round 13",13,"Hands Oval","North Melbourne","North Melbourne","West Coast Eagles","West Coast Eagles",NA,NA,NA,NA,NA,NA,NA,NA,NA,NA,NA,NA,NA,NA,NA,NA,NA,NA,NA,NA,NA,NA,NA,NA,NA,NA,NA,NA,NA,NA,NA,NA,NA,NA,NA,NA,NA,NA,NA,NA,NA,NA,NA,NA,NA,NA,NA,NA,NA,NA,NA,NA,NA,NA,NA,NA,NA,NA,NA,NA,NA,NA,NA,NA,NA,NA,NA,NA,NA,NA,NA,NA,NA,NA,NA,NA,NA,NA,NA,NA,NA,NA,NA,NA
"CD_M20250141307","2025-06-08T09:20:00.000+0000","SCHEDULED","Premiership","Round 13",13,"MCG","Carlton","Carlton","Essendon","Essendon",NA,NA,NA,NA,NA,NA,NA,NA,NA,NA,NA,NA,NA,NA,NA,NA,NA,NA,NA,NA,NA,NA,NA,NA,NA,NA,NA,NA,NA,NA,NA,NA,NA,NA,NA,NA,NA,NA,NA,NA,NA,NA,NA,NA,NA,NA,NA,NA,NA,NA,NA,NA,NA,NA,NA,NA,NA,NA,NA,NA,NA,NA,NA,NA,NA,NA,NA,NA,NA,NA,NA,NA,NA,NA,NA,NA,NA,NA,NA,NA,NA,NA,NA,NA
"CD_M20250141308","2025-06-09T05:20:00.000+0000","SCHEDULED","Premiership","Round 13",13,"MCG","Melbourne","Melbourne","Collingwood","Collingwood",NA,NA,NA,NA,NA,NA,NA,NA,NA,NA,NA,NA,NA,NA,NA,NA,NA,NA,NA,NA,NA,NA,NA,NA,NA,NA,NA,NA,NA,NA,NA,NA,NA,NA,NA,NA,NA,NA,NA,NA,NA,NA,NA,NA,NA,NA,NA,NA,NA,NA,NA,NA,NA,NA,NA,NA,NA,NA,NA,NA,NA,NA,NA,NA,NA,NA,NA,NA,NA,NA,NA,NA,NA,NA,NA,NA,NA,NA,NA,NA,NA,NA,NA,NA
"CD_M20250141401","2025-06-12T09:30:00.000+0000","SCHEDULED","Premiership","Round 14",14,"Marvel Stadium","St Kilda","St Kilda","Western Bulldogs","Western Bulldogs",NA,NA,NA,NA,NA,NA,NA,NA,NA,NA,NA,NA,NA,NA,NA,NA,NA,NA,NA,NA,NA,NA,NA,NA,NA,NA,NA,NA,NA,NA,NA,NA,NA,NA,NA,NA,NA,NA,NA,NA,NA,NA,NA,NA,NA,NA,NA,NA,NA,NA,NA,NA,NA,NA,NA,NA,NA,NA,NA,NA,NA,NA,NA,NA,NA,NA,NA,NA,NA,NA,NA,NA,NA,NA,NA,NA,NA,NA,NA,NA,NA,NA,NA,NA
"CD_M20250141402","2025-06-13T09:40:00.000+0000","SCHEDULED","Premiership","Round 14",14,"University of Tasmania Stadium","Hawthorn","Hawthorn","Adelaide Crows","Adelaide Crows",NA,NA,NA,NA,NA,NA,NA,NA,NA,NA,NA,NA,NA,NA,NA,NA,NA,NA,NA,NA,NA,NA,NA,NA,NA,NA,NA,NA,NA,NA,NA,NA,NA,NA,NA,NA,NA,NA,NA,NA,NA,NA,NA,NA,NA,NA,NA,NA,NA,NA,NA,NA,NA,NA,NA,NA,NA,NA,NA,NA,NA,NA,NA,NA,NA,NA,NA,NA,NA,NA,NA,NA,NA,NA,NA,NA,NA,NA,NA,NA,NA,NA,NA,NA
"CD_M20250141403","2025-06-14T03:20:00.000+0000","SCHEDULED","Premiership","Round 14",14,"Gabba","Brisbane Lions","Brisbane Lions","GWS GIANTS","GWS GIANTS",NA,NA,NA,NA,NA,NA,NA,NA,NA,NA,NA,NA,NA,NA,NA,NA,NA,NA,NA,NA,NA,NA,NA,NA,NA,NA,NA,NA,NA,NA,NA,NA,NA,NA,NA,NA,NA,NA,NA,NA,NA,NA,NA,NA,NA,NA,NA,NA,NA,NA,NA,NA,NA,NA,NA,NA,NA,NA,NA,NA,NA,NA,NA,NA,NA,NA,NA,NA,NA,NA,NA,NA,NA,NA,NA,NA,NA,NA,NA,NA,NA,NA,NA,NA
"CD_M20250141404","2025-06-14T06:15:00.000+0000","SCHEDULED","Premiership","Round 14",14,"MCG","Essendon","Essendon","Geelong Cats","Geelong Cats",NA,NA,NA,NA,NA,NA,NA,NA,NA,NA,NA,NA,NA,NA,NA,NA,NA,NA,NA,NA,NA,NA,NA,NA,NA,NA,NA,NA,NA,NA,NA,NA,NA,NA,NA,NA,NA,NA,NA,NA,NA,NA,NA,NA,NA,NA,NA,NA,NA,NA,NA,NA,NA,NA,NA,NA,NA,NA,NA,NA,NA,NA,NA,NA,NA,NA,NA,NA,NA,NA,NA,NA,NA,NA,NA,NA,NA,NA,NA,NA,NA,NA,NA,NA
"CD_M20250141405","2025-06-14T09:35:00.000+0000","SCHEDULED","Premiership","Round 14",14,"Optus Stadium","North Melbourne","North Melbourne","Fremantle","Fremantle",NA,NA,NA,NA,NA,NA,NA,NA,NA,NA,NA,NA,NA,NA,NA,NA,NA,NA,NA,NA,NA,NA,NA,NA,NA,NA,NA,NA,NA,NA,NA,NA,NA,NA,NA,NA,NA,NA,NA,NA,NA,NA,NA,NA,NA,NA,NA,NA,NA,NA,NA,NA,NA,NA,NA,NA,NA,NA,NA,NA,NA,NA,NA,NA,NA,NA,NA,NA,NA,NA,NA,NA,NA,NA,NA,NA,NA,NA,NA,NA,NA,NA,NA,NA
"CD_M20250141406","2025-06-15T05:20:00.000+0000","SCHEDULED","Premiership","Round 14",14,"Adelaide Oval","Port Adelaide","Port Adelaide","Melbourne","Melbourne",NA,NA,NA,NA,NA,NA,NA,NA,NA,NA,NA,NA,NA,NA,NA,NA,NA,NA,NA,NA,NA,NA,NA,NA,NA,NA,NA,NA,NA,NA,NA,NA,NA,NA,NA,NA,NA,NA,NA,NA,NA,NA,NA,NA,NA,NA,NA,NA,NA,NA,NA,NA,NA,NA,NA,NA,NA,NA,NA,NA,NA,NA,NA,NA,NA,NA,NA,NA,NA,NA,NA,NA,NA,NA,NA,NA,NA,NA,NA,NA,NA,NA,NA,NA
"CD_M20250141407","2025-06-15T08:10:00.000+0000","SCHEDULED","Premiership","Round 14",14,"Optus Stadium","West Coast Eagles","West Coast Eagles","Carlton","Carlton",NA,NA,NA,NA,NA,NA,NA,NA,NA,NA,NA,NA,NA,NA,NA,NA,NA,NA,NA,NA,NA,NA,NA,NA,NA,NA,NA,NA,NA,NA,NA,NA,NA,NA,NA,NA,NA,NA,NA,NA,NA,NA,NA,NA,NA,NA,NA,NA,NA,NA,NA,NA,NA,NA,NA,NA,NA,NA,NA,NA,NA,NA,NA,NA,NA,NA,NA,NA,NA,NA,NA,NA,NA,NA,NA,NA,NA,NA,NA,NA,NA,NA,NA,NA
"CD_M20250141501","2025-06-19T10:10:00.000+0000","SCHEDULED","Premiership","Round 15",15,"Optus Stadium","Fremantle","Fremantle","Essendon","Essendon",NA,NA,NA,NA,NA,NA,NA,NA,NA,NA,NA,NA,NA,NA,NA,NA,NA,NA,NA,NA,NA,NA,NA,NA,NA,NA,NA,NA,NA,NA,NA,NA,NA,NA,NA,NA,NA,NA,NA,NA,NA,NA,NA,NA,NA,NA,NA,NA,NA,NA,NA,NA,NA,NA,NA,NA,NA,NA,NA,NA,NA,NA,NA,NA,NA,NA,NA,NA,NA,NA,NA,NA,NA,NA,NA,NA,NA,NA,NA,NA,NA,NA,NA,NA
"CD_M20250141502","2025-06-20T09:40:00.000+0000","SCHEDULED","Premiership","Round 15",15,"GMHBA Stadium","Geelong Cats","Geelong Cats","Brisbane Lions","Brisbane Lions",NA,NA,NA,NA,NA,NA,NA,NA,NA,NA,NA,NA,NA,NA,NA,NA,NA,NA,NA,NA,NA,NA,NA,NA,NA,NA,NA,NA,NA,NA,NA,NA,NA,NA,NA,NA,NA,NA,NA,NA,NA,NA,NA,NA,NA,NA,NA,NA,NA,NA,NA,NA,NA,NA,NA,NA,NA,NA,NA,NA,NA,NA,NA,NA,NA,NA,NA,NA,NA,NA,NA,NA,NA,NA,NA,NA,NA,NA,NA,NA,NA,NA,NA,NA
"CD_M20250141503","2025-06-21T03:20:00.000+0000","SCHEDULED","Premiership","Round 15",15,"MCG","Carlton","Carlton","North Melbourne","North Melbourne",NA,NA,NA,NA,NA,NA,NA,NA,NA,NA,NA,NA,NA,NA,NA,NA,NA,NA,NA,NA,NA,NA,NA,NA,NA,NA,NA,NA,NA,NA,NA,NA,NA,NA,NA,NA,NA,NA,NA,NA,NA,NA,NA,NA,NA,NA,NA,NA,NA,NA,NA,NA,NA,NA,NA,NA,NA,NA,NA,NA,NA,NA,NA,NA,NA,NA,NA,NA,NA,NA,NA,NA,NA,NA,NA,NA,NA,NA,NA,NA,NA,NA,NA,NA
"CD_M20250141504","2025-06-21T06:15:00.000+0000","SCHEDULED","Premiership","Round 15",15,"Adelaide Oval","Port Adelaide","Port Adelaide","Sydney Swans","Sydney Swans",NA,NA,NA,NA,NA,NA,NA,NA,NA,NA,NA,NA,NA,NA,NA,NA,NA,NA,NA,NA,NA,NA,NA,NA,NA,NA,NA,NA,NA,NA,NA,NA,NA,NA,NA,NA,NA,NA,NA,NA,NA,NA,NA,NA,NA,NA,NA,NA,NA,NA,NA,NA,NA,NA,NA,NA,NA,NA,NA,NA,NA,NA,NA,NA,NA,NA,NA,NA,NA,NA,NA,NA,NA,NA,NA,NA,NA,NA,NA,NA,NA,NA,NA,NA
"CD_M20250141505","2025-06-21T09:35:00.000+0000","SCHEDULED","Premiership","Round 15",15,"Marvel Stadium","Collingwood","Collingwood","St Kilda","St Kilda",NA,NA,NA,NA,NA,NA,NA,NA,NA,NA,NA,NA,NA,NA,NA,NA,NA,NA,NA,NA,NA,NA,NA,NA,NA,NA,NA,NA,NA,NA,NA,NA,NA,NA,NA,NA,NA,NA,NA,NA,NA,NA,NA,NA,NA,NA,NA,NA,NA,NA,NA,NA,NA,NA,NA,NA,NA,NA,NA,NA,NA,NA,NA,NA,NA,NA,NA,NA,NA,NA,NA,NA,NA,NA,NA,NA,NA,NA,NA,NA,NA,NA,NA,NA
"CD_M20250141506","2025-06-22T03:10:00.000+0000","SCHEDULED","Premiership","Round 15",15,"ENGIE Stadium","GWS GIANTS","GWS GIANTS","Gold Coast SUNS","Gold Coast SUNS",NA,NA,NA,NA,NA,NA,NA,NA,NA,NA,NA,NA,NA,NA,NA,NA,NA,NA,NA,NA,NA,NA,NA,NA,NA,NA,NA,NA,NA,NA,NA,NA,NA,NA,NA,NA,NA,NA,NA,NA,NA,NA,NA,NA,NA,NA,NA,NA,NA,NA,NA,NA,NA,NA,NA,NA,NA,NA,NA,NA,NA,NA,NA,NA,NA,NA,NA,NA,NA,NA,NA,NA,NA,NA,NA,NA,NA,NA,NA,NA,NA,NA,NA,NA
"CD_M20250141507","2025-06-22T05:20:00.000+0000","SCHEDULED","Premiership","Round 15",15,"Marvel Stadium","Western Bulldogs","Western Bulldogs","Richmond","Richmond",NA,NA,NA,NA,NA,NA,NA,NA,NA,NA,NA,NA,NA,NA,NA,NA,NA,NA,NA,NA,NA,NA,NA,NA,NA,NA,NA,NA,NA,NA,NA,NA,NA,NA,NA,NA,NA,NA,NA,NA,NA,NA,NA,NA,NA,NA,NA,NA,NA,NA,NA,NA,NA,NA,NA,NA,NA,NA,NA,NA,NA,NA,NA,NA,NA,NA,NA,NA,NA,NA,NA,NA,NA,NA,NA,NA,NA,NA,NA,NA,NA,NA,NA,NA
"CD_M20250141602","2025-06-28T14:00:00.000+0000","PLACEHOLDER","Premiership","Round 16",16,"Marvel Stadium","Collingwood","Collingwood","West Coast Eagles","West Coast Eagles",NA,NA,NA,NA,NA,NA,NA,NA,NA,NA,NA,NA,NA,NA,NA,NA,NA,NA,NA,NA,NA,NA,NA,NA,NA,NA,NA,NA,NA,NA,NA,NA,NA,NA,NA,NA,NA,NA,NA,NA,NA,NA,NA,NA,NA,NA,NA,NA,NA,NA,NA,NA,NA,NA,NA,NA,NA,NA,NA,NA,NA,NA,NA,NA,NA,NA,NA,NA,NA,NA,NA,NA,NA,NA,NA,NA,NA,NA,NA,NA,NA,NA,NA,NA
"CD_M20250141603","2025-06-28T14:00:00.000+0000","PLACEHOLDER","Premiership","Round 16",16,"MCG","Richmond","Richmond","Adelaide Crows","Adelaide Crows",NA,NA,NA,NA,NA,NA,NA,NA,NA,NA,NA,NA,NA,NA,NA,NA,NA,NA,NA,NA,NA,NA,NA,NA,NA,NA,NA,NA,NA,NA,NA,NA,NA,NA,NA,NA,NA,NA,NA,NA,NA,NA,NA,NA,NA,NA,NA,NA,NA,NA,NA,NA,NA,NA,NA,NA,NA,NA,NA,NA,NA,NA,NA,NA,NA,NA,NA,NA,NA,NA,NA,NA,NA,NA,NA,NA,NA,NA,NA,NA,NA,NA,NA,NA
"CD_M20250141604","2025-06-28T14:00:00.000+0000","PLACEHOLDER","Premiership","Round 16",16,"People First Stadium","Gold Coast SUNS","Gold Coast SUNS","Melbourne","Melbourne",NA,NA,NA,NA,NA,NA,NA,NA,NA,NA,NA,NA,NA,NA,NA,NA,NA,NA,NA,NA,NA,NA,NA,NA,NA,NA,NA,NA,NA,NA,NA,NA,NA,NA,NA,NA,NA,NA,NA,NA,NA,NA,NA,NA,NA,NA,NA,NA,NA,NA,NA,NA,NA,NA,NA,NA,NA,NA,NA,NA,NA,NA,NA,NA,NA,NA,NA,NA,NA,NA,NA,NA,NA,NA,NA,NA,NA,NA,NA,NA,NA,NA,NA,NA
"CD_M20250141606","2025-06-28T14:00:00.000+0000","PLACEHOLDER","Premiership","Round 16",16,"SCG","Sydney Swans","Sydney Swans","Western Bulldogs","Western Bulldogs",NA,NA,NA,NA,NA,NA,NA,NA,NA,NA,NA,NA,NA,NA,NA,NA,NA,NA,NA,NA,NA,NA,NA,NA,NA,NA,NA,NA,NA,NA,NA,NA,NA,NA,NA,NA,NA,NA,NA,NA,NA,NA,NA,NA,NA,NA,NA,NA,NA,NA,NA,NA,NA,NA,NA,NA,NA,NA,NA,NA,NA,NA,NA,NA,NA,NA,NA,NA,NA,NA,NA,NA,NA,NA,NA,NA,NA,NA,NA,NA,NA,NA,NA,NA
"CD_M20250141607","2025-06-28T14:00:00.000+0000","PLACEHOLDER","Premiership","Round 16",16,"University of Tasmania Stadium","Hawthorn","Hawthorn","North Melbourne","North Melbourne",NA,NA,NA,NA,NA,NA,NA,NA,NA,NA,NA,NA,NA,NA,NA,NA,NA,NA,NA,NA,NA,NA,NA,NA,NA,NA,NA,NA,NA,NA,NA,NA,NA,NA,NA,NA,NA,NA,NA,NA,NA,NA,NA,NA,NA,NA,NA,NA,NA,NA,NA,NA,NA,NA,NA,NA,NA,NA,NA,NA,NA,NA,NA,NA,NA,NA,NA,NA,NA,NA,NA,NA,NA,NA,NA,NA,NA,NA,NA,NA,NA,NA,NA,NA
"CD_M20250141601","2025-06-28T14:30:00.000+0000","PLACEHOLDER","Premiership","Round 16",16,"Adelaide Oval","Port Adelaide","Port Adelaide","Carlton","Carlton",NA,NA,NA,NA,NA,NA,NA,NA,NA,NA,NA,NA,NA,NA,NA,NA,NA,NA,NA,NA,NA,NA,NA,NA,NA,NA,NA,NA,NA,NA,NA,NA,NA,NA,NA,NA,NA,NA,NA,NA,NA,NA,NA,NA,NA,NA,NA,NA,NA,NA,NA,NA,NA,NA,NA,NA,NA,NA,NA,NA,NA,NA,NA,NA,NA,NA,NA,NA,NA,NA,NA,NA,NA,NA,NA,NA,NA,NA,NA,NA,NA,NA,NA,NA
"CD_M20250141605","2025-06-28T16:00:00.000+0000","PLACEHOLDER","Premiership","Round 16",16,"Optus Stadium","Fremantle","Fremantle","St Kilda","St Kilda",NA,NA,NA,NA,NA,NA,NA,NA,NA,NA,NA,NA,NA,NA,NA,NA,NA,NA,NA,NA,NA,NA,NA,NA,NA,NA,NA,NA,NA,NA,NA,NA,NA,NA,NA,NA,NA,NA,NA,NA,NA,NA,NA,NA,NA,NA,NA,NA,NA,NA,NA,NA,NA,NA,NA,NA,NA,NA,NA,NA,NA,NA,NA,NA,NA,NA,NA,NA,NA,NA,NA,NA,NA,NA,NA,NA,NA,NA,NA,NA,NA,NA,NA,NA
"CD_M20250141702","2025-07-04T14:00:00.000+0000","PLACEHOLDER","Premiership","Round 17",17,"GMHBA Stadium","Geelong Cats","Geelong Cats","Richmond","Richmond",NA,NA,NA,NA,NA,NA,NA,NA,NA,NA,NA,NA,NA,NA,NA,NA,NA,NA,NA,NA,NA,NA,NA,NA,NA,NA,NA,NA,NA,NA,NA,NA,NA,NA,NA,NA,NA,NA,NA,NA,NA,NA,NA,NA,NA,NA,NA,NA,NA,NA,NA,NA,NA,NA,NA,NA,NA,NA,NA,NA,NA,NA,NA,NA,NA,NA,NA,NA,NA,NA,NA,NA,NA,NA,NA,NA,NA,NA,NA,NA,NA,NA,NA,NA
"CD_M20250141703","2025-07-04T14:00:00.000+0000","PLACEHOLDER","Premiership","Round 17",17,"Marvel Stadium","St Kilda","St Kilda","Hawthorn","Hawthorn",NA,NA,NA,NA,NA,NA,NA,NA,NA,NA,NA,NA,NA,NA,NA,NA,NA,NA,NA,NA,NA,NA,NA,NA,NA,NA,NA,NA,NA,NA,NA,NA,NA,NA,NA,NA,NA,NA,NA,NA,NA,NA,NA,NA,NA,NA,NA,NA,NA,NA,NA,NA,NA,NA,NA,NA,NA,NA,NA,NA,NA,NA,NA,NA,NA,NA,NA,NA,NA,NA,NA,NA,NA,NA,NA,NA,NA,NA,NA,NA,NA,NA,NA,NA
"CD_M20250141704","2025-07-04T14:00:00.000+0000","PLACEHOLDER","Premiership","Round 17",17,"Marvel Stadium","North Melbourne","North Melbourne","Western Bulldogs","Western Bulldogs",NA,NA,NA,NA,NA,NA,NA,NA,NA,NA,NA,NA,NA,NA,NA,NA,NA,NA,NA,NA,NA,NA,NA,NA,NA,NA,NA,NA,NA,NA,NA,NA,NA,NA,NA,NA,NA,NA,NA,NA,NA,NA,NA,NA,NA,NA,NA,NA,NA,NA,NA,NA,NA,NA,NA,NA,NA,NA,NA,NA,NA,NA,NA,NA,NA,NA,NA,NA,NA,NA,NA,NA,NA,NA,NA,NA,NA,NA,NA,NA,NA,NA,NA,NA
"CD_M20250141705","2025-07-04T14:00:00.000+0000","PLACEHOLDER","Premiership","Round 17",17,"Marvel Stadium","Essendon","Essendon","Gold Coast SUNS","Gold Coast SUNS",NA,NA,NA,NA,NA,NA,NA,NA,NA,NA,NA,NA,NA,NA,NA,NA,NA,NA,NA,NA,NA,NA,NA,NA,NA,NA,NA,NA,NA,NA,NA,NA,NA,NA,NA,NA,NA,NA,NA,NA,NA,NA,NA,NA,NA,NA,NA,NA,NA,NA,NA,NA,NA,NA,NA,NA,NA,NA,NA,NA,NA,NA,NA,NA,NA,NA,NA,NA,NA,NA,NA,NA,NA,NA,NA,NA,NA,NA,NA,NA,NA,NA,NA,NA
"CD_M20250141706","2025-07-04T14:00:00.000+0000","PLACEHOLDER","Premiership","Round 17",17,"MCG","Carlton","Carlton","Collingwood","Collingwood",NA,NA,NA,NA,NA,NA,NA,NA,NA,NA,NA,NA,NA,NA,NA,NA,NA,NA,NA,NA,NA,NA,NA,NA,NA,NA,NA,NA,NA,NA,NA,NA,NA,NA,NA,NA,NA,NA,NA,NA,NA,NA,NA,NA,NA,NA,NA,NA,NA,NA,NA,NA,NA,NA,NA,NA,NA,NA,NA,NA,NA,NA,NA,NA,NA,NA,NA,NA,NA,NA,NA,NA,NA,NA,NA,NA,NA,NA,NA,NA,NA,NA,NA,NA
"CD_M20250141708","2025-07-04T14:00:00.000+0000","PLACEHOLDER","Premiership","Round 17",17,"SCG","Sydney Swans","Sydney Swans","Fremantle","Fremantle",NA,NA,NA,NA,NA,NA,NA,NA,NA,NA,NA,NA,NA,NA,NA,NA,NA,NA,NA,NA,NA,NA,NA,NA,NA,NA,NA,NA,NA,NA,NA,NA,NA,NA,NA,NA,NA,NA,NA,NA,NA,NA,NA,NA,NA,NA,NA,NA,NA,NA,NA,NA,NA,NA,NA,NA,NA,NA,NA,NA,NA,NA,NA,NA,NA,NA,NA,NA,NA,NA,NA,NA,NA,NA,NA,NA,NA,NA,NA,NA,NA,NA,NA,NA
"CD_M20250141709","2025-07-04T14:00:00.000+0000","PLACEHOLDER","Premiership","Round 17",17,"Gabba","Brisbane Lions","Brisbane Lions","Port Adelaide","Port Adelaide",NA,NA,NA,NA,NA,NA,NA,NA,NA,NA,NA,NA,NA,NA,NA,NA,NA,NA,NA,NA,NA,NA,NA,NA,NA,NA,NA,NA,NA,NA,NA,NA,NA,NA,NA,NA,NA,NA,NA,NA,NA,NA,NA,NA,NA,NA,NA,NA,NA,NA,NA,NA,NA,NA,NA,NA,NA,NA,NA,NA,NA,NA,NA,NA,NA,NA,NA,NA,NA,NA,NA,NA,NA,NA,NA,NA,NA,NA,NA,NA,NA,NA,NA,NA
"CD_M20250141701","2025-07-04T14:30:00.000+0000","PLACEHOLDER","Premiership","Round 17",17,"Adelaide Oval","Adelaide Crows","Adelaide Crows","Melbourne","Melbourne",NA,NA,NA,NA,NA,NA,NA,NA,NA,NA,NA,NA,NA,NA,NA,NA,NA,NA,NA,NA,NA,NA,NA,NA,NA,NA,NA,NA,NA,NA,NA,NA,NA,NA,NA,NA,NA,NA,NA,NA,NA,NA,NA,NA,NA,NA,NA,NA,NA,NA,NA,NA,NA,NA,NA,NA,NA,NA,NA,NA,NA,NA,NA,NA,NA,NA,NA,NA,NA,NA,NA,NA,NA,NA,NA,NA,NA,NA,NA,NA,NA,NA,NA,NA
"CD_M20250141707","2025-07-04T16:00:00.000+0000","PLACEHOLDER","Premiership","Round 17",17,"Optus Stadium","West Coast Eagles","West Coast Eagles","GWS GIANTS","GWS GIANTS",NA,NA,NA,NA,NA,NA,NA,NA,NA,NA,NA,NA,NA,NA,NA,NA,NA,NA,NA,NA,NA,NA,NA,NA,NA,NA,NA,NA,NA,NA,NA,NA,NA,NA,NA,NA,NA,NA,NA,NA,NA,NA,NA,NA,NA,NA,NA,NA,NA,NA,NA,NA,NA,NA,NA,NA,NA,NA,NA,NA,NA,NA,NA,NA,NA,NA,NA,NA,NA,NA,NA,NA,NA,NA,NA,NA,NA,NA,NA,NA,NA,NA,NA,NA
"CD_M20250141802","2025-07-11T14:00:00.000+0000","PLACEHOLDER","Premiership","Round 18",18,"ENGIE Stadium","GWS GIANTS","GWS GIANTS","Geelong Cats","Geelong Cats",NA,NA,NA,NA,NA,NA,NA,NA,NA,NA,NA,NA,NA,NA,NA,NA,NA,NA,NA,NA,NA,NA,NA,NA,NA,NA,NA,NA,NA,NA,NA,NA,NA,NA,NA,NA,NA,NA,NA,NA,NA,NA,NA,NA,NA,NA,NA,NA,NA,NA,NA,NA,NA,NA,NA,NA,NA,NA,NA,NA,NA,NA,NA,NA,NA,NA,NA,NA,NA,NA,NA,NA,NA,NA,NA,NA,NA,NA,NA,NA,NA,NA,NA,NA
"CD_M20250141803","2025-07-11T14:00:00.000+0000","PLACEHOLDER","Premiership","Round 18",18,"Mars Stadium","Western Bulldogs","Western Bulldogs","Adelaide Crows","Adelaide Crows",NA,NA,NA,NA,NA,NA,NA,NA,NA,NA,NA,NA,NA,NA,NA,NA,NA,NA,NA,NA,NA,NA,NA,NA,NA,NA,NA,NA,NA,NA,NA,NA,NA,NA,NA,NA,NA,NA,NA,NA,NA,NA,NA,NA,NA,NA,NA,NA,NA,NA,NA,NA,NA,NA,NA,NA,NA,NA,NA,NA,NA,NA,NA,NA,NA,NA,NA,NA,NA,NA,NA,NA,NA,NA,NA,NA,NA,NA,NA,NA,NA,NA,NA,NA
"CD_M20250141804","2025-07-11T14:00:00.000+0000","PLACEHOLDER","Premiership","Round 18",18,"Marvel Stadium","St Kilda","St Kilda","Sydney Swans","Sydney Swans",NA,NA,NA,NA,NA,NA,NA,NA,NA,NA,NA,NA,NA,NA,NA,NA,NA,NA,NA,NA,NA,NA,NA,NA,NA,NA,NA,NA,NA,NA,NA,NA,NA,NA,NA,NA,NA,NA,NA,NA,NA,NA,NA,NA,NA,NA,NA,NA,NA,NA,NA,NA,NA,NA,NA,NA,NA,NA,NA,NA,NA,NA,NA,NA,NA,NA,NA,NA,NA,NA,NA,NA,NA,NA,NA,NA,NA,NA,NA,NA,NA,NA,NA,NA
"CD_M20250141805","2025-07-11T14:00:00.000+0000","PLACEHOLDER","Premiership","Round 18",18,"Marvel Stadium","Carlton","Carlton","Brisbane Lions","Brisbane Lions",NA,NA,NA,NA,NA,NA,NA,NA,NA,NA,NA,NA,NA,NA,NA,NA,NA,NA,NA,NA,NA,NA,NA,NA,NA,NA,NA,NA,NA,NA,NA,NA,NA,NA,NA,NA,NA,NA,NA,NA,NA,NA,NA,NA,NA,NA,NA,NA,NA,NA,NA,NA,NA,NA,NA,NA,NA,NA,NA,NA,NA,NA,NA,NA,NA,NA,NA,NA,NA,NA,NA,NA,NA,NA,NA,NA,NA,NA,NA,NA,NA,NA,NA,NA
"CD_M20250141806","2025-07-11T14:00:00.000+0000","PLACEHOLDER","Premiership","Round 18",18,"MCG","Melbourne","Melbourne","North Melbourne","North Melbourne",NA,NA,NA,NA,NA,NA,NA,NA,NA,NA,NA,NA,NA,NA,NA,NA,NA,NA,NA,NA,NA,NA,NA,NA,NA,NA,NA,NA,NA,NA,NA,NA,NA,NA,NA,NA,NA,NA,NA,NA,NA,NA,NA,NA,NA,NA,NA,NA,NA,NA,NA,NA,NA,NA,NA,NA,NA,NA,NA,NA,NA,NA,NA,NA,NA,NA,NA,NA,NA,NA,NA,NA,NA,NA,NA,NA,NA,NA,NA,NA,NA,NA,NA,NA
"CD_M20250141807","2025-07-11T14:00:00.000+0000","PLACEHOLDER","Premiership","Round 18",18,"MCG","Richmond","Richmond","Essendon","Essendon",NA,NA,NA,NA,NA,NA,NA,NA,NA,NA,NA,NA,NA,NA,NA,NA,NA,NA,NA,NA,NA,NA,NA,NA,NA,NA,NA,NA,NA,NA,NA,NA,NA,NA,NA,NA,NA,NA,NA,NA,NA,NA,NA,NA,NA,NA,NA,NA,NA,NA,NA,NA,NA,NA,NA,NA,NA,NA,NA,NA,NA,NA,NA,NA,NA,NA,NA,NA,NA,NA,NA,NA,NA,NA,NA,NA,NA,NA,NA,NA,NA,NA,NA,NA
"CD_M20250141808","2025-07-11T14:00:00.000+0000","PLACEHOLDER","Premiership","Round 18",18,"People First Stadium","Gold Coast SUNS","Gold Coast SUNS","Collingwood","Collingwood",NA,NA,NA,NA,NA,NA,NA,NA,NA,NA,NA,NA,NA,NA,NA,NA,NA,NA,NA,NA,NA,NA,NA,NA,NA,NA,NA,NA,NA,NA,NA,NA,NA,NA,NA,NA,NA,NA,NA,NA,NA,NA,NA,NA,NA,NA,NA,NA,NA,NA,NA,NA,NA,NA,NA,NA,NA,NA,NA,NA,NA,NA,NA,NA,NA,NA,NA,NA,NA,NA,NA,NA,NA,NA,NA,NA,NA,NA,NA,NA,NA,NA,NA,NA
"CD_M20250141801","2025-07-11T14:30:00.000+0000","PLACEHOLDER","Premiership","Round 18",18,"Adelaide Oval","Port Adelaide","Port Adelaide","West Coast Eagles","West Coast Eagles",NA,NA,NA,NA,NA,NA,NA,NA,NA,NA,NA,NA,NA,NA,NA,NA,NA,NA,NA,NA,NA,NA,NA,NA,NA,NA,NA,NA,NA,NA,NA,NA,NA,NA,NA,NA,NA,NA,NA,NA,NA,NA,NA,NA,NA,NA,NA,NA,NA,NA,NA,NA,NA,NA,NA,NA,NA,NA,NA,NA,NA,NA,NA,NA,NA,NA,NA,NA,NA,NA,NA,NA,NA,NA,NA,NA,NA,NA,NA,NA,NA,NA,NA,NA
"CD_M20250141809","2025-07-11T16:00:00.000+0000","PLACEHOLDER","Premiership","Round 18",18,"Optus Stadium","Fremantle","Fremantle","Hawthorn","Hawthorn",NA,NA,NA,NA,NA,NA,NA,NA,NA,NA,NA,NA,NA,NA,NA,NA,NA,NA,NA,NA,NA,NA,NA,NA,NA,NA,NA,NA,NA,NA,NA,NA,NA,NA,NA,NA,NA,NA,NA,NA,NA,NA,NA,NA,NA,NA,NA,NA,NA,NA,NA,NA,NA,NA,NA,NA,NA,NA,NA,NA,NA,NA,NA,NA,NA,NA,NA,NA,NA,NA,NA,NA,NA,NA,NA,NA,NA,NA,NA,NA,NA,NA,NA,NA
"CD_M20250141902","2025-07-18T14:00:00.000+0000","PLACEHOLDER","Premiership","Round 19",19,"GMHBA Stadium","Geelong Cats","Geelong Cats","St Kilda","St Kilda",NA,NA,NA,NA,NA,NA,NA,NA,NA,NA,NA,NA,NA,NA,NA,NA,NA,NA,NA,NA,NA,NA,NA,NA,NA,NA,NA,NA,NA,NA,NA,NA,NA,NA,NA,NA,NA,NA,NA,NA,NA,NA,NA,NA,NA,NA,NA,NA,NA,NA,NA,NA,NA,NA,NA,NA,NA,NA,NA,NA,NA,NA,NA,NA,NA,NA,NA,NA,NA,NA,NA,NA,NA,NA,NA,NA,NA,NA,NA,NA,NA,NA,NA,NA
"CD_M20250141903","2025-07-18T14:00:00.000+0000","PLACEHOLDER","Premiership","Round 19",19,"Marvel Stadium","Essendon","Essendon","GWS GIANTS","GWS GIANTS",NA,NA,NA,NA,NA,NA,NA,NA,NA,NA,NA,NA,NA,NA,NA,NA,NA,NA,NA,NA,NA,NA,NA,NA,NA,NA,NA,NA,NA,NA,NA,NA,NA,NA,NA,NA,NA,NA,NA,NA,NA,NA,NA,NA,NA,NA,NA,NA,NA,NA,NA,NA,NA,NA,NA,NA,NA,NA,NA,NA,NA,NA,NA,NA,NA,NA,NA,NA,NA,NA,NA,NA,NA,NA,NA,NA,NA,NA,NA,NA,NA,NA,NA,NA
"CD_M20250141904","2025-07-18T14:00:00.000+0000","PLACEHOLDER","Premiership","Round 19",19,"MCG","Carlton","Carlton","Melbourne","Melbourne",NA,NA,NA,NA,NA,NA,NA,NA,NA,NA,NA,NA,NA,NA,NA,NA,NA,NA,NA,NA,NA,NA,NA,NA,NA,NA,NA,NA,NA,NA,NA,NA,NA,NA,NA,NA,NA,NA,NA,NA,NA,NA,NA,NA,NA,NA,NA,NA,NA,NA,NA,NA,NA,NA,NA,NA,NA,NA,NA,NA,NA,NA,NA,NA,NA,NA,NA,NA,NA,NA,NA,NA,NA,NA,NA,NA,NA,NA,NA,NA,NA,NA,NA,NA
"CD_M20250141905","2025-07-18T14:00:00.000+0000","PLACEHOLDER","Premiership","Round 19",19,"MCG","Collingwood","Collingwood","Fremantle","Fremantle",NA,NA,NA,NA,NA,NA,NA,NA,NA,NA,NA,NA,NA,NA,NA,NA,NA,NA,NA,NA,NA,NA,NA,NA,NA,NA,NA,NA,NA,NA,NA,NA,NA,NA,NA,NA,NA,NA,NA,NA,NA,NA,NA,NA,NA,NA,NA,NA,NA,NA,NA,NA,NA,NA,NA,NA,NA,NA,NA,NA,NA,NA,NA,NA,NA,NA,NA,NA,NA,NA,NA,NA,NA,NA,NA,NA,NA,NA,NA,NA,NA,NA,NA,NA
"CD_M20250141907","2025-07-18T14:00:00.000+0000","PLACEHOLDER","Premiership","Round 19",19,"SCG","Sydney Swans","Sydney Swans","North Melbourne","North Melbourne",NA,NA,NA,NA,NA,NA,NA,NA,NA,NA,NA,NA,NA,NA,NA,NA,NA,NA,NA,NA,NA,NA,NA,NA,NA,NA,NA,NA,NA,NA,NA,NA,NA,NA,NA,NA,NA,NA,NA,NA,NA,NA,NA,NA,NA,NA,NA,NA,NA,NA,NA,NA,NA,NA,NA,NA,NA,NA,NA,NA,NA,NA,NA,NA,NA,NA,NA,NA,NA,NA,NA,NA,NA,NA,NA,NA,NA,NA,NA,NA,NA,NA,NA,NA
"CD_M20250141908","2025-07-18T14:00:00.000+0000","PLACEHOLDER","Premiership","Round 19",19,"Gabba","Brisbane Lions","Brisbane Lions","Western Bulldogs","Western Bulldogs",NA,NA,NA,NA,NA,NA,NA,NA,NA,NA,NA,NA,NA,NA,NA,NA,NA,NA,NA,NA,NA,NA,NA,NA,NA,NA,NA,NA,NA,NA,NA,NA,NA,NA,NA,NA,NA,NA,NA,NA,NA,NA,NA,NA,NA,NA,NA,NA,NA,NA,NA,NA,NA,NA,NA,NA,NA,NA,NA,NA,NA,NA,NA,NA,NA,NA,NA,NA,NA,NA,NA,NA,NA,NA,NA,NA,NA,NA,NA,NA,NA,NA,NA,NA
"CD_M20250141909","2025-07-18T14:00:00.000+0000","PLACEHOLDER","Premiership","Round 19",19,"University of Tasmania Stadium","Hawthorn","Hawthorn","Port Adelaide","Port Adelaide",NA,NA,NA,NA,NA,NA,NA,NA,NA,NA,NA,NA,NA,NA,NA,NA,NA,NA,NA,NA,NA,NA,NA,NA,NA,NA,NA,NA,NA,NA,NA,NA,NA,NA,NA,NA,NA,NA,NA,NA,NA,NA,NA,NA,NA,NA,NA,NA,NA,NA,NA,NA,NA,NA,NA,NA,NA,NA,NA,NA,NA,NA,NA,NA,NA,NA,NA,NA,NA,NA,NA,NA,NA,NA,NA,NA,NA,NA,NA,NA,NA,NA,NA,NA
"CD_M20250141901","2025-07-18T14:30:00.000+0000","PLACEHOLDER","Premiership","Round 19",19,"Adelaide Oval","Adelaide Crows","Adelaide Crows","Gold Coast SUNS","Gold Coast SUNS",NA,NA,NA,NA,NA,NA,NA,NA,NA,NA,NA,NA,NA,NA,NA,NA,NA,NA,NA,NA,NA,NA,NA,NA,NA,NA,NA,NA,NA,NA,NA,NA,NA,NA,NA,NA,NA,NA,NA,NA,NA,NA,NA,NA,NA,NA,NA,NA,NA,NA,NA,NA,NA,NA,NA,NA,NA,NA,NA,NA,NA,NA,NA,NA,NA,NA,NA,NA,NA,NA,NA,NA,NA,NA,NA,NA,NA,NA,NA,NA,NA,NA,NA,NA
"CD_M20250141906","2025-07-18T16:00:00.000+0000","PLACEHOLDER","Premiership","Round 19",19,"Optus Stadium","West Coast Eagles","West Coast Eagles","Richmond","Richmond",NA,NA,NA,NA,NA,NA,NA,NA,NA,NA,NA,NA,NA,NA,NA,NA,NA,NA,NA,NA,NA,NA,NA,NA,NA,NA,NA,NA,NA,NA,NA,NA,NA,NA,NA,NA,NA,NA,NA,NA,NA,NA,NA,NA,NA,NA,NA,NA,NA,NA,NA,NA,NA,NA,NA,NA,NA,NA,NA,NA,NA,NA,NA,NA,NA,NA,NA,NA,NA,NA,NA,NA,NA,NA,NA,NA,NA,NA,NA,NA,NA,NA,NA,NA
"CD_M20250142002","2025-07-25T14:00:00.000+0000","PLACEHOLDER","Premiership","Round 20",20,"ENGIE Stadium","GWS GIANTS","GWS GIANTS","Sydney Swans","Sydney Swans",NA,NA,NA,NA,NA,NA,NA,NA,NA,NA,NA,NA,NA,NA,NA,NA,NA,NA,NA,NA,NA,NA,NA,NA,NA,NA,NA,NA,NA,NA,NA,NA,NA,NA,NA,NA,NA,NA,NA,NA,NA,NA,NA,NA,NA,NA,NA,NA,NA,NA,NA,NA,NA,NA,NA,NA,NA,NA,NA,NA,NA,NA,NA,NA,NA,NA,NA,NA,NA,NA,NA,NA,NA,NA,NA,NA,NA,NA,NA,NA,NA,NA,NA,NA
"CD_M20250142003","2025-07-25T14:00:00.000+0000","PLACEHOLDER","Premiership","Round 20",20,"Marvel Stadium","North Melbourne","North Melbourne","Geelong Cats","Geelong Cats",NA,NA,NA,NA,NA,NA,NA,NA,NA,NA,NA,NA,NA,NA,NA,NA,NA,NA,NA,NA,NA,NA,NA,NA,NA,NA,NA,NA,NA,NA,NA,NA,NA,NA,NA,NA,NA,NA,NA,NA,NA,NA,NA,NA,NA,NA,NA,NA,NA,NA,NA,NA,NA,NA,NA,NA,NA,NA,NA,NA,NA,NA,NA,NA,NA,NA,NA,NA,NA,NA,NA,NA,NA,NA,NA,NA,NA,NA,NA,NA,NA,NA,NA,NA
"CD_M20250142004","2025-07-25T14:00:00.000+0000","PLACEHOLDER","Premiership","Round 20",20,"Marvel Stadium","St Kilda","St Kilda","Melbourne","Melbourne",NA,NA,NA,NA,NA,NA,NA,NA,NA,NA,NA,NA,NA,NA,NA,NA,NA,NA,NA,NA,NA,NA,NA,NA,NA,NA,NA,NA,NA,NA,NA,NA,NA,NA,NA,NA,NA,NA,NA,NA,NA,NA,NA,NA,NA,NA,NA,NA,NA,NA,NA,NA,NA,NA,NA,NA,NA,NA,NA,NA,NA,NA,NA,NA,NA,NA,NA,NA,NA,NA,NA,NA,NA,NA,NA,NA,NA,NA,NA,NA,NA,NA,NA,NA
"CD_M20250142005","2025-07-25T14:00:00.000+0000","PLACEHOLDER","Premiership","Round 20",20,"Marvel Stadium","Essendon","Essendon","Western Bulldogs","Western Bulldogs",NA,NA,NA,NA,NA,NA,NA,NA,NA,NA,NA,NA,NA,NA,NA,NA,NA,NA,NA,NA,NA,NA,NA,NA,NA,NA,NA,NA,NA,NA,NA,NA,NA,NA,NA,NA,NA,NA,NA,NA,NA,NA,NA,NA,NA,NA,NA,NA,NA,NA,NA,NA,NA,NA,NA,NA,NA,NA,NA,NA,NA,NA,NA,NA,NA,NA,NA,NA,NA,NA,NA,NA,NA,NA,NA,NA,NA,NA,NA,NA,NA,NA,NA,NA
"CD_M20250142006","2025-07-25T14:00:00.000+0000","PLACEHOLDER","Premiership","Round 20",20,"MCG","Richmond","Richmond","Collingwood","Collingwood",NA,NA,NA,NA,NA,NA,NA,NA,NA,NA,NA,NA,NA,NA,NA,NA,NA,NA,NA,NA,NA,NA,NA,NA,NA,NA,NA,NA,NA,NA,NA,NA,NA,NA,NA,NA,NA,NA,NA,NA,NA,NA,NA,NA,NA,NA,NA,NA,NA,NA,NA,NA,NA,NA,NA,NA,NA,NA,NA,NA,NA,NA,NA,NA,NA,NA,NA,NA,NA,NA,NA,NA,NA,NA,NA,NA,NA,NA,NA,NA,NA,NA,NA,NA
"CD_M20250142007","2025-07-25T14:00:00.000+0000","PLACEHOLDER","Premiership","Round 20",20,"MCG","Hawthorn","Hawthorn","Carlton","Carlton",NA,NA,NA,NA,NA,NA,NA,NA,NA,NA,NA,NA,NA,NA,NA,NA,NA,NA,NA,NA,NA,NA,NA,NA,NA,NA,NA,NA,NA,NA,NA,NA,NA,NA,NA,NA,NA,NA,NA,NA,NA,NA,NA,NA,NA,NA,NA,NA,NA,NA,NA,NA,NA,NA,NA,NA,NA,NA,NA,NA,NA,NA,NA,NA,NA,NA,NA,NA,NA,NA,NA,NA,NA,NA,NA,NA,NA,NA,NA,NA,NA,NA,NA,NA
"CD_M20250142008","2025-07-25T14:00:00.000+0000","PLACEHOLDER","Premiership","Round 20",20,"People First Stadium","Gold Coast SUNS","Gold Coast SUNS","Brisbane Lions","Brisbane Lions",NA,NA,NA,NA,NA,NA,NA,NA,NA,NA,NA,NA,NA,NA,NA,NA,NA,NA,NA,NA,NA,NA,NA,NA,NA,NA,NA,NA,NA,NA,NA,NA,NA,NA,NA,NA,NA,NA,NA,NA,NA,NA,NA,NA,NA,NA,NA,NA,NA,NA,NA,NA,NA,NA,NA,NA,NA,NA,NA,NA,NA,NA,NA,NA,NA,NA,NA,NA,NA,NA,NA,NA,NA,NA,NA,NA,NA,NA,NA,NA,NA,NA,NA,NA
"CD_M20250142001","2025-07-25T14:30:00.000+0000","PLACEHOLDER","Premiership","Round 20",20,"Adelaide Oval","Adelaide Crows","Adelaide Crows","Port Adelaide","Port Adelaide",NA,NA,NA,NA,NA,NA,NA,NA,NA,NA,NA,NA,NA,NA,NA,NA,NA,NA,NA,NA,NA,NA,NA,NA,NA,NA,NA,NA,NA,NA,NA,NA,NA,NA,NA,NA,NA,NA,NA,NA,NA,NA,NA,NA,NA,NA,NA,NA,NA,NA,NA,NA,NA,NA,NA,NA,NA,NA,NA,NA,NA,NA,NA,NA,NA,NA,NA,NA,NA,NA,NA,NA,NA,NA,NA,NA,NA,NA,NA,NA,NA,NA,NA,NA
"CD_M20250142009","2025-07-25T16:00:00.000+0000","PLACEHOLDER","Premiership","Round 20",20,"Optus Stadium","Fremantle","Fremantle","West Coast Eagles","West Coast Eagles",NA,NA,NA,NA,NA,NA,NA,NA,NA,NA,NA,NA,NA,NA,NA,NA,NA,NA,NA,NA,NA,NA,NA,NA,NA,NA,NA,NA,NA,NA,NA,NA,NA,NA,NA,NA,NA,NA,NA,NA,NA,NA,NA,NA,NA,NA,NA,NA,NA,NA,NA,NA,NA,NA,NA,NA,NA,NA,NA,NA,NA,NA,NA,NA,NA,NA,NA,NA,NA,NA,NA,NA,NA,NA,NA,NA,NA,NA,NA,NA,NA,NA,NA,NA
"CD_M20250142102","2025-08-01T14:00:00.000+0000","PLACEHOLDER","Premiership","Round 21",21,"GMHBA Stadium","Geelong Cats","Geelong Cats","Port Adelaide","Port Adelaide",NA,NA,NA,NA,NA,NA,NA,NA,NA,NA,NA,NA,NA,NA,NA,NA,NA,NA,NA,NA,NA,NA,NA,NA,NA,NA,NA,NA,NA,NA,NA,NA,NA,NA,NA,NA,NA,NA,NA,NA,NA,NA,NA,NA,NA,NA,NA,NA,NA,NA,NA,NA,NA,NA,NA,NA,NA,NA,NA,NA,NA,NA,NA,NA,NA,NA,NA,NA,NA,NA,NA,NA,NA,NA,NA,NA,NA,NA,NA,NA,NA,NA,NA,NA
"CD_M20250142103","2025-08-01T14:00:00.000+0000","PLACEHOLDER","Premiership","Round 21",21,"Marvel Stadium","St Kilda","St Kilda","North Melbourne","North Melbourne",NA,NA,NA,NA,NA,NA,NA,NA,NA,NA,NA,NA,NA,NA,NA,NA,NA,NA,NA,NA,NA,NA,NA,NA,NA,NA,NA,NA,NA,NA,NA,NA,NA,NA,NA,NA,NA,NA,NA,NA,NA,NA,NA,NA,NA,NA,NA,NA,NA,NA,NA,NA,NA,NA,NA,NA,NA,NA,NA,NA,NA,NA,NA,NA,NA,NA,NA,NA,NA,NA,NA,NA,NA,NA,NA,NA,NA,NA,NA,NA,NA,NA,NA,NA
"CD_M20250142104","2025-08-01T14:00:00.000+0000","PLACEHOLDER","Premiership","Round 21",21,"Marvel Stadium","Melbourne","Melbourne","West Coast Eagles","West Coast Eagles",NA,NA,NA,NA,NA,NA,NA,NA,NA,NA,NA,NA,NA,NA,NA,NA,NA,NA,NA,NA,NA,NA,NA,NA,NA,NA,NA,NA,NA,NA,NA,NA,NA,NA,NA,NA,NA,NA,NA,NA,NA,NA,NA,NA,NA,NA,NA,NA,NA,NA,NA,NA,NA,NA,NA,NA,NA,NA,NA,NA,NA,NA,NA,NA,NA,NA,NA,NA,NA,NA,NA,NA,NA,NA,NA,NA,NA,NA,NA,NA,NA,NA,NA,NA
"CD_M20250142105","2025-08-01T14:00:00.000+0000","PLACEHOLDER","Premiership","Round 21",21,"Marvel Stadium","Western Bulldogs","Western Bulldogs","GWS GIANTS","GWS GIANTS",NA,NA,NA,NA,NA,NA,NA,NA,NA,NA,NA,NA,NA,NA,NA,NA,NA,NA,NA,NA,NA,NA,NA,NA,NA,NA,NA,NA,NA,NA,NA,NA,NA,NA,NA,NA,NA,NA,NA,NA,NA,NA,NA,NA,NA,NA,NA,NA,NA,NA,NA,NA,NA,NA,NA,NA,NA,NA,NA,NA,NA,NA,NA,NA,NA,NA,NA,NA,NA,NA,NA,NA,NA,NA,NA,NA,NA,NA,NA,NA,NA,NA,NA,NA
"CD_M20250142106","2025-08-01T14:00:00.000+0000","PLACEHOLDER","Premiership","Round 21",21,"MCG","Collingwood","Collingwood","Brisbane Lions","Brisbane Lions",NA,NA,NA,NA,NA,NA,NA,NA,NA,NA,NA,NA,NA,NA,NA,NA,NA,NA,NA,NA,NA,NA,NA,NA,NA,NA,NA,NA,NA,NA,NA,NA,NA,NA,NA,NA,NA,NA,NA,NA,NA,NA,NA,NA,NA,NA,NA,NA,NA,NA,NA,NA,NA,NA,NA,NA,NA,NA,NA,NA,NA,NA,NA,NA,NA,NA,NA,NA,NA,NA,NA,NA,NA,NA,NA,NA,NA,NA,NA,NA,NA,NA,NA,NA
"CD_M20250142107","2025-08-01T14:00:00.000+0000","PLACEHOLDER","Premiership","Round 21",21,"People First Stadium","Gold Coast SUNS","Gold Coast SUNS","Richmond","Richmond",NA,NA,NA,NA,NA,NA,NA,NA,NA,NA,NA,NA,NA,NA,NA,NA,NA,NA,NA,NA,NA,NA,NA,NA,NA,NA,NA,NA,NA,NA,NA,NA,NA,NA,NA,NA,NA,NA,NA,NA,NA,NA,NA,NA,NA,NA,NA,NA,NA,NA,NA,NA,NA,NA,NA,NA,NA,NA,NA,NA,NA,NA,NA,NA,NA,NA,NA,NA,NA,NA,NA,NA,NA,NA,NA,NA,NA,NA,NA,NA,NA,NA,NA,NA
"CD_M20250142109","2025-08-01T14:00:00.000+0000","PLACEHOLDER","Premiership","Round 21",21,"SCG","Sydney Swans","Sydney Swans","Essendon","Essendon",NA,NA,NA,NA,NA,NA,NA,NA,NA,NA,NA,NA,NA,NA,NA,NA,NA,NA,NA,NA,NA,NA,NA,NA,NA,NA,NA,NA,NA,NA,NA,NA,NA,NA,NA,NA,NA,NA,NA,NA,NA,NA,NA,NA,NA,NA,NA,NA,NA,NA,NA,NA,NA,NA,NA,NA,NA,NA,NA,NA,NA,NA,NA,NA,NA,NA,NA,NA,NA,NA,NA,NA,NA,NA,NA,NA,NA,NA,NA,NA,NA,NA,NA,NA
"CD_M20250142101","2025-08-01T14:30:00.000+0000","PLACEHOLDER","Premiership","Round 21",21,"Adelaide Oval","Adelaide Crows","Adelaide Crows","Hawthorn","Hawthorn",NA,NA,NA,NA,NA,NA,NA,NA,NA,NA,NA,NA,NA,NA,NA,NA,NA,NA,NA,NA,NA,NA,NA,NA,NA,NA,NA,NA,NA,NA,NA,NA,NA,NA,NA,NA,NA,NA,NA,NA,NA,NA,NA,NA,NA,NA,NA,NA,NA,NA,NA,NA,NA,NA,NA,NA,NA,NA,NA,NA,NA,NA,NA,NA,NA,NA,NA,NA,NA,NA,NA,NA,NA,NA,NA,NA,NA,NA,NA,NA,NA,NA,NA,NA
"CD_M20250142108","2025-08-01T16:00:00.000+0000","PLACEHOLDER","Premiership","Round 21",21,"Optus Stadium","Fremantle","Fremantle","Carlton","Carlton",NA,NA,NA,NA,NA,NA,NA,NA,NA,NA,NA,NA,NA,NA,NA,NA,NA,NA,NA,NA,NA,NA,NA,NA,NA,NA,NA,NA,NA,NA,NA,NA,NA,NA,NA,NA,NA,NA,NA,NA,NA,NA,NA,NA,NA,NA,NA,NA,NA,NA,NA,NA,NA,NA,NA,NA,NA,NA,NA,NA,NA,NA,NA,NA,NA,NA,NA,NA,NA,NA,NA,NA,NA,NA,NA,NA,NA,NA,NA,NA,NA,NA,NA,NA
"CD_M20250142202","2025-08-08T14:00:00.000+0000","PLACEHOLDER","Premiership","Round 22",22,"GMHBA Stadium","Geelong Cats","Geelong Cats","Essendon","Essendon",NA,NA,NA,NA,NA,NA,NA,NA,NA,NA,NA,NA,NA,NA,NA,NA,NA,NA,NA,NA,NA,NA,NA,NA,NA,NA,NA,NA,NA,NA,NA,NA,NA,NA,NA,NA,NA,NA,NA,NA,NA,NA,NA,NA,NA,NA,NA,NA,NA,NA,NA,NA,NA,NA,NA,NA,NA,NA,NA,NA,NA,NA,NA,NA,NA,NA,NA,NA,NA,NA,NA,NA,NA,NA,NA,NA,NA,NA,NA,NA,NA,NA,NA,NA
"CD_M20250142203","2025-08-08T14:00:00.000+0000","PLACEHOLDER","Premiership","Round 22",22,"Manuka Oval","GWS GIANTS","GWS GIANTS","North Melbourne","North Melbourne",NA,NA,NA,NA,NA,NA,NA,NA,NA,NA,NA,NA,NA,NA,NA,NA,NA,NA,NA,NA,NA,NA,NA,NA,NA,NA,NA,NA,NA,NA,NA,NA,NA,NA,NA,NA,NA,NA,NA,NA,NA,NA,NA,NA,NA,NA,NA,NA,NA,NA,NA,NA,NA,NA,NA,NA,NA,NA,NA,NA,NA,NA,NA,NA,NA,NA,NA,NA,NA,NA,NA,NA,NA,NA,NA,NA,NA,NA,NA,NA,NA,NA,NA,NA
"CD_M20250142204","2025-08-08T14:00:00.000+0000","PLACEHOLDER","Premiership","Round 22",22,"Marvel Stadium","Carlton","Carlton","Gold Coast SUNS","Gold Coast SUNS",NA,NA,NA,NA,NA,NA,NA,NA,NA,NA,NA,NA,NA,NA,NA,NA,NA,NA,NA,NA,NA,NA,NA,NA,NA,NA,NA,NA,NA,NA,NA,NA,NA,NA,NA,NA,NA,NA,NA,NA,NA,NA,NA,NA,NA,NA,NA,NA,NA,NA,NA,NA,NA,NA,NA,NA,NA,NA,NA,NA,NA,NA,NA,NA,NA,NA,NA,NA,NA,NA,NA,NA,NA,NA,NA,NA,NA,NA,NA,NA,NA,NA,NA,NA
"CD_M20250142205","2025-08-08T14:00:00.000+0000","PLACEHOLDER","Premiership","Round 22",22,"MCG","Richmond","Richmond","St Kilda","St Kilda",NA,NA,NA,NA,NA,NA,NA,NA,NA,NA,NA,NA,NA,NA,NA,NA,NA,NA,NA,NA,NA,NA,NA,NA,NA,NA,NA,NA,NA,NA,NA,NA,NA,NA,NA,NA,NA,NA,NA,NA,NA,NA,NA,NA,NA,NA,NA,NA,NA,NA,NA,NA,NA,NA,NA,NA,NA,NA,NA,NA,NA,NA,NA,NA,NA,NA,NA,NA,NA,NA,NA,NA,NA,NA,NA,NA,NA,NA,NA,NA,NA,NA,NA,NA
"CD_M20250142206","2025-08-08T14:00:00.000+0000","PLACEHOLDER","Premiership","Round 22",22,"MCG","Melbourne","Melbourne","Western Bulldogs","Western Bulldogs",NA,NA,NA,NA,NA,NA,NA,NA,NA,NA,NA,NA,NA,NA,NA,NA,NA,NA,NA,NA,NA,NA,NA,NA,NA,NA,NA,NA,NA,NA,NA,NA,NA,NA,NA,NA,NA,NA,NA,NA,NA,NA,NA,NA,NA,NA,NA,NA,NA,NA,NA,NA,NA,NA,NA,NA,NA,NA,NA,NA,NA,NA,NA,NA,NA,NA,NA,NA,NA,NA,NA,NA,NA,NA,NA,NA,NA,NA,NA,NA,NA,NA,NA,NA
"CD_M20250142207","2025-08-08T14:00:00.000+0000","PLACEHOLDER","Premiership","Round 22",22,"MCG","Hawthorn","Hawthorn","Collingwood","Collingwood",NA,NA,NA,NA,NA,NA,NA,NA,NA,NA,NA,NA,NA,NA,NA,NA,NA,NA,NA,NA,NA,NA,NA,NA,NA,NA,NA,NA,NA,NA,NA,NA,NA,NA,NA,NA,NA,NA,NA,NA,NA,NA,NA,NA,NA,NA,NA,NA,NA,NA,NA,NA,NA,NA,NA,NA,NA,NA,NA,NA,NA,NA,NA,NA,NA,NA,NA,NA,NA,NA,NA,NA,NA,NA,NA,NA,NA,NA,NA,NA,NA,NA,NA,NA
"CD_M20250142209","2025-08-08T14:00:00.000+0000","PLACEHOLDER","Premiership","Round 22",22,"Gabba","Brisbane Lions","Brisbane Lions","Sydney Swans","Sydney Swans",NA,NA,NA,NA,NA,NA,NA,NA,NA,NA,NA,NA,NA,NA,NA,NA,NA,NA,NA,NA,NA,NA,NA,NA,NA,NA,NA,NA,NA,NA,NA,NA,NA,NA,NA,NA,NA,NA,NA,NA,NA,NA,NA,NA,NA,NA,NA,NA,NA,NA,NA,NA,NA,NA,NA,NA,NA,NA,NA,NA,NA,NA,NA,NA,NA,NA,NA,NA,NA,NA,NA,NA,NA,NA,NA,NA,NA,NA,NA,NA,NA,NA,NA,NA
"CD_M20250142201","2025-08-08T14:30:00.000+0000","PLACEHOLDER","Premiership","Round 22",22,"Adelaide Oval","Port Adelaide","Port Adelaide","Fremantle","Fremantle",NA,NA,NA,NA,NA,NA,NA,NA,NA,NA,NA,NA,NA,NA,NA,NA,NA,NA,NA,NA,NA,NA,NA,NA,NA,NA,NA,NA,NA,NA,NA,NA,NA,NA,NA,NA,NA,NA,NA,NA,NA,NA,NA,NA,NA,NA,NA,NA,NA,NA,NA,NA,NA,NA,NA,NA,NA,NA,NA,NA,NA,NA,NA,NA,NA,NA,NA,NA,NA,NA,NA,NA,NA,NA,NA,NA,NA,NA,NA,NA,NA,NA,NA,NA
"CD_M20250142208","2025-08-08T16:00:00.000+0000","PLACEHOLDER","Premiership","Round 22",22,"Optus Stadium","West Coast Eagles","West Coast Eagles","Adelaide Crows","Adelaide Crows",NA,NA,NA,NA,NA,NA,NA,NA,NA,NA,NA,NA,NA,NA,NA,NA,NA,NA,NA,NA,NA,NA,NA,NA,NA,NA,NA,NA,NA,NA,NA,NA,NA,NA,NA,NA,NA,NA,NA,NA,NA,NA,NA,NA,NA,NA,NA,NA,NA,NA,NA,NA,NA,NA,NA,NA,NA,NA,NA,NA,NA,NA,NA,NA,NA,NA,NA,NA,NA,NA,NA,NA,NA,NA,NA,NA,NA,NA,NA,NA,NA,NA,NA,NA
"CD_M20250142302","2025-08-15T14:00:00.000+0000","PLACEHOLDER","Premiership","Round 23",23,"Ninja Stadium","North Melbourne","North Melbourne","Richmond","Richmond",NA,NA,NA,NA,NA,NA,NA,NA,NA,NA,NA,NA,NA,NA,NA,NA,NA,NA,NA,NA,NA,NA,NA,NA,NA,NA,NA,NA,NA,NA,NA,NA,NA,NA,NA,NA,NA,NA,NA,NA,NA,NA,NA,NA,NA,NA,NA,NA,NA,NA,NA,NA,NA,NA,NA,NA,NA,NA,NA,NA,NA,NA,NA,NA,NA,NA,NA,NA,NA,NA,NA,NA,NA,NA,NA,NA,NA,NA,NA,NA,NA,NA,NA,NA
"CD_M20250142303","2025-08-15T14:00:00.000+0000","PLACEHOLDER","Premiership","Round 23",23,"Marvel Stadium","Essendon","Essendon","St Kilda","St Kilda",NA,NA,NA,NA,NA,NA,NA,NA,NA,NA,NA,NA,NA,NA,NA,NA,NA,NA,NA,NA,NA,NA,NA,NA,NA,NA,NA,NA,NA,NA,NA,NA,NA,NA,NA,NA,NA,NA,NA,NA,NA,NA,NA,NA,NA,NA,NA,NA,NA,NA,NA,NA,NA,NA,NA,NA,NA,NA,NA,NA,NA,NA,NA,NA,NA,NA,NA,NA,NA,NA,NA,NA,NA,NA,NA,NA,NA,NA,NA,NA,NA,NA,NA,NA
"CD_M20250142304","2025-08-15T14:00:00.000+0000","PLACEHOLDER","Premiership","Round 23",23,"Marvel Stadium","Western Bulldogs","Western Bulldogs","West Coast Eagles","West Coast Eagles",NA,NA,NA,NA,NA,NA,NA,NA,NA,NA,NA,NA,NA,NA,NA,NA,NA,NA,NA,NA,NA,NA,NA,NA,NA,NA,NA,NA,NA,NA,NA,NA,NA,NA,NA,NA,NA,NA,NA,NA,NA,NA,NA,NA,NA,NA,NA,NA,NA,NA,NA,NA,NA,NA,NA,NA,NA,NA,NA,NA,NA,NA,NA,NA,NA,NA,NA,NA,NA,NA,NA,NA,NA,NA,NA,NA,NA,NA,NA,NA,NA,NA,NA,NA
"CD_M20250142305","2025-08-15T14:00:00.000+0000","PLACEHOLDER","Premiership","Round 23",23,"Marvel Stadium","Carlton","Carlton","Port Adelaide","Port Adelaide",NA,NA,NA,NA,NA,NA,NA,NA,NA,NA,NA,NA,NA,NA,NA,NA,NA,NA,NA,NA,NA,NA,NA,NA,NA,NA,NA,NA,NA,NA,NA,NA,NA,NA,NA,NA,NA,NA,NA,NA,NA,NA,NA,NA,NA,NA,NA,NA,NA,NA,NA,NA,NA,NA,NA,NA,NA,NA,NA,NA,NA,NA,NA,NA,NA,NA,NA,NA,NA,NA,NA,NA,NA,NA,NA,NA,NA,NA,NA,NA,NA,NA,NA,NA
"CD_M20250142306","2025-08-15T14:00:00.000+0000","PLACEHOLDER","Premiership","Round 23",23,"MCG","Hawthorn","Hawthorn","Melbourne","Melbourne",NA,NA,NA,NA,NA,NA,NA,NA,NA,NA,NA,NA,NA,NA,NA,NA,NA,NA,NA,NA,NA,NA,NA,NA,NA,NA,NA,NA,NA,NA,NA,NA,NA,NA,NA,NA,NA,NA,NA,NA,NA,NA,NA,NA,NA,NA,NA,NA,NA,NA,NA,NA,NA,NA,NA,NA,NA,NA,NA,NA,NA,NA,NA,NA,NA,NA,NA,NA,NA,NA,NA,NA,NA,NA,NA,NA,NA,NA,NA,NA,NA,NA,NA,NA
"CD_M20250142307","2025-08-15T14:00:00.000+0000","PLACEHOLDER","Premiership","Round 23",23,"People First Stadium","Gold Coast SUNS","Gold Coast SUNS","GWS GIANTS","GWS GIANTS",NA,NA,NA,NA,NA,NA,NA,NA,NA,NA,NA,NA,NA,NA,NA,NA,NA,NA,NA,NA,NA,NA,NA,NA,NA,NA,NA,NA,NA,NA,NA,NA,NA,NA,NA,NA,NA,NA,NA,NA,NA,NA,NA,NA,NA,NA,NA,NA,NA,NA,NA,NA,NA,NA,NA,NA,NA,NA,NA,NA,NA,NA,NA,NA,NA,NA,NA,NA,NA,NA,NA,NA,NA,NA,NA,NA,NA,NA,NA,NA,NA,NA,NA,NA
"CD_M20250142309","2025-08-15T14:00:00.000+0000","PLACEHOLDER","Premiership","Round 23",23,"SCG","Sydney Swans","Sydney Swans","Geelong Cats","Geelong Cats",NA,NA,NA,NA,NA,NA,NA,NA,NA,NA,NA,NA,NA,NA,NA,NA,NA,NA,NA,NA,NA,NA,NA,NA,NA,NA,NA,NA,NA,NA,NA,NA,NA,NA,NA,NA,NA,NA,NA,NA,NA,NA,NA,NA,NA,NA,NA,NA,NA,NA,NA,NA,NA,NA,NA,NA,NA,NA,NA,NA,NA,NA,NA,NA,NA,NA,NA,NA,NA,NA,NA,NA,NA,NA,NA,NA,NA,NA,NA,NA,NA,NA,NA,NA
"CD_M20250142301","2025-08-15T14:30:00.000+0000","PLACEHOLDER","Premiership","Round 23",23,"Adelaide Oval","Adelaide Crows","Adelaide Crows","Collingwood","Collingwood",NA,NA,NA,NA,NA,NA,NA,NA,NA,NA,NA,NA,NA,NA,NA,NA,NA,NA,NA,NA,NA,NA,NA,NA,NA,NA,NA,NA,NA,NA,NA,NA,NA,NA,NA,NA,NA,NA,NA,NA,NA,NA,NA,NA,NA,NA,NA,NA,NA,NA,NA,NA,NA,NA,NA,NA,NA,NA,NA,NA,NA,NA,NA,NA,NA,NA,NA,NA,NA,NA,NA,NA,NA,NA,NA,NA,NA,NA,NA,NA,NA,NA,NA,NA
"CD_M20250142308","2025-08-15T16:00:00.000+0000","PLACEHOLDER","Premiership","Round 23",23,"Optus Stadium","Fremantle","Fremantle","Brisbane Lions","Brisbane Lions",NA,NA,NA,NA,NA,NA,NA,NA,NA,NA,NA,NA,NA,NA,NA,NA,NA,NA,NA,NA,NA,NA,NA,NA,NA,NA,NA,NA,NA,NA,NA,NA,NA,NA,NA,NA,NA,NA,NA,NA,NA,NA,NA,NA,NA,NA,NA,NA,NA,NA,NA,NA,NA,NA,NA,NA,NA,NA,NA,NA,NA,NA,NA,NA,NA,NA,NA,NA,NA,NA,NA,NA,NA,NA,NA,NA,NA,NA,NA,NA,NA,NA,NA,NA
"CD_M20250142402","2025-08-22T14:00:00.000+0000","PLACEHOLDER","Premiership","Round 24",24,"ENGIE Stadium","GWS GIANTS","GWS GIANTS","St Kilda","St Kilda",NA,NA,NA,NA,NA,NA,NA,NA,NA,NA,NA,NA,NA,NA,NA,NA,NA,NA,NA,NA,NA,NA,NA,NA,NA,NA,NA,NA,NA,NA,NA,NA,NA,NA,NA,NA,NA,NA,NA,NA,NA,NA,NA,NA,NA,NA,NA,NA,NA,NA,NA,NA,NA,NA,NA,NA,NA,NA,NA,NA,NA,NA,NA,NA,NA,NA,NA,NA,NA,NA,NA,NA,NA,NA,NA,NA,NA,NA,NA,NA,NA,NA,NA,NA
"CD_M20250142403","2025-08-22T14:00:00.000+0000","PLACEHOLDER","Premiership","Round 24",24,"Marvel Stadium","North Melbourne","North Melbourne","Adelaide Crows","Adelaide Crows",NA,NA,NA,NA,NA,NA,NA,NA,NA,NA,NA,NA,NA,NA,NA,NA,NA,NA,NA,NA,NA,NA,NA,NA,NA,NA,NA,NA,NA,NA,NA,NA,NA,NA,NA,NA,NA,NA,NA,NA,NA,NA,NA,NA,NA,NA,NA,NA,NA,NA,NA,NA,NA,NA,NA,NA,NA,NA,NA,NA,NA,NA,NA,NA,NA,NA,NA,NA,NA,NA,NA,NA,NA,NA,NA,NA,NA,NA,NA,NA,NA,NA,NA,NA
"CD_M20250142404","2025-08-22T14:00:00.000+0000","PLACEHOLDER","Premiership","Round 24",24,"Marvel Stadium","Western Bulldogs","Western Bulldogs","Fremantle","Fremantle",NA,NA,NA,NA,NA,NA,NA,NA,NA,NA,NA,NA,NA,NA,NA,NA,NA,NA,NA,NA,NA,NA,NA,NA,NA,NA,NA,NA,NA,NA,NA,NA,NA,NA,NA,NA,NA,NA,NA,NA,NA,NA,NA,NA,NA,NA,NA,NA,NA,NA,NA,NA,NA,NA,NA,NA,NA,NA,NA,NA,NA,NA,NA,NA,NA,NA,NA,NA,NA,NA,NA,NA,NA,NA,NA,NA,NA,NA,NA,NA,NA,NA,NA,NA
"CD_M20250142405","2025-08-22T14:00:00.000+0000","PLACEHOLDER","Premiership","Round 24",24,"MCG","Collingwood","Collingwood","Melbourne","Melbourne",NA,NA,NA,NA,NA,NA,NA,NA,NA,NA,NA,NA,NA,NA,NA,NA,NA,NA,NA,NA,NA,NA,NA,NA,NA,NA,NA,NA,NA,NA,NA,NA,NA,NA,NA,NA,NA,NA,NA,NA,NA,NA,NA,NA,NA,NA,NA,NA,NA,NA,NA,NA,NA,NA,NA,NA,NA,NA,NA,NA,NA,NA,NA,NA,NA,NA,NA,NA,NA,NA,NA,NA,NA,NA,NA,NA,NA,NA,NA,NA,NA,NA,NA,NA
"CD_M20250142406","2025-08-22T14:00:00.000+0000","PLACEHOLDER","Premiership","Round 24",24,"MCG","Richmond","Richmond","Geelong Cats","Geelong Cats",NA,NA,NA,NA,NA,NA,NA,NA,NA,NA,NA,NA,NA,NA,NA,NA,NA,NA,NA,NA,NA,NA,NA,NA,NA,NA,NA,NA,NA,NA,NA,NA,NA,NA,NA,NA,NA,NA,NA,NA,NA,NA,NA,NA,NA,NA,NA,NA,NA,NA,NA,NA,NA,NA,NA,NA,NA,NA,NA,NA,NA,NA,NA,NA,NA,NA,NA,NA,NA,NA,NA,NA,NA,NA,NA,NA,NA,NA,NA,NA,NA,NA,NA,NA
"CD_M20250142407","2025-08-22T14:00:00.000+0000","PLACEHOLDER","Premiership","Round 24",24,"MCG","Essendon","Essendon","Carlton","Carlton",NA,NA,NA,NA,NA,NA,NA,NA,NA,NA,NA,NA,NA,NA,NA,NA,NA,NA,NA,NA,NA,NA,NA,NA,NA,NA,NA,NA,NA,NA,NA,NA,NA,NA,NA,NA,NA,NA,NA,NA,NA,NA,NA,NA,NA,NA,NA,NA,NA,NA,NA,NA,NA,NA,NA,NA,NA,NA,NA,NA,NA,NA,NA,NA,NA,NA,NA,NA,NA,NA,NA,NA,NA,NA,NA,NA,NA,NA,NA,NA,NA,NA,NA,NA
"CD_M20250142409","2025-08-22T14:00:00.000+0000","PLACEHOLDER","Premiership","Round 24",24,"Gabba","Brisbane Lions","Brisbane Lions","Hawthorn","Hawthorn",NA,NA,NA,NA,NA,NA,NA,NA,NA,NA,NA,NA,NA,NA,NA,NA,NA,NA,NA,NA,NA,NA,NA,NA,NA,NA,NA,NA,NA,NA,NA,NA,NA,NA,NA,NA,NA,NA,NA,NA,NA,NA,NA,NA,NA,NA,NA,NA,NA,NA,NA,NA,NA,NA,NA,NA,NA,NA,NA,NA,NA,NA,NA,NA,NA,NA,NA,NA,NA,NA,NA,NA,NA,NA,NA,NA,NA,NA,NA,NA,NA,NA,NA,NA
"CD_M20250142410","2025-08-22T14:00:00.000+0000","PLACEHOLDER","Premiership","Round 24",24,"People First Stadium","Gold Coast SUNS","Gold Coast SUNS","Essendon","Essendon",NA,NA,NA,NA,NA,NA,NA,NA,NA,NA,NA,NA,NA,NA,NA,NA,NA,NA,NA,NA,NA,NA,NA,NA,NA,NA,NA,NA,NA,NA,NA,NA,NA,NA,NA,NA,NA,NA,NA,NA,NA,NA,NA,NA,NA,NA,NA,NA,NA,NA,NA,NA,NA,NA,NA,NA,NA,NA,NA,NA,NA,NA,NA,NA,NA,NA,NA,NA,NA,NA,NA,NA,NA,NA,NA,NA,NA,NA,NA,NA,NA,NA,NA,NA
"CD_M20250142401","2025-08-22T14:30:00.000+0000","PLACEHOLDER","Premiership","Round 24",24,"Adelaide Oval","Port Adelaide","Port Adelaide","Gold Coast SUNS","Gold Coast SUNS",NA,NA,NA,NA,NA,NA,NA,NA,NA,NA,NA,NA,NA,NA,NA,NA,NA,NA,NA,NA,NA,NA,NA,NA,NA,NA,NA,NA,NA,NA,NA,NA,NA,NA,NA,NA,NA,NA,NA,NA,NA,NA,NA,NA,NA,NA,NA,NA,NA,NA,NA,NA,NA,NA,NA,NA,NA,NA,NA,NA,NA,NA,NA,NA,NA,NA,NA,NA,NA,NA,NA,NA,NA,NA,NA,NA,NA,NA,NA,NA,NA,NA,NA,NA
"CD_M20250142408","2025-08-22T16:00:00.000+0000","PLACEHOLDER","Premiership","Round 24",24,"Optus Stadium","West Coast Eagles","West Coast Eagles","Sydney Swans","Sydney Swans",NA,NA,NA,NA,NA,NA,NA,NA,NA,NA,NA,NA,NA,NA,NA,NA,NA,NA,NA,NA,NA,NA,NA,NA,NA,NA,NA,NA,NA,NA,NA,NA,NA,NA,NA,NA,NA,NA,NA,NA,NA,NA,NA,NA,NA,NA,NA,NA,NA,NA,NA,NA,NA,NA,NA,NA,NA,NA,NA,NA,NA,NA,NA,NA,NA,NA,NA,NA,NA,NA,NA,NA,NA,NA,NA,NA,NA,NA,NA,NA,NA,NA,NA,NA
