providerId,utcStartTime,status,compSeason.shortName,round.name,round.roundNumber,venue.name,home.team.name,home.team.club.name,away.team.name,away.team.club.name,player.jumperNumber,player.photoURL,player.player.position,player.player.player.playerId,player.player.player.captain,player.player.player.playerJumperNumber,player.player.player.givenName,player.player.player.surname,teamId,gamesPlayed,timeOnGroundPercentage,goals,behinds,superGoals,kicks,handballs,disposals,marks,bounces,tackles,contestedPossessions,uncontestedPossessions,totalPossessions,inside50s,marksInside50,contestedMarks,hitouts,onePercenters,disposalEfficiency,clangers,freesFor,freesAgainst,dreamTeamPoints,rebound50s,goalAssists,goalAccuracy,ratingPoints,ranking,lastUpdated,turnovers,intercepts,tacklesInside50,shotsAtGoal,goalEfficiency,shotEfficiency,interchangeCounts,scoreInvolvements,metresGained,clearances.centreClearances,clearances.stoppageClearances,clearances.totalClearances,extendedStats.effectiveKicks,extendedStats.kickEfficiency,extendedStats.kickToHandballRatio,extendedStats.effectiveDisposals,extendedStats.marksOnLead,extendedStats.interceptMarks,extendedStats.contestedPossessionRate,extendedStats.hitoutsToAdvantage,extendedStats.hitoutWinPercentage,extendedStats.hitoutToAdvantageRate,extendedStats.groundBallGets,extendedStats.f50GroundBallGets,extendedStats.scoreLaunches,extendedStats.pressureActs,extendedStats.defHalfPressureActs,extendedStats.spoils,extendedStats.ruckContests,extendedStats.contestDefOneOnOnes,extendedStats.contestDefLosses,extendedStats.contestDefLossPercentage,extendedStats.contestOffOneOnOnes,extendedStats.contestOffWins,extendedStats.contestOffWinsPercentage,extendedStats.centreBounceAttendances,extendedStats.kickins,extendedStats.kickinsPlayon,player.playerId,player.captain,player.playerJumperNumber,player.givenName,player.surname,teamStatus,team.name
CD_M20260140001,2026-03-05T08:30:00.000+0000,CONCLUDED,Premiership,Opening Round,0,SCG,Sydney Swans,Sydney Swans,Carlton,Carlton,36.0,"https://s.afl.com.au/staticfile/AFL Tenant/AFL/Players/ChampIDImages/AFL/2026014/1008091.png?im=Scale,width=0.6,height=0.6",FPL,CD_I1008091,False,36.0,Joel,Amartey,CD_T160,,75.0,3.0,1.0,,6.0,1.0,7.0,4.0,0.0,1.0,3.0,4.0,7.0,2.0,3.0,0.0,2.0,3.0,57.1,2.0,2.0,0.0,59.0,0.0,0.0,60.0,6.6,,,2.0,1.0,1.0,5.0,,,,4.0,203.0,0.0,0.0,0.0,3.0,50.0,6.0,4.0,2.0,0.0,42.9,1.0,33.3,50.0,1.0,0.0,0.0,11.0,2.0,2.0,6.0,0.0,0.0,0.0,5.0,1.0,20.0,6.0,0.0,0.0,CD_I1008091,False,36.0,Joel,Amartey,home,Sydney Swans
CD_M20260140001,2026-03-05T08:30:00.000+0000,CONCLUDED,Premiership,Opening Round,0,SCG,Sydney Swans,Sydney Swans,Carlton,Carlton,26.0,"https://s.afl.com.au/staticfile/AFL Tenant/AFL/Players/ChampIDImages/AFL/2026014/1008224.png?im=Scale,width=0.6,height=0.6",WL,CD_I1008224,False,26.0,Riley,Bice,CD_T160,,86.0,0.0,0.0,,11.0,5.0,16.0,5.0,3.0,3.0,6.0,8.0,14.0,1.0,0.0,0.0,0.0,4.0,93.8,5.0,1.0,2.0,65.0,1.0,1.0,0.0,11.6,,,2.0,7.0,0.0,0.0,,,,3.0,284.0,0.0,0.0,0.0,10.0,90.9,2.2,15.0,0.0,2.0,42.9,0.0,0.0,0.0,4.0,0.0,2.0,10.0,7.0,3.0,0.0,1.0,0.0,0.0,0.0,0.0,0.0,0.0,3.0,3.0,CD_I1008224,False,26.0,Riley,Bice,home,Sydney Swans
CD_M20260140001,2026-03-05T08:30:00.000+0000,CONCLUDED,Premiership,Opening Round,0,SCG,Sydney Swans,Sydney Swans,Carlton,Carlton,22.0,"https://s.afl.com.au/staticfile/AFL Tenant/AFL/Players/ChampIDImages/AFL/2026014/1006028.png?im=Scale,width=0.6,height=0.6",CHB,CD_I1006028,False,22.0,Nick,Blakey,CD_T160,,88.0,0.0,0.0,,12.0,9.0,21.0,3.0,4.0,1.0,5.0,15.0,20.0,5.0,0.0,0.0,0.0,4.0,76.2,6.0,0.0,2.0,61.0,4.0,1.0,0.0,13.0,,,4.0,6.0,0.0,0.0,,,,8.0,569.0,0.0,0.0,0.0,7.0,58.3,1.3,16.0,0.0,0.0,25.0,0.0,0.0,0.0,4.0,0.0,2.0,8.0,5.0,3.0,0.0,0.0,0.0,0.0,0.0,0.0,0.0,0.0,1.0,1.0,CD_I1006028,False,22.0,Nick,Blakey,home,Sydney Swans
CD_M20260140001,2026-03-05T08:30:00.000+0000,CONCLUDED,Premiership,Opening Round,0,SCG,Sydney Swans,Sydney Swans,Carlton,Carlton,35.0,"https://s.afl.com.au/staticfile/AFL Tenant/AFL/Players/ChampIDImages/AFL/2026014/996731.png?im=Scale,width=0.6,height=0.6",FF,CD_I996731,False,35.0,Charlie,Curnow,CD_T160,,77.0,3.0,2.0,,10.0,0.0,10.0,3.0,0.0,2.0,4.0,6.0,10.0,1.0,2.0,1.0,0.0,2.0,60.0,2.0,2.0,1.0,66.0,0.0,0.0,50.0,14.5,,,3.0,2.0,2.0,6.0,,,,5.0,270.0,0.0,0.0,0.0,6.0,60.0,10.0,6.0,2.0,0.0,40.0,0.0,0.0,0.0,1.0,1.0,1.0,8.0,1.0,0.0,0.0,0.0,0.0,0.0,3.0,0.0,0.0,0.0,0.0,0.0,CD_I996731,False,35.0,Charlie,Curnow,home,Sydney Swans
CD_M20260140001,2026-03-05T08:30:00.000+0000,CONCLUDED,Premiership,Opening Round,0,SCG,Sydney Swans,Sydney Swans,Carlton,Carlton,4.0,"https://s.afl.com.au/staticfile/AFL Tenant/AFL/Players/ChampIDImages/AFL/2026014/293957.png?im=Scale,width=0.6,height=0.6",RK,CD_I293957,False,4.0,Brodie,Grundy,CD_T160,,79.0,1.0,0.0,,5.0,11.0,16.0,2.0,0.0,4.0,6.0,10.0,16.0,3.0,0.0,2.0,46.0,5.0,62.5,5.0,1.0,2.0,106.0,2.0,0.0,100.0,18.1,,,3.0,3.0,2.0,1.0,,,,7.0,224.0,1.0,2.0,3.0,2.0,40.0,0.5,10.0,0.0,2.0,37.5,14.0,59.7,30.4,2.0,1.0,6.0,9.0,3.0,4.0,77.0,3.0,2.0,66.7,1.0,0.0,0.0,26.0,0.0,0.0,CD_I293957,False,4.0,Brodie,Grundy,home,Sydney Swans
CD_M20260140001,2026-03-05T08:30:00.000+0000,CONCLUDED,Premiership,Opening Round,0,SCG,Sydney Swans,Sydney Swans,Carlton,Carlton,21.0,"https://s.afl.com.au/staticfile/AFL Tenant/AFL/Players/ChampIDImages/AFL/2026014/1013128.png?im=Scale,width=0.6,height=0.6",RR,CD_I1013128,False,21.0,Errol,Gulden,CD_T160,,82.0,0.0,2.0,,16.0,11.0,27.0,3.0,1.0,11.0,8.0,17.0,25.0,8.0,0.0,0.0,0.0,0.0,66.7,6.0,1.0,0.0,126.0,2.0,3.0,0.0,10.2,,,5.0,2.0,1.0,2.0,,,,10.0,549.0,2.0,3.0,5.0,7.0,43.8,1.5,18.0,0.0,0.0,32.0,0.0,0.0,0.0,5.0,1.0,4.0,21.0,8.0,0.0,0.0,0.0,0.0,0.0,1.0,0.0,0.0,19.0,1.0,1.0,CD_I1013128,False,21.0,Errol,Gulden,home,Sydney Swans
CD_M20260140001,2026-03-05T08:30:00.000+0000,CONCLUDED,Premiership,Opening Round,0,SCG,Sydney Swans,Sydney Swans,Carlton,Carlton,5.0,"https://s.afl.com.au/staticfile/AFL Tenant/AFL/Players/ChampIDImages/AFL/2026014/298539.png?im=Scale,width=0.6,height=0.6",FPR,CD_I298539,False,5.0,Isaac,Heeney,CD_T160,,77.0,2.0,0.0,,10.0,10.0,20.0,3.0,0.0,8.0,10.0,8.0,18.0,5.0,1.0,0.0,0.0,1.0,60.0,6.0,1.0,2.0,98.0,0.0,0.0,100.0,18.6,,,3.0,4.0,1.0,2.0,,,,6.0,290.0,3.0,3.0,6.0,5.0,50.0,1.0,12.0,0.0,1.0,55.6,0.0,0.0,0.0,4.0,0.0,1.0,18.0,4.0,0.0,0.0,0.0,0.0,0.0,0.0,0.0,0.0,23.0,0.0,0.0,CD_I298539,False,5.0,Isaac,Heeney,home,Sydney Swans
CD_M20260140001,2026-03-05T08:30:00.000+0000,CONCLUDED,Premiership,Opening Round,0,SCG,Sydney Swans,Sydney Swans,Carlton,Carlton,17.0,"https://s.afl.com.au/staticfile/AFL Tenant/AFL/Players/ChampIDImages/AFL/2026014/1013409.png?im=Scale,width=0.6,height=0.6",INT,CD_I1013409,False,17.0,James,Jordon,CD_T160,,79.0,0.0,0.0,,7.0,9.0,16.0,4.0,1.0,2.0,5.0,10.0,15.0,1.0,0.0,0.0,0.0,0.0,75.0,3.0,0.0,1.0,56.0,3.0,0.0,0.0,7.9,,,2.0,2.0,0.0,1.0,,,,4.0,138.0,1.0,0.0,1.0,5.0,71.4,0.8,12.0,1.0,1.0,33.3,0.0,0.0,0.0,5.0,1.0,1.0,16.0,6.0,0.0,0.0,0.0,0.0,0.0,0.0,0.0,0.0,2.0,0.0,0.0,CD_I1013409,False,17.0,James,Jordon,home,Sydney Swans
CD_M20260140001,2026-03-05T08:30:00.000+0000,CONCLUDED,Premiership,Opening Round,0,SCG,Sydney Swans,Sydney Swans,Carlton,Carlton,44.0,"https://s.afl.com.au/staticfile/AFL Tenant/AFL/Players/ChampIDImages/AFL/2026014/295342.png?im=Scale,width=0.6,height=0.6",HFFR,CD_I295342,False,44.0,Jake,Lloyd,CD_T160,,82.0,0.0,0.0,,8.0,10.0,18.0,6.0,0.0,0.0,5.0,12.0,17.0,2.0,2.0,0.0,0.0,2.0,77.8,2.0,0.0,0.0,62.0,2.0,1.0,0.0,8.5,,,2.0,2.0,0.0,2.0,,,,5.0,301.0,0.0,0.0,0.0,4.0,50.0,0.8,14.0,0.0,0.0,29.4,0.0,0.0,0.0,4.0,1.0,1.0,12.0,2.0,1.0,0.0,0.0,0.0,0.0,1.0,0.0,0.0,0.0,1.0,1.0,CD_I295342,False,44.0,Jake,Lloyd,home,Sydney Swans
CD_M20260140001,2026-03-05T08:30:00.000+0000,CONCLUDED,Premiership,Opening Round,0,SCG,Sydney Swans,Sydney Swans,Carlton,Carlton,30.0,"https://s.afl.com.au/staticfile/AFL Tenant/AFL/Players/ChampIDImages/AFL/2026014/1008198.png?im=Scale,width=0.6,height=0.6",FB,CD_I1008198,False,30.0,Tom,McCartin,CD_T160,,94.0,0.0,0.0,,3.0,14.0,17.0,4.0,0.0,0.0,5.0,12.0,17.0,0.0,0.0,0.0,0.0,11.0,82.4,3.0,0.0,0.0,49.0,3.0,0.0,0.0,11.2,,,3.0,6.0,0.0,0.0,,,,1.0,67.0,1.0,1.0,2.0,2.0,66.7,0.2,14.0,0.0,1.0,29.4,0.0,0.0,0.0,4.0,0.0,0.0,7.0,6.0,11.0,0.0,4.0,0.0,0.0,0.0,0.0,0.0,0.0,0.0,0.0,CD_I1008198,False,30.0,Tom,McCartin,home,Sydney Swans
CD_M20260140001,2026-03-05T08:30:00.000+0000,CONCLUDED,Premiership,Opening Round,0,SCG,Sydney Swans,Sydney Swans,Carlton,Carlton,6.0,"https://s.afl.com.au/staticfile/AFL Tenant/AFL/Players/ChampIDImages/AFL/2026014/1013230.png?im=Scale,width=0.6,height=0.6",INT,CD_I1013230,False,6.0,Logan,McDonald,CD_T160,,69.0,1.0,0.0,,4.0,7.0,11.0,2.0,0.0,2.0,4.0,7.0,11.0,1.0,1.0,1.0,0.0,0.0,81.8,4.0,2.0,1.0,45.0,0.0,0.0,100.0,3.5,,,3.0,1.0,1.0,1.0,,,,2.0,94.0,0.0,2.0,2.0,2.0,50.0,0.6,9.0,1.0,0.0,36.4,0.0,0.0,0.0,1.0,0.0,0.0,8.0,3.0,0.0,12.0,1.0,0.0,0.0,5.0,1.0,20.0,0.0,0.0,0.0,CD_I1013230,False,6.0,Logan,McDonald,home,Sydney Swans
CD_M20260140001,2026-03-05T08:30:00.000+0000,CONCLUDED,Premiership,Opening Round,0,SCG,Sydney Swans,Sydney Swans,Carlton,Carlton,27.0,"https://s.afl.com.au/staticfile/AFL Tenant/AFL/Players/ChampIDImages/AFL/2026014/1011936.png?im=Scale,width=0.6,height=0.6",C,CD_I1011936,False,27.0,Justin,McInerney,CD_T160,,88.0,3.0,1.0,,16.0,15.0,31.0,5.0,0.0,3.0,7.0,23.0,30.0,6.0,1.0,1.0,0.0,1.0,83.9,3.0,1.0,1.0,122.0,0.0,2.0,75.0,23.7,,,2.0,4.0,0.0,4.0,,,,14.0,461.0,0.0,2.0,2.0,13.0,81.3,1.1,26.0,0.0,1.0,23.3,0.0,0.0,0.0,5.0,3.0,2.0,9.0,5.0,1.0,0.0,0.0,0.0,0.0,0.0,0.0,0.0,11.0,0.0,0.0,CD_I1011936,False,27.0,Justin,McInerney,home,Sydney Swans
CD_M20260140001,2026-03-05T08:30:00.000+0000,CONCLUDED,Premiership,Opening Round,0,SCG,Sydney Swans,Sydney Swans,Carlton,Carlton,43.0,"https://s.afl.com.au/staticfile/AFL Tenant/AFL/Players/ChampIDImages/AFL/2026014/996743.png?im=Scale,width=0.6,height=0.6",HBFL,CD_I996743,False,43.0,Lewis,Melican,CD_T160,,85.0,0.0,0.0,,4.0,3.0,7.0,1.0,0.0,1.0,3.0,4.0,7.0,2.0,0.0,0.0,0.0,4.0,100.0,1.0,2.0,0.0,27.0,0.0,0.0,0.0,4.6,,,0.0,3.0,0.0,0.0,,,,1.0,91.0,0.0,0.0,0.0,4.0,100.0,1.3,7.0,0.0,0.0,42.9,0.0,0.0,0.0,1.0,0.0,1.0,8.0,6.0,4.0,0.0,2.0,2.0,100.0,0.0,0.0,0.0,0.0,0.0,0.0,CD_I996743,False,43.0,Lewis,Melican,home,Sydney Swans
CD_M20260140001,2026-03-05T08:30:00.000+0000,CONCLUDED,Premiership,Opening Round,0,SCG,Sydney Swans,Sydney Swans,Carlton,Carlton,14.0,"https://s.afl.com.au/staticfile/AFL Tenant/AFL/Players/ChampIDImages/AFL/2026014/993905.png?im=Scale,width=0.6,height=0.6",BPL,CD_I993905,False,14.0,Callum,Mills,CD_T160,,72.0,0.0,1.0,,10.0,15.0,25.0,3.0,1.0,0.0,5.0,17.0,22.0,2.0,0.0,0.0,0.0,3.0,64.0,4.0,0.0,1.0,67.0,4.0,1.0,0.0,4.5,,,6.0,6.0,0.0,1.0,,,,6.0,429.0,0.0,0.0,0.0,4.0,40.0,0.7,16.0,0.0,0.0,22.7,0.0,0.0,0.0,5.0,0.0,1.0,7.0,5.0,3.0,0.0,1.0,0.0,0.0,0.0,0.0,0.0,0.0,2.0,2.0,CD_I993905,False,14.0,Callum,Mills,home,Sydney Swans
CD_M20260140001,2026-03-05T08:30:00.000+0000,CONCLUDED,Premiership,Opening Round,0,SCG,Sydney Swans,Sydney Swans,Carlton,Carlton,11.0,"https://s.afl.com.au/staticfile/AFL Tenant/AFL/Players/ChampIDImages/AFL/2026014/996765.png?im=Scale,width=0.6,height=0.6",INT,CD_I996765,False,11.0,Tom,Papley,CD_T160,,57.0,1.0,1.0,,4.0,5.0,9.0,1.0,0.0,3.0,4.0,6.0,10.0,1.0,1.0,0.0,0.0,1.0,77.8,2.0,0.0,1.0,41.0,1.0,1.0,33.3,5.6,,,2.0,3.0,1.0,3.0,,,,5.0,114.0,0.0,0.0,0.0,2.0,50.0,0.8,7.0,0.0,0.0,40.0,0.0,0.0,0.0,3.0,2.0,1.0,15.0,4.0,0.0,0.0,0.0,0.0,0.0,1.0,0.0,0.0,0.0,0.0,0.0,CD_I996765,False,11.0,Tom,Papley,home,Sydney Swans
CD_M20260140001,2026-03-05T08:30:00.000+0000,CONCLUDED,Premiership,Opening Round,0,SCG,Sydney Swans,Sydney Swans,Carlton,Carlton,24.0,"https://s.afl.com.au/staticfile/AFL Tenant/AFL/Players/ChampIDImages/AFL/2026014/290307.png?im=Scale,width=0.6,height=0.6",BPR,CD_I290307,False,24.0,Dane,Rampe,CD_T160,,81.0,0.0,0.0,,6.0,8.0,14.0,0.0,1.0,3.0,9.0,8.0,17.0,0.0,0.0,0.0,0.0,5.0,85.7,1.0,1.0,1.0,44.0,3.0,0.0,0.0,14.3,,,2.0,8.0,0.0,0.0,,,,5.0,155.0,0.0,1.0,1.0,5.0,83.3,0.8,12.0,0.0,0.0,52.9,0.0,0.0,0.0,5.0,0.0,3.0,12.0,12.0,2.0,0.0,0.0,0.0,0.0,0.0,0.0,0.0,0.0,0.0,0.0,CD_I290307,False,24.0,Dane,Rampe,home,Sydney Swans
CD_M20260140001,2026-03-05T08:30:00.000+0000,CONCLUDED,Premiership,Opening Round,0,SCG,Sydney Swans,Sydney Swans,Carlton,Carlton,34.0,"https://s.afl.com.au/staticfile/AFL Tenant/AFL/Players/ChampIDImages/AFL/2026014/1012210.png?im=Scale,width=0.6,height=0.6",WR,CD_I1012210,False,34.0,Matt,Roberts,CD_T160,,80.0,2.0,1.0,,12.0,6.0,18.0,5.0,0.0,1.0,7.0,11.0,18.0,4.0,0.0,0.0,0.0,2.0,77.8,0.0,0.0,0.0,80.0,3.0,0.0,66.7,20.7,,,1.0,4.0,1.0,3.0,,,,8.0,483.0,0.0,1.0,1.0,10.0,83.3,2.0,14.0,1.0,0.0,38.9,0.0,0.0,0.0,7.0,1.0,1.0,15.0,8.0,1.0,0.0,0.0,0.0,0.0,0.0,0.0,0.0,0.0,0.0,0.0,CD_I1012210,False,34.0,Matt,Roberts,home,Sydney Swans
CD_M20260140001,2026-03-05T08:30:00.000+0000,CONCLUDED,Premiership,Opening Round,0,SCG,Sydney Swans,Sydney Swans,Carlton,Carlton,10.0,"https://s.afl.com.au/staticfile/AFL Tenant/AFL/Players/ChampIDImages/AFL/2026014/1005986.png?im=Scale,width=0.6,height=0.6",HFFL,CD_I1005986,False,10.0,Malcolm,Rosas,CD_T160,,67.0,1.0,0.0,,4.0,6.0,10.0,0.0,1.0,3.0,4.0,8.0,12.0,1.0,0.0,0.0,0.0,3.0,90.0,1.0,1.0,1.0,40.0,0.0,2.0,100.0,11.3,,,1.0,1.0,0.0,1.0,,,,5.0,124.0,0.0,0.0,0.0,3.0,75.0,0.7,9.0,0.0,0.0,33.3,0.0,0.0,0.0,2.0,0.0,0.0,11.0,4.0,0.0,0.0,0.0,0.0,0.0,0.0,0.0,0.0,0.0,0.0,0.0,CD_I1005986,False,10.0,Malcolm,Rosas,home,Sydney Swans
CD_M20260140001,2026-03-05T08:30:00.000+0000,CONCLUDED,Premiership,Opening Round,0,SCG,Sydney Swans,Sydney Swans,Carlton,Carlton,8.0,"https://s.afl.com.au/staticfile/AFL Tenant/AFL/Players/ChampIDImages/AFL/2026014/1006126.png?im=Scale,width=0.6,height=0.6",CHF,CD_I1006126,False,8.0,James,Rowbottom,CD_T160,,77.0,1.0,0.0,,11.0,9.0,20.0,1.0,0.0,9.0,12.0,9.0,21.0,3.0,0.0,0.0,0.0,1.0,70.0,3.0,2.0,2.0,92.0,4.0,0.0,100.0,17.2,,,3.0,3.0,2.0,1.0,,,,6.0,311.0,3.0,4.0,7.0,6.0,54.5,1.2,14.0,0.0,1.0,57.1,0.0,0.0,0.0,9.0,0.0,2.0,33.0,9.0,0.0,0.0,0.0,0.0,0.0,0.0,0.0,0.0,16.0,0.0,0.0,CD_I1006126,False,8.0,James,Rowbottom,home,Sydney Swans
CD_M20260140001,2026-03-05T08:30:00.000+0000,CONCLUDED,Premiership,Opening Round,0,SCG,Sydney Swans,Sydney Swans,Carlton,Carlton,13.0,"https://s.afl.com.au/staticfile/AFL Tenant/AFL/Players/ChampIDImages/AFL/2026014/1017091.png?im=Scale,width=0.6,height=0.6",HBFR,CD_I1017091,False,13.0,Jai,Serong,CD_T160,,84.0,0.0,0.0,,10.0,9.0,19.0,2.0,0.0,5.0,5.0,13.0,18.0,3.0,0.0,0.0,0.0,4.0,73.7,4.0,1.0,1.0,72.0,2.0,1.0,0.0,8.5,,,5.0,3.0,0.0,0.0,,,,4.0,373.0,0.0,2.0,2.0,7.0,70.0,1.1,14.0,0.0,0.0,27.8,0.0,0.0,0.0,4.0,0.0,1.0,18.0,14.0,2.0,0.0,2.0,1.0,50.0,0.0,0.0,0.0,0.0,0.0,0.0,CD_I1017091,False,13.0,Jai,Serong,home,Sydney Swans
CD_M20260140001,2026-03-05T08:30:00.000+0000,CONCLUDED,Premiership,Opening Round,0,SCG,Sydney Swans,Sydney Swans,Carlton,Carlton,12.0,"https://s.afl.com.au/staticfile/AFL Tenant/AFL/Players/ChampIDImages/AFL/2026014/1020339.png?im=Scale,width=0.6,height=0.6",INT,CD_I1020339,False,12.0,Angus,Sheldrick,CD_T160,,56.0,1.0,0.0,,13.0,10.0,23.0,1.0,0.0,1.0,6.0,15.0,21.0,6.0,0.0,0.0,0.0,1.0,39.1,5.0,1.0,1.0,70.0,2.0,0.0,50.0,10.5,,,6.0,2.0,0.0,2.0,,,,5.0,413.0,2.0,1.0,3.0,2.0,15.4,1.3,9.0,0.0,1.0,28.6,0.0,0.0,0.0,5.0,0.0,0.0,14.0,6.0,1.0,0.0,1.0,1.0,100.0,0.0,0.0,0.0,13.0,0.0,0.0,CD_I1020339,False,12.0,Angus,Sheldrick,home,Sydney Swans
CD_M20260140001,2026-03-05T08:30:00.000+0000,CONCLUDED,Premiership,Opening Round,0,SCG,Sydney Swans,Sydney Swans,Carlton,Carlton,1.0,"https://s.afl.com.au/staticfile/AFL Tenant/AFL/Players/ChampIDImages/AFL/2026014/1012014.png?im=Scale,width=0.6,height=0.6",R,CD_I1012014,False,1.0,Chad,Warner,CD_T160,,83.0,1.0,3.0,,16.0,4.0,20.0,3.0,6.0,2.0,9.0,12.0,21.0,8.0,1.0,0.0,0.0,1.0,65.0,2.0,0.0,2.0,76.0,1.0,1.0,25.0,16.6,,,7.0,3.0,0.0,4.0,,,,7.0,563.0,2.0,2.0,4.0,10.0,62.5,4.0,13.0,0.0,1.0,42.9,0.0,0.0,0.0,6.0,2.0,2.0,9.0,3.0,0.0,0.0,0.0,0.0,0.0,1.0,0.0,0.0,12.0,0.0,0.0,CD_I1012014,False,1.0,Chad,Warner,home,Sydney Swans
CD_M20260140001,2026-03-05T08:30:00.000+0000,CONCLUDED,Premiership,Opening Round,0,SCG,Sydney Swans,Sydney Swans,Carlton,Carlton,15.0,"https://s.afl.com.au/staticfile/AFL Tenant/AFL/Players/ChampIDImages/AFL/2026014/1006232.png?im=Scale,width=0.6,height=0.6",INT,CD_I1006232,False,15.0,Sam,Wicks,CD_T160,,84.0,0.0,0.0,,5.0,4.0,9.0,3.0,3.0,2.0,2.0,7.0,9.0,2.0,0.0,0.0,0.0,0.0,77.8,3.0,0.0,1.0,37.0,2.0,0.0,0.0,4.5,,,4.0,1.0,0.0,0.0,,,,3.0,263.0,1.0,0.0,1.0,3.0,60.0,1.3,7.0,0.0,0.0,22.2,0.0,0.0,0.0,2.0,0.0,0.0,17.0,14.0,0.0,0.0,2.0,1.0,50.0,0.0,0.0,0.0,0.0,0.0,0.0,CD_I1006232,False,15.0,Sam,Wicks,home,Sydney Swans
CD_M20260140001,2026-03-05T08:30:00.000+0000,CONCLUDED,Premiership,Opening Round,0,SCG,Sydney Swans,Sydney Swans,Carlton,Carlton,12.0,"https://s.afl.com.au/staticfile/AFL Tenant/AFL/Players/ChampIDImages/AFL/2026014/998130.png?im=Scale,width=0.6,height=0.6",HFFL,CD_I998130,False,12.0,Ben,Ainsworth,CD_T30,,74.0,2.0,0.0,,7.0,7.0,14.0,3.0,0.0,1.0,3.0,11.0,14.0,3.0,0.0,0.0,0.0,1.0,85.7,2.0,0.0,0.0,60.0,0.0,1.0,66.7,16.3,,,2.0,1.0,0.0,3.0,,,,5.0,287.0,0.0,1.0,1.0,6.0,85.7,1.0,12.0,1.0,0.0,21.4,0.0,0.0,0.0,3.0,1.0,1.0,10.0,2.0,0.0,0.0,0.0,0.0,0.0,0.0,0.0,0.0,0.0,0.0,0.0,CD_I998130,False,12.0,Ben,Ainsworth,away,Carlton
CD_M20260140001,2026-03-05T08:30:00.000+0000,CONCLUDED,Premiership,Opening Round,0,SCG,Sydney Swans,Sydney Swans,Carlton,Carlton,31.0,"https://s.afl.com.au/staticfile/AFL Tenant/AFL/Players/ChampIDImages/AFL/2026014/1017057.png?im=Scale,width=0.6,height=0.6",WR,CD_I1017057,False,31.0,Campbell,Chesser,CD_T30,,75.0,0.0,0.0,,8.0,9.0,17.0,5.0,0.0,2.0,5.0,12.0,17.0,0.0,0.0,0.0,0.0,0.0,76.5,3.0,1.0,2.0,60.0,2.0,0.0,0.0,3.7,,,3.0,3.0,1.0,1.0,,,,2.0,274.0,0.0,0.0,0.0,6.0,75.0,0.9,13.0,0.0,2.0,29.4,0.0,0.0,0.0,5.0,1.0,2.0,12.0,7.0,0.0,0.0,0.0,0.0,0.0,0.0,0.0,0.0,0.0,0.0,0.0,CD_I1017057,False,31.0,Campbell,Chesser,away,Carlton
CD_M20260140001,2026-03-05T08:30:00.000+0000,CONCLUDED,Premiership,Opening Round,0,SCG,Sydney Swans,Sydney Swans,Carlton,Carlton,9.0,"https://s.afl.com.au/staticfile/AFL Tenant/AFL/Players/ChampIDImages/AFL/2026014/990704.png?im=Scale,width=0.6,height=0.6",C,CD_I990704,False,9.0,Patrick,Cripps,CD_T30,,80.0,0.0,1.0,,8.0,11.0,19.0,2.0,0.0,3.0,10.0,9.0,19.0,2.0,0.0,0.0,0.0,2.0,73.7,4.0,1.0,3.0,57.0,0.0,0.0,0.0,8.9,,,1.0,0.0,0.0,2.0,,,,4.0,186.0,3.0,1.0,4.0,4.0,50.0,0.7,14.0,0.0,0.0,52.6,0.0,0.0,0.0,7.0,3.0,1.0,20.0,8.0,2.0,1.0,0.0,0.0,0.0,1.0,0.0,0.0,20.0,0.0,0.0,CD_I990704,False,9.0,Patrick,Cripps,away,Carlton
CD_M20260140001,2026-03-05T08:30:00.000+0000,CONCLUDED,Premiership,Opening Round,0,SCG,Sydney Swans,Sydney Swans,Carlton,Carlton,35.0,"https://s.afl.com.au/staticfile/AFL Tenant/AFL/Players/ChampIDImages/AFL/2026014/1033084.png?im=Scale,width=0.6,height=0.6",INT,CD_I1033084,False,35.0,Harry,Dean,CD_T30,,80.0,0.0,0.0,,7.0,7.0,14.0,1.0,0.0,2.0,7.0,8.0,15.0,1.0,0.0,0.0,0.0,7.0,57.1,2.0,2.0,0.0,48.0,4.0,0.0,0.0,11.2,,,3.0,6.0,0.0,0.0,,,,1.0,220.0,0.0,0.0,0.0,3.0,42.9,1.0,8.0,0.0,0.0,46.7,0.0,0.0,0.0,4.0,0.0,1.0,14.0,11.0,5.0,0.0,2.0,0.0,0.0,0.0,0.0,0.0,0.0,0.0,0.0,CD_I1033084,False,35.0,Harry,Dean,away,Carlton
CD_M20260140001,2026-03-05T08:30:00.000+0000,CONCLUDED,Premiership,Opening Round,0,SCG,Sydney Swans,Sydney Swans,Carlton,Carlton,14.0,"https://s.afl.com.au/staticfile/AFL Tenant/AFL/Players/ChampIDImages/AFL/2026014/998103.png?im=Scale,width=0.6,height=0.6",HBFR,CD_I998103,False,14.0,Oliver,Florent,CD_T30,,84.0,0.0,0.0,,16.0,6.0,22.0,7.0,0.0,1.0,9.0,11.0,20.0,2.0,0.0,1.0,0.0,0.0,59.1,1.0,0.0,0.0,85.0,5.0,0.0,0.0,12.1,,,6.0,11.0,0.0,0.0,,,,3.0,464.0,0.0,2.0,2.0,9.0,56.3,2.7,13.0,0.0,4.0,45.0,0.0,0.0,0.0,8.0,0.0,1.0,9.0,8.0,0.0,0.0,1.0,0.0,0.0,0.0,0.0,0.0,0.0,3.0,2.0,CD_I998103,False,14.0,Oliver,Florent,away,Carlton
CD_M20260140001,2026-03-05T08:30:00.000+0000,CONCLUDED,Premiership,Opening Round,0,SCG,Sydney Swans,Sydney Swans,Carlton,Carlton,8.0,"https://s.afl.com.au/staticfile/AFL Tenant/AFL/Players/ChampIDImages/AFL/2026014/1002228.png?im=Scale,width=0.6,height=0.6",INT,CD_I1002228,False,8.0,Lachie,Fogarty,CD_T30,,66.0,0.0,0.0,,5.0,9.0,14.0,1.0,0.0,0.0,7.0,8.0,15.0,0.0,0.0,0.0,0.0,3.0,64.3,1.0,0.0,0.0,36.0,1.0,0.0,0.0,4.9,,,1.0,0.0,0.0,0.0,,,,1.0,212.0,0.0,0.0,0.0,2.0,40.0,0.6,9.0,1.0,0.0,46.7,0.0,0.0,0.0,6.0,4.0,0.0,4.0,1.0,1.0,0.0,0.0,0.0,0.0,1.0,0.0,0.0,0.0,0.0,0.0,CD_I1002228,False,8.0,Lachie,Fogarty,away,Carlton
CD_M20260140001,2026-03-05T08:30:00.000+0000,CONCLUDED,Premiership,Opening Round,0,SCG,Sydney Swans,Sydney Swans,Carlton,Carlton,19.0,"https://s.afl.com.au/staticfile/AFL Tenant/AFL/Players/ChampIDImages/AFL/2026014/997100.png?im=Scale,width=0.6,height=0.6",HFFR,CD_I997100,False,19.0,Will,Hayward,CD_T30,,75.0,1.0,2.0,,9.0,2.0,11.0,3.0,0.0,3.0,3.0,8.0,11.0,1.0,1.0,0.0,0.0,0.0,54.5,2.0,1.0,1.0,58.0,0.0,0.0,33.3,6.0,,,1.0,0.0,0.0,3.0,,,,4.0,223.0,0.0,0.0,0.0,5.0,55.6,4.5,6.0,3.0,0.0,27.3,0.0,0.0,0.0,3.0,2.0,0.0,9.0,5.0,0.0,0.0,0.0,0.0,0.0,0.0,0.0,0.0,0.0,0.0,0.0,CD_I997100,False,19.0,Will,Hayward,away,Carlton
CD_M20260140001,2026-03-05T08:30:00.000+0000,CONCLUDED,Premiership,Opening Round,0,SCG,Sydney Swans,Sydney Swans,Carlton,Carlton,29.0,"https://s.afl.com.au/staticfile/AFL Tenant/AFL/Players/ChampIDImages/AFL/2026014/294036.png?im=Scale,width=0.6,height=0.6",INT,CD_I294036,False,29.0,George,Hewett,CD_T30,,65.0,0.0,0.0,,9.0,10.0,19.0,2.0,0.0,6.0,7.0,13.0,20.0,1.0,0.0,1.0,0.0,3.0,52.6,5.0,1.0,1.0,75.0,1.0,0.0,0.0,2.8,,,6.0,1.0,2.0,0.0,,,,2.0,181.0,0.0,2.0,2.0,4.0,44.4,0.9,10.0,0.0,0.0,35.0,0.0,0.0,0.0,4.0,1.0,0.0,25.0,9.0,1.0,0.0,0.0,0.0,0.0,1.0,1.0,100.0,17.0,0.0,0.0,CD_I294036,False,29.0,George,Hewett,away,Carlton
CD_M20260140001,2026-03-05T08:30:00.000+0000,CONCLUDED,Premiership,Opening Round,0,SCG,Sydney Swans,Sydney Swans,Carlton,Carlton,20.0,"https://s.afl.com.au/staticfile/AFL Tenant/AFL/Players/ChampIDImages/AFL/2026014/1012862.png?im=Scale,width=0.6,height=0.6",WL,CD_I1012862,False,20.0,Elijah,Hollands,CD_T30,,79.0,1.0,0.0,,12.0,7.0,19.0,1.0,0.0,1.0,8.0,11.0,19.0,3.0,0.0,0.0,0.0,2.0,52.6,6.0,3.0,1.0,63.0,2.0,1.0,100.0,5.9,,,9.0,5.0,0.0,1.0,,,,2.0,216.0,0.0,0.0,0.0,5.0,41.7,1.7,10.0,0.0,0.0,42.1,0.0,0.0,0.0,4.0,2.0,0.0,12.0,8.0,0.0,0.0,0.0,0.0,0.0,0.0,0.0,0.0,0.0,0.0,0.0,CD_I1012862,False,20.0,Elijah,Hollands,away,Carlton
CD_M20260140001,2026-03-05T08:30:00.000+0000,CONCLUDED,Premiership,Opening Round,0,SCG,Sydney Swans,Sydney Swans,Carlton,Carlton,4.0,"https://s.afl.com.au/staticfile/AFL Tenant/AFL/Players/ChampIDImages/AFL/2026014/1023495.png?im=Scale,width=0.6,height=0.6",R,CD_I1023495,False,4.0,Oliver,Hollands,CD_T30,,82.0,0.0,0.0,,12.0,6.0,18.0,4.0,0.0,2.0,6.0,10.0,16.0,4.0,0.0,0.0,0.0,1.0,77.8,3.0,1.0,0.0,69.0,4.0,2.0,0.0,7.5,,,4.0,2.0,1.0,1.0,,,,3.0,336.0,2.0,1.0,3.0,8.0,66.7,2.0,14.0,0.0,0.0,37.5,0.0,0.0,0.0,4.0,0.0,0.0,13.0,10.0,1.0,0.0,1.0,0.0,0.0,1.0,0.0,0.0,2.0,1.0,1.0,CD_I1023495,False,4.0,Oliver,Hollands,away,Carlton
CD_M20260140001,2026-03-05T08:30:00.000+0000,CONCLUDED,Premiership,Opening Round,0,SCG,Sydney Swans,Sydney Swans,Carlton,Carlton,17.0,"https://s.afl.com.au/staticfile/AFL Tenant/AFL/Players/ChampIDImages/AFL/2026014/1009241.png?im=Scale,width=0.6,height=0.6",FF,CD_I1009241,False,17.0,Brodie,Kemp,CD_T30,,92.0,1.0,1.0,,8.0,7.0,15.0,3.0,0.0,1.0,6.0,10.0,16.0,2.0,1.0,2.0,0.0,1.0,66.7,5.0,1.0,1.0,56.0,0.0,0.0,33.3,5.4,,,5.0,1.0,0.0,3.0,,,,3.0,132.0,0.0,0.0,0.0,4.0,50.0,1.1,10.0,1.0,0.0,37.5,0.0,0.0,0.0,3.0,2.0,0.0,10.0,1.0,1.0,0.0,0.0,0.0,0.0,1.0,1.0,100.0,0.0,0.0,0.0,CD_I1009241,False,17.0,Brodie,Kemp,away,Carlton
CD_M20260140001,2026-03-05T08:30:00.000+0000,CONCLUDED,Premiership,Opening Round,0,SCG,Sydney Swans,Sydney Swans,Carlton,Carlton,36.0,"https://s.afl.com.au/staticfile/AFL Tenant/AFL/Players/ChampIDImages/AFL/2026014/1032108.png?im=Scale,width=0.6,height=0.6",INT,CD_I1032108,False,36.0,Cooper,Lord,CD_T30,,74.0,0.0,1.0,,11.0,15.0,26.0,3.0,0.0,0.0,7.0,20.0,27.0,7.0,0.0,0.0,0.0,2.0,76.9,2.0,3.0,0.0,76.0,3.0,1.0,0.0,11.3,,,3.0,4.0,0.0,1.0,,,,5.0,408.0,0.0,1.0,1.0,7.0,63.6,0.7,20.0,0.0,0.0,25.9,0.0,0.0,0.0,5.0,1.0,1.0,14.0,6.0,1.0,0.0,0.0,0.0,0.0,0.0,0.0,0.0,7.0,0.0,0.0,CD_I1032108,False,36.0,Cooper,Lord,away,Carlton
CD_M20260140001,2026-03-05T08:30:00.000+0000,CONCLUDED,Premiership,Opening Round,0,SCG,Sydney Swans,Sydney Swans,Carlton,Carlton,11.0,"https://s.afl.com.au/staticfile/AFL Tenant/AFL/Players/ChampIDImages/AFL/2026014/297255.png?im=Scale,width=0.6,height=0.6",CHB,CD_I297255,False,11.0,Mitch,McGovern,CD_T30,,79.0,0.0,0.0,,12.0,4.0,16.0,5.0,2.0,0.0,3.0,10.0,13.0,2.0,0.0,0.0,0.0,7.0,87.5,3.0,0.0,0.0,59.0,5.0,0.0,0.0,10.0,,,2.0,5.0,0.0,0.0,,,,1.0,421.0,0.0,0.0,0.0,10.0,83.3,3.0,14.0,0.0,2.0,23.1,0.0,0.0,0.0,3.0,0.0,0.0,9.0,7.0,7.0,0.0,1.0,0.0,0.0,0.0,0.0,0.0,0.0,1.0,1.0,CD_I297255,False,11.0,Mitch,McGovern,away,Carlton
CD_M20260140001,2026-03-05T08:30:00.000+0000,CONCLUDED,Premiership,Opening Round,0,SCG,Sydney Swans,Sydney Swans,Carlton,Carlton,10.0,"https://s.afl.com.au/staticfile/AFL Tenant/AFL/Players/ChampIDImages/AFL/2026014/1000953.png?im=Scale,width=0.6,height=0.6",CHF,CD_I1000953,False,10.0,Harry,McKay,CD_T30,,96.0,1.0,0.0,,10.0,3.0,13.0,5.0,0.0,0.0,7.0,6.0,13.0,3.0,0.0,2.0,0.0,3.0,61.5,5.0,1.0,3.0,49.0,0.0,0.0,100.0,4.8,,,6.0,3.0,0.0,1.0,,,,5.0,321.0,0.0,0.0,0.0,7.0,70.0,3.3,8.0,1.0,1.0,53.8,0.0,0.0,0.0,4.0,2.0,2.0,5.0,1.0,1.0,0.0,0.0,0.0,0.0,6.0,2.0,33.3,0.0,0.0,0.0,CD_I1000953,False,10.0,Harry,McKay,away,Carlton
CD_M20260140001,2026-03-05T08:30:00.000+0000,CONCLUDED,Premiership,Opening Round,0,SCG,Sydney Swans,Sydney Swans,Carlton,Carlton,43.0,"https://s.afl.com.au/staticfile/AFL Tenant/AFL/Players/ChampIDImages/AFL/2026014/1020097.png?im=Scale,width=0.6,height=0.6",FPR,CD_I1020097,False,43.0,Ashton,Moir,CD_T30,,78.0,1.0,0.0,,7.0,3.0,10.0,3.0,0.0,4.0,3.0,5.0,8.0,0.0,1.0,0.0,0.0,0.0,80.0,0.0,1.0,0.0,59.0,0.0,0.0,50.0,6.8,,,1.0,0.0,0.0,2.0,,,,5.0,105.0,0.0,2.0,2.0,5.0,71.4,2.3,8.0,0.0,0.0,37.5,0.0,0.0,0.0,1.0,0.0,0.0,9.0,3.0,0.0,0.0,0.0,0.0,0.0,1.0,0.0,0.0,1.0,0.0,0.0,CD_I1020097,False,43.0,Ashton,Moir,away,Carlton
CD_M20260140001,2026-03-05T08:30:00.000+0000,CONCLUDED,Premiership,Opening Round,0,SCG,Sydney Swans,Sydney Swans,Carlton,Carlton,27.0,"https://s.afl.com.au/staticfile/AFL Tenant/AFL/Players/ChampIDImages/AFL/2026014/298290.png?im=Scale,width=0.6,height=0.6",RK,CD_I298290,False,27.0,Marc,Pittonet,CD_T30,,67.0,3.0,0.0,,8.0,10.0,18.0,3.0,0.0,2.0,12.0,6.0,18.0,1.0,1.0,1.0,17.0,1.0,88.9,3.0,2.0,2.0,92.0,1.0,0.0,100.0,26.0,,,3.0,2.0,0.0,3.0,,,,5.0,175.0,2.0,6.0,8.0,6.0,75.0,0.8,16.0,0.0,1.0,66.7,4.0,27.4,23.5,6.0,1.0,3.0,11.0,5.0,1.0,62.0,1.0,0.0,0.0,2.0,1.0,50.0,25.0,0.0,0.0,CD_I298290,False,27.0,Marc,Pittonet,away,Carlton
CD_M20260140001,2026-03-05T08:30:00.000+0000,CONCLUDED,Premiership,Opening Round,0,SCG,Sydney Swans,Sydney Swans,Carlton,Carlton,25.0,"https://s.afl.com.au/staticfile/AFL Tenant/AFL/Players/ChampIDImages/AFL/2026014/1023346.png?im=Scale,width=0.6,height=0.6",INT,CD_I1023346,False,25.0,Liam,Reidy,CD_T30,,61.0,0.0,1.0,,3.0,2.0,5.0,1.0,0.0,2.0,4.0,0.0,4.0,1.0,1.0,1.0,17.0,2.0,40.0,1.0,1.0,1.0,40.0,0.0,0.0,0.0,1.8,,,2.0,0.0,1.0,1.0,,,,2.0,83.0,1.0,0.0,1.0,0.0,0.0,1.5,2.0,0.0,0.0,100.0,2.0,53.1,11.8,2.0,1.0,1.0,14.0,6.0,2.0,32.0,0.0,0.0,0.0,3.0,2.0,66.7,7.0,0.0,0.0,CD_I1023346,False,25.0,Liam,Reidy,away,Carlton
CD_M20260140001,2026-03-05T08:30:00.000+0000,CONCLUDED,Premiership,Opening Round,0,SCG,Sydney Swans,Sydney Swans,Carlton,Carlton,42.0,"https://s.afl.com.au/staticfile/AFL Tenant/AFL/Players/ChampIDImages/AFL/2026014/295461.png?im=Scale,width=0.6,height=0.6",HBFL,CD_I295461,False,42.0,Adam,Saad,CD_T30,,64.0,0.0,0.0,,5.0,6.0,11.0,1.0,10.0,0.0,5.0,3.0,8.0,0.0,0.0,0.0,0.0,5.0,81.8,0.0,0.0,0.0,30.0,5.0,0.0,0.0,12.2,,,2.0,3.0,0.0,0.0,,,,3.0,221.0,0.0,0.0,0.0,3.0,60.0,0.8,9.0,0.0,0.0,62.5,0.0,0.0,0.0,5.0,1.0,2.0,8.0,4.0,4.0,0.0,0.0,0.0,0.0,0.0,0.0,0.0,0.0,3.0,3.0,CD_I295461,False,42.0,Adam,Saad,away,Carlton
CD_M20260140001,2026-03-05T08:30:00.000+0000,CONCLUDED,Premiership,Opening Round,0,SCG,Sydney Swans,Sydney Swans,Carlton,Carlton,7.0,"https://s.afl.com.au/staticfile/AFL Tenant/AFL/Players/ChampIDImages/AFL/2026014/1028515.png?im=Scale,width=0.6,height=0.6",FPL,CD_I1028515,False,7.0,Jagga,Smith,CD_T30,,79.0,0.0,0.0,,11.0,16.0,27.0,3.0,3.0,2.0,5.0,21.0,26.0,4.0,0.0,0.0,0.0,1.0,74.1,4.0,0.0,0.0,82.0,1.0,0.0,0.0,6.0,,,6.0,2.0,0.0,0.0,,,,4.0,347.0,1.0,2.0,3.0,5.0,45.5,0.7,20.0,1.0,0.0,19.2,0.0,0.0,0.0,4.0,0.0,0.0,5.0,4.0,1.0,0.0,0.0,0.0,0.0,0.0,0.0,0.0,17.0,0.0,0.0,CD_I1028515,False,7.0,Jagga,Smith,away,Carlton
CD_M20260140001,2026-03-05T08:30:00.000+0000,CONCLUDED,Premiership,Opening Round,0,SCG,Sydney Swans,Sydney Swans,Carlton,Carlton,18.0,"https://s.afl.com.au/staticfile/AFL Tenant/AFL/Players/ChampIDImages/AFL/2026014/1006094.png?im=Scale,width=0.6,height=0.6",RR,CD_I1006094,False,18.0,Sam,Walsh,CD_T30,,77.0,0.0,0.0,,16.0,16.0,32.0,3.0,1.0,2.0,13.0,20.0,33.0,9.0,0.0,0.0,0.0,3.0,65.6,4.0,2.0,0.0,99.0,0.0,0.0,0.0,15.7,,,4.0,3.0,0.0,1.0,,,,8.0,696.0,3.0,3.0,6.0,10.0,62.5,1.0,21.0,0.0,1.0,39.4,0.0,0.0,0.0,9.0,2.0,2.0,19.0,11.0,0.0,0.0,0.0,0.0,0.0,0.0,0.0,0.0,27.0,0.0,0.0,CD_I1006094,False,18.0,Sam,Walsh,away,Carlton
CD_M20260140001,2026-03-05T08:30:00.000+0000,CONCLUDED,Premiership,Opening Round,0,SCG,Sydney Swans,Sydney Swans,Carlton,Carlton,23.0,"https://s.afl.com.au/staticfile/AFL Tenant/AFL/Players/ChampIDImages/AFL/2026014/993832.png?im=Scale,width=0.6,height=0.6",FB,CD_I993832,False,23.0,Jacob,Weitering,CD_T30,,95.0,0.0,0.0,,12.0,3.0,15.0,5.0,0.0,0.0,4.0,9.0,13.0,1.0,0.0,0.0,0.0,5.0,86.7,1.0,1.0,0.0,58.0,4.0,0.0,0.0,5.8,,,2.0,7.0,0.0,0.0,,,,0.0,214.0,0.0,0.0,0.0,10.0,83.3,4.0,13.0,0.0,1.0,30.8,0.0,0.0,0.0,3.0,0.0,0.0,3.0,3.0,5.0,0.0,6.0,0.0,0.0,0.0,0.0,0.0,0.0,0.0,0.0,CD_I993832,False,23.0,Jacob,Weitering,away,Carlton
CD_M20260140001,2026-03-05T08:30:00.000+0000,CONCLUDED,Premiership,Opening Round,0,SCG,Sydney Swans,Sydney Swans,Carlton,Carlton,6.0,"https://s.afl.com.au/staticfile/AFL Tenant/AFL/Players/ChampIDImages/AFL/2026014/294685.png?im=Scale,width=0.6,height=0.6",BPL,CD_I294685,False,6.0,Zac,Williams,CD_T30,,79.0,0.0,1.0,,10.0,6.0,16.0,1.0,1.0,3.0,12.0,7.0,19.0,3.0,0.0,0.0,0.0,3.0,62.5,3.0,1.0,3.0,50.0,4.0,0.0,0.0,14.9,,,4.0,7.0,0.0,1.0,,,,3.0,257.0,1.0,5.0,6.0,4.0,40.0,1.7,10.0,0.0,1.0,63.2,0.0,0.0,0.0,9.0,0.0,2.0,21.0,14.0,0.0,0.0,1.0,1.0,100.0,0.0,0.0,0.0,5.0,1.0,0.0,CD_I294685,False,6.0,Zac,Williams,away,Carlton
CD_M20260140001,2026-03-05T08:30:00.000+0000,CONCLUDED,Premiership,Opening Round,0,SCG,Sydney Swans,Sydney Swans,Carlton,Carlton,33.0,"https://s.afl.com.au/staticfile/AFL Tenant/AFL/Players/ChampIDImages/AFL/2026014/997316.png?im=Scale,width=0.6,height=0.6",BPR,CD_I997316,False,33.0,Lewis,Young,CD_T30,,100.0,0.0,0.0,,6.0,5.0,11.0,4.0,0.0,1.0,5.0,6.0,11.0,0.0,0.0,0.0,0.0,11.0,72.7,3.0,0.0,1.0,41.0,4.0,0.0,0.0,3.6,,,0.0,6.0,0.0,0.0,,,,0.0,138.0,0.0,0.0,0.0,5.0,83.3,1.2,8.0,0.0,0.0,45.5,0.0,0.0,0.0,2.0,0.0,0.0,9.0,7.0,7.0,0.0,6.0,1.0,16.7,0.0,0.0,0.0,0.0,2.0,2.0,CD_I997316,False,33.0,Lewis,Young,away,Carlton
CD_M20260140002,2026-03-06T09:05:00.000+0000,CONCLUDED,Premiership,Opening Round,0,People First Stadium,Gold Coast SUNS,Gold Coast SUNS,Geelong Cats,Geelong Cats,48.0,"https://s.afl.com.au/staticfile/AFL Tenant/AFL/Players/ChampIDImages/AFL/2026014/1015515.png?im=Scale,width=0.6,height=0.6",INT,CD_I1015515,False,48.0,Oscar,Adams,CD_T1000,,71.0,0.0,0.0,,3.0,9.0,12.0,1.0,0.0,3.0,7.0,6.0,13.0,1.0,0.0,0.0,0.0,2.0,91.7,0.0,2.0,0.0,44.0,1.0,0.0,0.0,9.2,,,1.0,6.0,0.0,0.0,,,,1.0,98.0,0.0,0.0,0.0,3.0,100.0,0.3,11.0,0.0,0.0,53.8,0.0,0.0,0.0,4.0,0.0,0.0,8.0,6.0,1.0,0.0,1.0,0.0,0.0,0.0,0.0,0.0,0.0,0.0,0.0,CD_I1015515,False,48.0,Oscar,Adams,home,Gold Coast SUNS
CD_M20260140002,2026-03-06T09:05:00.000+0000,CONCLUDED,Premiership,Opening Round,0,People First Stadium,Gold Coast SUNS,Gold Coast SUNS,Geelong Cats,Geelong Cats,15.0,"https://s.afl.com.au/staticfile/AFL Tenant/AFL/Players/ChampIDImages/AFL/2026014/1009199.png?im=Scale,width=0.6,height=0.6",RR,CD_I1009199,False,15.0,Noah,Anderson,CD_T1000,,84.0,1.0,4.0,,17.0,7.0,24.0,5.0,1.0,3.0,12.0,14.0,26.0,10.0,1.0,0.0,0.0,3.0,62.5,3.0,1.0,1.0,100.0,2.0,1.0,20.0,12.1,,,5.0,5.0,0.0,5.0,,,,12.0,562.0,4.0,2.0,6.0,9.0,52.9,2.4,15.0,0.0,0.0,46.2,0.0,0.0,0.0,7.0,1.0,4.0,18.0,7.0,0.0,0.0,0.0,0.0,0.0,0.0,0.0,0.0,24.0,0.0,0.0,CD_I1009199,False,15.0,Noah,Anderson,home,Gold Coast SUNS
CD_M20260140002,2026-03-06T09:05:00.000+0000,CONCLUDED,Premiership,Opening Round,0,People First Stadium,Gold Coast SUNS,Gold Coast SUNS,Geelong Cats,Geelong Cats,1.0,"https://s.afl.com.au/staticfile/AFL Tenant/AFL/Players/ChampIDImages/AFL/2026014/1017396.png?im=Scale,width=0.6,height=0.6",BPL,CD_I1017396,False,1.0,Mac,Andrew,CD_T1000,,84.0,0.0,0.0,,9.0,17.0,26.0,5.0,0.0,1.0,8.0,18.0,26.0,3.0,0.0,0.0,0.0,2.0,88.5,4.0,1.0,1.0,78.0,5.0,0.0,0.0,14.0,,,3.0,7.0,0.0,1.0,,,,3.0,289.0,0.0,2.0,2.0,7.0,77.8,0.5,23.0,0.0,0.0,30.8,0.0,0.0,0.0,7.0,0.0,1.0,9.0,6.0,2.0,0.0,1.0,0.0,0.0,0.0,0.0,0.0,0.0,0.0,0.0,CD_I1017396,False,1.0,Mac,Andrew,home,Gold Coast SUNS
CD_M20260140002,2026-03-06T09:05:00.000+0000,CONCLUDED,Premiership,Opening Round,0,People First Stadium,Gold Coast SUNS,Gold Coast SUNS,Geelong Cats,Geelong Cats,33.0,"https://s.afl.com.au/staticfile/AFL Tenant/AFL/Players/ChampIDImages/AFL/2026014/1013257.png?im=Scale,width=0.6,height=0.6",WR,CD_I1013257,False,33.0,Sam,Clohesy,CD_T1000,,79.0,0.0,0.0,,10.0,9.0,19.0,5.0,0.0,1.0,5.0,14.0,19.0,4.0,0.0,0.0,0.0,1.0,84.2,2.0,0.0,1.0,64.0,1.0,0.0,0.0,9.1,,,3.0,5.0,0.0,0.0,,,,2.0,410.0,0.0,0.0,0.0,8.0,80.0,1.1,16.0,1.0,0.0,26.3,0.0,0.0,0.0,5.0,0.0,1.0,12.0,5.0,1.0,0.0,0.0,0.0,0.0,0.0,0.0,0.0,0.0,0.0,0.0,CD_I1013257,False,33.0,Sam,Clohesy,home,Gold Coast SUNS
CD_M20260140002,2026-03-06T09:05:00.000+0000,CONCLUDED,Premiership,Opening Round,0,People First Stadium,Gold Coast SUNS,Gold Coast SUNS,Geelong Cats,Geelong Cats,25.0,"https://s.afl.com.au/staticfile/AFL Tenant/AFL/Players/ChampIDImages/AFL/2026014/295446.png?im=Scale,width=0.6,height=0.6",BPR,CD_I295446,False,25.0,Sam,Collins,CD_T1000,,88.0,0.0,0.0,,5.0,12.0,17.0,8.0,0.0,1.0,7.0,10.0,17.0,0.0,0.0,2.0,0.0,10.0,70.6,2.0,0.0,1.0,64.0,1.0,0.0,0.0,11.1,,,2.0,9.0,0.0,0.0,,,,1.0,137.0,0.0,0.0,0.0,3.0,60.0,0.4,12.0,0.0,5.0,41.2,0.0,0.0,0.0,4.0,0.0,1.0,5.0,5.0,9.0,1.0,5.0,1.0,20.0,0.0,0.0,0.0,0.0,0.0,0.0,CD_I295446,False,25.0,Sam,Collins,home,Gold Coast SUNS
CD_M20260140002,2026-03-06T09:05:00.000+0000,CONCLUDED,Premiership,Opening Round,0,People First Stadium,Gold Coast SUNS,Gold Coast SUNS,Geelong Cats,Geelong Cats,5.0,"https://s.afl.com.au/staticfile/AFL Tenant/AFL/Players/ChampIDImages/AFL/2026014/1013268.png?im=Scale,width=0.6,height=0.6",INT,CD_I1013268,False,5.0,Alex,Davies,CD_T1000,,59.0,0.0,0.0,,5.0,12.0,17.0,0.0,0.0,8.0,14.0,6.0,20.0,3.0,0.0,0.0,0.0,1.0,52.9,6.0,1.0,4.0,60.0,2.0,0.0,0.0,9.4,,,1.0,3.0,0.0,0.0,,,,3.0,157.0,1.0,3.0,4.0,1.0,20.0,0.4,9.0,0.0,0.0,70.0,0.0,0.0,0.0,7.0,2.0,1.0,24.0,10.0,0.0,0.0,0.0,0.0,0.0,0.0,0.0,0.0,20.0,0.0,0.0,CD_I1013268,False,5.0,Alex,Davies,home,Gold Coast SUNS
CD_M20260140002,2026-03-06T09:05:00.000+0000,CONCLUDED,Premiership,Opening Round,0,People First Stadium,Gold Coast SUNS,Gold Coast SUNS,Geelong Cats,Geelong Cats,50.0,"https://s.afl.com.au/staticfile/AFL Tenant/AFL/Players/ChampIDImages/AFL/2026014/999715.png?im=Scale,width=0.6,height=0.6",INT,CD_I999715,False,50.0,Jy,Farrar,CD_T1000,,66.0,0.0,0.0,,1.0,4.0,5.0,0.0,0.0,4.0,3.0,2.0,5.0,0.0,0.0,0.0,0.0,2.0,80.0,1.0,1.0,0.0,28.0,0.0,1.0,0.0,3.2,,,1.0,0.0,1.0,0.0,,,,1.0,-38.0,0.0,0.0,0.0,1.0,100.0,0.3,4.0,0.0,0.0,60.0,0.0,0.0,0.0,2.0,1.0,0.0,14.0,3.0,1.0,0.0,0.0,0.0,0.0,3.0,0.0,0.0,0.0,0.0,0.0,CD_I999715,False,50.0,Jy,Farrar,home,Gold Coast SUNS
CD_M20260140002,2026-03-06T09:05:00.000+0000,CONCLUDED,Premiership,Opening Round,0,People First Stadium,Gold Coast SUNS,Gold Coast SUNS,Geelong Cats,Geelong Cats,26.0,"https://s.afl.com.au/staticfile/AFL Tenant/AFL/Players/ChampIDImages/AFL/2026014/1026960.png?im=Scale,width=0.6,height=0.6",HFFR,CD_I1026960,False,26.0,Will,Graham,CD_T1000,,62.0,0.0,1.0,,5.0,3.0,8.0,4.0,1.0,4.0,4.0,4.0,8.0,2.0,4.0,0.0,0.0,0.0,75.0,4.0,1.0,3.0,42.0,0.0,2.0,0.0,0.2,,,2.0,1.0,0.0,2.0,,,,6.0,202.0,1.0,1.0,2.0,3.0,60.0,1.7,6.0,0.0,0.0,50.0,0.0,0.0,0.0,3.0,0.0,2.0,15.0,3.0,0.0,0.0,0.0,0.0,0.0,0.0,0.0,0.0,5.0,0.0,0.0,CD_I1026960,False,26.0,Will,Graham,home,Gold Coast SUNS
CD_M20260140002,2026-03-06T09:05:00.000+0000,CONCLUDED,Premiership,Opening Round,0,People First Stadium,Gold Coast SUNS,Gold Coast SUNS,Geelong Cats,Geelong Cats,19.0,"https://s.afl.com.au/staticfile/AFL Tenant/AFL/Players/ChampIDImages/AFL/2026014/1023500.png?im=Scale,width=0.6,height=0.6",CHF,CD_I1023500,False,19.0,Bailey,Humphrey,CD_T1000,,77.0,4.0,2.0,,11.0,4.0,15.0,4.0,0.0,3.0,6.0,9.0,15.0,2.0,3.0,0.0,0.0,1.0,53.3,5.0,1.0,2.0,86.0,1.0,1.0,66.7,16.7,,,6.0,4.0,2.0,6.0,,,,9.0,335.0,0.0,1.0,1.0,5.0,45.5,2.8,8.0,4.0,0.0,40.0,0.0,0.0,0.0,5.0,3.0,3.0,10.0,3.0,1.0,0.0,0.0,0.0,0.0,1.0,0.0,0.0,3.0,0.0,0.0,CD_I1023500,False,19.0,Bailey,Humphrey,home,Gold Coast SUNS
CD_M20260140002,2026-03-06T09:05:00.000+0000,CONCLUDED,Premiership,Opening Round,0,People First Stadium,Gold Coast SUNS,Gold Coast SUNS,Geelong Cats,Geelong Cats,16.0,"https://s.afl.com.au/staticfile/AFL Tenant/AFL/Players/ChampIDImages/AFL/2026014/1005992.png?im=Scale,width=0.6,height=0.6",HBFR,CD_I1005992,False,16.0,Joel,Jeffrey,CD_T1000,,80.0,0.0,0.0,,16.0,6.0,22.0,5.0,0.0,2.0,4.0,15.0,19.0,4.0,0.0,0.0,0.0,2.0,86.4,2.0,0.0,1.0,80.0,6.0,1.0,0.0,9.2,,,4.0,6.0,0.0,0.0,,,,2.0,537.0,0.0,0.0,0.0,14.0,87.5,2.7,19.0,0.0,0.0,21.1,0.0,0.0,0.0,4.0,0.0,1.0,9.0,8.0,2.0,0.0,0.0,0.0,0.0,0.0,0.0,0.0,0.0,1.0,1.0,CD_I1005992,False,16.0,Joel,Jeffrey,home,Gold Coast SUNS
CD_M20260140002,2026-03-06T09:05:00.000+0000,CONCLUDED,Premiership,Opening Round,0,People First Stadium,Gold Coast SUNS,Gold Coast SUNS,Geelong Cats,Geelong Cats,34.0,"https://s.afl.com.au/staticfile/AFL Tenant/AFL/Players/ChampIDImages/AFL/2026014/1006144.png?im=Scale,width=0.6,height=0.6",FF,CD_I1006144,False,34.0,Ben,King,CD_T1000,,96.0,4.0,0.0,,4.0,1.0,5.0,2.0,0.0,0.0,3.0,3.0,6.0,0.0,2.0,0.0,0.0,0.0,100.0,3.0,1.0,2.0,39.0,0.0,0.0,100.0,7.2,,,2.0,0.0,0.0,4.0,,,,4.0,84.0,0.0,0.0,0.0,4.0,100.0,4.0,5.0,0.0,0.0,50.0,0.0,0.0,0.0,2.0,2.0,0.0,11.0,0.0,0.0,0.0,0.0,0.0,0.0,3.0,2.0,66.7,0.0,0.0,0.0,CD_I1006144,False,34.0,Ben,King,home,Gold Coast SUNS
CD_M20260140002,2026-03-06T09:05:00.000+0000,CONCLUDED,Premiership,Opening Round,0,People First Stadium,Gold Coast SUNS,Gold Coast SUNS,Geelong Cats,Geelong Cats,8.0,"https://s.afl.com.au/staticfile/AFL Tenant/AFL/Players/ChampIDImages/AFL/2026014/1029301.png?im=Scale,width=0.6,height=0.6",FPR,CD_I1029301,False,8.0,Leonardo,Lombard,CD_T1000,,80.0,2.0,2.0,,9.0,6.0,15.0,4.0,2.0,4.0,4.0,11.0,15.0,5.0,2.0,0.0,0.0,2.0,73.3,4.0,0.0,2.0,75.0,0.0,1.0,50.0,10.6,,,3.0,3.0,3.0,4.0,,,,7.0,369.0,0.0,0.0,0.0,5.0,55.6,1.5,11.0,0.0,0.0,26.7,0.0,0.0,0.0,4.0,2.0,0.0,18.0,4.0,2.0,0.0,0.0,0.0,0.0,2.0,0.0,0.0,0.0,0.0,0.0,CD_I1029301,False,8.0,Leonardo,Lombard,home,Gold Coast SUNS
CD_M20260140002,2026-03-06T09:05:00.000+0000,CONCLUDED,Premiership,Opening Round,0,People First Stadium,Gold Coast SUNS,Gold Coast SUNS,Geelong Cats,Geelong Cats,22.0,"https://s.afl.com.au/staticfile/AFL Tenant/AFL/Players/ChampIDImages/AFL/2026014/993917.png?im=Scale,width=0.6,height=0.6",INT,CD_I993917,False,22.0,Ben,Long,CD_T1000,,83.0,2.0,0.0,,7.0,7.0,14.0,1.0,0.0,5.0,7.0,7.0,14.0,1.0,0.0,0.0,0.0,3.0,64.3,5.0,0.0,0.0,70.0,0.0,1.0,100.0,11.1,,,3.0,3.0,4.0,2.0,,,,5.0,111.0,0.0,0.0,0.0,3.0,42.9,1.0,9.0,0.0,0.0,50.0,0.0,0.0,0.0,6.0,3.0,1.0,14.0,2.0,1.0,0.0,0.0,0.0,0.0,1.0,0.0,0.0,0.0,0.0,0.0,CD_I993917,False,22.0,Ben,Long,home,Gold Coast SUNS
CD_M20260140002,2026-03-06T09:05:00.000+0000,CONCLUDED,Premiership,Opening Round,0,People First Stadium,Gold Coast SUNS,Gold Coast SUNS,Geelong Cats,Geelong Cats,11.0,"https://s.afl.com.au/staticfile/AFL Tenant/AFL/Players/ChampIDImages/AFL/2026014/298272.png?im=Scale,width=0.6,height=0.6",R,CD_I298272,False,11.0,Touk,Miller,CD_T1000,,77.0,1.0,0.0,,10.0,20.0,30.0,3.0,0.0,6.0,11.0,18.0,29.0,3.0,0.0,0.0,0.0,0.0,80.0,2.0,0.0,0.0,109.0,2.0,0.0,100.0,20.1,,,5.0,5.0,0.0,1.0,,,,4.0,356.0,1.0,3.0,4.0,7.0,70.0,0.5,24.0,0.0,1.0,37.9,0.0,0.0,0.0,11.0,2.0,1.0,16.0,7.0,0.0,0.0,0.0,0.0,0.0,0.0,0.0,0.0,3.0,0.0,0.0,CD_I298272,False,11.0,Touk,Miller,home,Gold Coast SUNS
CD_M20260140002,2026-03-06T09:05:00.000+0000,CONCLUDED,Premiership,Opening Round,0,People First Stadium,Gold Coast SUNS,Gold Coast SUNS,Geelong Cats,Geelong Cats,2.0,"https://s.afl.com.au/staticfile/AFL Tenant/AFL/Players/ChampIDImages/AFL/2026014/1000072.png?im=Scale,width=0.6,height=0.6",HBFL,CD_I1000072,False,2.0,John,Noble,CD_T1000,,83.0,2.0,0.0,,17.0,11.0,28.0,6.0,1.0,3.0,2.0,23.0,25.0,2.0,0.0,0.0,0.0,2.0,82.1,2.0,0.0,0.0,115.0,6.0,0.0,100.0,14.2,,,5.0,3.0,0.0,2.0,,,,4.0,570.0,0.0,0.0,0.0,12.0,70.6,1.5,23.0,0.0,0.0,8.0,0.0,0.0,0.0,2.0,0.0,1.0,7.0,4.0,1.0,0.0,0.0,0.0,0.0,0.0,0.0,0.0,0.0,2.0,2.0,CD_I1000072,False,2.0,John,Noble,home,Gold Coast SUNS
CD_M20260140002,2026-03-06T09:05:00.000+0000,CONCLUDED,Premiership,Opening Round,0,People First Stadium,Gold Coast SUNS,Gold Coast SUNS,Geelong Cats,Geelong Cats,3.0,"https://s.afl.com.au/staticfile/AFL Tenant/AFL/Players/ChampIDImages/AFL/2026014/298210.png?im=Scale,width=0.6,height=0.6",HFFL,CD_I298210,False,3.0,Christian,Petracca,CD_T1000,,77.0,3.0,0.0,,15.0,19.0,34.0,5.0,1.0,2.0,15.0,18.0,33.0,10.0,0.0,1.0,0.0,1.0,82.4,3.0,0.0,1.0,121.0,0.0,1.0,100.0,36.9,,,2.0,3.0,0.0,3.0,,,,12.0,678.0,2.0,4.0,6.0,13.0,86.7,0.8,28.0,2.0,0.0,45.5,0.0,0.0,0.0,12.0,2.0,2.0,16.0,2.0,0.0,0.0,0.0,0.0,0.0,1.0,1.0,100.0,19.0,0.0,0.0,CD_I298210,False,3.0,Christian,Petracca,home,Gold Coast SUNS
CD_M20260140002,2026-03-06T09:05:00.000+0000,CONCLUDED,Premiership,Opening Round,0,People First Stadium,Gold Coast SUNS,Gold Coast SUNS,Geelong Cats,Geelong Cats,27.0,"https://s.afl.com.au/staticfile/AFL Tenant/AFL/Players/ChampIDImages/AFL/2026014/1007881.png?im=Scale,width=0.6,height=0.6",C,CD_I1007881,False,27.0,Wil,Powell,CD_T1000,,79.0,0.0,0.0,,10.0,9.0,19.0,2.0,1.0,5.0,5.0,14.0,19.0,3.0,0.0,0.0,0.0,1.0,84.2,3.0,1.0,2.0,69.0,1.0,1.0,0.0,14.4,,,3.0,2.0,0.0,0.0,,,,3.0,365.0,1.0,1.0,2.0,8.0,80.0,1.1,16.0,0.0,0.0,26.3,0.0,0.0,0.0,4.0,0.0,2.0,20.0,11.0,0.0,0.0,0.0,0.0,0.0,0.0,0.0,0.0,25.0,1.0,1.0,CD_I1007881,False,27.0,Wil,Powell,home,Gold Coast SUNS
CD_M20260140002,2026-03-06T09:05:00.000+0000,CONCLUDED,Premiership,Opening Round,0,People First Stadium,Gold Coast SUNS,Gold Coast SUNS,Geelong Cats,Geelong Cats,20.0,"https://s.afl.com.au/staticfile/AFL Tenant/AFL/Players/ChampIDImages/AFL/2026014/1027033.png?im=Scale,width=0.6,height=0.6",FPL,CD_I1027033,False,20.0,Ethan,Read,CD_T1000,,78.0,0.0,1.0,,8.0,6.0,14.0,3.0,0.0,4.0,3.0,9.0,12.0,1.0,1.0,1.0,6.0,1.0,42.9,6.0,0.0,2.0,62.0,0.0,2.0,0.0,-5.8,,,6.0,1.0,4.0,2.0,,,,5.0,102.0,0.0,0.0,0.0,2.0,25.0,1.3,6.0,1.0,0.0,25.0,1.0,28.6,16.7,1.0,0.0,0.0,11.0,1.0,1.0,21.0,0.0,0.0,0.0,3.0,0.0,0.0,5.0,0.0,0.0,CD_I1027033,False,20.0,Ethan,Read,home,Gold Coast SUNS
CD_M20260140002,2026-03-06T09:05:00.000+0000,CONCLUDED,Premiership,Opening Round,0,People First Stadium,Gold Coast SUNS,Gold Coast SUNS,Geelong Cats,Geelong Cats,17.0,"https://s.afl.com.au/staticfile/AFL Tenant/AFL/Players/ChampIDImages/AFL/2026014/1000981.png?im=Scale,width=0.6,height=0.6",CHB,CD_I1000981,False,17.0,Daniel,Rioli,CD_T1000,,84.0,0.0,1.0,,15.0,9.0,24.0,4.0,5.0,3.0,6.0,18.0,24.0,5.0,0.0,0.0,0.0,5.0,75.0,3.0,2.0,0.0,90.0,3.0,1.0,0.0,7.6,,,5.0,5.0,0.0,1.0,,,,3.0,475.0,0.0,3.0,3.0,11.0,73.3,1.7,18.0,0.0,1.0,25.0,0.0,0.0,0.0,2.0,0.0,1.0,14.0,10.0,2.0,0.0,0.0,0.0,0.0,0.0,0.0,0.0,0.0,2.0,2.0,CD_I1000981,False,17.0,Daniel,Rioli,home,Gold Coast SUNS
CD_M20260140002,2026-03-06T09:05:00.000+0000,CONCLUDED,Premiership,Opening Round,0,People First Stadium,Gold Coast SUNS,Gold Coast SUNS,Geelong Cats,Geelong Cats,6.0,"https://s.afl.com.au/staticfile/AFL Tenant/AFL/Players/ChampIDImages/AFL/2026014/1017665.png?im=Scale,width=0.6,height=0.6",FB,CD_I1017665,False,6.0,Bodhi,Uwland,CD_T1000,,89.0,0.0,0.0,,10.0,9.0,19.0,3.0,0.0,2.0,3.0,12.0,15.0,1.0,0.0,0.0,0.0,5.0,94.7,5.0,1.0,3.0,57.0,6.0,1.0,0.0,8.9,,,2.0,6.0,0.0,0.0,,,,2.0,352.0,0.0,1.0,1.0,9.0,90.0,1.1,18.0,0.0,0.0,20.0,0.0,0.0,0.0,3.0,0.0,2.0,9.0,8.0,5.0,0.0,2.0,0.0,0.0,0.0,0.0,0.0,0.0,3.0,3.0,CD_I1017665,False,6.0,Bodhi,Uwland,home,Gold Coast SUNS
CD_M20260140002,2026-03-06T09:05:00.000+0000,CONCLUDED,Premiership,Opening Round,0,People First Stadium,Gold Coast SUNS,Gold Coast SUNS,Geelong Cats,Geelong Cats,32.0,"https://s.afl.com.au/staticfile/AFL Tenant/AFL/Players/ChampIDImages/AFL/2026014/1029297.png?im=Scale,width=0.6,height=0.6",INT,CD_I1029297,False,32.0,Zeke,Uwland,CD_T1000,,62.0,0.0,0.0,,10.0,6.0,16.0,1.0,1.0,1.0,4.0,12.0,16.0,5.0,0.0,0.0,0.0,0.0,62.5,7.0,2.0,3.0,42.0,0.0,0.0,0.0,1.2,,,6.0,5.0,0.0,0.0,,,,4.0,339.0,0.0,0.0,0.0,4.0,40.0,1.7,10.0,0.0,0.0,25.0,0.0,0.0,0.0,3.0,0.0,2.0,7.0,4.0,0.0,0.0,1.0,1.0,100.0,0.0,0.0,0.0,0.0,0.0,0.0,CD_I1029297,False,32.0,Zeke,Uwland,home,Gold Coast SUNS
CD_M20260140002,2026-03-06T09:05:00.000+0000,CONCLUDED,Premiership,Opening Round,0,People First Stadium,Gold Coast SUNS,Gold Coast SUNS,Geelong Cats,Geelong Cats,14.0,"https://s.afl.com.au/staticfile/AFL Tenant/AFL/Players/ChampIDImages/AFL/2026014/298524.png?im=Scale,width=0.6,height=0.6",WL,CD_I298524,False,14.0,Lachie,Weller,CD_T1000,,81.0,0.0,0.0,,10.0,11.0,21.0,2.0,0.0,3.0,6.0,15.0,21.0,4.0,0.0,0.0,0.0,2.0,81.0,2.0,1.0,0.0,71.0,2.0,0.0,0.0,9.9,,,5.0,5.0,0.0,0.0,,,,4.0,563.0,0.0,2.0,2.0,8.0,80.0,0.9,17.0,0.0,1.0,28.6,0.0,0.0,0.0,5.0,0.0,1.0,11.0,4.0,1.0,0.0,0.0,0.0,0.0,0.0,0.0,0.0,0.0,0.0,0.0,CD_I298524,False,14.0,Lachie,Weller,home,Gold Coast SUNS
CD_M20260140002,2026-03-06T09:05:00.000+0000,CONCLUDED,Premiership,Opening Round,0,People First Stadium,Gold Coast SUNS,Gold Coast SUNS,Geelong Cats,Geelong Cats,28.0,"https://s.afl.com.au/staticfile/AFL Tenant/AFL/Players/ChampIDImages/AFL/2026014/291975.png?im=Scale,width=0.6,height=0.6",RK,CD_I291975,False,28.0,Jarrod,Witts,CD_T1000,,79.0,0.0,0.0,,3.0,5.0,8.0,1.0,0.0,1.0,6.0,2.0,8.0,2.0,0.0,1.0,52.0,4.0,50.0,1.0,1.0,0.0,79.0,1.0,0.0,0.0,8.3,,,0.0,1.0,0.0,0.0,,,,5.0,66.0,0.0,1.0,1.0,2.0,66.7,0.6,4.0,0.0,1.0,75.0,11.0,73.2,21.2,3.0,0.0,3.0,7.0,2.0,3.0,71.0,0.0,0.0,0.0,1.0,0.0,0.0,28.0,0.0,0.0,CD_I291975,False,28.0,Jarrod,Witts,home,Gold Coast SUNS
CD_M20260140002,2026-03-06T09:05:00.000+0000,CONCLUDED,Premiership,Opening Round,0,People First Stadium,Gold Coast SUNS,Gold Coast SUNS,Geelong Cats,Geelong Cats,30.0,"https://s.afl.com.au/staticfile/AFL Tenant/AFL/Players/ChampIDImages/AFL/2026014/994386.png?im=Scale,width=0.6,height=0.6",RR,CD_I994386,False,30.0,Tom,Atkins,CD_T70,,77.0,0.0,0.0,,13.0,13.0,26.0,3.0,0.0,6.0,16.0,10.0,26.0,3.0,0.0,0.0,0.0,3.0,57.7,2.0,4.0,0.0,102.0,5.0,0.0,0.0,14.6,,,5.0,5.0,0.0,0.0,,,,5.0,261.0,3.0,3.0,6.0,5.0,38.5,1.0,15.0,0.0,0.0,61.5,0.0,0.0,0.0,12.0,1.0,4.0,22.0,16.0,0.0,0.0,0.0,0.0,0.0,0.0,0.0,0.0,24.0,0.0,0.0,CD_I994386,False,30.0,Tom,Atkins,away,Geelong Cats
CD_M20260140002,2026-03-06T09:05:00.000+0000,CONCLUDED,Premiership,Opening Round,0,People First Stadium,Gold Coast SUNS,Gold Coast SUNS,Geelong Cats,Geelong Cats,46.0,"https://s.afl.com.au/staticfile/AFL Tenant/AFL/Players/ChampIDImages/AFL/2026014/296733.png?im=Scale,width=0.6,height=0.6",RK,CD_I296733,False,46.0,Mark,Blicavs,CD_T70,,77.0,0.0,0.0,,5.0,10.0,15.0,2.0,0.0,2.0,6.0,7.0,13.0,0.0,0.0,0.0,18.0,7.0,73.3,4.0,1.0,2.0,62.0,1.0,1.0,0.0,4.8,,,1.0,3.0,0.0,0.0,,,,3.0,-25.0,2.0,0.0,2.0,1.0,20.0,0.5,11.0,0.0,0.0,46.2,2.0,32.1,11.1,4.0,0.0,2.0,9.0,5.0,5.0,56.0,1.0,0.0,0.0,0.0,0.0,0.0,28.0,0.0,0.0,CD_I296733,False,46.0,Mark,Blicavs,away,Geelong Cats
CD_M20260140002,2026-03-06T09:05:00.000+0000,CONCLUDED,Premiership,Opening Round,0,People First Stadium,Gold Coast SUNS,Gold Coast SUNS,Geelong Cats,Geelong Cats,4.0,"https://s.afl.com.au/staticfile/AFL Tenant/AFL/Players/ChampIDImages/AFL/2026014/1012805.png?im=Scale,width=0.6,height=0.6",WR,CD_I1012805,False,4.0,Tanner,Bruhn,CD_T70,,72.0,0.0,1.0,,22.0,9.0,31.0,5.0,3.0,1.0,6.0,20.0,26.0,4.0,0.0,0.0,0.0,1.0,67.7,5.0,0.0,2.0,98.0,5.0,2.0,0.0,13.6,,,6.0,6.0,0.0,1.0,,,,6.0,600.0,1.0,1.0,2.0,14.0,63.6,2.4,21.0,0.0,0.0,23.1,0.0,0.0,0.0,6.0,1.0,2.0,5.0,1.0,1.0,0.0,0.0,0.0,0.0,0.0,0.0,0.0,1.0,1.0,0.0,CD_I1012805,False,4.0,Tanner,Bruhn,away,Geelong Cats
CD_M20260140002,2026-03-06T09:05:00.000+0000,CONCLUDED,Premiership,Opening Round,0,People First Stadium,Gold Coast SUNS,Gold Coast SUNS,Geelong Cats,Geelong Cats,13.0,"https://s.afl.com.au/staticfile/AFL Tenant/AFL/Players/ChampIDImages/AFL/2026014/1023537.png?im=Scale,width=0.6,height=0.6",INT,CD_I1023537,False,13.0,Jhye,Clark,CD_T70,,50.0,1.0,0.0,,6.0,5.0,11.0,1.0,0.0,1.0,5.0,6.0,11.0,3.0,0.0,1.0,0.0,0.0,54.5,5.0,0.0,1.0,38.0,0.0,0.0,50.0,9.1,,,6.0,2.0,0.0,2.0,,,,1.0,300.0,0.0,2.0,2.0,3.0,50.0,1.2,6.0,0.0,0.0,45.5,0.0,0.0,0.0,3.0,1.0,0.0,11.0,6.0,0.0,0.0,0.0,0.0,0.0,1.0,1.0,100.0,6.0,0.0,0.0,CD_I1023537,False,13.0,Jhye,Clark,away,Geelong Cats
CD_M20260140002,2026-03-06T09:05:00.000+0000,CONCLUDED,Premiership,Opening Round,0,People First Stadium,Gold Coast SUNS,Gold Coast SUNS,Geelong Cats,Geelong Cats,45.0,"https://s.afl.com.au/staticfile/AFL Tenant/AFL/Players/ChampIDImages/AFL/2026014/999326.png?im=Scale,width=0.6,height=0.6",HFFL,CD_I999326,False,45.0,Brad,Close,CD_T70,,82.0,0.0,0.0,,2.0,6.0,8.0,1.0,0.0,0.0,4.0,4.0,8.0,1.0,1.0,0.0,0.0,1.0,50.0,2.0,0.0,1.0,18.0,0.0,0.0,0.0,2.2,,,1.0,0.0,0.0,1.0,,,,2.0,70.0,0.0,0.0,0.0,0.0,0.0,0.3,4.0,0.0,0.0,50.0,0.0,0.0,0.0,4.0,3.0,0.0,11.0,2.0,1.0,0.0,0.0,0.0,0.0,1.0,0.0,0.0,0.0,0.0,0.0,CD_I999326,False,45.0,Brad,Close,away,Geelong Cats
CD_M20260140002,2026-03-06T09:05:00.000+0000,CONCLUDED,Premiership,Opening Round,0,People First Stadium,Gold Coast SUNS,Gold Coast SUNS,Geelong Cats,Geelong Cats,16.0,"https://s.afl.com.au/staticfile/AFL Tenant/AFL/Players/ChampIDImages/AFL/2026014/1009229.png?im=Scale,width=0.6,height=0.6",BPR,CD_I1009229,False,16.0,Sam,De Koning,CD_T70,,81.0,0.0,0.0,,6.0,7.0,13.0,5.0,0.0,0.0,4.0,8.0,12.0,1.0,0.0,0.0,1.0,4.0,61.5,4.0,0.0,1.0,45.0,2.0,0.0,0.0,2.9,,,4.0,6.0,0.0,0.0,,,,0.0,139.0,1.0,1.0,2.0,2.0,33.3,0.9,8.0,0.0,1.0,33.3,1.0,5.3,100.0,3.0,0.0,0.0,5.0,5.0,3.0,19.0,1.0,1.0,100.0,0.0,0.0,0.0,5.0,0.0,0.0,CD_I1009229,False,16.0,Sam,De Koning,away,Geelong Cats
CD_M20260140002,2026-03-06T09:05:00.000+0000,CONCLUDED,Premiership,Opening Round,0,People First Stadium,Gold Coast SUNS,Gold Coast SUNS,Geelong Cats,Geelong Cats,28.0,"https://s.afl.com.au/staticfile/AFL Tenant/AFL/Players/ChampIDImages/AFL/2026014/1025034.png?im=Scale,width=0.6,height=0.6",HFFR,CD_I1025034,False,28.0,Oliver,Dempsey,CD_T70,,85.0,4.0,1.0,,8.0,12.0,20.0,4.0,0.0,2.0,10.0,9.0,19.0,1.0,2.0,1.0,0.0,0.0,85.0,0.0,1.0,0.0,94.0,0.0,0.0,66.7,22.6,,,0.0,2.0,1.0,6.0,,,,9.0,228.0,0.0,2.0,2.0,6.0,75.0,0.7,17.0,2.0,0.0,52.6,0.0,0.0,0.0,8.0,3.0,2.0,8.0,5.0,0.0,0.0,0.0,0.0,0.0,0.0,0.0,0.0,0.0,0.0,0.0,CD_I1025034,False,28.0,Oliver,Dempsey,away,Geelong Cats
CD_M20260140002,2026-03-06T09:05:00.000+0000,CONCLUDED,Premiership,Opening Round,0,People First Stadium,Gold Coast SUNS,Gold Coast SUNS,Geelong Cats,Geelong Cats,39.0,"https://s.afl.com.au/staticfile/AFL Tenant/AFL/Players/ChampIDImages/AFL/2026014/1004870.png?im=Scale,width=0.6,height=0.6",HBFR,CD_I1004870,False,39.0,Zach,Guthrie,CD_T70,,71.0,0.0,0.0,,9.0,9.0,18.0,5.0,0.0,3.0,5.0,13.0,18.0,0.0,0.0,1.0,0.0,1.0,88.9,1.0,3.0,0.0,75.0,4.0,0.0,0.0,8.6,,,3.0,6.0,0.0,0.0,,,,2.0,229.0,0.0,0.0,0.0,7.0,77.8,1.0,16.0,0.0,2.0,27.8,0.0,0.0,0.0,2.0,1.0,0.0,13.0,8.0,1.0,0.0,1.0,0.0,0.0,0.0,0.0,0.0,0.0,1.0,0.0,CD_I1004870,False,39.0,Zach,Guthrie,away,Geelong Cats
CD_M20260140002,2026-03-06T09:05:00.000+0000,CONCLUDED,Premiership,Opening Round,0,People First Stadium,Gold Coast SUNS,Gold Coast SUNS,Geelong Cats,Geelong Cats,38.0,"https://s.afl.com.au/staticfile/AFL Tenant/AFL/Players/ChampIDImages/AFL/2026014/1000937.png?im=Scale,width=0.6,height=0.6",FB,CD_I1000937,False,38.0,Jack,Henry,CD_T70,,89.0,0.0,0.0,,6.0,9.0,15.0,4.0,0.0,0.0,5.0,8.0,13.0,1.0,0.0,0.0,0.0,5.0,86.7,2.0,0.0,1.0,45.0,4.0,0.0,0.0,7.4,,,3.0,9.0,0.0,0.0,,,,3.0,118.0,0.0,0.0,0.0,6.0,100.0,0.7,13.0,0.0,1.0,38.5,0.0,0.0,0.0,5.0,0.0,2.0,5.0,5.0,5.0,0.0,2.0,0.0,0.0,0.0,0.0,0.0,0.0,0.0,0.0,CD_I1000937,False,38.0,Jack,Henry,away,Geelong Cats
CD_M20260140002,2026-03-06T09:05:00.000+0000,CONCLUDED,Premiership,Opening Round,0,People First Stadium,Gold Coast SUNS,Gold Coast SUNS,Geelong Cats,Geelong Cats,36.0,"https://s.afl.com.au/staticfile/AFL Tenant/AFL/Players/ChampIDImages/AFL/2026014/1012860.png?im=Scale,width=0.6,height=0.6",INT,CD_I1012860,False,36.0,Oliver,Henry,CD_T70,,83.0,2.0,0.0,,6.0,3.0,9.0,3.0,0.0,1.0,3.0,8.0,11.0,5.0,1.0,0.0,0.0,0.0,77.8,2.0,2.0,1.0,48.0,0.0,0.0,100.0,6.4,,,5.0,0.0,1.0,2.0,,,,3.0,238.0,0.0,0.0,0.0,5.0,83.3,2.0,7.0,0.0,0.0,27.3,0.0,0.0,0.0,1.0,0.0,0.0,12.0,2.0,0.0,0.0,0.0,0.0,0.0,3.0,0.0,0.0,0.0,0.0,0.0,CD_I1012860,False,36.0,Oliver,Henry,away,Geelong Cats
CD_M20260140002,2026-03-06T09:05:00.000+0000,CONCLUDED,Premiership,Opening Round,0,People First Stadium,Gold Coast SUNS,Gold Coast SUNS,Geelong Cats,Geelong Cats,9.0,"https://s.afl.com.au/staticfile/AFL Tenant/AFL/Players/ChampIDImages/AFL/2026014/1015889.png?im=Scale,width=0.6,height=0.6",R,CD_I1015889,False,9.0,Max,Holmes,CD_T70,,75.0,0.0,0.0,,14.0,15.0,29.0,8.0,0.0,5.0,14.0,16.0,30.0,6.0,0.0,0.0,0.0,1.0,62.1,8.0,1.0,3.0,108.0,4.0,0.0,0.0,10.2,,,10.0,4.0,2.0,1.0,,,,3.0,493.0,5.0,4.0,9.0,7.0,50.0,0.9,18.0,2.0,1.0,46.7,0.0,0.0,0.0,12.0,0.0,1.0,24.0,8.0,0.0,1.0,0.0,0.0,0.0,0.0,0.0,0.0,19.0,1.0,1.0,CD_I1015889,False,9.0,Max,Holmes,away,Geelong Cats
CD_M20260140002,2026-03-06T09:05:00.000+0000,CONCLUDED,Premiership,Opening Round,0,People First Stadium,Gold Coast SUNS,Gold Coast SUNS,Geelong Cats,Geelong Cats,17.0,"https://s.afl.com.au/staticfile/AFL Tenant/AFL/Players/ChampIDImages/AFL/2026014/1013464.png?im=Scale,width=0.6,height=0.6",INT,CD_I1013464,False,17.0,Lawson,Humphries,CD_T70,,81.0,0.0,0.0,,8.0,8.0,16.0,1.0,0.0,5.0,1.0,13.0,14.0,2.0,0.0,0.0,0.0,3.0,68.8,2.0,0.0,0.0,63.0,3.0,0.0,0.0,8.7,,,3.0,1.0,0.0,0.0,,,,3.0,369.0,0.0,0.0,0.0,5.0,62.5,1.0,11.0,0.0,0.0,7.1,0.0,0.0,0.0,1.0,0.0,0.0,12.0,11.0,3.0,0.0,2.0,0.0,0.0,0.0,0.0,0.0,0.0,4.0,2.0,CD_I1013464,False,17.0,Lawson,Humphries,away,Geelong Cats
CD_M20260140002,2026-03-06T09:05:00.000+0000,CONCLUDED,Premiership,Opening Round,0,People First Stadium,Gold Coast SUNS,Gold Coast SUNS,Geelong Cats,Geelong Cats,10.0,"https://s.afl.com.au/staticfile/AFL Tenant/AFL/Players/ChampIDImages/AFL/2026014/1021103.png?im=Scale,width=0.6,height=0.6",FPL,CD_I1021103,False,10.0,Mitch,Knevitt,CD_T70,,77.0,1.0,1.0,,6.0,5.0,11.0,3.0,0.0,0.0,5.0,6.0,11.0,1.0,1.0,1.0,0.0,0.0,54.5,1.0,2.0,1.0,43.0,0.0,1.0,33.3,7.4,,,2.0,1.0,0.0,3.0,,,,5.0,194.0,0.0,0.0,0.0,3.0,50.0,1.2,6.0,0.0,0.0,45.5,0.0,0.0,0.0,2.0,0.0,0.0,10.0,3.0,0.0,0.0,0.0,0.0,0.0,0.0,0.0,0.0,0.0,0.0,0.0,CD_I1021103,False,10.0,Mitch,Knevitt,away,Geelong Cats
CD_M20260140002,2026-03-06T09:05:00.000+0000,CONCLUDED,Premiership,Opening Round,0,People First Stadium,Gold Coast SUNS,Gold Coast SUNS,Geelong Cats,Geelong Cats,7.0,"https://s.afl.com.au/staticfile/AFL Tenant/AFL/Players/ChampIDImages/AFL/2026014/993878.png?im=Scale,width=0.6,height=0.6",CHF,CD_I993878,False,7.0,Shaun,Mannagh,CD_T70,,81.0,1.0,0.0,,8.0,2.0,10.0,3.0,0.0,2.0,3.0,6.0,9.0,2.0,1.0,1.0,0.0,1.0,80.0,2.0,1.0,0.0,52.0,0.0,1.0,50.0,10.6,,,2.0,1.0,0.0,2.0,,,,4.0,272.0,0.0,1.0,1.0,6.0,75.0,4.0,8.0,2.0,0.0,33.3,0.0,0.0,0.0,1.0,1.0,1.0,19.0,4.0,0.0,0.0,0.0,0.0,0.0,1.0,0.0,0.0,0.0,0.0,0.0,CD_I993878,False,7.0,Shaun,Mannagh,away,Geelong Cats
CD_M20260140002,2026-03-06T09:05:00.000+0000,CONCLUDED,Premiership,Opening Round,0,People First Stadium,Gold Coast SUNS,Gold Coast SUNS,Geelong Cats,Geelong Cats,19.0,"https://s.afl.com.au/staticfile/AFL Tenant/AFL/Players/ChampIDImages/AFL/2026014/296190.png?im=Scale,width=0.6,height=0.6",FPR,CD_I296190,False,19.0,Jack,Martin,CD_T70,,67.0,0.0,0.0,,5.0,8.0,13.0,2.0,0.0,1.0,7.0,6.0,13.0,2.0,0.0,0.0,0.0,1.0,69.2,2.0,2.0,1.0,40.0,0.0,0.0,0.0,4.1,,,1.0,1.0,0.0,0.0,,,,2.0,132.0,0.0,1.0,1.0,3.0,60.0,0.6,9.0,1.0,0.0,53.8,0.0,0.0,0.0,5.0,1.0,1.0,8.0,2.0,1.0,0.0,0.0,0.0,0.0,0.0,0.0,0.0,0.0,0.0,0.0,CD_I296190,False,19.0,Jack,Martin,away,Geelong Cats
CD_M20260140002,2026-03-06T09:05:00.000+0000,CONCLUDED,Premiership,Opening Round,0,People First Stadium,Gold Coast SUNS,Gold Coast SUNS,Geelong Cats,Geelong Cats,32.0,"https://s.afl.com.au/staticfile/AFL Tenant/AFL/Players/ChampIDImages/AFL/2026014/1004938.png?im=Scale,width=0.6,height=0.6",INT,CD_I1004938,False,32.0,Gryan,Miers,CD_T70,,78.0,0.0,1.0,,16.0,12.0,28.0,10.0,0.0,4.0,5.0,24.0,29.0,4.0,1.0,0.0,0.0,0.0,64.3,3.0,2.0,0.0,121.0,5.0,0.0,0.0,3.5,,,6.0,2.0,1.0,1.0,,,,3.0,404.0,0.0,1.0,1.0,9.0,56.3,1.3,18.0,0.0,0.0,17.2,0.0,0.0,0.0,3.0,0.0,0.0,21.0,13.0,0.0,0.0,0.0,0.0,0.0,0.0,0.0,0.0,0.0,0.0,0.0,CD_I1004938,False,32.0,Gryan,Miers,away,Geelong Cats
CD_M20260140002,2026-03-06T09:05:00.000+0000,CONCLUDED,Premiership,Opening Round,0,People First Stadium,Gold Coast SUNS,Gold Coast SUNS,Geelong Cats,Geelong Cats,34.0,"https://s.afl.com.au/staticfile/AFL Tenant/AFL/Players/ChampIDImages/AFL/2026014/1024982.png?im=Scale,width=0.6,height=0.6",CHB,CD_I1024982,False,34.0,Oisin,Mullin,CD_T70,,80.0,0.0,0.0,,1.0,3.0,4.0,1.0,0.0,4.0,1.0,4.0,5.0,0.0,0.0,0.0,0.0,1.0,75.0,1.0,0.0,0.0,28.0,0.0,0.0,0.0,1.2,,,0.0,0.0,0.0,0.0,,,,2.0,11.0,0.0,0.0,0.0,1.0,100.0,0.3,3.0,0.0,0.0,20.0,0.0,0.0,0.0,1.0,0.0,0.0,15.0,9.0,1.0,0.0,0.0,0.0,0.0,0.0,0.0,0.0,2.0,0.0,0.0,CD_I1024982,False,34.0,Oisin,Mullin,away,Geelong Cats
CD_M20260140002,2026-03-06T09:05:00.000+0000,CONCLUDED,Premiership,Opening Round,0,People First Stadium,Gold Coast SUNS,Gold Coast SUNS,Geelong Cats,Geelong Cats,33.0,"https://s.afl.com.au/staticfile/AFL Tenant/AFL/Players/ChampIDImages/AFL/2026014/1016433.png?im=Scale,width=0.6,height=0.6",FF,CD_I1016433,False,33.0,Shannon,Neale,CD_T70,,90.0,1.0,2.0,,4.0,1.0,5.0,2.0,0.0,1.0,5.0,3.0,8.0,0.0,2.0,0.0,6.0,5.0,40.0,1.0,2.0,0.0,40.0,0.0,1.0,25.0,3.8,,,1.0,0.0,0.0,4.0,,,,5.0,131.0,0.0,1.0,1.0,1.0,25.0,4.0,2.0,1.0,0.0,62.5,1.0,37.5,16.7,0.0,0.0,0.0,8.0,1.0,2.0,16.0,0.0,0.0,0.0,4.0,1.0,25.0,0.0,0.0,0.0,CD_I1016433,False,33.0,Shannon,Neale,away,Geelong Cats
CD_M20260140002,2026-03-06T09:05:00.000+0000,CONCLUDED,Premiership,Opening Round,0,People First Stadium,Gold Coast SUNS,Gold Coast SUNS,Geelong Cats,Geelong Cats,42.0,"https://s.afl.com.au/staticfile/AFL Tenant/AFL/Players/ChampIDImages/AFL/2026014/1007102.png?im=Scale,width=0.6,height=0.6",C,CD_I1007102,False,42.0,Mark,O'Connor,CD_T70,,82.0,0.0,1.0,,6.0,11.0,17.0,4.0,0.0,6.0,8.0,10.0,18.0,0.0,0.0,0.0,0.0,2.0,76.5,2.0,2.0,0.0,79.0,2.0,0.0,0.0,7.6,,,2.0,4.0,1.0,1.0,,,,5.0,137.0,1.0,1.0,2.0,4.0,66.7,0.5,13.0,0.0,0.0,44.4,0.0,0.0,0.0,4.0,0.0,2.0,14.0,13.0,1.0,0.0,2.0,1.0,50.0,0.0,0.0,0.0,14.0,0.0,0.0,CD_I1007102,False,42.0,Mark,O'Connor,away,Geelong Cats
CD_M20260140002,2026-03-06T09:05:00.000+0000,CONCLUDED,Premiership,Opening Round,0,People First Stadium,Gold Coast SUNS,Gold Coast SUNS,Geelong Cats,Geelong Cats,14.0,"https://s.afl.com.au/staticfile/AFL Tenant/AFL/Players/ChampIDImages/AFL/2026014/1027877.png?im=Scale,width=0.6,height=0.6",BPL,CD_I1027877,False,14.0,Connor,O'Sullivan,CD_T70,,93.0,0.0,0.0,,14.0,4.0,18.0,5.0,0.0,3.0,5.0,10.0,15.0,1.0,0.0,1.0,0.0,6.0,77.8,5.0,2.0,2.0,73.0,4.0,0.0,0.0,10.0,,,5.0,9.0,0.0,0.0,,,,3.0,292.0,0.0,0.0,0.0,10.0,71.4,3.5,14.0,0.0,1.0,33.3,0.0,0.0,0.0,1.0,0.0,0.0,13.0,12.0,5.0,0.0,6.0,1.0,16.7,0.0,0.0,0.0,0.0,0.0,0.0,CD_I1027877,False,14.0,Connor,O'Sullivan,away,Geelong Cats
CD_M20260140002,2026-03-06T09:05:00.000+0000,CONCLUDED,Premiership,Opening Round,0,People First Stadium,Gold Coast SUNS,Gold Coast SUNS,Geelong Cats,Geelong Cats,3.0,"https://s.afl.com.au/staticfile/AFL Tenant/AFL/Players/ChampIDImages/AFL/2026014/1006130.png?im=Scale,width=0.6,height=0.6",WL,CD_I1006130,False,3.0,Bailey,Smith,CD_T70,,83.0,0.0,0.0,,17.0,6.0,23.0,3.0,0.0,2.0,5.0,16.0,21.0,7.0,0.0,0.0,0.0,0.0,56.5,3.0,0.0,0.0,80.0,1.0,1.0,0.0,7.6,,,7.0,4.0,1.0,0.0,,,,3.0,667.0,0.0,0.0,0.0,10.0,58.8,2.8,13.0,1.0,0.0,23.8,0.0,0.0,0.0,5.0,0.0,0.0,22.0,13.0,0.0,0.0,0.0,0.0,0.0,0.0,0.0,0.0,14.0,0.0,0.0,CD_I1006130,False,3.0,Bailey,Smith,away,Geelong Cats
CD_M20260140002,2026-03-06T09:05:00.000+0000,CONCLUDED,Premiership,Opening Round,0,People First Stadium,Gold Coast SUNS,Gold Coast SUNS,Geelong Cats,Geelong Cats,44.0,"https://s.afl.com.au/staticfile/AFL Tenant/AFL/Players/ChampIDImages/AFL/2026014/291800.png?im=Scale,width=0.6,height=0.6",HBFL,CD_I291800,False,44.0,Tom,Stewart,CD_T70,,80.0,0.0,0.0,,16.0,8.0,24.0,2.0,1.0,1.0,6.0,11.0,17.0,1.0,0.0,0.0,0.0,3.0,79.2,1.0,1.0,0.0,75.0,9.0,0.0,0.0,11.1,,,6.0,8.0,0.0,0.0,,,,2.0,596.0,0.0,1.0,1.0,13.0,81.3,2.0,19.0,0.0,0.0,35.3,0.0,0.0,0.0,5.0,0.0,1.0,8.0,6.0,3.0,0.0,0.0,0.0,0.0,0.0,0.0,0.0,0.0,4.0,4.0,CD_I291800,False,44.0,Tom,Stewart,away,Geelong Cats
CD_M20260140002,2026-03-06T09:05:00.000+0000,CONCLUDED,Premiership,Opening Round,0,People First Stadium,Gold Coast SUNS,Gold Coast SUNS,Geelong Cats,Geelong Cats,29.0,"https://s.afl.com.au/staticfile/AFL Tenant/AFL/Players/ChampIDImages/AFL/2026014/1002222.png?im=Scale,width=0.6,height=0.6",INT,CD_I1002222,False,29.0,James,Worpel,CD_T70,,66.0,0.0,1.0,,10.0,7.0,17.0,1.0,0.0,11.0,7.0,10.0,17.0,5.0,0.0,0.0,0.0,3.0,64.7,3.0,3.0,1.0,92.0,2.0,0.0,0.0,9.5,,,8.0,1.0,0.0,1.0,,,,3.0,276.0,5.0,4.0,9.0,4.0,40.0,1.4,11.0,0.0,0.0,41.2,0.0,0.0,0.0,0.0,0.0,1.0,29.0,17.0,0.0,0.0,0.0,0.0,0.0,0.0,0.0,0.0,19.0,0.0,0.0,CD_I1002222,False,29.0,James,Worpel,away,Geelong Cats
CD_M20260140003,2026-03-07T05:15:00.000+0000,CONCLUDED,Premiership,Opening Round,0,ENGIE Stadium,GWS GIANTS,GWS GIANTS,Hawthorn,Hawthorn,9.0,"https://s.afl.com.au/staticfile/AFL Tenant/AFL/Players/ChampIDImages/AFL/2026014/1015777.png?im=Scale,width=0.6,height=0.6",WL,CD_I1015777,False,9.0,Ryan,Angwin,CD_T1010,,83.0,0.0,0.0,,5.0,7.0,12.0,1.0,1.0,5.0,3.0,9.0,12.0,1.0,0.0,0.0,0.0,1.0,83.3,2.0,0.0,0.0,52.0,2.0,0.0,0.0,7.8,,,2.0,2.0,1.0,0.0,,,,2.0,248.0,1.0,0.0,1.0,5.0,100.0,0.7,10.0,0.0,0.0,25.0,0.0,0.0,0.0,3.0,0.0,1.0,20.0,12.0,1.0,0.0,0.0,0.0,0.0,1.0,0.0,0.0,0.0,0.0,0.0,CD_I1015777,False,9.0,Ryan,Angwin,home,GWS GIANTS
CD_M20260140003,2026-03-07T05:15:00.000+0000,CONCLUDED,Premiership,Opening Round,0,ENGIE Stadium,GWS GIANTS,GWS GIANTS,Hawthorn,Hawthorn,7.0,"https://s.afl.com.au/staticfile/AFL Tenant/AFL/Players/ChampIDImages/AFL/2026014/1009253.png?im=Scale,width=0.6,height=0.6",HBFR,CD_I1009253,False,7.0,Lachie,Ash,CD_T1010,,85.0,0.0,0.0,,15.0,5.0,20.0,8.0,2.0,1.0,3.0,13.0,16.0,2.0,0.0,0.0,0.0,4.0,75.0,4.0,1.0,0.0,84.0,8.0,0.0,0.0,10.0,,,5.0,2.0,0.0,0.0,,,,2.0,406.0,0.0,0.0,0.0,11.0,73.3,3.0,15.0,0.0,0.0,18.8,0.0,0.0,0.0,2.0,1.0,1.0,11.0,6.0,4.0,0.0,2.0,0.0,0.0,0.0,0.0,0.0,0.0,3.0,3.0,CD_I1009253,False,7.0,Lachie,Ash,home,GWS GIANTS
CD_M20260140003,2026-03-07T05:15:00.000+0000,CONCLUDED,Premiership,Opening Round,0,ENGIE Stadium,GWS GIANTS,GWS GIANTS,Hawthorn,Hawthorn,32.0,"https://s.afl.com.au/staticfile/AFL Tenant/AFL/Players/ChampIDImages/AFL/2026014/1008436.png?im=Scale,width=0.6,height=0.6",RK,CD_I1008436,False,32.0,Kieren,Briggs,CD_T1010,,70.0,0.0,0.0,,6.0,3.0,9.0,0.0,0.0,5.0,9.0,0.0,9.0,4.0,0.0,0.0,28.0,1.0,66.7,3.0,1.0,2.0,67.0,1.0,0.0,0.0,15.0,,,2.0,2.0,1.0,0.0,,,,2.0,237.0,4.0,3.0,7.0,3.0,50.0,2.0,6.0,0.0,0.0,100.0,7.0,44.4,25.0,6.0,0.0,2.0,14.0,7.0,0.0,63.0,0.0,0.0,0.0,0.0,0.0,0.0,27.0,0.0,0.0,CD_I1008436,False,32.0,Kieren,Briggs,home,GWS GIANTS
CD_M20260140003,2026-03-07T05:15:00.000+0000,CONCLUDED,Premiership,Opening Round,0,ENGIE Stadium,GWS GIANTS,GWS GIANTS,Hawthorn,Hawthorn,46.0,"https://s.afl.com.au/staticfile/AFL Tenant/AFL/Players/ChampIDImages/AFL/2026014/1014038.png?im=Scale,width=0.6,height=0.6",HFFR,CD_I1014038,False,46.0,Callum,Brown,CD_T1010,,69.0,1.0,0.0,,3.0,7.0,10.0,1.0,0.0,1.0,4.0,6.0,10.0,1.0,0.0,0.0,0.0,1.0,60.0,4.0,1.0,0.0,37.0,1.0,0.0,100.0,6.7,,,5.0,1.0,1.0,1.0,,,,1.0,163.0,0.0,0.0,0.0,2.0,66.7,0.4,6.0,0.0,0.0,40.0,0.0,0.0,0.0,3.0,1.0,0.0,11.0,4.0,1.0,0.0,0.0,0.0,0.0,4.0,1.0,25.0,0.0,0.0,0.0,CD_I1014038,False,46.0,Callum,Brown,home,GWS GIANTS
CD_M20260140003,2026-03-07T05:15:00.000+0000,CONCLUDED,Premiership,Opening Round,0,ENGIE Stadium,GWS GIANTS,GWS GIANTS,Hawthorn,Hawthorn,44.0,"https://s.afl.com.au/staticfile/AFL Tenant/AFL/Players/ChampIDImages/AFL/2026014/1009708.png?im=Scale,width=0.6,height=0.6",FB,CD_I1009708,False,44.0,Jack,Buckley,CD_T1010,,78.0,0.0,0.0,,10.0,2.0,12.0,6.0,0.0,2.0,1.0,11.0,12.0,0.0,0.0,1.0,0.0,6.0,83.3,2.0,0.0,0.0,60.0,3.0,0.0,0.0,6.1,,,3.0,4.0,0.0,0.0,,,,0.0,203.0,0.0,0.0,0.0,8.0,80.0,5.0,10.0,0.0,3.0,8.3,0.0,0.0,0.0,0.0,0.0,0.0,8.0,5.0,6.0,0.0,5.0,0.0,0.0,0.0,0.0,0.0,0.0,0.0,0.0,CD_I1009708,False,44.0,Jack,Buckley,home,GWS GIANTS
CD_M20260140003,2026-03-07T05:15:00.000+0000,CONCLUDED,Premiership,Opening Round,0,ENGIE Stadium,GWS GIANTS,GWS GIANTS,Hawthorn,Hawthorn,17.0,"https://s.afl.com.au/staticfile/AFL Tenant/AFL/Players/ChampIDImages/AFL/2026014/1023266.png?im=Scale,width=0.6,height=0.6",R,CD_I1023266,False,17.0,Finn,Callaghan,CD_T1010,,76.0,0.0,0.0,,15.0,11.0,26.0,1.0,3.0,4.0,7.0,20.0,27.0,9.0,0.0,0.0,0.0,1.0,73.1,3.0,0.0,0.0,86.0,4.0,0.0,0.0,14.1,,,6.0,1.0,0.0,0.0,,,,6.0,735.0,2.0,4.0,6.0,9.0,60.0,1.4,19.0,0.0,0.0,25.9,0.0,0.0,0.0,6.0,0.0,0.0,20.0,19.0,0.0,0.0,0.0,0.0,0.0,0.0,0.0,0.0,30.0,0.0,0.0,CD_I1023266,False,17.0,Finn,Callaghan,home,GWS GIANTS
CD_M20260140003,2026-03-07T05:15:00.000+0000,CONCLUDED,Premiership,Opening Round,0,ENGIE Stadium,GWS GIANTS,GWS GIANTS,Hawthorn,Hawthorn,3.0,"https://s.afl.com.au/staticfile/AFL Tenant/AFL/Players/ChampIDImages/AFL/2026014/291969.png?im=Scale,width=0.6,height=0.6",RR,CD_I291969,False,3.0,Stephen,Coniglio,CD_T1010,,80.0,2.0,1.0,,13.0,9.0,22.0,6.0,1.0,2.0,10.0,12.0,22.0,3.0,2.0,0.0,0.0,1.0,63.6,3.0,1.0,1.0,94.0,0.0,3.0,66.7,12.3,,,4.0,0.0,1.0,3.0,,,,9.0,282.0,1.0,2.0,3.0,8.0,61.5,1.4,14.0,2.0,0.0,45.5,0.0,0.0,0.0,7.0,4.0,3.0,14.0,3.0,0.0,0.0,0.0,0.0,0.0,1.0,0.0,0.0,4.0,0.0,0.0,CD_I291969,False,3.0,Stephen,Coniglio,home,GWS GIANTS
CD_M20260140003,2026-03-07T05:15:00.000+0000,CONCLUDED,Premiership,Opening Round,0,ENGIE Stadium,GWS GIANTS,GWS GIANTS,Hawthorn,Hawthorn,38.0,"https://s.afl.com.au/staticfile/AFL Tenant/AFL/Players/ChampIDImages/AFL/2026014/1029030.png?im=Scale,width=0.6,height=0.6",INT,CD_I1029030,False,38.0,Josaia,Delana,CD_T1010,,63.0,0.0,0.0,,3.0,3.0,6.0,0.0,0.0,1.0,5.0,2.0,7.0,2.0,0.0,0.0,0.0,1.0,100.0,2.0,0.0,2.0,13.0,0.0,1.0,0.0,6.5,,,1.0,1.0,1.0,0.0,,,,5.0,93.0,0.0,0.0,0.0,3.0,100.0,1.0,6.0,0.0,0.0,71.4,0.0,0.0,0.0,5.0,2.0,1.0,12.0,2.0,1.0,0.0,0.0,0.0,0.0,1.0,0.0,0.0,0.0,0.0,0.0,CD_I1029030,False,38.0,Josaia,Delana,home,GWS GIANTS
CD_M20260140003,2026-03-07T05:15:00.000+0000,CONCLUDED,Premiership,Opening Round,0,ENGIE Stadium,GWS GIANTS,GWS GIANTS,Hawthorn,Hawthorn,37.0,"https://s.afl.com.au/staticfile/AFL Tenant/AFL/Players/ChampIDImages/AFL/2026014/1032629.png?im=Scale,width=0.6,height=0.6",HBFL,CD_I1032629,False,37.0,Joe,Fonti,CD_T1010,,89.0,0.0,0.0,,14.0,8.0,22.0,9.0,0.0,1.0,10.0,13.0,23.0,2.0,0.0,1.0,0.0,4.0,77.3,1.0,1.0,0.0,90.0,4.0,1.0,0.0,15.9,,,4.0,11.0,0.0,0.0,,,,4.0,304.0,1.0,2.0,3.0,10.0,71.4,1.8,17.0,1.0,4.0,43.5,0.0,0.0,0.0,8.0,0.0,1.0,13.0,11.0,3.0,0.0,2.0,1.0,50.0,0.0,0.0,0.0,0.0,0.0,0.0,CD_I1032629,False,37.0,Joe,Fonti,home,GWS GIANTS
CD_M20260140003,2026-03-07T05:15:00.000+0000,CONCLUDED,Premiership,Opening Round,0,ENGIE Stadium,GWS GIANTS,GWS GIANTS,Hawthorn,Hawthorn,11.0,"https://s.afl.com.au/staticfile/AFL Tenant/AFL/Players/ChampIDImages/AFL/2026014/1032042.png?im=Scale,width=0.6,height=0.6",HFFL,CD_I1032042,False,11.0,Phoenix,Gothard,CD_T1010,,75.0,1.0,1.0,,7.0,3.0,10.0,1.0,0.0,3.0,4.0,6.0,10.0,3.0,0.0,0.0,0.0,1.0,80.0,3.0,0.0,1.0,46.0,0.0,0.0,50.0,10.1,,,4.0,1.0,1.0,2.0,,,,3.0,237.0,0.0,2.0,2.0,5.0,71.4,2.3,8.0,1.0,0.0,40.0,0.0,0.0,0.0,4.0,1.0,1.0,15.0,3.0,1.0,0.0,1.0,1.0,100.0,0.0,0.0,0.0,0.0,0.0,0.0,CD_I1032042,False,11.0,Phoenix,Gothard,home,GWS GIANTS
CD_M20260140003,2026-03-07T05:15:00.000+0000,CONCLUDED,Premiership,Opening Round,0,ENGIE Stadium,GWS GIANTS,GWS GIANTS,Hawthorn,Hawthorn,4.0,"https://s.afl.com.au/staticfile/AFL Tenant/AFL/Players/ChampIDImages/AFL/2026014/295344.png?im=Scale,width=0.6,height=0.6",FPL,CD_I295344,False,4.0,Toby,Greene,CD_T1010,,78.0,0.0,0.0,,16.0,4.0,20.0,1.0,0.0,5.0,12.0,9.0,21.0,8.0,0.0,0.0,0.0,5.0,50.0,4.0,1.0,1.0,77.0,1.0,3.0,0.0,11.7,,,3.0,3.0,0.0,1.0,,,,6.0,504.0,3.0,0.0,3.0,8.0,50.0,4.0,10.0,1.0,0.0,57.1,0.0,0.0,0.0,6.0,2.0,3.0,12.0,8.0,2.0,0.0,0.0,0.0,0.0,0.0,0.0,0.0,24.0,0.0,0.0,CD_I295344,False,4.0,Toby,Greene,home,GWS GIANTS
CD_M20260140003,2026-03-07T05:15:00.000+0000,CONCLUDED,Premiership,Opening Round,0,ENGIE Stadium,GWS GIANTS,GWS GIANTS,Hawthorn,Hawthorn,35.0,"https://s.afl.com.au/staticfile/AFL Tenant/AFL/Players/ChampIDImages/AFL/2026014/1027921.png?im=Scale,width=0.6,height=0.6",INT,CD_I1027921,False,35.0,Max,Gruzewski,CD_T1010,,69.0,2.0,0.0,,3.0,3.0,6.0,3.0,0.0,0.0,3.0,3.0,6.0,1.0,2.0,1.0,0.0,2.0,83.3,2.0,0.0,1.0,33.0,0.0,0.0,100.0,9.2,,,1.0,0.0,0.0,2.0,,,,4.0,127.0,0.0,0.0,0.0,3.0,100.0,1.0,5.0,0.0,0.0,50.0,0.0,0.0,0.0,2.0,1.0,0.0,2.0,0.0,2.0,0.0,0.0,0.0,0.0,2.0,2.0,100.0,0.0,0.0,0.0,CD_I1027921,False,35.0,Max,Gruzewski,home,GWS GIANTS
CD_M20260140003,2026-03-07T05:15:00.000+0000,CONCLUDED,Premiership,Opening Round,0,ENGIE Stadium,GWS GIANTS,GWS GIANTS,Hawthorn,Hawthorn,27.0,"https://s.afl.com.au/staticfile/AFL Tenant/AFL/Players/ChampIDImages/AFL/2026014/993107.png?im=Scale,width=0.6,height=0.6",INT,CD_I993107,False,27.0,Harry,Himmelberg,CD_T1010,,78.0,0.0,0.0,,8.0,11.0,19.0,5.0,1.0,2.0,4.0,15.0,19.0,2.0,0.0,0.0,0.0,1.0,84.2,3.0,0.0,1.0,66.0,3.0,0.0,0.0,7.4,,,4.0,4.0,0.0,0.0,,,,1.0,312.0,0.0,1.0,1.0,7.0,87.5,0.7,16.0,1.0,0.0,21.1,0.0,0.0,0.0,4.0,0.0,0.0,5.0,3.0,1.0,0.0,1.0,1.0,100.0,0.0,0.0,0.0,0.0,0.0,0.0,CD_I993107,False,27.0,Harry,Himmelberg,home,GWS GIANTS
CD_M20260140003,2026-03-07T05:15:00.000+0000,CONCLUDED,Premiership,Opening Round,0,ENGIE Stadium,GWS GIANTS,GWS GIANTS,Hawthorn,Hawthorn,23.0,"https://s.afl.com.au/staticfile/AFL Tenant/AFL/Players/ChampIDImages/AFL/2026014/296324.png?im=Scale,width=0.6,height=0.6",FF,CD_I296324,False,23.0,Jesse,Hogan,CD_T1010,,86.0,3.0,0.0,,7.0,1.0,8.0,3.0,0.0,1.0,4.0,3.0,7.0,2.0,2.0,1.0,0.0,1.0,87.5,2.0,1.0,1.0,52.0,0.0,0.0,100.0,11.4,,,2.0,2.0,1.0,3.0,,,,6.0,229.0,0.0,0.0,0.0,6.0,85.7,7.0,7.0,0.0,0.0,57.1,0.0,0.0,0.0,1.0,1.0,1.0,9.0,1.0,0.0,1.0,0.0,0.0,0.0,3.0,1.0,33.3,0.0,0.0,0.0,CD_I296324,False,23.0,Jesse,Hogan,home,GWS GIANTS
CD_M20260140003,2026-03-07T05:15:00.000+0000,CONCLUDED,Premiership,Opening Round,0,ENGIE Stadium,GWS GIANTS,GWS GIANTS,Hawthorn,Hawthorn,39.0,"https://s.afl.com.au/staticfile/AFL Tenant/AFL/Players/ChampIDImages/AFL/2026014/1008083.png?im=Scale,width=0.6,height=0.6",BPR,CD_I1008083,False,39.0,Connor,Idun,CD_T1010,,100.0,0.0,0.0,,10.0,3.0,13.0,5.0,1.0,2.0,4.0,6.0,10.0,0.0,0.0,0.0,0.0,6.0,92.3,2.0,2.0,0.0,61.0,3.0,0.0,0.0,8.2,,,2.0,6.0,0.0,0.0,,,,2.0,163.0,0.0,1.0,1.0,10.0,100.0,3.3,12.0,0.0,0.0,40.0,0.0,0.0,0.0,2.0,0.0,0.0,4.0,4.0,6.0,0.0,3.0,0.0,0.0,0.0,0.0,0.0,0.0,0.0,0.0,CD_I1008083,False,39.0,Connor,Idun,home,GWS GIANTS
CD_M20260140003,2026-03-07T05:15:00.000+0000,CONCLUDED,Premiership,Opening Round,0,ENGIE Stadium,GWS GIANTS,GWS GIANTS,Hawthorn,Hawthorn,25.0,"https://s.afl.com.au/staticfile/AFL Tenant/AFL/Players/ChampIDImages/AFL/2026014/298280.png?im=Scale,width=0.6,height=0.6",BPL,CD_I298280,False,25.0,Jayden,Laverde,CD_T1010,,83.0,0.0,0.0,,10.0,4.0,14.0,7.0,0.0,2.0,3.0,9.0,12.0,2.0,0.0,1.0,0.0,5.0,92.9,1.0,0.0,1.0,64.0,2.0,0.0,0.0,7.4,,,1.0,6.0,0.0,0.0,,,,4.0,329.0,0.0,0.0,0.0,9.0,90.0,2.5,13.0,0.0,2.0,25.0,0.0,0.0,0.0,2.0,0.0,2.0,8.0,4.0,5.0,0.0,3.0,2.0,66.7,0.0,0.0,0.0,0.0,0.0,0.0,CD_I298280,False,25.0,Jayden,Laverde,home,GWS GIANTS
CD_M20260140003,2026-03-07T05:15:00.000+0000,CONCLUDED,Premiership,Opening Round,0,ENGIE Stadium,GWS GIANTS,GWS GIANTS,Hawthorn,Hawthorn,33.0,"https://s.afl.com.au/staticfile/AFL Tenant/AFL/Players/ChampIDImages/AFL/2026014/1006135.png?im=Scale,width=0.6,height=0.6",INT,CD_I1006135,False,33.0,Xavier,O'Halloran,CD_T1010,,64.0,0.0,0.0,,5.0,4.0,9.0,4.0,0.0,1.0,4.0,4.0,8.0,1.0,0.0,0.0,0.0,1.0,66.7,4.0,0.0,1.0,36.0,1.0,0.0,0.0,5.0,,,1.0,2.0,0.0,0.0,,,,2.0,153.0,0.0,0.0,0.0,3.0,60.0,1.3,6.0,1.0,0.0,50.0,0.0,0.0,0.0,4.0,0.0,1.0,11.0,5.0,0.0,0.0,0.0,0.0,0.0,0.0,0.0,0.0,0.0,0.0,0.0,CD_I1006135,False,33.0,Xavier,O'Halloran,home,GWS GIANTS
CD_M20260140003,2026-03-07T05:15:00.000+0000,CONCLUDED,Premiership,Opening Round,0,ENGIE Stadium,GWS GIANTS,GWS GIANTS,Hawthorn,Hawthorn,10.0,"https://s.afl.com.au/staticfile/AFL Tenant/AFL/Players/ChampIDImages/AFL/2026014/996701.png?im=Scale,width=0.6,height=0.6",C,CD_I996701,False,10.0,Clayton,Oliver,CD_T1010,,85.0,1.0,0.0,,9.0,17.0,26.0,3.0,0.0,4.0,19.0,8.0,27.0,4.0,0.0,1.0,0.0,2.0,76.9,3.0,0.0,1.0,89.0,2.0,0.0,50.0,21.6,,,5.0,4.0,0.0,2.0,,,,7.0,274.0,5.0,5.0,10.0,7.0,77.8,0.5,20.0,1.0,1.0,70.4,0.0,0.0,0.0,16.0,2.0,4.0,23.0,10.0,0.0,0.0,0.0,0.0,0.0,0.0,0.0,0.0,30.0,0.0,0.0,CD_I996701,False,10.0,Clayton,Oliver,home,GWS GIANTS
CD_M20260140003,2026-03-07T05:15:00.000+0000,CONCLUDED,Premiership,Opening Round,0,ENGIE Stadium,GWS GIANTS,GWS GIANTS,Hawthorn,Hawthorn,26.0,"https://s.afl.com.au/staticfile/AFL Tenant/AFL/Players/ChampIDImages/AFL/2026014/1008123.png?im=Scale,width=0.6,height=0.6",CHF,CD_I1008123,False,26.0,Jake,Riccardi,CD_T1010,,75.0,3.0,1.0,,12.0,5.0,17.0,7.0,0.0,4.0,4.0,12.0,16.0,8.0,1.0,0.0,7.0,0.0,70.6,6.0,1.0,5.0,95.0,0.0,2.0,75.0,11.4,,,5.0,2.0,1.0,4.0,,,,7.0,429.0,0.0,0.0,0.0,9.0,75.0,2.4,12.0,2.0,0.0,25.0,2.0,25.0,28.6,3.0,1.0,2.0,8.0,4.0,0.0,28.0,0.0,0.0,0.0,2.0,0.0,0.0,9.0,0.0,0.0,CD_I1008123,False,26.0,Jake,Riccardi,home,GWS GIANTS
CD_M20260140003,2026-03-07T05:15:00.000+0000,CONCLUDED,Premiership,Opening Round,0,ENGIE Stadium,GWS GIANTS,GWS GIANTS,Hawthorn,Hawthorn,24.0,"https://s.afl.com.au/staticfile/AFL Tenant/AFL/Players/ChampIDImages/AFL/2026014/1021122.png?im=Scale,width=0.6,height=0.6",INT,CD_I1021122,False,24.0,Harry,Rowston,CD_T1010,,61.0,1.0,0.0,,12.0,3.0,15.0,6.0,0.0,0.0,4.0,10.0,14.0,3.0,0.0,0.0,0.0,1.0,60.0,3.0,0.0,1.0,63.0,1.0,0.0,100.0,6.6,,,4.0,2.0,0.0,1.0,,,,4.0,313.0,1.0,2.0,3.0,6.0,50.0,4.0,9.0,1.0,0.0,28.6,0.0,0.0,0.0,2.0,1.0,1.0,11.0,10.0,0.0,0.0,0.0,0.0,0.0,0.0,0.0,0.0,20.0,0.0,0.0,CD_I1021122,False,24.0,Harry,Rowston,home,GWS GIANTS
CD_M20260140003,2026-03-07T05:15:00.000+0000,CONCLUDED,Premiership,Opening Round,0,ENGIE Stadium,GWS GIANTS,GWS GIANTS,Hawthorn,Hawthorn,20.0,"https://s.afl.com.au/staticfile/AFL Tenant/AFL/Players/ChampIDImages/AFL/2026014/293884.png?im=Scale,width=0.6,height=0.6",FPR,CD_I293884,False,20.0,Jake,Stringer,CD_T1010,,86.0,5.0,4.0,,13.0,1.0,14.0,5.0,0.0,2.0,8.0,6.0,14.0,1.0,5.0,1.0,0.0,3.0,57.1,1.0,2.0,1.0,97.0,0.0,1.0,50.0,23.6,,,1.0,1.0,0.0,10.0,,,,11.0,362.0,0.0,2.0,2.0,7.0,53.8,13.0,8.0,3.0,0.0,57.1,0.0,0.0,0.0,5.0,4.0,1.0,8.0,2.0,3.0,0.0,0.0,0.0,0.0,3.0,1.0,33.3,0.0,0.0,0.0,CD_I293884,False,20.0,Jake,Stringer,home,GWS GIANTS
CD_M20260140003,2026-03-07T05:15:00.000+0000,CONCLUDED,Premiership,Opening Round,0,ENGIE Stadium,GWS GIANTS,GWS GIANTS,Hawthorn,Hawthorn,1.0,"https://s.afl.com.au/staticfile/AFL Tenant/AFL/Players/ChampIDImages/AFL/2026014/1027925.png?im=Scale,width=0.6,height=0.6",WR,CD_I1027925,False,1.0,Harvey,Thomas,CD_T1010,,78.0,0.0,0.0,,11.0,9.0,20.0,4.0,0.0,1.0,7.0,15.0,22.0,3.0,1.0,0.0,0.0,2.0,80.0,1.0,1.0,0.0,68.0,1.0,1.0,0.0,12.6,,,2.0,3.0,0.0,0.0,,,,4.0,386.0,1.0,1.0,2.0,8.0,72.7,1.2,16.0,1.0,0.0,31.8,0.0,0.0,0.0,5.0,0.0,2.0,11.0,7.0,0.0,0.0,0.0,0.0,0.0,0.0,0.0,0.0,0.0,0.0,0.0,CD_I1027925,False,1.0,Harvey,Thomas,home,GWS GIANTS
CD_M20260140003,2026-03-07T05:15:00.000+0000,CONCLUDED,Premiership,Opening Round,0,ENGIE Stadium,GWS GIANTS,GWS GIANTS,Hawthorn,Hawthorn,6.0,"https://s.afl.com.au/staticfile/AFL Tenant/AFL/Players/ChampIDImages/AFL/2026014/294305.png?im=Scale,width=0.6,height=0.6",CHB,CD_I294305,False,6.0,Lachie,Whitfield,CD_T1010,,86.0,0.0,0.0,,17.0,10.0,27.0,5.0,0.0,1.0,2.0,17.0,19.0,1.0,0.0,0.0,0.0,2.0,81.5,2.0,0.0,1.0,87.0,7.0,0.0,0.0,6.6,,,7.0,4.0,0.0,0.0,,,,5.0,377.0,0.0,0.0,0.0,14.0,82.4,1.7,22.0,1.0,0.0,10.5,0.0,0.0,0.0,1.0,0.0,0.0,17.0,12.0,0.0,0.0,0.0,0.0,0.0,0.0,0.0,0.0,0.0,8.0,7.0,CD_I294305,False,6.0,Lachie,Whitfield,home,GWS GIANTS
CD_M20260140003,2026-03-07T05:15:00.000+0000,CONCLUDED,Premiership,Opening Round,0,ENGIE Stadium,GWS GIANTS,GWS GIANTS,Hawthorn,Hawthorn,10.0,"https://s.afl.com.au/staticfile/AFL Tenant/AFL/Players/ChampIDImages/AFL/2026014/297354.png?im=Scale,width=0.6,height=0.6",BPL,CD_I297354,False,10.0,Karl,Amon,CD_T80,,83.0,0.0,0.0,,10.0,5.0,15.0,3.0,5.0,2.0,0.0,11.0,11.0,3.0,0.0,0.0,0.0,1.0,86.7,3.0,0.0,1.0,54.0,6.0,2.0,0.0,1.8,,,3.0,1.0,0.0,0.0,,,,4.0,423.0,1.0,0.0,1.0,9.0,90.0,2.0,13.0,1.0,1.0,0.0,0.0,0.0,0.0,0.0,0.0,2.0,12.0,11.0,0.0,0.0,0.0,0.0,0.0,0.0,0.0,0.0,0.0,4.0,4.0,CD_I297354,False,10.0,Karl,Amon,away,Hawthorn
CD_M20260140003,2026-03-07T05:15:00.000+0000,CONCLUDED,Premiership,Opening Round,0,ENGIE Stadium,GWS GIANTS,GWS GIANTS,Hawthorn,Hawthorn,37.0,"https://s.afl.com.au/staticfile/AFL Tenant/AFL/Players/ChampIDImages/AFL/2026014/990290.png?im=Scale,width=0.6,height=0.6",FB,CD_I990290,False,37.0,Tom,Barrass,CD_T80,,82.0,0.0,0.0,,3.0,5.0,8.0,3.0,0.0,0.0,3.0,4.0,7.0,0.0,0.0,2.0,0.0,8.0,100.0,2.0,0.0,2.0,22.0,1.0,0.0,0.0,9.6,,,0.0,5.0,0.0,0.0,,,,3.0,0.0,0.0,0.0,0.0,3.0,100.0,0.6,8.0,0.0,3.0,42.9,0.0,0.0,0.0,1.0,0.0,2.0,4.0,0.0,7.0,0.0,2.0,1.0,50.0,0.0,0.0,0.0,0.0,0.0,0.0,CD_I990290,False,37.0,Tom,Barrass,away,Hawthorn
CD_M20260140003,2026-03-07T05:15:00.000+0000,CONCLUDED,Premiership,Opening Round,0,ENGIE Stadium,GWS GIANTS,GWS GIANTS,Hawthorn,Hawthorn,24.0,"https://s.afl.com.au/staticfile/AFL Tenant/AFL/Players/ChampIDImages/AFL/2026014/998134.png?im=Scale,width=0.6,height=0.6",HBFL,CD_I998134,False,24.0,Josh,Battle,CD_T80,,93.0,0.0,1.0,,13.0,7.0,20.0,7.0,0.0,1.0,7.0,11.0,18.0,2.0,1.0,1.0,0.0,3.0,80.0,4.0,1.0,1.0,77.0,6.0,0.0,0.0,11.0,,,2.0,8.0,0.0,2.0,,,,1.0,422.0,0.0,0.0,0.0,9.0,69.2,1.9,16.0,0.0,2.0,38.9,0.0,0.0,0.0,6.0,1.0,1.0,6.0,6.0,2.0,0.0,2.0,1.0,50.0,0.0,0.0,0.0,0.0,2.0,2.0,CD_I998134,False,24.0,Josh,Battle,away,Hawthorn
CD_M20260140003,2026-03-07T05:15:00.000+0000,CONCLUDED,Premiership,Opening Round,0,ENGIE Stadium,GWS GIANTS,GWS GIANTS,Hawthorn,Hawthorn,30.0,"https://s.afl.com.au/staticfile/AFL Tenant/AFL/Players/ChampIDImages/AFL/2026014/1010708.png?im=Scale,width=0.6,height=0.6",INT,CD_I1010708,False,30.0,Sam,Butler,CD_T80,,74.0,2.0,0.0,,8.0,2.0,10.0,2.0,0.0,1.0,4.0,6.0,10.0,2.0,0.0,0.0,0.0,1.0,80.0,0.0,0.0,0.0,50.0,0.0,0.0,100.0,10.8,,,2.0,0.0,1.0,2.0,,,,2.0,244.0,0.0,3.0,3.0,6.0,75.0,4.0,8.0,0.0,0.0,40.0,0.0,0.0,0.0,3.0,1.0,1.0,17.0,5.0,1.0,0.0,0.0,0.0,0.0,1.0,0.0,0.0,2.0,0.0,0.0,CD_I1010708,False,30.0,Sam,Butler,away,Hawthorn
CD_M20260140003,2026-03-07T05:15:00.000+0000,CONCLUDED,Premiership,Opening Round,0,ENGIE Stadium,GWS GIANTS,GWS GIANTS,Hawthorn,Hawthorn,18.0,"https://s.afl.com.au/staticfile/AFL Tenant/AFL/Players/ChampIDImages/AFL/2026014/994077.png?im=Scale,width=0.6,height=0.6",FF,CD_I994077,False,18.0,Mabior,Chol,CD_T80,,68.0,2.0,1.0,,8.0,1.0,9.0,3.0,0.0,1.0,8.0,0.0,8.0,1.0,3.0,3.0,6.0,1.0,66.7,2.0,1.0,1.0,56.0,0.0,0.0,66.7,11.8,,,3.0,0.0,0.0,3.0,,,,5.0,128.0,4.0,1.0,5.0,5.0,62.5,8.0,6.0,0.0,0.0,100.0,1.0,37.5,16.7,3.0,0.0,2.0,7.0,1.0,1.0,16.0,0.0,0.0,0.0,3.0,0.0,0.0,9.0,0.0,0.0,CD_I994077,False,18.0,Mabior,Chol,away,Hawthorn
CD_M20260140003,2026-03-07T05:15:00.000+0000,CONCLUDED,Premiership,Opening Round,0,ENGIE Stadium,GWS GIANTS,GWS GIANTS,Hawthorn,Hawthorn,16.0,"https://s.afl.com.au/staticfile/AFL Tenant/AFL/Players/ChampIDImages/AFL/2026014/1005144.png?im=Scale,width=0.6,height=0.6",WR,CD_I1005144,False,16.0,Massimo,D'Ambrosio,CD_T80,,73.0,0.0,0.0,,10.0,7.0,17.0,1.0,0.0,0.0,7.0,7.0,14.0,0.0,0.0,0.0,0.0,2.0,82.4,4.0,0.0,0.0,47.0,1.0,0.0,0.0,9.1,,,3.0,6.0,0.0,1.0,,,,3.0,359.0,0.0,2.0,2.0,7.0,70.0,1.4,14.0,0.0,0.0,50.0,0.0,0.0,0.0,7.0,1.0,1.0,9.0,4.0,2.0,0.0,0.0,0.0,0.0,0.0,0.0,0.0,0.0,0.0,0.0,CD_I1005144,False,16.0,Massimo,D'Ambrosio,away,Hawthorn
CD_M20260140003,2026-03-07T05:15:00.000+0000,CONCLUDED,Premiership,Opening Round,0,ENGIE Stadium,GWS GIANTS,GWS GIANTS,Hawthorn,Hawthorn,33.0,"https://s.afl.com.au/staticfile/AFL Tenant/AFL/Players/ChampIDImages/AFL/2026014/1012857.png?im=Scale,width=0.6,height=0.6",CHF,CD_I1012857,False,33.0,Jack,Ginnivan,CD_T80,,77.0,2.0,0.0,,12.0,5.0,17.0,6.0,0.0,1.0,5.0,10.0,15.0,5.0,0.0,0.0,0.0,1.0,64.7,3.0,2.0,0.0,82.0,0.0,0.0,100.0,11.7,,,4.0,2.0,0.0,2.0,,,,4.0,291.0,1.0,1.0,2.0,7.0,58.3,2.4,11.0,1.0,0.0,33.3,0.0,0.0,0.0,4.0,0.0,1.0,13.0,2.0,1.0,0.0,0.0,0.0,0.0,0.0,0.0,0.0,0.0,0.0,0.0,CD_I1012857,False,33.0,Jack,Ginnivan,away,Hawthorn
CD_M20260140003,2026-03-07T05:15:00.000+0000,CONCLUDED,Premiership,Opening Round,0,ENGIE Stadium,GWS GIANTS,GWS GIANTS,Hawthorn,Hawthorn,19.0,"https://s.afl.com.au/staticfile/AFL Tenant/AFL/Players/ChampIDImages/AFL/2026014/291351.png?im=Scale,width=0.6,height=0.6",FPR,CD_I291351,False,19.0,Jack,Gunston,CD_T80,,83.0,4.0,1.0,,6.0,1.0,7.0,4.0,0.0,2.0,3.0,5.0,8.0,1.0,3.0,0.0,0.0,1.0,85.7,1.0,0.0,1.0,62.0,0.0,0.0,80.0,17.0,,,1.0,1.0,2.0,5.0,,,,7.0,214.0,0.0,0.0,0.0,5.0,83.3,6.0,6.0,3.0,0.0,37.5,0.0,0.0,0.0,2.0,2.0,1.0,15.0,1.0,0.0,0.0,0.0,0.0,0.0,5.0,1.0,20.0,0.0,0.0,0.0,CD_I291351,False,19.0,Jack,Gunston,away,Hawthorn
CD_M20260140003,2026-03-07T05:15:00.000+0000,CONCLUDED,Premiership,Opening Round,0,ENGIE Stadium,GWS GIANTS,GWS GIANTS,Hawthorn,Hawthorn,15.0,"https://s.afl.com.au/staticfile/AFL Tenant/AFL/Players/ChampIDImages/AFL/2026014/993794.png?im=Scale,width=0.6,height=0.6",INT,CD_I993794,False,15.0,Blake,Hardwick,CD_T80,,85.0,0.0,0.0,,6.0,6.0,12.0,2.0,0.0,2.0,5.0,5.0,10.0,1.0,0.0,1.0,0.0,2.0,100.0,0.0,2.0,0.0,46.0,1.0,0.0,0.0,13.0,,,1.0,6.0,0.0,0.0,,,,0.0,193.0,0.0,1.0,1.0,6.0,100.0,1.0,12.0,0.0,1.0,50.0,0.0,0.0,0.0,2.0,0.0,0.0,10.0,5.0,2.0,0.0,1.0,0.0,0.0,1.0,1.0,100.0,0.0,1.0,1.0,CD_I993794,False,15.0,Blake,Hardwick,away,Hawthorn
CD_M20260140003,2026-03-07T05:15:00.000+0000,CONCLUDED,Premiership,Opening Round,0,ENGIE Stadium,GWS GIANTS,GWS GIANTS,Hawthorn,Hawthorn,4.0,"https://s.afl.com.au/staticfile/AFL Tenant/AFL/Players/ChampIDImages/AFL/2026014/296254.png?im=Scale,width=0.6,height=0.6",BPR,CD_I296254,False,4.0,Jarman,Impey,CD_T80,,84.0,0.0,0.0,,11.0,7.0,18.0,3.0,0.0,3.0,5.0,10.0,15.0,4.0,0.0,0.0,0.0,1.0,77.8,2.0,0.0,0.0,68.0,5.0,0.0,0.0,8.7,,,3.0,3.0,0.0,1.0,,,,2.0,416.0,0.0,0.0,0.0,9.0,81.8,1.6,14.0,0.0,0.0,33.3,0.0,0.0,0.0,5.0,1.0,0.0,11.0,6.0,1.0,0.0,0.0,0.0,0.0,0.0,0.0,0.0,0.0,1.0,1.0,CD_I296254,False,4.0,Jarman,Impey,away,Hawthorn
CD_M20260140003,2026-03-07T05:15:00.000+0000,CONCLUDED,Premiership,Opening Round,0,ENGIE Stadium,GWS GIANTS,GWS GIANTS,Hawthorn,Hawthorn,2.0,"https://s.afl.com.au/staticfile/AFL Tenant/AFL/Players/ChampIDImages/AFL/2026014/1000887.png?im=Scale,width=0.6,height=0.6",FPL,CD_I1000887,False,2.0,Mitch,Lewis,CD_T80,,62.0,1.0,1.0,,7.0,3.0,10.0,6.0,0.0,3.0,7.0,5.0,12.0,3.0,1.0,2.0,0.0,3.0,70.0,2.0,3.0,0.0,67.0,0.0,0.0,25.0,4.2,,,2.0,1.0,1.0,4.0,,,,3.0,141.0,0.0,2.0,2.0,4.0,57.1,2.3,7.0,2.0,0.0,58.3,0.0,0.0,0.0,1.0,0.0,2.0,9.0,2.0,2.0,1.0,0.0,0.0,0.0,4.0,3.0,75.0,0.0,0.0,0.0,CD_I1000887,False,2.0,Mitch,Lewis,away,Hawthorn
CD_M20260140003,2026-03-07T05:15:00.000+0000,CONCLUDED,Premiership,Opening Round,0,ENGIE Stadium,GWS GIANTS,GWS GIANTS,Hawthorn,Hawthorn,9.0,"https://s.afl.com.au/staticfile/AFL Tenant/AFL/Players/ChampIDImages/AFL/2026014/1017094.png?im=Scale,width=0.6,height=0.6",HFFL,CD_I1017094,False,9.0,Connor,Macdonald,CD_T80,,77.0,0.0,0.0,,13.0,7.0,20.0,3.0,0.0,4.0,9.0,12.0,21.0,4.0,0.0,0.0,0.0,2.0,65.0,2.0,1.0,0.0,79.0,2.0,3.0,0.0,11.3,,,2.0,2.0,1.0,0.0,,,,7.0,333.0,1.0,3.0,4.0,8.0,61.5,1.9,13.0,1.0,0.0,42.9,0.0,0.0,0.0,6.0,1.0,1.0,21.0,7.0,0.0,0.0,0.0,0.0,0.0,0.0,0.0,0.0,12.0,0.0,0.0,CD_I1017094,False,9.0,Connor,Macdonald,away,Hawthorn
CD_M20260140003,2026-03-07T05:15:00.000+0000,CONCLUDED,Premiership,Opening Round,0,ENGIE Stadium,GWS GIANTS,GWS GIANTS,Hawthorn,Hawthorn,20.0,"https://s.afl.com.au/staticfile/AFL Tenant/AFL/Players/ChampIDImages/AFL/2026014/1009421.png?im=Scale,width=0.6,height=0.6",INT,CD_I1009421,False,20.0,Finn,Maginness,CD_T80,,56.0,0.0,0.0,,2.0,6.0,8.0,1.0,0.0,1.0,0.0,8.0,8.0,0.0,0.0,0.0,0.0,0.0,87.5,0.0,0.0,0.0,25.0,0.0,1.0,0.0,3.3,,,1.0,0.0,1.0,0.0,,,,3.0,76.0,0.0,0.0,0.0,2.0,100.0,0.3,7.0,0.0,0.0,0.0,0.0,0.0,0.0,0.0,0.0,0.0,6.0,0.0,0.0,0.0,0.0,0.0,0.0,0.0,0.0,0.0,0.0,0.0,0.0,CD_I1009421,False,20.0,Finn,Maginness,away,Hawthorn
CD_M20260140003,2026-03-07T05:15:00.000+0000,CONCLUDED,Premiership,Opening Round,0,ENGIE Stadium,GWS GIANTS,GWS GIANTS,Hawthorn,Hawthorn,17.0,"https://s.afl.com.au/staticfile/AFL Tenant/AFL/Players/ChampIDImages/AFL/2026014/1000980.png?im=Scale,width=0.6,height=0.6",RK,CD_I1000980,False,17.0,Lloyd,Meek,CD_T80,,73.0,1.0,0.0,,3.0,3.0,6.0,2.0,0.0,3.0,5.0,2.0,7.0,2.0,1.0,2.0,33.0,1.0,83.3,2.0,1.0,1.0,70.0,0.0,0.0,100.0,8.4,,,1.0,0.0,0.0,1.0,,,,2.0,26.0,0.0,2.0,2.0,3.0,100.0,1.0,5.0,0.0,0.0,71.4,8.0,49.3,24.2,1.0,0.0,1.0,12.0,5.0,1.0,67.0,0.0,0.0,0.0,0.0,0.0,0.0,27.0,0.0,0.0,CD_I1000980,False,17.0,Lloyd,Meek,away,Hawthorn
CD_M20260140003,2026-03-07T05:15:00.000+0000,CONCLUDED,Premiership,Opening Round,0,ENGIE Stadium,GWS GIANTS,GWS GIANTS,Hawthorn,Hawthorn,8.0,"https://s.afl.com.au/staticfile/AFL Tenant/AFL/Players/ChampIDImages/AFL/2026014/1006314.png?im=Scale,width=0.6,height=0.6",WL,CD_I1006314,False,8.0,Dylan,Moore,CD_T80,,87.0,0.0,1.0,,5.0,8.0,13.0,1.0,0.0,2.0,6.0,5.0,11.0,1.0,0.0,0.0,0.0,1.0,84.6,1.0,0.0,0.0,43.0,0.0,0.0,0.0,8.6,,,1.0,2.0,1.0,1.0,,,,3.0,128.0,0.0,1.0,1.0,3.0,60.0,0.6,11.0,0.0,0.0,54.5,0.0,0.0,0.0,5.0,2.0,2.0,10.0,4.0,0.0,0.0,0.0,0.0,0.0,1.0,0.0,0.0,8.0,0.0,0.0,CD_I1006314,False,8.0,Dylan,Moore,away,Hawthorn
CD_M20260140003,2026-03-07T05:15:00.000+0000,CONCLUDED,Premiership,Opening Round,0,ENGIE Stadium,GWS GIANTS,GWS GIANTS,Hawthorn,Hawthorn,1.0,"https://s.afl.com.au/staticfile/AFL Tenant/AFL/Players/ChampIDImages/AFL/2026014/1000963.png?im=Scale,width=0.6,height=0.6",C,CD_I1000963,False,1.0,Harry,Morrison,CD_T80,,87.0,0.0,0.0,,12.0,5.0,17.0,6.0,0.0,2.0,0.0,15.0,15.0,4.0,0.0,0.0,0.0,1.0,64.7,4.0,0.0,1.0,69.0,1.0,0.0,0.0,4.4,,,6.0,4.0,0.0,0.0,,,,4.0,384.0,0.0,0.0,0.0,7.0,58.3,2.4,11.0,0.0,2.0,0.0,0.0,0.0,0.0,0.0,0.0,1.0,19.0,8.0,1.0,0.0,1.0,0.0,0.0,0.0,0.0,0.0,0.0,0.0,0.0,CD_I1000963,False,1.0,Harry,Morrison,away,Hawthorn
CD_M20260140003,2026-03-07T05:15:00.000+0000,CONCLUDED,Premiership,Opening Round,0,ENGIE Stadium,GWS GIANTS,GWS GIANTS,Hawthorn,Hawthorn,11.0,"https://s.afl.com.au/staticfile/AFL Tenant/AFL/Players/ChampIDImages/AFL/2026014/1007124.png?im=Scale,width=0.6,height=0.6",INT,CD_I1007124,False,11.0,Conor,Nash,CD_T80,,75.0,0.0,0.0,,8.0,9.0,17.0,2.0,0.0,3.0,8.0,7.0,15.0,3.0,0.0,0.0,0.0,2.0,58.8,1.0,1.0,0.0,61.0,0.0,0.0,0.0,6.8,,,3.0,1.0,2.0,0.0,,,,4.0,164.0,3.0,3.0,6.0,3.0,37.5,0.9,10.0,0.0,0.0,53.3,0.0,0.0,0.0,5.0,1.0,1.0,13.0,4.0,1.0,1.0,0.0,0.0,0.0,1.0,0.0,0.0,21.0,0.0,0.0,CD_I1007124,False,11.0,Conor,Nash,away,Hawthorn
CD_M20260140003,2026-03-07T05:15:00.000+0000,CONCLUDED,Premiership,Opening Round,0,ENGIE Stadium,GWS GIANTS,GWS GIANTS,Hawthorn,Hawthorn,3.0,"https://s.afl.com.au/staticfile/AFL Tenant/AFL/Players/ChampIDImages/AFL/2026014/1020895.png?im=Scale,width=0.6,height=0.6",RR,CD_I1020895,False,3.0,Jai,Newcombe,CD_T80,,75.0,0.0,0.0,,16.0,9.0,25.0,4.0,1.0,3.0,4.0,22.0,26.0,4.0,0.0,0.0,0.0,0.0,68.0,5.0,2.0,3.0,83.0,3.0,0.0,0.0,7.8,,,6.0,0.0,0.0,0.0,,,,5.0,535.0,2.0,2.0,4.0,9.0,56.3,1.8,17.0,0.0,0.0,15.4,0.0,0.0,0.0,2.0,0.0,0.0,16.0,9.0,0.0,0.0,0.0,0.0,0.0,0.0,0.0,0.0,32.0,0.0,0.0,CD_I1020895,False,3.0,Jai,Newcombe,away,Hawthorn
CD_M20260140003,2026-03-07T05:15:00.000+0000,CONCLUDED,Premiership,Opening Round,0,ENGIE Stadium,GWS GIANTS,GWS GIANTS,Hawthorn,Hawthorn,14.0,"https://s.afl.com.au/staticfile/AFL Tenant/AFL/Players/ChampIDImages/AFL/2026014/998114.png?im=Scale,width=0.6,height=0.6",INT,CD_I998114,False,14.0,Jack,Scrimshaw,CD_T80,,73.0,0.0,0.0,,14.0,6.0,20.0,5.0,1.0,0.0,7.0,13.0,20.0,1.0,0.0,0.0,0.0,1.0,75.0,5.0,1.0,1.0,67.0,9.0,0.0,0.0,10.2,,,6.0,8.0,0.0,0.0,,,,1.0,460.0,0.0,0.0,0.0,10.0,71.4,2.3,15.0,0.0,0.0,35.0,0.0,0.0,0.0,5.0,0.0,1.0,4.0,3.0,0.0,0.0,3.0,0.0,0.0,0.0,0.0,0.0,0.0,0.0,0.0,CD_I998114,False,14.0,Jack,Scrimshaw,away,Hawthorn
CD_M20260140003,2026-03-07T05:15:00.000+0000,CONCLUDED,Premiership,Opening Round,0,ENGIE Stadium,GWS GIANTS,GWS GIANTS,Hawthorn,Hawthorn,6.0,"https://s.afl.com.au/staticfile/AFL Tenant/AFL/Players/ChampIDImages/AFL/2026014/297566.png?im=Scale,width=0.6,height=0.6",CHB,CD_I297566,False,6.0,James,Sicily,CD_T80,,86.0,0.0,0.0,,15.0,8.0,23.0,5.0,0.0,2.0,12.0,11.0,23.0,7.0,0.0,1.0,0.0,7.0,95.7,1.0,5.0,0.0,89.0,5.0,1.0,0.0,18.5,,,6.0,14.0,0.0,0.0,,,,1.0,592.0,0.0,1.0,1.0,15.0,100.0,1.9,22.0,0.0,2.0,52.2,0.0,0.0,0.0,5.0,0.0,2.0,9.0,5.0,6.0,0.0,7.0,2.0,28.6,0.0,0.0,0.0,0.0,0.0,0.0,CD_I297566,False,6.0,James,Sicily,away,Hawthorn
CD_M20260140003,2026-03-07T05:15:00.000+0000,CONCLUDED,Premiership,Opening Round,0,ENGIE Stadium,GWS GIANTS,GWS GIANTS,Hawthorn,Hawthorn,25.0,"https://s.afl.com.au/staticfile/AFL Tenant/AFL/Players/ChampIDImages/AFL/2026014/1017110.png?im=Scale,width=0.6,height=0.6",R,CD_I1017110,False,25.0,Josh,Ward,CD_T80,,74.0,0.0,1.0,,10.0,8.0,18.0,6.0,0.0,2.0,6.0,12.0,18.0,3.0,0.0,0.0,0.0,1.0,66.7,1.0,0.0,0.0,73.0,1.0,0.0,0.0,11.7,,,2.0,5.0,0.0,1.0,,,,5.0,283.0,1.0,0.0,1.0,5.0,50.0,1.3,12.0,1.0,0.0,33.3,0.0,0.0,0.0,6.0,1.0,2.0,11.0,6.0,0.0,0.0,0.0,0.0,0.0,0.0,0.0,0.0,20.0,0.0,0.0,CD_I1017110,False,25.0,Josh,Ward,away,Hawthorn
CD_M20260140003,2026-03-07T05:15:00.000+0000,CONCLUDED,Premiership,Opening Round,0,ENGIE Stadium,GWS GIANTS,GWS GIANTS,Hawthorn,Hawthorn,5.0,"https://s.afl.com.au/staticfile/AFL Tenant/AFL/Players/ChampIDImages/AFL/2026014/1023473.png?im=Scale,width=0.6,height=0.6",HFFR,CD_I1023473,False,5.0,Nick,Watson,CD_T80,,83.0,2.0,2.0,,11.0,6.0,17.0,0.0,1.0,4.0,7.0,9.0,16.0,4.0,0.0,0.0,0.0,1.0,58.8,4.0,0.0,1.0,72.0,0.0,1.0,40.0,12.1,,,3.0,2.0,3.0,5.0,,,,8.0,310.0,1.0,0.0,1.0,5.0,45.5,1.8,10.0,0.0,0.0,43.8,0.0,0.0,0.0,7.0,3.0,0.0,14.0,2.0,0.0,0.0,0.0,0.0,0.0,0.0,0.0,0.0,6.0,0.0,0.0,CD_I1023473,False,5.0,Nick,Watson,away,Hawthorn
CD_M20260140003,2026-03-07T05:15:00.000+0000,CONCLUDED,Premiership,Opening Round,0,ENGIE Stadium,GWS GIANTS,GWS GIANTS,Hawthorn,Hawthorn,23.0,"https://s.afl.com.au/staticfile/AFL Tenant/AFL/Players/ChampIDImages/AFL/2026014/1027935.png?im=Scale,width=0.6,height=0.6",HBFR,CD_I1027935,False,23.0,Josh,Weddle,CD_T80,,87.0,0.0,0.0,,7.0,7.0,14.0,3.0,1.0,1.0,5.0,9.0,14.0,3.0,0.0,0.0,0.0,1.0,85.7,0.0,1.0,0.0,49.0,3.0,1.0,0.0,8.1,,,3.0,3.0,0.0,0.0,,,,3.0,297.0,0.0,1.0,1.0,6.0,85.7,1.0,12.0,0.0,0.0,35.7,0.0,0.0,0.0,3.0,0.0,1.0,16.0,14.0,1.0,6.0,1.0,1.0,100.0,1.0,0.0,0.0,7.0,0.0,0.0,CD_I1027935,False,23.0,Josh,Weddle,away,Hawthorn
CD_M20260140004,2026-03-07T08:35:00.000+0000,CONCLUDED,Premiership,Opening Round,0,Gabba,Brisbane Lions,Brisbane Lions,Western Bulldogs,Western Bulldogs,4.0,"https://s.afl.com.au/staticfile/AFL Tenant/AFL/Players/ChampIDImages/AFL/2026014/1004385.png?im=Scale,width=0.6,height=0.6",CHF,CD_I1004385,False,4.0,Oscar,Allen,CD_T20,,88.0,1.0,3.0,,9.0,2.0,11.0,5.0,0.0,0.0,2.0,8.0,10.0,2.0,1.0,0.0,0.0,0.0,45.5,1.0,0.0,1.0,52.0,2.0,1.0,20.0,2.0,,,1.0,0.0,0.0,5.0,,,,8.0,250.0,0.0,0.0,0.0,4.0,44.4,4.5,5.0,0.0,0.0,20.0,0.0,0.0,0.0,2.0,1.0,0.0,8.0,2.0,0.0,0.0,0.0,0.0,0.0,0.0,0.0,0.0,0.0,0.0,0.0,CD_I1004385,False,4.0,Oscar,Allen,home,Brisbane Lions
CD_M20260140004,2026-03-07T08:35:00.000+0000,CONCLUDED,Premiership,Opening Round,0,Gabba,Brisbane Lions,Brisbane Lions,Western Bulldogs,Western Bulldogs,31.0,"https://s.afl.com.au/staticfile/AFL Tenant/AFL/Players/ChampIDImages/AFL/2026014/996059.png?im=Scale,width=0.6,height=0.6",CHB,CD_I996059,False,31.0,Harris,Andrews,CD_T20,,97.0,0.0,0.0,,11.0,7.0,18.0,7.0,0.0,0.0,8.0,7.0,15.0,1.0,0.0,2.0,0.0,12.0,83.3,3.0,2.0,2.0,64.0,3.0,1.0,0.0,14.6,,,3.0,10.0,0.0,0.0,,,,5.0,210.0,0.0,0.0,0.0,9.0,81.8,1.6,15.0,0.0,3.0,53.3,0.0,0.0,0.0,5.0,0.0,3.0,3.0,3.0,12.0,0.0,3.0,0.0,0.0,0.0,0.0,0.0,0.0,0.0,0.0,CD_I996059,False,31.0,Harris,Andrews,home,Brisbane Lions
CD_M20260140004,2026-03-07T08:35:00.000+0000,CONCLUDED,Premiership,Opening Round,0,Gabba,Brisbane Lions,Brisbane Lions,Western Bulldogs,Western Bulldogs,10.0,"https://s.afl.com.au/staticfile/AFL Tenant/AFL/Players/ChampIDImages/AFL/2026014/1028560.png?im=Scale,width=0.6,height=0.6",WL,CD_I1028560,False,10.0,Levi,Ashcroft,CD_T20,,86.0,0.0,0.0,,8.0,10.0,18.0,4.0,0.0,3.0,4.0,15.0,19.0,2.0,0.0,0.0,0.0,2.0,77.8,0.0,0.0,0.0,68.0,1.0,1.0,0.0,8.7,,,1.0,3.0,0.0,0.0,,,,5.0,192.0,0.0,2.0,2.0,5.0,62.5,0.8,14.0,2.0,0.0,21.1,0.0,0.0,0.0,1.0,0.0,2.0,11.0,7.0,0.0,0.0,0.0,0.0,0.0,0.0,0.0,0.0,1.0,0.0,0.0,CD_I1028560,False,10.0,Levi,Ashcroft,home,Brisbane Lions
CD_M20260140004,2026-03-07T08:35:00.000+0000,CONCLUDED,Premiership,Opening Round,0,Gabba,Brisbane Lions,Brisbane Lions,Western Bulldogs,Western Bulldogs,8.0,"https://s.afl.com.au/staticfile/AFL Tenant/AFL/Players/ChampIDImages/AFL/2026014/1023517.png?im=Scale,width=0.6,height=0.6",INT,CD_I1023517,False,8.0,Will,Ashcroft,CD_T20,,83.0,0.0,1.0,,16.0,14.0,30.0,4.0,2.0,5.0,11.0,16.0,27.0,6.0,1.0,1.0,0.0,0.0,66.7,4.0,0.0,0.0,109.0,1.0,0.0,0.0,12.8,,,4.0,2.0,0.0,2.0,,,,5.0,388.0,2.0,5.0,7.0,6.0,37.5,1.1,20.0,1.0,0.0,40.7,0.0,0.0,0.0,10.0,0.0,0.0,14.0,8.0,0.0,0.0,0.0,0.0,0.0,0.0,0.0,0.0,26.0,0.0,0.0,CD_I1023517,False,8.0,Will,Ashcroft,home,Brisbane Lions
CD_M20260140004,2026-03-07T08:35:00.000+0000,CONCLUDED,Premiership,Opening Round,0,Gabba,Brisbane Lions,Brisbane Lions,Western Bulldogs,Western Bulldogs,33.0,"https://s.afl.com.au/staticfile/AFL Tenant/AFL/Players/ChampIDImages/AFL/2026014/1002312.png?im=Scale,width=0.6,height=0.6",HFFR,CD_I1002312,False,33.0,Zac,Bailey,CD_T20,,88.0,1.0,2.0,,8.0,10.0,18.0,2.0,0.0,3.0,7.0,11.0,18.0,3.0,0.0,0.0,0.0,1.0,72.2,1.0,1.0,1.0,68.0,1.0,0.0,33.3,11.6,,,3.0,0.0,1.0,3.0,,,,6.0,154.0,3.0,1.0,4.0,5.0,62.5,0.8,13.0,0.0,0.0,38.9,0.0,0.0,0.0,5.0,3.0,1.0,14.0,3.0,0.0,0.0,0.0,0.0,0.0,2.0,1.0,50.0,10.0,0.0,0.0,CD_I1002312,False,33.0,Zac,Bailey,home,Brisbane Lions
CD_M20260140004,2026-03-07T08:35:00.000+0000,CONCLUDED,Premiership,Opening Round,0,Gabba,Brisbane Lions,Brisbane Lions,Western Bulldogs,Western Bulldogs,7.0,"https://s.afl.com.au/staticfile/AFL Tenant/AFL/Players/ChampIDImages/AFL/2026014/998133.png?im=Scale,width=0.6,height=0.6",WR,CD_I998133,False,7.0,Jarrod,Berry,CD_T20,,71.0,0.0,1.0,,14.0,8.0,22.0,8.0,0.0,2.0,8.0,14.0,22.0,2.0,1.0,0.0,0.0,2.0,77.3,3.0,3.0,0.0,94.0,3.0,2.0,0.0,7.9,,,3.0,3.0,0.0,1.0,,,,5.0,415.0,0.0,4.0,4.0,10.0,71.4,1.8,17.0,1.0,0.0,36.4,0.0,0.0,0.0,5.0,0.0,1.0,22.0,13.0,1.0,0.0,0.0,0.0,0.0,0.0,0.0,0.0,0.0,1.0,1.0,CD_I998133,False,7.0,Jarrod,Berry,home,Brisbane Lions
CD_M20260140004,2026-03-07T08:35:00.000+0000,CONCLUDED,Premiership,Opening Round,0,Gabba,Brisbane Lions,Brisbane Lions,Western Bulldogs,Western Bulldogs,23.0,"https://s.afl.com.au/staticfile/AFL Tenant/AFL/Players/ChampIDImages/AFL/2026014/990609.png?im=Scale,width=0.6,height=0.6",HFFL,CD_I990609,False,23.0,Charlie,Cameron,CD_T20,,87.0,4.0,1.0,,13.0,2.0,15.0,7.0,0.0,5.0,6.0,9.0,15.0,5.0,2.0,0.0,0.0,0.0,53.3,4.0,3.0,1.0,109.0,0.0,2.0,66.7,17.8,,,5.0,3.0,5.0,6.0,,,,8.0,373.0,0.0,0.0,0.0,7.0,53.8,6.5,8.0,4.0,0.0,40.0,0.0,0.0,0.0,2.0,1.0,1.0,17.0,1.0,0.0,0.0,0.0,0.0,0.0,1.0,0.0,0.0,0.0,0.0,0.0,CD_I990609,False,23.0,Charlie,Cameron,home,Brisbane Lions
CD_M20260140004,2026-03-07T08:35:00.000+0000,CONCLUDED,Premiership,Opening Round,0,Gabba,Brisbane Lions,Brisbane Lions,Western Bulldogs,Western Bulldogs,18.0,"https://s.afl.com.au/staticfile/AFL Tenant/AFL/Players/ChampIDImages/AFL/2026014/1006059.png?im=Scale,width=0.6,height=0.6",INT,CD_I1006059,False,18.0,Keidean,Coleman,CD_T20,,74.0,0.0,0.0,,13.0,5.0,18.0,5.0,0.0,2.0,3.0,13.0,16.0,3.0,0.0,1.0,0.0,2.0,66.7,2.0,1.0,0.0,73.0,1.0,0.0,0.0,4.9,,,4.0,4.0,0.0,0.0,,,,4.0,337.0,0.0,0.0,0.0,9.0,69.2,2.6,12.0,1.0,1.0,18.8,0.0,0.0,0.0,2.0,0.0,2.0,12.0,9.0,2.0,0.0,2.0,0.0,0.0,0.0,0.0,0.0,0.0,2.0,2.0,CD_I1006059,False,18.0,Keidean,Coleman,home,Brisbane Lions
CD_M20260140004,2026-03-07T08:35:00.000+0000,CONCLUDED,Premiership,Opening Round,0,Gabba,Brisbane Lions,Brisbane Lions,Western Bulldogs,Western Bulldogs,5.0,"https://s.afl.com.au/staticfile/AFL Tenant/AFL/Players/ChampIDImages/AFL/2026014/993834.png?im=Scale,width=0.6,height=0.6",RR,CD_I993834,False,5.0,Josh,Dunkley,CD_T20,,76.0,0.0,0.0,,8.0,11.0,19.0,3.0,0.0,6.0,9.0,12.0,21.0,3.0,0.0,0.0,0.0,6.0,84.2,3.0,0.0,2.0,73.0,1.0,0.0,0.0,12.5,,,5.0,3.0,2.0,0.0,,,,5.0,261.0,2.0,2.0,4.0,6.0,75.0,0.7,16.0,0.0,0.0,42.9,0.0,0.0,0.0,6.0,0.0,2.0,23.0,11.0,3.0,0.0,0.0,0.0,0.0,0.0,0.0,0.0,27.0,0.0,0.0,CD_I993834,False,5.0,Josh,Dunkley,home,Brisbane Lions
CD_M20260140004,2026-03-07T08:35:00.000+0000,CONCLUDED,Premiership,Opening Round,0,Gabba,Brisbane Lions,Brisbane Lions,Western Bulldogs,Western Bulldogs,3.0,"https://s.afl.com.au/staticfile/AFL Tenant/AFL/Players/ChampIDImages/AFL/2026014/1023708.png?im=Scale,width=0.6,height=0.6",BPL,CD_I1023708,False,3.0,Jaspa,Fletcher,CD_T20,,82.0,0.0,0.0,,13.0,8.0,21.0,7.0,2.0,1.0,5.0,17.0,22.0,1.0,0.0,0.0,0.0,3.0,71.4,2.0,0.0,1.0,77.0,0.0,1.0,0.0,7.1,,,3.0,6.0,0.0,0.0,,,,6.0,289.0,2.0,0.0,2.0,8.0,61.5,1.6,15.0,0.0,2.0,22.7,0.0,0.0,0.0,4.0,0.0,3.0,13.0,9.0,2.0,0.0,1.0,0.0,0.0,0.0,0.0,0.0,0.0,1.0,0.0,CD_I1023708,False,3.0,Jaspa,Fletcher,home,Brisbane Lions
CD_M20260140004,2026-03-07T08:35:00.000+0000,CONCLUDED,Premiership,Opening Round,0,Gabba,Brisbane Lions,Brisbane Lions,Western Bulldogs,Western Bulldogs,32.0,"https://s.afl.com.au/staticfile/AFL Tenant/AFL/Players/ChampIDImages/AFL/2026014/298211.png?im=Scale,width=0.6,height=0.6",RK,CD_I298211,False,32.0,Darcy,Fort,CD_T20,,71.0,1.0,0.0,,9.0,2.0,11.0,2.0,0.0,2.0,5.0,4.0,9.0,1.0,0.0,2.0,28.0,0.0,54.5,7.0,1.0,5.0,65.0,1.0,0.0,33.3,6.1,,,5.0,2.0,0.0,3.0,,,,3.0,168.0,0.0,3.0,3.0,4.0,44.4,4.5,6.0,0.0,2.0,55.6,8.0,43.8,28.6,0.0,0.0,2.0,7.0,4.0,0.0,64.0,1.0,0.0,0.0,0.0,0.0,0.0,21.0,0.0,0.0,CD_I298211,False,32.0,Darcy,Fort,home,Brisbane Lions
CD_M20260140004,2026-03-07T08:35:00.000+0000,CONCLUDED,Premiership,Opening Round,0,Gabba,Brisbane Lions,Brisbane Lions,Western Bulldogs,Western Bulldogs,22.0,"https://s.afl.com.au/staticfile/AFL Tenant/AFL/Players/ChampIDImages/AFL/2026014/1034411.png?im=Scale,width=0.6,height=0.6",FPR,CD_I1034411,False,22.0,Ty,Gallop,CD_T20,,80.0,0.0,1.0,,7.0,3.0,10.0,4.0,0.0,6.0,5.0,4.0,9.0,3.0,1.0,2.0,0.0,0.0,50.0,2.0,0.0,0.0,64.0,0.0,0.0,0.0,5.5,,,2.0,2.0,4.0,2.0,,,,2.0,168.0,0.0,0.0,0.0,2.0,28.6,2.3,5.0,1.0,0.0,55.6,0.0,0.0,0.0,3.0,3.0,1.0,14.0,1.0,0.0,0.0,0.0,0.0,0.0,2.0,1.0,50.0,0.0,0.0,0.0,CD_I1034411,False,22.0,Ty,Gallop,home,Brisbane Lions
CD_M20260140004,2026-03-07T08:35:00.000+0000,CONCLUDED,Premiership,Opening Round,0,Gabba,Brisbane Lions,Brisbane Lions,Western Bulldogs,Western Bulldogs,27.0,"https://s.afl.com.au/staticfile/AFL Tenant/AFL/Players/ChampIDImages/AFL/2026014/296269.png?im=Scale,width=0.6,height=0.6",FB,CD_I296269,False,27.0,Darcy,Gardiner,CD_T20,,89.0,0.0,0.0,,7.0,0.0,7.0,4.0,0.0,0.0,2.0,5.0,7.0,1.0,0.0,0.0,0.0,5.0,71.4,3.0,0.0,2.0,27.0,2.0,0.0,0.0,0.8,,,0.0,2.0,0.0,0.0,,,,2.0,89.0,0.0,0.0,0.0,5.0,71.4,7.0,5.0,0.0,1.0,28.6,0.0,0.0,0.0,2.0,0.0,1.0,6.0,6.0,4.0,0.0,5.0,1.0,20.0,0.0,0.0,0.0,0.0,0.0,0.0,CD_I296269,False,27.0,Darcy,Gardiner,home,Brisbane Lions
CD_M20260140004,2026-03-07T08:35:00.000+0000,CONCLUDED,Premiership,Opening Round,0,Gabba,Brisbane Lions,Brisbane Lions,Western Bulldogs,Western Bulldogs,35.0,"https://s.afl.com.au/staticfile/AFL Tenant/AFL/Players/ChampIDImages/AFL/2026014/291548.png?im=Scale,width=0.6,height=0.6",BPR,CD_I291548,False,35.0,Ryan,Lester,CD_T20,,89.0,0.0,0.0,,16.0,8.0,24.0,9.0,0.0,1.0,5.0,18.0,23.0,1.0,0.0,1.0,0.0,4.0,83.3,3.0,0.0,0.0,95.0,5.0,0.0,0.0,18.0,,,5.0,11.0,0.0,0.0,,,,4.0,405.0,0.0,0.0,0.0,13.0,81.3,2.0,20.0,0.0,5.0,21.7,0.0,0.0,0.0,4.0,0.0,0.0,13.0,10.0,4.0,0.0,2.0,0.0,0.0,0.0,0.0,0.0,0.0,1.0,1.0,CD_I291548,False,35.0,Ryan,Lester,home,Brisbane Lions
CD_M20260140004,2026-03-07T08:35:00.000+0000,CONCLUDED,Premiership,Opening Round,0,Gabba,Brisbane Lions,Brisbane Lions,Western Bulldogs,Western Bulldogs,1.0,"https://s.afl.com.au/staticfile/AFL Tenant/AFL/Players/ChampIDImages/AFL/2026014/1014026.png?im=Scale,width=0.6,height=0.6",INT,CD_I1014026,False,1.0,Kai,Lohmann,CD_T20,,78.0,2.0,1.0,,10.0,5.0,15.0,6.0,0.0,3.0,7.0,7.0,14.0,4.0,1.0,1.0,0.0,0.0,66.7,1.0,1.0,0.0,84.0,0.0,0.0,50.0,13.3,,,1.0,0.0,2.0,4.0,,,,7.0,333.0,1.0,3.0,4.0,5.0,50.0,2.0,10.0,2.0,0.0,50.0,0.0,0.0,0.0,4.0,2.0,2.0,22.0,4.0,0.0,0.0,0.0,0.0,0.0,0.0,0.0,0.0,0.0,0.0,0.0,CD_I1014026,False,1.0,Kai,Lohmann,home,Brisbane Lions
CD_M20260140004,2026-03-07T08:35:00.000+0000,CONCLUDED,Premiership,Opening Round,0,Gabba,Brisbane Lions,Brisbane Lions,Western Bulldogs,Western Bulldogs,6.0,"https://s.afl.com.au/staticfile/AFL Tenant/AFL/Players/ChampIDImages/AFL/2026014/1000978.png?im=Scale,width=0.6,height=0.6",C,CD_I1000978,False,6.0,Hugh,McCluggage,CD_T20,,17.0,0.0,0.0,,2.0,2.0,4.0,2.0,0.0,1.0,0.0,4.0,4.0,0.0,0.0,0.0,0.0,0.0,100.0,0.0,0.0,0.0,20.0,1.0,0.0,0.0,2.1,,,0.0,0.0,0.0,0.0,,,,0.0,39.0,0.0,0.0,0.0,2.0,100.0,1.0,4.0,0.0,0.0,0.0,0.0,0.0,0.0,0.0,0.0,0.0,6.0,2.0,0.0,0.0,0.0,0.0,0.0,0.0,0.0,0.0,3.0,0.0,0.0,CD_I1000978,False,6.0,Hugh,McCluggage,home,Brisbane Lions
CD_M20260140004,2026-03-07T08:35:00.000+0000,CONCLUDED,Premiership,Opening Round,0,Gabba,Brisbane Lions,Brisbane Lions,Western Bulldogs,Western Bulldogs,13.0,"https://s.afl.com.au/staticfile/AFL Tenant/AFL/Players/ChampIDImages/AFL/2026014/1028019.png?im=Scale,width=0.6,height=0.6",FF,CD_I1028019,False,13.0,Logan,Morris,CD_T20,,83.0,3.0,2.0,,13.0,1.0,14.0,4.0,0.0,1.0,3.0,8.0,11.0,4.0,2.0,0.0,0.0,0.0,64.3,0.0,1.0,0.0,78.0,0.0,1.0,60.0,14.8,,,2.0,1.0,1.0,5.0,,,,7.0,317.0,0.0,0.0,0.0,8.0,61.5,13.0,9.0,2.0,0.0,27.3,0.0,0.0,0.0,2.0,1.0,1.0,7.0,0.0,0.0,0.0,0.0,0.0,0.0,0.0,0.0,0.0,0.0,0.0,0.0,CD_I1028019,False,13.0,Logan,Morris,home,Brisbane Lions
CD_M20260140004,2026-03-07T08:35:00.000+0000,CONCLUDED,Premiership,Opening Round,0,Gabba,Brisbane Lions,Brisbane Lions,Western Bulldogs,Western Bulldogs,9.0,"https://s.afl.com.au/staticfile/AFL Tenant/AFL/Players/ChampIDImages/AFL/2026014/293535.png?im=Scale,width=0.6,height=0.6",R,CD_I293535,False,9.0,Lachie,Neale,CD_T20,,89.0,0.0,0.0,,15.0,24.0,39.0,8.0,1.0,0.0,15.0,24.0,39.0,7.0,0.0,0.0,0.0,0.0,79.5,1.0,0.0,0.0,117.0,2.0,0.0,0.0,13.3,,,3.0,1.0,0.0,0.0,,,,4.0,313.0,5.0,3.0,8.0,11.0,73.3,0.6,31.0,0.0,0.0,38.5,0.0,0.0,0.0,9.0,1.0,0.0,11.0,6.0,0.0,0.0,0.0,0.0,0.0,0.0,0.0,0.0,31.0,0.0,0.0,CD_I293535,False,9.0,Lachie,Neale,home,Brisbane Lions
CD_M20260140004,2026-03-07T08:35:00.000+0000,CONCLUDED,Premiership,Opening Round,0,Gabba,Brisbane Lions,Brisbane Lions,Western Bulldogs,Western Bulldogs,16.0,"https://s.afl.com.au/staticfile/AFL Tenant/AFL/Players/ChampIDImages/AFL/2026014/1002235.png?im=Scale,width=0.6,height=0.6",FPL,CD_I1002235,False,16.0,Cam,Rayner,CD_T20,,86.0,1.0,2.0,,5.0,11.0,16.0,1.0,0.0,1.0,8.0,8.0,16.0,1.0,0.0,0.0,0.0,1.0,62.5,4.0,0.0,1.0,49.0,0.0,0.0,25.0,7.7,,,2.0,2.0,0.0,4.0,,,,7.0,149.0,0.0,3.0,3.0,2.0,40.0,0.5,10.0,0.0,0.0,50.0,0.0,0.0,0.0,7.0,3.0,2.0,11.0,4.0,0.0,0.0,0.0,0.0,0.0,1.0,1.0,100.0,7.0,0.0,0.0,CD_I1002235,False,16.0,Cam,Rayner,home,Brisbane Lions
CD_M20260140004,2026-03-07T08:35:00.000+0000,CONCLUDED,Premiership,Opening Round,0,Gabba,Brisbane Lions,Brisbane Lions,Western Bulldogs,Western Bulldogs,38.0,"https://s.afl.com.au/staticfile/AFL Tenant/AFL/Players/ChampIDImages/AFL/2026014/1009317.png?im=Scale,width=0.6,height=0.6",INT,CD_I1009317,False,38.0,Bruce,Reville,CD_T20,,73.0,0.0,0.0,,12.0,6.0,18.0,3.0,0.0,2.0,6.0,13.0,19.0,6.0,0.0,0.0,0.0,0.0,77.8,1.0,1.0,0.0,66.0,1.0,0.0,0.0,11.4,,,2.0,1.0,1.0,0.0,,,,5.0,498.0,0.0,2.0,2.0,9.0,75.0,2.0,14.0,2.0,0.0,31.6,0.0,0.0,0.0,5.0,0.0,2.0,9.0,1.0,0.0,0.0,0.0,0.0,0.0,0.0,0.0,0.0,0.0,0.0,0.0,CD_I1009317,False,38.0,Bruce,Reville,home,Brisbane Lions
CD_M20260140004,2026-03-07T08:35:00.000+0000,CONCLUDED,Premiership,Opening Round,0,Gabba,Brisbane Lions,Brisbane Lions,Western Bulldogs,Western Bulldogs,44.0,"https://s.afl.com.au/staticfile/AFL Tenant/AFL/Players/ChampIDImages/AFL/2026014/1017067.png?im=Scale,width=0.6,height=0.6",HBFL,CD_I1017067,False,44.0,Darcy,Wilmot,CD_T20,,87.0,0.0,0.0,,18.0,5.0,23.0,6.0,0.0,0.0,5.0,14.0,19.0,3.0,0.0,0.0,0.0,1.0,73.9,1.0,0.0,0.0,82.0,2.0,0.0,0.0,6.4,,,6.0,3.0,0.0,0.0,,,,5.0,392.0,1.0,0.0,1.0,12.0,66.7,3.6,17.0,0.0,0.0,26.3,0.0,0.0,0.0,5.0,0.0,1.0,10.0,9.0,1.0,0.0,1.0,0.0,0.0,0.0,0.0,0.0,0.0,4.0,4.0,CD_I1017067,False,44.0,Darcy,Wilmot,home,Brisbane Lions
CD_M20260140004,2026-03-07T08:35:00.000+0000,CONCLUDED,Premiership,Opening Round,0,Gabba,Brisbane Lions,Brisbane Lions,Western Bulldogs,Western Bulldogs,21.0,"https://s.afl.com.au/staticfile/AFL Tenant/AFL/Players/ChampIDImages/AFL/2026014/1032650.png?im=Scale,width=0.6,height=0.6",INT,CD_I1032650,False,21.0,Zane,Zakostelsky,CD_T20,,44.0,1.0,0.0,,3.0,3.0,6.0,3.0,0.0,3.0,4.0,4.0,8.0,0.0,1.0,0.0,14.0,2.0,66.7,1.0,1.0,1.0,54.0,0.0,0.0,100.0,4.8,,,0.0,0.0,2.0,1.0,,,,4.0,1.0,1.0,0.0,1.0,3.0,100.0,1.0,4.0,0.0,0.0,50.0,4.0,35.0,28.6,1.0,0.0,3.0,13.0,3.0,1.0,40.0,0.0,0.0,0.0,0.0,0.0,0.0,14.0,0.0,0.0,CD_I1032650,False,21.0,Zane,Zakostelsky,home,Brisbane Lions
CD_M20260140004,2026-03-07T08:35:00.000+0000,CONCLUDED,Premiership,Opening Round,0,Gabba,Brisbane Lions,Brisbane Lions,Western Bulldogs,Western Bulldogs,15.0,"https://s.afl.com.au/staticfile/AFL Tenant/AFL/Players/ChampIDImages/AFL/2026014/261224.png?im=Scale,width=0.6,height=0.6",HBFR,CD_I261224,False,15.0,Dayne,Zorko,CD_T20,,82.0,1.0,0.0,,24.0,7.0,31.0,11.0,0.0,4.0,5.0,23.0,28.0,4.0,0.0,0.0,0.0,1.0,83.9,1.0,1.0,0.0,142.0,4.0,0.0,100.0,20.0,,,3.0,4.0,0.0,1.0,,,,8.0,597.0,0.0,0.0,0.0,21.0,87.5,3.4,26.0,0.0,0.0,17.9,0.0,0.0,0.0,5.0,0.0,1.0,16.0,10.0,1.0,0.0,0.0,0.0,0.0,0.0,0.0,0.0,0.0,5.0,4.0,CD_I261224,False,15.0,Dayne,Zorko,home,Brisbane Lions
CD_M20260140004,2026-03-07T08:35:00.000+0000,CONCLUDED,Premiership,Opening Round,0,Gabba,Brisbane Lions,Brisbane Lions,Western Bulldogs,Western Bulldogs,13.0,"https://s.afl.com.au/staticfile/AFL Tenant/AFL/Players/ChampIDImages/AFL/2026014/1008855.png?im=Scale,width=0.6,height=0.6",INT,CD_I1008855,False,13.0,Oskar,Baker,CD_T140,,67.0,0.0,0.0,,6.0,5.0,11.0,4.0,0.0,2.0,3.0,8.0,11.0,3.0,0.0,0.0,0.0,2.0,72.7,1.0,0.0,0.0,48.0,1.0,1.0,0.0,7.7,,,3.0,0.0,2.0,0.0,,,,4.0,159.0,0.0,2.0,2.0,4.0,66.7,1.2,8.0,1.0,0.0,27.3,0.0,0.0,0.0,2.0,1.0,0.0,8.0,2.0,1.0,0.0,0.0,0.0,0.0,1.0,0.0,0.0,0.0,0.0,0.0,CD_I1008855,False,13.0,Oskar,Baker,away,Western Bulldogs
CD_M20260140004,2026-03-07T08:35:00.000+0000,CONCLUDED,Premiership,Opening Round,0,Gabba,Brisbane Lions,Brisbane Lions,Western Bulldogs,Western Bulldogs,4.0,"https://s.afl.com.au/staticfile/AFL Tenant/AFL/Players/ChampIDImages/AFL/2026014/297373.png?im=Scale,width=0.6,height=0.6",C,CD_I297373,False,4.0,Marcus,Bontempelli,CD_T140,,84.0,3.0,0.0,,10.0,9.0,19.0,4.0,0.0,5.0,9.0,11.0,20.0,4.0,2.0,0.0,0.0,2.0,89.5,3.0,0.0,2.0,92.0,2.0,1.0,100.0,26.5,,,4.0,2.0,0.0,3.0,,,,8.0,422.0,3.0,1.0,4.0,9.0,90.0,1.1,17.0,1.0,0.0,45.0,0.0,0.0,0.0,6.0,1.0,1.0,21.0,13.0,1.0,0.0,0.0,0.0,0.0,1.0,0.0,0.0,16.0,0.0,0.0,CD_I297373,False,4.0,Marcus,Bontempelli,away,Western Bulldogs
CD_M20260140004,2026-03-07T08:35:00.000+0000,CONCLUDED,Premiership,Opening Round,0,Gabba,Brisbane Lions,Brisbane Lions,Western Bulldogs,Western Bulldogs,29.0,"https://s.afl.com.au/staticfile/AFL Tenant/AFL/Players/ChampIDImages/AFL/2026014/1000864.png?im=Scale,width=0.6,height=0.6",HBFR,CD_I1000864,False,29.0,Lachlan,Bramble,CD_T140,,83.0,1.0,0.0,,9.0,7.0,16.0,3.0,1.0,0.0,4.0,13.0,17.0,5.0,0.0,0.0,0.0,2.0,81.3,1.0,0.0,1.0,53.0,1.0,0.0,100.0,15.3,,,2.0,1.0,0.0,1.0,,,,8.0,419.0,1.0,1.0,2.0,8.0,88.9,1.3,13.0,0.0,1.0,23.5,0.0,0.0,0.0,3.0,0.0,0.0,17.0,8.0,0.0,0.0,0.0,0.0,0.0,0.0,0.0,0.0,0.0,0.0,0.0,CD_I1000864,False,29.0,Lachlan,Bramble,away,Western Bulldogs
CD_M20260140004,2026-03-07T08:35:00.000+0000,CONCLUDED,Premiership,Opening Round,0,Gabba,Brisbane Lions,Brisbane Lions,Western Bulldogs,Western Bulldogs,19.0,"https://s.afl.com.au/staticfile/AFL Tenant/AFL/Players/ChampIDImages/AFL/2026014/1008454.png?im=Scale,width=0.6,height=0.6",HBFL,CD_I1008454,False,19.0,Connor,Budarick,CD_T140,,82.0,1.0,0.0,,19.0,8.0,27.0,3.0,1.0,2.0,6.0,15.0,21.0,1.0,0.0,0.0,0.0,2.0,77.8,4.0,1.0,1.0,94.0,6.0,0.0,100.0,12.5,,,7.0,2.0,0.0,1.0,,,,9.0,515.0,0.0,1.0,1.0,15.0,78.9,2.4,21.0,0.0,0.0,28.6,0.0,0.0,0.0,5.0,0.0,2.0,11.0,8.0,2.0,0.0,0.0,0.0,0.0,0.0,0.0,0.0,0.0,8.0,7.0,CD_I1008454,False,19.0,Connor,Budarick,away,Western Bulldogs
CD_M20260140004,2026-03-07T08:35:00.000+0000,CONCLUDED,Premiership,Opening Round,0,Gabba,Brisbane Lions,Brisbane Lions,Western Bulldogs,Western Bulldogs,16.0,"https://s.afl.com.au/staticfile/AFL Tenant/AFL/Players/ChampIDImages/AFL/2026014/1013996.png?im=Scale,width=0.6,height=0.6",FPL,CD_I1013996,False,16.0,Jordan,Croft,CD_T140,,43.0,0.0,2.0,,4.0,0.0,4.0,1.0,0.0,0.0,3.0,1.0,4.0,1.0,0.0,0.0,2.0,1.0,50.0,0.0,1.0,0.0,20.0,0.0,0.0,0.0,-0.6,,,1.0,3.0,0.0,2.0,,,,2.0,67.0,0.0,1.0,1.0,2.0,50.0,4.0,2.0,0.0,1.0,75.0,0.0,20.0,0.0,2.0,2.0,2.0,2.0,2.0,1.0,10.0,0.0,0.0,0.0,2.0,0.0,0.0,2.0,0.0,0.0,CD_I1013996,False,16.0,Jordan,Croft,away,Western Bulldogs
CD_M20260140004,2026-03-07T08:35:00.000+0000,CONCLUDED,Premiership,Opening Round,0,Gabba,Brisbane Lions,Brisbane Lions,Western Bulldogs,Western Bulldogs,31.0,"https://s.afl.com.au/staticfile/AFL Tenant/AFL/Players/ChampIDImages/AFL/2026014/996708.png?im=Scale,width=0.6,height=0.6",WL,CD_I996708,False,31.0,Bailey,Dale,CD_T140,,78.0,0.0,0.0,,11.0,8.0,19.0,5.0,0.0,2.0,5.0,11.0,16.0,0.0,0.0,1.0,0.0,2.0,68.4,3.0,0.0,1.0,69.0,3.0,0.0,0.0,4.1,,,3.0,6.0,0.0,0.0,,,,4.0,248.0,0.0,1.0,1.0,8.0,72.7,1.4,13.0,0.0,2.0,31.3,0.0,0.0,0.0,4.0,0.0,2.0,9.0,9.0,2.0,0.0,0.0,0.0,0.0,0.0,0.0,0.0,0.0,4.0,3.0,CD_I996708,False,31.0,Bailey,Dale,away,Western Bulldogs
CD_M20260140004,2026-03-07T08:35:00.000+0000,CONCLUDED,Premiership,Opening Round,0,Gabba,Brisbane Lions,Brisbane Lions,Western Bulldogs,Western Bulldogs,10.0,"https://s.afl.com.au/staticfile/AFL Tenant/AFL/Players/ChampIDImages/AFL/2026014/1017126.png?im=Scale,width=0.6,height=0.6",CHF,CD_I1017126,False,10.0,Sam,Darcy,CD_T140,,81.0,2.0,2.0,,7.0,3.0,10.0,4.0,0.0,2.0,5.0,5.0,10.0,2.0,2.0,1.0,7.0,2.0,60.0,5.0,1.0,2.0,63.0,0.0,1.0,50.0,9.8,,,2.0,0.0,2.0,4.0,,,,6.0,181.0,0.0,1.0,1.0,4.0,57.1,2.3,6.0,3.0,0.0,50.0,1.0,43.8,14.3,2.0,1.0,1.0,8.0,4.0,1.0,16.0,0.0,0.0,0.0,3.0,0.0,0.0,4.0,0.0,0.0,CD_I1017126,False,10.0,Sam,Darcy,away,Western Bulldogs
CD_M20260140004,2026-03-07T08:35:00.000+0000,CONCLUDED,Premiership,Opening Round,0,Gabba,Brisbane Lions,Brisbane Lions,Western Bulldogs,Western Bulldogs,42.0,"https://s.afl.com.au/staticfile/AFL Tenant/AFL/Players/ChampIDImages/AFL/2026014/1036123.png?im=Scale,width=0.6,height=0.6",INT,CD_I1036123,False,42.0,Sam,Davidson,CD_T140,,56.0,1.0,0.0,,3.0,6.0,9.0,2.0,0.0,2.0,4.0,7.0,11.0,0.0,0.0,0.0,0.0,2.0,88.9,1.0,0.0,1.0,38.0,1.0,0.0,100.0,8.9,,,1.0,2.0,1.0,1.0,,,,7.0,98.0,0.0,1.0,1.0,3.0,100.0,0.5,8.0,1.0,0.0,36.4,0.0,0.0,0.0,2.0,1.0,4.0,14.0,1.0,0.0,0.0,0.0,0.0,0.0,0.0,0.0,0.0,0.0,0.0,0.0,CD_I1036123,False,42.0,Sam,Davidson,away,Western Bulldogs
CD_M20260140004,2026-03-07T08:35:00.000+0000,CONCLUDED,Premiership,Opening Round,0,Gabba,Brisbane Lions,Brisbane Lions,Western Bulldogs,Western Bulldogs,44.0,"https://s.afl.com.au/staticfile/AFL Tenant/AFL/Players/ChampIDImages/AFL/2026014/1004592.png?im=Scale,width=0.6,height=0.6",RK,CD_I1004592,False,44.0,Tim,English,CD_T140,,85.0,2.0,0.0,,6.0,10.0,16.0,5.0,0.0,1.0,8.0,10.0,18.0,3.0,1.0,2.0,37.0,3.0,87.5,1.0,5.0,1.0,108.0,0.0,0.0,100.0,20.6,,,0.0,4.0,0.0,2.0,,,,9.0,222.0,0.0,0.0,0.0,5.0,83.3,0.6,14.0,1.0,1.0,44.4,10.0,47.4,27.0,1.0,0.0,8.0,7.0,4.0,3.0,78.0,0.0,0.0,0.0,0.0,0.0,0.0,29.0,0.0,0.0,CD_I1004592,False,44.0,Tim,English,away,Western Bulldogs
CD_M20260140004,2026-03-07T08:35:00.000+0000,CONCLUDED,Premiership,Opening Round,0,Gabba,Brisbane Lions,Brisbane Lions,Western Bulldogs,Western Bulldogs,27.0,"https://s.afl.com.au/staticfile/AFL Tenant/AFL/Players/ChampIDImages/AFL/2026014/1027704.png?im=Scale,width=0.6,height=0.6",INT,CD_I1027704,False,27.0,Joel,Freijah,CD_T140,,90.0,0.0,0.0,,9.0,11.0,20.0,2.0,0.0,1.0,7.0,9.0,16.0,2.0,0.0,0.0,0.0,2.0,70.0,4.0,0.0,2.0,53.0,1.0,1.0,0.0,8.3,,,4.0,2.0,1.0,0.0,,,,8.0,119.0,2.0,2.0,4.0,4.0,44.4,0.8,14.0,0.0,0.0,43.8,0.0,0.0,0.0,6.0,1.0,4.0,14.0,4.0,1.0,0.0,0.0,0.0,0.0,0.0,0.0,0.0,10.0,0.0,0.0,CD_I1027704,False,27.0,Joel,Freijah,away,Western Bulldogs
CD_M20260140004,2026-03-07T08:35:00.000+0000,CONCLUDED,Premiership,Opening Round,0,Gabba,Brisbane Lions,Brisbane Lions,Western Bulldogs,Western Bulldogs,6.0,"https://s.afl.com.au/staticfile/AFL Tenant/AFL/Players/ChampIDImages/AFL/2026014/1029456.png?im=Scale,width=0.6,height=0.6",HFFL,CD_I1029456,False,6.0,Cooper,Hynes,CD_T140,,78.0,0.0,0.0,,2.0,10.0,12.0,0.0,0.0,3.0,3.0,9.0,12.0,1.0,0.0,0.0,0.0,0.0,66.7,0.0,0.0,0.0,38.0,0.0,0.0,0.0,2.6,,,1.0,1.0,0.0,0.0,,,,7.0,41.0,1.0,1.0,2.0,0.0,0.0,0.2,8.0,0.0,0.0,25.0,0.0,0.0,0.0,3.0,0.0,0.0,14.0,10.0,0.0,0.0,0.0,0.0,0.0,1.0,0.0,0.0,6.0,0.0,0.0,CD_I1029456,False,6.0,Cooper,Hynes,away,Western Bulldogs
CD_M20260140004,2026-03-07T08:35:00.000+0000,CONCLUDED,Premiership,Opening Round,0,Gabba,Brisbane Lions,Brisbane Lions,Western Bulldogs,Western Bulldogs,11.0,"https://s.afl.com.au/staticfile/AFL Tenant/AFL/Players/ChampIDImages/AFL/2026014/1028493.png?im=Scale,width=0.6,height=0.6",BPL,CD_I1028493,False,11.0,Lachie,Jaques,CD_T140,,76.0,0.0,0.0,,14.0,2.0,16.0,4.0,0.0,4.0,4.0,10.0,14.0,2.0,0.0,0.0,0.0,3.0,87.5,1.0,2.0,0.0,76.0,4.0,0.0,0.0,9.3,,,5.0,7.0,1.0,0.0,,,,4.0,377.0,0.0,0.0,0.0,12.0,85.7,7.0,14.0,1.0,1.0,28.6,0.0,0.0,0.0,2.0,0.0,2.0,6.0,5.0,2.0,0.0,1.0,0.0,0.0,0.0,0.0,0.0,0.0,2.0,1.0,CD_I1028493,False,11.0,Lachie,Jaques,away,Western Bulldogs
CD_M20260140004,2026-03-07T08:35:00.000+0000,CONCLUDED,Premiership,Opening Round,0,Gabba,Brisbane Lions,Brisbane Lions,Western Bulldogs,Western Bulldogs,32.0,"https://s.afl.com.au/staticfile/AFL Tenant/AFL/Players/ChampIDImages/AFL/2026014/1020586.png?im=Scale,width=0.6,height=0.6",HFFR,CD_I1020586,False,32.0,Arthur,Jones,CD_T140,,51.0,0.0,0.0,,2.0,5.0,7.0,1.0,0.0,3.0,1.0,6.0,7.0,1.0,0.0,0.0,0.0,0.0,85.7,1.0,0.0,0.0,31.0,0.0,1.0,0.0,1.8,,,1.0,0.0,0.0,0.0,,,,2.0,72.0,0.0,0.0,0.0,1.0,50.0,0.4,6.0,0.0,0.0,14.3,0.0,0.0,0.0,1.0,1.0,0.0,17.0,5.0,0.0,0.0,0.0,0.0,0.0,1.0,0.0,0.0,0.0,0.0,0.0,CD_I1020586,False,32.0,Arthur,Jones,away,Western Bulldogs
CD_M20260140004,2026-03-07T08:35:00.000+0000,CONCLUDED,Premiership,Opening Round,0,Gabba,Brisbane Lions,Brisbane Lions,Western Bulldogs,Western Bulldogs,8.0,"https://s.afl.com.au/staticfile/AFL Tenant/AFL/Players/ChampIDImages/AFL/2026014/1001398.png?im=Scale,width=0.6,height=0.6",RR,CD_I1001398,False,8.0,Matthew,Kennedy,CD_T140,,84.0,0.0,2.0,,19.0,11.0,30.0,4.0,0.0,6.0,11.0,17.0,28.0,3.0,1.0,0.0,0.0,0.0,53.3,5.0,1.0,1.0,115.0,5.0,1.0,0.0,8.0,,,8.0,3.0,0.0,2.0,,,,8.0,520.0,0.0,5.0,5.0,6.0,31.6,1.7,16.0,0.0,1.0,39.3,0.0,0.0,0.0,8.0,0.0,0.0,20.0,12.0,0.0,0.0,0.0,0.0,0.0,0.0,0.0,0.0,23.0,0.0,0.0,CD_I1001398,False,8.0,Matthew,Kennedy,away,Western Bulldogs
CD_M20260140004,2026-03-07T08:35:00.000+0000,CONCLUDED,Premiership,Opening Round,0,Gabba,Brisbane Lions,Brisbane Lions,Western Bulldogs,Western Bulldogs,24.0,"https://s.afl.com.au/staticfile/AFL Tenant/AFL/Players/ChampIDImages/AFL/2026014/998782.png?im=Scale,width=0.6,height=0.6",FB,CD_I998782,False,24.0,Buku,Khamis,CD_T140,,93.0,0.0,0.0,,5.0,0.0,5.0,3.0,0.0,2.0,2.0,3.0,5.0,0.0,0.0,0.0,0.0,5.0,60.0,1.0,0.0,0.0,32.0,0.0,0.0,0.0,4.4,,,0.0,5.0,0.0,0.0,,,,2.0,13.0,0.0,0.0,0.0,3.0,60.0,5.0,3.0,0.0,2.0,40.0,0.0,0.0,0.0,1.0,0.0,1.0,4.0,4.0,3.0,0.0,2.0,2.0,100.0,0.0,0.0,0.0,0.0,0.0,0.0,CD_I998782,False,24.0,Buku,Khamis,away,Western Bulldogs
CD_M20260140004,2026-03-07T08:35:00.000+0000,CONCLUDED,Premiership,Opening Round,0,Gabba,Brisbane Lions,Brisbane Lions,Western Bulldogs,Western Bulldogs,21.0,"https://s.afl.com.au/staticfile/AFL Tenant/AFL/Players/ChampIDImages/AFL/2026014/290799.png?im=Scale,width=0.6,height=0.6",FPR,CD_I290799,False,21.0,Tom,Liberatore,CD_T140,,82.0,0.0,0.0,,15.0,13.0,28.0,4.0,0.0,2.0,10.0,16.0,26.0,5.0,0.0,0.0,0.0,3.0,60.7,3.0,0.0,1.0,88.0,4.0,1.0,0.0,11.6,,,4.0,3.0,0.0,0.0,,,,6.0,367.0,2.0,2.0,4.0,7.0,46.7,1.2,17.0,1.0,0.0,38.5,0.0,0.0,0.0,6.0,0.0,0.0,24.0,10.0,1.0,0.0,0.0,0.0,0.0,0.0,0.0,0.0,23.0,0.0,0.0,CD_I290799,False,21.0,Tom,Liberatore,away,Western Bulldogs
CD_M20260140004,2026-03-07T08:35:00.000+0000,CONCLUDED,Premiership,Opening Round,0,Gabba,Brisbane Lions,Brisbane Lions,Western Bulldogs,Western Bulldogs,7.0,"https://s.afl.com.au/staticfile/AFL Tenant/AFL/Players/ChampIDImages/AFL/2026014/990740.png?im=Scale,width=0.6,height=0.6",BPR,CD_I990740,False,7.0,Rory,Lobb,CD_T140,,100.0,0.0,0.0,,10.0,3.0,13.0,4.0,0.0,0.0,2.0,6.0,8.0,0.0,0.0,1.0,0.0,9.0,100.0,1.0,0.0,0.0,48.0,7.0,0.0,0.0,13.0,,,1.0,6.0,0.0,0.0,,,,1.0,337.0,0.0,0.0,0.0,10.0,100.0,3.3,13.0,0.0,3.0,25.0,0.0,0.0,0.0,1.0,0.0,1.0,10.0,7.0,9.0,0.0,2.0,1.0,50.0,0.0,0.0,0.0,0.0,2.0,2.0,CD_I990740,False,7.0,Rory,Lobb,away,Western Bulldogs
CD_M20260140004,2026-03-07T08:35:00.000+0000,CONCLUDED,Premiership,Opening Round,0,Gabba,Brisbane Lions,Brisbane Lions,Western Bulldogs,Western Bulldogs,33.0,"https://s.afl.com.au/staticfile/AFL Tenant/AFL/Players/ChampIDImages/AFL/2026014/1002404.png?im=Scale,width=0.6,height=0.6",FF,CD_I1002404,False,33.0,Aaron,Naughton,CD_T140,,81.0,2.0,0.0,,6.0,4.0,10.0,3.0,0.0,3.0,5.0,6.0,11.0,2.0,1.0,0.0,0.0,1.0,60.0,0.0,3.0,0.0,62.0,0.0,2.0,66.7,8.6,,,2.0,0.0,1.0,3.0,,,,6.0,186.0,1.0,0.0,1.0,3.0,50.0,1.5,6.0,2.0,0.0,45.5,0.0,0.0,0.0,3.0,3.0,0.0,11.0,3.0,0.0,0.0,0.0,0.0,0.0,5.0,1.0,20.0,0.0,0.0,0.0,CD_I1002404,False,33.0,Aaron,Naughton,away,Western Bulldogs
CD_M20260140004,2026-03-07T08:35:00.000+0000,CONCLUDED,Premiership,Opening Round,0,Gabba,Brisbane Lions,Brisbane Lions,Western Bulldogs,Western Bulldogs,18.0,"https://s.afl.com.au/staticfile/AFL Tenant/AFL/Players/ChampIDImages/AFL/2026014/1032966.png?im=Scale,width=0.6,height=0.6",CHB,CD_I1032966,False,18.0,James,O'Donnell,CD_T140,,89.0,0.0,0.0,,5.0,3.0,8.0,3.0,0.0,3.0,5.0,4.0,9.0,0.0,0.0,0.0,0.0,5.0,62.5,2.0,1.0,1.0,40.0,1.0,0.0,0.0,5.7,,,3.0,7.0,0.0,0.0,,,,1.0,61.0,0.0,0.0,0.0,4.0,80.0,1.7,5.0,0.0,2.0,55.6,0.0,0.0,0.0,4.0,0.0,0.0,6.0,5.0,5.0,0.0,1.0,0.0,0.0,0.0,0.0,0.0,0.0,0.0,0.0,CD_I1032966,False,18.0,James,O'Donnell,away,Western Bulldogs
CD_M20260140004,2026-03-07T08:35:00.000+0000,CONCLUDED,Premiership,Opening Round,0,Gabba,Brisbane Lions,Brisbane Lions,Western Bulldogs,Western Bulldogs,20.0,"https://s.afl.com.au/staticfile/AFL Tenant/AFL/Players/ChampIDImages/AFL/2026014/1008280.png?im=Scale,width=0.6,height=0.6",R,CD_I1008280,False,20.0,Ed,Richards,CD_T140,,81.0,2.0,0.0,,24.0,6.0,30.0,8.0,2.0,4.0,6.0,21.0,27.0,10.0,1.0,0.0,0.0,2.0,73.3,2.0,0.0,1.0,133.0,4.0,2.0,100.0,29.0,,,2.0,2.0,0.0,2.0,,,,16.0,726.0,5.0,2.0,7.0,16.0,66.7,4.0,22.0,0.0,0.0,22.2,0.0,0.0,0.0,3.0,0.0,3.0,27.0,15.0,0.0,0.0,0.0,0.0,0.0,0.0,0.0,0.0,25.0,0.0,0.0,CD_I1008280,False,20.0,Ed,Richards,away,Western Bulldogs
CD_M20260140004,2026-03-07T08:35:00.000+0000,CONCLUDED,Premiership,Opening Round,0,Gabba,Brisbane Lions,Brisbane Lions,Western Bulldogs,Western Bulldogs,37.0,"https://s.afl.com.au/staticfile/AFL Tenant/AFL/Players/ChampIDImages/AFL/2026014/1020621.png?im=Scale,width=0.6,height=0.6",INT,CD_I1020621,False,37.0,Michael,Sellwood,CD_T140,,83.0,0.0,0.0,,5.0,5.0,10.0,2.0,0.0,7.0,4.0,7.0,11.0,0.0,0.0,0.0,0.0,4.0,90.0,0.0,2.0,0.0,61.0,3.0,0.0,0.0,5.8,,,3.0,4.0,0.0,0.0,,,,1.0,136.0,0.0,0.0,0.0,5.0,100.0,1.0,9.0,0.0,0.0,36.4,0.0,0.0,0.0,1.0,0.0,0.0,19.0,17.0,3.0,0.0,0.0,0.0,0.0,0.0,0.0,0.0,0.0,0.0,0.0,CD_I1020621,False,37.0,Michael,Sellwood,away,Western Bulldogs
CD_M20260140004,2026-03-07T08:35:00.000+0000,CONCLUDED,Premiership,Opening Round,0,Gabba,Brisbane Lions,Brisbane Lions,Western Bulldogs,Western Bulldogs,14.0,"https://s.afl.com.au/staticfile/AFL Tenant/AFL/Players/ChampIDImages/AFL/2026014/1006127.png?im=Scale,width=0.6,height=0.6",INT,CD_I1006127,False,14.0,Rhylee,West,CD_T140,,69.0,1.0,1.0,,7.0,9.0,16.0,2.0,1.0,3.0,4.0,13.0,17.0,2.0,0.0,0.0,0.0,1.0,81.3,1.0,0.0,0.0,64.0,0.0,2.0,50.0,14.0,,,2.0,2.0,1.0,2.0,,,,7.0,222.0,0.0,0.0,0.0,5.0,71.4,0.8,13.0,1.0,0.0,23.5,0.0,0.0,0.0,3.0,2.0,0.0,10.0,3.0,0.0,0.0,0.0,0.0,0.0,1.0,0.0,0.0,2.0,0.0,0.0,CD_I1006127,False,14.0,Rhylee,West,away,Western Bulldogs
CD_M20260140004,2026-03-07T08:35:00.000+0000,CONCLUDED,Premiership,Opening Round,0,Gabba,Brisbane Lions,Brisbane Lions,Western Bulldogs,Western Bulldogs,34.0,"https://s.afl.com.au/staticfile/AFL Tenant/AFL/Players/ChampIDImages/AFL/2026014/992351.png?im=Scale,width=0.6,height=0.6",WR,CD_I992351,False,34.0,Bailey,Williams,CD_T140,,85.0,1.0,4.0,,13.0,12.0,25.0,7.0,1.0,3.0,5.0,19.0,24.0,3.0,2.0,0.0,0.0,0.0,68.0,2.0,0.0,1.0,103.0,4.0,0.0,20.0,4.8,,,4.0,1.0,1.0,5.0,,,,11.0,459.0,1.0,2.0,3.0,6.0,46.2,1.1,17.0,0.0,1.0,20.8,0.0,0.0,0.0,5.0,1.0,0.0,9.0,5.0,0.0,0.0,0.0,0.0,0.0,0.0,0.0,0.0,0.0,0.0,0.0,CD_I992351,False,34.0,Bailey,Williams,away,Western Bulldogs
CD_M20260140005,2026-03-08T08:20:00.000+0000,CONCLUDED,Premiership,Opening Round,0,MCG,St Kilda,St Kilda,Collingwood,Collingwood,38.0,"https://s.afl.com.au/staticfile/AFL Tenant/AFL/Players/ChampIDImages/AFL/2026014/1029148.png?im=Scale,width=0.6,height=0.6",CHF,CD_I1029148,False,38.0,Hugh,Boxshall,CD_T130,,67.0,0.0,1.0,,4.0,3.0,7.0,2.0,0.0,6.0,1.0,7.0,8.0,2.0,1.0,0.0,0.0,2.0,42.9,2.0,0.0,1.0,46.0,0.0,0.0,0.0,1.1,,,2.0,0.0,3.0,1.0,,,,1.0,121.0,0.0,1.0,1.0,1.0,25.0,1.3,3.0,0.0,0.0,12.5,0.0,0.0,0.0,0.0,0.0,0.0,23.0,9.0,1.0,0.0,0.0,0.0,0.0,0.0,0.0,0.0,0.0,0.0,0.0,CD_I1029148,False,38.0,Hugh,Boxshall,home,St Kilda
CD_M20260140005,2026-03-08T08:20:00.000+0000,CONCLUDED,Premiership,Opening Round,0,MCG,St Kilda,St Kilda,Collingwood,Collingwood,47.0,"https://s.afl.com.au/staticfile/AFL Tenant/AFL/Players/ChampIDImages/AFL/2026014/1023784.png?im=Scale,width=0.6,height=0.6",BPR,CD_I1023784,False,47.0,Anthony,Caminiti,CD_T130,,93.0,0.0,0.0,,5.0,5.0,10.0,3.0,0.0,1.0,5.0,6.0,11.0,0.0,0.0,0.0,0.0,7.0,80.0,3.0,1.0,2.0,33.0,2.0,0.0,0.0,5.5,,,1.0,5.0,0.0,0.0,,,,2.0,93.0,0.0,0.0,0.0,4.0,80.0,1.0,8.0,0.0,0.0,45.5,0.0,0.0,0.0,4.0,0.0,0.0,4.0,4.0,7.0,0.0,1.0,1.0,100.0,0.0,0.0,0.0,0.0,0.0,0.0,CD_I1023784,False,47.0,Anthony,Caminiti,home,St Kilda
CD_M20260140005,2026-03-08T08:20:00.000+0000,CONCLUDED,Premiership,Opening Round,0,MCG,St Kilda,St Kilda,Collingwood,Collingwood,18.0,"https://s.afl.com.au/staticfile/AFL Tenant/AFL/Players/ChampIDImages/AFL/2026014/1013233.png?im=Scale,width=0.6,height=0.6",INT,CD_I1013233,False,18.0,Jack,Carroll,CD_T130,,71.0,0.0,1.0,,11.0,5.0,16.0,8.0,0.0,2.0,2.0,14.0,16.0,3.0,0.0,0.0,0.0,0.0,75.0,1.0,2.0,0.0,78.0,3.0,0.0,0.0,5.0,,,2.0,4.0,0.0,1.0,,,,2.0,361.0,0.0,0.0,0.0,7.0,63.6,2.2,12.0,0.0,2.0,12.5,0.0,0.0,0.0,0.0,0.0,0.0,7.0,6.0,0.0,0.0,1.0,0.0,0.0,0.0,0.0,0.0,0.0,0.0,0.0,CD_I1013233,False,18.0,Jack,Carroll,home,St Kilda
CD_M20260140005,2026-03-08T08:20:00.000+0000,CONCLUDED,Premiership,Opening Round,0,MCG,St Kilda,St Kilda,Collingwood,Collingwood,21.0,"https://s.afl.com.au/staticfile/AFL Tenant/AFL/Players/ChampIDImages/AFL/2026014/1004912.png?im=Scale,width=0.6,height=0.6",RK,CD_I1004912,False,21.0,Tom,De Koning,CD_T130,,82.0,0.0,0.0,,9.0,11.0,20.0,6.0,0.0,1.0,8.0,12.0,20.0,4.0,0.0,2.0,17.0,5.0,90.0,3.0,2.0,2.0,84.0,0.0,0.0,0.0,14.0,,,2.0,4.0,1.0,0.0,,,,6.0,173.0,3.0,1.0,4.0,7.0,77.8,0.8,18.0,1.0,3.0,40.0,5.0,44.7,29.4,2.0,0.0,4.0,7.0,3.0,3.0,38.0,3.0,2.0,66.7,0.0,0.0,0.0,18.0,0.0,0.0,CD_I1004912,False,21.0,Tom,De Koning,home,St Kilda
CD_M20260140005,2026-03-08T08:20:00.000+0000,CONCLUDED,Premiership,Opening Round,0,MCG,St Kilda,St Kilda,Collingwood,Collingwood,9.0,"https://s.afl.com.au/staticfile/AFL Tenant/AFL/Players/ChampIDImages/AFL/2026014/1009260.png?im=Scale,width=0.6,height=0.6",RR,CD_I1009260,False,9.0,Sam,Flanders,CD_T130,,87.0,0.0,0.0,,14.0,14.0,28.0,7.0,0.0,2.0,7.0,21.0,28.0,3.0,0.0,0.0,0.0,0.0,60.7,4.0,1.0,0.0,100.0,3.0,0.0,0.0,7.0,,,5.0,4.0,0.0,0.0,,,,4.0,505.0,1.0,0.0,1.0,6.0,42.9,1.0,17.0,1.0,0.0,25.0,0.0,0.0,0.0,5.0,1.0,1.0,16.0,6.0,0.0,0.0,0.0,0.0,0.0,0.0,0.0,0.0,18.0,0.0,0.0,CD_I1009260,False,9.0,Sam,Flanders,home,St Kilda
CD_M20260140005,2026-03-08T08:20:00.000+0000,CONCLUDED,Premiership,Opening Round,0,MCG,St Kilda,St Kilda,Collingwood,Collingwood,34.0,"https://s.afl.com.au/staticfile/AFL Tenant/AFL/Players/ChampIDImages/AFL/2026014/1027790.png?im=Scale,width=0.6,height=0.6",INT,CD_I1027790,False,34.0,Hugo,Garcia,CD_T130,,71.0,0.0,0.0,,7.0,10.0,17.0,4.0,0.0,6.0,7.0,10.0,17.0,5.0,0.0,0.0,0.0,1.0,82.4,1.0,2.0,0.0,79.0,0.0,0.0,0.0,8.7,,,4.0,0.0,2.0,0.0,,,,4.0,177.0,3.0,2.0,5.0,5.0,71.4,0.7,14.0,1.0,0.0,41.2,0.0,0.0,0.0,4.0,1.0,0.0,18.0,7.0,0.0,0.0,0.0,0.0,0.0,0.0,0.0,0.0,16.0,0.0,0.0,CD_I1027790,False,34.0,Hugo,Garcia,home,St Kilda
CD_M20260140005,2026-03-08T08:20:00.000+0000,CONCLUDED,Premiership,Opening Round,0,MCG,St Kilda,St Kilda,Collingwood,Collingwood,40.0,"https://s.afl.com.au/staticfile/AFL Tenant/AFL/Players/ChampIDImages/AFL/2026014/1020855.png?im=Scale,width=0.6,height=0.6",C,CD_I1020855,False,40.0,Max,Hall,CD_T130,,80.0,1.0,1.0,,7.0,10.0,17.0,3.0,0.0,5.0,6.0,11.0,17.0,2.0,0.0,0.0,0.0,0.0,82.4,3.0,0.0,1.0,74.0,1.0,1.0,33.3,9.3,,,3.0,2.0,4.0,3.0,,,,6.0,127.0,0.0,1.0,1.0,4.0,57.1,0.7,14.0,1.0,1.0,35.3,0.0,0.0,0.0,6.0,4.0,1.0,26.0,6.0,0.0,0.0,0.0,0.0,0.0,0.0,0.0,0.0,2.0,0.0,0.0,CD_I1020855,False,40.0,Max,Hall,home,St Kilda
CD_M20260140005,2026-03-08T08:20:00.000+0000,CONCLUDED,Premiership,Opening Round,0,MCG,St Kilda,St Kilda,Collingwood,Collingwood,1.0,"https://s.afl.com.au/staticfile/AFL Tenant/AFL/Players/ChampIDImages/AFL/2026014/1002227.png?im=Scale,width=0.6,height=0.6",FPR,CD_I1002227,False,1.0,Jack,Higgins,CD_T130,,80.0,1.0,0.0,,4.0,7.0,11.0,1.0,0.0,3.0,5.0,7.0,12.0,2.0,0.0,0.0,0.0,1.0,90.9,0.0,1.0,0.0,48.0,0.0,0.0,100.0,12.0,,,1.0,1.0,3.0,1.0,,,,5.0,100.0,0.0,1.0,1.0,3.0,75.0,0.6,10.0,0.0,0.0,41.7,0.0,0.0,0.0,3.0,2.0,2.0,12.0,2.0,0.0,0.0,0.0,0.0,0.0,0.0,0.0,0.0,0.0,0.0,0.0,CD_I1002227,False,1.0,Jack,Higgins,home,St Kilda
CD_M20260140005,2026-03-08T08:20:00.000+0000,CONCLUDED,Premiership,Opening Round,0,MCG,St Kilda,St Kilda,Collingwood,Collingwood,8.0,"https://s.afl.com.au/staticfile/AFL Tenant/AFL/Players/ChampIDImages/AFL/2026014/295584.png?im=Scale,width=0.6,height=0.6",CHB,CD_I295584,False,8.0,Bradley,Hill,CD_T130,,80.0,1.0,0.0,,19.0,5.0,24.0,5.0,1.0,1.0,4.0,18.0,22.0,6.0,0.0,0.0,0.0,2.0,75.0,4.0,0.0,1.0,89.0,4.0,0.0,100.0,10.1,,,5.0,5.0,1.0,1.0,,,,4.0,760.0,0.0,0.0,0.0,13.0,68.4,3.8,18.0,0.0,0.0,18.2,0.0,0.0,0.0,3.0,0.0,1.0,12.0,3.0,1.0,0.0,0.0,0.0,0.0,0.0,0.0,0.0,0.0,0.0,0.0,CD_I295584,False,8.0,Bradley,Hill,home,St Kilda
CD_M20260140005,2026-03-08T08:20:00.000+0000,CONCLUDED,Premiership,Opening Round,0,MCG,St Kilda,St Kilda,Collingwood,Collingwood,6.0,"https://s.afl.com.au/staticfile/AFL Tenant/AFL/Players/ChampIDImages/AFL/2026014/295467.png?im=Scale,width=0.6,height=0.6",INT,CD_I295467,False,6.0,Jack,Macrae,CD_T130,,52.0,0.0,0.0,,3.0,11.0,14.0,1.0,0.0,6.0,9.0,8.0,17.0,1.0,0.0,0.0,0.0,2.0,71.4,6.0,1.0,2.0,53.0,1.0,0.0,0.0,8.8,,,6.0,2.0,2.0,0.0,,,,3.0,127.0,3.0,1.0,4.0,0.0,0.0,0.3,10.0,0.0,0.0,52.9,0.0,0.0,0.0,5.0,1.0,0.0,13.0,4.0,0.0,0.0,0.0,0.0,0.0,0.0,0.0,0.0,11.0,0.0,0.0,CD_I295467,False,6.0,Jack,Macrae,home,St Kilda
CD_M20260140005,2026-03-08T08:20:00.000+0000,CONCLUDED,Premiership,Opening Round,0,MCG,St Kilda,St Kilda,Collingwood,Collingwood,19.0,"https://s.afl.com.au/staticfile/AFL Tenant/AFL/Players/ChampIDImages/AFL/2026014/992468.png?im=Scale,width=0.6,height=0.6",FPL,CD_I992468,False,19.0,Rowan,Marshall,CD_T130,,63.0,0.0,0.0,,3.0,3.0,6.0,0.0,0.0,1.0,7.0,1.0,8.0,2.0,0.0,0.0,8.0,2.0,50.0,1.0,1.0,0.0,28.0,0.0,0.0,0.0,6.1,,,1.0,2.0,0.0,0.0,,,,4.0,86.0,1.0,2.0,3.0,1.0,33.3,1.0,3.0,0.0,0.0,87.5,2.0,30.8,25.0,1.0,0.0,2.0,6.0,1.0,1.0,26.0,0.0,0.0,0.0,1.0,0.0,0.0,6.0,0.0,0.0,CD_I992468,False,19.0,Rowan,Marshall,home,St Kilda
CD_M20260140005,2026-03-08T08:20:00.000+0000,CONCLUDED,Premiership,Opening Round,0,MCG,St Kilda,St Kilda,Collingwood,Collingwood,10.0,"https://s.afl.com.au/staticfile/AFL Tenant/AFL/Players/ChampIDImages/AFL/2026014/1023272.png?im=Scale,width=0.6,height=0.6",HFFR,CD_I1023272,False,10.0,Mitch,Owens,CD_T130,,86.0,2.0,2.0,,8.0,4.0,12.0,3.0,0.0,1.0,5.0,7.0,12.0,4.0,2.0,1.0,1.0,3.0,58.3,1.0,2.0,0.0,62.0,0.0,1.0,50.0,11.3,,,2.0,3.0,0.0,4.0,,,,6.0,263.0,0.0,0.0,0.0,4.0,50.0,2.0,7.0,1.0,1.0,41.7,0.0,25.0,0.0,2.0,1.0,1.0,4.0,2.0,2.0,4.0,0.0,0.0,0.0,5.0,3.0,60.0,0.0,0.0,0.0,CD_I1023272,False,10.0,Mitch,Owens,home,St Kilda
CD_M20260140005,2026-03-08T08:20:00.000+0000,CONCLUDED,Premiership,Opening Round,0,MCG,St Kilda,St Kilda,Collingwood,Collingwood,25.0,"https://s.afl.com.au/staticfile/AFL Tenant/AFL/Players/ChampIDImages/AFL/2026014/1020137.png?im=Scale,width=0.6,height=0.6",HFFL,CD_I1020137,False,25.0,Mattaes,Phillipou,CD_T130,,76.0,0.0,1.0,,8.0,10.0,18.0,1.0,0.0,4.0,10.0,8.0,18.0,2.0,0.0,0.0,0.0,0.0,55.6,2.0,2.0,0.0,66.0,1.0,0.0,0.0,9.4,,,3.0,2.0,2.0,2.0,,,,4.0,267.0,2.0,1.0,3.0,3.0,37.5,0.8,10.0,0.0,1.0,55.6,0.0,0.0,0.0,7.0,2.0,1.0,26.0,12.0,0.0,0.0,0.0,0.0,0.0,1.0,0.0,0.0,10.0,0.0,0.0,CD_I1020137,False,25.0,Mattaes,Phillipou,home,St Kilda
CD_M20260140005,2026-03-08T08:20:00.000+0000,CONCLUDED,Premiership,Opening Round,0,MCG,St Kilda,St Kilda,Collingwood,Collingwood,31.0,"https://s.afl.com.au/staticfile/AFL Tenant/AFL/Players/ChampIDImages/AFL/2026014/1004364.png?im=Scale,width=0.6,height=0.6",INT,CD_I1004364,False,31.0,Liam,Ryan,CD_T130,,71.0,1.0,2.0,,6.0,3.0,9.0,1.0,4.0,1.0,4.0,5.0,9.0,1.0,1.0,0.0,0.0,0.0,55.6,5.0,2.0,2.0,35.0,0.0,0.0,33.3,1.2,,,3.0,2.0,0.0,3.0,,,,5.0,251.0,0.0,0.0,0.0,2.0,33.3,2.0,5.0,0.0,0.0,44.4,0.0,0.0,0.0,2.0,0.0,1.0,6.0,2.0,0.0,0.0,0.0,0.0,0.0,1.0,1.0,100.0,0.0,0.0,0.0,CD_I1004364,False,31.0,Liam,Ryan,home,St Kilda
CD_M20260140005,2026-03-08T08:20:00.000+0000,CONCLUDED,Premiership,Opening Round,0,MCG,St Kilda,St Kilda,Collingwood,Collingwood,43.0,"https://s.afl.com.au/staticfile/AFL Tenant/AFL/Players/ChampIDImages/AFL/2026014/1018018.png?im=Scale,width=0.6,height=0.6",FF,CD_I1018018,False,43.0,Cooper,Sharman,CD_T130,,83.0,2.0,1.0,,4.0,6.0,10.0,4.0,0.0,3.0,6.0,5.0,11.0,2.0,2.0,1.0,2.0,3.0,60.0,3.0,2.0,0.0,65.0,0.0,0.0,66.7,2.2,,,3.0,1.0,1.0,3.0,,,,4.0,125.0,0.0,0.0,0.0,2.0,50.0,0.7,6.0,1.0,0.0,54.5,0.0,66.7,0.0,2.0,0.0,0.0,19.0,2.0,1.0,3.0,0.0,0.0,0.0,1.0,1.0,100.0,0.0,0.0,0.0,CD_I1018018,False,43.0,Cooper,Sharman,home,St Kilda
CD_M20260140005,2026-03-08T08:20:00.000+0000,CONCLUDED,Premiership,Opening Round,0,MCG,St Kilda,St Kilda,Collingwood,Collingwood,3.0,"https://s.afl.com.au/staticfile/AFL Tenant/AFL/Players/ChampIDImages/AFL/2026014/1001028.png?im=Scale,width=0.6,height=0.6",BPL,CD_I1001028,False,3.0,Jack,Silvagni,CD_T130,,87.0,0.0,0.0,,13.0,6.0,19.0,5.0,1.0,3.0,6.0,10.0,16.0,2.0,0.0,0.0,0.0,5.0,73.7,2.0,2.0,1.0,77.0,2.0,0.0,0.0,8.7,,,4.0,9.0,0.0,0.0,,,,2.0,253.0,0.0,0.0,0.0,10.0,76.9,2.2,14.0,0.0,2.0,37.5,0.0,0.0,0.0,4.0,0.0,1.0,8.0,4.0,4.0,0.0,1.0,0.0,0.0,0.0,0.0,0.0,0.0,1.0,1.0,CD_I1001028,False,3.0,Jack,Silvagni,home,St Kilda
CD_M20260140005,2026-03-08T08:20:00.000+0000,CONCLUDED,Premiership,Opening Round,0,MCG,St Kilda,St Kilda,Collingwood,Collingwood,35.0,"https://s.afl.com.au/staticfile/AFL Tenant/AFL/Players/ChampIDImages/AFL/2026014/994389.png?im=Scale,width=0.6,height=0.6",R,CD_I994389,False,35.0,Jack,Sinclair,CD_T130,,88.0,0.0,0.0,,21.0,14.0,35.0,6.0,0.0,3.0,7.0,21.0,28.0,3.0,0.0,0.0,0.0,4.0,94.3,1.0,1.0,0.0,122.0,3.0,1.0,0.0,24.9,,,1.0,7.0,0.0,0.0,,,,4.0,560.0,0.0,1.0,1.0,19.0,90.5,1.5,33.0,0.0,0.0,25.0,0.0,0.0,0.0,5.0,0.0,0.0,7.0,5.0,1.0,0.0,0.0,0.0,0.0,0.0,0.0,0.0,0.0,8.0,8.0,CD_I994389,False,35.0,Jack,Sinclair,home,St Kilda
CD_M20260140005,2026-03-08T08:20:00.000+0000,CONCLUDED,Premiership,Opening Round,0,MCG,St Kilda,St Kilda,Collingwood,Collingwood,26.0,"https://s.afl.com.au/staticfile/AFL Tenant/AFL/Players/ChampIDImages/AFL/2026014/1030433.png?im=Scale,width=0.6,height=0.6",HBFL,CD_I1030433,False,26.0,Alix,Tauru,CD_T130,,71.0,0.0,0.0,,4.0,2.0,6.0,1.0,0.0,0.0,2.0,3.0,5.0,0.0,0.0,0.0,0.0,1.0,83.3,0.0,1.0,0.0,20.0,0.0,0.0,0.0,3.2,,,0.0,1.0,0.0,0.0,,,,2.0,72.0,0.0,1.0,1.0,3.0,75.0,2.0,5.0,0.0,0.0,40.0,0.0,0.0,0.0,0.0,0.0,0.0,9.0,7.0,1.0,0.0,0.0,0.0,0.0,0.0,0.0,0.0,0.0,0.0,0.0,CD_I1030433,False,26.0,Alix,Tauru,home,St Kilda
CD_M20260140005,2026-03-08T08:20:00.000+0000,CONCLUDED,Premiership,Opening Round,0,MCG,St Kilda,St Kilda,Collingwood,Collingwood,7.0,"https://s.afl.com.au/staticfile/AFL Tenant/AFL/Players/ChampIDImages/AFL/2026014/1015507.png?im=Scale,width=0.6,height=0.6",HBFR,CD_I1015507,False,7.0,Nasiah,Wanganeen-Milera,CD_T130,,79.0,1.0,0.0,,16.0,3.0,19.0,1.0,0.0,3.0,5.0,9.0,14.0,5.0,0.0,0.0,0.0,1.0,68.4,5.0,1.0,1.0,73.0,1.0,0.0,100.0,11.8,,,5.0,0.0,2.0,1.0,,,,4.0,374.0,1.0,1.0,2.0,10.0,62.5,5.3,13.0,0.0,0.0,35.7,0.0,0.0,0.0,4.0,1.0,2.0,14.0,5.0,0.0,0.0,0.0,0.0,0.0,0.0,0.0,0.0,15.0,2.0,2.0,CD_I1015507,False,7.0,Nasiah,Wanganeen-Milera,home,St Kilda
CD_M20260140005,2026-03-08T08:20:00.000+0000,CONCLUDED,Premiership,Opening Round,0,MCG,St Kilda,St Kilda,Collingwood,Collingwood,44.0,"https://s.afl.com.au/staticfile/AFL Tenant/AFL/Players/ChampIDImages/AFL/2026014/296422.png?im=Scale,width=0.6,height=0.6",FB,CD_I296422,False,44.0,Callum,Wilkie,CD_T130,,100.0,0.0,0.0,,16.0,10.0,26.0,12.0,3.0,0.0,7.0,19.0,26.0,1.0,0.0,2.0,0.0,4.0,92.3,1.0,0.0,0.0,104.0,4.0,0.0,0.0,16.0,,,3.0,9.0,0.0,0.0,,,,4.0,278.0,0.0,0.0,0.0,15.0,93.8,1.6,24.0,0.0,2.0,26.9,0.0,0.0,0.0,5.0,0.0,2.0,2.0,2.0,4.0,0.0,3.0,0.0,0.0,0.0,0.0,0.0,0.0,0.0,0.0,CD_I296422,False,44.0,Callum,Wilkie,home,St Kilda
CD_M20260140005,2026-03-08T08:20:00.000+0000,CONCLUDED,Premiership,Opening Round,0,MCG,St Kilda,St Kilda,Collingwood,Collingwood,22.0,"https://s.afl.com.au/staticfile/AFL Tenant/AFL/Players/ChampIDImages/AFL/2026014/1027875.png?im=Scale,width=0.6,height=0.6",WR,CD_I1027875,False,22.0,Darcy,Wilson,CD_T130,,83.0,0.0,2.0,,15.0,6.0,21.0,5.0,4.0,2.0,3.0,17.0,20.0,5.0,0.0,0.0,0.0,0.0,42.9,6.0,2.0,3.0,75.0,0.0,1.0,0.0,-2.1,,,8.0,1.0,2.0,4.0,,,,6.0,402.0,0.0,0.0,0.0,4.0,26.7,2.5,9.0,1.0,0.0,15.0,0.0,0.0,0.0,2.0,2.0,1.0,11.0,2.0,0.0,0.0,0.0,0.0,0.0,1.0,0.0,0.0,0.0,0.0,0.0,CD_I1027875,False,22.0,Darcy,Wilson,home,St Kilda
CD_M20260140005,2026-03-08T08:20:00.000+0000,CONCLUDED,Premiership,Opening Round,0,MCG,St Kilda,St Kilda,Collingwood,Collingwood,2.0,"https://s.afl.com.au/staticfile/AFL Tenant/AFL/Players/ChampIDImages/AFL/2026014/1023270.png?im=Scale,width=0.6,height=0.6",WL,CD_I1023270,False,2.0,Marcus,Windhager,CD_T130,,82.0,0.0,0.0,,20.0,9.0,29.0,11.0,0.0,1.0,7.0,22.0,29.0,6.0,0.0,0.0,0.0,3.0,72.4,2.0,1.0,0.0,116.0,3.0,0.0,0.0,9.9,,,7.0,5.0,0.0,0.0,,,,3.0,514.0,1.0,1.0,2.0,13.0,65.0,2.2,21.0,0.0,1.0,24.1,0.0,0.0,0.0,5.0,0.0,1.0,10.0,6.0,2.0,0.0,0.0,0.0,0.0,0.0,0.0,0.0,0.0,1.0,0.0,CD_I1023270,False,2.0,Marcus,Windhager,home,St Kilda
CD_M20260140005,2026-03-08T08:20:00.000+0000,CONCLUDED,Premiership,Opening Round,0,MCG,St Kilda,St Kilda,Collingwood,Collingwood,32.0,"https://s.afl.com.au/staticfile/AFL Tenant/AFL/Players/ChampIDImages/AFL/2026014/295340.png?im=Scale,width=0.6,height=0.6",INT,CD_I295340,False,32.0,Mason,Wood,CD_T130,,66.0,0.0,0.0,,8.0,5.0,13.0,2.0,0.0,2.0,5.0,8.0,13.0,2.0,0.0,0.0,0.0,1.0,69.2,0.0,0.0,0.0,48.0,1.0,0.0,0.0,6.3,,,3.0,2.0,2.0,0.0,,,,1.0,264.0,0.0,2.0,2.0,5.0,62.5,1.6,9.0,0.0,0.0,38.5,0.0,0.0,0.0,5.0,2.0,0.0,7.0,3.0,1.0,0.0,0.0,0.0,0.0,0.0,0.0,0.0,0.0,0.0,0.0,CD_I295340,False,32.0,Mason,Wood,home,St Kilda
CD_M20260140005,2026-03-08T08:20:00.000+0000,CONCLUDED,Premiership,Opening Round,0,MCG,St Kilda,St Kilda,Collingwood,Collingwood,16.0,"https://s.afl.com.au/staticfile/AFL Tenant/AFL/Players/ChampIDImages/AFL/2026014/1022915.png?im=Scale,width=0.6,height=0.6",INT,CD_I1022915,False,16.0,Edward,Allan,CD_T40,,64.0,0.0,0.0,,4.0,6.0,10.0,3.0,1.0,2.0,4.0,7.0,11.0,2.0,0.0,0.0,0.0,2.0,70.0,3.0,0.0,1.0,38.0,1.0,0.0,0.0,2.9,,,4.0,3.0,0.0,0.0,,,,2.0,129.0,0.0,1.0,1.0,2.0,50.0,0.7,7.0,0.0,0.0,36.4,0.0,0.0,0.0,3.0,1.0,0.0,12.0,5.0,1.0,0.0,0.0,0.0,0.0,0.0,0.0,0.0,0.0,0.0,0.0,CD_I1022915,False,16.0,Edward,Allan,away,Collingwood
CD_M20260140005,2026-03-08T08:20:00.000+0000,CONCLUDED,Premiership,Opening Round,0,MCG,St Kilda,St Kilda,Collingwood,Collingwood,34.0,"https://s.afl.com.au/staticfile/AFL Tenant/AFL/Players/ChampIDImages/AFL/2026014/1009392.png?im=Scale,width=0.6,height=0.6",INT,CD_I1009392,False,34.0,Jack,Buller,CD_T40,,77.0,0.0,0.0,,3.0,3.0,6.0,1.0,0.0,2.0,3.0,3.0,6.0,0.0,0.0,0.0,0.0,0.0,50.0,2.0,1.0,1.0,24.0,0.0,0.0,0.0,0.9,,,4.0,0.0,1.0,0.0,,,,1.0,84.0,0.0,0.0,0.0,1.0,33.3,1.0,3.0,0.0,0.0,50.0,0.0,0.0,0.0,2.0,1.0,0.0,10.0,2.0,0.0,4.0,0.0,0.0,0.0,3.0,1.0,33.3,4.0,0.0,0.0,CD_I1009392,False,34.0,Jack,Buller,away,Collingwood
CD_M20260140005,2026-03-08T08:20:00.000+0000,CONCLUDED,Premiership,Opening Round,0,MCG,St Kilda,St Kilda,Collingwood,Collingwood,14.0,"https://s.afl.com.au/staticfile/AFL Tenant/AFL/Players/ChampIDImages/AFL/2026014/990291.png?im=Scale,width=0.6,height=0.6",RK,CD_I990291,False,14.0,Darcy,Cameron,CD_T40,,87.0,1.0,0.0,,12.0,7.0,19.0,5.0,0.0,6.0,13.0,4.0,17.0,0.0,1.0,2.0,20.0,1.0,73.7,4.0,3.0,2.0,112.0,2.0,0.0,100.0,14.8,,,3.0,7.0,0.0,1.0,,,,5.0,153.0,0.0,5.0,5.0,8.0,66.7,1.7,14.0,1.0,2.0,76.5,4.0,33.9,20.0,4.0,0.0,3.0,10.0,8.0,1.0,59.0,0.0,0.0,0.0,2.0,1.0,50.0,20.0,0.0,0.0,CD_I990291,False,14.0,Darcy,Cameron,away,Collingwood
CD_M20260140005,2026-03-08T08:20:00.000+0000,CONCLUDED,Premiership,Opening Round,0,MCG,St Kilda,St Kilda,Collingwood,Collingwood,25.0,"https://s.afl.com.au/staticfile/AFL Tenant/AFL/Players/ChampIDImages/AFL/2026014/293871.png?im=Scale,width=0.6,height=0.6",RR,CD_I293871,False,25.0,Jack,Crisp,CD_T40,,74.0,0.0,0.0,,10.0,16.0,26.0,9.0,0.0,2.0,9.0,18.0,27.0,2.0,0.0,1.0,0.0,1.0,88.5,0.0,0.0,0.0,97.0,2.0,0.0,0.0,14.7,,,2.0,8.0,1.0,0.0,,,,8.0,237.0,0.0,0.0,0.0,8.0,80.0,0.6,23.0,0.0,3.0,33.3,0.0,0.0,0.0,8.0,1.0,3.0,9.0,5.0,1.0,0.0,1.0,0.0,0.0,0.0,0.0,0.0,1.0,0.0,0.0,CD_I293871,False,25.0,Jack,Crisp,away,Collingwood
CD_M20260140005,2026-03-08T08:20:00.000+0000,CONCLUDED,Premiership,Opening Round,0,MCG,St Kilda,St Kilda,Collingwood,Collingwood,7.0,"https://s.afl.com.au/staticfile/AFL Tenant/AFL/Players/ChampIDImages/AFL/2026014/1005054.png?im=Scale,width=0.6,height=0.6",CHB,CD_I1005054,False,7.0,Josh,Daicos,CD_T40,,89.0,0.0,0.0,,27.0,9.0,36.0,13.0,1.0,1.0,9.0,23.0,32.0,4.0,0.0,0.0,0.0,0.0,80.6,1.0,2.0,1.0,141.0,9.0,0.0,0.0,10.7,,,2.0,4.0,0.0,0.0,,,,8.0,444.0,0.0,3.0,3.0,23.0,85.2,3.0,29.0,1.0,0.0,28.1,0.0,0.0,0.0,7.0,1.0,1.0,6.0,6.0,0.0,0.0,0.0,0.0,0.0,0.0,0.0,0.0,2.0,4.0,4.0,CD_I1005054,False,7.0,Josh,Daicos,away,Collingwood
CD_M20260140005,2026-03-08T08:20:00.000+0000,CONCLUDED,Premiership,Opening Round,0,MCG,St Kilda,St Kilda,Collingwood,Collingwood,35.0,"https://s.afl.com.au/staticfile/AFL Tenant/AFL/Players/ChampIDImages/AFL/2026014/1023261.png?im=Scale,width=0.6,height=0.6",C,CD_I1023261,False,35.0,Nick,Daicos,CD_T40,,85.0,0.0,2.0,,25.0,16.0,41.0,7.0,2.0,2.0,6.0,32.0,38.0,5.0,0.0,0.0,0.0,0.0,75.6,6.0,1.0,1.0,136.0,4.0,1.0,0.0,9.3,,,7.0,2.0,1.0,2.0,,,,11.0,844.0,3.0,1.0,4.0,17.0,68.0,1.6,31.0,1.0,0.0,15.8,0.0,0.0,0.0,4.0,1.0,2.0,9.0,4.0,0.0,0.0,0.0,0.0,0.0,0.0,0.0,0.0,17.0,1.0,1.0,CD_I1023261,False,35.0,Nick,Daicos,away,Collingwood
CD_M20260140005,2026-03-08T08:20:00.000+0000,CONCLUDED,Premiership,Opening Round,0,MCG,St Kilda,St Kilda,Collingwood,Collingwood,2.0,"https://s.afl.com.au/staticfile/AFL Tenant/AFL/Players/ChampIDImages/AFL/2026014/994185.png?im=Scale,width=0.6,height=0.6",R,CD_I994185,False,2.0,Jordan,De Goey,CD_T40,,69.0,3.0,0.0,,12.0,7.0,19.0,3.0,0.0,1.0,5.0,14.0,19.0,2.0,0.0,0.0,0.0,2.0,78.9,3.0,1.0,1.0,79.0,2.0,0.0,100.0,18.2,,,5.0,2.0,0.0,3.0,,,,7.0,405.0,0.0,2.0,2.0,9.0,75.0,1.7,15.0,0.0,0.0,26.3,0.0,0.0,0.0,3.0,2.0,0.0,6.0,5.0,0.0,0.0,0.0,0.0,0.0,0.0,0.0,0.0,7.0,0.0,0.0,CD_I994185,False,2.0,Jordan,De Goey,away,Collingwood
CD_M20260140005,2026-03-08T08:20:00.000+0000,CONCLUDED,Premiership,Opening Round,0,MCG,St Kilda,St Kilda,Collingwood,Collingwood,5.0,"https://s.afl.com.au/staticfile/AFL Tenant/AFL/Players/ChampIDImages/AFL/2026014/293801.png?im=Scale,width=0.6,height=0.6",FF,CD_I293801,False,5.0,Jamie,Elliott,CD_T40,,81.0,1.0,1.0,,9.0,2.0,11.0,6.0,0.0,0.0,3.0,6.0,9.0,4.0,1.0,1.0,0.0,1.0,63.6,3.0,0.0,1.0,53.0,0.0,0.0,50.0,7.0,,,2.0,0.0,0.0,2.0,,,,6.0,257.0,0.0,1.0,1.0,5.0,55.6,4.5,7.0,2.0,0.0,33.3,0.0,0.0,0.0,2.0,1.0,1.0,13.0,1.0,0.0,0.0,0.0,0.0,0.0,1.0,0.0,0.0,0.0,0.0,0.0,CD_I293801,False,5.0,Jamie,Elliott,away,Collingwood
CD_M20260140005,2026-03-08T08:20:00.000+0000,CONCLUDED,Premiership,Opening Round,0,MCG,St Kilda,St Kilda,Collingwood,Collingwood,17.0,"https://s.afl.com.au/staticfile/AFL Tenant/AFL/Players/ChampIDImages/AFL/2026014/991773.png?im=Scale,width=0.6,height=0.6",BPL,CD_I991773,False,17.0,Billy,Frampton,CD_T40,,100.0,0.0,0.0,,14.0,5.0,19.0,13.0,0.0,0.0,4.0,17.0,21.0,0.0,0.0,0.0,0.0,7.0,89.5,6.0,0.0,4.0,79.0,5.0,0.0,0.0,5.8,,,3.0,7.0,0.0,0.0,,,,4.0,239.0,0.0,0.0,0.0,12.0,85.7,2.8,17.0,0.0,2.0,19.0,0.0,0.0,0.0,3.0,0.0,1.0,5.0,2.0,5.0,0.0,2.0,0.0,0.0,0.0,0.0,0.0,0.0,0.0,0.0,CD_I991773,False,17.0,Billy,Frampton,away,Collingwood
CD_M20260140005,2026-03-08T08:20:00.000+0000,CONCLUDED,Premiership,Opening Round,0,MCG,St Kilda,St Kilda,Collingwood,Collingwood,9.0,"https://s.afl.com.au/staticfile/AFL Tenant/AFL/Players/ChampIDImages/AFL/2026014/994295.png?im=Scale,width=0.6,height=0.6",HBFL,CD_I994295,False,9.0,Dan,Houston,CD_T40,,81.0,0.0,1.0,,21.0,7.0,28.0,11.0,0.0,3.0,2.0,20.0,22.0,2.0,1.0,0.0,0.0,1.0,75.0,4.0,0.0,1.0,120.0,10.0,0.0,0.0,6.9,,,5.0,4.0,0.0,1.0,,,,4.0,629.0,0.0,1.0,1.0,14.0,66.7,3.0,21.0,0.0,2.0,9.1,0.0,0.0,0.0,2.0,0.0,1.0,9.0,8.0,1.0,0.0,1.0,1.0,100.0,0.0,0.0,0.0,0.0,6.0,6.0,CD_I994295,False,9.0,Dan,Houston,away,Collingwood
CD_M20260140005,2026-03-08T08:20:00.000+0000,CONCLUDED,Premiership,Opening Round,0,MCG,St Kilda,St Kilda,Collingwood,Collingwood,1.0,"https://s.afl.com.au/staticfile/AFL Tenant/AFL/Players/ChampIDImages/AFL/2026014/1003130.png?im=Scale,width=0.6,height=0.6",INT,CD_I1003130,False,1.0,Patrick,Lipinski,CD_T40,,75.0,0.0,0.0,,14.0,7.0,21.0,12.0,0.0,2.0,2.0,19.0,21.0,3.0,0.0,0.0,0.0,1.0,66.7,2.0,1.0,1.0,98.0,4.0,0.0,0.0,6.7,,,4.0,1.0,0.0,0.0,,,,6.0,346.0,0.0,1.0,1.0,8.0,57.1,2.0,14.0,2.0,0.0,9.5,0.0,0.0,0.0,1.0,0.0,0.0,15.0,5.0,1.0,0.0,0.0,0.0,0.0,0.0,0.0,0.0,1.0,0.0,0.0,CD_I1003130,False,1.0,Patrick,Lipinski,away,Collingwood
CD_M20260140005,2026-03-08T08:20:00.000+0000,CONCLUDED,Premiership,Opening Round,0,MCG,St Kilda,St Kilda,Collingwood,Collingwood,44.0,"https://s.afl.com.au/staticfile/AFL Tenant/AFL/Players/ChampIDImages/AFL/2026014/1017124.png?im=Scale,width=0.6,height=0.6",INT,CD_I1017124,False,44.0,Ned,Long,CD_T40,,71.0,0.0,0.0,,4.0,9.0,13.0,1.0,0.0,9.0,6.0,7.0,13.0,1.0,0.0,0.0,0.0,0.0,61.5,3.0,0.0,1.0,66.0,1.0,1.0,0.0,6.8,,,3.0,0.0,3.0,0.0,,,,2.0,75.0,0.0,2.0,2.0,2.0,50.0,0.4,8.0,0.0,0.0,46.2,0.0,0.0,0.0,6.0,1.0,0.0,25.0,12.0,0.0,0.0,0.0,0.0,0.0,0.0,0.0,0.0,13.0,0.0,0.0,CD_I1017124,False,44.0,Ned,Long,away,Collingwood
CD_M20260140005,2026-03-08T08:20:00.000+0000,CONCLUDED,Premiership,Opening Round,0,MCG,St Kilda,St Kilda,Collingwood,Collingwood,4.0,"https://s.afl.com.au/staticfile/AFL Tenant/AFL/Players/ChampIDImages/AFL/2026014/992010.png?im=Scale,width=0.6,height=0.6",BPR,CD_I992010,False,4.0,Brayden,Maynard,CD_T40,,87.0,0.0,1.0,,18.0,9.0,27.0,13.0,0.0,4.0,9.0,18.0,27.0,1.0,1.0,1.0,0.0,7.0,85.2,3.0,0.0,3.0,119.0,2.0,0.0,0.0,11.8,,,3.0,9.0,0.0,1.0,,,,5.0,436.0,0.0,0.0,0.0,15.0,83.3,2.0,23.0,1.0,1.0,33.3,0.0,0.0,0.0,8.0,0.0,2.0,11.0,7.0,7.0,0.0,3.0,2.0,66.7,0.0,0.0,0.0,0.0,0.0,0.0,CD_I992010,False,4.0,Brayden,Maynard,away,Collingwood
CD_M20260140005,2026-03-08T08:20:00.000+0000,CONCLUDED,Premiership,Opening Round,0,MCG,St Kilda,St Kilda,Collingwood,Collingwood,31.0,"https://s.afl.com.au/staticfile/AFL Tenant/AFL/Players/ChampIDImages/AFL/2026014/1004757.png?im=Scale,width=0.6,height=0.6",HFFR,CD_I1004757,False,31.0,Beau,McCreery,CD_T40,,78.0,2.0,1.0,,10.0,6.0,16.0,4.0,1.0,1.0,2.0,13.0,15.0,5.0,0.0,0.0,0.0,1.0,68.8,3.0,0.0,1.0,68.0,0.0,0.0,66.7,13.5,,,2.0,1.0,0.0,3.0,,,,5.0,368.0,1.0,0.0,1.0,5.0,50.0,1.7,11.0,0.0,0.0,13.3,0.0,0.0,0.0,1.0,1.0,1.0,29.0,9.0,1.0,0.0,0.0,0.0,0.0,0.0,0.0,0.0,9.0,0.0,0.0,CD_I1004757,False,31.0,Beau,McCreery,away,Collingwood
CD_M20260140005,2026-03-08T08:20:00.000+0000,CONCLUDED,Premiership,Opening Round,0,MCG,St Kilda,St Kilda,Collingwood,Collingwood,11.0,"https://s.afl.com.au/staticfile/AFL Tenant/AFL/Players/ChampIDImages/AFL/2026014/297504.png?im=Scale,width=0.6,height=0.6",FPR,CD_I297504,False,11.0,Daniel,McStay,CD_T40,,78.0,1.0,0.0,,2.0,4.0,6.0,1.0,0.0,2.0,3.0,3.0,6.0,0.0,0.0,0.0,1.0,0.0,66.7,1.0,0.0,0.0,32.0,0.0,0.0,100.0,5.9,,,1.0,0.0,1.0,1.0,,,,2.0,42.0,0.0,1.0,1.0,2.0,100.0,0.5,4.0,1.0,0.0,50.0,0.0,12.5,0.0,1.0,1.0,0.0,7.0,2.0,0.0,8.0,0.0,0.0,0.0,0.0,0.0,0.0,0.0,0.0,0.0,CD_I297504,False,11.0,Daniel,McStay,away,Collingwood
CD_M20260140005,2026-03-08T08:20:00.000+0000,CONCLUDED,Premiership,Opening Round,0,MCG,St Kilda,St Kilda,Collingwood,Collingwood,28.0,"https://s.afl.com.au/staticfile/AFL Tenant/AFL/Players/ChampIDImages/AFL/2026014/294596.png?im=Scale,width=0.6,height=0.6",FPL,CD_I294596,False,28.0,Tim,Membrey,CD_T40,,77.0,0.0,3.0,,5.0,3.0,8.0,4.0,0.0,1.0,2.0,7.0,9.0,0.0,4.0,1.0,0.0,0.0,25.0,3.0,0.0,3.0,31.0,0.0,0.0,0.0,-2.9,,,4.0,0.0,1.0,4.0,,,,6.0,91.0,0.0,0.0,0.0,1.0,20.0,1.7,2.0,2.0,0.0,22.2,0.0,0.0,0.0,1.0,0.0,0.0,5.0,1.0,0.0,0.0,0.0,0.0,0.0,2.0,0.0,0.0,0.0,0.0,0.0,CD_I294596,False,28.0,Tim,Membrey,away,Collingwood
CD_M20260140005,2026-03-08T08:20:00.000+0000,CONCLUDED,Premiership,Opening Round,0,MCG,St Kilda,St Kilda,Collingwood,Collingwood,15.0,"https://s.afl.com.au/staticfile/AFL Tenant/AFL/Players/ChampIDImages/AFL/2026014/1012873.png?im=Scale,width=0.6,height=0.6",WL,CD_I1012873,False,15.0,Wil,Parker,CD_T40,,77.0,0.0,0.0,,7.0,4.0,11.0,3.0,0.0,0.0,3.0,9.0,12.0,2.0,0.0,0.0,0.0,4.0,81.8,2.0,1.0,2.0,33.0,2.0,0.0,0.0,8.7,,,5.0,5.0,0.0,0.0,,,,1.0,199.0,0.0,0.0,0.0,6.0,85.7,1.8,9.0,0.0,1.0,25.0,0.0,0.0,0.0,1.0,0.0,0.0,19.0,15.0,3.0,0.0,1.0,1.0,100.0,0.0,0.0,0.0,0.0,0.0,0.0,CD_I1012873,False,15.0,Wil,Parker,away,Collingwood
CD_M20260140005,2026-03-08T08:20:00.000+0000,CONCLUDED,Premiership,Opening Round,0,MCG,St Kilda,St Kilda,Collingwood,Collingwood,10.0,"https://s.afl.com.au/staticfile/AFL Tenant/AFL/Players/ChampIDImages/AFL/2026014/260257.png?im=Scale,width=0.6,height=0.6",INT,CD_I260257,False,10.0,Scott,Pendlebury,CD_T40,,55.0,0.0,0.0,,9.0,17.0,26.0,8.0,0.0,4.0,11.0,15.0,26.0,2.0,1.0,0.0,0.0,1.0,80.8,1.0,0.0,0.0,101.0,1.0,5.0,0.0,14.7,,,1.0,4.0,0.0,0.0,,,,10.0,31.0,1.0,2.0,3.0,8.0,88.9,0.5,21.0,0.0,0.0,42.3,0.0,0.0,0.0,9.0,3.0,1.0,13.0,7.0,0.0,0.0,0.0,0.0,0.0,0.0,0.0,0.0,3.0,1.0,0.0,CD_I260257,False,10.0,Scott,Pendlebury,away,Collingwood
CD_M20260140005,2026-03-08T08:20:00.000+0000,CONCLUDED,Premiership,Opening Round,0,MCG,St Kilda,St Kilda,Collingwood,Collingwood,12.0,"https://s.afl.com.au/staticfile/AFL Tenant/AFL/Players/ChampIDImages/AFL/2026014/998205.png?im=Scale,width=0.6,height=0.6",HBFR,CD_I998205,False,12.0,Harry,Perryman,CD_T40,,81.0,0.0,0.0,,15.0,7.0,22.0,5.0,0.0,3.0,5.0,15.0,20.0,2.0,0.0,0.0,0.0,1.0,59.1,4.0,0.0,2.0,80.0,3.0,0.0,0.0,5.8,,,5.0,2.0,1.0,0.0,,,,4.0,301.0,2.0,0.0,2.0,9.0,60.0,2.1,13.0,0.0,0.0,25.0,0.0,0.0,0.0,4.0,1.0,2.0,13.0,11.0,0.0,0.0,0.0,0.0,0.0,0.0,0.0,0.0,15.0,0.0,0.0,CD_I998205,False,12.0,Harry,Perryman,away,Collingwood
CD_M20260140005,2026-03-08T08:20:00.000+0000,CONCLUDED,Premiership,Opening Round,0,MCG,St Kilda,St Kilda,Collingwood,Collingwood,3.0,"https://s.afl.com.au/staticfile/AFL Tenant/AFL/Players/ChampIDImages/AFL/2026014/1008089.png?im=Scale,width=0.6,height=0.6",FB,CD_I1008089,False,3.0,Isaac,Quaynor,CD_T40,,86.0,0.0,0.0,,15.0,8.0,23.0,11.0,0.0,0.0,5.0,16.0,21.0,0.0,0.0,1.0,0.0,3.0,91.3,0.0,1.0,0.0,95.0,3.0,0.0,0.0,9.9,,,0.0,9.0,0.0,0.0,,,,7.0,250.0,0.0,1.0,1.0,15.0,100.0,1.9,21.0,0.0,3.0,23.8,0.0,0.0,0.0,3.0,0.0,2.0,6.0,5.0,2.0,0.0,2.0,1.0,50.0,0.0,0.0,0.0,0.0,0.0,0.0,CD_I1008089,False,3.0,Isaac,Quaynor,away,Collingwood
CD_M20260140005,2026-03-08T08:20:00.000+0000,CONCLUDED,Premiership,Opening Round,0,MCG,St Kilda,St Kilda,Collingwood,Collingwood,8.0,"https://s.afl.com.au/staticfile/AFL Tenant/AFL/Players/ChampIDImages/AFL/2026014/1000860.png?im=Scale,width=0.6,height=0.6",HFFL,CD_I1000860,False,8.0,Lachie,Schultz,CD_T40,,82.0,2.0,0.0,,13.0,7.0,20.0,9.0,0.0,4.0,3.0,17.0,20.0,0.0,1.0,0.0,0.0,0.0,80.0,2.0,4.0,0.0,112.0,0.0,0.0,100.0,7.8,,,3.0,1.0,3.0,2.0,,,,5.0,277.0,0.0,0.0,0.0,10.0,76.9,1.9,16.0,3.0,0.0,15.0,0.0,0.0,0.0,0.0,0.0,0.0,22.0,10.0,0.0,0.0,0.0,0.0,0.0,1.0,1.0,100.0,0.0,0.0,0.0,CD_I1000860,False,8.0,Lachie,Schultz,away,Collingwood
CD_M20260140005,2026-03-08T08:20:00.000+0000,CONCLUDED,Premiership,Opening Round,0,MCG,St Kilda,St Kilda,Collingwood,Collingwood,22.0,"https://s.afl.com.au/staticfile/AFL Tenant/AFL/Players/ChampIDImages/AFL/2026014/280965.png?im=Scale,width=0.6,height=0.6",CHF,CD_I280965,False,22.0,Steele,Sidebottom,CD_T40,,72.0,0.0,0.0,,9.0,6.0,15.0,3.0,0.0,1.0,3.0,12.0,15.0,2.0,0.0,0.0,0.0,1.0,80.0,2.0,0.0,1.0,49.0,2.0,1.0,0.0,6.7,,,2.0,2.0,0.0,0.0,,,,6.0,275.0,1.0,0.0,1.0,7.0,77.8,1.5,12.0,0.0,0.0,20.0,0.0,0.0,0.0,3.0,0.0,1.0,12.0,7.0,0.0,0.0,0.0,0.0,0.0,0.0,0.0,0.0,4.0,0.0,0.0,CD_I280965,False,22.0,Steele,Sidebottom,away,Collingwood
CD_M20260140005,2026-03-08T08:20:00.000+0000,CONCLUDED,Premiership,Opening Round,0,MCG,St Kilda,St Kilda,Collingwood,Collingwood,45.0,"https://s.afl.com.au/staticfile/AFL Tenant/AFL/Players/ChampIDImages/AFL/2026014/1027501.png?im=Scale,width=0.6,height=0.6",WR,CD_I1027501,False,45.0,Roan,Steele,CD_T40,,75.0,1.0,0.0,,6.0,5.0,11.0,2.0,0.0,3.0,1.0,8.0,9.0,1.0,0.0,0.0,0.0,1.0,90.9,1.0,1.0,0.0,53.0,0.0,1.0,100.0,7.4,,,1.0,3.0,1.0,1.0,,,,4.0,223.0,0.0,0.0,0.0,5.0,83.3,1.2,10.0,0.0,0.0,11.1,0.0,0.0,0.0,0.0,0.0,2.0,14.0,7.0,1.0,0.0,0.0,0.0,0.0,0.0,0.0,0.0,0.0,0.0,0.0,CD_I1027501,False,45.0,Roan,Steele,away,Collingwood
CD_M20260140101,2026-03-12T08:30:00.000+0000,CONCLUDED,Premiership,Round 1,1,MCG,Carlton,Carlton,Richmond,Richmond,12.0,"https://s.afl.com.au/staticfile/AFL Tenant/AFL/Players/ChampIDImages/AFL/2026014/998130.png?im=Scale,width=0.6,height=0.6",HFFR,CD_I998130,False,12.0,Ben,Ainsworth,CD_T30,,78.0,0.0,0.0,,4.0,4.0,8.0,2.0,0.0,1.0,4.0,5.0,9.0,3.0,0.0,0.0,0.0,0.0,87.5,1.0,0.0,0.0,30.0,0.0,0.0,0.0,8.1,,,0.0,0.0,0.0,1.0,,,,2.0,140.0,0.0,0.0,0.0,3.0,75.0,1.0,7.0,0.0,0.0,44.4,0.0,0.0,0.0,4.0,0.0,0.0,14.0,6.0,0.0,0.0,0.0,0.0,0.0,0.0,0.0,0.0,0.0,0.0,0.0,CD_I998130,False,12.0,Ben,Ainsworth,home,Carlton
CD_M20260140101,2026-03-12T08:30:00.000+0000,CONCLUDED,Premiership,Round 1,1,MCG,Carlton,Carlton,Richmond,Richmond,32.0,"https://s.afl.com.au/staticfile/AFL Tenant/AFL/Players/ChampIDImages/AFL/2026014/1027964.png?im=Scale,width=0.6,height=0.6",INT,CD_I1027964,False,32.0,Matthew,Carroll,CD_T30,,72.0,0.0,1.0,,10.0,9.0,19.0,3.0,1.0,3.0,8.0,10.0,18.0,1.0,0.0,1.0,0.0,1.0,57.9,2.0,0.0,0.0,70.0,3.0,0.0,0.0,12.0,,,3.0,7.0,0.0,2.0,,,,4.0,416.0,0.0,0.0,0.0,4.0,40.0,1.1,11.0,0.0,1.0,44.4,0.0,0.0,0.0,7.0,0.0,1.0,11.0,6.0,1.0,0.0,0.0,0.0,0.0,1.0,1.0,100.0,0.0,0.0,0.0,CD_I1027964,False,32.0,Matthew,Carroll,home,Carlton
CD_M20260140101,2026-03-12T08:30:00.000+0000,CONCLUDED,Premiership,Round 1,1,MCG,Carlton,Carlton,Richmond,Richmond,31.0,"https://s.afl.com.au/staticfile/AFL Tenant/AFL/Players/ChampIDImages/AFL/2026014/1017057.png?im=Scale,width=0.6,height=0.6",WR,CD_I1017057,False,31.0,Campbell,Chesser,CD_T30,,77.0,0.0,1.0,,9.0,6.0,15.0,3.0,0.0,3.0,2.0,13.0,15.0,1.0,0.0,0.0,0.0,0.0,46.7,3.0,0.0,0.0,61.0,2.0,1.0,0.0,2.8,,,3.0,1.0,0.0,2.0,,,,5.0,328.0,0.0,1.0,1.0,3.0,33.3,1.5,7.0,1.0,0.0,13.3,0.0,0.0,0.0,2.0,0.0,0.0,8.0,5.0,0.0,0.0,0.0,0.0,0.0,0.0,0.0,0.0,0.0,0.0,0.0,CD_I1017057,False,31.0,Campbell,Chesser,home,Carlton
CD_M20260140101,2026-03-12T08:30:00.000+0000,CONCLUDED,Premiership,Round 1,1,MCG,Carlton,Carlton,Richmond,Richmond,2.0,"https://s.afl.com.au/staticfile/AFL Tenant/AFL/Players/ChampIDImages/AFL/2026014/1021353.png?im=Scale,width=0.6,height=0.6",INT,CD_I1021353,False,2.0,Lachlan,Cowan,CD_T30,,66.0,0.0,0.0,,8.0,6.0,14.0,2.0,0.0,2.0,2.0,9.0,11.0,1.0,0.0,0.0,0.0,2.0,78.6,5.0,0.0,2.0,44.0,5.0,0.0,0.0,1.3,,,4.0,3.0,0.0,0.0,,,,0.0,269.0,0.0,0.0,0.0,6.0,75.0,1.3,11.0,0.0,0.0,18.2,0.0,0.0,0.0,2.0,0.0,0.0,9.0,6.0,1.0,0.0,0.0,0.0,0.0,0.0,0.0,0.0,0.0,2.0,2.0,CD_I1021353,False,2.0,Lachlan,Cowan,home,Carlton
CD_M20260140101,2026-03-12T08:30:00.000+0000,CONCLUDED,Premiership,Round 1,1,MCG,Carlton,Carlton,Richmond,Richmond,9.0,"https://s.afl.com.au/staticfile/AFL Tenant/AFL/Players/ChampIDImages/AFL/2026014/990704.png?im=Scale,width=0.6,height=0.6",C,CD_I990704,False,9.0,Patrick,Cripps,CD_T30,,80.0,0.0,3.0,,12.0,20.0,32.0,1.0,0.0,3.0,19.0,13.0,32.0,4.0,1.0,1.0,0.0,0.0,59.4,3.0,5.0,1.0,96.0,1.0,1.0,0.0,8.4,,,1.0,1.0,0.0,3.0,,,,10.0,278.0,4.0,5.0,9.0,7.0,58.3,0.6,19.0,0.0,0.0,59.4,0.0,0.0,0.0,8.0,2.0,3.0,17.0,10.0,0.0,1.0,0.0,0.0,0.0,1.0,0.0,0.0,17.0,0.0,0.0,CD_I990704,False,9.0,Patrick,Cripps,home,Carlton
CD_M20260140101,2026-03-12T08:30:00.000+0000,CONCLUDED,Premiership,Round 1,1,MCG,Carlton,Carlton,Richmond,Richmond,35.0,"https://s.afl.com.au/staticfile/AFL Tenant/AFL/Players/ChampIDImages/AFL/2026014/1033084.png?im=Scale,width=0.6,height=0.6",BPL,CD_I1033084,False,35.0,Harry,Dean,CD_T30,,76.0,0.0,0.0,,5.0,2.0,7.0,0.0,0.0,0.0,1.0,7.0,8.0,0.0,0.0,0.0,0.0,7.0,85.7,2.0,2.0,1.0,18.0,3.0,0.0,0.0,2.6,,,0.0,2.0,0.0,0.0,,,,1.0,207.0,0.0,0.0,0.0,4.0,80.0,2.5,6.0,0.0,0.0,12.5,0.0,0.0,0.0,0.0,0.0,1.0,4.0,2.0,7.0,0.0,0.0,0.0,0.0,0.0,0.0,0.0,0.0,0.0,0.0,CD_I1033084,False,35.0,Harry,Dean,home,Carlton
CD_M20260140101,2026-03-12T08:30:00.000+0000,CONCLUDED,Premiership,Round 1,1,MCG,Carlton,Carlton,Richmond,Richmond,14.0,"https://s.afl.com.au/staticfile/AFL Tenant/AFL/Players/ChampIDImages/AFL/2026014/998103.png?im=Scale,width=0.6,height=0.6",HBFR,CD_I998103,False,14.0,Oliver,Florent,CD_T30,,80.0,0.0,0.0,,18.0,6.0,24.0,5.0,1.0,0.0,1.0,16.0,17.0,0.0,0.0,0.0,0.0,1.0,83.3,4.0,0.0,2.0,75.0,7.0,0.0,0.0,4.8,,,9.0,3.0,0.0,0.0,,,,2.0,606.0,0.0,0.0,0.0,15.0,83.3,3.0,20.0,0.0,1.0,5.9,0.0,0.0,0.0,1.0,0.0,0.0,7.0,5.0,1.0,0.0,0.0,0.0,0.0,0.0,0.0,0.0,0.0,8.0,7.0,CD_I998103,False,14.0,Oliver,Florent,home,Carlton
CD_M20260140101,2026-03-12T08:30:00.000+0000,CONCLUDED,Premiership,Round 1,1,MCG,Carlton,Carlton,Richmond,Richmond,8.0,"https://s.afl.com.au/staticfile/AFL Tenant/AFL/Players/ChampIDImages/AFL/2026014/1002228.png?im=Scale,width=0.6,height=0.6",INT,CD_I1002228,False,8.0,Lachie,Fogarty,CD_T30,,71.0,0.0,1.0,,1.0,5.0,6.0,0.0,0.0,3.0,4.0,3.0,7.0,0.0,0.0,0.0,0.0,0.0,83.3,1.0,1.0,1.0,24.0,1.0,1.0,0.0,3.5,,,1.0,2.0,2.0,1.0,,,,4.0,16.0,0.0,1.0,1.0,0.0,0.0,0.2,5.0,0.0,0.0,57.1,0.0,0.0,0.0,3.0,2.0,3.0,11.0,2.0,0.0,0.0,0.0,0.0,0.0,1.0,0.0,0.0,0.0,0.0,0.0,CD_I1002228,False,8.0,Lachie,Fogarty,home,Carlton
CD_M20260140101,2026-03-12T08:30:00.000+0000,CONCLUDED,Premiership,Round 1,1,MCG,Carlton,Carlton,Richmond,Richmond,19.0,"https://s.afl.com.au/staticfile/AFL Tenant/AFL/Players/ChampIDImages/AFL/2026014/997100.png?im=Scale,width=0.6,height=0.6",HFFL,CD_I997100,False,19.0,Will,Hayward,CD_T30,,74.0,1.0,0.0,,10.0,6.0,16.0,6.0,0.0,3.0,5.0,11.0,16.0,4.0,0.0,0.0,0.0,1.0,81.3,2.0,0.0,1.0,75.0,0.0,1.0,100.0,12.0,,,2.0,2.0,1.0,1.0,,,,5.0,322.0,0.0,0.0,0.0,8.0,80.0,1.7,13.0,1.0,0.0,31.3,0.0,0.0,0.0,5.0,0.0,1.0,14.0,2.0,0.0,0.0,0.0,0.0,0.0,0.0,0.0,0.0,0.0,0.0,0.0,CD_I997100,False,19.0,Will,Hayward,home,Carlton
CD_M20260140101,2026-03-12T08:30:00.000+0000,CONCLUDED,Premiership,Round 1,1,MCG,Carlton,Carlton,Richmond,Richmond,29.0,"https://s.afl.com.au/staticfile/AFL Tenant/AFL/Players/ChampIDImages/AFL/2026014/294036.png?im=Scale,width=0.6,height=0.6",INT,CD_I294036,False,29.0,George,Hewett,CD_T30,,67.0,1.0,0.0,,8.0,15.0,23.0,5.0,0.0,4.0,12.0,11.0,23.0,2.0,0.0,1.0,0.0,0.0,87.0,0.0,1.0,0.0,92.0,0.0,0.0,100.0,18.6,,,2.0,5.0,1.0,1.0,,,,6.0,149.0,2.0,3.0,5.0,6.0,75.0,0.5,20.0,0.0,1.0,52.2,0.0,0.0,0.0,8.0,1.0,1.0,16.0,9.0,0.0,0.0,0.0,0.0,0.0,0.0,0.0,0.0,16.0,0.0,0.0,CD_I294036,False,29.0,George,Hewett,home,Carlton
CD_M20260140101,2026-03-12T08:30:00.000+0000,CONCLUDED,Premiership,Round 1,1,MCG,Carlton,Carlton,Richmond,Richmond,20.0,"https://s.afl.com.au/staticfile/AFL Tenant/AFL/Players/ChampIDImages/AFL/2026014/1012862.png?im=Scale,width=0.6,height=0.6",CHF,CD_I1012862,False,20.0,Elijah,Hollands,CD_T30,,77.0,0.0,1.0,,7.0,7.0,14.0,3.0,0.0,1.0,8.0,9.0,17.0,4.0,0.0,0.0,0.0,1.0,78.6,3.0,0.0,2.0,43.0,0.0,0.0,0.0,10.9,,,5.0,5.0,0.0,1.0,,,,4.0,194.0,1.0,0.0,1.0,5.0,71.4,1.0,11.0,1.0,1.0,47.1,0.0,0.0,0.0,8.0,2.0,2.0,8.0,4.0,0.0,0.0,0.0,0.0,0.0,0.0,0.0,0.0,0.0,0.0,0.0,CD_I1012862,False,20.0,Elijah,Hollands,home,Carlton
CD_M20260140101,2026-03-12T08:30:00.000+0000,CONCLUDED,Premiership,Round 1,1,MCG,Carlton,Carlton,Richmond,Richmond,4.0,"https://s.afl.com.au/staticfile/AFL Tenant/AFL/Players/ChampIDImages/AFL/2026014/1023495.png?im=Scale,width=0.6,height=0.6",HBFL,CD_I1023495,False,4.0,Oliver,Hollands,CD_T30,,86.0,0.0,0.0,,8.0,6.0,14.0,3.0,0.0,1.0,2.0,10.0,12.0,1.0,0.0,0.0,0.0,0.0,64.3,4.0,0.0,0.0,49.0,4.0,1.0,0.0,-0.5,,,5.0,3.0,0.0,0.0,,,,2.0,298.0,0.0,0.0,0.0,5.0,62.5,1.3,9.0,0.0,0.0,16.7,0.0,0.0,0.0,2.0,0.0,0.0,11.0,8.0,0.0,0.0,0.0,0.0,0.0,0.0,0.0,0.0,0.0,2.0,1.0,CD_I1023495,False,4.0,Oliver,Hollands,home,Carlton
CD_M20260140101,2026-03-12T08:30:00.000+0000,CONCLUDED,Premiership,Round 1,1,MCG,Carlton,Carlton,Richmond,Richmond,17.0,"https://s.afl.com.au/staticfile/AFL Tenant/AFL/Players/ChampIDImages/AFL/2026014/1009241.png?im=Scale,width=0.6,height=0.6",FPR,CD_I1009241,False,17.0,Brodie,Kemp,CD_T30,,87.0,1.0,1.0,,6.0,4.0,10.0,6.0,0.0,4.0,0.0,11.0,11.0,0.0,2.0,0.0,0.0,1.0,70.0,3.0,0.0,2.0,61.0,2.0,0.0,50.0,1.2,,,4.0,1.0,1.0,2.0,,,,4.0,137.0,0.0,0.0,0.0,4.0,66.7,1.5,7.0,1.0,0.0,0.0,0.0,0.0,0.0,0.0,0.0,0.0,11.0,1.0,1.0,0.0,0.0,0.0,0.0,0.0,0.0,0.0,0.0,0.0,0.0,CD_I1009241,False,17.0,Brodie,Kemp,home,Carlton
CD_M20260140101,2026-03-12T08:30:00.000+0000,CONCLUDED,Premiership,Round 1,1,MCG,Carlton,Carlton,Richmond,Richmond,36.0,"https://s.afl.com.au/staticfile/AFL Tenant/AFL/Players/ChampIDImages/AFL/2026014/1032108.png?im=Scale,width=0.6,height=0.6",WL,CD_I1032108,False,36.0,Cooper,Lord,CD_T30,,78.0,1.0,0.0,,14.0,6.0,20.0,5.0,0.0,2.0,6.0,14.0,20.0,2.0,0.0,0.0,0.0,0.0,55.0,4.0,0.0,1.0,80.0,3.0,0.0,100.0,7.6,,,4.0,2.0,0.0,1.0,,,,5.0,375.0,0.0,2.0,2.0,6.0,42.9,2.3,11.0,0.0,1.0,30.0,0.0,0.0,0.0,6.0,1.0,1.0,9.0,5.0,0.0,0.0,0.0,0.0,0.0,0.0,0.0,0.0,1.0,0.0,0.0,CD_I1032108,False,36.0,Cooper,Lord,home,Carlton
CD_M20260140101,2026-03-12T08:30:00.000+0000,CONCLUDED,Premiership,Round 1,1,MCG,Carlton,Carlton,Richmond,Richmond,11.0,"https://s.afl.com.au/staticfile/AFL Tenant/AFL/Players/ChampIDImages/AFL/2026014/297255.png?im=Scale,width=0.6,height=0.6",CHB,CD_I297255,False,11.0,Mitch,McGovern,CD_T30,,82.0,2.0,0.0,,11.0,4.0,15.0,6.0,0.0,1.0,9.0,8.0,17.0,4.0,1.0,2.0,0.0,6.0,73.3,2.0,0.0,0.0,75.0,0.0,1.0,100.0,16.0,,,4.0,3.0,0.0,2.0,,,,5.0,346.0,0.0,0.0,0.0,8.0,72.7,2.8,11.0,0.0,0.0,52.9,0.0,0.0,0.0,5.0,2.0,0.0,8.0,3.0,3.0,0.0,1.0,0.0,0.0,1.0,0.0,0.0,0.0,1.0,1.0,CD_I297255,False,11.0,Mitch,McGovern,home,Carlton
CD_M20260140101,2026-03-12T08:30:00.000+0000,CONCLUDED,Premiership,Round 1,1,MCG,Carlton,Carlton,Richmond,Richmond,10.0,"https://s.afl.com.au/staticfile/AFL Tenant/AFL/Players/ChampIDImages/AFL/2026014/1000953.png?im=Scale,width=0.6,height=0.6",FPL,CD_I1000953,False,10.0,Harry,McKay,CD_T30,,91.0,2.0,2.0,,10.0,2.0,12.0,7.0,0.0,1.0,5.0,7.0,12.0,2.0,1.0,1.0,0.0,3.0,75.0,3.0,2.0,1.0,72.0,0.0,0.0,50.0,5.7,,,5.0,1.0,0.0,4.0,,,,6.0,243.0,0.0,0.0,0.0,8.0,80.0,5.0,9.0,3.0,1.0,41.7,0.0,0.0,0.0,2.0,1.0,1.0,9.0,5.0,3.0,0.0,0.0,0.0,0.0,6.0,1.0,16.7,0.0,0.0,0.0,CD_I1000953,False,10.0,Harry,McKay,home,Carlton
CD_M20260140101,2026-03-12T08:30:00.000+0000,CONCLUDED,Premiership,Round 1,1,MCG,Carlton,Carlton,Richmond,Richmond,40.0,"https://s.afl.com.au/staticfile/AFL Tenant/AFL/Players/ChampIDImages/AFL/2026014/1023489.png?im=Scale,width=0.6,height=0.6",INT,CD_I1023489,False,40.0,Hudson,O'Keeffe,CD_T30,,66.0,0.0,1.0,,3.0,4.0,7.0,2.0,0.0,3.0,3.0,4.0,7.0,2.0,1.0,1.0,10.0,2.0,57.1,4.0,2.0,1.0,45.0,0.0,0.0,0.0,0.9,,,2.0,0.0,1.0,1.0,,,,4.0,67.0,0.0,1.0,1.0,1.0,33.3,0.8,4.0,1.0,0.0,42.9,1.0,41.7,10.0,1.0,0.0,1.0,4.0,0.0,2.0,24.0,0.0,0.0,0.0,2.0,0.0,0.0,4.0,0.0,0.0,CD_I1023489,False,40.0,Hudson,O'Keeffe,home,Carlton
CD_M20260140101,2026-03-12T08:30:00.000+0000,CONCLUDED,Premiership,Round 1,1,MCG,Carlton,Carlton,Richmond,Richmond,27.0,"https://s.afl.com.au/staticfile/AFL Tenant/AFL/Players/ChampIDImages/AFL/2026014/298290.png?im=Scale,width=0.6,height=0.6",RK,CD_I298290,False,27.0,Marc,Pittonet,CD_T30,,74.0,1.0,1.0,,6.0,7.0,13.0,0.0,0.0,3.0,11.0,3.0,14.0,1.0,0.0,0.0,25.0,2.0,69.2,1.0,2.0,0.0,78.0,1.0,0.0,50.0,18.7,,,0.0,2.0,1.0,2.0,,,,8.0,136.0,1.0,5.0,6.0,3.0,50.0,0.9,9.0,0.0,0.0,78.6,11.0,50.0,44.0,4.0,0.0,6.0,9.0,4.0,1.0,50.0,0.0,0.0,0.0,0.0,0.0,0.0,19.0,0.0,0.0,CD_I298290,False,27.0,Marc,Pittonet,home,Carlton
CD_M20260140101,2026-03-12T08:30:00.000+0000,CONCLUDED,Premiership,Round 1,1,MCG,Carlton,Carlton,Richmond,Richmond,7.0,"https://s.afl.com.au/staticfile/AFL Tenant/AFL/Players/ChampIDImages/AFL/2026014/1028515.png?im=Scale,width=0.6,height=0.6",RR,CD_I1028515,False,7.0,Jagga,Smith,CD_T30,,73.0,0.0,1.0,,13.0,19.0,32.0,1.0,0.0,5.0,11.0,21.0,32.0,5.0,0.0,0.0,0.0,0.0,68.8,4.0,1.0,1.0,99.0,0.0,0.0,0.0,10.7,,,5.0,3.0,0.0,1.0,,,,11.0,303.0,0.0,3.0,3.0,4.0,30.8,0.7,22.0,0.0,0.0,34.4,0.0,0.0,0.0,11.0,1.0,2.0,9.0,2.0,0.0,0.0,0.0,0.0,0.0,0.0,0.0,0.0,15.0,0.0,0.0,CD_I1028515,False,7.0,Jagga,Smith,home,Carlton
CD_M20260140101,2026-03-12T08:30:00.000+0000,CONCLUDED,Premiership,Round 1,1,MCG,Carlton,Carlton,Richmond,Richmond,18.0,"https://s.afl.com.au/staticfile/AFL Tenant/AFL/Players/ChampIDImages/AFL/2026014/1006094.png?im=Scale,width=0.6,height=0.6",R,CD_I1006094,False,18.0,Sam,Walsh,CD_T30,,83.0,0.0,0.0,,13.0,17.0,30.0,4.0,0.0,5.0,9.0,20.0,29.0,4.0,0.0,0.0,0.0,1.0,80.0,6.0,1.0,2.0,100.0,4.0,0.0,0.0,13.4,,,5.0,4.0,0.0,0.0,,,,3.0,480.0,3.0,3.0,6.0,8.0,61.5,0.8,24.0,0.0,2.0,31.0,0.0,0.0,0.0,5.0,1.0,1.0,21.0,11.0,0.0,0.0,0.0,0.0,0.0,0.0,0.0,0.0,20.0,0.0,0.0,CD_I1006094,False,18.0,Sam,Walsh,home,Carlton
CD_M20260140101,2026-03-12T08:30:00.000+0000,CONCLUDED,Premiership,Round 1,1,MCG,Carlton,Carlton,Richmond,Richmond,23.0,"https://s.afl.com.au/staticfile/AFL Tenant/AFL/Players/ChampIDImages/AFL/2026014/993832.png?im=Scale,width=0.6,height=0.6",FB,CD_I993832,False,23.0,Jacob,Weitering,CD_T30,,95.0,0.0,0.0,,7.0,2.0,9.0,5.0,0.0,1.0,6.0,4.0,10.0,0.0,0.0,2.0,2.0,13.0,66.7,2.0,0.0,1.0,43.0,4.0,0.0,0.0,14.4,,,2.0,8.0,0.0,0.0,,,,0.0,243.0,0.0,0.0,0.0,4.0,57.1,3.5,6.0,0.0,2.0,60.0,0.0,66.7,0.0,2.0,0.0,0.0,6.0,6.0,11.0,3.0,5.0,0.0,0.0,0.0,0.0,0.0,0.0,0.0,0.0,CD_I993832,False,23.0,Jacob,Weitering,home,Carlton
CD_M20260140101,2026-03-12T08:30:00.000+0000,CONCLUDED,Premiership,Round 1,1,MCG,Carlton,Carlton,Richmond,Richmond,6.0,"https://s.afl.com.au/staticfile/AFL Tenant/AFL/Players/ChampIDImages/AFL/2026014/294685.png?im=Scale,width=0.6,height=0.6",FF,CD_I294685,False,6.0,Zac,Williams,CD_T30,,68.0,1.0,0.0,,12.0,5.0,17.0,3.0,1.0,2.0,5.0,9.0,14.0,2.0,1.0,1.0,0.0,1.0,94.1,0.0,0.0,0.0,69.0,5.0,0.0,100.0,14.6,,,2.0,4.0,0.0,1.0,,,,2.0,405.0,0.0,1.0,1.0,11.0,91.7,2.4,16.0,0.0,0.0,35.7,0.0,0.0,0.0,3.0,0.0,1.0,9.0,6.0,0.0,0.0,0.0,0.0,0.0,1.0,0.0,0.0,0.0,3.0,3.0,CD_I294685,False,6.0,Zac,Williams,home,Carlton
CD_M20260140101,2026-03-12T08:30:00.000+0000,CONCLUDED,Premiership,Round 1,1,MCG,Carlton,Carlton,Richmond,Richmond,33.0,"https://s.afl.com.au/staticfile/AFL Tenant/AFL/Players/ChampIDImages/AFL/2026014/997316.png?im=Scale,width=0.6,height=0.6",BPR,CD_I997316,False,33.0,Lewis,Young,CD_T30,,96.0,0.0,0.0,,6.0,4.0,10.0,3.0,0.0,2.0,5.0,5.0,10.0,0.0,0.0,0.0,2.0,6.0,70.0,4.0,1.0,2.0,40.0,5.0,0.0,0.0,1.7,,,1.0,8.0,0.0,0.0,,,,1.0,165.0,0.0,1.0,1.0,4.0,66.7,1.5,7.0,0.0,2.0,50.0,1.0,50.0,50.0,3.0,0.0,0.0,3.0,3.0,4.0,4.0,3.0,2.0,66.7,0.0,0.0,0.0,0.0,0.0,0.0,CD_I997316,False,33.0,Lewis,Young,home,Carlton
CD_M20260140101,2026-03-12T08:30:00.000+0000,CONCLUDED,Premiership,Round 1,1,MCG,Carlton,Carlton,Richmond,Richmond,34.0,"https://s.afl.com.au/staticfile/AFL Tenant/AFL/Players/ChampIDImages/AFL/2026014/1028525.png?im=Scale,width=0.6,height=0.6",FPR,CD_I1028525,False,34.0,Harry,Armstrong,CD_T120,,80.0,0.0,1.0,,5.0,1.0,6.0,4.0,0.0,1.0,2.0,4.0,6.0,2.0,1.0,1.0,0.0,1.0,50.0,1.0,0.0,0.0,34.0,0.0,0.0,0.0,-0.3,,,2.0,0.0,1.0,1.0,,,,2.0,122.0,0.0,0.0,0.0,2.0,40.0,5.0,3.0,1.0,0.0,33.3,0.0,0.0,0.0,1.0,1.0,0.0,4.0,0.0,1.0,0.0,0.0,0.0,0.0,1.0,0.0,0.0,0.0,0.0,0.0,CD_I1028525,False,34.0,Harry,Armstrong,away,Richmond
CD_M20260140101,2026-03-12T08:30:00.000+0000,CONCLUDED,Premiership,Round 1,1,MCG,Carlton,Carlton,Richmond,Richmond,21.0,"https://s.afl.com.au/staticfile/AFL Tenant/AFL/Players/ChampIDImages/AFL/2026014/1002245.png?im=Scale,width=0.6,height=0.6",BPR,CD_I1002245,False,21.0,Noah,Balta,CD_T120,,93.0,0.0,0.0,,17.0,2.0,19.0,7.0,0.0,0.0,8.0,11.0,19.0,3.0,0.0,1.0,0.0,5.0,73.7,8.0,2.0,1.0,75.0,7.0,0.0,0.0,7.2,,,7.0,9.0,0.0,0.0,,,,5.0,546.0,0.0,0.0,0.0,12.0,70.6,8.5,14.0,0.0,3.0,42.1,0.0,0.0,0.0,4.0,0.0,4.0,4.0,3.0,3.0,0.0,5.0,1.0,20.0,0.0,0.0,0.0,0.0,2.0,1.0,CD_I1002245,False,21.0,Noah,Balta,away,Richmond
CD_M20260140101,2026-03-12T08:30:00.000+0000,CONCLUDED,Premiership,Round 1,1,MCG,Carlton,Carlton,Richmond,Richmond,6.0,"https://s.afl.com.au/staticfile/AFL Tenant/AFL/Players/ChampIDImages/AFL/2026014/1013197.png?im=Scale,width=0.6,height=0.6",CHB,CD_I1013197,False,6.0,Sam,Banks,CD_T120,,76.0,0.0,0.0,,13.0,11.0,24.0,7.0,0.0,1.0,3.0,18.0,21.0,2.0,0.0,0.0,0.0,0.0,95.8,1.0,0.0,0.0,86.0,4.0,0.0,0.0,9.1,,,2.0,3.0,0.0,0.0,,,,6.0,458.0,0.0,0.0,0.0,12.0,92.3,1.2,23.0,0.0,0.0,14.3,0.0,0.0,0.0,3.0,0.0,2.0,6.0,4.0,0.0,0.0,0.0,0.0,0.0,0.0,0.0,0.0,0.0,3.0,3.0,CD_I1013197,False,6.0,Sam,Banks,away,Richmond
CD_M20260140101,2026-03-12T08:30:00.000+0000,CONCLUDED,Premiership,Round 1,1,MCG,Carlton,Carlton,Richmond,Richmond,35.0,"https://s.afl.com.au/staticfile/AFL Tenant/AFL/Players/ChampIDImages/AFL/2026014/295203.png?im=Scale,width=0.6,height=0.6",BPL,CD_I295203,False,35.0,Nathan,Broad,CD_T120,,70.0,0.0,0.0,,10.0,5.0,15.0,7.0,1.0,2.0,2.0,11.0,13.0,1.0,0.0,1.0,0.0,3.0,66.7,0.0,1.0,0.0,70.0,4.0,0.0,0.0,2.1,,,1.0,4.0,0.0,0.0,,,,4.0,125.0,0.0,0.0,0.0,7.0,70.0,2.0,10.0,0.0,3.0,15.4,0.0,0.0,0.0,0.0,0.0,2.0,5.0,4.0,3.0,0.0,2.0,0.0,0.0,0.0,0.0,0.0,0.0,1.0,1.0,CD_I295203,False,35.0,Nathan,Broad,away,Richmond
CD_M20260140101,2026-03-12T08:30:00.000+0000,CONCLUDED,Premiership,Round 1,1,MCG,Carlton,Carlton,Richmond,Richmond,44.0,"https://s.afl.com.au/staticfile/AFL Tenant/AFL/Players/ChampIDImages/AFL/2026014/1023275.png?im=Scale,width=0.6,height=0.6",CHF,CD_I1023275,False,44.0,Seth,Campbell,CD_T120,,80.0,0.0,1.0,,9.0,8.0,17.0,0.0,2.0,0.0,8.0,6.0,14.0,3.0,0.0,0.0,0.0,2.0,64.7,6.0,1.0,1.0,42.0,0.0,2.0,0.0,10.1,,,4.0,3.0,0.0,2.0,,,,7.0,250.0,0.0,2.0,2.0,5.0,55.6,1.1,11.0,0.0,0.0,57.1,0.0,0.0,0.0,8.0,4.0,2.0,16.0,5.0,1.0,0.0,1.0,0.0,0.0,0.0,0.0,0.0,0.0,0.0,0.0,CD_I1023275,False,44.0,Seth,Campbell,away,Richmond
CD_M20260140101,2026-03-12T08:30:00.000+0000,CONCLUDED,Premiership,Round 1,1,MCG,Carlton,Carlton,Richmond,Richmond,8.0,"https://s.afl.com.au/staticfile/AFL Tenant/AFL/Players/ChampIDImages/AFL/2026014/1028498.png?im=Scale,width=0.6,height=0.6",FPL,CD_I1028498,False,8.0,Jonty,Faull,CD_T120,,81.0,0.0,2.0,,8.0,2.0,10.0,6.0,0.0,4.0,3.0,8.0,11.0,2.0,2.0,0.0,0.0,2.0,50.0,2.0,2.0,0.0,66.0,0.0,0.0,0.0,-0.8,,,2.0,0.0,0.0,3.0,,,,6.0,254.0,0.0,0.0,0.0,3.0,37.5,4.0,5.0,1.0,0.0,27.3,0.0,0.0,0.0,1.0,0.0,0.0,10.0,3.0,2.0,0.0,0.0,0.0,0.0,2.0,0.0,0.0,0.0,0.0,0.0,CD_I1028498,False,8.0,Jonty,Faull,away,Richmond
CD_M20260140101,2026-03-12T08:30:00.000+0000,CONCLUDED,Premiership,Round 1,1,MCG,Carlton,Carlton,Richmond,Richmond,18.0,"https://s.afl.com.au/staticfile/AFL Tenant/AFL/Players/ChampIDImages/AFL/2026014/1017059.png?im=Scale,width=0.6,height=0.6",INT,CD_I1017059,False,18.0,Josh,Gibcus,CD_T120,,76.0,0.0,0.0,,6.0,3.0,9.0,4.0,0.0,4.0,4.0,3.0,7.0,0.0,0.0,1.0,0.0,5.0,66.7,1.0,0.0,0.0,52.0,2.0,0.0,0.0,2.6,,,4.0,6.0,0.0,0.0,,,,1.0,127.0,0.0,0.0,0.0,5.0,83.3,2.0,6.0,0.0,1.0,57.1,0.0,0.0,0.0,3.0,0.0,0.0,9.0,8.0,4.0,0.0,1.0,0.0,0.0,0.0,0.0,0.0,0.0,0.0,0.0,CD_I1017059,False,18.0,Josh,Gibcus,away,Richmond
CD_M20260140101,2026-03-12T08:30:00.000+0000,CONCLUDED,Premiership,Round 1,1,MCG,Carlton,Carlton,Richmond,Richmond,50.0,"https://s.afl.com.au/staticfile/AFL Tenant/AFL/Players/ChampIDImages/AFL/2026014/1036103.png?im=Scale,width=0.6,height=0.6",INT,CD_I1036103,False,50.0,Campbell,Gray,CD_T120,,32.0,0.0,0.0,,1.0,1.0,2.0,0.0,0.0,0.0,1.0,1.0,2.0,0.0,0.0,0.0,2.0,3.0,50.0,1.0,0.0,1.0,4.0,0.0,0.0,0.0,-0.2,,,0.0,0.0,0.0,0.0,,,,1.0,19.0,0.0,0.0,0.0,1.0,100.0,1.0,1.0,0.0,0.0,50.0,0.0,11.8,0.0,1.0,0.0,0.0,4.0,2.0,2.0,17.0,0.0,0.0,0.0,0.0,0.0,0.0,3.0,0.0,0.0,CD_I1036103,False,50.0,Campbell,Gray,away,Richmond
CD_M20260140101,2026-03-12T08:30:00.000+0000,CONCLUDED,Premiership,Round 1,1,MCG,Carlton,Carlton,Richmond,Richmond,48.0,"https://s.afl.com.au/staticfile/AFL Tenant/AFL/Players/ChampIDImages/AFL/2026014/1023056.png?im=Scale,width=0.6,height=0.6",INT,CD_I1023056,False,48.0,Steely,Green,CD_T120,,80.0,2.0,0.0,,9.0,3.0,12.0,4.0,1.0,2.0,5.0,7.0,12.0,3.0,0.0,0.0,0.0,1.0,83.3,0.0,1.0,0.0,66.0,1.0,0.0,100.0,13.3,,,3.0,1.0,1.0,2.0,,,,7.0,287.0,0.0,0.0,0.0,7.0,77.8,3.0,10.0,1.0,0.0,41.7,0.0,0.0,0.0,5.0,2.0,1.0,13.0,4.0,1.0,0.0,0.0,0.0,0.0,0.0,0.0,0.0,0.0,0.0,0.0,CD_I1023056,False,48.0,Steely,Green,away,Richmond
CD_M20260140101,2026-03-12T08:30:00.000+0000,CONCLUDED,Premiership,Round 1,1,MCG,Carlton,Carlton,Richmond,Richmond,24.0,"https://s.afl.com.au/staticfile/AFL Tenant/AFL/Players/ChampIDImages/AFL/2026014/1036579.png?im=Scale,width=0.6,height=0.6",HBFR,CD_I1036579,False,24.0,Sam,Grlj,CD_T120,,74.0,0.0,0.0,,13.0,6.0,19.0,7.0,1.0,4.0,5.0,13.0,18.0,3.0,0.0,0.0,0.0,1.0,89.5,3.0,2.0,0.0,90.0,5.0,0.0,0.0,9.9,,,3.0,5.0,0.0,0.0,,,,5.0,369.0,0.0,0.0,0.0,11.0,84.6,2.2,17.0,0.0,0.0,27.8,0.0,0.0,0.0,3.0,0.0,0.0,11.0,8.0,0.0,0.0,0.0,0.0,0.0,0.0,0.0,0.0,0.0,1.0,1.0,CD_I1036579,False,24.0,Sam,Grlj,away,Richmond
CD_M20260140101,2026-03-12T08:30:00.000+0000,CONCLUDED,Premiership,Round 1,1,MCG,Carlton,Carlton,Richmond,Richmond,2.0,"https://s.afl.com.au/staticfile/AFL Tenant/AFL/Players/ChampIDImages/AFL/2026014/993903.png?im=Scale,width=0.6,height=0.6",INT,CD_I993903,False,2.0,Jacob,Hopper,CD_T120,,73.0,0.0,0.0,,8.0,10.0,18.0,1.0,0.0,2.0,9.0,9.0,18.0,4.0,0.0,0.0,0.0,0.0,61.1,5.0,1.0,1.0,53.0,0.0,0.0,0.0,7.5,,,6.0,4.0,0.0,0.0,,,,4.0,247.0,1.0,1.0,2.0,3.0,37.5,0.8,11.0,1.0,0.0,50.0,0.0,0.0,0.0,6.0,0.0,1.0,12.0,6.0,0.0,0.0,0.0,0.0,0.0,0.0,0.0,0.0,16.0,0.0,0.0,CD_I993903,False,2.0,Jacob,Hopper,away,Richmond
CD_M20260140101,2026-03-12T08:30:00.000+0000,CONCLUDED,Premiership,Round 1,1,MCG,Carlton,Carlton,Richmond,Richmond,4.0,"https://s.afl.com.au/staticfile/AFL Tenant/AFL/Players/ChampIDImages/AFL/2026014/1028491.png?im=Scale,width=0.6,height=0.6",C,CD_I1028491,False,4.0,Sam,Lalor,CD_T120,,76.0,2.0,1.0,,12.0,4.0,16.0,4.0,0.0,1.0,9.0,6.0,15.0,5.0,2.0,2.0,0.0,1.0,75.0,3.0,1.0,2.0,68.0,0.0,0.0,66.7,14.1,,,5.0,2.0,1.0,3.0,,,,4.0,450.0,3.0,1.0,4.0,8.0,66.7,3.0,12.0,0.0,1.0,60.0,0.0,0.0,0.0,5.0,1.0,0.0,16.0,5.0,0.0,0.0,0.0,0.0,0.0,1.0,0.0,0.0,15.0,0.0,0.0,CD_I1028491,False,4.0,Sam,Lalor,away,Richmond
CD_M20260140101,2026-03-12T08:30:00.000+0000,CONCLUDED,Premiership,Round 1,1,MCG,Carlton,Carlton,Richmond,Richmond,19.0,"https://s.afl.com.au/staticfile/AFL Tenant/AFL/Players/ChampIDImages/AFL/2026014/293813.png?im=Scale,width=0.6,height=0.6",FF,CD_I293813,False,19.0,Tom,Lynch,CD_T120,,94.0,2.0,7.0,,11.0,1.0,12.0,6.0,0.0,4.0,7.0,6.0,13.0,0.0,5.0,2.0,0.0,4.0,33.3,6.0,3.0,5.0,76.0,0.0,0.0,20.0,-6.2,,,4.0,0.0,4.0,10.0,,,,11.0,259.0,0.0,0.0,0.0,3.0,27.3,11.0,4.0,3.0,0.0,53.8,0.0,0.0,0.0,1.0,1.0,0.0,9.0,1.0,4.0,8.0,0.0,0.0,0.0,3.0,2.0,66.7,0.0,0.0,0.0,CD_I293813,False,19.0,Tom,Lynch,away,Richmond
CD_M20260140101,2026-03-12T08:30:00.000+0000,CONCLUDED,Premiership,Round 1,1,MCG,Carlton,Carlton,Richmond,Richmond,7.0,"https://s.afl.com.au/staticfile/AFL Tenant/AFL/Players/ChampIDImages/AFL/2026014/1008478.png?im=Scale,width=0.6,height=0.6",HFFR,CD_I1008478,False,7.0,Rhyan,Mansell,CD_T120,,82.0,2.0,0.0,,9.0,3.0,12.0,7.0,0.0,4.0,5.0,7.0,12.0,3.0,3.0,1.0,0.0,0.0,58.3,2.0,0.0,1.0,79.0,0.0,1.0,66.7,13.7,,,4.0,0.0,3.0,3.0,,,,7.0,262.0,0.0,0.0,0.0,6.0,66.7,3.0,7.0,1.0,0.0,41.7,0.0,0.0,0.0,4.0,2.0,0.0,12.0,2.0,0.0,0.0,0.0,0.0,0.0,0.0,0.0,0.0,0.0,0.0,0.0,CD_I1008478,False,7.0,Rhyan,Mansell,away,Richmond
CD_M20260140101,2026-03-12T08:30:00.000+0000,CONCLUDED,Premiership,Round 1,1,MCG,Carlton,Carlton,Richmond,Richmond,28.0,"https://s.afl.com.au/staticfile/AFL Tenant/AFL/Players/ChampIDImages/AFL/2026014/1019916.png?im=Scale,width=0.6,height=0.6",WR,CD_I1019916,False,28.0,Kane,McAuliffe,CD_T120,,80.0,0.0,0.0,,9.0,7.0,16.0,0.0,0.0,3.0,3.0,15.0,18.0,6.0,0.0,0.0,0.0,2.0,62.5,5.0,0.0,1.0,50.0,0.0,0.0,0.0,2.9,,,3.0,1.0,0.0,0.0,,,,4.0,408.0,0.0,0.0,0.0,4.0,44.4,1.3,10.0,0.0,0.0,16.7,0.0,0.0,0.0,3.0,0.0,0.0,10.0,3.0,2.0,0.0,0.0,0.0,0.0,0.0,0.0,0.0,2.0,0.0,0.0,CD_I1019916,False,28.0,Kane,McAuliffe,away,Richmond
CD_M20260140101,2026-03-12T08:30:00.000+0000,CONCLUDED,Premiership,Round 1,1,MCG,Carlton,Carlton,Richmond,Richmond,12.0,"https://s.afl.com.au/staticfile/AFL Tenant/AFL/Players/ChampIDImages/AFL/2026014/1002403.png?im=Scale,width=0.6,height=0.6",FB,CD_I1002403,False,12.0,Ben,Miller,CD_T120,,95.0,0.0,0.0,,13.0,4.0,17.0,7.0,0.0,0.0,2.0,12.0,14.0,0.0,0.0,1.0,0.0,4.0,88.2,0.0,0.0,0.0,68.0,4.0,0.0,0.0,8.8,,,0.0,4.0,0.0,0.0,,,,4.0,316.0,0.0,0.0,0.0,11.0,84.6,3.3,15.0,0.0,2.0,14.3,0.0,0.0,0.0,1.0,0.0,0.0,7.0,5.0,4.0,0.0,2.0,0.0,0.0,0.0,0.0,0.0,0.0,4.0,2.0,CD_I1002403,False,12.0,Ben,Miller,away,Richmond
CD_M20260140101,2026-03-12T08:30:00.000+0000,CONCLUDED,Premiership,Round 1,1,MCG,Carlton,Carlton,Richmond,Richmond,25.0,"https://s.afl.com.au/staticfile/AFL Tenant/AFL/Players/ChampIDImages/AFL/2026014/298174.png?im=Scale,width=0.6,height=0.6",RK,CD_I298174,False,25.0,Toby,Nankervis,CD_T120,,76.0,0.0,0.0,,9.0,12.0,21.0,1.0,0.0,2.0,12.0,8.0,20.0,1.0,0.0,0.0,22.0,5.0,81.0,3.0,1.0,2.0,79.0,0.0,0.0,0.0,18.6,,,3.0,3.0,0.0,0.0,,,,4.0,174.0,4.0,3.0,7.0,5.0,55.6,0.8,17.0,0.0,0.0,60.0,7.0,38.6,31.8,8.0,1.0,2.0,10.0,5.0,2.0,57.0,0.0,0.0,0.0,1.0,0.0,0.0,20.0,0.0,0.0,CD_I298174,False,25.0,Toby,Nankervis,away,Richmond
CD_M20260140101,2026-03-12T08:30:00.000+0000,CONCLUDED,Premiership,Round 1,1,MCG,Carlton,Carlton,Richmond,Richmond,13.0,"https://s.afl.com.au/staticfile/AFL Tenant/AFL/Players/ChampIDImages/AFL/2026014/1011985.png?im=Scale,width=0.6,height=0.6",WL,CD_I1011985,False,13.0,Hugo,Ralphsmith,CD_T120,,86.0,0.0,0.0,,7.0,4.0,11.0,3.0,0.0,0.0,3.0,8.0,11.0,6.0,0.0,0.0,0.0,2.0,90.9,2.0,0.0,0.0,38.0,0.0,0.0,0.0,9.0,,,2.0,2.0,0.0,0.0,,,,4.0,268.0,0.0,1.0,1.0,6.0,85.7,1.8,10.0,0.0,0.0,27.3,0.0,0.0,0.0,2.0,0.0,1.0,18.0,6.0,2.0,0.0,1.0,0.0,0.0,0.0,0.0,0.0,0.0,0.0,0.0,CD_I1011985,False,13.0,Hugo,Ralphsmith,away,Richmond
CD_M20260140101,2026-03-12T08:30:00.000+0000,CONCLUDED,Premiership,Round 1,1,MCG,Carlton,Carlton,Richmond,Richmond,17.0,"https://s.afl.com.au/staticfile/AFL Tenant/AFL/Players/ChampIDImages/AFL/2026014/1009551.png?im=Scale,width=0.6,height=0.6",HFFL,CD_I1009551,False,17.0,Maurice,Rioli,CD_T120,,75.0,0.0,0.0,,3.0,3.0,6.0,1.0,0.0,4.0,4.0,4.0,8.0,1.0,0.0,0.0,0.0,2.0,83.3,2.0,2.0,0.0,36.0,1.0,0.0,0.0,8.6,,,2.0,4.0,1.0,0.0,,,,3.0,78.0,0.0,1.0,1.0,2.0,66.7,1.0,5.0,0.0,1.0,50.0,0.0,0.0,0.0,0.0,0.0,3.0,18.0,7.0,0.0,0.0,0.0,0.0,0.0,1.0,0.0,0.0,0.0,0.0,0.0,CD_I1009551,False,17.0,Maurice,Rioli,away,Richmond
CD_M20260140101,2026-03-12T08:30:00.000+0000,CONCLUDED,Premiership,Round 1,1,MCG,Carlton,Carlton,Richmond,Richmond,5.0,"https://s.afl.com.au/staticfile/AFL Tenant/AFL/Players/ChampIDImages/AFL/2026014/1006133.png?im=Scale,width=0.6,height=0.6",R,CD_I1006133,False,5.0,Jack,Ross,CD_T120,,75.0,0.0,0.0,,9.0,14.0,23.0,4.0,0.0,7.0,9.0,14.0,23.0,3.0,0.0,0.0,0.0,0.0,73.9,3.0,1.0,1.0,93.0,0.0,0.0,0.0,11.2,,,5.0,6.0,1.0,0.0,,,,5.0,283.0,0.0,4.0,4.0,8.0,88.9,0.6,17.0,0.0,1.0,39.1,0.0,0.0,0.0,8.0,1.0,1.0,23.0,14.0,0.0,0.0,0.0,0.0,0.0,0.0,0.0,0.0,15.0,0.0,0.0,CD_I1006133,False,5.0,Jack,Ross,away,Richmond
CD_M20260140101,2026-03-12T08:30:00.000+0000,CONCLUDED,Premiership,Round 1,1,MCG,Carlton,Carlton,Richmond,Richmond,15.0,"https://s.afl.com.au/staticfile/AFL Tenant/AFL/Players/ChampIDImages/AFL/2026014/992049.png?im=Scale,width=0.6,height=0.6",HBFL,CD_I992049,False,15.0,Jayden,Short,CD_T120,,83.0,1.0,0.0,,23.0,6.0,29.0,10.0,0.0,0.0,6.0,20.0,26.0,5.0,1.0,0.0,0.0,2.0,79.3,2.0,0.0,1.0,114.0,5.0,0.0,50.0,18.7,,,5.0,5.0,0.0,2.0,,,,9.0,753.0,0.0,1.0,1.0,18.0,78.3,3.8,23.0,0.0,1.0,23.1,0.0,0.0,0.0,5.0,0.0,4.0,9.0,5.0,1.0,0.0,1.0,1.0,100.0,0.0,0.0,0.0,0.0,4.0,4.0,CD_I992049,False,15.0,Jayden,Short,away,Richmond
CD_M20260140101,2026-03-12T08:30:00.000+0000,CONCLUDED,Premiership,Round 1,1,MCG,Carlton,Carlton,Richmond,Richmond,14.0,"https://s.afl.com.au/staticfile/AFL Tenant/AFL/Players/ChampIDImages/AFL/2026014/998172.png?im=Scale,width=0.6,height=0.6",RR,CD_I998172,False,14.0,Tim,Taranto,CD_T120,,83.0,0.0,0.0,,8.0,21.0,29.0,4.0,0.0,1.0,15.0,15.0,30.0,5.0,1.0,0.0,0.0,0.0,69.0,3.0,2.0,1.0,81.0,0.0,1.0,0.0,13.6,,,3.0,2.0,0.0,0.0,,,,7.0,329.0,4.0,3.0,7.0,5.0,62.5,0.4,20.0,0.0,0.0,50.0,0.0,0.0,0.0,12.0,1.0,1.0,20.0,10.0,0.0,0.0,0.0,0.0,0.0,0.0,0.0,0.0,21.0,0.0,0.0,CD_I998172,False,14.0,Tim,Taranto,away,Richmond
CD_M20260140101,2026-03-12T08:30:00.000+0000,CONCLUDED,Premiership,Round 1,1,MCG,Carlton,Carlton,Richmond,Richmond,36.0,"https://s.afl.com.au/staticfile/AFL Tenant/AFL/Players/ChampIDImages/AFL/2026014/1031829.png?im=Scale,width=0.6,height=0.6",INT,CD_I1031829,False,36.0,James,Trezise,CD_T120,,78.0,0.0,0.0,,5.0,7.0,12.0,3.0,0.0,3.0,2.0,10.0,12.0,2.0,0.0,0.0,0.0,2.0,100.0,1.0,1.0,0.0,51.0,1.0,1.0,0.0,8.8,,,0.0,5.0,0.0,0.0,,,,4.0,83.0,0.0,0.0,0.0,5.0,100.0,0.7,12.0,0.0,1.0,16.7,0.0,0.0,0.0,1.0,0.0,2.0,10.0,6.0,2.0,0.0,0.0,0.0,0.0,0.0,0.0,0.0,0.0,0.0,0.0,CD_I1031829,False,36.0,James,Trezise,away,Richmond
CD_M20260140102,2026-03-13T08:40:00.000+0000,CONCLUDED,Premiership,Round 1,1,MCG,Essendon,Essendon,Hawthorn,Hawthorn,46.0,"https://s.afl.com.au/staticfile/AFL Tenant/AFL/Players/ChampIDImages/AFL/2026014/1028196.png?im=Scale,width=0.6,height=0.6",RK,CD_I1028196,False,46.0,Lachlan,Blakiston,CD_T50,,83.0,0.0,0.0,,3.0,6.0,9.0,1.0,0.0,4.0,8.0,1.0,9.0,2.0,0.0,0.0,19.0,1.0,88.9,5.0,3.0,5.0,47.0,1.0,0.0,0.0,5.3,,,0.0,2.0,0.0,0.0,,,,3.0,80.0,3.0,2.0,5.0,3.0,100.0,0.5,8.0,0.0,1.0,88.9,4.0,32.2,21.1,4.0,0.0,3.0,16.0,9.0,1.0,59.0,0.0,0.0,0.0,0.0,0.0,0.0,31.0,0.0,0.0,CD_I1028196,False,46.0,Lachlan,Blakiston,home,Essendon
CD_M20260140102,2026-03-13T08:40:00.000+0000,CONCLUDED,Premiership,Round 1,1,MCG,Essendon,Essendon,Hawthorn,Hawthorn,30.0,"https://s.afl.com.au/staticfile/AFL Tenant/AFL/Players/ChampIDImages/AFL/2026014/1027899.png?im=Scale,width=0.6,height=0.6",CHF,CD_I1027899,False,30.0,Nate,Caddy,CD_T50,,88.0,1.0,1.0,,7.0,4.0,11.0,4.0,0.0,2.0,5.0,7.0,12.0,1.0,1.0,0.0,0.0,0.0,36.4,3.0,0.0,0.0,56.0,0.0,1.0,33.3,4.6,,,6.0,2.0,1.0,3.0,,,,3.0,193.0,0.0,0.0,0.0,1.0,14.3,1.8,4.0,4.0,0.0,41.7,0.0,0.0,0.0,5.0,4.0,0.0,7.0,1.0,0.0,0.0,0.0,0.0,0.0,1.0,0.0,0.0,0.0,0.0,0.0,CD_I1027899,False,30.0,Nate,Caddy,home,Essendon
CD_M20260140102,2026-03-13T08:40:00.000+0000,CONCLUDED,Premiership,Round 1,1,MCG,Essendon,Essendon,Hawthorn,Hawthorn,6.0,"https://s.afl.com.au/staticfile/AFL Tenant/AFL/Players/ChampIDImages/AFL/2026014/1006103.png?im=Scale,width=0.6,height=0.6",C,CD_I1006103,False,6.0,Jye,Caldwell,CD_T50,,72.0,1.0,1.0,,11.0,7.0,18.0,3.0,0.0,7.0,4.0,14.0,18.0,1.0,0.0,0.0,0.0,1.0,50.0,6.0,0.0,0.0,91.0,3.0,0.0,50.0,3.7,,,5.0,0.0,0.0,2.0,,,,4.0,295.0,1.0,1.0,2.0,5.0,45.5,1.6,9.0,0.0,0.0,22.2,0.0,0.0,0.0,2.0,1.0,0.0,24.0,14.0,0.0,0.0,0.0,0.0,0.0,0.0,0.0,0.0,26.0,0.0,0.0,CD_I1006103,False,6.0,Jye,Caldwell,home,Essendon
CD_M20260140102,2026-03-13T08:40:00.000+0000,CONCLUDED,Premiership,Round 1,1,MCG,Essendon,Essendon,Hawthorn,Hawthorn,22.0,"https://s.afl.com.au/staticfile/AFL Tenant/AFL/Players/ChampIDImages/AFL/2026014/1015810.png?im=Scale,width=0.6,height=0.6",HFFL,CD_I1015810,False,22.0,Sam,Durham,CD_T50,,72.0,2.0,0.0,,10.0,13.0,23.0,4.0,0.0,4.0,9.0,15.0,24.0,2.0,1.0,0.0,0.0,1.0,69.6,4.0,1.0,1.0,94.0,3.0,1.0,100.0,15.5,,,5.0,2.0,0.0,2.0,,,,5.0,430.0,2.0,3.0,5.0,6.0,60.0,0.8,16.0,1.0,1.0,37.5,0.0,0.0,0.0,7.0,1.0,2.0,15.0,7.0,0.0,0.0,0.0,0.0,0.0,0.0,0.0,0.0,16.0,0.0,0.0,CD_I1015810,False,22.0,Sam,Durham,home,Essendon
CD_M20260140102,2026-03-13T08:40:00.000+0000,CONCLUDED,Premiership,Round 1,1,MCG,Essendon,Essendon,Hawthorn,Hawthorn,28.0,"https://s.afl.com.au/staticfile/AFL Tenant/AFL/Players/ChampIDImages/AFL/2026014/1006096.png?im=Scale,width=0.6,height=0.6",WL,CD_I1006096,False,28.0,Xavier,Duursma,CD_T50,,83.0,2.0,0.0,,4.0,8.0,12.0,4.0,2.0,2.0,5.0,6.0,11.0,0.0,1.0,2.0,0.0,1.0,83.3,3.0,1.0,0.0,61.0,1.0,0.0,100.0,11.7,,,3.0,3.0,0.0,2.0,,,,4.0,158.0,0.0,0.0,0.0,3.0,75.0,0.5,10.0,0.0,0.0,45.5,0.0,0.0,0.0,2.0,1.0,0.0,10.0,6.0,1.0,0.0,1.0,0.0,0.0,0.0,0.0,0.0,0.0,0.0,0.0,CD_I1006096,False,28.0,Xavier,Duursma,home,Essendon
CD_M20260140102,2026-03-13T08:40:00.000+0000,CONCLUDED,Premiership,Round 1,1,MCG,Essendon,Essendon,Hawthorn,Hawthorn,33.0,"https://s.afl.com.au/staticfile/AFL Tenant/AFL/Players/ChampIDImages/AFL/2026014/1030308.png?im=Scale,width=0.6,height=0.6",FPL,CD_I1030308,False,33.0,Hussien,El Achkar,CD_T50,,76.0,1.0,0.0,,6.0,2.0,8.0,0.0,2.0,1.0,4.0,4.0,8.0,2.0,0.0,0.0,0.0,0.0,50.0,0.0,1.0,0.0,33.0,0.0,1.0,100.0,9.0,,,2.0,1.0,1.0,1.0,,,,3.0,150.0,0.0,0.0,0.0,3.0,50.0,3.0,4.0,0.0,0.0,50.0,0.0,0.0,0.0,4.0,3.0,1.0,17.0,4.0,0.0,0.0,0.0,0.0,0.0,0.0,0.0,0.0,0.0,0.0,0.0,CD_I1030308,False,33.0,Hussien,El Achkar,home,Essendon
CD_M20260140102,2026-03-13T08:40:00.000+0000,CONCLUDED,Premiership,Round 1,1,MCG,Essendon,Essendon,Hawthorn,Hawthorn,8.0,"https://s.afl.com.au/staticfile/AFL Tenant/AFL/Players/ChampIDImages/AFL/2026014/993799.png?im=Scale,width=0.6,height=0.6",WR,CD_I993799,False,8.0,Brayden,Fiorini,CD_T50,,79.0,1.0,1.0,,7.0,13.0,20.0,5.0,1.0,1.0,5.0,15.0,20.0,2.0,1.0,0.0,0.0,0.0,70.0,4.0,1.0,0.0,74.0,2.0,1.0,50.0,6.6,,,4.0,2.0,1.0,2.0,,,,4.0,255.0,1.0,0.0,1.0,4.0,57.1,0.5,14.0,0.0,0.0,25.0,0.0,0.0,0.0,4.0,2.0,0.0,12.0,5.0,0.0,0.0,0.0,0.0,0.0,0.0,0.0,0.0,0.0,0.0,0.0,CD_I993799,False,8.0,Brayden,Fiorini,home,Essendon
CD_M20260140102,2026-03-13T08:40:00.000+0000,CONCLUDED,Premiership,Round 1,1,MCG,Essendon,Essendon,Hawthorn,Hawthorn,40.0,"https://s.afl.com.au/staticfile/AFL Tenant/AFL/Players/ChampIDImages/AFL/2026014/1028519.png?im=Scale,width=0.6,height=0.6",HBFL,CD_I1028519,False,40.0,Zak,Johnson,CD_T50,,82.0,0.0,0.0,,9.0,7.0,16.0,3.0,1.0,0.0,3.0,11.0,14.0,0.0,0.0,0.0,0.0,2.0,75.0,2.0,0.0,0.0,50.0,3.0,0.0,0.0,4.2,,,4.0,1.0,0.0,0.0,,,,1.0,240.0,0.0,0.0,0.0,7.0,77.8,1.3,12.0,0.0,0.0,21.4,0.0,0.0,0.0,3.0,0.0,0.0,9.0,9.0,2.0,0.0,0.0,0.0,0.0,0.0,0.0,0.0,0.0,3.0,2.0,CD_I1028519,False,40.0,Zak,Johnson,home,Essendon
CD_M20260140102,2026-03-13T08:40:00.000+0000,CONCLUDED,Premiership,Round 1,1,MCG,Essendon,Essendon,Hawthorn,Hawthorn,29.0,"https://s.afl.com.au/staticfile/AFL Tenant/AFL/Players/ChampIDImages/AFL/2026014/1036584.png?im=Scale,width=0.6,height=0.6",INT,CD_I1036584,False,29.0,Max,Kondogiannis,CD_T50,,75.0,0.0,0.0,,5.0,10.0,15.0,4.0,0.0,2.0,2.0,13.0,15.0,1.0,0.0,0.0,0.0,1.0,93.3,1.0,0.0,1.0,52.0,2.0,0.0,0.0,5.9,,,2.0,1.0,0.0,0.0,,,,2.0,227.0,1.0,0.0,1.0,5.0,100.0,0.5,14.0,0.0,0.0,13.3,0.0,0.0,0.0,2.0,0.0,0.0,14.0,12.0,1.0,0.0,0.0,0.0,0.0,0.0,0.0,0.0,0.0,0.0,0.0,CD_I1036584,False,29.0,Max,Kondogiannis,home,Essendon
CD_M20260140102,2026-03-13T08:40:00.000+0000,CONCLUDED,Premiership,Round 1,1,MCG,Essendon,Essendon,Hawthorn,Hawthorn,4.0,"https://s.afl.com.au/staticfile/AFL Tenant/AFL/Players/ChampIDImages/AFL/2026014/298630.png?im=Scale,width=0.6,height=0.6",FPR,CD_I298630,False,4.0,Kyle,Langford,CD_T50,,89.0,0.0,1.0,,5.0,4.0,9.0,1.0,0.0,1.0,4.0,5.0,9.0,1.0,0.0,0.0,0.0,2.0,55.6,3.0,2.0,1.0,30.0,0.0,0.0,0.0,1.8,,,3.0,1.0,1.0,1.0,,,,3.0,138.0,0.0,0.0,0.0,1.0,20.0,1.3,5.0,1.0,0.0,44.4,0.0,0.0,0.0,2.0,1.0,0.0,6.0,3.0,1.0,2.0,0.0,0.0,0.0,1.0,0.0,0.0,0.0,0.0,0.0,CD_I298630,False,4.0,Kyle,Langford,home,Essendon
CD_M20260140102,2026-03-13T08:40:00.000+0000,CONCLUDED,Premiership,Round 1,1,MCG,Essendon,Essendon,Hawthorn,Hawthorn,26.0,"https://s.afl.com.au/staticfile/AFL Tenant/AFL/Players/ChampIDImages/AFL/2026014/1029084.png?im=Scale,width=0.6,height=0.6",INT,CD_I1029084,False,26.0,Archer,May,CD_T50,,59.0,0.0,0.0,,3.0,0.0,3.0,2.0,0.0,3.0,2.0,1.0,3.0,1.0,0.0,1.0,0.0,2.0,66.7,1.0,0.0,1.0,24.0,0.0,0.0,0.0,1.6,,,2.0,0.0,1.0,0.0,,,,0.0,109.0,0.0,0.0,0.0,2.0,66.7,3.0,2.0,1.0,0.0,66.7,0.0,0.0,0.0,1.0,0.0,0.0,10.0,4.0,2.0,3.0,0.0,0.0,0.0,0.0,0.0,0.0,0.0,0.0,0.0,CD_I1029084,False,26.0,Archer,May,home,Essendon
CD_M20260140102,2026-03-13T08:40:00.000+0000,CONCLUDED,Premiership,Round 1,1,MCG,Essendon,Essendon,Hawthorn,Hawthorn,1.0,"https://s.afl.com.au/staticfile/AFL Tenant/AFL/Players/ChampIDImages/AFL/2026014/998102.png?im=Scale,width=0.6,height=0.6",HBFR,CD_I998102,False,1.0,Andrew,McGrath,CD_T50,,82.0,0.0,0.0,,8.0,13.0,21.0,6.0,0.0,4.0,4.0,16.0,20.0,2.0,0.0,0.0,0.0,0.0,95.2,2.0,1.0,1.0,82.0,5.0,1.0,0.0,7.2,,,1.0,4.0,0.0,0.0,,,,2.0,276.0,0.0,0.0,0.0,7.0,87.5,0.6,20.0,0.0,0.0,20.0,0.0,0.0,0.0,3.0,0.0,0.0,10.0,8.0,0.0,0.0,1.0,0.0,0.0,0.0,0.0,0.0,0.0,1.0,1.0,CD_I998102,False,1.0,Andrew,McGrath,home,Essendon
CD_M20260140102,2026-03-13T08:40:00.000+0000,CONCLUDED,Premiership,Round 1,1,MCG,Essendon,Essendon,Hawthorn,Hawthorn,32.0,"https://s.afl.com.au/staticfile/AFL Tenant/AFL/Players/ChampIDImages/AFL/2026014/1002143.png?im=Scale,width=0.6,height=0.6",FB,CD_I1002143,False,32.0,Ben,McKay,CD_T50,,99.0,0.0,0.0,,5.0,7.0,12.0,8.0,1.0,0.0,3.0,9.0,12.0,0.0,0.0,1.0,0.0,4.0,100.0,0.0,0.0,0.0,53.0,3.0,0.0,0.0,14.7,,,0.0,10.0,0.0,0.0,,,,2.0,41.0,0.0,0.0,0.0,5.0,100.0,0.7,12.0,1.0,6.0,25.0,0.0,0.0,0.0,2.0,0.0,2.0,4.0,4.0,4.0,0.0,4.0,3.0,75.0,0.0,0.0,0.0,0.0,0.0,0.0,CD_I1002143,False,32.0,Ben,McKay,home,Essendon
CD_M20260140102,2026-03-13T08:40:00.000+0000,CONCLUDED,Premiership,Round 1,1,MCG,Essendon,Essendon,Hawthorn,Hawthorn,7.0,"https://s.afl.com.au/staticfile/AFL Tenant/AFL/Players/ChampIDImages/AFL/2026014/992016.png?im=Scale,width=0.6,height=0.6",R,CD_I992016,False,7.0,Zach,Merrett,CD_T50,,80.0,1.0,1.0,,17.0,15.0,32.0,5.0,0.0,2.0,10.0,22.0,32.0,6.0,0.0,0.0,0.0,0.0,65.6,1.0,1.0,0.0,112.0,2.0,1.0,50.0,20.1,,,5.0,3.0,1.0,2.0,,,,8.0,599.0,1.0,3.0,4.0,10.0,58.8,1.1,21.0,1.0,0.0,31.3,0.0,0.0,0.0,9.0,1.0,2.0,21.0,5.0,0.0,0.0,0.0,0.0,0.0,0.0,0.0,0.0,25.0,0.0,0.0,CD_I992016,False,7.0,Zach,Merrett,home,Essendon
CD_M20260140102,2026-03-13T08:40:00.000+0000,CONCLUDED,Premiership,Round 1,1,MCG,Essendon,Essendon,Hawthorn,Hawthorn,42.0,"https://s.afl.com.au/staticfile/AFL Tenant/AFL/Players/ChampIDImages/AFL/2026014/1018987.png?im=Scale,width=0.6,height=0.6",HFFR,CD_I1018987,False,42.0,Jayden,Nguyen,CD_T50,,78.0,0.0,0.0,,5.0,7.0,12.0,2.0,0.0,0.0,3.0,9.0,12.0,1.0,0.0,0.0,0.0,0.0,75.0,1.0,2.0,0.0,37.0,3.0,0.0,0.0,3.6,,,2.0,3.0,0.0,0.0,,,,0.0,201.0,0.0,0.0,0.0,2.0,40.0,0.7,9.0,0.0,0.0,25.0,0.0,0.0,0.0,1.0,0.0,0.0,10.0,7.0,0.0,0.0,0.0,0.0,0.0,0.0,0.0,0.0,0.0,0.0,0.0,CD_I1018987,False,42.0,Jayden,Nguyen,home,Essendon
CD_M20260140102,2026-03-13T08:40:00.000+0000,CONCLUDED,Premiership,Round 1,1,MCG,Essendon,Essendon,Hawthorn,Hawthorn,3.0,"https://s.afl.com.au/staticfile/AFL Tenant/AFL/Players/ChampIDImages/AFL/2026014/993817.png?im=Scale,width=0.6,height=0.6",RR,CD_I993817,False,3.0,Darcy,Parish,CD_T50,,69.0,0.0,0.0,,12.0,9.0,21.0,2.0,0.0,4.0,10.0,11.0,21.0,6.0,0.0,0.0,0.0,1.0,76.2,3.0,2.0,1.0,75.0,2.0,2.0,0.0,13.8,,,4.0,2.0,2.0,0.0,,,,6.0,383.0,2.0,4.0,6.0,10.0,83.3,1.3,16.0,0.0,0.0,47.6,0.0,0.0,0.0,5.0,0.0,1.0,21.0,8.0,0.0,0.0,0.0,0.0,0.0,0.0,0.0,0.0,20.0,0.0,0.0,CD_I993817,False,3.0,Darcy,Parish,home,Essendon
CD_M20260140102,2026-03-13T08:40:00.000+0000,CONCLUDED,Premiership,Round 1,1,MCG,Essendon,Essendon,Hawthorn,Hawthorn,16.0,"https://s.afl.com.au/staticfile/AFL Tenant/AFL/Players/ChampIDImages/AFL/2026014/1015873.png?im=Scale,width=0.6,height=0.6",INT,CD_I1015873,False,16.0,Archie,Perkins,CD_T50,,73.0,1.0,0.0,,8.0,9.0,17.0,3.0,2.0,2.0,4.0,13.0,17.0,4.0,1.0,0.0,0.0,0.0,70.6,3.0,1.0,0.0,66.0,0.0,1.0,100.0,7.6,,,3.0,1.0,0.0,1.0,,,,2.0,223.0,0.0,0.0,0.0,4.0,50.0,0.9,12.0,1.0,0.0,23.5,0.0,0.0,0.0,3.0,2.0,0.0,8.0,4.0,0.0,0.0,0.0,0.0,0.0,0.0,0.0,0.0,0.0,0.0,0.0,CD_I1015873,False,16.0,Archie,Perkins,home,Essendon
CD_M20260140102,2026-03-13T08:40:00.000+0000,CONCLUDED,Premiership,Round 1,1,MCG,Essendon,Essendon,Hawthorn,Hawthorn,25.0,"https://s.afl.com.au/staticfile/AFL Tenant/AFL/Players/ChampIDImages/AFL/2026014/1009386.png?im=Scale,width=0.6,height=0.6",BPL,CD_I1009386,False,25.0,Jaxon,Prior,CD_T50,,77.0,0.0,0.0,,5.0,5.0,10.0,3.0,1.0,1.0,5.0,5.0,10.0,3.0,0.0,0.0,0.0,1.0,90.0,1.0,0.0,0.0,38.0,1.0,0.0,0.0,7.6,,,0.0,3.0,1.0,0.0,,,,3.0,174.0,0.0,1.0,1.0,4.0,80.0,1.0,9.0,1.0,1.0,50.0,0.0,0.0,0.0,5.0,2.0,2.0,13.0,7.0,1.0,0.0,0.0,0.0,0.0,1.0,0.0,0.0,0.0,0.0,0.0,CD_I1009386,False,25.0,Jaxon,Prior,home,Essendon
CD_M20260140102,2026-03-13T08:40:00.000+0000,CONCLUDED,Premiership,Round 1,1,MCG,Essendon,Essendon,Hawthorn,Hawthorn,27.0,"https://s.afl.com.au/staticfile/AFL Tenant/AFL/Players/ChampIDImages/AFL/2026014/997078.png?im=Scale,width=0.6,height=0.6",CHB,CD_I997078,False,27.0,Mason,Redman,CD_T50,,89.0,0.0,0.0,,20.0,6.0,26.0,7.0,4.0,2.0,2.0,14.0,16.0,2.0,0.0,0.0,0.0,2.0,100.0,0.0,1.0,0.0,102.0,8.0,0.0,0.0,13.8,,,1.0,5.0,0.0,0.0,,,,3.0,558.0,0.0,0.0,0.0,20.0,100.0,3.3,26.0,1.0,3.0,12.5,0.0,0.0,0.0,1.0,0.0,2.0,8.0,7.0,1.0,0.0,1.0,1.0,100.0,0.0,0.0,0.0,0.0,11.0,10.0,CD_I997078,False,27.0,Mason,Redman,home,Essendon
CD_M20260140102,2026-03-13T08:40:00.000+0000,CONCLUDED,Premiership,Round 1,1,MCG,Essendon,Essendon,Hawthorn,Hawthorn,31.0,"https://s.afl.com.au/staticfile/AFL Tenant/AFL/Players/ChampIDImages/AFL/2026014/1012817.png?im=Scale,width=0.6,height=0.6",BPR,CD_I1012817,False,31.0,Zach,Reid,CD_T50,,95.0,0.0,0.0,,5.0,5.0,10.0,2.0,0.0,0.0,0.0,7.0,7.0,0.0,0.0,0.0,0.0,2.0,100.0,3.0,1.0,3.0,23.0,3.0,0.0,0.0,2.1,,,1.0,0.0,0.0,0.0,,,,1.0,168.0,0.0,0.0,0.0,5.0,100.0,1.0,10.0,0.0,0.0,0.0,0.0,0.0,0.0,0.0,0.0,1.0,3.0,3.0,1.0,0.0,2.0,2.0,100.0,0.0,0.0,0.0,0.0,4.0,3.0,CD_I1012817,False,31.0,Zach,Reid,home,Essendon
CD_M20260140102,2026-03-13T08:40:00.000+0000,CONCLUDED,Premiership,Round 1,1,MCG,Essendon,Essendon,Hawthorn,Hawthorn,21.0,"https://s.afl.com.au/staticfile/AFL Tenant/AFL/Players/ChampIDImages/AFL/2026014/1023515.png?im=Scale,width=0.6,height=0.6",INT,CD_I1023515,False,21.0,Archie,Roberts,CD_T50,,61.0,0.0,0.0,,13.0,7.0,20.0,2.0,0.0,0.0,5.0,13.0,18.0,3.0,0.0,0.0,0.0,0.0,65.0,2.0,0.0,0.0,59.0,2.0,0.0,0.0,5.5,,,5.0,1.0,0.0,0.0,,,,0.0,356.0,1.0,2.0,3.0,7.0,53.8,1.9,13.0,0.0,0.0,27.8,0.0,0.0,0.0,5.0,1.0,0.0,6.0,3.0,0.0,0.0,0.0,0.0,0.0,0.0,0.0,0.0,21.0,0.0,0.0,CD_I1023515,False,21.0,Archie,Roberts,home,Essendon
CD_M20260140102,2026-03-13T08:40:00.000+0000,CONCLUDED,Premiership,Round 1,1,MCG,Essendon,Essendon,Hawthorn,Hawthorn,15.0,"https://s.afl.com.au/staticfile/AFL Tenant/AFL/Players/ChampIDImages/AFL/2026014/1027168.png?im=Scale,width=0.6,height=0.6",INT,CD_I1027168,False,15.0,Dyson,Sharp,CD_T50,,58.0,2.0,0.0,,3.0,3.0,6.0,2.0,0.0,4.0,3.0,4.0,7.0,0.0,1.0,1.0,0.0,0.0,83.3,1.0,1.0,0.0,50.0,0.0,0.0,100.0,8.2,,,1.0,1.0,1.0,2.0,,,,2.0,110.0,0.0,0.0,0.0,3.0,100.0,1.0,5.0,0.0,0.0,42.9,0.0,0.0,0.0,1.0,1.0,1.0,12.0,4.0,0.0,0.0,0.0,0.0,0.0,1.0,1.0,100.0,3.0,0.0,0.0,CD_I1027168,False,15.0,Dyson,Sharp,home,Essendon
CD_M20260140102,2026-03-13T08:40:00.000+0000,CONCLUDED,Premiership,Round 1,1,MCG,Essendon,Essendon,Hawthorn,Hawthorn,20.0,"https://s.afl.com.au/staticfile/AFL Tenant/AFL/Players/ChampIDImages/AFL/2026014/298289.png?im=Scale,width=0.6,height=0.6",FF,CD_I298289,False,20.0,Peter,Wright,CD_T50,,80.0,1.0,0.0,,4.0,3.0,7.0,2.0,0.0,0.0,5.0,2.0,7.0,0.0,1.0,0.0,6.0,6.0,85.7,3.0,1.0,1.0,34.0,2.0,0.0,100.0,6.6,,,3.0,4.0,0.0,1.0,,,,3.0,80.0,0.0,0.0,0.0,3.0,75.0,1.3,6.0,0.0,0.0,71.4,1.0,23.1,16.7,4.0,1.0,1.0,15.0,3.0,3.0,26.0,0.0,0.0,0.0,3.0,0.0,0.0,6.0,0.0,0.0,CD_I298289,False,20.0,Peter,Wright,home,Essendon
CD_M20260140102,2026-03-13T08:40:00.000+0000,CONCLUDED,Premiership,Round 1,1,MCG,Essendon,Essendon,Hawthorn,Hawthorn,10.0,"https://s.afl.com.au/staticfile/AFL Tenant/AFL/Players/ChampIDImages/AFL/2026014/297354.png?im=Scale,width=0.6,height=0.6",BPL,CD_I297354,False,10.0,Karl,Amon,CD_T80,,77.0,0.0,1.0,,17.0,6.0,23.0,3.0,0.0,1.0,2.0,19.0,21.0,8.0,0.0,0.0,0.0,2.0,69.6,4.0,0.0,0.0,77.0,3.0,2.0,0.0,8.2,,,8.0,1.0,0.0,1.0,,,,6.0,629.0,0.0,0.0,0.0,10.0,58.8,2.8,16.0,0.0,0.0,9.5,0.0,0.0,0.0,2.0,0.0,0.0,16.0,11.0,0.0,0.0,0.0,0.0,0.0,0.0,0.0,0.0,0.0,2.0,2.0,CD_I297354,False,10.0,Karl,Amon,away,Hawthorn
CD_M20260140102,2026-03-13T08:40:00.000+0000,CONCLUDED,Premiership,Round 1,1,MCG,Essendon,Essendon,Hawthorn,Hawthorn,37.0,"https://s.afl.com.au/staticfile/AFL Tenant/AFL/Players/ChampIDImages/AFL/2026014/990290.png?im=Scale,width=0.6,height=0.6",FB,CD_I990290,False,37.0,Tom,Barrass,CD_T80,,77.0,0.0,0.0,,6.0,2.0,8.0,5.0,0.0,0.0,1.0,7.0,8.0,0.0,0.0,0.0,0.0,3.0,87.5,3.0,0.0,2.0,31.0,2.0,0.0,0.0,5.9,,,0.0,6.0,0.0,0.0,,,,5.0,49.0,0.0,0.0,0.0,5.0,83.3,3.0,7.0,0.0,5.0,12.5,0.0,0.0,0.0,1.0,0.0,4.0,2.0,2.0,3.0,0.0,1.0,0.0,0.0,0.0,0.0,0.0,0.0,0.0,0.0,CD_I990290,False,37.0,Tom,Barrass,away,Hawthorn
CD_M20260140102,2026-03-13T08:40:00.000+0000,CONCLUDED,Premiership,Round 1,1,MCG,Essendon,Essendon,Hawthorn,Hawthorn,24.0,"https://s.afl.com.au/staticfile/AFL Tenant/AFL/Players/ChampIDImages/AFL/2026014/998134.png?im=Scale,width=0.6,height=0.6",HBFL,CD_I998134,False,24.0,Josh,Battle,CD_T80,,91.0,0.0,0.0,,14.0,4.0,18.0,10.0,0.0,3.0,4.0,13.0,17.0,0.0,0.0,0.0,0.0,2.0,100.0,0.0,2.0,0.0,94.0,3.0,0.0,0.0,9.5,,,0.0,5.0,0.0,0.0,,,,5.0,244.0,0.0,0.0,0.0,14.0,100.0,3.5,18.0,0.0,0.0,23.5,0.0,0.0,0.0,2.0,0.0,2.0,13.0,13.0,2.0,0.0,1.0,0.0,0.0,0.0,0.0,0.0,0.0,0.0,0.0,CD_I998134,False,24.0,Josh,Battle,away,Hawthorn
CD_M20260140102,2026-03-13T08:40:00.000+0000,CONCLUDED,Premiership,Round 1,1,MCG,Essendon,Essendon,Hawthorn,Hawthorn,30.0,"https://s.afl.com.au/staticfile/AFL Tenant/AFL/Players/ChampIDImages/AFL/2026014/1010708.png?im=Scale,width=0.6,height=0.6",INT,CD_I1010708,False,30.0,Sam,Butler,CD_T80,,74.0,0.0,0.0,,7.0,2.0,9.0,7.0,0.0,0.0,0.0,9.0,9.0,0.0,0.0,0.0,0.0,0.0,88.9,1.0,0.0,0.0,46.0,0.0,0.0,0.0,0.6,,,0.0,1.0,0.0,0.0,,,,3.0,68.0,0.0,0.0,0.0,6.0,85.7,3.5,8.0,0.0,1.0,0.0,0.0,0.0,0.0,0.0,0.0,0.0,9.0,2.0,0.0,0.0,1.0,0.0,0.0,0.0,0.0,0.0,0.0,0.0,0.0,CD_I1010708,False,30.0,Sam,Butler,away,Hawthorn
CD_M20260140102,2026-03-13T08:40:00.000+0000,CONCLUDED,Premiership,Round 1,1,MCG,Essendon,Essendon,Hawthorn,Hawthorn,18.0,"https://s.afl.com.au/staticfile/AFL Tenant/AFL/Players/ChampIDImages/AFL/2026014/994077.png?im=Scale,width=0.6,height=0.6",FF,CD_I994077,False,18.0,Mabior,Chol,CD_T80,,77.0,1.0,3.0,,13.0,1.0,14.0,9.0,0.0,1.0,5.0,8.0,13.0,3.0,3.0,2.0,0.0,1.0,50.0,3.0,0.0,2.0,75.0,0.0,0.0,25.0,3.7,,,1.0,1.0,0.0,4.0,,,,9.0,280.0,0.0,1.0,1.0,6.0,46.2,13.0,7.0,2.0,0.0,38.5,0.0,0.0,0.0,3.0,2.0,1.0,12.0,2.0,1.0,0.0,0.0,0.0,0.0,2.0,1.0,50.0,0.0,0.0,0.0,CD_I994077,False,18.0,Mabior,Chol,away,Hawthorn
CD_M20260140102,2026-03-13T08:40:00.000+0000,CONCLUDED,Premiership,Round 1,1,MCG,Essendon,Essendon,Hawthorn,Hawthorn,16.0,"https://s.afl.com.au/staticfile/AFL Tenant/AFL/Players/ChampIDImages/AFL/2026014/1005144.png?im=Scale,width=0.6,height=0.6",WR,CD_I1005144,False,16.0,Massimo,D'Ambrosio,CD_T80,,80.0,1.0,0.0,,6.0,6.0,12.0,5.0,3.0,1.0,3.0,10.0,13.0,4.0,0.0,0.0,0.0,0.0,66.7,2.0,0.0,1.0,52.0,1.0,0.0,100.0,6.9,,,5.0,1.0,0.0,1.0,,,,5.0,277.0,0.0,0.0,0.0,4.0,66.7,1.0,8.0,0.0,0.0,23.1,0.0,0.0,0.0,3.0,0.0,0.0,13.0,9.0,0.0,0.0,0.0,0.0,0.0,1.0,0.0,0.0,0.0,0.0,0.0,CD_I1005144,False,16.0,Massimo,D'Ambrosio,away,Hawthorn
CD_M20260140102,2026-03-13T08:40:00.000+0000,CONCLUDED,Premiership,Round 1,1,MCG,Essendon,Essendon,Hawthorn,Hawthorn,33.0,"https://s.afl.com.au/staticfile/AFL Tenant/AFL/Players/ChampIDImages/AFL/2026014/1012857.png?im=Scale,width=0.6,height=0.6",HFFL,CD_I1012857,False,33.0,Jack,Ginnivan,CD_T80,,83.0,1.0,3.0,,14.0,6.0,20.0,9.0,0.0,2.0,4.0,15.0,19.0,7.0,2.0,0.0,0.0,1.0,70.0,1.0,1.0,0.0,99.0,0.0,1.0,25.0,6.9,,,1.0,2.0,1.0,4.0,,,,10.0,410.0,0.0,1.0,1.0,9.0,64.3,2.3,14.0,1.0,0.0,21.1,0.0,0.0,0.0,2.0,1.0,1.0,13.0,2.0,0.0,1.0,0.0,0.0,0.0,0.0,0.0,0.0,0.0,0.0,0.0,CD_I1012857,False,33.0,Jack,Ginnivan,away,Hawthorn
CD_M20260140102,2026-03-13T08:40:00.000+0000,CONCLUDED,Premiership,Round 1,1,MCG,Essendon,Essendon,Hawthorn,Hawthorn,19.0,"https://s.afl.com.au/staticfile/AFL Tenant/AFL/Players/ChampIDImages/AFL/2026014/291351.png?im=Scale,width=0.6,height=0.6",FPR,CD_I291351,False,19.0,Jack,Gunston,CD_T80,,77.0,5.0,1.0,,8.0,2.0,10.0,8.0,0.0,0.0,3.0,7.0,10.0,1.0,6.0,2.0,0.0,0.0,80.0,1.0,1.0,0.0,84.0,0.0,1.0,83.3,10.0,,,1.0,0.0,0.0,6.0,,,,7.0,171.0,0.0,0.0,0.0,6.0,75.0,4.0,8.0,3.0,0.0,30.0,0.0,0.0,0.0,0.0,0.0,0.0,11.0,0.0,0.0,0.0,0.0,0.0,0.0,2.0,2.0,100.0,0.0,0.0,0.0,CD_I291351,False,19.0,Jack,Gunston,away,Hawthorn
CD_M20260140102,2026-03-13T08:40:00.000+0000,CONCLUDED,Premiership,Round 1,1,MCG,Essendon,Essendon,Hawthorn,Hawthorn,15.0,"https://s.afl.com.au/staticfile/AFL Tenant/AFL/Players/ChampIDImages/AFL/2026014/993794.png?im=Scale,width=0.6,height=0.6",HBFR,CD_I993794,False,15.0,Blake,Hardwick,CD_T80,,91.0,0.0,0.0,,13.0,8.0,21.0,11.0,3.0,0.0,5.0,15.0,20.0,0.0,0.0,1.0,0.0,1.0,90.5,2.0,0.0,1.0,85.0,4.0,0.0,0.0,11.4,,,1.0,4.0,0.0,0.0,,,,5.0,195.0,0.0,1.0,1.0,13.0,100.0,1.6,19.0,0.0,2.0,25.0,0.0,0.0,0.0,4.0,0.0,2.0,9.0,8.0,1.0,0.0,0.0,0.0,0.0,0.0,0.0,0.0,0.0,1.0,1.0,CD_I993794,False,15.0,Blake,Hardwick,away,Hawthorn
CD_M20260140102,2026-03-13T08:40:00.000+0000,CONCLUDED,Premiership,Round 1,1,MCG,Essendon,Essendon,Hawthorn,Hawthorn,4.0,"https://s.afl.com.au/staticfile/AFL Tenant/AFL/Players/ChampIDImages/AFL/2026014/296254.png?im=Scale,width=0.6,height=0.6",BPR,CD_I296254,False,4.0,Jarman,Impey,CD_T80,,82.0,0.0,0.0,,16.0,7.0,23.0,12.0,0.0,4.0,3.0,22.0,25.0,2.0,0.0,0.0,0.0,1.0,82.6,1.0,0.0,0.0,114.0,5.0,1.0,0.0,14.7,,,2.0,7.0,0.0,0.0,,,,8.0,449.0,0.0,0.0,0.0,14.0,87.5,2.3,19.0,0.0,4.0,12.0,0.0,0.0,0.0,3.0,0.0,3.0,9.0,6.0,1.0,0.0,1.0,1.0,100.0,0.0,0.0,0.0,0.0,0.0,0.0,CD_I296254,False,4.0,Jarman,Impey,away,Hawthorn
CD_M20260140102,2026-03-13T08:40:00.000+0000,CONCLUDED,Premiership,Round 1,1,MCG,Essendon,Essendon,Hawthorn,Hawthorn,2.0,"https://s.afl.com.au/staticfile/AFL Tenant/AFL/Players/ChampIDImages/AFL/2026014/1000887.png?im=Scale,width=0.6,height=0.6",INT,CD_I1000887,False,2.0,Mitch,Lewis,CD_T80,,77.0,0.0,1.0,,8.0,3.0,11.0,6.0,0.0,1.0,2.0,9.0,11.0,1.0,1.0,0.0,0.0,3.0,81.8,1.0,1.0,1.0,51.0,0.0,1.0,0.0,6.0,,,0.0,2.0,0.0,1.0,,,,7.0,158.0,0.0,0.0,0.0,6.0,75.0,2.7,9.0,4.0,0.0,18.2,0.0,0.0,0.0,1.0,0.0,1.0,7.0,1.0,2.0,0.0,0.0,0.0,0.0,1.0,1.0,100.0,0.0,0.0,0.0,CD_I1000887,False,2.0,Mitch,Lewis,away,Hawthorn
CD_M20260140102,2026-03-13T08:40:00.000+0000,CONCLUDED,Premiership,Round 1,1,MCG,Essendon,Essendon,Hawthorn,Hawthorn,9.0,"https://s.afl.com.au/staticfile/AFL Tenant/AFL/Players/ChampIDImages/AFL/2026014/1017094.png?im=Scale,width=0.6,height=0.6",FPL,CD_I1017094,False,9.0,Connor,Macdonald,CD_T80,,79.0,2.0,2.0,,15.0,9.0,24.0,3.0,0.0,0.0,7.0,17.0,24.0,7.0,0.0,1.0,0.0,0.0,70.8,3.0,1.0,1.0,84.0,0.0,1.0,40.0,21.5,,,3.0,2.0,0.0,5.0,,,,12.0,439.0,1.0,0.0,1.0,10.0,66.7,1.7,17.0,1.0,0.0,29.2,0.0,0.0,0.0,5.0,1.0,0.0,13.0,1.0,0.0,0.0,0.0,0.0,0.0,1.0,1.0,100.0,9.0,0.0,0.0,CD_I1017094,False,9.0,Connor,Macdonald,away,Hawthorn
CD_M20260140102,2026-03-13T08:40:00.000+0000,CONCLUDED,Premiership,Round 1,1,MCG,Essendon,Essendon,Hawthorn,Hawthorn,28.0,"https://s.afl.com.au/staticfile/AFL Tenant/AFL/Players/ChampIDImages/AFL/2026014/1023482.png?im=Scale,width=0.6,height=0.6",C,CD_I1023482,False,28.0,Cam,Mackenzie,CD_T80,,74.0,0.0,1.0,,13.0,8.0,21.0,6.0,0.0,5.0,6.0,15.0,21.0,1.0,0.0,0.0,0.0,1.0,71.4,1.0,1.0,0.0,95.0,1.0,0.0,0.0,5.7,,,2.0,0.0,1.0,1.0,,,,8.0,132.0,4.0,1.0,5.0,8.0,61.5,1.6,15.0,1.0,0.0,28.6,0.0,0.0,0.0,5.0,0.0,1.0,26.0,6.0,1.0,0.0,0.0,0.0,0.0,0.0,0.0,0.0,16.0,0.0,0.0,CD_I1023482,False,28.0,Cam,Mackenzie,away,Hawthorn
CD_M20260140102,2026-03-13T08:40:00.000+0000,CONCLUDED,Premiership,Round 1,1,MCG,Essendon,Essendon,Hawthorn,Hawthorn,17.0,"https://s.afl.com.au/staticfile/AFL Tenant/AFL/Players/ChampIDImages/AFL/2026014/1000980.png?im=Scale,width=0.6,height=0.6",RK,CD_I1000980,False,17.0,Lloyd,Meek,CD_T80,,58.0,0.0,0.0,,6.0,7.0,13.0,3.0,0.0,2.0,8.0,5.0,13.0,2.0,0.0,0.0,26.0,3.0,69.2,5.0,2.0,4.0,65.0,0.0,0.0,0.0,10.5,,,3.0,3.0,1.0,0.0,,,,1.0,157.0,0.0,5.0,5.0,4.0,66.7,0.9,9.0,0.0,3.0,61.5,6.0,47.3,23.1,3.0,0.0,1.0,6.0,1.0,2.0,55.0,0.0,0.0,0.0,0.0,0.0,0.0,18.0,0.0,0.0,CD_I1000980,False,17.0,Lloyd,Meek,away,Hawthorn
CD_M20260140102,2026-03-13T08:40:00.000+0000,CONCLUDED,Premiership,Round 1,1,MCG,Essendon,Essendon,Hawthorn,Hawthorn,8.0,"https://s.afl.com.au/staticfile/AFL Tenant/AFL/Players/ChampIDImages/AFL/2026014/1006314.png?im=Scale,width=0.6,height=0.6",WL,CD_I1006314,False,8.0,Dylan,Moore,CD_T80,,85.0,1.0,1.0,,17.0,7.0,24.0,7.0,1.0,2.0,5.0,19.0,24.0,4.0,1.0,0.0,0.0,0.0,79.2,2.0,1.0,1.0,99.0,1.0,1.0,50.0,13.6,,,3.0,0.0,0.0,2.0,,,,13.0,375.0,1.0,1.0,2.0,12.0,70.6,2.4,19.0,0.0,0.0,20.8,0.0,0.0,0.0,3.0,1.0,0.0,10.0,3.0,0.0,0.0,0.0,0.0,0.0,0.0,0.0,0.0,4.0,0.0,0.0,CD_I1006314,False,8.0,Dylan,Moore,away,Hawthorn
CD_M20260140102,2026-03-13T08:40:00.000+0000,CONCLUDED,Premiership,Round 1,1,MCG,Essendon,Essendon,Hawthorn,Hawthorn,11.0,"https://s.afl.com.au/staticfile/AFL Tenant/AFL/Players/ChampIDImages/AFL/2026014/1007124.png?im=Scale,width=0.6,height=0.6",INT,CD_I1007124,False,11.0,Conor,Nash,CD_T80,,79.0,1.0,0.0,,6.0,17.0,23.0,5.0,0.0,4.0,13.0,10.0,23.0,1.0,2.0,0.0,0.0,3.0,78.3,4.0,0.0,1.0,86.0,0.0,1.0,100.0,14.7,,,2.0,4.0,0.0,1.0,,,,9.0,136.0,4.0,3.0,7.0,4.0,66.7,0.4,18.0,1.0,0.0,56.5,0.0,0.0,0.0,10.0,0.0,3.0,17.0,7.0,0.0,0.0,0.0,0.0,0.0,0.0,0.0,0.0,24.0,0.0,0.0,CD_I1007124,False,11.0,Conor,Nash,away,Hawthorn
CD_M20260140102,2026-03-13T08:40:00.000+0000,CONCLUDED,Premiership,Round 1,1,MCG,Essendon,Essendon,Hawthorn,Hawthorn,3.0,"https://s.afl.com.au/staticfile/AFL Tenant/AFL/Players/ChampIDImages/AFL/2026014/1020895.png?im=Scale,width=0.6,height=0.6",RR,CD_I1020895,False,3.0,Jai,Newcombe,CD_T80,,73.0,1.0,1.0,,11.0,11.0,22.0,6.0,2.0,4.0,7.0,15.0,22.0,2.0,1.0,0.0,0.0,0.0,72.7,2.0,1.0,2.0,91.0,1.0,0.0,50.0,11.2,,,2.0,0.0,0.0,2.0,,,,10.0,318.0,3.0,3.0,6.0,6.0,54.5,1.0,16.0,0.0,0.0,31.8,0.0,0.0,0.0,2.0,0.0,1.0,18.0,4.0,0.0,0.0,0.0,0.0,0.0,0.0,0.0,0.0,26.0,0.0,0.0,CD_I1020895,False,3.0,Jai,Newcombe,away,Hawthorn
CD_M20260140102,2026-03-13T08:40:00.000+0000,CONCLUDED,Premiership,Round 1,1,MCG,Essendon,Essendon,Hawthorn,Hawthorn,7.0,"https://s.afl.com.au/staticfile/AFL Tenant/AFL/Players/ChampIDImages/AFL/2026014/1001024.png?im=Scale,width=0.6,height=0.6",INT,CD_I1001024,False,7.0,Ned,Reeves,CD_T80,,53.0,2.0,0.0,,5.0,7.0,12.0,3.0,0.0,1.0,8.0,5.0,13.0,2.0,1.0,0.0,17.0,2.0,100.0,0.0,2.0,0.0,73.0,0.0,2.0,100.0,19.4,,,0.0,3.0,1.0,2.0,,,,12.0,205.0,2.0,2.0,4.0,5.0,100.0,0.7,12.0,0.0,0.0,61.5,6.0,50.0,35.3,5.0,0.0,9.0,4.0,2.0,0.0,34.0,0.0,0.0,0.0,1.0,1.0,100.0,19.0,0.0,0.0,CD_I1001024,False,7.0,Ned,Reeves,away,Hawthorn
CD_M20260140102,2026-03-13T08:40:00.000+0000,CONCLUDED,Premiership,Round 1,1,MCG,Essendon,Essendon,Hawthorn,Hawthorn,14.0,"https://s.afl.com.au/staticfile/AFL Tenant/AFL/Players/ChampIDImages/AFL/2026014/998114.png?im=Scale,width=0.6,height=0.6",INT,CD_I998114,False,14.0,Jack,Scrimshaw,CD_T80,,82.0,0.0,0.0,,12.0,4.0,16.0,8.0,0.0,3.0,3.0,13.0,16.0,1.0,0.0,1.0,0.0,1.0,75.0,6.0,0.0,3.0,71.0,3.0,1.0,0.0,2.0,,,5.0,4.0,0.0,0.0,,,,3.0,223.0,0.0,0.0,0.0,8.0,66.7,3.0,12.0,0.0,2.0,18.8,0.0,0.0,0.0,2.0,0.0,1.0,11.0,10.0,1.0,0.0,1.0,0.0,0.0,0.0,0.0,0.0,0.0,0.0,0.0,CD_I998114,False,14.0,Jack,Scrimshaw,away,Hawthorn
CD_M20260140102,2026-03-13T08:40:00.000+0000,CONCLUDED,Premiership,Round 1,1,MCG,Essendon,Essendon,Hawthorn,Hawthorn,6.0,"https://s.afl.com.au/staticfile/AFL Tenant/AFL/Players/ChampIDImages/AFL/2026014/297566.png?im=Scale,width=0.6,height=0.6",CHB,CD_I297566,False,6.0,James,Sicily,CD_T80,,94.0,0.0,0.0,,21.0,5.0,26.0,11.0,1.0,4.0,4.0,20.0,24.0,5.0,0.0,0.0,0.0,1.0,84.6,4.0,1.0,1.0,120.0,3.0,1.0,0.0,15.9,,,6.0,8.0,0.0,0.0,,,,8.0,443.0,0.0,0.0,0.0,18.0,85.7,4.2,22.0,0.0,3.0,16.7,0.0,0.0,0.0,3.0,0.0,3.0,9.0,6.0,1.0,0.0,2.0,0.0,0.0,0.0,0.0,0.0,0.0,2.0,2.0,CD_I297566,False,6.0,James,Sicily,away,Hawthorn
CD_M20260140102,2026-03-13T08:40:00.000+0000,CONCLUDED,Premiership,Round 1,1,MCG,Essendon,Essendon,Hawthorn,Hawthorn,25.0,"https://s.afl.com.au/staticfile/AFL Tenant/AFL/Players/ChampIDImages/AFL/2026014/1017110.png?im=Scale,width=0.6,height=0.6",CHF,CD_I1017110,False,25.0,Josh,Ward,CD_T80,,75.0,0.0,0.0,,16.0,10.0,26.0,6.0,0.0,5.0,7.0,19.0,26.0,8.0,0.0,0.0,0.0,0.0,84.6,2.0,1.0,0.0,107.0,0.0,2.0,0.0,17.0,,,4.0,4.0,0.0,0.0,,,,12.0,406.0,3.0,2.0,5.0,12.0,75.0,1.6,22.0,0.0,2.0,26.9,0.0,0.0,0.0,5.0,0.0,4.0,24.0,12.0,0.0,0.0,0.0,0.0,0.0,0.0,0.0,0.0,18.0,0.0,0.0,CD_I1017110,False,25.0,Josh,Ward,away,Hawthorn
CD_M20260140102,2026-03-13T08:40:00.000+0000,CONCLUDED,Premiership,Round 1,1,MCG,Essendon,Essendon,Hawthorn,Hawthorn,5.0,"https://s.afl.com.au/staticfile/AFL Tenant/AFL/Players/ChampIDImages/AFL/2026014/1023473.png?im=Scale,width=0.6,height=0.6",HFFR,CD_I1023473,False,5.0,Nick,Watson,CD_T80,,81.0,4.0,2.0,,13.0,4.0,17.0,6.0,1.0,5.0,6.0,11.0,17.0,4.0,4.0,0.0,0.0,0.0,70.6,4.0,0.0,0.0,111.0,0.0,1.0,57.1,22.8,,,2.0,0.0,1.0,7.0,,,,11.0,337.0,1.0,0.0,1.0,9.0,69.2,3.3,12.0,5.0,0.0,35.3,0.0,0.0,0.0,6.0,2.0,0.0,9.0,3.0,0.0,0.0,0.0,0.0,0.0,0.0,0.0,0.0,9.0,0.0,0.0,CD_I1023473,False,5.0,Nick,Watson,away,Hawthorn
CD_M20260140102,2026-03-13T08:40:00.000+0000,CONCLUDED,Premiership,Round 1,1,MCG,Essendon,Essendon,Hawthorn,Hawthorn,23.0,"https://s.afl.com.au/staticfile/AFL Tenant/AFL/Players/ChampIDImages/AFL/2026014/1027935.png?im=Scale,width=0.6,height=0.6",R,CD_I1027935,False,23.0,Josh,Weddle,CD_T80,,83.0,2.0,2.0,,8.0,8.0,16.0,8.0,1.0,4.0,4.0,12.0,16.0,6.0,2.0,0.0,0.0,2.0,81.3,1.0,0.0,0.0,94.0,0.0,1.0,50.0,12.0,,,1.0,4.0,0.0,4.0,,,,10.0,282.0,1.0,1.0,2.0,5.0,62.5,1.0,13.0,1.0,2.0,25.0,0.0,0.0,0.0,3.0,0.0,3.0,19.0,10.0,1.0,0.0,0.0,0.0,0.0,1.0,0.0,0.0,5.0,0.0,0.0,CD_I1027935,False,23.0,Josh,Weddle,away,Hawthorn
CD_M20260140103,2026-03-14T02:15:00.000+0000,CONCLUDED,Premiership,Round 1,1,Marvel Stadium,Western Bulldogs,Western Bulldogs,GWS GIANTS,GWS GIANTS,13.0,"https://s.afl.com.au/staticfile/AFL Tenant/AFL/Players/ChampIDImages/AFL/2026014/1008855.png?im=Scale,width=0.6,height=0.6",INT,CD_I1008855,False,13.0,Oskar,Baker,CD_T140,,68.0,2.0,0.0,,9.0,2.0,11.0,6.0,0.0,0.0,1.0,10.0,11.0,3.0,1.0,0.0,0.0,3.0,90.9,1.0,0.0,1.0,58.0,2.0,1.0,100.0,9.1,,,1.0,0.0,0.0,2.0,,,,4.0,332.0,0.0,1.0,1.0,8.0,88.9,4.5,10.0,1.0,0.0,9.1,0.0,0.0,0.0,0.0,0.0,0.0,7.0,1.0,2.0,0.0,0.0,0.0,0.0,1.0,0.0,0.0,0.0,0.0,0.0,CD_I1008855,False,13.0,Oskar,Baker,home,Western Bulldogs
CD_M20260140103,2026-03-14T02:15:00.000+0000,CONCLUDED,Premiership,Round 1,1,Marvel Stadium,Western Bulldogs,Western Bulldogs,GWS GIANTS,GWS GIANTS,4.0,"https://s.afl.com.au/staticfile/AFL Tenant/AFL/Players/ChampIDImages/AFL/2026014/297373.png?im=Scale,width=0.6,height=0.6",C,CD_I297373,False,4.0,Marcus,Bontempelli,CD_T140,,83.0,3.0,1.0,,21.0,12.0,33.0,6.0,1.0,3.0,14.0,20.0,34.0,11.0,4.0,1.0,0.0,3.0,72.7,6.0,2.0,1.0,135.0,0.0,2.0,60.0,28.7,,,7.0,4.0,0.0,5.0,,,,11.0,677.0,4.0,2.0,6.0,13.0,61.9,1.8,24.0,1.0,0.0,41.2,0.0,0.0,0.0,8.0,0.0,2.0,17.0,10.0,0.0,1.0,0.0,0.0,0.0,0.0,0.0,0.0,21.0,0.0,0.0,CD_I297373,False,4.0,Marcus,Bontempelli,home,Western Bulldogs
CD_M20260140103,2026-03-14T02:15:00.000+0000,CONCLUDED,Premiership,Round 1,1,Marvel Stadium,Western Bulldogs,Western Bulldogs,GWS GIANTS,GWS GIANTS,29.0,"https://s.afl.com.au/staticfile/AFL Tenant/AFL/Players/ChampIDImages/AFL/2026014/1000864.png?im=Scale,width=0.6,height=0.6",INT,CD_I1000864,False,29.0,Lachlan,Bramble,CD_T140,,69.0,1.0,0.0,,5.0,11.0,16.0,4.0,1.0,0.0,3.0,13.0,16.0,1.0,0.0,0.0,0.0,1.0,81.3,0.0,1.0,0.0,56.0,1.0,0.0,100.0,10.2,,,1.0,2.0,0.0,1.0,,,,6.0,142.0,0.0,1.0,1.0,4.0,80.0,0.5,13.0,0.0,0.0,18.8,0.0,0.0,0.0,3.0,0.0,0.0,7.0,4.0,0.0,0.0,0.0,0.0,0.0,0.0,0.0,0.0,0.0,0.0,0.0,CD_I1000864,False,29.0,Lachlan,Bramble,home,Western Bulldogs
CD_M20260140103,2026-03-14T02:15:00.000+0000,CONCLUDED,Premiership,Round 1,1,Marvel Stadium,Western Bulldogs,Western Bulldogs,GWS GIANTS,GWS GIANTS,19.0,"https://s.afl.com.au/staticfile/AFL Tenant/AFL/Players/ChampIDImages/AFL/2026014/1008454.png?im=Scale,width=0.6,height=0.6",HBFL,CD_I1008454,False,19.0,Connor,Budarick,CD_T140,,77.0,0.0,0.0,,16.0,7.0,23.0,6.0,0.0,1.0,5.0,17.0,22.0,1.0,0.0,0.0,0.0,0.0,78.3,3.0,3.0,0.0,87.0,6.0,0.0,0.0,10.7,,,3.0,1.0,0.0,0.0,,,,4.0,350.0,0.0,3.0,3.0,13.0,81.3,2.3,18.0,0.0,0.0,22.7,0.0,0.0,0.0,2.0,0.0,0.0,7.0,6.0,0.0,0.0,0.0,0.0,0.0,0.0,0.0,0.0,0.0,1.0,1.0,CD_I1008454,False,19.0,Connor,Budarick,home,Western Bulldogs
CD_M20260140103,2026-03-14T02:15:00.000+0000,CONCLUDED,Premiership,Round 1,1,Marvel Stadium,Western Bulldogs,Western Bulldogs,GWS GIANTS,GWS GIANTS,31.0,"https://s.afl.com.au/staticfile/AFL Tenant/AFL/Players/ChampIDImages/AFL/2026014/996708.png?im=Scale,width=0.6,height=0.6",HBFR,CD_I996708,False,31.0,Bailey,Dale,CD_T140,,81.0,0.0,1.0,,15.0,8.0,23.0,4.0,1.0,1.0,3.0,13.0,16.0,0.0,0.0,0.0,0.0,2.0,82.6,3.0,0.0,1.0,75.0,4.0,1.0,0.0,12.4,,,2.0,4.0,0.0,1.0,,,,3.0,381.0,0.0,0.0,0.0,12.0,80.0,1.9,19.0,0.0,0.0,18.8,0.0,0.0,0.0,3.0,1.0,0.0,4.0,4.0,2.0,0.0,0.0,0.0,0.0,0.0,0.0,0.0,0.0,7.0,6.0,CD_I996708,False,31.0,Bailey,Dale,home,Western Bulldogs
CD_M20260140103,2026-03-14T02:15:00.000+0000,CONCLUDED,Premiership,Round 1,1,Marvel Stadium,Western Bulldogs,Western Bulldogs,GWS GIANTS,GWS GIANTS,10.0,"https://s.afl.com.au/staticfile/AFL Tenant/AFL/Players/ChampIDImages/AFL/2026014/1017126.png?im=Scale,width=0.6,height=0.6",CHF,CD_I1017126,False,10.0,Sam,Darcy,CD_T140,,77.0,4.0,1.0,,11.0,5.0,16.0,3.0,0.0,1.0,7.0,9.0,16.0,2.0,1.0,1.0,6.0,2.0,56.3,3.0,2.0,1.0,86.0,0.0,0.0,80.0,16.7,,,5.0,0.0,1.0,5.0,,,,6.0,332.0,0.0,2.0,2.0,6.0,54.5,2.2,9.0,0.0,0.0,43.8,3.0,54.5,50.0,2.0,1.0,2.0,9.0,2.0,1.0,11.0,1.0,1.0,100.0,2.0,1.0,50.0,5.0,0.0,0.0,CD_I1017126,False,10.0,Sam,Darcy,home,Western Bulldogs
CD_M20260140103,2026-03-14T02:15:00.000+0000,CONCLUDED,Premiership,Round 1,1,Marvel Stadium,Western Bulldogs,Western Bulldogs,GWS GIANTS,GWS GIANTS,42.0,"https://s.afl.com.au/staticfile/AFL Tenant/AFL/Players/ChampIDImages/AFL/2026014/1036123.png?im=Scale,width=0.6,height=0.6",WL,CD_I1036123,False,42.0,Sam,Davidson,CD_T140,,75.0,2.0,0.0,,10.0,1.0,11.0,4.0,0.0,1.0,2.0,6.0,8.0,2.0,2.0,0.0,0.0,0.0,63.6,2.0,0.0,0.0,60.0,0.0,0.0,100.0,8.7,,,2.0,2.0,1.0,2.0,,,,4.0,240.0,0.0,0.0,0.0,7.0,70.0,10.0,7.0,0.0,1.0,25.0,0.0,0.0,0.0,2.0,1.0,0.0,15.0,4.0,0.0,0.0,0.0,0.0,0.0,0.0,0.0,0.0,0.0,0.0,0.0,CD_I1036123,False,42.0,Sam,Davidson,home,Western Bulldogs
CD_M20260140103,2026-03-14T02:15:00.000+0000,CONCLUDED,Premiership,Round 1,1,Marvel Stadium,Western Bulldogs,Western Bulldogs,GWS GIANTS,GWS GIANTS,44.0,"https://s.afl.com.au/staticfile/AFL Tenant/AFL/Players/ChampIDImages/AFL/2026014/1004592.png?im=Scale,width=0.6,height=0.6",RK,CD_I1004592,False,44.0,Tim,English,CD_T140,,78.0,0.0,0.0,,15.0,7.0,22.0,6.0,0.0,4.0,11.0,14.0,25.0,4.0,0.0,0.0,23.0,2.0,77.3,2.0,5.0,0.0,121.0,2.0,0.0,0.0,17.1,,,5.0,6.0,1.0,0.0,,,,4.0,329.0,4.0,1.0,5.0,10.0,66.7,2.1,17.0,0.0,2.0,44.0,9.0,43.4,39.1,3.0,0.0,6.0,7.0,6.0,0.0,53.0,0.0,0.0,0.0,1.0,0.0,0.0,27.0,0.0,0.0,CD_I1004592,False,44.0,Tim,English,home,Western Bulldogs
CD_M20260140103,2026-03-14T02:15:00.000+0000,CONCLUDED,Premiership,Round 1,1,Marvel Stadium,Western Bulldogs,Western Bulldogs,GWS GIANTS,GWS GIANTS,27.0,"https://s.afl.com.au/staticfile/AFL Tenant/AFL/Players/ChampIDImages/AFL/2026014/1027704.png?im=Scale,width=0.6,height=0.6",INT,CD_I1027704,False,27.0,Joel,Freijah,CD_T140,,82.0,0.0,0.0,,9.0,11.0,20.0,5.0,1.0,4.0,3.0,15.0,18.0,0.0,0.0,0.0,0.0,0.0,65.0,4.0,0.0,1.0,77.0,1.0,2.0,0.0,2.2,,,2.0,2.0,0.0,0.0,,,,5.0,131.0,0.0,1.0,1.0,6.0,66.7,0.8,13.0,1.0,0.0,16.7,0.0,0.0,0.0,3.0,0.0,2.0,15.0,5.0,0.0,0.0,0.0,0.0,0.0,1.0,0.0,0.0,10.0,0.0,0.0,CD_I1027704,False,27.0,Joel,Freijah,home,Western Bulldogs
CD_M20260140103,2026-03-14T02:15:00.000+0000,CONCLUDED,Premiership,Round 1,1,Marvel Stadium,Western Bulldogs,Western Bulldogs,GWS GIANTS,GWS GIANTS,6.0,"https://s.afl.com.au/staticfile/AFL Tenant/AFL/Players/ChampIDImages/AFL/2026014/1029456.png?im=Scale,width=0.6,height=0.6",HFFR,CD_I1029456,False,6.0,Cooper,Hynes,CD_T140,,77.0,1.0,0.0,,6.0,8.0,14.0,1.0,0.0,0.0,7.0,7.0,14.0,0.0,0.0,0.0,0.0,0.0,64.3,3.0,0.0,0.0,43.0,1.0,0.0,50.0,5.9,,,2.0,3.0,0.0,2.0,,,,1.0,105.0,0.0,2.0,2.0,3.0,50.0,0.8,9.0,0.0,0.0,50.0,0.0,0.0,0.0,6.0,1.0,0.0,19.0,7.0,0.0,0.0,0.0,0.0,0.0,0.0,0.0,0.0,1.0,0.0,0.0,CD_I1029456,False,6.0,Cooper,Hynes,home,Western Bulldogs
CD_M20260140103,2026-03-14T02:15:00.000+0000,CONCLUDED,Premiership,Round 1,1,Marvel Stadium,Western Bulldogs,Western Bulldogs,GWS GIANTS,GWS GIANTS,11.0,"https://s.afl.com.au/staticfile/AFL Tenant/AFL/Players/ChampIDImages/AFL/2026014/1028493.png?im=Scale,width=0.6,height=0.6",BPL,CD_I1028493,False,11.0,Lachie,Jaques,CD_T140,,83.0,0.0,0.0,,21.0,8.0,29.0,9.0,1.0,1.0,6.0,21.0,27.0,3.0,0.0,0.0,0.0,1.0,69.0,5.0,2.0,0.0,112.0,7.0,0.0,0.0,9.7,,,6.0,6.0,0.0,1.0,,,,4.0,562.0,1.0,1.0,2.0,13.0,61.9,2.6,20.0,0.0,2.0,22.2,0.0,0.0,0.0,4.0,0.0,2.0,8.0,6.0,1.0,0.0,1.0,0.0,0.0,0.0,0.0,0.0,0.0,3.0,3.0,CD_I1028493,False,11.0,Lachie,Jaques,home,Western Bulldogs
CD_M20260140103,2026-03-14T02:15:00.000+0000,CONCLUDED,Premiership,Round 1,1,Marvel Stadium,Western Bulldogs,Western Bulldogs,GWS GIANTS,GWS GIANTS,8.0,"https://s.afl.com.au/staticfile/AFL Tenant/AFL/Players/ChampIDImages/AFL/2026014/1001398.png?im=Scale,width=0.6,height=0.6",RR,CD_I1001398,False,8.0,Matthew,Kennedy,CD_T140,,77.0,1.0,1.0,,17.0,10.0,27.0,6.0,2.0,4.0,9.0,18.0,27.0,6.0,1.0,0.0,0.0,0.0,74.1,3.0,1.0,1.0,110.0,3.0,2.0,33.3,14.3,,,6.0,0.0,2.0,3.0,,,,8.0,583.0,4.0,4.0,8.0,10.0,58.8,1.7,20.0,1.0,0.0,33.3,0.0,0.0,0.0,6.0,2.0,3.0,24.0,15.0,0.0,0.0,0.0,0.0,0.0,0.0,0.0,0.0,18.0,0.0,0.0,CD_I1001398,False,8.0,Matthew,Kennedy,home,Western Bulldogs
CD_M20260140103,2026-03-14T02:15:00.000+0000,CONCLUDED,Premiership,Round 1,1,Marvel Stadium,Western Bulldogs,Western Bulldogs,GWS GIANTS,GWS GIANTS,24.0,"https://s.afl.com.au/staticfile/AFL Tenant/AFL/Players/ChampIDImages/AFL/2026014/998782.png?im=Scale,width=0.6,height=0.6",FB,CD_I998782,False,24.0,Buku,Khamis,CD_T140,,94.0,0.0,0.0,,8.0,5.0,13.0,9.0,0.0,1.0,2.0,11.0,13.0,0.0,0.0,1.0,0.0,6.0,84.6,2.0,0.0,1.0,62.0,0.0,0.0,0.0,6.7,,,1.0,5.0,0.0,0.0,,,,2.0,70.0,0.0,0.0,0.0,7.0,87.5,1.6,11.0,1.0,3.0,15.4,0.0,0.0,0.0,1.0,0.0,1.0,3.0,3.0,5.0,0.0,2.0,1.0,50.0,0.0,0.0,0.0,0.0,0.0,0.0,CD_I998782,False,24.0,Buku,Khamis,home,Western Bulldogs
CD_M20260140103,2026-03-14T02:15:00.000+0000,CONCLUDED,Premiership,Round 1,1,Marvel Stadium,Western Bulldogs,Western Bulldogs,GWS GIANTS,GWS GIANTS,28.0,"https://s.afl.com.au/staticfile/AFL Tenant/AFL/Players/ChampIDImages/AFL/2026014/1036104.png?im=Scale,width=0.6,height=0.6",INT,CD_I1036104,False,28.0,Will,Lewis,CD_T140,,50.0,0.0,0.0,,3.0,3.0,6.0,1.0,0.0,0.0,2.0,4.0,6.0,1.0,0.0,0.0,2.0,0.0,66.7,1.0,2.0,0.0,22.0,0.0,0.0,0.0,0.9,,,2.0,0.0,0.0,0.0,,,,3.0,72.0,0.0,0.0,0.0,3.0,100.0,1.0,4.0,0.0,0.0,33.3,1.0,14.3,50.0,0.0,0.0,0.0,11.0,2.0,0.0,14.0,0.0,0.0,0.0,1.0,0.0,0.0,0.0,0.0,0.0,CD_I1036104,False,28.0,Will,Lewis,home,Western Bulldogs
CD_M20260140103,2026-03-14T02:15:00.000+0000,CONCLUDED,Premiership,Round 1,1,Marvel Stadium,Western Bulldogs,Western Bulldogs,GWS GIANTS,GWS GIANTS,21.0,"https://s.afl.com.au/staticfile/AFL Tenant/AFL/Players/ChampIDImages/AFL/2026014/290799.png?im=Scale,width=0.6,height=0.6",FPR,CD_I290799,False,21.0,Tom,Liberatore,CD_T140,,74.0,1.0,0.0,,15.0,14.0,29.0,7.0,0.0,6.0,9.0,21.0,30.0,5.0,0.0,0.0,0.0,1.0,75.9,4.0,1.0,1.0,122.0,4.0,1.0,100.0,16.7,,,4.0,3.0,1.0,1.0,,,,12.0,390.0,3.0,3.0,6.0,11.0,73.3,1.1,22.0,0.0,1.0,30.0,0.0,0.0,0.0,7.0,0.0,3.0,20.0,8.0,0.0,0.0,0.0,0.0,0.0,1.0,0.0,0.0,15.0,0.0,0.0,CD_I290799,False,21.0,Tom,Liberatore,home,Western Bulldogs
CD_M20260140103,2026-03-14T02:15:00.000+0000,CONCLUDED,Premiership,Round 1,1,Marvel Stadium,Western Bulldogs,Western Bulldogs,GWS GIANTS,GWS GIANTS,7.0,"https://s.afl.com.au/staticfile/AFL Tenant/AFL/Players/ChampIDImages/AFL/2026014/990740.png?im=Scale,width=0.6,height=0.6",BPR,CD_I990740,False,7.0,Rory,Lobb,CD_T140,,94.0,0.0,0.0,,9.0,3.0,12.0,7.0,0.0,0.0,2.0,10.0,12.0,0.0,0.0,1.0,1.0,9.0,91.7,1.0,0.0,0.0,55.0,3.0,0.0,0.0,11.7,,,2.0,3.0,0.0,0.0,,,,2.0,316.0,0.0,0.0,0.0,8.0,88.9,3.0,11.0,0.0,1.0,16.7,0.0,33.3,0.0,1.0,0.0,1.0,8.0,8.0,9.0,3.0,4.0,0.0,0.0,0.0,0.0,0.0,0.0,0.0,0.0,CD_I990740,False,7.0,Rory,Lobb,home,Western Bulldogs
CD_M20260140103,2026-03-14T02:15:00.000+0000,CONCLUDED,Premiership,Round 1,1,Marvel Stadium,Western Bulldogs,Western Bulldogs,GWS GIANTS,GWS GIANTS,33.0,"https://s.afl.com.au/staticfile/AFL Tenant/AFL/Players/ChampIDImages/AFL/2026014/1002404.png?im=Scale,width=0.6,height=0.6",FF,CD_I1002404,False,33.0,Aaron,Naughton,CD_T140,,81.0,6.0,1.0,,14.0,1.0,15.0,11.0,0.0,2.0,6.0,7.0,13.0,2.0,7.0,5.0,0.0,1.0,73.3,0.0,1.0,0.0,123.0,0.0,3.0,85.7,28.6,,,2.0,0.0,2.0,7.0,,,,10.0,335.0,0.0,0.0,0.0,10.0,71.4,14.0,11.0,5.0,0.0,46.2,0.0,0.0,0.0,0.0,0.0,0.0,7.0,0.0,0.0,1.0,0.0,0.0,0.0,4.0,4.0,100.0,0.0,0.0,0.0,CD_I1002404,False,33.0,Aaron,Naughton,home,Western Bulldogs
CD_M20260140103,2026-03-14T02:15:00.000+0000,CONCLUDED,Premiership,Round 1,1,Marvel Stadium,Western Bulldogs,Western Bulldogs,GWS GIANTS,GWS GIANTS,18.0,"https://s.afl.com.au/staticfile/AFL Tenant/AFL/Players/ChampIDImages/AFL/2026014/1032966.png?im=Scale,width=0.6,height=0.6",CHB,CD_I1032966,False,18.0,James,O'Donnell,CD_T140,,82.0,0.0,0.0,,4.0,3.0,7.0,2.0,0.0,2.0,2.0,5.0,7.0,1.0,0.0,0.0,0.0,6.0,100.0,2.0,0.0,1.0,29.0,2.0,0.0,0.0,4.8,,,1.0,3.0,0.0,0.0,,,,1.0,192.0,0.0,0.0,0.0,4.0,100.0,1.3,7.0,0.0,0.0,28.6,0.0,0.0,0.0,2.0,0.0,0.0,5.0,5.0,5.0,1.0,4.0,1.0,25.0,0.0,0.0,0.0,0.0,0.0,0.0,CD_I1032966,False,18.0,James,O'Donnell,home,Western Bulldogs
CD_M20260140103,2026-03-14T02:15:00.000+0000,CONCLUDED,Premiership,Round 1,1,Marvel Stadium,Western Bulldogs,Western Bulldogs,GWS GIANTS,GWS GIANTS,20.0,"https://s.afl.com.au/staticfile/AFL Tenant/AFL/Players/ChampIDImages/AFL/2026014/1008280.png?im=Scale,width=0.6,height=0.6",R,CD_I1008280,False,20.0,Ed,Richards,CD_T140,,78.0,0.0,0.0,,12.0,7.0,19.0,5.0,0.0,5.0,9.0,10.0,19.0,6.0,1.0,0.0,0.0,2.0,84.2,1.0,1.0,1.0,83.0,2.0,2.0,0.0,16.9,,,4.0,1.0,1.0,1.0,,,,6.0,369.0,4.0,2.0,6.0,9.0,75.0,1.7,16.0,0.0,0.0,47.4,0.0,0.0,0.0,5.0,1.0,1.0,13.0,10.0,0.0,0.0,0.0,0.0,0.0,0.0,0.0,0.0,24.0,0.0,0.0,CD_I1008280,False,20.0,Ed,Richards,home,Western Bulldogs
CD_M20260140103,2026-03-14T02:15:00.000+0000,CONCLUDED,Premiership,Round 1,1,Marvel Stadium,Western Bulldogs,Western Bulldogs,GWS GIANTS,GWS GIANTS,9.0,"https://s.afl.com.au/staticfile/AFL Tenant/AFL/Players/ChampIDImages/AFL/2026014/1017939.png?im=Scale,width=0.6,height=0.6",FPL,CD_I1017939,False,9.0,Ryley,Sanders,CD_T140,,76.0,0.0,0.0,,3.0,18.0,21.0,1.0,0.0,0.0,8.0,12.0,20.0,1.0,0.0,0.0,0.0,0.0,81.0,2.0,0.0,0.0,48.0,2.0,1.0,0.0,10.5,,,1.0,4.0,0.0,0.0,,,,5.0,125.0,0.0,1.0,1.0,3.0,100.0,0.2,17.0,0.0,0.0,40.0,0.0,0.0,0.0,8.0,1.0,3.0,17.0,7.0,0.0,0.0,0.0,0.0,0.0,0.0,0.0,0.0,7.0,0.0,0.0,CD_I1017939,False,9.0,Ryley,Sanders,home,Western Bulldogs
CD_M20260140103,2026-03-14T02:15:00.000+0000,CONCLUDED,Premiership,Round 1,1,Marvel Stadium,Western Bulldogs,Western Bulldogs,GWS GIANTS,GWS GIANTS,37.0,"https://s.afl.com.au/staticfile/AFL Tenant/AFL/Players/ChampIDImages/AFL/2026014/1020621.png?im=Scale,width=0.6,height=0.6",INT,CD_I1020621,False,37.0,Michael,Sellwood,CD_T140,,79.0,0.0,0.0,,6.0,3.0,9.0,7.0,0.0,0.0,3.0,6.0,9.0,0.0,0.0,1.0,0.0,2.0,88.9,3.0,0.0,2.0,39.0,2.0,0.0,0.0,5.4,,,0.0,4.0,0.0,0.0,,,,1.0,71.0,0.0,0.0,0.0,5.0,83.3,2.0,8.0,0.0,2.0,33.3,0.0,0.0,0.0,2.0,0.0,0.0,0.0,0.0,2.0,0.0,1.0,1.0,100.0,0.0,0.0,0.0,0.0,0.0,0.0,CD_I1020621,False,37.0,Michael,Sellwood,home,Western Bulldogs
CD_M20260140103,2026-03-14T02:15:00.000+0000,CONCLUDED,Premiership,Round 1,1,Marvel Stadium,Western Bulldogs,Western Bulldogs,GWS GIANTS,GWS GIANTS,14.0,"https://s.afl.com.au/staticfile/AFL Tenant/AFL/Players/ChampIDImages/AFL/2026014/1006127.png?im=Scale,width=0.6,height=0.6",HFFL,CD_I1006127,False,14.0,Rhylee,West,CD_T140,,81.0,0.0,0.0,,7.0,6.0,13.0,4.0,0.0,2.0,6.0,9.0,15.0,4.0,1.0,0.0,0.0,0.0,92.3,4.0,3.0,4.0,44.0,0.0,1.0,0.0,7.3,,,4.0,2.0,1.0,1.0,,,,4.0,207.0,0.0,1.0,1.0,6.0,85.7,1.2,12.0,1.0,0.0,40.0,0.0,0.0,0.0,4.0,2.0,0.0,11.0,2.0,0.0,0.0,0.0,0.0,0.0,3.0,0.0,0.0,0.0,0.0,0.0,CD_I1006127,False,14.0,Rhylee,West,home,Western Bulldogs
CD_M20260140103,2026-03-14T02:15:00.000+0000,CONCLUDED,Premiership,Round 1,1,Marvel Stadium,Western Bulldogs,Western Bulldogs,GWS GIANTS,GWS GIANTS,34.0,"https://s.afl.com.au/staticfile/AFL Tenant/AFL/Players/ChampIDImages/AFL/2026014/992351.png?im=Scale,width=0.6,height=0.6",WR,CD_I992351,False,34.0,Bailey,Williams,CD_T140,,86.0,0.0,1.0,,7.0,10.0,17.0,4.0,0.0,5.0,6.0,12.0,18.0,2.0,1.0,0.0,0.0,1.0,88.2,0.0,2.0,0.0,76.0,1.0,1.0,0.0,9.8,,,1.0,5.0,1.0,1.0,,,,7.0,193.0,0.0,0.0,0.0,5.0,71.4,0.7,15.0,0.0,0.0,33.3,0.0,0.0,0.0,3.0,1.0,3.0,13.0,5.0,0.0,0.0,0.0,0.0,0.0,1.0,0.0,0.0,0.0,0.0,0.0,CD_I992351,False,34.0,Bailey,Williams,home,Western Bulldogs
CD_M20260140103,2026-03-14T02:15:00.000+0000,CONCLUDED,Premiership,Round 1,1,Marvel Stadium,Western Bulldogs,Western Bulldogs,GWS GIANTS,GWS GIANTS,9.0,"https://s.afl.com.au/staticfile/AFL Tenant/AFL/Players/ChampIDImages/AFL/2026014/1015777.png?im=Scale,width=0.6,height=0.6",WR,CD_I1015777,False,9.0,Ryan,Angwin,CD_T1010,,92.0,0.0,0.0,,8.0,7.0,15.0,6.0,0.0,2.0,4.0,12.0,16.0,2.0,0.0,0.0,0.0,2.0,93.3,1.0,1.0,0.0,65.0,0.0,1.0,0.0,10.2,,,1.0,2.0,0.0,0.0,,,,5.0,281.0,0.0,0.0,0.0,7.0,87.5,1.1,14.0,0.0,0.0,25.0,0.0,0.0,0.0,2.0,0.0,0.0,11.0,5.0,1.0,0.0,1.0,1.0,100.0,0.0,0.0,0.0,0.0,0.0,0.0,CD_I1015777,False,9.0,Ryan,Angwin,away,GWS GIANTS
CD_M20260140103,2026-03-14T02:15:00.000+0000,CONCLUDED,Premiership,Round 1,1,Marvel Stadium,Western Bulldogs,Western Bulldogs,GWS GIANTS,GWS GIANTS,7.0,"https://s.afl.com.au/staticfile/AFL Tenant/AFL/Players/ChampIDImages/AFL/2026014/1009253.png?im=Scale,width=0.6,height=0.6",HBFL,CD_I1009253,False,7.0,Lachie,Ash,CD_T1010,,81.0,0.0,0.0,,26.0,5.0,31.0,13.0,1.0,3.0,5.0,25.0,30.0,6.0,0.0,0.0,0.0,0.0,93.5,3.0,0.0,1.0,136.0,2.0,0.0,0.0,19.0,,,2.0,6.0,0.0,0.0,,,,5.0,697.0,0.0,0.0,0.0,24.0,92.3,5.2,29.0,1.0,1.0,16.7,0.0,0.0,0.0,5.0,0.0,0.0,8.0,5.0,0.0,0.0,0.0,0.0,0.0,0.0,0.0,0.0,6.0,1.0,1.0,CD_I1009253,False,7.0,Lachie,Ash,away,GWS GIANTS
CD_M20260140103,2026-03-14T02:15:00.000+0000,CONCLUDED,Premiership,Round 1,1,Marvel Stadium,Western Bulldogs,Western Bulldogs,GWS GIANTS,GWS GIANTS,32.0,"https://s.afl.com.au/staticfile/AFL Tenant/AFL/Players/ChampIDImages/AFL/2026014/1008436.png?im=Scale,width=0.6,height=0.6",RK,CD_I1008436,False,32.0,Kieren,Briggs,CD_T1010,,51.0,0.0,1.0,,9.0,0.0,9.0,2.0,0.0,3.0,4.0,3.0,7.0,0.0,0.0,0.0,15.0,1.0,33.3,5.0,0.0,2.0,55.0,1.0,0.0,0.0,1.9,,,2.0,2.0,2.0,2.0,,,,2.0,65.0,2.0,3.0,5.0,3.0,33.3,9.0,3.0,0.0,2.0,57.1,2.0,35.7,13.3,0.0,0.0,2.0,14.0,3.0,0.0,42.0,1.0,0.0,0.0,0.0,0.0,0.0,18.0,0.0,0.0,CD_I1008436,False,32.0,Kieren,Briggs,away,GWS GIANTS
CD_M20260140103,2026-03-14T02:15:00.000+0000,CONCLUDED,Premiership,Round 1,1,Marvel Stadium,Western Bulldogs,Western Bulldogs,GWS GIANTS,GWS GIANTS,46.0,"https://s.afl.com.au/staticfile/AFL Tenant/AFL/Players/ChampIDImages/AFL/2026014/1014038.png?im=Scale,width=0.6,height=0.6",INT,CD_I1014038,False,46.0,Callum,Brown,CD_T1010,,62.0,0.0,2.0,,6.0,3.0,9.0,3.0,0.0,2.0,0.0,7.0,7.0,1.0,0.0,0.0,0.0,0.0,66.7,1.0,0.0,0.0,43.0,0.0,1.0,0.0,0.8,,,2.0,0.0,2.0,3.0,,,,4.0,110.0,0.0,0.0,0.0,3.0,50.0,2.0,6.0,2.0,0.0,0.0,0.0,0.0,0.0,0.0,0.0,0.0,8.0,1.0,0.0,0.0,0.0,0.0,0.0,4.0,0.0,0.0,0.0,0.0,0.0,CD_I1014038,False,46.0,Callum,Brown,away,GWS GIANTS
CD_M20260140103,2026-03-14T02:15:00.000+0000,CONCLUDED,Premiership,Round 1,1,Marvel Stadium,Western Bulldogs,Western Bulldogs,GWS GIANTS,GWS GIANTS,44.0,"https://s.afl.com.au/staticfile/AFL Tenant/AFL/Players/ChampIDImages/AFL/2026014/1009708.png?im=Scale,width=0.6,height=0.6",FB,CD_I1009708,False,44.0,Jack,Buckley,CD_T1010,,90.0,0.0,0.0,,10.0,6.0,16.0,9.0,0.0,1.0,7.0,11.0,18.0,0.0,0.0,2.0,0.0,6.0,87.5,2.0,1.0,2.0,68.0,2.0,0.0,0.0,14.6,,,3.0,8.0,0.0,0.0,,,,4.0,197.0,0.0,0.0,0.0,9.0,90.0,1.7,14.0,1.0,3.0,38.9,0.0,0.0,0.0,4.0,0.0,1.0,8.0,7.0,6.0,0.0,3.0,2.0,66.7,0.0,0.0,0.0,0.0,0.0,0.0,CD_I1009708,False,44.0,Jack,Buckley,away,GWS GIANTS
CD_M20260140103,2026-03-14T02:15:00.000+0000,CONCLUDED,Premiership,Round 1,1,Marvel Stadium,Western Bulldogs,Western Bulldogs,GWS GIANTS,GWS GIANTS,17.0,"https://s.afl.com.au/staticfile/AFL Tenant/AFL/Players/ChampIDImages/AFL/2026014/1023266.png?im=Scale,width=0.6,height=0.6",R,CD_I1023266,False,17.0,Finn,Callaghan,CD_T1010,,83.0,2.0,0.0,,15.0,12.0,27.0,5.0,1.0,4.0,11.0,13.0,24.0,4.0,1.0,1.0,0.0,0.0,74.1,4.0,0.0,1.0,109.0,1.0,0.0,100.0,19.3,,,4.0,4.0,0.0,2.0,,,,5.0,489.0,1.0,3.0,4.0,11.0,73.3,1.3,20.0,0.0,1.0,45.8,0.0,0.0,0.0,9.0,2.0,2.0,18.0,14.0,0.0,0.0,1.0,0.0,0.0,0.0,0.0,0.0,18.0,2.0,2.0,CD_I1023266,False,17.0,Finn,Callaghan,away,GWS GIANTS
CD_M20260140103,2026-03-14T02:15:00.000+0000,CONCLUDED,Premiership,Round 1,1,Marvel Stadium,Western Bulldogs,Western Bulldogs,GWS GIANTS,GWS GIANTS,3.0,"https://s.afl.com.au/staticfile/AFL Tenant/AFL/Players/ChampIDImages/AFL/2026014/291969.png?im=Scale,width=0.6,height=0.6",HFFR,CD_I291969,False,3.0,Stephen,Coniglio,CD_T1010,,83.0,1.0,0.0,,7.0,8.0,15.0,3.0,0.0,4.0,5.0,9.0,14.0,3.0,0.0,0.0,0.0,0.0,80.0,2.0,0.0,1.0,65.0,1.0,0.0,100.0,10.5,,,1.0,3.0,1.0,1.0,,,,2.0,197.0,0.0,1.0,1.0,5.0,71.4,0.9,12.0,0.0,0.0,35.7,0.0,0.0,0.0,5.0,1.0,2.0,14.0,6.0,0.0,0.0,0.0,0.0,0.0,0.0,0.0,0.0,7.0,0.0,0.0,CD_I291969,False,3.0,Stephen,Coniglio,away,GWS GIANTS
CD_M20260140103,2026-03-14T02:15:00.000+0000,CONCLUDED,Premiership,Round 1,1,Marvel Stadium,Western Bulldogs,Western Bulldogs,GWS GIANTS,GWS GIANTS,38.0,"https://s.afl.com.au/staticfile/AFL Tenant/AFL/Players/ChampIDImages/AFL/2026014/1029030.png?im=Scale,width=0.6,height=0.6",HFFL,CD_I1029030,False,38.0,Josaia,Delana,CD_T1010,,82.0,0.0,0.0,,3.0,4.0,7.0,0.0,0.0,5.0,3.0,4.0,7.0,2.0,0.0,0.0,0.0,1.0,71.4,1.0,1.0,0.0,38.0,1.0,0.0,0.0,3.1,,,1.0,2.0,2.0,1.0,,,,1.0,64.0,0.0,1.0,1.0,2.0,66.7,0.8,5.0,0.0,0.0,42.9,0.0,0.0,0.0,2.0,1.0,0.0,21.0,8.0,0.0,0.0,0.0,0.0,0.0,0.0,0.0,0.0,0.0,0.0,0.0,CD_I1029030,False,38.0,Josaia,Delana,away,GWS GIANTS
CD_M20260140103,2026-03-14T02:15:00.000+0000,CONCLUDED,Premiership,Round 1,1,Marvel Stadium,Western Bulldogs,Western Bulldogs,GWS GIANTS,GWS GIANTS,37.0,"https://s.afl.com.au/staticfile/AFL Tenant/AFL/Players/ChampIDImages/AFL/2026014/1032629.png?im=Scale,width=0.6,height=0.6",HBFR,CD_I1032629,False,37.0,Joe,Fonti,CD_T1010,,85.0,0.0,0.0,,13.0,7.0,20.0,7.0,0.0,4.0,7.0,14.0,21.0,1.0,0.0,0.0,0.0,5.0,90.0,4.0,3.0,3.0,84.0,5.0,0.0,0.0,7.9,,,3.0,8.0,0.0,0.0,,,,3.0,257.0,0.0,0.0,0.0,12.0,92.3,1.9,18.0,0.0,1.0,33.3,0.0,0.0,0.0,4.0,0.0,1.0,7.0,4.0,4.0,0.0,2.0,0.0,0.0,0.0,0.0,0.0,0.0,0.0,0.0,CD_I1032629,False,37.0,Joe,Fonti,away,GWS GIANTS
CD_M20260140103,2026-03-14T02:15:00.000+0000,CONCLUDED,Premiership,Round 1,1,Marvel Stadium,Western Bulldogs,Western Bulldogs,GWS GIANTS,GWS GIANTS,11.0,"https://s.afl.com.au/staticfile/AFL Tenant/AFL/Players/ChampIDImages/AFL/2026014/1032042.png?im=Scale,width=0.6,height=0.6",CHF,CD_I1032042,False,11.0,Phoenix,Gothard,CD_T1010,,76.0,0.0,2.0,,10.0,2.0,12.0,4.0,0.0,5.0,6.0,6.0,12.0,3.0,2.0,0.0,0.0,0.0,25.0,3.0,2.0,1.0,67.0,0.0,0.0,0.0,1.2,,,3.0,2.0,4.0,4.0,,,,3.0,233.0,0.0,1.0,1.0,1.0,10.0,5.0,3.0,1.0,2.0,50.0,0.0,0.0,0.0,4.0,2.0,1.0,18.0,3.0,0.0,0.0,0.0,0.0,0.0,0.0,0.0,0.0,0.0,0.0,0.0,CD_I1032042,False,11.0,Phoenix,Gothard,away,GWS GIANTS
CD_M20260140103,2026-03-14T02:15:00.000+0000,CONCLUDED,Premiership,Round 1,1,Marvel Stadium,Western Bulldogs,Western Bulldogs,GWS GIANTS,GWS GIANTS,4.0,"https://s.afl.com.au/staticfile/AFL Tenant/AFL/Players/ChampIDImages/AFL/2026014/295344.png?im=Scale,width=0.6,height=0.6",RR,CD_I295344,False,4.0,Toby,Greene,CD_T1010,,79.0,1.0,2.0,,16.0,10.0,26.0,6.0,0.0,2.0,9.0,18.0,27.0,7.0,1.0,0.0,0.0,0.0,53.8,12.0,2.0,4.0,92.0,1.0,0.0,33.3,4.7,,,9.0,1.0,1.0,3.0,,,,4.0,401.0,5.0,1.0,6.0,7.0,43.8,1.6,14.0,1.0,0.0,33.3,0.0,0.0,0.0,6.0,0.0,0.0,19.0,11.0,0.0,0.0,0.0,0.0,0.0,2.0,1.0,50.0,25.0,0.0,0.0,CD_I295344,False,4.0,Toby,Greene,away,GWS GIANTS
CD_M20260140103,2026-03-14T02:15:00.000+0000,CONCLUDED,Premiership,Round 1,1,Marvel Stadium,Western Bulldogs,Western Bulldogs,GWS GIANTS,GWS GIANTS,35.0,"https://s.afl.com.au/staticfile/AFL Tenant/AFL/Players/ChampIDImages/AFL/2026014/1027921.png?im=Scale,width=0.6,height=0.6",FPR,CD_I1027921,False,35.0,Max,Gruzewski,CD_T1010,,66.0,0.0,1.0,,3.0,4.0,7.0,4.0,0.0,1.0,4.0,3.0,7.0,1.0,1.0,2.0,0.0,0.0,57.1,0.0,0.0,0.0,34.0,0.0,0.0,0.0,2.6,,,0.0,0.0,0.0,1.0,,,,1.0,72.0,0.0,0.0,0.0,1.0,33.3,0.8,4.0,1.0,0.0,57.1,0.0,0.0,0.0,2.0,2.0,0.0,8.0,0.0,0.0,0.0,0.0,0.0,0.0,3.0,0.0,0.0,0.0,0.0,0.0,CD_I1027921,False,35.0,Max,Gruzewski,away,GWS GIANTS
CD_M20260140103,2026-03-14T02:15:00.000+0000,CONCLUDED,Premiership,Round 1,1,Marvel Stadium,Western Bulldogs,Western Bulldogs,GWS GIANTS,GWS GIANTS,27.0,"https://s.afl.com.au/staticfile/AFL Tenant/AFL/Players/ChampIDImages/AFL/2026014/993107.png?im=Scale,width=0.6,height=0.6",INT,CD_I993107,False,27.0,Harry,Himmelberg,CD_T1010,,64.0,0.0,0.0,,11.0,6.0,17.0,8.0,0.0,0.0,5.0,12.0,17.0,2.0,0.0,0.0,0.0,3.0,82.4,2.0,1.0,0.0,70.0,4.0,0.0,0.0,11.4,,,4.0,4.0,0.0,0.0,,,,5.0,250.0,0.0,0.0,0.0,8.0,72.7,1.8,14.0,0.0,0.0,29.4,0.0,0.0,0.0,4.0,0.0,1.0,4.0,3.0,3.0,0.0,0.0,0.0,0.0,0.0,0.0,0.0,0.0,0.0,0.0,CD_I993107,False,27.0,Harry,Himmelberg,away,GWS GIANTS
CD_M20260140103,2026-03-14T02:15:00.000+0000,CONCLUDED,Premiership,Round 1,1,Marvel Stadium,Western Bulldogs,Western Bulldogs,GWS GIANTS,GWS GIANTS,23.0,"https://s.afl.com.au/staticfile/AFL Tenant/AFL/Players/ChampIDImages/AFL/2026014/296324.png?im=Scale,width=0.6,height=0.6",FF,CD_I296324,False,23.0,Jesse,Hogan,CD_T1010,,83.0,0.0,1.0,,4.0,6.0,10.0,3.0,0.0,3.0,6.0,4.0,10.0,1.0,1.0,1.0,0.0,0.0,60.0,1.0,1.0,0.0,47.0,0.0,0.0,0.0,4.6,,,1.0,2.0,1.0,1.0,,,,3.0,55.0,0.0,0.0,0.0,3.0,75.0,0.7,6.0,1.0,1.0,60.0,0.0,0.0,0.0,4.0,3.0,1.0,8.0,1.0,0.0,0.0,0.0,0.0,0.0,1.0,1.0,100.0,0.0,0.0,0.0,CD_I296324,False,23.0,Jesse,Hogan,away,GWS GIANTS
CD_M20260140103,2026-03-14T02:15:00.000+0000,CONCLUDED,Premiership,Round 1,1,Marvel Stadium,Western Bulldogs,Western Bulldogs,GWS GIANTS,GWS GIANTS,39.0,"https://s.afl.com.au/staticfile/AFL Tenant/AFL/Players/ChampIDImages/AFL/2026014/1008083.png?im=Scale,width=0.6,height=0.6",BPR,CD_I1008083,False,39.0,Connor,Idun,CD_T1010,,94.0,0.0,0.0,,11.0,12.0,23.0,10.0,0.0,1.0,6.0,18.0,24.0,1.0,0.0,0.0,0.0,4.0,95.7,2.0,0.0,1.0,88.0,3.0,0.0,0.0,14.0,,,3.0,7.0,0.0,0.0,,,,2.0,162.0,0.0,0.0,0.0,10.0,90.9,0.9,22.0,0.0,0.0,25.0,0.0,0.0,0.0,6.0,0.0,1.0,5.0,5.0,4.0,0.0,3.0,0.0,0.0,0.0,0.0,0.0,0.0,0.0,0.0,CD_I1008083,False,39.0,Connor,Idun,away,GWS GIANTS
CD_M20260140103,2026-03-14T02:15:00.000+0000,CONCLUDED,Premiership,Round 1,1,Marvel Stadium,Western Bulldogs,Western Bulldogs,GWS GIANTS,GWS GIANTS,25.0,"https://s.afl.com.au/staticfile/AFL Tenant/AFL/Players/ChampIDImages/AFL/2026014/298280.png?im=Scale,width=0.6,height=0.6",BPL,CD_I298280,False,25.0,Jayden,Laverde,CD_T1010,,84.0,0.0,0.0,,15.0,4.0,19.0,13.0,0.0,2.0,2.0,17.0,19.0,1.0,0.0,1.0,0.0,2.0,89.5,3.0,0.0,2.0,94.0,2.0,0.0,0.0,2.4,,,2.0,3.0,0.0,0.0,,,,0.0,272.0,0.0,0.0,0.0,13.0,86.7,3.8,17.0,0.0,2.0,10.5,0.0,0.0,0.0,1.0,0.0,0.0,8.0,5.0,2.0,0.0,2.0,2.0,100.0,0.0,0.0,0.0,0.0,0.0,0.0,CD_I298280,False,25.0,Jayden,Laverde,away,GWS GIANTS
CD_M20260140103,2026-03-14T02:15:00.000+0000,CONCLUDED,Premiership,Round 1,1,Marvel Stadium,Western Bulldogs,Western Bulldogs,GWS GIANTS,GWS GIANTS,33.0,"https://s.afl.com.au/staticfile/AFL Tenant/AFL/Players/ChampIDImages/AFL/2026014/1006135.png?im=Scale,width=0.6,height=0.6",INT,CD_I1006135,False,33.0,Xavier,O'Halloran,CD_T1010,,76.0,1.0,1.0,,8.0,5.0,13.0,3.0,0.0,2.0,6.0,7.0,13.0,3.0,0.0,0.0,0.0,0.0,69.2,2.0,0.0,0.0,58.0,0.0,0.0,50.0,8.7,,,2.0,1.0,1.0,2.0,,,,3.0,263.0,0.0,0.0,0.0,5.0,62.5,1.6,9.0,0.0,0.0,46.2,0.0,0.0,0.0,5.0,2.0,1.0,17.0,9.0,0.0,0.0,0.0,0.0,0.0,0.0,0.0,0.0,5.0,0.0,0.0,CD_I1006135,False,33.0,Xavier,O'Halloran,away,GWS GIANTS
CD_M20260140103,2026-03-14T02:15:00.000+0000,CONCLUDED,Premiership,Round 1,1,Marvel Stadium,Western Bulldogs,Western Bulldogs,GWS GIANTS,GWS GIANTS,10.0,"https://s.afl.com.au/staticfile/AFL Tenant/AFL/Players/ChampIDImages/AFL/2026014/996701.png?im=Scale,width=0.6,height=0.6",C,CD_I996701,False,10.0,Clayton,Oliver,CD_T1010,,75.0,0.0,0.0,,11.0,15.0,26.0,3.0,0.0,2.0,8.0,16.0,24.0,4.0,0.0,1.0,0.0,1.0,80.8,5.0,2.0,1.0,79.0,1.0,0.0,0.0,8.8,,,1.0,0.0,1.0,0.0,,,,2.0,188.0,2.0,2.0,4.0,8.0,72.7,0.7,21.0,0.0,0.0,33.3,0.0,0.0,0.0,4.0,2.0,0.0,15.0,3.0,0.0,0.0,0.0,0.0,0.0,0.0,0.0,0.0,25.0,0.0,0.0,CD_I996701,False,10.0,Clayton,Oliver,away,GWS GIANTS
CD_M20260140103,2026-03-14T02:15:00.000+0000,CONCLUDED,Premiership,Round 1,1,Marvel Stadium,Western Bulldogs,Western Bulldogs,GWS GIANTS,GWS GIANTS,26.0,"https://s.afl.com.au/staticfile/AFL Tenant/AFL/Players/ChampIDImages/AFL/2026014/1008123.png?im=Scale,width=0.6,height=0.6",INT,CD_I1008123,False,26.0,Jake,Riccardi,CD_T1010,,58.0,1.0,0.0,,14.0,5.0,19.0,8.0,0.0,1.0,6.0,13.0,19.0,1.0,2.0,1.0,12.0,0.0,84.2,3.0,0.0,1.0,95.0,1.0,0.0,50.0,11.3,,,3.0,2.0,0.0,2.0,,,,3.0,171.0,0.0,2.0,2.0,11.0,78.6,2.8,16.0,1.0,0.0,31.6,5.0,29.3,41.7,3.0,2.0,2.0,11.0,7.0,0.0,41.0,0.0,0.0,0.0,1.0,1.0,100.0,14.0,0.0,0.0,CD_I1008123,False,26.0,Jake,Riccardi,away,GWS GIANTS
CD_M20260140103,2026-03-14T02:15:00.000+0000,CONCLUDED,Premiership,Round 1,1,Marvel Stadium,Western Bulldogs,Western Bulldogs,GWS GIANTS,GWS GIANTS,24.0,"https://s.afl.com.au/staticfile/AFL Tenant/AFL/Players/ChampIDImages/AFL/2026014/1021122.png?im=Scale,width=0.6,height=0.6",INT,CD_I1021122,False,24.0,Harry,Rowston,CD_T1010,,70.0,1.0,0.0,,8.0,7.0,15.0,4.0,0.0,2.0,4.0,12.0,16.0,1.0,0.0,0.0,0.0,2.0,80.0,6.0,0.0,1.0,61.0,2.0,0.0,50.0,8.6,,,4.0,0.0,0.0,2.0,,,,3.0,213.0,0.0,2.0,2.0,5.0,62.5,1.1,12.0,1.0,0.0,25.0,0.0,0.0,0.0,3.0,3.0,0.0,11.0,4.0,0.0,0.0,1.0,0.0,0.0,0.0,0.0,0.0,10.0,0.0,0.0,CD_I1021122,False,24.0,Harry,Rowston,away,GWS GIANTS
CD_M20260140103,2026-03-14T02:15:00.000+0000,CONCLUDED,Premiership,Round 1,1,Marvel Stadium,Western Bulldogs,Western Bulldogs,GWS GIANTS,GWS GIANTS,20.0,"https://s.afl.com.au/staticfile/AFL Tenant/AFL/Players/ChampIDImages/AFL/2026014/293884.png?im=Scale,width=0.6,height=0.6",FPL,CD_I293884,False,20.0,Jake,Stringer,CD_T1010,,90.0,0.0,0.0,,4.0,1.0,5.0,1.0,0.0,3.0,4.0,2.0,6.0,2.0,1.0,0.0,0.0,2.0,60.0,2.0,1.0,0.0,30.0,0.0,1.0,0.0,5.2,,,3.0,1.0,3.0,1.0,,,,2.0,82.0,0.0,0.0,0.0,3.0,75.0,4.0,3.0,0.0,0.0,66.7,0.0,0.0,0.0,2.0,1.0,1.0,9.0,0.0,0.0,1.0,0.0,0.0,0.0,2.0,1.0,50.0,0.0,0.0,0.0,CD_I293884,False,20.0,Jake,Stringer,away,GWS GIANTS
CD_M20260140103,2026-03-14T02:15:00.000+0000,CONCLUDED,Premiership,Round 1,1,Marvel Stadium,Western Bulldogs,Western Bulldogs,GWS GIANTS,GWS GIANTS,1.0,"https://s.afl.com.au/staticfile/AFL Tenant/AFL/Players/ChampIDImages/AFL/2026014/1027925.png?im=Scale,width=0.6,height=0.6",WL,CD_I1027925,False,1.0,Harvey,Thomas,CD_T1010,,95.0,0.0,0.0,,14.0,7.0,21.0,5.0,0.0,2.0,3.0,16.0,19.0,4.0,0.0,0.0,0.0,3.0,71.4,4.0,0.0,3.0,70.0,2.0,0.0,0.0,5.9,,,4.0,2.0,0.0,0.0,,,,2.0,302.0,0.0,0.0,0.0,11.0,78.6,2.0,15.0,0.0,0.0,15.8,0.0,0.0,0.0,3.0,0.0,0.0,19.0,10.0,2.0,0.0,1.0,0.0,0.0,0.0,0.0,0.0,0.0,0.0,0.0,CD_I1027925,False,1.0,Harvey,Thomas,away,GWS GIANTS
CD_M20260140103,2026-03-14T02:15:00.000+0000,CONCLUDED,Premiership,Round 1,1,Marvel Stadium,Western Bulldogs,Western Bulldogs,GWS GIANTS,GWS GIANTS,6.0,"https://s.afl.com.au/staticfile/AFL Tenant/AFL/Players/ChampIDImages/AFL/2026014/294305.png?im=Scale,width=0.6,height=0.6",CHB,CD_I294305,False,6.0,Lachie,Whitfield,CD_T1010,,82.0,0.0,0.0,,15.0,10.0,25.0,7.0,0.0,2.0,3.0,17.0,20.0,0.0,0.0,1.0,0.0,0.0,80.0,3.0,1.0,1.0,92.0,3.0,0.0,0.0,5.1,,,2.0,4.0,0.0,0.0,,,,2.0,307.0,0.0,0.0,0.0,11.0,73.3,1.5,20.0,0.0,1.0,15.0,0.0,0.0,0.0,1.0,0.0,1.0,11.0,6.0,0.0,0.0,0.0,0.0,0.0,0.0,0.0,0.0,0.0,4.0,4.0,CD_I294305,False,6.0,Lachie,Whitfield,away,GWS GIANTS
CD_M20260140104,2026-03-14T05:15:00.000+0000,CONCLUDED,Premiership,Round 1,1,GMHBA Stadium,Geelong Cats,Geelong Cats,Fremantle,Fremantle,30.0,"https://s.afl.com.au/staticfile/AFL Tenant/AFL/Players/ChampIDImages/AFL/2026014/994386.png?im=Scale,width=0.6,height=0.6",RR,CD_I994386,False,30.0,Tom,Atkins,CD_T70,,74.0,0.0,0.0,,9.0,6.0,15.0,2.0,0.0,10.0,8.0,8.0,16.0,6.0,0.0,0.0,0.0,2.0,86.7,1.0,1.0,1.0,83.0,1.0,0.0,0.0,15.1,,,1.0,3.0,2.0,0.0,,,,3.0,281.0,0.0,4.0,4.0,7.0,77.8,1.5,13.0,0.0,0.0,50.0,0.0,0.0,0.0,4.0,0.0,0.0,27.0,10.0,0.0,0.0,0.0,0.0,0.0,0.0,0.0,0.0,23.0,0.0,0.0,CD_I994386,False,30.0,Tom,Atkins,home,Geelong Cats
CD_M20260140104,2026-03-14T05:15:00.000+0000,CONCLUDED,Premiership,Round 1,1,GMHBA Stadium,Geelong Cats,Geelong Cats,Fremantle,Fremantle,46.0,"https://s.afl.com.au/staticfile/AFL Tenant/AFL/Players/ChampIDImages/AFL/2026014/296733.png?im=Scale,width=0.6,height=0.6",WL,CD_I296733,False,46.0,Mark,Blicavs,CD_T70,,76.0,0.0,0.0,,5.0,12.0,17.0,2.0,0.0,4.0,8.0,8.0,16.0,0.0,0.0,0.0,9.0,6.0,70.6,2.0,2.0,1.0,69.0,1.0,0.0,0.0,6.0,,,4.0,5.0,0.0,0.0,,,,4.0,119.0,1.0,1.0,2.0,3.0,60.0,0.4,12.0,0.0,0.0,50.0,1.0,27.3,11.1,6.0,0.0,3.0,11.0,6.0,3.0,33.0,1.0,0.0,0.0,1.0,1.0,100.0,12.0,0.0,0.0,CD_I296733,False,46.0,Mark,Blicavs,home,Geelong Cats
CD_M20260140104,2026-03-14T05:15:00.000+0000,CONCLUDED,Premiership,Round 1,1,GMHBA Stadium,Geelong Cats,Geelong Cats,Fremantle,Fremantle,4.0,"https://s.afl.com.au/staticfile/AFL Tenant/AFL/Players/ChampIDImages/AFL/2026014/1012805.png?im=Scale,width=0.6,height=0.6",INT,CD_I1012805,False,4.0,Tanner,Bruhn,CD_T70,,63.0,0.0,1.0,,14.0,10.0,24.0,4.0,2.0,4.0,7.0,18.0,25.0,3.0,1.0,0.0,0.0,3.0,75.0,3.0,3.0,0.0,94.0,4.0,0.0,0.0,6.0,,,5.0,2.0,1.0,1.0,,,,4.0,365.0,2.0,2.0,4.0,9.0,64.3,1.4,18.0,0.0,1.0,28.0,0.0,0.0,0.0,5.0,0.0,2.0,11.0,5.0,0.0,0.0,0.0,0.0,0.0,0.0,0.0,0.0,8.0,2.0,0.0,CD_I1012805,False,4.0,Tanner,Bruhn,home,Geelong Cats
CD_M20260140104,2026-03-14T05:15:00.000+0000,CONCLUDED,Premiership,Round 1,1,GMHBA Stadium,Geelong Cats,Geelong Cats,Fremantle,Fremantle,5.0,"https://s.afl.com.au/staticfile/AFL Tenant/AFL/Players/ChampIDImages/AFL/2026014/293845.png?im=Scale,width=0.6,height=0.6",FPL,CD_I293845,False,5.0,Jeremy,Cameron,CD_T70,,87.0,3.0,4.0,,19.0,4.0,23.0,10.0,0.0,2.0,3.0,19.0,22.0,4.0,3.0,1.0,1.0,2.0,60.9,2.0,0.0,1.0,123.0,0.0,0.0,42.9,13.2,,,5.0,1.0,1.0,7.0,,,,11.0,527.0,0.0,0.0,0.0,11.0,57.9,4.8,14.0,2.0,1.0,13.6,0.0,100.0,0.0,2.0,2.0,0.0,5.0,3.0,2.0,1.0,0.0,0.0,0.0,1.0,0.0,0.0,0.0,0.0,0.0,CD_I293845,False,5.0,Jeremy,Cameron,home,Geelong Cats
CD_M20260140104,2026-03-14T05:15:00.000+0000,CONCLUDED,Premiership,Round 1,1,GMHBA Stadium,Geelong Cats,Geelong Cats,Fremantle,Fremantle,13.0,"https://s.afl.com.au/staticfile/AFL Tenant/AFL/Players/ChampIDImages/AFL/2026014/1023537.png?im=Scale,width=0.6,height=0.6",INT,CD_I1023537,False,13.0,Jhye,Clark,CD_T70,,69.0,1.0,1.0,,5.0,4.0,9.0,2.0,0.0,1.0,4.0,5.0,9.0,0.0,1.0,0.0,0.0,2.0,44.4,5.0,2.0,2.0,36.0,0.0,0.0,33.3,1.3,,,5.0,1.0,0.0,3.0,,,,4.0,131.0,0.0,0.0,0.0,2.0,40.0,1.3,4.0,1.0,0.0,44.4,0.0,0.0,0.0,2.0,2.0,1.0,16.0,8.0,2.0,0.0,0.0,0.0,0.0,1.0,0.0,0.0,5.0,0.0,0.0,CD_I1023537,False,13.0,Jhye,Clark,home,Geelong Cats
CD_M20260140104,2026-03-14T05:15:00.000+0000,CONCLUDED,Premiership,Round 1,1,GMHBA Stadium,Geelong Cats,Geelong Cats,Fremantle,Fremantle,45.0,"https://s.afl.com.au/staticfile/AFL Tenant/AFL/Players/ChampIDImages/AFL/2026014/999326.png?im=Scale,width=0.6,height=0.6",HFFL,CD_I999326,False,45.0,Brad,Close,CD_T70,,83.0,0.0,0.0,,2.0,2.0,4.0,0.0,0.0,2.0,2.0,2.0,4.0,1.0,0.0,0.0,0.0,1.0,50.0,0.0,0.0,0.0,18.0,0.0,0.0,0.0,3.2,,,1.0,2.0,1.0,0.0,,,,1.0,34.0,0.0,0.0,0.0,0.0,0.0,1.0,2.0,0.0,0.0,50.0,0.0,0.0,0.0,1.0,0.0,0.0,13.0,2.0,0.0,0.0,0.0,0.0,0.0,0.0,0.0,0.0,0.0,0.0,0.0,CD_I999326,False,45.0,Brad,Close,home,Geelong Cats
CD_M20260140104,2026-03-14T05:15:00.000+0000,CONCLUDED,Premiership,Round 1,1,GMHBA Stadium,Geelong Cats,Geelong Cats,Fremantle,Fremantle,35.0,"https://s.afl.com.au/staticfile/AFL Tenant/AFL/Players/ChampIDImages/AFL/2026014/270917.png?im=Scale,width=0.6,height=0.6",FPR,CD_I270917,False,35.0,Patrick,Dangerfield,CD_T70,,55.0,1.0,0.0,,3.0,1.0,4.0,2.0,0.0,0.0,3.0,1.0,4.0,1.0,2.0,2.0,0.0,0.0,75.0,0.0,1.0,0.0,24.0,0.0,1.0,100.0,6.8,,,0.0,0.0,0.0,1.0,,,,2.0,87.0,0.0,0.0,0.0,2.0,66.7,3.0,3.0,0.0,0.0,75.0,0.0,0.0,0.0,0.0,0.0,0.0,5.0,0.0,0.0,0.0,0.0,0.0,0.0,1.0,0.0,0.0,0.0,0.0,0.0,CD_I270917,False,35.0,Patrick,Dangerfield,home,Geelong Cats
CD_M20260140104,2026-03-14T05:15:00.000+0000,CONCLUDED,Premiership,Round 1,1,GMHBA Stadium,Geelong Cats,Geelong Cats,Fremantle,Fremantle,16.0,"https://s.afl.com.au/staticfile/AFL Tenant/AFL/Players/ChampIDImages/AFL/2026014/1009229.png?im=Scale,width=0.6,height=0.6",BPR,CD_I1009229,False,16.0,Sam,De Koning,CD_T70,,76.0,0.0,0.0,,8.0,3.0,11.0,5.0,0.0,4.0,5.0,6.0,11.0,2.0,0.0,1.0,0.0,5.0,72.7,2.0,1.0,0.0,62.0,2.0,1.0,0.0,7.9,,,1.0,7.0,0.0,1.0,,,,3.0,208.0,0.0,0.0,0.0,5.0,62.5,2.7,8.0,0.0,2.0,45.5,0.0,0.0,0.0,3.0,0.0,3.0,11.0,8.0,5.0,0.0,5.0,0.0,0.0,0.0,0.0,0.0,0.0,0.0,0.0,CD_I1009229,False,16.0,Sam,De Koning,home,Geelong Cats
CD_M20260140104,2026-03-14T05:15:00.000+0000,CONCLUDED,Premiership,Round 1,1,GMHBA Stadium,Geelong Cats,Geelong Cats,Fremantle,Fremantle,28.0,"https://s.afl.com.au/staticfile/AFL Tenant/AFL/Players/ChampIDImages/AFL/2026014/1025034.png?im=Scale,width=0.6,height=0.6",WR,CD_I1025034,False,28.0,Oliver,Dempsey,CD_T70,,84.0,0.0,1.0,,4.0,12.0,16.0,2.0,0.0,1.0,7.0,9.0,16.0,3.0,0.0,0.0,0.0,1.0,56.3,4.0,0.0,2.0,41.0,0.0,0.0,0.0,2.5,,,4.0,1.0,1.0,1.0,,,,5.0,177.0,0.0,1.0,1.0,1.0,25.0,0.3,9.0,0.0,0.0,43.8,0.0,0.0,0.0,7.0,3.0,0.0,4.0,1.0,1.0,0.0,0.0,0.0,0.0,0.0,0.0,0.0,0.0,0.0,0.0,CD_I1025034,False,28.0,Oliver,Dempsey,home,Geelong Cats
CD_M20260140104,2026-03-14T05:15:00.000+0000,CONCLUDED,Premiership,Round 1,1,GMHBA Stadium,Geelong Cats,Geelong Cats,Fremantle,Fremantle,11.0,"https://s.afl.com.au/staticfile/AFL Tenant/AFL/Players/ChampIDImages/AFL/2026014/1024304.png?im=Scale,width=0.6,height=0.6",RK,CD_I1024304,False,11.0,Mitchell,Edwards,CD_T70,,52.0,0.0,0.0,,4.0,3.0,7.0,0.0,0.0,2.0,5.0,1.0,6.0,3.0,0.0,0.0,15.0,1.0,57.1,2.0,2.0,1.0,40.0,0.0,0.0,0.0,8.2,,,0.0,3.0,0.0,0.0,,,,2.0,128.0,0.0,1.0,1.0,2.0,50.0,1.3,4.0,0.0,0.0,83.3,5.0,33.3,33.3,3.0,0.0,2.0,9.0,5.0,1.0,45.0,0.0,0.0,0.0,0.0,0.0,0.0,22.0,0.0,0.0,CD_I1024304,False,11.0,Mitchell,Edwards,home,Geelong Cats
CD_M20260140104,2026-03-14T05:15:00.000+0000,CONCLUDED,Premiership,Round 1,1,GMHBA Stadium,Geelong Cats,Geelong Cats,Fremantle,Fremantle,39.0,"https://s.afl.com.au/staticfile/AFL Tenant/AFL/Players/ChampIDImages/AFL/2026014/1004870.png?im=Scale,width=0.6,height=0.6",CHB,CD_I1004870,False,39.0,Zach,Guthrie,CD_T70,,79.0,0.0,0.0,,10.0,4.0,14.0,8.0,0.0,2.0,3.0,10.0,13.0,2.0,0.0,0.0,0.0,0.0,85.7,3.0,1.0,1.0,68.0,0.0,1.0,0.0,3.7,,,2.0,2.0,0.0,1.0,,,,5.0,330.0,0.0,1.0,1.0,8.0,80.0,2.5,12.0,0.0,1.0,23.1,0.0,0.0,0.0,2.0,0.0,1.0,10.0,7.0,0.0,0.0,0.0,0.0,0.0,0.0,0.0,0.0,0.0,1.0,0.0,CD_I1004870,False,39.0,Zach,Guthrie,home,Geelong Cats
CD_M20260140104,2026-03-14T05:15:00.000+0000,CONCLUDED,Premiership,Round 1,1,GMHBA Stadium,Geelong Cats,Geelong Cats,Fremantle,Fremantle,38.0,"https://s.afl.com.au/staticfile/AFL Tenant/AFL/Players/ChampIDImages/AFL/2026014/1000937.png?im=Scale,width=0.6,height=0.6",FB,CD_I1000937,False,38.0,Jack,Henry,CD_T70,,86.0,1.0,0.0,,11.0,2.0,13.0,7.0,0.0,1.0,4.0,9.0,13.0,0.0,0.0,0.0,0.0,9.0,100.0,1.0,3.0,1.0,68.0,1.0,0.0,100.0,9.3,,,1.0,4.0,0.0,1.0,,,,3.0,101.0,0.0,0.0,0.0,11.0,100.0,5.5,13.0,0.0,1.0,30.8,0.0,0.0,0.0,1.0,0.0,2.0,3.0,2.0,9.0,0.0,3.0,1.0,33.3,0.0,0.0,0.0,0.0,0.0,0.0,CD_I1000937,False,38.0,Jack,Henry,home,Geelong Cats
CD_M20260140104,2026-03-14T05:15:00.000+0000,CONCLUDED,Premiership,Round 1,1,GMHBA Stadium,Geelong Cats,Geelong Cats,Fremantle,Fremantle,9.0,"https://s.afl.com.au/staticfile/AFL Tenant/AFL/Players/ChampIDImages/AFL/2026014/1015889.png?im=Scale,width=0.6,height=0.6",R,CD_I1015889,False,9.0,Max,Holmes,CD_T70,,84.0,0.0,1.0,,17.0,15.0,32.0,7.0,5.0,8.0,11.0,18.0,29.0,7.0,0.0,0.0,0.0,0.0,78.1,2.0,0.0,1.0,132.0,5.0,1.0,0.0,12.9,,,7.0,1.0,0.0,1.0,,,,10.0,657.0,4.0,1.0,5.0,12.0,70.6,1.1,25.0,0.0,1.0,37.9,0.0,0.0,0.0,7.0,0.0,2.0,21.0,7.0,0.0,1.0,0.0,0.0,0.0,0.0,0.0,0.0,28.0,3.0,2.0,CD_I1015889,False,9.0,Max,Holmes,home,Geelong Cats
CD_M20260140104,2026-03-14T05:15:00.000+0000,CONCLUDED,Premiership,Round 1,1,GMHBA Stadium,Geelong Cats,Geelong Cats,Fremantle,Fremantle,17.0,"https://s.afl.com.au/staticfile/AFL Tenant/AFL/Players/ChampIDImages/AFL/2026014/1013464.png?im=Scale,width=0.6,height=0.6",HBFR,CD_I1013464,False,17.0,Lawson,Humphries,CD_T70,,90.0,0.0,0.0,,12.0,10.0,22.0,9.0,0.0,2.0,3.0,18.0,21.0,0.0,0.0,1.0,0.0,2.0,86.4,1.0,0.0,0.0,91.0,4.0,0.0,0.0,8.2,,,1.0,3.0,0.0,0.0,,,,5.0,259.0,0.0,0.0,0.0,10.0,83.3,1.2,19.0,0.0,1.0,14.3,0.0,0.0,0.0,2.0,2.0,2.0,12.0,10.0,2.0,0.0,2.0,0.0,0.0,0.0,0.0,0.0,0.0,3.0,1.0,CD_I1013464,False,17.0,Lawson,Humphries,home,Geelong Cats
CD_M20260140104,2026-03-14T05:15:00.000+0000,CONCLUDED,Premiership,Round 1,1,GMHBA Stadium,Geelong Cats,Geelong Cats,Fremantle,Fremantle,7.0,"https://s.afl.com.au/staticfile/AFL Tenant/AFL/Players/ChampIDImages/AFL/2026014/993878.png?im=Scale,width=0.6,height=0.6",CHF,CD_I993878,False,7.0,Shaun,Mannagh,CD_T70,,88.0,3.0,2.0,,13.0,3.0,16.0,3.0,0.0,1.0,7.0,9.0,16.0,5.0,2.0,0.0,0.0,1.0,50.0,3.0,2.0,0.0,80.0,0.0,1.0,50.0,15.6,,,4.0,3.0,1.0,6.0,,,,8.0,368.0,0.0,1.0,1.0,6.0,46.2,4.3,8.0,1.0,1.0,43.8,0.0,0.0,0.0,4.0,2.0,2.0,13.0,4.0,0.0,0.0,0.0,0.0,0.0,0.0,0.0,0.0,0.0,0.0,0.0,CD_I993878,False,7.0,Shaun,Mannagh,home,Geelong Cats
CD_M20260140104,2026-03-14T05:15:00.000+0000,CONCLUDED,Premiership,Round 1,1,GMHBA Stadium,Geelong Cats,Geelong Cats,Fremantle,Fremantle,19.0,"https://s.afl.com.au/staticfile/AFL Tenant/AFL/Players/ChampIDImages/AFL/2026014/296190.png?im=Scale,width=0.6,height=0.6",HFFR,CD_I296190,False,19.0,Jack,Martin,CD_T70,,69.0,1.0,2.0,,8.0,3.0,11.0,6.0,0.0,2.0,5.0,7.0,12.0,1.0,4.0,1.0,0.0,3.0,72.7,1.0,1.0,0.0,65.0,0.0,1.0,33.3,8.1,,,0.0,2.0,0.0,3.0,,,,8.0,184.0,0.0,1.0,1.0,5.0,62.5,2.7,8.0,3.0,0.0,41.7,0.0,0.0,0.0,2.0,1.0,2.0,9.0,1.0,0.0,0.0,0.0,0.0,0.0,3.0,0.0,0.0,0.0,0.0,0.0,CD_I296190,False,19.0,Jack,Martin,home,Geelong Cats
CD_M20260140104,2026-03-14T05:15:00.000+0000,CONCLUDED,Premiership,Round 1,1,GMHBA Stadium,Geelong Cats,Geelong Cats,Fremantle,Fremantle,32.0,"https://s.afl.com.au/staticfile/AFL Tenant/AFL/Players/ChampIDImages/AFL/2026014/1004938.png?im=Scale,width=0.6,height=0.6",INT,CD_I1004938,False,32.0,Gryan,Miers,CD_T70,,83.0,0.0,0.0,,17.0,8.0,25.0,5.0,0.0,2.0,5.0,19.0,24.0,5.0,0.0,0.0,0.0,0.0,88.0,1.0,0.0,0.0,90.0,2.0,3.0,0.0,11.2,,,2.0,3.0,1.0,1.0,,,,8.0,309.0,1.0,1.0,2.0,15.0,88.2,2.1,22.0,0.0,0.0,20.8,0.0,0.0,0.0,5.0,1.0,0.0,7.0,1.0,0.0,0.0,0.0,0.0,0.0,0.0,0.0,0.0,6.0,0.0,0.0,CD_I1004938,False,32.0,Gryan,Miers,home,Geelong Cats
CD_M20260140104,2026-03-14T05:15:00.000+0000,CONCLUDED,Premiership,Round 1,1,GMHBA Stadium,Geelong Cats,Geelong Cats,Fremantle,Fremantle,34.0,"https://s.afl.com.au/staticfile/AFL Tenant/AFL/Players/ChampIDImages/AFL/2026014/1024982.png?im=Scale,width=0.6,height=0.6",INT,CD_I1024982,False,34.0,Oisin,Mullin,CD_T70,,77.0,0.0,0.0,,7.0,4.0,11.0,5.0,0.0,1.0,3.0,7.0,10.0,3.0,0.0,0.0,0.0,0.0,81.8,2.0,1.0,1.0,46.0,0.0,0.0,0.0,6.0,,,1.0,3.0,0.0,0.0,,,,4.0,251.0,0.0,1.0,1.0,6.0,85.7,1.8,9.0,1.0,1.0,30.0,0.0,0.0,0.0,2.0,0.0,2.0,10.0,6.0,0.0,0.0,0.0,0.0,0.0,0.0,0.0,0.0,5.0,0.0,0.0,CD_I1024982,False,34.0,Oisin,Mullin,home,Geelong Cats
CD_M20260140104,2026-03-14T05:15:00.000+0000,CONCLUDED,Premiership,Round 1,1,GMHBA Stadium,Geelong Cats,Geelong Cats,Fremantle,Fremantle,33.0,"https://s.afl.com.au/staticfile/AFL Tenant/AFL/Players/ChampIDImages/AFL/2026014/1016433.png?im=Scale,width=0.6,height=0.6",FF,CD_I1016433,False,33.0,Shannon,Neale,CD_T70,,95.0,5.0,1.0,,7.0,2.0,9.0,5.0,0.0,1.0,5.0,2.0,7.0,1.0,5.0,4.0,1.0,1.0,77.8,1.0,1.0,0.0,77.0,0.0,0.0,83.3,17.2,,,0.0,0.0,1.0,6.0,,,,7.0,161.0,0.0,1.0,1.0,5.0,71.4,3.5,7.0,1.0,0.0,71.4,0.0,11.1,0.0,0.0,0.0,1.0,6.0,0.0,1.0,9.0,0.0,0.0,0.0,2.0,0.0,0.0,0.0,0.0,0.0,CD_I1016433,False,33.0,Shannon,Neale,home,Geelong Cats
CD_M20260140104,2026-03-14T05:15:00.000+0000,CONCLUDED,Premiership,Round 1,1,GMHBA Stadium,Geelong Cats,Geelong Cats,Fremantle,Fremantle,42.0,"https://s.afl.com.au/staticfile/AFL Tenant/AFL/Players/ChampIDImages/AFL/2026014/1007102.png?im=Scale,width=0.6,height=0.6",INT,CD_I1007102,False,42.0,Mark,O'Connor,CD_T70,,74.0,0.0,0.0,,7.0,1.0,8.0,3.0,0.0,1.0,2.0,6.0,8.0,3.0,0.0,0.0,0.0,1.0,50.0,3.0,0.0,0.0,36.0,1.0,0.0,0.0,3.9,,,2.0,3.0,0.0,0.0,,,,2.0,286.0,0.0,1.0,1.0,3.0,42.9,7.0,4.0,0.0,1.0,25.0,0.0,0.0,0.0,1.0,0.0,0.0,8.0,5.0,0.0,0.0,0.0,0.0,0.0,0.0,0.0,0.0,0.0,0.0,0.0,CD_I1007102,False,42.0,Mark,O'Connor,home,Geelong Cats
CD_M20260140104,2026-03-14T05:15:00.000+0000,CONCLUDED,Premiership,Round 1,1,GMHBA Stadium,Geelong Cats,Geelong Cats,Fremantle,Fremantle,14.0,"https://s.afl.com.au/staticfile/AFL Tenant/AFL/Players/ChampIDImages/AFL/2026014/1027877.png?im=Scale,width=0.6,height=0.6",BPL,CD_I1027877,False,14.0,Connor,O'Sullivan,CD_T70,,88.0,0.0,0.0,,8.0,4.0,12.0,7.0,0.0,2.0,5.0,7.0,12.0,3.0,0.0,1.0,0.0,4.0,66.7,6.0,0.0,3.0,52.0,2.0,1.0,0.0,5.7,,,6.0,4.0,0.0,0.0,,,,2.0,309.0,0.0,0.0,0.0,6.0,75.0,2.0,8.0,0.0,2.0,41.7,0.0,0.0,0.0,4.0,0.0,0.0,4.0,4.0,4.0,0.0,1.0,0.0,0.0,0.0,0.0,0.0,0.0,0.0,0.0,CD_I1027877,False,14.0,Connor,O'Sullivan,home,Geelong Cats
CD_M20260140104,2026-03-14T05:15:00.000+0000,CONCLUDED,Premiership,Round 1,1,GMHBA Stadium,Geelong Cats,Geelong Cats,Fremantle,Fremantle,3.0,"https://s.afl.com.au/staticfile/AFL Tenant/AFL/Players/ChampIDImages/AFL/2026014/1006130.png?im=Scale,width=0.6,height=0.6",C,CD_I1006130,False,3.0,Bailey,Smith,CD_T70,,83.0,1.0,0.0,,22.0,9.0,31.0,7.0,0.0,4.0,8.0,20.0,28.0,6.0,0.0,0.0,0.0,3.0,71.0,5.0,3.0,0.0,130.0,2.0,2.0,100.0,15.6,,,4.0,1.0,0.0,1.0,,,,6.0,673.0,3.0,0.0,3.0,14.0,63.6,2.4,22.0,0.0,0.0,28.6,0.0,0.0,0.0,5.0,2.0,2.0,15.0,7.0,1.0,0.0,0.0,0.0,0.0,0.0,0.0,0.0,27.0,0.0,0.0,CD_I1006130,False,3.0,Bailey,Smith,home,Geelong Cats
CD_M20260140104,2026-03-14T05:15:00.000+0000,CONCLUDED,Premiership,Round 1,1,GMHBA Stadium,Geelong Cats,Geelong Cats,Fremantle,Fremantle,44.0,"https://s.afl.com.au/staticfile/AFL Tenant/AFL/Players/ChampIDImages/AFL/2026014/291800.png?im=Scale,width=0.6,height=0.6",HBFL,CD_I291800,False,44.0,Tom,Stewart,CD_T70,,86.0,0.0,0.0,,19.0,8.0,27.0,10.0,0.0,1.0,7.0,14.0,21.0,1.0,0.0,0.0,0.0,9.0,85.2,3.0,0.0,0.0,107.0,7.0,1.0,0.0,12.5,,,4.0,8.0,0.0,0.0,,,,6.0,534.0,0.0,0.0,0.0,18.0,94.7,2.4,23.0,0.0,2.0,33.3,0.0,0.0,0.0,7.0,0.0,3.0,4.0,4.0,9.0,0.0,1.0,0.0,0.0,0.0,0.0,0.0,0.0,7.0,5.0,CD_I291800,False,44.0,Tom,Stewart,home,Geelong Cats
CD_M20260140104,2026-03-14T05:15:00.000+0000,CONCLUDED,Premiership,Round 1,1,GMHBA Stadium,Geelong Cats,Geelong Cats,Fremantle,Fremantle,24.0,"https://s.afl.com.au/staticfile/AFL Tenant/AFL/Players/ChampIDImages/AFL/2026014/1020594.png?im=Scale,width=0.6,height=0.6",HFFL,CD_I1020594,False,24.0,Jye,Amiss,CD_T60,,80.0,1.0,0.0,,2.0,2.0,4.0,2.0,0.0,1.0,2.0,2.0,4.0,1.0,1.0,0.0,0.0,4.0,75.0,0.0,0.0,0.0,26.0,0.0,1.0,50.0,5.6,,,0.0,0.0,1.0,2.0,,,,4.0,53.0,0.0,0.0,0.0,1.0,50.0,1.0,3.0,0.0,0.0,50.0,0.0,0.0,0.0,2.0,2.0,0.0,5.0,1.0,4.0,0.0,0.0,0.0,0.0,2.0,0.0,0.0,0.0,0.0,0.0,CD_I1020594,False,24.0,Jye,Amiss,away,Fremantle
CD_M20260140104,2026-03-14T05:15:00.000+0000,CONCLUDED,Premiership,Round 1,1,GMHBA Stadium,Geelong Cats,Geelong Cats,Fremantle,Fremantle,10.0,"https://s.afl.com.au/staticfile/AFL Tenant/AFL/Players/ChampIDImages/AFL/2026014/993993.png?im=Scale,width=0.6,height=0.6",FPL,CD_I993993,False,10.0,Shai,Bolton,CD_T60,,78.0,2.0,0.0,,7.0,9.0,16.0,1.0,1.0,2.0,9.0,7.0,16.0,1.0,0.0,0.0,0.0,0.0,68.8,2.0,0.0,0.0,62.0,0.0,1.0,66.7,17.9,,,1.0,4.0,0.0,3.0,,,,7.0,262.0,0.0,2.0,2.0,3.0,42.9,0.8,11.0,0.0,0.0,56.3,0.0,0.0,0.0,9.0,2.0,3.0,5.0,2.0,0.0,0.0,0.0,0.0,0.0,1.0,0.0,0.0,9.0,0.0,0.0,CD_I993993,False,10.0,Shai,Bolton,away,Fremantle
CD_M20260140104,2026-03-14T05:15:00.000+0000,CONCLUDED,Premiership,Round 1,1,GMHBA Stadium,Geelong Cats,Geelong Cats,Fremantle,Fremantle,8.0,"https://s.afl.com.au/staticfile/AFL Tenant/AFL/Players/ChampIDImages/AFL/2026014/1002232.png?im=Scale,width=0.6,height=0.6",C,CD_I1002232,False,8.0,Andrew,Brayshaw,CD_T60,,79.0,1.0,0.0,,8.0,6.0,14.0,2.0,1.0,4.0,8.0,8.0,16.0,1.0,0.0,0.0,0.0,1.0,78.6,7.0,1.0,4.0,53.0,0.0,0.0,50.0,5.5,,,3.0,2.0,0.0,2.0,,,,5.0,322.0,2.0,4.0,6.0,5.0,62.5,1.3,11.0,1.0,1.0,50.0,0.0,0.0,0.0,2.0,0.0,2.0,22.0,15.0,0.0,0.0,0.0,0.0,0.0,0.0,0.0,0.0,28.0,0.0,0.0,CD_I1002232,False,8.0,Andrew,Brayshaw,away,Fremantle
CD_M20260140104,2026-03-14T05:15:00.000+0000,CONCLUDED,Premiership,Round 1,1,GMHBA Stadium,Geelong Cats,Geelong Cats,Fremantle,Fremantle,5.0,"https://s.afl.com.au/staticfile/AFL Tenant/AFL/Players/ChampIDImages/AFL/2026014/1013224.png?im=Scale,width=0.6,height=0.6",BPR,CD_I1013224,False,5.0,Heath,Chapman,CD_T60,,85.0,0.0,0.0,,10.0,9.0,19.0,2.0,0.0,1.0,5.0,10.0,15.0,0.0,0.0,0.0,0.0,4.0,78.9,6.0,0.0,2.0,52.0,6.0,0.0,0.0,6.6,,,5.0,6.0,0.0,0.0,,,,2.0,307.0,0.0,1.0,1.0,6.0,60.0,1.1,15.0,0.0,1.0,33.3,0.0,0.0,0.0,5.0,0.0,0.0,9.0,7.0,3.0,0.0,2.0,1.0,50.0,0.0,0.0,0.0,0.0,4.0,4.0,CD_I1013224,False,5.0,Heath,Chapman,away,Fremantle
CD_M20260140104,2026-03-14T05:15:00.000+0000,CONCLUDED,Premiership,Round 1,1,GMHBA Stadium,Geelong Cats,Geelong Cats,Fremantle,Fremantle,6.0,"https://s.afl.com.au/staticfile/AFL Tenant/AFL/Players/ChampIDImages/AFL/2026014/1006152.png?im=Scale,width=0.6,height=0.6",HBFL,CD_I1006152,False,6.0,Jordan,Clark,CD_T60,,82.0,0.0,0.0,,16.0,3.0,19.0,2.0,0.0,3.0,5.0,8.0,13.0,3.0,0.0,0.0,0.0,3.0,73.7,3.0,0.0,1.0,69.0,7.0,0.0,0.0,10.2,,,4.0,5.0,0.0,0.0,,,,4.0,510.0,1.0,1.0,2.0,12.0,75.0,5.3,14.0,0.0,1.0,38.5,0.0,0.0,0.0,5.0,0.0,2.0,13.0,9.0,3.0,0.0,1.0,0.0,0.0,0.0,0.0,0.0,0.0,6.0,6.0,CD_I1006152,False,6.0,Jordan,Clark,away,Fremantle
CD_M20260140104,2026-03-14T05:15:00.000+0000,CONCLUDED,Premiership,Round 1,1,GMHBA Stadium,Geelong Cats,Geelong Cats,Fremantle,Fremantle,4.0,"https://s.afl.com.au/staticfile/AFL Tenant/AFL/Players/ChampIDImages/AFL/2026014/998145.png?im=Scale,width=0.6,height=0.6",INT,CD_I998145,False,4.0,Sean,Darcy,CD_T60,,45.0,0.0,0.0,,3.0,7.0,10.0,2.0,0.0,1.0,5.0,5.0,10.0,2.0,0.0,1.0,22.0,1.0,80.0,2.0,1.0,1.0,53.0,0.0,0.0,0.0,3.3,,,2.0,1.0,0.0,0.0,,,,3.0,131.0,0.0,0.0,0.0,3.0,100.0,0.4,8.0,0.0,0.0,50.0,3.0,57.9,13.6,2.0,1.0,1.0,6.0,3.0,1.0,38.0,0.0,0.0,0.0,0.0,0.0,0.0,16.0,0.0,0.0,CD_I998145,False,4.0,Sean,Darcy,away,Fremantle
CD_M20260140104,2026-03-14T05:15:00.000+0000,CONCLUDED,Premiership,Round 1,1,GMHBA Stadium,Geelong Cats,Geelong Cats,Fremantle,Fremantle,43.0,"https://s.afl.com.au/staticfile/AFL Tenant/AFL/Players/ChampIDImages/AFL/2026014/1011558.png?im=Scale,width=0.6,height=0.6",INT,CD_I1011558,False,43.0,Isaiah,Dudley,CD_T60,,65.0,3.0,2.0,,7.0,3.0,10.0,1.0,0.0,4.0,5.0,6.0,11.0,1.0,1.0,0.0,0.0,1.0,70.0,2.0,0.0,1.0,63.0,0.0,1.0,60.0,11.2,,,2.0,0.0,3.0,5.0,,,,8.0,133.0,0.0,0.0,0.0,4.0,57.1,2.3,7.0,0.0,0.0,45.5,0.0,0.0,0.0,4.0,4.0,0.0,12.0,3.0,0.0,0.0,0.0,0.0,0.0,1.0,0.0,0.0,0.0,0.0,0.0,CD_I1011558,False,43.0,Isaiah,Dudley,away,Fremantle
CD_M20260140104,2026-03-14T05:15:00.000+0000,CONCLUDED,Premiership,Round 1,1,GMHBA Stadium,Geelong Cats,Geelong Cats,Fremantle,Fremantle,28.0,"https://s.afl.com.au/staticfile/AFL Tenant/AFL/Players/ChampIDImages/AFL/2026014/1020250.png?im=Scale,width=0.6,height=0.6",WL,CD_I1020250,False,28.0,Neil,Erasmus,CD_T60,,75.0,0.0,2.0,,12.0,9.0,21.0,4.0,0.0,0.0,7.0,14.0,21.0,1.0,0.0,0.0,0.0,1.0,57.1,7.0,0.0,1.0,65.0,4.0,0.0,0.0,1.0,,,7.0,5.0,0.0,2.0,,,,4.0,348.0,0.0,1.0,1.0,6.0,50.0,1.3,12.0,0.0,1.0,33.3,0.0,0.0,0.0,7.0,1.0,0.0,6.0,4.0,1.0,0.0,0.0,0.0,0.0,0.0,0.0,0.0,2.0,0.0,0.0,CD_I1020250,False,28.0,Neil,Erasmus,away,Fremantle
CD_M20260140104,2026-03-14T05:15:00.000+0000,CONCLUDED,Premiership,Round 1,1,GMHBA Stadium,Geelong Cats,Geelong Cats,Fremantle,Fremantle,9.0,"https://s.afl.com.au/staticfile/AFL Tenant/AFL/Players/ChampIDImages/AFL/2026014/1009399.png?im=Scale,width=0.6,height=0.6",RK,CD_I1009399,False,9.0,Luke,Jackson,CD_T60,,78.0,1.0,0.0,,8.0,19.0,27.0,2.0,0.0,8.0,18.0,10.0,28.0,1.0,0.0,0.0,22.0,1.0,59.3,6.0,3.0,2.0,125.0,3.0,0.0,50.0,20.6,,,7.0,2.0,0.0,2.0,,,,8.0,280.0,5.0,5.0,10.0,4.0,50.0,0.4,16.0,0.0,1.0,64.3,9.0,44.0,40.9,9.0,2.0,5.0,15.0,9.0,1.0,50.0,0.0,0.0,0.0,1.0,0.0,0.0,22.0,0.0,0.0,CD_I1009399,False,9.0,Luke,Jackson,away,Fremantle
CD_M20260140104,2026-03-14T05:15:00.000+0000,CONCLUDED,Premiership,Round 1,1,GMHBA Stadium,Geelong Cats,Geelong Cats,Fremantle,Fremantle,44.0,"https://s.afl.com.au/staticfile/AFL Tenant/AFL/Players/ChampIDImages/AFL/2026014/1016825.png?im=Scale,width=0.6,height=0.6",WR,CD_I1016825,False,44.0,Matthew,Johnson,CD_T60,,75.0,0.0,0.0,,8.0,6.0,14.0,2.0,0.0,6.0,4.0,10.0,14.0,3.0,0.0,1.0,0.0,0.0,71.4,3.0,0.0,0.0,66.0,1.0,1.0,0.0,7.6,,,3.0,1.0,0.0,0.0,,,,5.0,334.0,1.0,1.0,2.0,5.0,62.5,1.3,10.0,0.0,1.0,28.6,0.0,0.0,0.0,3.0,0.0,1.0,20.0,13.0,0.0,0.0,0.0,0.0,0.0,0.0,0.0,0.0,6.0,0.0,0.0,CD_I1016825,False,44.0,Matthew,Johnson,away,Fremantle
CD_M20260140104,2026-03-14T05:15:00.000+0000,CONCLUDED,Premiership,Round 1,1,GMHBA Stadium,Geelong Cats,Geelong Cats,Fremantle,Fremantle,21.0,"https://s.afl.com.au/staticfile/AFL Tenant/AFL/Players/ChampIDImages/AFL/2026014/992472.png?im=Scale,width=0.6,height=0.6",FB,CD_I992472,False,21.0,Oscar,McDonald,CD_T60,,91.0,0.0,0.0,,4.0,1.0,5.0,2.0,0.0,2.0,2.0,2.0,4.0,0.0,0.0,0.0,0.0,5.0,80.0,1.0,1.0,0.0,29.0,4.0,0.0,0.0,5.6,,,1.0,3.0,0.0,0.0,,,,0.0,196.0,0.0,0.0,0.0,4.0,100.0,4.0,4.0,0.0,1.0,50.0,0.0,0.0,0.0,1.0,0.0,0.0,7.0,7.0,5.0,0.0,2.0,0.0,0.0,0.0,0.0,0.0,0.0,0.0,0.0,CD_I992472,False,21.0,Oscar,McDonald,away,Fremantle
CD_M20260140104,2026-03-14T05:15:00.000+0000,CONCLUDED,Premiership,Round 1,1,GMHBA Stadium,Geelong Cats,Geelong Cats,Fremantle,Fremantle,17.0,"https://s.afl.com.au/staticfile/AFL Tenant/AFL/Players/ChampIDImages/AFL/2026014/1017703.png?im=Scale,width=0.6,height=0.6",HBFR,CD_I1017703,False,17.0,Judd,McVee,CD_T60,,85.0,0.0,0.0,,7.0,7.0,14.0,2.0,2.0,2.0,6.0,7.0,13.0,2.0,0.0,0.0,0.0,2.0,71.4,2.0,0.0,0.0,49.0,3.0,0.0,0.0,9.1,,,1.0,4.0,0.0,0.0,,,,3.0,230.0,0.0,2.0,2.0,4.0,57.1,1.0,10.0,0.0,0.0,46.2,0.0,0.0,0.0,6.0,0.0,0.0,7.0,6.0,2.0,0.0,1.0,0.0,0.0,0.0,0.0,0.0,0.0,1.0,1.0,CD_I1017703,False,17.0,Judd,McVee,away,Fremantle
CD_M20260140104,2026-03-14T05:15:00.000+0000,CONCLUDED,Premiership,Round 1,1,GMHBA Stadium,Geelong Cats,Geelong Cats,Fremantle,Fremantle,30.0,"https://s.afl.com.au/staticfile/AFL Tenant/AFL/Players/ChampIDImages/AFL/2026014/1013220.png?im=Scale,width=0.6,height=0.6",INT,CD_I1013220,False,30.0,Nathan,O'Driscoll,CD_T60,,78.0,1.0,0.0,,3.0,8.0,11.0,2.0,0.0,3.0,6.0,6.0,12.0,3.0,0.0,0.0,0.0,2.0,81.8,0.0,0.0,0.0,49.0,0.0,0.0,100.0,9.1,,,0.0,2.0,0.0,1.0,,,,5.0,123.0,1.0,0.0,1.0,3.0,100.0,0.4,9.0,0.0,0.0,50.0,0.0,0.0,0.0,5.0,2.0,2.0,10.0,7.0,1.0,0.0,0.0,0.0,0.0,0.0,0.0,0.0,0.0,0.0,0.0,CD_I1013220,False,30.0,Nathan,O'Driscoll,away,Fremantle
CD_M20260140104,2026-03-14T05:15:00.000+0000,CONCLUDED,Premiership,Round 1,1,GMHBA Stadium,Geelong Cats,Geelong Cats,Fremantle,Fremantle,25.0,"https://s.afl.com.au/staticfile/AFL Tenant/AFL/Players/ChampIDImages/AFL/2026014/298409.png?im=Scale,width=0.6,height=0.6",INT,CD_I298409,False,25.0,Alex,Pearce,CD_T60,,59.0,0.0,0.0,,7.0,1.0,8.0,5.0,0.0,1.0,3.0,5.0,8.0,0.0,0.0,1.0,0.0,0.0,62.5,2.0,0.0,1.0,39.0,4.0,0.0,0.0,5.6,,,3.0,5.0,0.0,0.0,,,,2.0,185.0,0.0,1.0,1.0,4.0,57.1,7.0,5.0,0.0,4.0,37.5,0.0,0.0,0.0,2.0,0.0,1.0,3.0,3.0,0.0,0.0,1.0,0.0,0.0,0.0,0.0,0.0,0.0,0.0,0.0,CD_I298409,False,25.0,Alex,Pearce,away,Fremantle
CD_M20260140104,2026-03-14T05:15:00.000+0000,CONCLUDED,Premiership,Round 1,1,GMHBA Stadium,Geelong Cats,Geelong Cats,Fremantle,Fremantle,16.0,"https://s.afl.com.au/staticfile/AFL Tenant/AFL/Players/ChampIDImages/AFL/2026014/1028513.png?im=Scale,width=0.6,height=0.6",FPR,CD_I1028513,False,16.0,Murphy,Reid,CD_T60,,81.0,1.0,3.0,,9.0,10.0,19.0,2.0,1.0,4.0,7.0,12.0,19.0,1.0,0.0,0.0,0.0,0.0,63.2,1.0,3.0,1.0,78.0,1.0,0.0,25.0,4.1,,,2.0,1.0,0.0,4.0,,,,6.0,210.0,1.0,1.0,2.0,6.0,66.7,0.9,12.0,0.0,0.0,36.8,0.0,0.0,0.0,4.0,1.0,1.0,14.0,9.0,0.0,0.0,0.0,0.0,0.0,0.0,0.0,0.0,14.0,0.0,0.0,CD_I1028513,False,16.0,Murphy,Reid,away,Fremantle
CD_M20260140104,2026-03-14T05:15:00.000+0000,CONCLUDED,Premiership,Round 1,1,GMHBA Stadium,Geelong Cats,Geelong Cats,Fremantle,Fremantle,3.0,"https://s.afl.com.au/staticfile/AFL Tenant/AFL/Players/ChampIDImages/AFL/2026014/1009420.png?im=Scale,width=0.6,height=0.6",R,CD_I1009420,False,3.0,Caleb,Serong,CD_T60,,85.0,1.0,1.0,,21.0,9.0,30.0,5.0,1.0,1.0,13.0,15.0,28.0,6.0,0.0,0.0,0.0,1.0,70.0,2.0,1.0,0.0,108.0,1.0,2.0,50.0,26.5,,,6.0,5.0,0.0,2.0,,,,11.0,616.0,4.0,4.0,8.0,12.0,57.1,2.3,21.0,0.0,1.0,46.4,0.0,0.0,0.0,8.0,3.0,3.0,15.0,11.0,1.0,0.0,0.0,0.0,0.0,0.0,0.0,0.0,23.0,0.0,0.0,CD_I1009420,False,3.0,Caleb,Serong,away,Fremantle
CD_M20260140104,2026-03-14T05:15:00.000+0000,CONCLUDED,Premiership,Round 1,1,GMHBA Stadium,Geelong Cats,Geelong Cats,Fremantle,Fremantle,39.0,"https://s.afl.com.au/staticfile/AFL Tenant/AFL/Players/ChampIDImages/AFL/2026014/992059.png?im=Scale,width=0.6,height=0.6",HFFR,CD_I992059,False,39.0,Sam,Switkowski,CD_T60,,75.0,0.0,1.0,,2.0,7.0,9.0,1.0,0.0,4.0,1.0,8.0,9.0,2.0,0.0,0.0,0.0,0.0,88.9,0.0,1.0,0.0,41.0,0.0,0.0,0.0,3.9,,,0.0,0.0,0.0,1.0,,,,4.0,127.0,0.0,0.0,0.0,1.0,50.0,0.3,8.0,1.0,0.0,11.1,0.0,0.0,0.0,0.0,0.0,0.0,12.0,5.0,0.0,0.0,0.0,0.0,0.0,0.0,0.0,0.0,0.0,0.0,0.0,CD_I992059,False,39.0,Sam,Switkowski,away,Fremantle
CD_M20260140104,2026-03-14T05:15:00.000+0000,CONCLUDED,Premiership,Round 1,1,GMHBA Stadium,Geelong Cats,Geelong Cats,Fremantle,Fremantle,35.0,"https://s.afl.com.au/staticfile/AFL Tenant/AFL/Players/ChampIDImages/AFL/2026014/1012819.png?im=Scale,width=0.6,height=0.6",FF,CD_I1012819,False,35.0,Josh,Treacy,CD_T60,,90.0,2.0,1.0,,9.0,1.0,10.0,8.0,0.0,2.0,5.0,7.0,12.0,5.0,3.0,2.0,0.0,0.0,50.0,4.0,1.0,3.0,66.0,0.0,1.0,40.0,9.3,,,4.0,1.0,1.0,5.0,,,,7.0,308.0,0.0,0.0,0.0,4.0,44.4,9.0,5.0,4.0,1.0,41.7,0.0,0.0,0.0,2.0,2.0,1.0,5.0,1.0,0.0,0.0,0.0,0.0,0.0,5.0,1.0,20.0,0.0,0.0,0.0,CD_I1012819,False,35.0,Josh,Treacy,away,Fremantle
CD_M20260140104,2026-03-14T05:15:00.000+0000,CONCLUDED,Premiership,Round 1,1,GMHBA Stadium,Geelong Cats,Geelong Cats,Fremantle,Fremantle,20.0,"https://s.afl.com.au/staticfile/AFL Tenant/AFL/Players/ChampIDImages/AFL/2026014/1017754.png?im=Scale,width=0.6,height=0.6",CHF,CD_I1017754,False,20.0,Patrick,Voss,CD_T60,,94.0,0.0,3.0,,7.0,4.0,11.0,4.0,0.0,6.0,5.0,7.0,12.0,2.0,3.0,1.0,0.0,1.0,27.3,4.0,1.0,3.0,60.0,1.0,1.0,0.0,-2.1,,,3.0,0.0,5.0,4.0,,,,8.0,207.0,0.0,0.0,0.0,1.0,14.3,1.8,3.0,2.0,0.0,41.7,0.0,0.0,0.0,3.0,2.0,0.0,11.0,1.0,1.0,0.0,0.0,0.0,0.0,3.0,0.0,0.0,0.0,0.0,0.0,CD_I1017754,False,20.0,Patrick,Voss,away,Fremantle
CD_M20260140104,2026-03-14T05:15:00.000+0000,CONCLUDED,Premiership,Round 1,1,GMHBA Stadium,Geelong Cats,Geelong Cats,Fremantle,Fremantle,34.0,"https://s.afl.com.au/staticfile/AFL Tenant/AFL/Players/ChampIDImages/AFL/2026014/993940.png?im=Scale,width=0.6,height=0.6",BPL,CD_I993940,False,34.0,Corey,Wagner,CD_T60,,71.0,0.0,0.0,,8.0,5.0,13.0,2.0,0.0,1.0,4.0,8.0,12.0,4.0,0.0,0.0,0.0,2.0,76.9,3.0,0.0,2.0,38.0,2.0,0.0,0.0,2.4,,,3.0,5.0,0.0,0.0,,,,2.0,287.0,0.0,0.0,0.0,5.0,62.5,1.6,10.0,0.0,0.0,33.3,0.0,0.0,0.0,3.0,0.0,1.0,6.0,5.0,1.0,0.0,0.0,0.0,0.0,0.0,0.0,0.0,0.0,0.0,0.0,CD_I993940,False,34.0,Corey,Wagner,away,Fremantle
CD_M20260140104,2026-03-14T05:15:00.000+0000,CONCLUDED,Premiership,Round 1,1,GMHBA Stadium,Geelong Cats,Geelong Cats,Fremantle,Fremantle,31.0,"https://s.afl.com.au/staticfile/AFL Tenant/AFL/Players/ChampIDImages/AFL/2026014/1009410.png?im=Scale,width=0.6,height=0.6",CHB,CD_I1009410,False,31.0,Brandon,Walker,CD_T60,,91.0,0.0,0.0,,5.0,5.0,10.0,0.0,0.0,1.0,3.0,7.0,10.0,1.0,0.0,0.0,0.0,3.0,70.0,0.0,1.0,0.0,30.0,2.0,0.0,0.0,5.0,,,1.0,2.0,0.0,0.0,,,,2.0,203.0,0.0,1.0,1.0,3.0,60.0,1.0,7.0,0.0,0.0,30.0,0.0,0.0,0.0,2.0,0.0,1.0,5.0,5.0,3.0,0.0,2.0,0.0,0.0,0.0,0.0,0.0,0.0,0.0,0.0,CD_I1009410,False,31.0,Brandon,Walker,away,Fremantle
CD_M20260140104,2026-03-14T05:15:00.000+0000,CONCLUDED,Premiership,Round 1,1,GMHBA Stadium,Geelong Cats,Geelong Cats,Fremantle,Fremantle,23.0,"https://s.afl.com.au/staticfile/AFL Tenant/AFL/Players/ChampIDImages/AFL/2026014/1021015.png?im=Scale,width=0.6,height=0.6",INT,CD_I1021015,False,23.0,Karl,Worner,CD_T60,,82.0,0.0,0.0,,11.0,8.0,19.0,6.0,1.0,2.0,2.0,13.0,15.0,1.0,0.0,0.0,0.0,2.0,89.5,2.0,1.0,2.0,70.0,4.0,0.0,0.0,3.6,,,4.0,5.0,0.0,0.0,,,,7.0,470.0,0.0,0.0,0.0,11.0,100.0,1.4,17.0,0.0,2.0,13.3,0.0,0.0,0.0,1.0,0.0,3.0,10.0,9.0,2.0,0.0,0.0,0.0,0.0,0.0,0.0,0.0,0.0,3.0,3.0,CD_I1021015,False,23.0,Karl,Worner,away,Fremantle
CD_M20260140104,2026-03-14T05:15:00.000+0000,CONCLUDED,Premiership,Round 1,1,GMHBA Stadium,Geelong Cats,Geelong Cats,Fremantle,Fremantle,26.0,"https://s.afl.com.au/staticfile/AFL Tenant/AFL/Players/ChampIDImages/AFL/2026014/1009256.png?im=Scale,width=0.6,height=0.6",RR,CD_I1009256,False,26.0,Hayden,Young,CD_T60,,77.0,1.0,0.0,,7.0,9.0,16.0,2.0,0.0,4.0,7.0,10.0,17.0,5.0,0.0,0.0,1.0,2.0,81.3,1.0,0.0,0.0,68.0,0.0,1.0,100.0,13.6,,,0.0,1.0,1.0,1.0,,,,6.0,270.0,2.0,1.0,3.0,5.0,71.4,0.8,13.0,0.0,0.0,41.2,1.0,100.0,100.0,3.0,1.0,3.0,10.0,1.0,0.0,1.0,0.0,0.0,0.0,0.0,0.0,0.0,16.0,0.0,0.0,CD_I1009256,False,26.0,Hayden,Young,away,Fremantle
CD_M20260140105,2026-03-14T08:10:00.000+0000,CONCLUDED,Premiership,Round 1,1,SCG,Sydney Swans,Sydney Swans,Brisbane Lions,Brisbane Lions,36.0,"https://s.afl.com.au/staticfile/AFL Tenant/AFL/Players/ChampIDImages/AFL/2026014/1008091.png?im=Scale,width=0.6,height=0.6",FPL,CD_I1008091,False,36.0,Joel,Amartey,CD_T160,,68.0,5.0,0.0,,9.0,4.0,13.0,8.0,0.0,2.0,5.0,8.0,13.0,1.0,5.0,3.0,2.0,2.0,61.5,2.0,1.0,0.0,100.0,0.0,2.0,71.4,13.4,,,4.0,1.0,2.0,7.0,,,,7.0,272.0,0.0,0.0,0.0,6.0,66.7,2.3,8.0,1.0,0.0,38.5,0.0,50.0,0.0,1.0,0.0,1.0,8.0,1.0,1.0,4.0,0.0,0.0,0.0,5.0,4.0,80.0,4.0,0.0,0.0,CD_I1008091,False,36.0,Joel,Amartey,home,Sydney Swans
CD_M20260140105,2026-03-14T08:10:00.000+0000,CONCLUDED,Premiership,Round 1,1,SCG,Sydney Swans,Sydney Swans,Brisbane Lions,Brisbane Lions,26.0,"https://s.afl.com.au/staticfile/AFL Tenant/AFL/Players/ChampIDImages/AFL/2026014/1008224.png?im=Scale,width=0.6,height=0.6",WL,CD_I1008224,False,26.0,Riley,Bice,CD_T160,,84.0,0.0,0.0,,16.0,12.0,28.0,6.0,1.0,4.0,1.0,25.0,26.0,4.0,0.0,1.0,0.0,3.0,85.7,3.0,0.0,1.0,103.0,6.0,1.0,0.0,14.6,,,5.0,2.0,0.0,0.0,,,,7.0,574.0,0.0,0.0,0.0,13.0,81.3,1.3,24.0,0.0,2.0,3.8,0.0,0.0,0.0,0.0,0.0,1.0,8.0,6.0,2.0,0.0,0.0,0.0,0.0,0.0,0.0,0.0,0.0,2.0,2.0,CD_I1008224,False,26.0,Riley,Bice,home,Sydney Swans
CD_M20260140105,2026-03-14T08:10:00.000+0000,CONCLUDED,Premiership,Round 1,1,SCG,Sydney Swans,Sydney Swans,Brisbane Lions,Brisbane Lions,22.0,"https://s.afl.com.au/staticfile/AFL Tenant/AFL/Players/ChampIDImages/AFL/2026014/1006028.png?im=Scale,width=0.6,height=0.6",CHB,CD_I1006028,False,22.0,Nick,Blakey,CD_T160,,87.0,1.0,0.0,,16.0,9.0,25.0,6.0,0.0,1.0,7.0,14.0,21.0,4.0,0.0,0.0,0.0,4.0,92.0,4.0,2.0,2.0,90.0,8.0,1.0,100.0,21.3,,,5.0,10.0,0.0,1.0,,,,7.0,605.0,2.0,0.0,2.0,15.0,93.8,1.8,23.0,1.0,4.0,33.3,0.0,0.0,0.0,5.0,0.0,3.0,7.0,3.0,3.0,0.0,0.0,0.0,0.0,1.0,0.0,0.0,0.0,6.0,6.0,CD_I1006028,False,22.0,Nick,Blakey,home,Sydney Swans
CD_M20260140105,2026-03-14T08:10:00.000+0000,CONCLUDED,Premiership,Round 1,1,SCG,Sydney Swans,Sydney Swans,Brisbane Lions,Brisbane Lions,35.0,"https://s.afl.com.au/staticfile/AFL Tenant/AFL/Players/ChampIDImages/AFL/2026014/996731.png?im=Scale,width=0.6,height=0.6",FF,CD_I996731,False,35.0,Charlie,Curnow,CD_T160,,78.0,0.0,2.0,,9.0,4.0,13.0,6.0,0.0,2.0,8.0,6.0,14.0,3.0,3.0,2.0,0.0,1.0,38.5,4.0,2.0,2.0,59.0,0.0,0.0,0.0,-2.8,,,5.0,0.0,2.0,4.0,,,,5.0,187.0,0.0,0.0,0.0,2.0,22.2,2.3,5.0,1.0,0.0,57.1,0.0,0.0,0.0,3.0,3.0,0.0,2.0,0.0,0.0,0.0,0.0,0.0,0.0,9.0,6.0,66.7,0.0,0.0,0.0,CD_I996731,False,35.0,Charlie,Curnow,home,Sydney Swans
CD_M20260140105,2026-03-14T08:10:00.000+0000,CONCLUDED,Premiership,Round 1,1,SCG,Sydney Swans,Sydney Swans,Brisbane Lions,Brisbane Lions,4.0,"https://s.afl.com.au/staticfile/AFL Tenant/AFL/Players/ChampIDImages/AFL/2026014/293957.png?im=Scale,width=0.6,height=0.6",RK,CD_I293957,False,4.0,Brodie,Grundy,CD_T160,,80.0,1.0,0.0,,2.0,7.0,9.0,1.0,0.0,1.0,10.0,3.0,13.0,1.0,0.0,0.0,29.0,4.0,88.9,5.0,1.0,4.0,51.0,0.0,0.0,100.0,14.1,,,0.0,3.0,0.0,1.0,,,,6.0,157.0,1.0,2.0,3.0,2.0,100.0,0.3,8.0,0.0,0.0,76.9,9.0,43.3,31.0,4.0,2.0,4.0,8.0,5.0,2.0,67.0,0.0,0.0,0.0,1.0,0.0,0.0,22.0,0.0,0.0,CD_I293957,False,4.0,Brodie,Grundy,home,Sydney Swans
CD_M20260140105,2026-03-14T08:10:00.000+0000,CONCLUDED,Premiership,Round 1,1,SCG,Sydney Swans,Sydney Swans,Brisbane Lions,Brisbane Lions,21.0,"https://s.afl.com.au/staticfile/AFL Tenant/AFL/Players/ChampIDImages/AFL/2026014/1013128.png?im=Scale,width=0.6,height=0.6",RR,CD_I1013128,False,21.0,Errol,Gulden,CD_T160,,65.0,1.0,0.0,,11.0,9.0,20.0,6.0,1.0,8.0,3.0,17.0,20.0,4.0,1.0,0.0,0.0,1.0,85.0,2.0,0.0,2.0,101.0,4.0,0.0,100.0,13.5,,,2.0,1.0,2.0,1.0,,,,7.0,327.0,0.0,1.0,1.0,9.0,81.8,1.2,17.0,0.0,0.0,15.0,0.0,0.0,0.0,2.0,1.0,0.0,22.0,9.0,0.0,0.0,1.0,1.0,100.0,1.0,0.0,0.0,9.0,0.0,0.0,CD_I1013128,False,21.0,Errol,Gulden,home,Sydney Swans
CD_M20260140105,2026-03-14T08:10:00.000+0000,CONCLUDED,Premiership,Round 1,1,SCG,Sydney Swans,Sydney Swans,Brisbane Lions,Brisbane Lions,5.0,"https://s.afl.com.au/staticfile/AFL Tenant/AFL/Players/ChampIDImages/AFL/2026014/298539.png?im=Scale,width=0.6,height=0.6",FPR,CD_I298539,False,5.0,Isaac,Heeney,CD_T160,,60.0,2.0,2.0,,11.0,5.0,16.0,3.0,0.0,1.0,10.0,7.0,17.0,1.0,2.0,1.0,0.0,0.0,62.5,4.0,1.0,2.0,65.0,1.0,1.0,50.0,14.5,,,3.0,0.0,0.0,4.0,,,,7.0,302.0,0.0,3.0,3.0,6.0,54.5,2.2,10.0,1.0,0.0,58.8,0.0,0.0,0.0,7.0,3.0,1.0,10.0,2.0,0.0,1.0,0.0,0.0,0.0,0.0,0.0,0.0,13.0,0.0,0.0,CD_I298539,False,5.0,Isaac,Heeney,home,Sydney Swans
CD_M20260140105,2026-03-14T08:10:00.000+0000,CONCLUDED,Premiership,Round 1,1,SCG,Sydney Swans,Sydney Swans,Brisbane Lions,Brisbane Lions,17.0,"https://s.afl.com.au/staticfile/AFL Tenant/AFL/Players/ChampIDImages/AFL/2026014/1013409.png?im=Scale,width=0.6,height=0.6",INT,CD_I1013409,False,17.0,James,Jordon,CD_T160,,87.0,0.0,0.0,,4.0,5.0,9.0,2.0,0.0,1.0,0.0,8.0,8.0,2.0,0.0,0.0,0.0,0.0,100.0,0.0,0.0,0.0,32.0,0.0,1.0,0.0,4.5,,,0.0,0.0,0.0,0.0,,,,3.0,91.0,0.0,0.0,0.0,4.0,100.0,0.8,9.0,0.0,0.0,0.0,0.0,0.0,0.0,0.0,0.0,0.0,5.0,4.0,0.0,0.0,0.0,0.0,0.0,0.0,0.0,0.0,0.0,0.0,0.0,CD_I1013409,False,17.0,James,Jordon,home,Sydney Swans
CD_M20260140105,2026-03-14T08:10:00.000+0000,CONCLUDED,Premiership,Round 1,1,SCG,Sydney Swans,Sydney Swans,Brisbane Lions,Brisbane Lions,44.0,"https://s.afl.com.au/staticfile/AFL Tenant/AFL/Players/ChampIDImages/AFL/2026014/295342.png?im=Scale,width=0.6,height=0.6",HFFR,CD_I295342,False,44.0,Jake,Lloyd,CD_T160,,77.0,0.0,0.0,,4.0,4.0,8.0,4.0,0.0,2.0,1.0,6.0,7.0,1.0,0.0,0.0,0.0,0.0,87.5,0.0,0.0,0.0,40.0,0.0,1.0,0.0,4.2,,,1.0,2.0,1.0,0.0,,,,3.0,122.0,0.0,0.0,0.0,3.0,75.0,1.0,7.0,1.0,1.0,14.3,0.0,0.0,0.0,1.0,0.0,0.0,7.0,2.0,0.0,0.0,0.0,0.0,0.0,1.0,0.0,0.0,0.0,0.0,0.0,CD_I295342,False,44.0,Jake,Lloyd,home,Sydney Swans
CD_M20260140105,2026-03-14T08:10:00.000+0000,CONCLUDED,Premiership,Round 1,1,SCG,Sydney Swans,Sydney Swans,Brisbane Lions,Brisbane Lions,30.0,"https://s.afl.com.au/staticfile/AFL Tenant/AFL/Players/ChampIDImages/AFL/2026014/1008198.png?im=Scale,width=0.6,height=0.6",FB,CD_I1008198,False,30.0,Tom,McCartin,CD_T160,,95.0,0.0,0.0,,11.0,16.0,27.0,8.0,0.0,0.0,8.0,18.0,26.0,4.0,0.0,2.0,0.0,4.0,85.2,2.0,1.0,0.0,90.0,4.0,0.0,0.0,13.4,,,6.0,10.0,0.0,0.0,,,,2.0,533.0,0.0,0.0,0.0,10.0,90.9,0.7,23.0,0.0,2.0,30.8,0.0,0.0,0.0,5.0,0.0,1.0,3.0,3.0,3.0,0.0,4.0,1.0,25.0,0.0,0.0,0.0,0.0,0.0,0.0,CD_I1008198,False,30.0,Tom,McCartin,home,Sydney Swans
CD_M20260140105,2026-03-14T08:10:00.000+0000,CONCLUDED,Premiership,Round 1,1,SCG,Sydney Swans,Sydney Swans,Brisbane Lions,Brisbane Lions,6.0,"https://s.afl.com.au/staticfile/AFL Tenant/AFL/Players/ChampIDImages/AFL/2026014/1013230.png?im=Scale,width=0.6,height=0.6",INT,CD_I1013230,False,6.0,Logan,McDonald,CD_T160,,74.0,2.0,1.0,,6.0,6.0,12.0,5.0,0.0,1.0,7.0,6.0,13.0,2.0,3.0,1.0,3.0,5.0,91.7,0.0,1.0,0.0,66.0,0.0,1.0,66.7,12.3,,,0.0,3.0,0.0,3.0,,,,7.0,172.0,0.0,0.0,0.0,5.0,83.3,1.0,11.0,2.0,0.0,53.8,0.0,50.0,0.0,4.0,3.0,2.0,7.0,2.0,3.0,6.0,0.0,0.0,0.0,1.0,0.0,0.0,0.0,0.0,0.0,CD_I1013230,False,6.0,Logan,McDonald,home,Sydney Swans
CD_M20260140105,2026-03-14T08:10:00.000+0000,CONCLUDED,Premiership,Round 1,1,SCG,Sydney Swans,Sydney Swans,Brisbane Lions,Brisbane Lions,27.0,"https://s.afl.com.au/staticfile/AFL Tenant/AFL/Players/ChampIDImages/AFL/2026014/1011936.png?im=Scale,width=0.6,height=0.6",C,CD_I1011936,False,27.0,Justin,McInerney,CD_T160,,84.0,2.0,0.0,,10.0,13.0,23.0,5.0,0.0,1.0,2.0,20.0,22.0,2.0,1.0,0.0,0.0,1.0,82.6,2.0,0.0,1.0,84.0,1.0,0.0,100.0,14.3,,,2.0,0.0,0.0,2.0,,,,7.0,377.0,0.0,2.0,2.0,8.0,80.0,0.8,19.0,0.0,0.0,9.1,0.0,0.0,0.0,2.0,0.0,0.0,9.0,3.0,0.0,0.0,0.0,0.0,0.0,1.0,0.0,0.0,13.0,0.0,0.0,CD_I1011936,False,27.0,Justin,McInerney,home,Sydney Swans
CD_M20260140105,2026-03-14T08:10:00.000+0000,CONCLUDED,Premiership,Round 1,1,SCG,Sydney Swans,Sydney Swans,Brisbane Lions,Brisbane Lions,43.0,"https://s.afl.com.au/staticfile/AFL Tenant/AFL/Players/ChampIDImages/AFL/2026014/996743.png?im=Scale,width=0.6,height=0.6",HBFL,CD_I996743,False,43.0,Lewis,Melican,CD_T160,,86.0,0.0,1.0,,7.0,4.0,11.0,4.0,0.0,1.0,2.0,8.0,10.0,1.0,0.0,0.0,0.0,7.0,63.6,1.0,0.0,0.0,46.0,2.0,0.0,0.0,5.5,,,3.0,5.0,0.0,1.0,,,,3.0,195.0,0.0,0.0,0.0,4.0,57.1,1.8,7.0,0.0,2.0,20.0,0.0,0.0,0.0,1.0,0.0,2.0,5.0,3.0,6.0,0.0,2.0,0.0,0.0,0.0,0.0,0.0,0.0,0.0,0.0,CD_I996743,False,43.0,Lewis,Melican,home,Sydney Swans
CD_M20260140105,2026-03-14T08:10:00.000+0000,CONCLUDED,Premiership,Round 1,1,SCG,Sydney Swans,Sydney Swans,Brisbane Lions,Brisbane Lions,14.0,"https://s.afl.com.au/staticfile/AFL Tenant/AFL/Players/ChampIDImages/AFL/2026014/993905.png?im=Scale,width=0.6,height=0.6",BPL,CD_I993905,False,14.0,Callum,Mills,CD_T160,,76.0,0.0,0.0,,9.0,13.0,22.0,6.0,0.0,2.0,4.0,14.0,18.0,1.0,0.0,1.0,0.0,7.0,86.4,1.0,0.0,0.0,79.0,3.0,0.0,0.0,12.9,,,2.0,8.0,0.0,0.0,,,,2.0,314.0,0.0,0.0,0.0,6.0,66.7,0.7,19.0,0.0,3.0,22.2,0.0,0.0,0.0,3.0,0.0,1.0,6.0,4.0,7.0,0.0,1.0,0.0,0.0,0.0,0.0,0.0,0.0,2.0,2.0,CD_I993905,False,14.0,Callum,Mills,home,Sydney Swans
CD_M20260140105,2026-03-14T08:10:00.000+0000,CONCLUDED,Premiership,Round 1,1,SCG,Sydney Swans,Sydney Swans,Brisbane Lions,Brisbane Lions,11.0,"https://s.afl.com.au/staticfile/AFL Tenant/AFL/Players/ChampIDImages/AFL/2026014/996765.png?im=Scale,width=0.6,height=0.6",INT,CD_I996765,False,11.0,Tom,Papley,CD_T160,,71.0,0.0,0.0,,13.0,5.0,18.0,4.0,1.0,1.0,5.0,12.0,17.0,6.0,1.0,0.0,0.0,2.0,50.0,2.0,0.0,0.0,65.0,0.0,1.0,0.0,5.2,,,4.0,1.0,1.0,1.0,,,,5.0,380.0,0.0,2.0,2.0,5.0,38.5,2.6,9.0,1.0,0.0,29.4,0.0,0.0,0.0,4.0,2.0,0.0,10.0,5.0,0.0,0.0,0.0,0.0,0.0,1.0,0.0,0.0,3.0,0.0,0.0,CD_I996765,False,11.0,Tom,Papley,home,Sydney Swans
CD_M20260140105,2026-03-14T08:10:00.000+0000,CONCLUDED,Premiership,Round 1,1,SCG,Sydney Swans,Sydney Swans,Brisbane Lions,Brisbane Lions,24.0,"https://s.afl.com.au/staticfile/AFL Tenant/AFL/Players/ChampIDImages/AFL/2026014/290307.png?im=Scale,width=0.6,height=0.6",INT,CD_I290307,False,24.0,Dane,Rampe,CD_T160,,77.0,0.0,0.0,,9.0,6.0,15.0,1.0,0.0,3.0,5.0,8.0,13.0,3.0,0.0,0.0,0.0,4.0,86.7,1.0,2.0,1.0,53.0,1.0,0.0,0.0,8.8,,,2.0,7.0,0.0,0.0,,,,3.0,353.0,0.0,0.0,0.0,7.0,77.8,1.5,13.0,0.0,0.0,38.5,0.0,0.0,0.0,3.0,0.0,2.0,8.0,8.0,3.0,0.0,0.0,0.0,0.0,0.0,0.0,0.0,0.0,0.0,0.0,CD_I290307,False,24.0,Dane,Rampe,home,Sydney Swans
CD_M20260140105,2026-03-14T08:10:00.000+0000,CONCLUDED,Premiership,Round 1,1,SCG,Sydney Swans,Sydney Swans,Brisbane Lions,Brisbane Lions,34.0,"https://s.afl.com.au/staticfile/AFL Tenant/AFL/Players/ChampIDImages/AFL/2026014/1012210.png?im=Scale,width=0.6,height=0.6",WR,CD_I1012210,False,34.0,Matt,Roberts,CD_T160,,84.0,0.0,1.0,,11.0,9.0,20.0,5.0,0.0,4.0,10.0,12.0,22.0,8.0,1.0,0.0,0.0,1.0,70.0,3.0,4.0,1.0,84.0,1.0,0.0,0.0,11.4,,,5.0,8.0,1.0,1.0,,,,6.0,496.0,0.0,1.0,1.0,9.0,81.8,1.2,14.0,0.0,1.0,45.5,0.0,0.0,0.0,6.0,0.0,2.0,12.0,8.0,1.0,0.0,0.0,0.0,0.0,0.0,0.0,0.0,0.0,0.0,0.0,CD_I1012210,False,34.0,Matt,Roberts,home,Sydney Swans
CD_M20260140105,2026-03-14T08:10:00.000+0000,CONCLUDED,Premiership,Round 1,1,SCG,Sydney Swans,Sydney Swans,Brisbane Lions,Brisbane Lions,10.0,"https://s.afl.com.au/staticfile/AFL Tenant/AFL/Players/ChampIDImages/AFL/2026014/1005986.png?im=Scale,width=0.6,height=0.6",HFFL,CD_I1005986,False,10.0,Malcolm,Rosas,CD_T160,,69.0,1.0,1.0,,5.0,3.0,8.0,1.0,0.0,1.0,2.0,5.0,7.0,1.0,1.0,0.0,0.0,2.0,75.0,0.0,0.0,0.0,35.0,0.0,0.0,50.0,8.8,,,1.0,2.0,0.0,2.0,,,,4.0,70.0,0.0,0.0,0.0,3.0,60.0,1.7,6.0,0.0,0.0,28.6,0.0,0.0,0.0,2.0,0.0,1.0,10.0,2.0,1.0,0.0,0.0,0.0,0.0,0.0,0.0,0.0,0.0,0.0,0.0,CD_I1005986,False,10.0,Malcolm,Rosas,home,Sydney Swans
CD_M20260140105,2026-03-14T08:10:00.000+0000,CONCLUDED,Premiership,Round 1,1,SCG,Sydney Swans,Sydney Swans,Brisbane Lions,Brisbane Lions,8.0,"https://s.afl.com.au/staticfile/AFL Tenant/AFL/Players/ChampIDImages/AFL/2026014/1006126.png?im=Scale,width=0.6,height=0.6",CHF,CD_I1006126,False,8.0,James,Rowbottom,CD_T160,,76.0,0.0,1.0,,10.0,11.0,21.0,2.0,0.0,7.0,10.0,10.0,20.0,4.0,0.0,0.0,0.0,2.0,47.6,3.0,0.0,0.0,87.0,1.0,0.0,0.0,8.4,,,3.0,3.0,1.0,2.0,,,,6.0,240.0,1.0,2.0,3.0,3.0,30.0,0.9,10.0,0.0,0.0,50.0,0.0,0.0,0.0,10.0,3.0,2.0,23.0,9.0,0.0,0.0,0.0,0.0,0.0,0.0,0.0,0.0,17.0,0.0,0.0,CD_I1006126,False,8.0,James,Rowbottom,home,Sydney Swans
CD_M20260140105,2026-03-14T08:10:00.000+0000,CONCLUDED,Premiership,Round 1,1,SCG,Sydney Swans,Sydney Swans,Brisbane Lions,Brisbane Lions,13.0,"https://s.afl.com.au/staticfile/AFL Tenant/AFL/Players/ChampIDImages/AFL/2026014/1017091.png?im=Scale,width=0.6,height=0.6",HBFR,CD_I1017091,False,13.0,Jai,Serong,CD_T160,,84.0,0.0,0.0,,9.0,9.0,18.0,3.0,1.0,1.0,2.0,13.0,15.0,3.0,0.0,0.0,0.0,2.0,72.2,4.0,1.0,0.0,59.0,3.0,0.0,0.0,6.7,,,4.0,4.0,0.0,1.0,,,,4.0,306.0,0.0,0.0,0.0,7.0,77.8,1.0,13.0,0.0,1.0,13.3,0.0,0.0,0.0,1.0,1.0,2.0,9.0,4.0,2.0,0.0,0.0,0.0,0.0,0.0,0.0,0.0,0.0,0.0,0.0,CD_I1017091,False,13.0,Jai,Serong,home,Sydney Swans
CD_M20260140105,2026-03-14T08:10:00.000+0000,CONCLUDED,Premiership,Round 1,1,SCG,Sydney Swans,Sydney Swans,Brisbane Lions,Brisbane Lions,12.0,"https://s.afl.com.au/staticfile/AFL Tenant/AFL/Players/ChampIDImages/AFL/2026014/1020339.png?im=Scale,width=0.6,height=0.6",INT,CD_I1020339,False,12.0,Angus,Sheldrick,CD_T160,,68.0,0.0,0.0,,10.0,15.0,25.0,5.0,0.0,3.0,10.0,13.0,23.0,3.0,0.0,0.0,0.0,0.0,60.0,1.0,0.0,0.0,87.0,1.0,0.0,0.0,10.1,,,3.0,6.0,0.0,0.0,,,,5.0,230.0,3.0,1.0,4.0,3.0,30.0,0.7,15.0,1.0,1.0,43.5,0.0,0.0,0.0,8.0,3.0,2.0,9.0,3.0,0.0,0.0,0.0,0.0,0.0,0.0,0.0,0.0,12.0,0.0,0.0,CD_I1020339,False,12.0,Angus,Sheldrick,home,Sydney Swans
CD_M20260140105,2026-03-14T08:10:00.000+0000,CONCLUDED,Premiership,Round 1,1,SCG,Sydney Swans,Sydney Swans,Brisbane Lions,Brisbane Lions,1.0,"https://s.afl.com.au/staticfile/AFL Tenant/AFL/Players/ChampIDImages/AFL/2026014/1012014.png?im=Scale,width=0.6,height=0.6",R,CD_I1012014,False,1.0,Chad,Warner,CD_T160,,79.0,0.0,0.0,,6.0,9.0,15.0,1.0,3.0,0.0,10.0,5.0,15.0,4.0,0.0,0.0,0.0,0.0,73.3,2.0,0.0,0.0,39.0,0.0,3.0,0.0,12.8,,,2.0,2.0,0.0,0.0,,,,6.0,149.0,2.0,0.0,2.0,5.0,83.3,0.7,11.0,0.0,0.0,66.7,0.0,0.0,0.0,8.0,3.0,2.0,6.0,2.0,0.0,0.0,0.0,0.0,0.0,0.0,0.0,0.0,11.0,0.0,0.0,CD_I1012014,False,1.0,Chad,Warner,home,Sydney Swans
CD_M20260140105,2026-03-14T08:10:00.000+0000,CONCLUDED,Premiership,Round 1,1,SCG,Sydney Swans,Sydney Swans,Brisbane Lions,Brisbane Lions,15.0,"https://s.afl.com.au/staticfile/AFL Tenant/AFL/Players/ChampIDImages/AFL/2026014/1006232.png?im=Scale,width=0.6,height=0.6",BPR,CD_I1006232,False,15.0,Sam,Wicks,CD_T160,,90.0,0.0,1.0,,5.0,5.0,10.0,0.0,0.0,5.0,4.0,6.0,10.0,2.0,0.0,0.0,0.0,3.0,70.0,3.0,2.0,3.0,39.0,3.0,0.0,0.0,6.6,,,0.0,3.0,0.0,1.0,,,,3.0,247.0,0.0,0.0,0.0,3.0,60.0,1.0,7.0,0.0,0.0,40.0,0.0,0.0,0.0,2.0,0.0,0.0,12.0,9.0,3.0,0.0,1.0,0.0,0.0,0.0,0.0,0.0,0.0,2.0,0.0,CD_I1006232,False,15.0,Sam,Wicks,home,Sydney Swans
CD_M20260140105,2026-03-14T08:10:00.000+0000,CONCLUDED,Premiership,Round 1,1,SCG,Sydney Swans,Sydney Swans,Brisbane Lions,Brisbane Lions,4.0,"https://s.afl.com.au/staticfile/AFL Tenant/AFL/Players/ChampIDImages/AFL/2026014/1004385.png?im=Scale,width=0.6,height=0.6",CHF,CD_I1004385,False,4.0,Oscar,Allen,CD_T20,,65.0,1.0,0.0,,3.0,2.0,5.0,1.0,0.0,0.0,1.0,3.0,4.0,1.0,0.0,0.0,0.0,0.0,100.0,1.0,0.0,1.0,19.0,0.0,0.0,100.0,5.8,,,2.0,2.0,0.0,1.0,,,,2.0,127.0,0.0,0.0,0.0,3.0,100.0,1.5,5.0,1.0,0.0,25.0,0.0,0.0,0.0,1.0,0.0,0.0,4.0,1.0,0.0,1.0,0.0,0.0,0.0,2.0,0.0,0.0,0.0,0.0,0.0,CD_I1004385,False,4.0,Oscar,Allen,away,Brisbane Lions
CD_M20260140105,2026-03-14T08:10:00.000+0000,CONCLUDED,Premiership,Round 1,1,SCG,Sydney Swans,Sydney Swans,Brisbane Lions,Brisbane Lions,14.0,"https://s.afl.com.au/staticfile/AFL Tenant/AFL/Players/ChampIDImages/AFL/2026014/1029326.png?im=Scale,width=0.6,height=0.6",INT,CD_I1029326,False,14.0,Daniel,Annable,CD_T20,,60.0,0.0,0.0,,10.0,3.0,13.0,4.0,0.0,1.0,2.0,11.0,13.0,2.0,0.0,0.0,0.0,0.0,84.6,2.0,1.0,0.0,53.0,0.0,1.0,0.0,4.6,,,1.0,1.0,0.0,0.0,,,,5.0,239.0,0.0,0.0,0.0,8.0,80.0,3.3,11.0,0.0,0.0,15.4,0.0,0.0,0.0,1.0,0.0,0.0,14.0,3.0,0.0,0.0,0.0,0.0,0.0,0.0,0.0,0.0,0.0,0.0,0.0,CD_I1029326,False,14.0,Daniel,Annable,away,Brisbane Lions
CD_M20260140105,2026-03-14T08:10:00.000+0000,CONCLUDED,Premiership,Round 1,1,SCG,Sydney Swans,Sydney Swans,Brisbane Lions,Brisbane Lions,43.0,"https://s.afl.com.au/staticfile/AFL Tenant/AFL/Players/ChampIDImages/AFL/2026014/1005053.png?im=Scale,width=0.6,height=0.6",BPL,CD_I1005053,False,43.0,Noah,Answerth,CD_T20,,83.0,0.0,0.0,,8.0,2.0,10.0,4.0,0.0,4.0,2.0,8.0,10.0,1.0,0.0,0.0,0.0,1.0,90.0,2.0,0.0,2.0,50.0,3.0,0.0,0.0,3.7,,,3.0,3.0,0.0,0.0,,,,3.0,226.0,0.0,0.0,0.0,7.0,87.5,4.0,9.0,0.0,0.0,20.0,0.0,0.0,0.0,2.0,0.0,1.0,10.0,7.0,1.0,0.0,1.0,1.0,100.0,0.0,0.0,0.0,0.0,0.0,0.0,CD_I1005053,False,43.0,Noah,Answerth,away,Brisbane Lions
CD_M20260140105,2026-03-14T08:10:00.000+0000,CONCLUDED,Premiership,Round 1,1,SCG,Sydney Swans,Sydney Swans,Brisbane Lions,Brisbane Lions,10.0,"https://s.afl.com.au/staticfile/AFL Tenant/AFL/Players/ChampIDImages/AFL/2026014/1028560.png?im=Scale,width=0.6,height=0.6",INT,CD_I1028560,False,10.0,Levi,Ashcroft,CD_T20,,74.0,0.0,1.0,,14.0,4.0,18.0,6.0,0.0,1.0,6.0,14.0,20.0,2.0,1.0,0.0,0.0,0.0,83.3,1.0,1.0,0.0,74.0,2.0,0.0,0.0,9.4,,,2.0,1.0,0.0,1.0,,,,4.0,329.0,0.0,3.0,3.0,11.0,78.6,3.5,15.0,1.0,0.0,30.0,0.0,0.0,0.0,5.0,2.0,1.0,10.0,6.0,0.0,0.0,0.0,0.0,0.0,0.0,0.0,0.0,4.0,0.0,0.0,CD_I1028560,False,10.0,Levi,Ashcroft,away,Brisbane Lions
CD_M20260140105,2026-03-14T08:10:00.000+0000,CONCLUDED,Premiership,Round 1,1,SCG,Sydney Swans,Sydney Swans,Brisbane Lions,Brisbane Lions,8.0,"https://s.afl.com.au/staticfile/AFL Tenant/AFL/Players/ChampIDImages/AFL/2026014/1023517.png?im=Scale,width=0.6,height=0.6",C,CD_I1023517,False,8.0,Will,Ashcroft,CD_T20,,81.0,0.0,0.0,,9.0,12.0,21.0,2.0,0.0,2.0,8.0,11.0,19.0,5.0,0.0,0.0,0.0,0.0,71.4,3.0,2.0,0.0,67.0,1.0,0.0,0.0,5.4,,,5.0,4.0,1.0,0.0,,,,3.0,170.0,4.0,1.0,5.0,4.0,44.4,0.8,15.0,0.0,0.0,42.1,0.0,0.0,0.0,6.0,0.0,1.0,12.0,6.0,0.0,0.0,0.0,0.0,0.0,0.0,0.0,0.0,17.0,0.0,0.0,CD_I1023517,False,8.0,Will,Ashcroft,away,Brisbane Lions
CD_M20260140105,2026-03-14T08:10:00.000+0000,CONCLUDED,Premiership,Round 1,1,SCG,Sydney Swans,Sydney Swans,Brisbane Lions,Brisbane Lions,7.0,"https://s.afl.com.au/staticfile/AFL Tenant/AFL/Players/ChampIDImages/AFL/2026014/998133.png?im=Scale,width=0.6,height=0.6",WR,CD_I998133,False,7.0,Jarrod,Berry,CD_T20,,74.0,0.0,1.0,,8.0,4.0,12.0,2.0,0.0,3.0,3.0,8.0,11.0,2.0,0.0,0.0,0.0,2.0,66.7,1.0,1.0,1.0,49.0,2.0,0.0,0.0,7.5,,,0.0,2.0,0.0,1.0,,,,3.0,231.0,0.0,1.0,1.0,5.0,62.5,2.0,8.0,0.0,0.0,27.3,0.0,0.0,0.0,2.0,0.0,0.0,8.0,4.0,2.0,0.0,0.0,0.0,0.0,0.0,0.0,0.0,10.0,0.0,0.0,CD_I998133,False,7.0,Jarrod,Berry,away,Brisbane Lions
CD_M20260140105,2026-03-14T08:10:00.000+0000,CONCLUDED,Premiership,Round 1,1,SCG,Sydney Swans,Sydney Swans,Brisbane Lions,Brisbane Lions,23.0,"https://s.afl.com.au/staticfile/AFL Tenant/AFL/Players/ChampIDImages/AFL/2026014/990609.png?im=Scale,width=0.6,height=0.6",HFFL,CD_I990609,False,23.0,Charlie,Cameron,CD_T20,,80.0,2.0,0.0,,10.0,2.0,12.0,5.0,0.0,3.0,6.0,6.0,12.0,2.0,1.0,0.0,0.0,1.0,58.3,4.0,2.0,1.0,72.0,1.0,0.0,66.7,10.5,,,5.0,0.0,2.0,3.0,,,,2.0,277.0,1.0,1.0,2.0,6.0,60.0,5.0,7.0,2.0,0.0,50.0,0.0,0.0,0.0,4.0,0.0,0.0,15.0,5.0,1.0,0.0,0.0,0.0,0.0,1.0,0.0,0.0,0.0,0.0,0.0,CD_I990609,False,23.0,Charlie,Cameron,away,Brisbane Lions
CD_M20260140105,2026-03-14T08:10:00.000+0000,CONCLUDED,Premiership,Round 1,1,SCG,Sydney Swans,Sydney Swans,Brisbane Lions,Brisbane Lions,18.0,"https://s.afl.com.au/staticfile/AFL Tenant/AFL/Players/ChampIDImages/AFL/2026014/1006059.png?im=Scale,width=0.6,height=0.6",INT,CD_I1006059,False,18.0,Keidean,Coleman,CD_T20,,76.0,0.0,0.0,,8.0,8.0,16.0,6.0,0.0,0.0,4.0,12.0,16.0,0.0,0.0,1.0,0.0,1.0,68.8,2.0,0.0,0.0,58.0,1.0,0.0,0.0,3.7,,,4.0,2.0,0.0,0.0,,,,2.0,125.0,0.0,1.0,1.0,5.0,62.5,1.0,11.0,1.0,1.0,25.0,0.0,0.0,0.0,3.0,0.0,0.0,4.0,3.0,1.0,0.0,0.0,0.0,0.0,0.0,0.0,0.0,0.0,0.0,0.0,CD_I1006059,False,18.0,Keidean,Coleman,away,Brisbane Lions
CD_M20260140105,2026-03-14T08:10:00.000+0000,CONCLUDED,Premiership,Round 1,1,SCG,Sydney Swans,Sydney Swans,Brisbane Lions,Brisbane Lions,2.0,"https://s.afl.com.au/staticfile/AFL Tenant/AFL/Players/ChampIDImages/AFL/2026014/1005577.png?im=Scale,width=0.6,height=0.6",INT,CD_I1005577,False,2.0,Sam,Draper,CD_T20,,68.0,0.0,3.0,,5.0,3.0,8.0,3.0,0.0,1.0,4.0,4.0,8.0,1.0,3.0,2.0,8.0,0.0,37.5,3.0,2.0,2.0,41.0,1.0,0.0,0.0,-0.9,,,1.0,0.0,0.0,3.0,,,,4.0,96.0,0.0,0.0,0.0,0.0,0.0,1.7,3.0,1.0,0.0,50.0,2.0,40.0,25.0,0.0,0.0,1.0,5.0,4.0,0.0,20.0,0.0,0.0,0.0,2.0,1.0,50.0,11.0,0.0,0.0,CD_I1005577,False,2.0,Sam,Draper,away,Brisbane Lions
CD_M20260140105,2026-03-14T08:10:00.000+0000,CONCLUDED,Premiership,Round 1,1,SCG,Sydney Swans,Sydney Swans,Brisbane Lions,Brisbane Lions,5.0,"https://s.afl.com.au/staticfile/AFL Tenant/AFL/Players/ChampIDImages/AFL/2026014/993834.png?im=Scale,width=0.6,height=0.6",RR,CD_I993834,False,5.0,Josh,Dunkley,CD_T20,,77.0,0.0,0.0,,12.0,10.0,22.0,5.0,0.0,9.0,10.0,10.0,20.0,2.0,0.0,0.0,0.0,1.0,68.2,3.0,1.0,0.0,108.0,2.0,0.0,0.0,9.3,,,3.0,4.0,2.0,0.0,,,,4.0,136.0,1.0,1.0,2.0,7.0,58.3,1.2,15.0,1.0,0.0,50.0,0.0,0.0,0.0,8.0,0.0,1.0,23.0,10.0,0.0,0.0,0.0,0.0,0.0,0.0,0.0,0.0,17.0,0.0,0.0,CD_I993834,False,5.0,Josh,Dunkley,away,Brisbane Lions
CD_M20260140105,2026-03-14T08:10:00.000+0000,CONCLUDED,Premiership,Round 1,1,SCG,Sydney Swans,Sydney Swans,Brisbane Lions,Brisbane Lions,3.0,"https://s.afl.com.au/staticfile/AFL Tenant/AFL/Players/ChampIDImages/AFL/2026014/1023708.png?im=Scale,width=0.6,height=0.6",CHB,CD_I1023708,False,3.0,Jaspa,Fletcher,CD_T20,,81.0,0.0,0.0,,13.0,5.0,18.0,5.0,0.0,4.0,3.0,14.0,17.0,6.0,0.0,0.0,0.0,4.0,83.3,2.0,0.0,1.0,77.0,2.0,0.0,0.0,9.3,,,6.0,3.0,0.0,0.0,,,,5.0,422.0,0.0,0.0,0.0,10.0,76.9,2.6,15.0,0.0,1.0,17.6,0.0,0.0,0.0,3.0,0.0,1.0,10.0,4.0,3.0,0.0,1.0,0.0,0.0,0.0,0.0,0.0,0.0,3.0,2.0,CD_I1023708,False,3.0,Jaspa,Fletcher,away,Brisbane Lions
CD_M20260140105,2026-03-14T08:10:00.000+0000,CONCLUDED,Premiership,Round 1,1,SCG,Sydney Swans,Sydney Swans,Brisbane Lions,Brisbane Lions,32.0,"https://s.afl.com.au/staticfile/AFL Tenant/AFL/Players/ChampIDImages/AFL/2026014/298211.png?im=Scale,width=0.6,height=0.6",RK,CD_I298211,False,32.0,Darcy,Fort,CD_T20,,73.0,0.0,0.0,,13.0,5.0,18.0,4.0,0.0,2.0,10.0,9.0,19.0,2.0,0.0,0.0,13.0,3.0,66.7,5.0,3.0,1.0,82.0,4.0,0.0,0.0,16.3,,,6.0,2.0,0.0,0.0,,,,4.0,414.0,1.0,6.0,7.0,9.0,69.2,2.6,12.0,0.0,2.0,52.6,6.0,25.5,46.2,5.0,0.0,5.0,8.0,4.0,2.0,51.0,1.0,0.0,0.0,0.0,0.0,0.0,15.0,0.0,0.0,CD_I298211,False,32.0,Darcy,Fort,away,Brisbane Lions
CD_M20260140105,2026-03-14T08:10:00.000+0000,CONCLUDED,Premiership,Round 1,1,SCG,Sydney Swans,Sydney Swans,Brisbane Lions,Brisbane Lions,22.0,"https://s.afl.com.au/staticfile/AFL Tenant/AFL/Players/ChampIDImages/AFL/2026014/1034411.png?im=Scale,width=0.6,height=0.6",FPR,CD_I1034411,False,22.0,Ty,Gallop,CD_T20,,63.0,0.0,1.0,,2.0,1.0,3.0,0.0,0.0,2.0,3.0,0.0,3.0,1.0,0.0,0.0,1.0,2.0,66.7,1.0,1.0,1.0,16.0,0.0,1.0,0.0,2.9,,,2.0,0.0,1.0,1.0,,,,2.0,84.0,0.0,0.0,0.0,1.0,50.0,2.0,2.0,0.0,0.0,100.0,0.0,16.7,0.0,2.0,2.0,0.0,11.0,2.0,2.0,6.0,0.0,0.0,0.0,3.0,1.0,33.3,0.0,0.0,0.0,CD_I1034411,False,22.0,Ty,Gallop,away,Brisbane Lions
CD_M20260140105,2026-03-14T08:10:00.000+0000,CONCLUDED,Premiership,Round 1,1,SCG,Sydney Swans,Sydney Swans,Brisbane Lions,Brisbane Lions,35.0,"https://s.afl.com.au/staticfile/AFL Tenant/AFL/Players/ChampIDImages/AFL/2026014/291548.png?im=Scale,width=0.6,height=0.6",BPR,CD_I291548,False,35.0,Ryan,Lester,CD_T20,,94.0,0.0,0.0,,9.0,2.0,11.0,4.0,0.0,1.0,6.0,5.0,11.0,0.0,0.0,1.0,0.0,7.0,81.8,4.0,1.0,2.0,42.0,2.0,0.0,0.0,11.6,,,1.0,7.0,0.0,0.0,,,,0.0,196.0,0.0,0.0,0.0,7.0,77.8,4.5,9.0,0.0,2.0,54.5,0.0,0.0,0.0,3.0,0.0,0.0,4.0,4.0,5.0,0.0,11.0,6.0,54.5,0.0,0.0,0.0,0.0,1.0,1.0,CD_I291548,False,35.0,Ryan,Lester,away,Brisbane Lions
CD_M20260140105,2026-03-14T08:10:00.000+0000,CONCLUDED,Premiership,Round 1,1,SCG,Sydney Swans,Sydney Swans,Brisbane Lions,Brisbane Lions,1.0,"https://s.afl.com.au/staticfile/AFL Tenant/AFL/Players/ChampIDImages/AFL/2026014/1014026.png?im=Scale,width=0.6,height=0.6",FPL,CD_I1014026,False,1.0,Kai,Lohmann,CD_T20,,84.0,1.0,0.0,,4.0,4.0,8.0,2.0,1.0,2.0,7.0,2.0,9.0,0.0,2.0,1.0,0.0,0.0,62.5,5.0,0.0,2.0,34.0,0.0,0.0,33.3,3.1,,,3.0,1.0,0.0,3.0,,,,2.0,111.0,1.0,2.0,3.0,1.0,25.0,1.0,5.0,0.0,0.0,77.8,0.0,0.0,0.0,6.0,2.0,0.0,14.0,3.0,0.0,0.0,0.0,0.0,0.0,0.0,0.0,0.0,0.0,0.0,0.0,CD_I1014026,False,1.0,Kai,Lohmann,away,Brisbane Lions
CD_M20260140105,2026-03-14T08:10:00.000+0000,CONCLUDED,Premiership,Round 1,1,SCG,Sydney Swans,Sydney Swans,Brisbane Lions,Brisbane Lions,11.0,"https://s.afl.com.au/staticfile/AFL Tenant/AFL/Players/ChampIDImages/AFL/2026014/293581.png?im=Scale,width=0.6,height=0.6",HFFR,CD_I293581,False,11.0,Lincoln,McCarthy,CD_T20,,79.0,0.0,0.0,,8.0,3.0,11.0,2.0,0.0,2.0,7.0,6.0,13.0,2.0,0.0,1.0,0.0,0.0,63.6,8.0,1.0,3.0,36.0,2.0,0.0,0.0,6.6,,,7.0,6.0,0.0,1.0,,,,1.0,196.0,0.0,1.0,1.0,5.0,62.5,2.7,7.0,1.0,1.0,53.8,0.0,0.0,0.0,5.0,3.0,1.0,16.0,9.0,0.0,0.0,1.0,0.0,0.0,0.0,0.0,0.0,0.0,0.0,0.0,CD_I293581,False,11.0,Lincoln,McCarthy,away,Brisbane Lions
CD_M20260140105,2026-03-14T08:10:00.000+0000,CONCLUDED,Premiership,Round 1,1,SCG,Sydney Swans,Sydney Swans,Brisbane Lions,Brisbane Lions,9.0,"https://s.afl.com.au/staticfile/AFL Tenant/AFL/Players/ChampIDImages/AFL/2026014/293535.png?im=Scale,width=0.6,height=0.6",R,CD_I293535,False,9.0,Lachie,Neale,CD_T20,,84.0,0.0,0.0,,10.0,18.0,28.0,3.0,0.0,2.0,12.0,14.0,26.0,2.0,0.0,1.0,0.0,1.0,78.6,3.0,0.0,0.0,83.0,4.0,0.0,0.0,15.2,,,3.0,1.0,0.0,0.0,,,,4.0,283.0,4.0,5.0,9.0,7.0,70.0,0.6,22.0,0.0,1.0,46.2,0.0,0.0,0.0,8.0,2.0,0.0,14.0,5.0,0.0,0.0,1.0,0.0,0.0,0.0,0.0,0.0,22.0,0.0,0.0,CD_I293535,False,9.0,Lachie,Neale,away,Brisbane Lions
CD_M20260140105,2026-03-14T08:10:00.000+0000,CONCLUDED,Premiership,Round 1,1,SCG,Sydney Swans,Sydney Swans,Brisbane Lions,Brisbane Lions,16.0,"https://s.afl.com.au/staticfile/AFL Tenant/AFL/Players/ChampIDImages/AFL/2026014/1002235.png?im=Scale,width=0.6,height=0.6",FF,CD_I1002235,False,16.0,Cam,Rayner,CD_T20,,85.0,1.0,2.0,,10.0,6.0,16.0,6.0,0.0,1.0,6.0,10.0,16.0,6.0,3.0,0.0,0.0,0.0,50.0,3.0,2.0,0.0,74.0,0.0,1.0,25.0,8.3,,,5.0,2.0,0.0,4.0,,,,6.0,296.0,1.0,2.0,3.0,4.0,40.0,1.7,8.0,1.0,1.0,37.5,0.0,0.0,0.0,4.0,2.0,4.0,9.0,3.0,0.0,0.0,0.0,0.0,0.0,1.0,0.0,0.0,4.0,0.0,0.0,CD_I1002235,False,16.0,Cam,Rayner,away,Brisbane Lions
CD_M20260140105,2026-03-14T08:10:00.000+0000,CONCLUDED,Premiership,Round 1,1,SCG,Sydney Swans,Sydney Swans,Brisbane Lions,Brisbane Lions,38.0,"https://s.afl.com.au/staticfile/AFL Tenant/AFL/Players/ChampIDImages/AFL/2026014/1009317.png?im=Scale,width=0.6,height=0.6",WL,CD_I1009317,False,38.0,Bruce,Reville,CD_T20,,77.0,2.0,0.0,,10.0,3.0,13.0,3.0,0.0,2.0,6.0,6.0,12.0,4.0,1.0,0.0,0.0,0.0,84.6,0.0,0.0,0.0,65.0,1.0,0.0,100.0,17.5,,,2.0,3.0,0.0,2.0,,,,5.0,452.0,1.0,2.0,3.0,8.0,80.0,3.3,11.0,0.0,0.0,50.0,0.0,0.0,0.0,6.0,0.0,2.0,8.0,4.0,0.0,0.0,0.0,0.0,0.0,0.0,0.0,0.0,0.0,0.0,0.0,CD_I1009317,False,38.0,Bruce,Reville,away,Brisbane Lions
CD_M20260140105,2026-03-14T08:10:00.000+0000,CONCLUDED,Premiership,Round 1,1,SCG,Sydney Swans,Sydney Swans,Brisbane Lions,Brisbane Lions,29.0,"https://s.afl.com.au/staticfile/AFL Tenant/AFL/Players/ChampIDImages/AFL/2026014/1021108.png?im=Scale,width=0.6,height=0.6",INT,CD_I1021108,False,29.0,James,Tunstill,CD_T20,,76.0,1.0,0.0,,7.0,9.0,16.0,7.0,0.0,0.0,4.0,12.0,16.0,0.0,1.0,0.0,0.0,0.0,68.8,2.0,0.0,0.0,66.0,2.0,0.0,100.0,3.7,,,2.0,2.0,0.0,1.0,,,,2.0,86.0,0.0,0.0,0.0,5.0,71.4,0.8,11.0,3.0,0.0,25.0,0.0,0.0,0.0,4.0,0.0,0.0,7.0,3.0,0.0,0.0,0.0,0.0,0.0,0.0,0.0,0.0,0.0,0.0,0.0,CD_I1021108,False,29.0,James,Tunstill,away,Brisbane Lions
CD_M20260140105,2026-03-14T08:10:00.000+0000,CONCLUDED,Premiership,Round 1,1,SCG,Sydney Swans,Sydney Swans,Brisbane Lions,Brisbane Lions,44.0,"https://s.afl.com.au/staticfile/AFL Tenant/AFL/Players/ChampIDImages/AFL/2026014/1017067.png?im=Scale,width=0.6,height=0.6",HBFL,CD_I1017067,False,44.0,Darcy,Wilmot,CD_T20,,88.0,0.0,1.0,,21.0,3.0,24.0,8.0,0.0,2.0,7.0,13.0,20.0,2.0,0.0,1.0,0.0,2.0,62.5,2.0,1.0,0.0,103.0,4.0,0.0,0.0,2.7,,,8.0,6.0,0.0,1.0,,,,2.0,397.0,1.0,3.0,4.0,13.0,61.9,7.0,15.0,0.0,3.0,35.0,0.0,0.0,0.0,4.0,1.0,1.0,13.0,13.0,2.0,0.0,0.0,0.0,0.0,0.0,0.0,0.0,4.0,3.0,3.0,CD_I1017067,False,44.0,Darcy,Wilmot,away,Brisbane Lions
CD_M20260140105,2026-03-14T08:10:00.000+0000,CONCLUDED,Premiership,Round 1,1,SCG,Sydney Swans,Sydney Swans,Brisbane Lions,Brisbane Lions,21.0,"https://s.afl.com.au/staticfile/AFL Tenant/AFL/Players/ChampIDImages/AFL/2026014/1032650.png?im=Scale,width=0.6,height=0.6",FB,CD_I1032650,False,21.0,Zane,Zakostelsky,CD_T20,,90.0,0.0,0.0,,10.0,2.0,12.0,6.0,0.0,0.0,3.0,7.0,10.0,0.0,0.0,1.0,0.0,6.0,83.3,2.0,0.0,1.0,49.0,4.0,0.0,0.0,7.7,,,3.0,5.0,0.0,0.0,,,,1.0,284.0,0.0,0.0,0.0,9.0,90.0,5.0,10.0,0.0,1.0,30.0,0.0,0.0,0.0,2.0,0.0,0.0,10.0,10.0,6.0,0.0,3.0,3.0,100.0,0.0,0.0,0.0,0.0,0.0,0.0,CD_I1032650,False,21.0,Zane,Zakostelsky,away,Brisbane Lions
CD_M20260140105,2026-03-14T08:10:00.000+0000,CONCLUDED,Premiership,Round 1,1,SCG,Sydney Swans,Sydney Swans,Brisbane Lions,Brisbane Lions,15.0,"https://s.afl.com.au/staticfile/AFL Tenant/AFL/Players/ChampIDImages/AFL/2026014/261224.png?im=Scale,width=0.6,height=0.6",HBFR,CD_I261224,False,15.0,Dayne,Zorko,CD_T20,,88.0,0.0,0.0,,24.0,6.0,30.0,11.0,1.0,1.0,6.0,18.0,24.0,3.0,0.0,0.0,0.0,1.0,70.0,4.0,0.0,0.0,121.0,8.0,1.0,0.0,7.3,,,7.0,5.0,0.0,0.0,,,,4.0,669.0,0.0,1.0,1.0,16.0,66.7,4.0,21.0,0.0,1.0,25.0,0.0,0.0,0.0,6.0,0.0,1.0,6.0,4.0,0.0,0.0,2.0,0.0,0.0,0.0,0.0,0.0,0.0,6.0,6.0,CD_I261224,False,15.0,Dayne,Zorko,away,Brisbane Lions
CD_M20260140106,2026-03-14T08:35:00.000+0000,CONCLUDED,Premiership,Round 1,1,MCG,Collingwood,Collingwood,Adelaide Crows,Adelaide Crows,16.0,"https://s.afl.com.au/staticfile/AFL Tenant/AFL/Players/ChampIDImages/AFL/2026014/1022915.png?im=Scale,width=0.6,height=0.6",INT,CD_I1022915,False,16.0,Edward,Allan,CD_T40,,65.0,0.0,1.0,,5.0,3.0,8.0,3.0,1.0,2.0,5.0,5.0,10.0,1.0,0.0,0.0,0.0,1.0,62.5,1.0,0.0,1.0,36.0,2.0,0.0,0.0,6.0,,,2.0,1.0,0.0,1.0,,,,2.0,155.0,0.0,0.0,0.0,2.0,40.0,1.7,5.0,1.0,0.0,50.0,0.0,0.0,0.0,4.0,1.0,0.0,13.0,7.0,0.0,0.0,0.0,0.0,0.0,0.0,0.0,0.0,1.0,0.0,0.0,CD_I1022915,False,16.0,Edward,Allan,home,Collingwood
CD_M20260140106,2026-03-14T08:35:00.000+0000,CONCLUDED,Premiership,Round 1,1,MCG,Collingwood,Collingwood,Adelaide Crows,Adelaide Crows,34.0,"https://s.afl.com.au/staticfile/AFL Tenant/AFL/Players/ChampIDImages/AFL/2026014/1009392.png?im=Scale,width=0.6,height=0.6",INT,CD_I1009392,False,34.0,Jack,Buller,CD_T40,,67.0,0.0,0.0,,4.0,4.0,8.0,1.0,0.0,2.0,2.0,6.0,8.0,1.0,0.0,0.0,0.0,0.0,50.0,2.0,1.0,0.0,32.0,0.0,0.0,0.0,-1.4,,,2.0,1.0,1.0,2.0,,,,1.0,72.0,0.0,0.0,0.0,1.0,25.0,1.0,4.0,0.0,0.0,25.0,0.0,0.0,0.0,1.0,0.0,0.0,7.0,2.0,0.0,3.0,0.0,0.0,0.0,0.0,0.0,0.0,2.0,0.0,0.0,CD_I1009392,False,34.0,Jack,Buller,home,Collingwood
CD_M20260140106,2026-03-14T08:35:00.000+0000,CONCLUDED,Premiership,Round 1,1,MCG,Collingwood,Collingwood,Adelaide Crows,Adelaide Crows,14.0,"https://s.afl.com.au/staticfile/AFL Tenant/AFL/Players/ChampIDImages/AFL/2026014/990291.png?im=Scale,width=0.6,height=0.6",RK,CD_I990291,False,14.0,Darcy,Cameron,CD_T40,,82.0,0.0,1.0,,11.0,9.0,20.0,4.0,0.0,2.0,10.0,9.0,19.0,1.0,1.0,0.0,16.0,2.0,50.0,2.0,2.0,1.0,87.0,3.0,0.0,0.0,9.1,,,3.0,3.0,0.0,1.0,,,,6.0,213.0,2.0,7.0,9.0,3.0,27.3,1.2,10.0,1.0,2.0,52.6,3.0,28.6,18.8,5.0,1.0,5.0,11.0,8.0,2.0,56.0,0.0,0.0,0.0,2.0,1.0,50.0,25.0,0.0,0.0,CD_I990291,False,14.0,Darcy,Cameron,home,Collingwood
CD_M20260140106,2026-03-14T08:35:00.000+0000,CONCLUDED,Premiership,Round 1,1,MCG,Collingwood,Collingwood,Adelaide Crows,Adelaide Crows,25.0,"https://s.afl.com.au/staticfile/AFL Tenant/AFL/Players/ChampIDImages/AFL/2026014/293871.png?im=Scale,width=0.6,height=0.6",WL,CD_I293871,False,25.0,Jack,Crisp,CD_T40,,79.0,1.0,0.0,,11.0,13.0,24.0,8.0,1.0,1.0,9.0,15.0,24.0,3.0,0.0,1.0,0.0,1.0,87.5,3.0,0.0,0.0,93.0,1.0,0.0,100.0,19.6,,,2.0,3.0,0.0,1.0,,,,6.0,445.0,1.0,1.0,2.0,8.0,72.7,0.8,21.0,2.0,0.0,37.5,0.0,0.0,0.0,8.0,0.0,1.0,15.0,6.0,0.0,0.0,0.0,0.0,0.0,1.0,0.0,0.0,10.0,0.0,0.0,CD_I293871,False,25.0,Jack,Crisp,home,Collingwood
CD_M20260140106,2026-03-14T08:35:00.000+0000,CONCLUDED,Premiership,Round 1,1,MCG,Collingwood,Collingwood,Adelaide Crows,Adelaide Crows,7.0,"https://s.afl.com.au/staticfile/AFL Tenant/AFL/Players/ChampIDImages/AFL/2026014/1005054.png?im=Scale,width=0.6,height=0.6",CHB,CD_I1005054,False,7.0,Josh,Daicos,CD_T40,,83.0,0.0,0.0,,16.0,12.0,28.0,6.0,0.0,3.0,4.0,18.0,22.0,4.0,0.0,0.0,0.0,0.0,85.7,2.0,0.0,0.0,102.0,3.0,0.0,0.0,11.2,,,2.0,5.0,0.0,0.0,,,,5.0,460.0,0.0,1.0,1.0,12.0,75.0,1.3,24.0,1.0,1.0,18.2,0.0,0.0,0.0,3.0,0.0,2.0,12.0,7.0,0.0,0.0,0.0,0.0,0.0,0.0,0.0,0.0,9.0,5.0,5.0,CD_I1005054,False,7.0,Josh,Daicos,home,Collingwood
CD_M20260140106,2026-03-14T08:35:00.000+0000,CONCLUDED,Premiership,Round 1,1,MCG,Collingwood,Collingwood,Adelaide Crows,Adelaide Crows,35.0,"https://s.afl.com.au/staticfile/AFL Tenant/AFL/Players/ChampIDImages/AFL/2026014/1023261.png?im=Scale,width=0.6,height=0.6",C,CD_I1023261,False,35.0,Nick,Daicos,CD_T40,,89.0,2.0,2.0,,22.0,11.0,33.0,6.0,2.0,1.0,7.0,24.0,31.0,10.0,0.0,0.0,0.0,0.0,63.6,2.0,3.0,0.0,127.0,2.0,0.0,50.0,20.1,,,9.0,2.0,0.0,4.0,,,,8.0,790.0,1.0,3.0,4.0,12.0,54.5,2.0,21.0,2.0,0.0,22.6,0.0,0.0,0.0,5.0,0.0,1.0,16.0,6.0,0.0,0.0,0.0,0.0,0.0,0.0,0.0,0.0,20.0,1.0,1.0,CD_I1023261,False,35.0,Nick,Daicos,home,Collingwood
CD_M20260140106,2026-03-14T08:35:00.000+0000,CONCLUDED,Premiership,Round 1,1,MCG,Collingwood,Collingwood,Adelaide Crows,Adelaide Crows,2.0,"https://s.afl.com.au/staticfile/AFL Tenant/AFL/Players/ChampIDImages/AFL/2026014/994185.png?im=Scale,width=0.6,height=0.6",CHF,CD_I994185,False,2.0,Jordan,De Goey,CD_T40,,82.0,0.0,0.0,,7.0,5.0,12.0,5.0,0.0,2.0,4.0,7.0,11.0,3.0,0.0,1.0,0.0,1.0,75.0,3.0,0.0,0.0,54.0,0.0,2.0,0.0,6.9,,,3.0,3.0,1.0,0.0,,,,3.0,153.0,0.0,0.0,0.0,5.0,71.4,1.4,9.0,0.0,1.0,36.4,0.0,0.0,0.0,2.0,0.0,1.0,9.0,2.0,0.0,0.0,0.0,0.0,0.0,2.0,0.0,0.0,5.0,0.0,0.0,CD_I994185,False,2.0,Jordan,De Goey,home,Collingwood
CD_M20260140106,2026-03-14T08:35:00.000+0000,CONCLUDED,Premiership,Round 1,1,MCG,Collingwood,Collingwood,Adelaide Crows,Adelaide Crows,5.0,"https://s.afl.com.au/staticfile/AFL Tenant/AFL/Players/ChampIDImages/AFL/2026014/293801.png?im=Scale,width=0.6,height=0.6",INT,CD_I293801,False,5.0,Jamie,Elliott,CD_T40,,72.0,2.0,0.0,,5.0,0.0,5.0,3.0,0.0,2.0,2.0,4.0,6.0,1.0,2.0,0.0,0.0,1.0,80.0,1.0,0.0,0.0,44.0,0.0,1.0,100.0,8.3,,,1.0,0.0,2.0,2.0,,,,5.0,102.0,1.0,0.0,1.0,4.0,80.0,5.0,4.0,1.0,0.0,33.3,0.0,0.0,0.0,1.0,0.0,0.0,6.0,0.0,0.0,0.0,0.0,0.0,0.0,1.0,0.0,0.0,0.0,0.0,0.0,CD_I293801,False,5.0,Jamie,Elliott,home,Collingwood
CD_M20260140106,2026-03-14T08:35:00.000+0000,CONCLUDED,Premiership,Round 1,1,MCG,Collingwood,Collingwood,Adelaide Crows,Adelaide Crows,17.0,"https://s.afl.com.au/staticfile/AFL Tenant/AFL/Players/ChampIDImages/AFL/2026014/991773.png?im=Scale,width=0.6,height=0.6",BPL,CD_I991773,False,17.0,Billy,Frampton,CD_T40,,94.0,0.0,0.0,,3.0,2.0,5.0,1.0,0.0,0.0,4.0,2.0,6.0,0.0,0.0,0.0,0.0,6.0,80.0,1.0,2.0,1.0,15.0,2.0,0.0,0.0,4.2,,,1.0,5.0,0.0,0.0,,,,1.0,26.0,0.0,0.0,0.0,2.0,66.7,1.5,4.0,0.0,1.0,66.7,0.0,0.0,0.0,2.0,0.0,1.0,3.0,2.0,6.0,0.0,4.0,2.0,50.0,0.0,0.0,0.0,0.0,0.0,0.0,CD_I991773,False,17.0,Billy,Frampton,home,Collingwood
CD_M20260140106,2026-03-14T08:35:00.000+0000,CONCLUDED,Premiership,Round 1,1,MCG,Collingwood,Collingwood,Adelaide Crows,Adelaide Crows,9.0,"https://s.afl.com.au/staticfile/AFL Tenant/AFL/Players/ChampIDImages/AFL/2026014/994295.png?im=Scale,width=0.6,height=0.6",HBFL,CD_I994295,False,9.0,Dan,Houston,CD_T40,,88.0,0.0,0.0,,21.0,11.0,32.0,11.0,0.0,1.0,8.0,18.0,26.0,4.0,0.0,0.0,0.0,6.0,78.1,3.0,0.0,1.0,119.0,5.0,0.0,0.0,16.8,,,7.0,10.0,0.0,0.0,,,,5.0,702.0,1.0,0.0,1.0,18.0,85.7,1.9,25.0,0.0,2.0,30.8,0.0,0.0,0.0,8.0,0.0,2.0,8.0,4.0,6.0,0.0,4.0,0.0,0.0,0.0,0.0,0.0,0.0,5.0,5.0,CD_I994295,False,9.0,Dan,Houston,home,Collingwood
CD_M20260140106,2026-03-14T08:35:00.000+0000,CONCLUDED,Premiership,Round 1,1,MCG,Collingwood,Collingwood,Adelaide Crows,Adelaide Crows,1.0,"https://s.afl.com.au/staticfile/AFL Tenant/AFL/Players/ChampIDImages/AFL/2026014/1003130.png?im=Scale,width=0.6,height=0.6",WR,CD_I1003130,False,1.0,Patrick,Lipinski,CD_T40,,82.0,0.0,1.0,,8.0,14.0,22.0,4.0,0.0,5.0,7.0,14.0,21.0,2.0,0.0,1.0,0.0,0.0,68.2,3.0,0.0,0.0,85.0,1.0,1.0,0.0,5.9,,,6.0,5.0,1.0,1.0,,,,8.0,347.0,0.0,1.0,1.0,5.0,62.5,0.6,15.0,1.0,1.0,33.3,0.0,0.0,0.0,6.0,1.0,3.0,11.0,3.0,0.0,0.0,0.0,0.0,0.0,1.0,0.0,0.0,0.0,0.0,0.0,CD_I1003130,False,1.0,Patrick,Lipinski,home,Collingwood
CD_M20260140106,2026-03-14T08:35:00.000+0000,CONCLUDED,Premiership,Round 1,1,MCG,Collingwood,Collingwood,Adelaide Crows,Adelaide Crows,44.0,"https://s.afl.com.au/staticfile/AFL Tenant/AFL/Players/ChampIDImages/AFL/2026014/1017124.png?im=Scale,width=0.6,height=0.6",R,CD_I1017124,False,44.0,Ned,Long,CD_T40,,69.0,0.0,0.0,,7.0,9.0,16.0,1.0,0.0,8.0,7.0,8.0,15.0,1.0,0.0,0.0,0.0,0.0,68.8,5.0,1.0,4.0,63.0,0.0,0.0,0.0,7.6,,,5.0,2.0,1.0,0.0,,,,2.0,67.0,0.0,2.0,2.0,3.0,42.9,0.8,11.0,1.0,0.0,46.7,0.0,0.0,0.0,6.0,0.0,1.0,33.0,14.0,0.0,0.0,0.0,0.0,0.0,1.0,0.0,0.0,16.0,0.0,0.0,CD_I1017124,False,44.0,Ned,Long,home,Collingwood
CD_M20260140106,2026-03-14T08:35:00.000+0000,CONCLUDED,Premiership,Round 1,1,MCG,Collingwood,Collingwood,Adelaide Crows,Adelaide Crows,4.0,"https://s.afl.com.au/staticfile/AFL Tenant/AFL/Players/ChampIDImages/AFL/2026014/992010.png?im=Scale,width=0.6,height=0.6",BPR,CD_I992010,False,4.0,Brayden,Maynard,CD_T40,,85.0,0.0,0.0,,11.0,4.0,15.0,4.0,0.0,3.0,5.0,10.0,15.0,3.0,0.0,1.0,0.0,8.0,66.7,5.0,2.0,2.0,61.0,5.0,0.0,0.0,8.2,,,6.0,6.0,0.0,0.0,,,,2.0,405.0,0.0,0.0,0.0,7.0,63.6,2.8,10.0,0.0,2.0,33.3,0.0,0.0,0.0,3.0,0.0,2.0,15.0,13.0,6.0,0.0,3.0,1.0,33.3,0.0,0.0,0.0,0.0,1.0,1.0,CD_I992010,False,4.0,Brayden,Maynard,home,Collingwood
CD_M20260140106,2026-03-14T08:35:00.000+0000,CONCLUDED,Premiership,Round 1,1,MCG,Collingwood,Collingwood,Adelaide Crows,Adelaide Crows,31.0,"https://s.afl.com.au/staticfile/AFL Tenant/AFL/Players/ChampIDImages/AFL/2026014/1004757.png?im=Scale,width=0.6,height=0.6",HFFR,CD_I1004757,False,31.0,Beau,McCreery,CD_T40,,80.0,1.0,1.0,,12.0,5.0,17.0,4.0,1.0,4.0,5.0,12.0,17.0,3.0,1.0,0.0,0.0,1.0,64.7,6.0,0.0,2.0,75.0,0.0,2.0,25.0,6.4,,,4.0,3.0,0.0,4.0,,,,5.0,434.0,0.0,1.0,1.0,7.0,58.3,2.4,11.0,2.0,0.0,29.4,0.0,0.0,0.0,5.0,1.0,1.0,16.0,8.0,1.0,0.0,0.0,0.0,0.0,1.0,0.0,0.0,3.0,0.0,0.0,CD_I1004757,False,31.0,Beau,McCreery,home,Collingwood
CD_M20260140106,2026-03-14T08:35:00.000+0000,CONCLUDED,Premiership,Round 1,1,MCG,Collingwood,Collingwood,Adelaide Crows,Adelaide Crows,11.0,"https://s.afl.com.au/staticfile/AFL Tenant/AFL/Players/ChampIDImages/AFL/2026014/297504.png?im=Scale,width=0.6,height=0.6",FPR,CD_I297504,False,11.0,Daniel,McStay,CD_T40,,62.0,0.0,0.0,,7.0,3.0,10.0,5.0,0.0,2.0,4.0,6.0,10.0,4.0,2.0,2.0,3.0,2.0,40.0,4.0,0.0,0.0,53.0,0.0,0.0,0.0,-1.3,,,6.0,0.0,2.0,1.0,,,,2.0,170.0,0.0,1.0,1.0,1.0,14.3,2.3,4.0,2.0,0.0,40.0,0.0,27.3,0.0,2.0,0.0,1.0,10.0,1.0,2.0,11.0,0.0,0.0,0.0,0.0,0.0,0.0,0.0,0.0,0.0,CD_I297504,False,11.0,Daniel,McStay,home,Collingwood
CD_M20260140106,2026-03-14T08:35:00.000+0000,CONCLUDED,Premiership,Round 1,1,MCG,Collingwood,Collingwood,Adelaide Crows,Adelaide Crows,28.0,"https://s.afl.com.au/staticfile/AFL Tenant/AFL/Players/ChampIDImages/AFL/2026014/294596.png?im=Scale,width=0.6,height=0.6",FF,CD_I294596,False,28.0,Tim,Membrey,CD_T40,,77.0,1.0,1.0,,2.0,1.0,3.0,1.0,0.0,1.0,4.0,1.0,5.0,0.0,1.0,1.0,0.0,2.0,66.7,0.0,1.0,0.0,23.0,0.0,0.0,50.0,6.0,,,0.0,0.0,1.0,2.0,,,,3.0,55.0,0.0,0.0,0.0,1.0,50.0,2.0,2.0,0.0,0.0,80.0,0.0,0.0,0.0,1.0,1.0,0.0,11.0,2.0,1.0,0.0,0.0,0.0,0.0,1.0,0.0,0.0,0.0,0.0,0.0,CD_I294596,False,28.0,Tim,Membrey,home,Collingwood
CD_M20260140106,2026-03-14T08:35:00.000+0000,CONCLUDED,Premiership,Round 1,1,MCG,Collingwood,Collingwood,Adelaide Crows,Adelaide Crows,15.0,"https://s.afl.com.au/staticfile/AFL Tenant/AFL/Players/ChampIDImages/AFL/2026014/1012873.png?im=Scale,width=0.6,height=0.6",INT,CD_I1012873,False,15.0,Wil,Parker,CD_T40,,79.0,0.0,0.0,,4.0,5.0,9.0,0.0,0.0,0.0,4.0,3.0,7.0,1.0,0.0,0.0,0.0,4.0,55.6,3.0,0.0,1.0,19.0,3.0,0.0,0.0,5.1,,,6.0,6.0,0.0,0.0,,,,1.0,188.0,0.0,0.0,0.0,2.0,50.0,0.8,5.0,0.0,0.0,57.1,0.0,0.0,0.0,4.0,0.0,0.0,8.0,7.0,3.0,0.0,0.0,0.0,0.0,0.0,0.0,0.0,0.0,0.0,0.0,CD_I1012873,False,15.0,Wil,Parker,home,Collingwood
CD_M20260140106,2026-03-14T08:35:00.000+0000,CONCLUDED,Premiership,Round 1,1,MCG,Collingwood,Collingwood,Adelaide Crows,Adelaide Crows,10.0,"https://s.afl.com.au/staticfile/AFL Tenant/AFL/Players/ChampIDImages/AFL/2026014/260257.png?im=Scale,width=0.6,height=0.6",INT,CD_I260257,False,10.0,Scott,Pendlebury,CD_T40,,64.0,0.0,0.0,,8.0,8.0,16.0,5.0,0.0,2.0,5.0,12.0,17.0,1.0,0.0,0.0,0.0,1.0,93.8,0.0,0.0,0.0,63.0,0.0,0.0,0.0,13.0,,,0.0,3.0,0.0,0.0,,,,6.0,172.0,3.0,0.0,3.0,7.0,87.5,1.0,15.0,1.0,0.0,29.4,0.0,0.0,0.0,4.0,0.0,1.0,12.0,3.0,0.0,0.0,0.0,0.0,0.0,0.0,0.0,0.0,14.0,0.0,0.0,CD_I260257,False,10.0,Scott,Pendlebury,home,Collingwood
CD_M20260140106,2026-03-14T08:35:00.000+0000,CONCLUDED,Premiership,Round 1,1,MCG,Collingwood,Collingwood,Adelaide Crows,Adelaide Crows,12.0,"https://s.afl.com.au/staticfile/AFL Tenant/AFL/Players/ChampIDImages/AFL/2026014/998205.png?im=Scale,width=0.6,height=0.6",HBFR,CD_I998205,False,12.0,Harry,Perryman,CD_T40,,87.0,0.0,1.0,,9.0,8.0,17.0,5.0,0.0,3.0,3.0,13.0,16.0,2.0,0.0,0.0,0.0,5.0,76.5,0.0,1.0,0.0,72.0,4.0,0.0,0.0,6.3,,,2.0,6.0,0.0,1.0,,,,2.0,337.0,0.0,0.0,0.0,6.0,66.7,1.1,13.0,0.0,1.0,18.8,0.0,0.0,0.0,2.0,0.0,0.0,12.0,7.0,2.0,0.0,4.0,0.0,0.0,0.0,0.0,0.0,0.0,0.0,0.0,CD_I998205,False,12.0,Harry,Perryman,home,Collingwood
CD_M20260140106,2026-03-14T08:35:00.000+0000,CONCLUDED,Premiership,Round 1,1,MCG,Collingwood,Collingwood,Adelaide Crows,Adelaide Crows,3.0,"https://s.afl.com.au/staticfile/AFL Tenant/AFL/Players/ChampIDImages/AFL/2026014/1008089.png?im=Scale,width=0.6,height=0.6",FB,CD_I1008089,False,3.0,Isaac,Quaynor,CD_T40,,90.0,0.0,0.0,,15.0,6.0,21.0,8.0,2.0,2.0,1.0,17.0,18.0,4.0,0.0,0.0,0.0,2.0,85.7,3.0,0.0,0.0,89.0,6.0,1.0,0.0,10.1,,,4.0,4.0,0.0,0.0,,,,6.0,668.0,0.0,0.0,0.0,13.0,86.7,2.5,18.0,0.0,2.0,5.6,0.0,0.0,0.0,1.0,0.0,1.0,13.0,10.0,2.0,0.0,0.0,0.0,0.0,0.0,0.0,0.0,0.0,2.0,1.0,CD_I1008089,False,3.0,Isaac,Quaynor,home,Collingwood
CD_M20260140106,2026-03-14T08:35:00.000+0000,CONCLUDED,Premiership,Round 1,1,MCG,Collingwood,Collingwood,Adelaide Crows,Adelaide Crows,8.0,"https://s.afl.com.au/staticfile/AFL Tenant/AFL/Players/ChampIDImages/AFL/2026014/1000860.png?im=Scale,width=0.6,height=0.6",HFFL,CD_I1000860,False,8.0,Lachie,Schultz,CD_T40,,78.0,2.0,1.0,,9.0,6.0,15.0,5.0,0.0,2.0,5.0,8.0,13.0,5.0,2.0,2.0,0.0,1.0,60.0,3.0,0.0,0.0,75.0,0.0,1.0,66.7,12.5,,,5.0,1.0,2.0,3.0,,,,8.0,318.0,0.0,0.0,0.0,6.0,66.7,1.5,9.0,2.0,0.0,38.5,0.0,0.0,0.0,3.0,2.0,1.0,15.0,3.0,1.0,0.0,0.0,0.0,0.0,1.0,0.0,0.0,0.0,0.0,0.0,CD_I1000860,False,8.0,Lachie,Schultz,home,Collingwood
CD_M20260140106,2026-03-14T08:35:00.000+0000,CONCLUDED,Premiership,Round 1,1,MCG,Collingwood,Collingwood,Adelaide Crows,Adelaide Crows,22.0,"https://s.afl.com.au/staticfile/AFL Tenant/AFL/Players/ChampIDImages/AFL/2026014/280965.png?im=Scale,width=0.6,height=0.6",RR,CD_I280965,False,22.0,Steele,Sidebottom,CD_T40,,75.0,0.0,0.0,,10.0,7.0,17.0,7.0,0.0,2.0,7.0,11.0,18.0,2.0,0.0,0.0,0.0,2.0,70.6,2.0,1.0,1.0,71.0,2.0,0.0,0.0,7.9,,,3.0,1.0,0.0,0.0,,,,1.0,268.0,0.0,3.0,3.0,6.0,60.0,1.4,12.0,0.0,0.0,38.9,0.0,0.0,0.0,5.0,0.0,0.0,12.0,7.0,2.0,0.0,3.0,0.0,0.0,0.0,0.0,0.0,3.0,0.0,0.0,CD_I280965,False,22.0,Steele,Sidebottom,home,Collingwood
CD_M20260140106,2026-03-14T08:35:00.000+0000,CONCLUDED,Premiership,Round 1,1,MCG,Collingwood,Collingwood,Adelaide Crows,Adelaide Crows,45.0,"https://s.afl.com.au/staticfile/AFL Tenant/AFL/Players/ChampIDImages/AFL/2026014/1027501.png?im=Scale,width=0.6,height=0.6",FPL,CD_I1027501,False,45.0,Roan,Steele,CD_T40,,72.0,2.0,1.0,,6.0,6.0,12.0,1.0,0.0,2.0,3.0,8.0,11.0,3.0,1.0,0.0,0.0,1.0,66.7,1.0,0.0,1.0,51.0,1.0,2.0,66.7,8.7,,,0.0,1.0,0.0,3.0,,,,6.0,202.0,0.0,0.0,0.0,4.0,66.7,1.0,8.0,0.0,0.0,27.3,0.0,0.0,0.0,3.0,0.0,0.0,12.0,3.0,1.0,0.0,0.0,0.0,0.0,0.0,0.0,0.0,0.0,0.0,0.0,CD_I1027501,False,45.0,Roan,Steele,home,Collingwood
CD_M20260140106,2026-03-14T08:35:00.000+0000,CONCLUDED,Premiership,Round 1,1,MCG,Collingwood,Collingwood,Adelaide Crows,Adelaide Crows,4.0,"https://s.afl.com.au/staticfile/AFL Tenant/AFL/Players/ChampIDImages/AFL/2026014/298437.png?im=Scale,width=0.6,height=0.6",INT,CD_I298437,False,4.0,Callum,Ah Chee,CD_T10,,70.0,0.0,1.0,,5.0,7.0,12.0,4.0,0.0,0.0,4.0,9.0,13.0,3.0,1.0,0.0,0.0,1.0,58.3,1.0,0.0,0.0,42.0,1.0,0.0,0.0,7.0,,,0.0,3.0,0.0,1.0,,,,2.0,186.0,0.0,1.0,1.0,3.0,60.0,0.7,7.0,1.0,1.0,30.8,0.0,0.0,0.0,4.0,0.0,0.0,11.0,3.0,1.0,0.0,0.0,0.0,0.0,0.0,0.0,0.0,0.0,0.0,0.0,CD_I298437,False,4.0,Callum,Ah Chee,away,Adelaide Crows
CD_M20260140106,2026-03-14T08:35:00.000+0000,CONCLUDED,Premiership,Round 1,1,MCG,Collingwood,Collingwood,Adelaide Crows,Adelaide Crows,3.0,"https://s.afl.com.au/staticfile/AFL Tenant/AFL/Players/ChampIDImages/AFL/2026014/1012807.png?im=Scale,width=0.6,height=0.6",RR,CD_I1012807,False,3.0,Sam,Berry,CD_T10,,78.0,0.0,1.0,,16.0,3.0,19.0,4.0,0.0,7.0,10.0,12.0,22.0,3.0,0.0,0.0,1.0,1.0,68.4,4.0,2.0,3.0,89.0,3.0,0.0,0.0,6.0,,,3.0,3.0,2.0,1.0,,,,8.0,515.0,4.0,0.0,4.0,11.0,68.8,5.3,13.0,0.0,0.0,45.5,0.0,100.0,0.0,6.0,0.0,3.0,20.0,10.0,0.0,1.0,0.0,0.0,0.0,0.0,0.0,0.0,20.0,0.0,0.0,CD_I1012807,False,3.0,Sam,Berry,away,Adelaide Crows
CD_M20260140106,2026-03-14T08:35:00.000+0000,CONCLUDED,Premiership,Round 1,1,MCG,Collingwood,Collingwood,Adelaide Crows,Adelaide Crows,21.0,"https://s.afl.com.au/staticfile/AFL Tenant/AFL/Players/ChampIDImages/AFL/2026014/1023534.png?im=Scale,width=0.6,height=0.6",BPR,CD_I1023534,False,21.0,Hugh,Bond,CD_T10,,90.0,0.0,0.0,,10.0,3.0,13.0,4.0,1.0,1.0,4.0,10.0,14.0,1.0,0.0,0.0,0.0,3.0,69.2,4.0,1.0,1.0,50.0,3.0,0.0,0.0,-1.0,,,3.0,5.0,0.0,0.0,,,,3.0,265.0,0.0,1.0,1.0,6.0,60.0,3.3,9.0,0.0,2.0,28.6,0.0,0.0,0.0,2.0,0.0,0.0,6.0,6.0,2.0,0.0,2.0,0.0,0.0,0.0,0.0,0.0,0.0,0.0,0.0,CD_I1023534,False,21.0,Hugh,Bond,away,Adelaide Crows
CD_M20260140106,2026-03-14T08:35:00.000+0000,CONCLUDED,Premiership,Round 1,1,MCG,Collingwood,Collingwood,Adelaide Crows,Adelaide Crows,41.0,"https://s.afl.com.au/staticfile/AFL Tenant/AFL/Players/ChampIDImages/AFL/2026014/1004995.png?im=Scale,width=0.6,height=0.6",FB,CD_I1004995,False,41.0,Jordon,Butts,CD_T10,,95.0,0.0,0.0,,4.0,4.0,8.0,4.0,0.0,1.0,4.0,4.0,8.0,0.0,0.0,1.0,0.0,1.0,75.0,1.0,0.0,0.0,36.0,3.0,0.0,0.0,4.4,,,1.0,4.0,0.0,0.0,,,,0.0,88.0,0.0,0.0,0.0,3.0,75.0,1.0,6.0,0.0,1.0,50.0,0.0,0.0,0.0,3.0,0.0,0.0,4.0,3.0,1.0,0.0,0.0,0.0,0.0,0.0,0.0,0.0,0.0,0.0,0.0,CD_I1004995,False,41.0,Jordon,Butts,away,Adelaide Crows
CD_M20260140106,2026-03-14T08:35:00.000+0000,CONCLUDED,Premiership,Round 1,1,MCG,Collingwood,Collingwood,Adelaide Crows,Adelaide Crows,15.0,"https://s.afl.com.au/staticfile/AFL Tenant/AFL/Players/ChampIDImages/AFL/2026014/1018335.png?im=Scale,width=0.6,height=0.6",WL,CD_I1018335,False,15.0,Brayden,Cook,CD_T10,,79.0,1.0,1.0,,14.0,5.0,19.0,7.0,0.0,1.0,10.0,10.0,20.0,3.0,1.0,1.0,0.0,2.0,73.7,2.0,0.0,0.0,84.0,1.0,0.0,50.0,18.1,,,2.0,7.0,0.0,2.0,,,,5.0,329.0,0.0,0.0,0.0,10.0,71.4,2.8,14.0,0.0,1.0,50.0,0.0,0.0,0.0,8.0,0.0,3.0,3.0,2.0,1.0,0.0,0.0,0.0,0.0,0.0,0.0,0.0,0.0,0.0,0.0,CD_I1018335,False,15.0,Brayden,Cook,away,Adelaide Crows
CD_M20260140106,2026-03-14T08:35:00.000+0000,CONCLUDED,Premiership,Round 1,1,MCG,Collingwood,Collingwood,Adelaide Crows,Adelaide Crows,44.0,"https://s.afl.com.au/staticfile/AFL Tenant/AFL/Players/ChampIDImages/AFL/2026014/1001396.png?im=Scale,width=0.6,height=0.6",WR,CD_I1001396,False,44.0,Isaac,Cumming,CD_T10,,80.0,2.0,0.0,,14.0,5.0,19.0,9.0,0.0,2.0,1.0,18.0,19.0,4.0,1.0,0.0,0.0,3.0,68.4,3.0,0.0,1.0,96.0,1.0,1.0,100.0,9.5,,,3.0,1.0,0.0,2.0,,,,5.0,372.0,0.0,0.0,0.0,8.0,57.1,2.8,13.0,0.0,1.0,5.3,0.0,0.0,0.0,1.0,0.0,1.0,20.0,8.0,3.0,0.0,0.0,0.0,0.0,0.0,0.0,0.0,0.0,0.0,0.0,CD_I1001396,False,44.0,Isaac,Cumming,away,Adelaide Crows
CD_M20260140106,2026-03-14T08:35:00.000+0000,CONCLUDED,Premiership,Round 1,1,MCG,Collingwood,Collingwood,Adelaide Crows,Adelaide Crows,12.0,"https://s.afl.com.au/staticfile/AFL Tenant/AFL/Players/ChampIDImages/AFL/2026014/992242.png?im=Scale,width=0.6,height=0.6",C,CD_I992242,False,12.0,Jordan,Dawson,CD_T10,,77.0,0.0,0.0,,14.0,7.0,21.0,4.0,0.0,6.0,8.0,14.0,22.0,3.0,0.0,0.0,0.0,0.0,81.0,1.0,3.0,0.0,95.0,0.0,1.0,0.0,13.9,,,5.0,5.0,0.0,0.0,,,,5.0,148.0,2.0,0.0,2.0,11.0,78.6,2.0,17.0,0.0,1.0,36.4,0.0,0.0,0.0,2.0,0.0,0.0,18.0,11.0,0.0,0.0,1.0,0.0,0.0,1.0,0.0,0.0,19.0,0.0,0.0,CD_I992242,False,12.0,Jordan,Dawson,away,Adelaide Crows
CD_M20260140106,2026-03-14T08:35:00.000+0000,CONCLUDED,Premiership,Round 1,1,MCG,Collingwood,Collingwood,Adelaide Crows,Adelaide Crows,32.0,"https://s.afl.com.au/staticfile/AFL Tenant/AFL/Players/ChampIDImages/AFL/2026014/999331.png?im=Scale,width=0.6,height=0.6",FPR,CD_I999331,False,32.0,Darcy,Fogarty,CD_T10,,76.0,2.0,1.0,,6.0,2.0,8.0,3.0,0.0,2.0,6.0,3.0,9.0,0.0,3.0,0.0,0.0,1.0,50.0,5.0,0.0,2.0,46.0,0.0,0.0,66.7,6.2,,,2.0,2.0,0.0,3.0,,,,5.0,156.0,0.0,0.0,0.0,3.0,50.0,3.0,4.0,1.0,0.0,66.7,0.0,0.0,0.0,5.0,1.0,0.0,6.0,1.0,0.0,0.0,0.0,0.0,0.0,2.0,0.0,0.0,0.0,0.0,0.0,CD_I999331,False,32.0,Darcy,Fogarty,away,Adelaide Crows
CD_M20260140106,2026-03-14T08:35:00.000+0000,CONCLUDED,Premiership,Round 1,1,MCG,Collingwood,Collingwood,Adelaide Crows,Adelaide Crows,2.0,"https://s.afl.com.au/staticfile/AFL Tenant/AFL/Players/ChampIDImages/AFL/2026014/993946.png?im=Scale,width=0.6,height=0.6",HFFR,CD_I993946,False,2.0,Ben,Keays,CD_T10,,87.0,1.0,1.0,,11.0,2.0,13.0,4.0,0.0,0.0,2.0,10.0,12.0,4.0,1.0,0.0,0.0,2.0,61.5,5.0,1.0,0.0,57.0,2.0,3.0,50.0,6.5,,,4.0,1.0,0.0,2.0,,,,6.0,264.0,0.0,0.0,0.0,7.0,63.6,5.5,8.0,1.0,0.0,16.7,0.0,0.0,0.0,1.0,0.0,1.0,11.0,3.0,2.0,0.0,0.0,0.0,0.0,2.0,0.0,0.0,0.0,0.0,0.0,CD_I993946,False,2.0,Ben,Keays,away,Adelaide Crows
CD_M20260140106,2026-03-14T08:35:00.000+0000,CONCLUDED,Premiership,Round 1,1,MCG,Collingwood,Collingwood,Adelaide Crows,Adelaide Crows,29.0,"https://s.afl.com.au/staticfile/AFL Tenant/AFL/Players/ChampIDImages/AFL/2026014/293222.png?im=Scale,width=0.6,height=0.6",HBFR,CD_I293222,False,29.0,Rory,Laird,CD_T10,,78.0,0.0,0.0,,19.0,6.0,25.0,11.0,0.0,0.0,5.0,17.0,22.0,0.0,0.0,0.0,0.0,2.0,84.0,3.0,1.0,0.0,103.0,4.0,0.0,0.0,7.0,,,5.0,8.0,0.0,0.0,,,,3.0,352.0,0.0,1.0,1.0,15.0,78.9,3.2,21.0,0.0,1.0,22.7,0.0,0.0,0.0,4.0,0.0,2.0,8.0,7.0,1.0,0.0,1.0,0.0,0.0,0.0,0.0,0.0,0.0,1.0,1.0,CD_I293222,False,29.0,Rory,Laird,away,Adelaide Crows
CD_M20260140106,2026-03-14T08:35:00.000+0000,CONCLUDED,Premiership,Round 1,1,MCG,Collingwood,Collingwood,Adelaide Crows,Adelaide Crows,42.0,"https://s.afl.com.au/staticfile/AFL Tenant/AFL/Players/ChampIDImages/AFL/2026014/1021200.png?im=Scale,width=0.6,height=0.6",RK,CD_I1021200,False,42.0,Lachlan,McAndrew,CD_T10,,72.0,0.0,0.0,,4.0,9.0,13.0,1.0,0.0,4.0,8.0,6.0,14.0,2.0,0.0,0.0,27.0,3.0,76.9,3.0,1.0,2.0,71.0,2.0,1.0,0.0,12.0,,,4.0,1.0,0.0,0.0,,,,5.0,167.0,2.0,3.0,5.0,2.0,50.0,0.4,10.0,0.0,0.0,57.1,9.0,55.1,33.3,4.0,0.0,3.0,21.0,13.0,0.0,49.0,2.0,1.0,50.0,1.0,0.0,0.0,22.0,0.0,0.0,CD_I1021200,False,42.0,Lachlan,McAndrew,away,Adelaide Crows
CD_M20260140106,2026-03-14T08:35:00.000+0000,CONCLUDED,Premiership,Round 1,1,MCG,Collingwood,Collingwood,Adelaide Crows,Adelaide Crows,16.0,"https://s.afl.com.au/staticfile/AFL Tenant/AFL/Players/ChampIDImages/AFL/2026014/1015370.png?im=Scale,width=0.6,height=0.6",INT,CD_I1015370,False,16.0,Max,Michalanney,CD_T10,,77.0,0.0,0.0,,14.0,2.0,16.0,9.0,0.0,2.0,2.0,15.0,17.0,2.0,0.0,0.0,0.0,3.0,75.0,2.0,0.0,1.0,78.0,4.0,0.0,0.0,7.4,,,3.0,4.0,0.0,0.0,,,,6.0,391.0,0.0,0.0,0.0,10.0,71.4,7.0,12.0,0.0,1.0,11.8,0.0,0.0,0.0,1.0,0.0,2.0,6.0,4.0,2.0,0.0,2.0,0.0,0.0,0.0,0.0,0.0,0.0,0.0,0.0,CD_I1015370,False,16.0,Max,Michalanney,away,Adelaide Crows
CD_M20260140106,2026-03-14T08:35:00.000+0000,CONCLUDED,Premiership,Round 1,1,MCG,Collingwood,Collingwood,Adelaide Crows,Adelaide Crows,30.0,"https://s.afl.com.au/staticfile/AFL Tenant/AFL/Players/ChampIDImages/AFL/2026014/990882.png?im=Scale,width=0.6,height=0.6",BPL,CD_I990882,False,30.0,Wayne,Milera,CD_T10,,81.0,0.0,0.0,,21.0,13.0,34.0,6.0,1.0,1.0,8.0,18.0,26.0,4.0,0.0,0.0,0.0,1.0,94.1,1.0,0.0,0.0,111.0,6.0,1.0,0.0,21.8,,,2.0,7.0,0.0,0.0,,,,8.0,673.0,0.0,1.0,1.0,21.0,100.0,1.6,32.0,0.0,0.0,30.8,0.0,0.0,0.0,7.0,0.0,4.0,7.0,5.0,1.0,0.0,1.0,0.0,0.0,0.0,0.0,0.0,0.0,7.0,7.0,CD_I990882,False,30.0,Wayne,Milera,away,Adelaide Crows
CD_M20260140106,2026-03-14T08:35:00.000+0000,CONCLUDED,Premiership,Round 1,1,MCG,Collingwood,Collingwood,Adelaide Crows,Adelaide Crows,9.0,"https://s.afl.com.au/staticfile/AFL Tenant/AFL/Players/ChampIDImages/AFL/2026014/1008230.png?im=Scale,width=0.6,height=0.6",HBFL,CD_I1008230,False,9.0,Nick,Murray,CD_T10,,94.0,0.0,0.0,,8.0,5.0,13.0,3.0,0.0,1.0,3.0,9.0,12.0,2.0,0.0,0.0,0.0,6.0,76.9,2.0,0.0,0.0,47.0,4.0,1.0,0.0,8.5,,,3.0,4.0,0.0,0.0,,,,2.0,234.0,0.0,1.0,1.0,6.0,75.0,1.6,10.0,0.0,1.0,25.0,0.0,0.0,0.0,3.0,0.0,1.0,6.0,5.0,6.0,0.0,0.0,0.0,0.0,0.0,0.0,0.0,0.0,2.0,1.0,CD_I1008230,False,9.0,Nick,Murray,away,Adelaide Crows
CD_M20260140106,2026-03-14T08:35:00.000+0000,CONCLUDED,Premiership,Round 1,1,MCG,Collingwood,Collingwood,Adelaide Crows,Adelaide Crows,39.0,"https://s.afl.com.au/staticfile/AFL Tenant/AFL/Players/ChampIDImages/AFL/2026014/1020950.png?im=Scale,width=0.6,height=0.6",INT,CD_I1020950,False,39.0,Toby,Murray,CD_T10,,32.0,0.0,0.0,,1.0,1.0,2.0,1.0,0.0,2.0,1.0,1.0,2.0,0.0,0.0,0.0,7.0,1.0,50.0,2.0,0.0,0.0,23.0,0.0,0.0,0.0,-0.9,,,0.0,0.0,0.0,0.0,,,,0.0,5.0,0.0,0.0,0.0,1.0,100.0,1.0,1.0,0.0,0.0,50.0,1.0,35.0,14.3,1.0,0.0,0.0,9.0,3.0,1.0,20.0,0.0,0.0,0.0,1.0,0.0,0.0,5.0,0.0,0.0,CD_I1020950,False,39.0,Toby,Murray,away,Adelaide Crows
CD_M20260140106,2026-03-14T08:35:00.000+0000,CONCLUDED,Premiership,Round 1,1,MCG,Collingwood,Collingwood,Adelaide Crows,Adelaide Crows,28.0,"https://s.afl.com.au/staticfile/AFL Tenant/AFL/Players/ChampIDImages/AFL/2026014/296420.png?im=Scale,width=0.6,height=0.6",FPL,CD_I296420,False,28.0,Alex,Neal-Bullen,CD_T10,,80.0,1.0,2.0,,14.0,12.0,26.0,7.0,0.0,2.0,10.0,17.0,27.0,6.0,2.0,0.0,0.0,2.0,65.4,5.0,0.0,0.0,103.0,1.0,1.0,20.0,18.2,,,4.0,4.0,0.0,5.0,,,,12.0,407.0,1.0,1.0,2.0,7.0,50.0,1.2,17.0,1.0,0.0,37.0,0.0,0.0,0.0,8.0,2.0,2.0,24.0,6.0,0.0,0.0,0.0,0.0,0.0,0.0,0.0,0.0,0.0,0.0,0.0,CD_I296420,False,28.0,Alex,Neal-Bullen,away,Adelaide Crows
CD_M20260140106,2026-03-14T08:35:00.000+0000,CONCLUDED,Premiership,Round 1,1,MCG,Collingwood,Collingwood,Adelaide Crows,Adelaide Crows,25.0,"https://s.afl.com.au/staticfile/AFL Tenant/AFL/Players/ChampIDImages/AFL/2026014/1006013.png?im=Scale,width=0.6,height=0.6",INT,CD_I1006013,False,25.0,James,Peatling,CD_T10,,82.0,0.0,1.0,,12.0,8.0,20.0,3.0,0.0,2.0,10.0,9.0,19.0,1.0,0.0,1.0,0.0,0.0,75.0,2.0,1.0,1.0,68.0,0.0,1.0,0.0,10.7,,,4.0,2.0,0.0,1.0,,,,6.0,177.0,3.0,2.0,5.0,9.0,75.0,1.5,15.0,0.0,1.0,52.6,0.0,0.0,0.0,6.0,3.0,1.0,14.0,3.0,0.0,0.0,1.0,0.0,0.0,0.0,0.0,0.0,14.0,0.0,0.0,CD_I1006013,False,25.0,James,Peatling,away,Adelaide Crows
CD_M20260140106,2026-03-14T08:35:00.000+0000,CONCLUDED,Premiership,Round 1,1,MCG,Collingwood,Collingwood,Adelaide Crows,Adelaide Crows,10.0,"https://s.afl.com.au/staticfile/AFL Tenant/AFL/Players/ChampIDImages/AFL/2026014/1012218.png?im=Scale,width=0.6,height=0.6",HFFL,CD_I1012218,False,10.0,Luke,Pedlar,CD_T10,,76.0,1.0,2.0,,7.0,0.0,7.0,3.0,0.0,2.0,3.0,4.0,7.0,1.0,1.0,0.0,0.0,1.0,71.4,0.0,0.0,0.0,46.0,2.0,0.0,33.3,7.3,,,1.0,1.0,2.0,3.0,,,,3.0,193.0,0.0,0.0,0.0,5.0,71.4,7.0,5.0,0.0,0.0,42.9,0.0,0.0,0.0,3.0,1.0,0.0,13.0,6.0,1.0,0.0,0.0,0.0,0.0,2.0,0.0,0.0,0.0,0.0,0.0,CD_I1012218,False,10.0,Luke,Pedlar,away,Adelaide Crows
CD_M20260140106,2026-03-14T08:35:00.000+0000,CONCLUDED,Premiership,Round 1,1,MCG,Collingwood,Collingwood,Adelaide Crows,Adelaide Crows,8.0,"https://s.afl.com.au/staticfile/AFL Tenant/AFL/Players/ChampIDImages/AFL/2026014/1017051.png?im=Scale,width=0.6,height=0.6",R,CD_I1017051,False,8.0,Josh,Rachele,CD_T10,,82.0,1.0,1.0,,15.0,9.0,24.0,6.0,0.0,3.0,9.0,13.0,22.0,2.0,1.0,0.0,0.0,0.0,66.7,7.0,1.0,1.0,98.0,3.0,0.0,50.0,7.9,,,6.0,2.0,1.0,2.0,,,,10.0,247.0,2.0,1.0,3.0,10.0,66.7,1.7,16.0,0.0,0.0,40.9,0.0,0.0,0.0,8.0,1.0,2.0,15.0,9.0,0.0,0.0,0.0,0.0,0.0,1.0,0.0,0.0,14.0,0.0,0.0,CD_I1017051,False,8.0,Josh,Rachele,away,Adelaide Crows
CD_M20260140106,2026-03-14T08:35:00.000+0000,CONCLUDED,Premiership,Round 1,1,MCG,Collingwood,Collingwood,Adelaide Crows,Adelaide Crows,14.0,"https://s.afl.com.au/staticfile/AFL Tenant/AFL/Players/ChampIDImages/AFL/2026014/1017109.png?im=Scale,width=0.6,height=0.6",INT,CD_I1017109,False,14.0,Jake,Soligo,CD_T10,,60.0,1.0,0.0,,8.0,6.0,14.0,3.0,0.0,6.0,7.0,6.0,13.0,1.0,1.0,0.0,0.0,0.0,64.3,1.0,1.0,0.0,76.0,0.0,0.0,100.0,8.2,,,1.0,1.0,2.0,1.0,,,,3.0,167.0,1.0,1.0,2.0,5.0,62.5,1.3,9.0,0.0,0.0,53.8,0.0,0.0,0.0,6.0,1.0,0.0,21.0,9.0,0.0,0.0,0.0,0.0,0.0,0.0,0.0,0.0,10.0,0.0,0.0,CD_I1017109,False,14.0,Jake,Soligo,away,Adelaide Crows
CD_M20260140106,2026-03-14T08:35:00.000+0000,CONCLUDED,Premiership,Round 1,1,MCG,Collingwood,Collingwood,Adelaide Crows,Adelaide Crows,7.0,"https://s.afl.com.au/staticfile/AFL Tenant/AFL/Players/ChampIDImages/AFL/2026014/1008384.png?im=Scale,width=0.6,height=0.6",CHF,CD_I1008384,False,7.0,Riley,Thilthorpe,CD_T10,,89.0,3.0,1.0,,12.0,3.0,15.0,7.0,1.0,3.0,6.0,9.0,15.0,6.0,2.0,3.0,0.0,0.0,46.7,5.0,1.0,1.0,92.0,1.0,0.0,60.0,9.4,,,6.0,1.0,1.0,5.0,,,,5.0,510.0,1.0,0.0,1.0,6.0,50.0,4.0,7.0,2.0,0.0,40.0,0.0,0.0,0.0,1.0,0.0,0.0,8.0,1.0,0.0,0.0,0.0,0.0,0.0,4.0,2.0,50.0,4.0,0.0,0.0,CD_I1008384,False,7.0,Riley,Thilthorpe,away,Adelaide Crows
CD_M20260140106,2026-03-14T08:35:00.000+0000,CONCLUDED,Premiership,Round 1,1,MCG,Collingwood,Collingwood,Adelaide Crows,Adelaide Crows,13.0,"https://s.afl.com.au/staticfile/AFL Tenant/AFL/Players/ChampIDImages/AFL/2026014/280506.png?im=Scale,width=0.6,height=0.6",FF,CD_I280506,False,13.0,Taylor,Walker,CD_T10,,80.0,0.0,2.0,,11.0,8.0,19.0,6.0,0.0,0.0,10.0,9.0,19.0,5.0,0.0,2.0,0.0,1.0,63.2,3.0,2.0,1.0,68.0,0.0,2.0,0.0,12.4,,,5.0,4.0,0.0,2.0,,,,9.0,315.0,0.0,0.0,0.0,6.0,54.5,1.4,12.0,1.0,1.0,52.6,0.0,0.0,0.0,6.0,1.0,2.0,9.0,4.0,1.0,0.0,0.0,0.0,0.0,4.0,1.0,25.0,0.0,0.0,0.0,CD_I280506,False,13.0,Taylor,Walker,away,Adelaide Crows
CD_M20260140106,2026-03-14T08:35:00.000+0000,CONCLUDED,Premiership,Round 1,1,MCG,Collingwood,Collingwood,Adelaide Crows,Adelaide Crows,24.0,"https://s.afl.com.au/staticfile/AFL Tenant/AFL/Players/ChampIDImages/AFL/2026014/1011981.png?im=Scale,width=0.6,height=0.6",CHB,CD_I1011981,False,24.0,Josh,Worrell,CD_T10,,83.0,0.0,0.0,,16.0,11.0,27.0,8.0,0.0,0.0,8.0,16.0,24.0,2.0,0.0,0.0,0.0,1.0,88.9,3.0,0.0,0.0,94.0,7.0,0.0,0.0,11.1,,,4.0,9.0,0.0,0.0,,,,4.0,536.0,0.0,0.0,0.0,15.0,93.8,1.5,24.0,0.0,1.0,33.3,0.0,0.0,0.0,8.0,0.0,1.0,9.0,9.0,1.0,0.0,1.0,0.0,0.0,0.0,0.0,0.0,0.0,3.0,3.0,CD_I1011981,False,24.0,Josh,Worrell,away,Adelaide Crows
CD_M20260140107,2026-03-15T02:10:00.000+0000,CONCLUDED,Premiership,Round 1,1,Marvel Stadium,North Melbourne,North Melbourne,Port Adelaide,Port Adelaide,39.0,"https://s.afl.com.au/staticfile/AFL Tenant/AFL/Players/ChampIDImages/AFL/2026014/1015883.png?im=Scale,width=0.6,height=0.6",HBFR,CD_I1015883,False,39.0,Tom,Blamires,CD_T100,,82.0,0.0,0.0,,14.0,9.0,23.0,5.0,0.0,1.0,3.0,20.0,23.0,1.0,0.0,0.0,0.0,0.0,69.6,2.0,1.0,1.0,77.0,3.0,0.0,0.0,2.6,,,3.0,2.0,0.0,0.0,,,,3.0,396.0,0.0,0.0,0.0,11.0,78.6,1.6,16.0,1.0,0.0,13.0,0.0,0.0,0.0,2.0,0.0,0.0,7.0,6.0,0.0,0.0,0.0,0.0,0.0,0.0,0.0,0.0,0.0,0.0,0.0,CD_I1015883,False,39.0,Tom,Blamires,home,North Melbourne
CD_M20260140107,2026-03-15T02:10:00.000+0000,CONCLUDED,Premiership,Round 1,1,Marvel Stadium,North Melbourne,North Melbourne,Port Adelaide,Port Adelaide,30.0,"https://s.afl.com.au/staticfile/AFL Tenant/AFL/Players/ChampIDImages/AFL/2026014/1015781.png?im=Scale,width=0.6,height=0.6",BPR,CD_I1015781,False,30.0,Charlie,Comben,CD_T100,,93.0,1.0,0.0,,13.0,5.0,18.0,11.0,0.0,2.0,10.0,11.0,21.0,2.0,0.0,3.0,0.0,6.0,83.3,2.0,1.0,1.0,94.0,3.0,0.0,100.0,12.8,,,4.0,14.0,0.0,1.0,,,,6.0,238.0,0.0,0.0,0.0,11.0,84.6,2.6,15.0,0.0,5.0,47.6,0.0,0.0,0.0,3.0,0.0,3.0,5.0,4.0,3.0,0.0,4.0,0.0,0.0,0.0,0.0,0.0,0.0,1.0,0.0,CD_I1015781,False,30.0,Charlie,Comben,home,North Melbourne
CD_M20260140107,2026-03-15T02:10:00.000+0000,CONCLUDED,Premiership,Round 1,1,Marvel Stadium,North Melbourne,North Melbourne,Port Adelaide,Port Adelaide,25.0,"https://s.afl.com.au/staticfile/AFL Tenant/AFL/Players/ChampIDImages/AFL/2026014/1002947.png?im=Scale,width=0.6,height=0.6",HFFL,CD_I1002947,False,25.0,Paul,Curtis,CD_T100,,79.0,1.0,3.0,,6.0,1.0,7.0,4.0,0.0,1.0,6.0,3.0,9.0,0.0,4.0,2.0,0.0,0.0,42.9,0.0,2.0,0.0,47.0,0.0,0.0,20.0,2.4,,,1.0,1.0,0.0,5.0,,,,6.0,165.0,0.0,0.0,0.0,2.0,33.3,6.0,3.0,0.0,0.0,66.7,0.0,0.0,0.0,2.0,1.0,1.0,10.0,0.0,0.0,0.0,0.0,0.0,0.0,0.0,0.0,0.0,0.0,0.0,0.0,CD_I1002947,False,25.0,Paul,Curtis,home,North Melbourne
CD_M20260140107,2026-03-15T02:10:00.000+0000,CONCLUDED,Premiership,Round 1,1,Marvel Stadium,North Melbourne,North Melbourne,Port Adelaide,Port Adelaide,5.0,"https://s.afl.com.au/staticfile/AFL Tenant/AFL/Players/ChampIDImages/AFL/2026014/295136.png?im=Scale,width=0.6,height=0.6",CHB,CD_I295136,False,5.0,Caleb,Daniel,CD_T100,,78.0,0.0,0.0,,17.0,6.0,23.0,7.0,1.0,0.0,3.0,19.0,22.0,2.0,0.0,0.0,0.0,3.0,91.3,3.0,0.0,1.0,81.0,5.0,0.0,0.0,8.5,,,3.0,2.0,0.0,0.0,,,,6.0,361.0,1.0,1.0,2.0,15.0,88.2,2.8,21.0,0.0,1.0,13.6,0.0,0.0,0.0,2.0,0.0,3.0,6.0,3.0,2.0,0.0,1.0,1.0,100.0,0.0,0.0,0.0,0.0,4.0,3.0,CD_I295136,False,5.0,Caleb,Daniel,home,North Melbourne
CD_M20260140107,2026-03-15T02:10:00.000+0000,CONCLUDED,Premiership,Round 1,1,Marvel Stadium,North Melbourne,North Melbourne,Port Adelaide,Port Adelaide,27.0,"https://s.afl.com.au/staticfile/AFL Tenant/AFL/Players/ChampIDImages/AFL/2026014/290838.png?im=Scale,width=0.6,height=0.6",INT,CD_I290838,False,27.0,Jack,Darling,CD_T100,,61.0,1.0,0.0,,9.0,3.0,12.0,7.0,0.0,4.0,8.0,4.0,12.0,3.0,0.0,3.0,3.0,2.0,83.3,3.0,1.0,2.0,74.0,0.0,3.0,100.0,14.6,,,3.0,1.0,3.0,1.0,,,,6.0,196.0,0.0,2.0,2.0,9.0,100.0,3.0,10.0,1.0,1.0,66.7,2.0,25.0,66.7,2.0,2.0,3.0,8.0,4.0,2.0,12.0,0.0,0.0,0.0,3.0,1.0,33.3,0.0,0.0,0.0,CD_I290838,False,27.0,Jack,Darling,home,North Melbourne
CD_M20260140107,2026-03-15T02:10:00.000+0000,CONCLUDED,Premiership,Round 1,1,Marvel Stadium,North Melbourne,North Melbourne,Port Adelaide,Port Adelaide,9.0,"https://s.afl.com.au/staticfile/AFL Tenant/AFL/Players/ChampIDImages/AFL/2026014/1002267.png?im=Scale,width=0.6,height=0.6",RR,CD_I1002267,False,9.0,Luke,Davies-Uniacke,CD_T100,,85.0,0.0,1.0,,15.0,9.0,24.0,6.0,0.0,5.0,10.0,12.0,22.0,5.0,0.0,0.0,0.0,0.0,79.2,6.0,1.0,3.0,94.0,2.0,0.0,0.0,9.0,,,5.0,2.0,0.0,1.0,,,,7.0,476.0,3.0,3.0,6.0,10.0,66.7,1.7,19.0,1.0,1.0,45.5,0.0,0.0,0.0,8.0,0.0,4.0,18.0,7.0,0.0,0.0,0.0,0.0,0.0,0.0,0.0,0.0,26.0,0.0,0.0,CD_I1002267,False,9.0,Luke,Davies-Uniacke,home,North Melbourne
CD_M20260140107,2026-03-15T02:10:00.000+0000,CONCLUDED,Premiership,Round 1,1,Marvel Stadium,North Melbourne,North Melbourne,Port Adelaide,Port Adelaide,1.0,"https://s.afl.com.au/staticfile/AFL Tenant/AFL/Players/ChampIDImages/AFL/2026014/1033060.png?im=Scale,width=0.6,height=0.6",INT,CD_I1033060,False,1.0,Lachy,Dovaston,CD_T100,,61.0,0.0,0.0,,8.0,2.0,10.0,5.0,0.0,3.0,4.0,5.0,9.0,6.0,0.0,0.0,0.0,0.0,80.0,1.0,1.0,0.0,56.0,0.0,1.0,0.0,5.7,,,2.0,3.0,1.0,0.0,,,,3.0,226.0,0.0,1.0,1.0,7.0,87.5,4.0,8.0,2.0,0.0,44.4,0.0,0.0,0.0,3.0,1.0,1.0,9.0,1.0,0.0,0.0,0.0,0.0,0.0,0.0,0.0,0.0,0.0,0.0,0.0,CD_I1033060,False,1.0,Lachy,Dovaston,home,North Melbourne
CD_M20260140107,2026-03-15T02:10:00.000+0000,CONCLUDED,Premiership,Round 1,1,Marvel Stadium,North Melbourne,North Melbourne,Port Adelaide,Port Adelaide,7.0,"https://s.afl.com.au/staticfile/AFL Tenant/AFL/Players/ChampIDImages/AFL/2026014/1023494.png?im=Scale,width=0.6,height=0.6",INT,CD_I1023494,False,7.0,Zane,Duursma,CD_T100,,69.0,1.0,0.0,,2.0,3.0,5.0,0.0,0.0,2.0,4.0,1.0,5.0,1.0,0.0,0.0,0.0,0.0,100.0,2.0,0.0,1.0,23.0,0.0,0.0,100.0,7.8,,,3.0,1.0,1.0,1.0,,,,2.0,70.0,0.0,1.0,1.0,2.0,100.0,0.7,5.0,0.0,0.0,80.0,0.0,0.0,0.0,3.0,2.0,1.0,11.0,2.0,0.0,0.0,0.0,0.0,0.0,1.0,0.0,0.0,0.0,0.0,0.0,CD_I1023494,False,7.0,Zane,Duursma,home,North Melbourne
CD_M20260140107,2026-03-15T02:10:00.000+0000,CONCLUDED,Premiership,Round 1,1,Marvel Stadium,North Melbourne,North Melbourne,Port Adelaide,Port Adelaide,41.0,"https://s.afl.com.au/staticfile/AFL Tenant/AFL/Players/ChampIDImages/AFL/2026014/1023530.png?im=Scale,width=0.6,height=0.6",HFFR,CD_I1023530,False,41.0,Jacob,Konstanty,CD_T100,,59.0,0.0,0.0,,2.0,4.0,6.0,1.0,0.0,2.0,6.0,2.0,8.0,1.0,0.0,0.0,0.0,2.0,83.3,2.0,1.0,1.0,23.0,0.0,0.0,0.0,5.5,,,2.0,1.0,1.0,0.0,,,,0.0,85.0,0.0,1.0,1.0,2.0,100.0,0.5,5.0,1.0,0.0,75.0,0.0,0.0,0.0,4.0,1.0,0.0,10.0,7.0,1.0,0.0,0.0,0.0,0.0,0.0,0.0,0.0,0.0,0.0,0.0,CD_I1023530,False,41.0,Jacob,Konstanty,home,North Melbourne
CD_M20260140107,2026-03-15T02:10:00.000+0000,CONCLUDED,Premiership,Round 1,1,Marvel Stadium,North Melbourne,North Melbourne,Port Adelaide,Port Adelaide,20.0,"https://s.afl.com.au/staticfile/AFL Tenant/AFL/Players/ChampIDImages/AFL/2026014/1001017.png?im=Scale,width=0.6,height=0.6",FF,CD_I1001017,False,20.0,Nick,Larkey,CD_T100,,84.0,4.0,0.0,,5.0,2.0,7.0,2.0,0.0,1.0,6.0,2.0,8.0,0.0,1.0,1.0,0.0,0.0,85.7,2.0,2.0,1.0,52.0,0.0,0.0,100.0,12.9,,,2.0,0.0,1.0,4.0,,,,5.0,75.0,0.0,0.0,0.0,5.0,100.0,2.5,6.0,1.0,0.0,75.0,0.0,0.0,0.0,4.0,3.0,0.0,4.0,0.0,0.0,0.0,0.0,0.0,0.0,4.0,2.0,50.0,0.0,0.0,0.0,CD_I1001017,False,20.0,Nick,Larkey,home,North Melbourne
CD_M20260140107,2026-03-15T02:10:00.000+0000,CONCLUDED,Premiership,Round 1,1,Marvel Stadium,North Melbourne,North Melbourne,Port Adelaide,Port Adelaide,19.0,"https://s.afl.com.au/staticfile/AFL Tenant/AFL/Players/ChampIDImages/AFL/2026014/997933.png?im=Scale,width=0.6,height=0.6",FB,CD_I997933,False,19.0,Griffin,Logue,CD_T100,,87.0,0.0,0.0,,11.0,3.0,14.0,8.0,0.0,0.0,4.0,10.0,14.0,1.0,0.0,0.0,0.0,6.0,71.4,5.0,1.0,3.0,55.0,3.0,0.0,0.0,0.9,,,3.0,5.0,0.0,0.0,,,,4.0,232.0,0.0,0.0,0.0,8.0,72.7,3.7,10.0,0.0,0.0,28.6,0.0,0.0,0.0,2.0,0.0,1.0,1.0,1.0,5.0,0.0,1.0,1.0,100.0,0.0,0.0,0.0,0.0,1.0,0.0,CD_I997933,False,19.0,Griffin,Logue,home,North Melbourne
CD_M20260140107,2026-03-15T02:10:00.000+0000,CONCLUDED,Premiership,Round 1,1,Marvel Stadium,North Melbourne,North Melbourne,Port Adelaide,Port Adelaide,11.0,"https://s.afl.com.au/staticfile/AFL Tenant/AFL/Players/ChampIDImages/AFL/2026014/296355.png?im=Scale,width=0.6,height=0.6",INT,CD_I296355,False,11.0,Luke,McDonald,CD_T100,,82.0,0.0,0.0,,14.0,6.0,20.0,9.0,0.0,1.0,2.0,18.0,20.0,2.0,0.0,0.0,0.0,3.0,90.0,6.0,0.0,2.0,79.0,2.0,0.0,0.0,4.0,,,4.0,2.0,0.0,0.0,,,,4.0,338.0,0.0,1.0,1.0,12.0,85.7,2.3,18.0,0.0,2.0,10.0,0.0,0.0,0.0,2.0,0.0,0.0,6.0,4.0,2.0,0.0,1.0,0.0,0.0,0.0,0.0,0.0,0.0,2.0,1.0,CD_I296355,False,11.0,Luke,McDonald,home,North Melbourne
CD_M20260140107,2026-03-15T02:10:00.000+0000,CONCLUDED,Premiership,Round 1,1,Marvel Stadium,North Melbourne,North Melbourne,Port Adelaide,Port Adelaide,10.0,"https://s.afl.com.au/staticfile/AFL Tenant/AFL/Players/ChampIDImages/AFL/2026014/1024272.png?im=Scale,width=0.6,height=0.6",INT,CD_I1024272,False,10.0,Colby,McKercher,CD_T100,,64.0,1.0,0.0,,4.0,7.0,11.0,0.0,2.0,2.0,3.0,8.0,11.0,2.0,0.0,0.0,0.0,0.0,90.9,1.0,0.0,0.0,40.0,0.0,0.0,100.0,8.8,,,1.0,1.0,1.0,1.0,,,,3.0,142.0,0.0,0.0,0.0,3.0,75.0,0.6,10.0,0.0,0.0,27.3,0.0,0.0,0.0,3.0,0.0,0.0,12.0,8.0,0.0,0.0,0.0,0.0,0.0,0.0,0.0,0.0,9.0,0.0,0.0,CD_I1024272,False,10.0,Colby,McKercher,home,North Melbourne
CD_M20260140107,2026-03-15T02:10:00.000+0000,CONCLUDED,Premiership,Round 1,1,Marvel Stadium,North Melbourne,North Melbourne,Port Adelaide,Port Adelaide,2.0,"https://s.afl.com.au/staticfile/AFL Tenant/AFL/Players/ChampIDImages/AFL/2026014/1028495.png?im=Scale,width=0.6,height=0.6",HBFL,CD_I1028495,False,2.0,Finn,O'Sullivan,CD_T100,,85.0,0.0,0.0,,6.0,9.0,15.0,5.0,0.0,4.0,8.0,7.0,15.0,2.0,0.0,0.0,0.0,2.0,86.7,0.0,0.0,0.0,67.0,0.0,0.0,0.0,11.3,,,1.0,0.0,1.0,0.0,,,,4.0,74.0,2.0,4.0,6.0,5.0,83.3,0.7,13.0,1.0,0.0,53.3,0.0,0.0,0.0,6.0,0.0,0.0,17.0,10.0,0.0,0.0,0.0,0.0,0.0,0.0,0.0,0.0,26.0,0.0,0.0,CD_I1028495,False,2.0,Finn,O'Sullivan,home,North Melbourne
CD_M20260140107,2026-03-15T02:10:00.000+0000,CONCLUDED,Premiership,Round 1,1,Marvel Stadium,North Melbourne,North Melbourne,Port Adelaide,Port Adelaide,26.0,"https://s.afl.com.au/staticfile/AFL Tenant/AFL/Players/ChampIDImages/AFL/2026014/290778.png?im=Scale,width=0.6,height=0.6",FPR,CD_I290778,False,26.0,Luke,Parker,CD_T100,,87.0,1.0,0.0,,13.0,11.0,24.0,8.0,1.0,2.0,4.0,17.0,21.0,1.0,1.0,2.0,0.0,1.0,100.0,1.0,1.0,0.0,100.0,8.0,1.0,100.0,15.5,,,0.0,4.0,0.0,1.0,,,,4.0,252.0,0.0,2.0,2.0,13.0,100.0,1.2,24.0,1.0,2.0,19.0,0.0,0.0,0.0,1.0,0.0,1.0,8.0,6.0,1.0,0.0,0.0,0.0,0.0,0.0,0.0,0.0,1.0,3.0,3.0,CD_I290778,False,26.0,Luke,Parker,home,North Melbourne
CD_M20260140107,2026-03-15T02:10:00.000+0000,CONCLUDED,Premiership,Round 1,1,Marvel Stadium,North Melbourne,North Melbourne,Port Adelaide,Port Adelaide,32.0,"https://s.afl.com.au/staticfile/AFL Tenant/AFL/Players/ChampIDImages/AFL/2026014/1002138.png?im=Scale,width=0.6,height=0.6",BPL,CD_I1002138,False,32.0,Toby,Pink,CD_T100,,91.0,0.0,0.0,,10.0,5.0,15.0,7.0,0.0,1.0,2.0,12.0,14.0,3.0,0.0,0.0,0.0,3.0,93.3,0.0,0.0,0.0,65.0,1.0,0.0,0.0,6.4,,,4.0,4.0,0.0,0.0,,,,2.0,376.0,0.0,0.0,0.0,10.0,100.0,2.0,14.0,0.0,1.0,14.3,0.0,0.0,0.0,2.0,0.0,0.0,2.0,2.0,3.0,0.0,0.0,0.0,0.0,0.0,0.0,0.0,0.0,0.0,0.0,CD_I1002138,False,32.0,Toby,Pink,home,North Melbourne
CD_M20260140107,2026-03-15T02:10:00.000+0000,CONCLUDED,Premiership,Round 1,1,Marvel Stadium,North Melbourne,North Melbourne,Port Adelaide,Port Adelaide,24.0,"https://s.afl.com.au/staticfile/AFL Tenant/AFL/Players/ChampIDImages/AFL/2026014/1011659.png?im=Scale,width=0.6,height=0.6",C,CD_I1011659,False,24.0,Tom,Powell,CD_T100,,74.0,0.0,1.0,,15.0,5.0,20.0,3.0,0.0,1.0,7.0,12.0,19.0,3.0,1.0,0.0,0.0,1.0,75.0,1.0,1.0,0.0,70.0,0.0,1.0,0.0,10.8,,,2.0,4.0,0.0,1.0,,,,4.0,337.0,1.0,3.0,4.0,11.0,73.3,3.0,15.0,0.0,1.0,36.8,0.0,0.0,0.0,6.0,0.0,1.0,9.0,2.0,0.0,0.0,0.0,0.0,0.0,0.0,0.0,0.0,9.0,0.0,0.0,CD_I1011659,False,24.0,Tom,Powell,home,North Melbourne
CD_M20260140107,2026-03-15T02:10:00.000+0000,CONCLUDED,Premiership,Round 1,1,Marvel Stadium,North Melbourne,North Melbourne,Port Adelaide,Port Adelaide,3.0,"https://s.afl.com.au/staticfile/AFL Tenant/AFL/Players/ChampIDImages/AFL/2026014/1023518.png?im=Scale,width=0.6,height=0.6",R,CD_I1023518,False,3.0,Harry,Sheezel,CD_T100,,79.0,0.0,0.0,,18.0,13.0,31.0,8.0,0.0,5.0,7.0,23.0,30.0,5.0,0.0,0.0,0.0,0.0,74.2,4.0,0.0,2.0,118.0,4.0,1.0,0.0,8.3,,,6.0,1.0,0.0,0.0,,,,8.0,447.0,2.0,3.0,5.0,14.0,77.8,1.4,23.0,2.0,1.0,23.3,0.0,0.0,0.0,5.0,0.0,1.0,12.0,4.0,0.0,0.0,0.0,0.0,0.0,0.0,0.0,0.0,19.0,0.0,0.0,CD_I1023518,False,3.0,Harry,Sheezel,home,North Melbourne
CD_M20260140107,2026-03-15T02:10:00.000+0000,CONCLUDED,Premiership,Round 1,1,Marvel Stadium,North Melbourne,North Melbourne,Port Adelaide,Port Adelaide,12.0,"https://s.afl.com.au/staticfile/AFL Tenant/AFL/Players/ChampIDImages/AFL/2026014/993998.png?im=Scale,width=0.6,height=0.6",WL,CD_I993998,False,12.0,Jy,Simpkin,CD_T100,,88.0,1.0,0.0,,11.0,6.0,17.0,3.0,1.0,3.0,7.0,11.0,18.0,2.0,0.0,0.0,0.0,0.0,76.5,1.0,2.0,1.0,71.0,3.0,0.0,100.0,16.1,,,1.0,5.0,0.0,1.0,,,,7.0,254.0,0.0,3.0,3.0,7.0,63.6,1.8,13.0,0.0,2.0,38.9,0.0,0.0,0.0,4.0,1.0,2.0,9.0,3.0,0.0,0.0,0.0,0.0,0.0,0.0,0.0,0.0,0.0,0.0,0.0,CD_I993998,False,12.0,Jy,Simpkin,home,North Melbourne
CD_M20260140107,2026-03-15T02:10:00.000+0000,CONCLUDED,Premiership,Round 1,1,Marvel Stadium,North Melbourne,North Melbourne,Port Adelaide,Port Adelaide,15.0,"https://s.afl.com.au/staticfile/AFL Tenant/AFL/Players/ChampIDImages/AFL/2026014/1004848.png?im=Scale,width=0.6,height=0.6",WR,CD_I1004848,False,15.0,Dylan,Stephens,CD_T100,,91.0,1.0,1.0,,20.0,9.0,29.0,11.0,0.0,4.0,4.0,26.0,30.0,5.0,0.0,0.0,0.0,1.0,75.9,2.0,1.0,0.0,135.0,2.0,0.0,50.0,9.2,,,4.0,3.0,0.0,2.0,,,,9.0,536.0,0.0,1.0,1.0,13.0,65.0,2.2,22.0,0.0,0.0,13.3,0.0,0.0,0.0,3.0,0.0,2.0,9.0,7.0,0.0,0.0,0.0,0.0,0.0,0.0,0.0,0.0,0.0,0.0,0.0,CD_I1004848,False,15.0,Dylan,Stephens,home,North Melbourne
CD_M20260140107,2026-03-15T02:10:00.000+0000,CONCLUDED,Premiership,Round 1,1,Marvel Stadium,North Melbourne,North Melbourne,Port Adelaide,Port Adelaide,47.0,"https://s.afl.com.au/staticfile/AFL Tenant/AFL/Players/ChampIDImages/AFL/2026014/1031988.png?im=Scale,width=0.6,height=0.6",CHF,CD_I1031988,False,47.0,Cooper,Trembath,CD_T100,,71.0,3.0,1.0,,7.0,2.0,9.0,4.0,0.0,1.0,5.0,4.0,9.0,1.0,3.0,1.0,2.0,1.0,77.8,1.0,3.0,1.0,62.0,0.0,0.0,75.0,10.2,,,2.0,0.0,1.0,4.0,,,,4.0,173.0,0.0,0.0,0.0,5.0,71.4,3.5,7.0,1.0,0.0,55.6,0.0,50.0,0.0,1.0,1.0,0.0,7.0,1.0,0.0,4.0,0.0,0.0,0.0,2.0,0.0,0.0,4.0,0.0,0.0,CD_I1031988,False,47.0,Cooper,Trembath,home,North Melbourne
CD_M20260140107,2026-03-15T02:10:00.000+0000,CONCLUDED,Premiership,Round 1,1,Marvel Stadium,North Melbourne,North Melbourne,Port Adelaide,Port Adelaide,38.0,"https://s.afl.com.au/staticfile/AFL Tenant/AFL/Players/ChampIDImages/AFL/2026014/1004965.png?im=Scale,width=0.6,height=0.6",RK,CD_I1004965,False,38.0,Tristan,Xerri,CD_T100,,80.0,0.0,0.0,,4.0,15.0,19.0,1.0,0.0,10.0,16.0,4.0,20.0,3.0,0.0,0.0,16.0,1.0,63.2,4.0,1.0,2.0,96.0,0.0,0.0,0.0,15.2,,,1.0,3.0,0.0,0.0,,,,4.0,123.0,3.0,2.0,5.0,2.0,50.0,0.3,12.0,0.0,0.0,80.0,5.0,22.5,31.3,9.0,2.0,2.0,14.0,5.0,1.0,71.0,1.0,0.0,0.0,0.0,0.0,0.0,26.0,0.0,0.0,CD_I1004965,False,38.0,Tristan,Xerri,home,North Melbourne
CD_M20260140107,2026-03-15T02:10:00.000+0000,CONCLUDED,Premiership,Round 1,1,Marvel Stadium,North Melbourne,North Melbourne,Port Adelaide,Port Adelaide,44.0,"https://s.afl.com.au/staticfile/AFL Tenant/AFL/Players/ChampIDImages/AFL/2026014/998484.png?im=Scale,width=0.6,height=0.6",FPL,CD_I998484,False,44.0,Cameron,Zurhaar,CD_T100,,71.0,2.0,3.0,,8.0,3.0,11.0,4.0,0.0,3.0,3.0,8.0,11.0,0.0,3.0,0.0,0.0,1.0,45.5,2.0,2.0,0.0,71.0,0.0,1.0,33.3,0.5,,,2.0,2.0,2.0,6.0,,,,7.0,168.0,0.0,0.0,0.0,2.0,25.0,2.7,5.0,2.0,0.0,27.3,0.0,0.0,0.0,1.0,0.0,2.0,11.0,6.0,1.0,0.0,0.0,0.0,0.0,1.0,0.0,0.0,0.0,0.0,0.0,CD_I998484,False,44.0,Cameron,Zurhaar,home,North Melbourne
CD_M20260140107,2026-03-15T02:10:00.000+0000,CONCLUDED,Premiership,Round 1,1,Marvel Stadium,North Melbourne,North Melbourne,Port Adelaide,Port Adelaide,21.0,"https://s.afl.com.au/staticfile/AFL Tenant/AFL/Players/ChampIDImages/AFL/2026014/294469.png?im=Scale,width=0.6,height=0.6",CHB,CD_I294469,False,21.0,Aliir,Aliir,CD_T110,,100.0,0.0,0.0,,10.0,5.0,15.0,5.0,0.0,1.0,6.0,10.0,16.0,0.0,0.0,0.0,0.0,5.0,80.0,5.0,2.0,2.0,55.0,2.0,0.0,0.0,6.6,,,3.0,7.0,0.0,0.0,,,,4.0,204.0,0.0,0.0,0.0,7.0,70.0,2.0,12.0,0.0,0.0,37.5,0.0,0.0,0.0,3.0,0.0,3.0,6.0,6.0,4.0,0.0,1.0,1.0,100.0,0.0,0.0,0.0,0.0,0.0,0.0,CD_I294469,False,21.0,Aliir,Aliir,away,Port Adelaide
CD_M20260140107,2026-03-15T02:10:00.000+0000,CONCLUDED,Premiership,Round 1,1,Marvel Stadium,North Melbourne,North Melbourne,Port Adelaide,Port Adelaide,14.0,"https://s.afl.com.au/staticfile/AFL Tenant/AFL/Players/ChampIDImages/AFL/2026014/1009191.png?im=Scale,width=0.6,height=0.6",INT,CD_I1009191,False,14.0,Miles,Bergman,CD_T110,,79.0,1.0,2.0,,7.0,5.0,12.0,3.0,0.0,2.0,7.0,5.0,12.0,2.0,1.0,1.0,0.0,0.0,50.0,2.0,2.0,2.0,52.0,1.0,0.0,33.3,6.8,,,4.0,5.0,1.0,3.0,,,,5.0,281.0,2.0,0.0,2.0,4.0,57.1,1.4,6.0,0.0,0.0,58.3,0.0,0.0,0.0,4.0,0.0,2.0,10.0,8.0,0.0,0.0,0.0,0.0,0.0,0.0,0.0,0.0,10.0,0.0,0.0,CD_I1009191,False,14.0,Miles,Bergman,away,Port Adelaide
CD_M20260140107,2026-03-15T02:10:00.000+0000,CONCLUDED,Premiership,Round 1,1,Marvel Stadium,North Melbourne,North Melbourne,Port Adelaide,Port Adelaide,5.0,"https://s.afl.com.au/staticfile/AFL Tenant/AFL/Players/ChampIDImages/AFL/2026014/1028529.png?im=Scale,width=0.6,height=0.6",HFFR,CD_I1028529,False,5.0,Joe,Berry,CD_T110,,70.0,0.0,0.0,,7.0,4.0,11.0,1.0,0.0,2.0,5.0,6.0,11.0,6.0,0.0,0.0,0.0,0.0,54.5,2.0,2.0,1.0,39.0,0.0,1.0,0.0,4.6,,,3.0,0.0,1.0,1.0,,,,2.0,285.0,1.0,0.0,1.0,4.0,57.1,1.8,6.0,0.0,0.0,45.5,0.0,0.0,0.0,3.0,1.0,0.0,17.0,5.0,0.0,0.0,0.0,0.0,0.0,0.0,0.0,0.0,0.0,0.0,0.0,CD_I1028529,False,5.0,Joe,Berry,away,Port Adelaide
CD_M20260140107,2026-03-15T02:10:00.000+0000,CONCLUDED,Premiership,Round 1,1,Marvel Stadium,North Melbourne,North Melbourne,Port Adelaide,Port Adelaide,7.0,"https://s.afl.com.au/staticfile/AFL Tenant/AFL/Players/ChampIDImages/AFL/2026014/1013462.png?im=Scale,width=0.6,height=0.6",INT,CD_I1013462,False,7.0,Jase,Burgoyne,CD_T110,,85.0,0.0,0.0,,7.0,10.0,17.0,5.0,0.0,3.0,4.0,10.0,14.0,1.0,0.0,0.0,0.0,2.0,94.1,0.0,1.0,0.0,69.0,0.0,1.0,0.0,8.6,,,0.0,3.0,0.0,0.0,,,,6.0,54.0,0.0,0.0,0.0,6.0,85.7,0.7,16.0,1.0,0.0,28.6,0.0,0.0,0.0,4.0,0.0,0.0,7.0,4.0,2.0,0.0,0.0,0.0,0.0,0.0,0.0,0.0,2.0,0.0,0.0,CD_I1013462,False,7.0,Jase,Burgoyne,away,Port Adelaide
CD_M20260140107,2026-03-15T02:10:00.000+0000,CONCLUDED,Premiership,Round 1,1,Marvel Stadium,North Melbourne,North Melbourne,Port Adelaide,Port Adelaide,9.0,"https://s.afl.com.au/staticfile/AFL Tenant/AFL/Players/ChampIDImages/AFL/2026014/1006121.png?im=Scale,width=0.6,height=0.6",RR,CD_I1006121,False,9.0,Zak,Butters,CD_T110,,82.0,0.0,2.0,,14.0,9.0,23.0,0.0,0.0,7.0,11.0,11.0,22.0,5.0,0.0,0.0,0.0,1.0,65.2,2.0,2.0,0.0,92.0,1.0,0.0,0.0,16.2,,,5.0,1.0,0.0,2.0,,,,4.0,289.0,3.0,6.0,9.0,6.0,42.9,1.6,15.0,0.0,0.0,50.0,0.0,0.0,0.0,5.0,0.0,0.0,19.0,9.0,0.0,0.0,0.0,0.0,0.0,0.0,0.0,0.0,25.0,0.0,0.0,CD_I1006121,False,9.0,Zak,Butters,away,Port Adelaide
CD_M20260140107,2026-03-15T02:10:00.000+0000,CONCLUDED,Premiership,Round 1,1,Marvel Stadium,North Melbourne,North Melbourne,Port Adelaide,Port Adelaide,33.0,"https://s.afl.com.au/staticfile/AFL Tenant/AFL/Players/ChampIDImages/AFL/2026014/991930.png?im=Scale,width=0.6,height=0.6",FPL,CD_I991930,False,33.0,Darcy,Byrne-Jones,CD_T110,,77.0,1.0,1.0,,6.0,1.0,7.0,2.0,0.0,5.0,3.0,3.0,6.0,0.0,0.0,1.0,0.0,2.0,57.1,2.0,0.0,0.0,53.0,0.0,1.0,50.0,6.6,,,1.0,0.0,3.0,2.0,,,,5.0,157.0,0.0,1.0,1.0,3.0,50.0,6.0,4.0,0.0,0.0,50.0,0.0,0.0,0.0,2.0,1.0,1.0,21.0,3.0,2.0,0.0,0.0,0.0,0.0,0.0,0.0,0.0,0.0,0.0,0.0,CD_I991930,False,33.0,Darcy,Byrne-Jones,away,Port Adelaide
CD_M20260140107,2026-03-15T02:10:00.000+0000,CONCLUDED,Premiership,Round 1,1,Marvel Stadium,North Melbourne,North Melbourne,Port Adelaide,Port Adelaide,28.0,"https://s.afl.com.au/staticfile/AFL Tenant/AFL/Players/ChampIDImages/AFL/2026014/1000972.png?im=Scale,width=0.6,height=0.6",R,CD_I1000972,False,28.0,Willem,Drew,CD_T110,,72.0,0.0,0.0,,11.0,10.0,21.0,2.0,0.0,4.0,9.0,11.0,20.0,7.0,0.0,0.0,0.0,0.0,61.9,2.0,3.0,0.0,78.0,0.0,1.0,0.0,9.9,,,5.0,3.0,0.0,0.0,,,,4.0,380.0,1.0,3.0,4.0,7.0,63.6,1.1,13.0,0.0,0.0,45.0,0.0,0.0,0.0,4.0,1.0,0.0,15.0,5.0,0.0,0.0,0.0,0.0,0.0,0.0,0.0,0.0,21.0,0.0,0.0,CD_I1000972,False,28.0,Willem,Drew,away,Port Adelaide
CD_M20260140107,2026-03-15T02:10:00.000+0000,CONCLUDED,Premiership,Round 1,1,Marvel Stadium,North Melbourne,North Melbourne,Port Adelaide,Port Adelaide,44.0,"https://s.afl.com.au/staticfile/AFL Tenant/AFL/Players/ChampIDImages/AFL/2026014/1008510.png?im=Scale,width=0.6,height=0.6",INT,CD_I1008510,False,44.0,Corey,Durdin,CD_T110,,55.0,2.0,2.0,,6.0,1.0,7.0,5.0,0.0,1.0,1.0,6.0,7.0,2.0,3.0,0.0,0.0,0.0,57.1,0.0,0.0,0.0,53.0,0.0,0.0,50.0,4.0,,,1.0,0.0,1.0,4.0,,,,5.0,197.0,0.0,0.0,0.0,3.0,50.0,6.0,4.0,0.0,0.0,14.3,0.0,0.0,0.0,1.0,1.0,0.0,7.0,4.0,0.0,0.0,0.0,0.0,0.0,0.0,0.0,0.0,0.0,0.0,0.0,CD_I1008510,False,44.0,Corey,Durdin,away,Port Adelaide
CD_M20260140107,2026-03-15T02:10:00.000+0000,CONCLUDED,Premiership,Round 1,1,Marvel Stadium,North Melbourne,North Melbourne,Port Adelaide,Port Adelaide,22.0,"https://s.afl.com.au/staticfile/AFL Tenant/AFL/Players/ChampIDImages/AFL/2026014/1019938.png?im=Scale,width=0.6,height=0.6",HBFL,CD_I1019938,False,22.0,Logan,Evans,CD_T110,,87.0,0.0,0.0,,14.0,2.0,16.0,3.0,0.0,1.0,3.0,11.0,14.0,0.0,0.0,0.0,0.0,5.0,68.8,4.0,1.0,2.0,54.0,7.0,0.0,0.0,0.8,,,5.0,3.0,0.0,0.0,,,,5.0,293.0,0.0,1.0,1.0,9.0,64.3,7.0,11.0,0.0,0.0,21.4,0.0,0.0,0.0,2.0,0.0,3.0,5.0,4.0,5.0,0.0,2.0,1.0,50.0,0.0,0.0,0.0,0.0,3.0,3.0,CD_I1019938,False,22.0,Logan,Evans,away,Port Adelaide
CD_M20260140107,2026-03-15T02:10:00.000+0000,CONCLUDED,Premiership,Round 1,1,Marvel Stadium,North Melbourne,North Melbourne,Port Adelaide,Port Adelaide,6.0,"https://s.afl.com.au/staticfile/AFL Tenant/AFL/Players/ChampIDImages/AFL/2026014/1002253.png?im=Scale,width=0.6,height=0.6",HBFR,CD_I1002253,False,6.0,Kane,Farrell,CD_T110,,81.0,0.0,0.0,,11.0,6.0,17.0,6.0,1.0,1.0,3.0,12.0,15.0,1.0,0.0,0.0,0.0,4.0,70.6,2.0,0.0,1.0,64.0,4.0,0.0,0.0,3.4,,,5.0,1.0,0.0,0.0,,,,4.0,414.0,0.0,1.0,1.0,7.0,63.6,1.8,12.0,1.0,0.0,20.0,0.0,0.0,0.0,3.0,0.0,1.0,5.0,5.0,4.0,0.0,0.0,0.0,0.0,0.0,0.0,0.0,0.0,2.0,2.0,CD_I1002253,False,6.0,Kane,Farrell,away,Port Adelaide
CD_M20260140107,2026-03-15T02:10:00.000+0000,CONCLUDED,Premiership,Round 1,1,Marvel Stadium,North Melbourne,North Melbourne,Port Adelaide,Port Adelaide,19.0,"https://s.afl.com.au/staticfile/AFL Tenant/AFL/Players/ChampIDImages/AFL/2026014/1010174.png?im=Scale,width=0.6,height=0.6",CHF,CD_I1010174,False,19.0,Mitch,Georgiades,CD_T110,,90.0,3.0,1.0,,6.0,2.0,8.0,3.0,0.0,0.0,5.0,4.0,9.0,1.0,2.0,1.0,0.0,3.0,75.0,4.0,2.0,1.0,49.0,0.0,0.0,75.0,6.9,,,3.0,0.0,0.0,4.0,,,,6.0,117.0,0.0,0.0,0.0,4.0,66.7,3.0,6.0,0.0,0.0,55.6,0.0,0.0,0.0,2.0,1.0,0.0,3.0,1.0,3.0,0.0,0.0,0.0,0.0,1.0,1.0,100.0,0.0,0.0,0.0,CD_I1010174,False,19.0,Mitch,Georgiades,away,Port Adelaide
CD_M20260140107,2026-03-15T02:10:00.000+0000,CONCLUDED,Premiership,Round 1,1,Marvel Stadium,North Melbourne,North Melbourne,Port Adelaide,Port Adelaide,18.0,"https://s.afl.com.au/staticfile/AFL Tenant/AFL/Players/ChampIDImages/AFL/2026014/1011640.png?im=Scale,width=0.6,height=0.6",HFFL,CD_I1011640,False,18.0,Jason,Horne-Francis,CD_T110,,74.0,0.0,1.0,,8.0,4.0,12.0,2.0,0.0,3.0,7.0,5.0,12.0,3.0,0.0,0.0,0.0,1.0,58.3,4.0,2.0,1.0,50.0,0.0,1.0,0.0,3.4,,,5.0,3.0,2.0,1.0,,,,2.0,160.0,2.0,1.0,3.0,5.0,62.5,2.0,7.0,0.0,0.0,58.3,0.0,0.0,0.0,2.0,0.0,2.0,16.0,2.0,0.0,0.0,0.0,0.0,0.0,1.0,0.0,0.0,8.0,0.0,0.0,CD_I1011640,False,18.0,Jason,Horne-Francis,away,Port Adelaide
CD_M20260140107,2026-03-15T02:10:00.000+0000,CONCLUDED,Premiership,Round 1,1,Marvel Stadium,North Melbourne,North Melbourne,Port Adelaide,Port Adelaide,34.0,"https://s.afl.com.au/staticfile/AFL Tenant/AFL/Players/ChampIDImages/AFL/2026014/1011583.png?im=Scale,width=0.6,height=0.6",BPL,CD_I1011583,False,34.0,Lachie,Jones,CD_T110,,84.0,0.0,0.0,,9.0,0.0,9.0,6.0,0.0,1.0,1.0,7.0,8.0,2.0,0.0,1.0,0.0,4.0,88.9,1.0,0.0,1.0,46.0,5.0,0.0,0.0,8.1,,,3.0,4.0,0.0,0.0,,,,3.0,317.0,0.0,0.0,0.0,8.0,88.9,9.0,8.0,1.0,2.0,12.5,0.0,0.0,0.0,0.0,0.0,1.0,5.0,4.0,3.0,0.0,0.0,0.0,0.0,0.0,0.0,0.0,0.0,1.0,1.0,CD_I1011583,False,34.0,Lachie,Jones,away,Port Adelaide
CD_M20260140107,2026-03-15T02:10:00.000+0000,CONCLUDED,Premiership,Round 1,1,Marvel Stadium,North Melbourne,North Melbourne,Port Adelaide,Port Adelaide,30.0,"https://s.afl.com.au/staticfile/AFL Tenant/AFL/Players/ChampIDImages/AFL/2026014/1012881.png?im=Scale,width=0.6,height=0.6",FF,CD_I1012881,False,30.0,Ollie,Lord,CD_T110,,79.0,0.0,1.0,,4.0,3.0,7.0,1.0,0.0,2.0,5.0,2.0,7.0,0.0,1.0,0.0,7.0,0.0,57.1,2.0,1.0,0.0,38.0,0.0,0.0,0.0,3.5,,,0.0,1.0,0.0,1.0,,,,2.0,22.0,1.0,0.0,1.0,2.0,50.0,1.3,4.0,1.0,0.0,71.4,3.0,38.9,42.9,4.0,2.0,1.0,19.0,8.0,0.0,18.0,1.0,0.0,0.0,1.0,0.0,0.0,5.0,0.0,0.0,CD_I1012881,False,30.0,Ollie,Lord,away,Port Adelaide
CD_M20260140107,2026-03-15T02:10:00.000+0000,CONCLUDED,Premiership,Round 1,1,Marvel Stadium,North Melbourne,North Melbourne,Port Adelaide,Port Adelaide,31.0,"https://s.afl.com.au/staticfile/AFL Tenant/AFL/Players/ChampIDImages/AFL/2026014/1027887.png?im=Scale,width=0.6,height=0.6",WL,CD_I1027887,False,31.0,Ewan,Mackinlay,CD_T110,,79.0,0.0,0.0,,7.0,6.0,13.0,0.0,0.0,3.0,8.0,6.0,14.0,1.0,0.0,0.0,0.0,0.0,69.2,3.0,0.0,0.0,45.0,1.0,0.0,0.0,9.5,,,3.0,3.0,0.0,0.0,,,,4.0,256.0,0.0,0.0,0.0,4.0,57.1,1.2,9.0,0.0,0.0,57.1,0.0,0.0,0.0,8.0,0.0,0.0,14.0,11.0,0.0,0.0,0.0,0.0,0.0,0.0,0.0,0.0,0.0,0.0,0.0,CD_I1027887,False,31.0,Ewan,Mackinlay,away,Port Adelaide
CD_M20260140107,2026-03-15T02:10:00.000+0000,CONCLUDED,Premiership,Round 1,1,Marvel Stadium,North Melbourne,North Melbourne,Port Adelaide,Port Adelaide,4.0,"https://s.afl.com.au/staticfile/AFL Tenant/AFL/Players/ChampIDImages/AFL/2026014/1004998.png?im=Scale,width=0.6,height=0.6",BPR,CD_I1004998,False,4.0,Todd,Marshall,CD_T110,,63.0,0.0,0.0,,9.0,5.0,14.0,3.0,0.0,0.0,6.0,6.0,12.0,0.0,0.0,1.0,0.0,3.0,85.7,2.0,0.0,1.0,43.0,3.0,0.0,0.0,5.2,,,2.0,8.0,0.0,0.0,,,,3.0,280.0,0.0,0.0,0.0,8.0,88.9,1.8,12.0,1.0,2.0,50.0,0.0,0.0,0.0,4.0,0.0,2.0,2.0,1.0,2.0,0.0,2.0,0.0,0.0,0.0,0.0,0.0,0.0,3.0,3.0,CD_I1004998,False,4.0,Todd,Marshall,away,Port Adelaide
CD_M20260140107,2026-03-15T02:10:00.000+0000,CONCLUDED,Premiership,Round 1,1,Marvel Stadium,North Melbourne,North Melbourne,Port Adelaide,Port Adelaide,27.0,"https://s.afl.com.au/staticfile/AFL Tenant/AFL/Players/ChampIDImages/AFL/2026014/1002220.png?im=Scale,width=0.6,height=0.6",FB,CD_I1002220,False,27.0,Esava,Ratugolea,CD_T110,,85.0,0.0,0.0,,4.0,4.0,8.0,3.0,0.0,0.0,6.0,1.0,7.0,0.0,0.0,2.0,0.0,5.0,100.0,2.0,0.0,1.0,26.0,3.0,0.0,0.0,9.4,,,1.0,7.0,0.0,0.0,,,,2.0,83.0,0.0,0.0,0.0,4.0,100.0,1.0,8.0,0.0,2.0,85.7,0.0,0.0,0.0,4.0,0.0,2.0,1.0,1.0,5.0,0.0,4.0,1.0,25.0,0.0,0.0,0.0,0.0,0.0,0.0,CD_I1002220,False,27.0,Esava,Ratugolea,away,Port Adelaide
CD_M20260140107,2026-03-15T02:10:00.000+0000,CONCLUDED,Premiership,Round 1,1,Marvel Stadium,North Melbourne,North Melbourne,Port Adelaide,Port Adelaide,35.0,"https://s.afl.com.au/staticfile/AFL Tenant/AFL/Players/ChampIDImages/AFL/2026014/1008239.png?im=Scale,width=0.6,height=0.6",FPR,CD_I1008239,False,35.0,Joe,Richards,CD_T110,,75.0,0.0,0.0,,11.0,3.0,14.0,6.0,0.0,2.0,2.0,12.0,14.0,5.0,0.0,0.0,0.0,0.0,78.6,3.0,0.0,1.0,62.0,0.0,2.0,0.0,4.5,,,3.0,2.0,1.0,0.0,,,,6.0,225.0,0.0,0.0,0.0,8.0,72.7,3.7,11.0,3.0,1.0,14.3,0.0,0.0,0.0,2.0,1.0,1.0,13.0,2.0,0.0,0.0,0.0,0.0,0.0,0.0,0.0,0.0,3.0,0.0,0.0,CD_I1008239,False,35.0,Joe,Richards,away,Port Adelaide
CD_M20260140107,2026-03-15T02:10:00.000+0000,CONCLUDED,Premiership,Round 1,1,Marvel Stadium,North Melbourne,North Melbourne,Port Adelaide,Port Adelaide,1.0,"https://s.afl.com.au/staticfile/AFL Tenant/AFL/Players/ChampIDImages/AFL/2026014/1001299.png?im=Scale,width=0.6,height=0.6",C,CD_I1001299,False,1.0,Connor,Rozee,CD_T110,,84.0,0.0,0.0,,13.0,11.0,24.0,7.0,0.0,3.0,8.0,16.0,24.0,4.0,0.0,0.0,0.0,3.0,75.0,5.0,1.0,2.0,89.0,3.0,0.0,0.0,3.7,,,4.0,5.0,0.0,0.0,,,,4.0,442.0,0.0,1.0,1.0,9.0,69.2,1.2,18.0,4.0,0.0,33.3,0.0,0.0,0.0,7.0,0.0,0.0,17.0,4.0,1.0,0.0,0.0,0.0,0.0,0.0,0.0,0.0,17.0,1.0,1.0,CD_I1001299,False,1.0,Connor,Rozee,away,Port Adelaide
CD_M20260140107,2026-03-15T02:10:00.000+0000,CONCLUDED,Premiership,Round 1,1,Marvel Stadium,North Melbourne,North Melbourne,Port Adelaide,Port Adelaide,38.0,"https://s.afl.com.au/staticfile/AFL Tenant/AFL/Players/ChampIDImages/AFL/2026014/1017128.png?im=Scale,width=0.6,height=0.6",RK,CD_I1017128,False,38.0,Dante,Visentini,CD_T110,,82.0,0.0,0.0,,4.0,2.0,6.0,1.0,0.0,6.0,1.0,3.0,4.0,2.0,0.0,0.0,30.0,4.0,66.7,5.0,1.0,2.0,68.0,1.0,0.0,0.0,3.8,,,0.0,0.0,1.0,0.0,,,,3.0,77.0,1.0,0.0,1.0,2.0,50.0,2.0,4.0,0.0,0.0,25.0,9.0,44.8,30.0,0.0,0.0,1.0,8.0,1.0,3.0,67.0,1.0,0.0,0.0,1.0,0.0,0.0,25.0,0.0,0.0,CD_I1017128,False,38.0,Dante,Visentini,away,Port Adelaide
CD_M20260140107,2026-03-15T02:10:00.000+0000,CONCLUDED,Premiership,Round 1,1,Marvel Stadium,North Melbourne,North Melbourne,Port Adelaide,Port Adelaide,37.0,"https://s.afl.com.au/staticfile/AFL Tenant/AFL/Players/ChampIDImages/AFL/2026014/1012002.png?im=Scale,width=0.6,height=0.6",INT,CD_I1012002,False,37.0,Jack,Watkins,CD_T110,,65.0,0.0,0.0,,7.0,3.0,10.0,5.0,0.0,2.0,4.0,7.0,11.0,4.0,1.0,2.0,0.0,1.0,50.0,1.0,0.0,1.0,47.0,0.0,1.0,0.0,3.8,,,1.0,1.0,0.0,1.0,,,,3.0,151.0,0.0,0.0,0.0,2.0,28.6,2.3,5.0,1.0,0.0,36.4,0.0,0.0,0.0,2.0,0.0,0.0,9.0,3.0,1.0,0.0,0.0,0.0,0.0,1.0,1.0,100.0,4.0,0.0,0.0,CD_I1012002,False,37.0,Jack,Watkins,away,Port Adelaide
CD_M20260140107,2026-03-15T02:10:00.000+0000,CONCLUDED,Premiership,Round 1,1,Marvel Stadium,North Melbourne,North Melbourne,Port Adelaide,Port Adelaide,15.0,"https://s.afl.com.au/staticfile/AFL Tenant/AFL/Players/ChampIDImages/AFL/2026014/1004530.png?im=Scale,width=0.6,height=0.6",WR,CD_I1004530,False,15.0,Jacob,Wehr,CD_T110,,83.0,0.0,0.0,,8.0,5.0,13.0,4.0,0.0,1.0,6.0,8.0,14.0,1.0,0.0,0.0,0.0,0.0,61.5,4.0,1.0,2.0,45.0,2.0,0.0,0.0,3.7,,,4.0,3.0,0.0,0.0,,,,3.0,252.0,1.0,2.0,3.0,4.0,50.0,1.6,8.0,0.0,1.0,42.9,0.0,0.0,0.0,5.0,0.0,1.0,9.0,1.0,0.0,0.0,0.0,0.0,0.0,0.0,0.0,0.0,0.0,0.0,0.0,CD_I1004530,False,15.0,Jacob,Wehr,away,Port Adelaide
CD_M20260140107,2026-03-15T02:10:00.000+0000,CONCLUDED,Premiership,Round 1,1,Marvel Stadium,North Melbourne,North Melbourne,Port Adelaide,Port Adelaide,17.0,"https://s.afl.com.au/staticfile/AFL Tenant/AFL/Players/ChampIDImages/AFL/2026014/1032053.png?im=Scale,width=0.6,height=0.6",INT,CD_I1032053,False,17.0,Jack,Whitlock,CD_T110,,71.0,2.0,1.0,,3.0,0.0,3.0,1.0,0.0,2.0,1.0,2.0,3.0,0.0,1.0,0.0,0.0,0.0,66.7,1.0,1.0,1.0,31.0,0.0,0.0,66.7,4.4,,,0.0,0.0,1.0,3.0,,,,3.0,79.0,0.0,1.0,1.0,2.0,66.7,3.0,2.0,1.0,0.0,33.3,0.0,0.0,0.0,0.0,0.0,1.0,12.0,5.0,0.0,1.0,0.0,0.0,0.0,3.0,0.0,0.0,0.0,0.0,0.0,CD_I1032053,False,17.0,Jack,Whitlock,away,Port Adelaide
CD_M20260140108,2026-03-15T04:15:00.000+0000,CONCLUDED,Premiership,Round 1,1,MCG,Melbourne,Melbourne,St Kilda,St Kilda,37.0,"https://s.afl.com.au/staticfile/AFL Tenant/AFL/Players/ChampIDImages/AFL/2026014/1005330.png?im=Scale,width=0.6,height=0.6",FPR,CD_I1005330,False,37.0,Kade,Chandler,CD_T90,,81.0,1.0,2.0,,9.0,6.0,15.0,6.0,0.0,2.0,4.0,8.0,12.0,4.0,2.0,0.0,0.0,1.0,86.7,0.0,1.0,0.0,74.0,1.0,1.0,33.3,11.5,,,1.0,1.0,1.0,3.0,,,,5.0,211.0,0.0,1.0,1.0,7.0,77.8,1.5,13.0,1.0,0.0,33.3,0.0,0.0,0.0,3.0,1.0,0.0,19.0,4.0,0.0,0.0,0.0,0.0,0.0,0.0,0.0,0.0,0.0,0.0,0.0,CD_I1005330,False,37.0,Kade,Chandler,home,Melbourne
CD_M20260140108,2026-03-15T04:15:00.000+0000,CONCLUDED,Premiership,Round 1,1,MCG,Melbourne,Melbourne,St Kilda,St Kilda,13.0,"https://s.afl.com.au/staticfile/AFL Tenant/AFL/Players/ChampIDImages/AFL/2026014/1020802.png?im=Scale,width=0.6,height=0.6",WL,CD_I1020802,False,13.0,Jai,Culley,CD_T90,,79.0,1.0,1.0,,7.0,4.0,11.0,4.0,0.0,2.0,5.0,7.0,12.0,0.0,3.0,2.0,0.0,0.0,81.8,1.0,1.0,1.0,54.0,0.0,0.0,50.0,7.0,,,0.0,0.0,1.0,2.0,,,,7.0,114.0,0.0,1.0,1.0,6.0,85.7,1.8,9.0,0.0,0.0,41.7,0.0,0.0,0.0,3.0,0.0,1.0,11.0,3.0,0.0,0.0,0.0,0.0,0.0,1.0,0.0,0.0,0.0,0.0,0.0,CD_I1020802,False,13.0,Jai,Culley,home,Melbourne
CD_M20260140108,2026-03-15T04:15:00.000+0000,CONCLUDED,Premiership,Round 1,1,MCG,Melbourne,Melbourne,St Kilda,St Kilda,31.0,"https://s.afl.com.au/staticfile/AFL Tenant/AFL/Players/ChampIDImages/AFL/2026014/1001438.png?im=Scale,width=0.6,height=0.6",FPL,CD_I1001438,False,31.0,Bayley,Fritsch,CD_T90,,81.0,1.0,1.0,,11.0,4.0,15.0,4.0,2.0,1.0,6.0,10.0,16.0,3.0,1.0,1.0,0.0,1.0,73.3,2.0,1.0,0.0,65.0,1.0,0.0,33.3,11.6,,,2.0,2.0,0.0,3.0,,,,8.0,360.0,0.0,0.0,0.0,8.0,72.7,2.8,11.0,0.0,0.0,37.5,0.0,0.0,0.0,4.0,2.0,1.0,3.0,1.0,1.0,0.0,0.0,0.0,0.0,1.0,1.0,100.0,0.0,0.0,0.0,CD_I1001438,False,31.0,Bayley,Fritsch,home,Melbourne
CD_M20260140108,2026-03-15T04:15:00.000+0000,CONCLUDED,Premiership,Round 1,1,MCG,Melbourne,Melbourne,St Kilda,St Kilda,11.0,"https://s.afl.com.au/staticfile/AFL Tenant/AFL/Players/ChampIDImages/AFL/2026014/290528.png?im=Scale,width=0.6,height=0.6",RK,CD_I290528,False,11.0,Max,Gawn,CD_T90,,91.0,1.0,0.0,,8.0,14.0,22.0,4.0,0.0,2.0,13.0,9.0,22.0,5.0,1.0,2.0,36.0,5.0,77.3,5.0,1.0,2.0,109.0,2.0,1.0,100.0,15.7,,,3.0,4.0,0.0,1.0,,,,8.0,310.0,4.0,1.0,5.0,7.0,87.5,0.6,17.0,1.0,1.0,59.1,7.0,51.4,19.4,3.0,0.0,4.0,7.0,4.0,3.0,70.0,1.0,0.0,0.0,2.0,2.0,100.0,32.0,0.0,0.0,CD_I290528,False,11.0,Max,Gawn,home,Melbourne
CD_M20260140108,2026-03-15T04:15:00.000+0000,CONCLUDED,Premiership,Round 1,1,MCG,Melbourne,Melbourne,St Kilda,St Kilda,22.0,"https://s.afl.com.au/staticfile/AFL Tenant/AFL/Players/ChampIDImages/AFL/2026014/1017122.png?im=Scale,width=0.6,height=0.6",BPR,CD_I1017122,False,22.0,Blake,Howes,CD_T90,,82.0,0.0,0.0,,4.0,11.0,15.0,3.0,0.0,0.0,5.0,10.0,15.0,0.0,0.0,1.0,0.0,5.0,86.7,0.0,0.0,0.0,43.0,2.0,0.0,0.0,10.1,,,1.0,3.0,0.0,0.0,,,,1.0,111.0,0.0,0.0,0.0,4.0,100.0,0.4,13.0,0.0,1.0,33.3,0.0,0.0,0.0,4.0,0.0,0.0,3.0,3.0,3.0,0.0,1.0,0.0,0.0,0.0,0.0,0.0,0.0,0.0,0.0,CD_I1017122,False,22.0,Blake,Howes,home,Melbourne
CD_M20260140108,2026-03-15T04:15:00.000+0000,CONCLUDED,Premiership,Round 1,1,MCG,Melbourne,Melbourne,St Kilda,St Kilda,14.0,"https://s.afl.com.au/staticfile/AFL Tenant/AFL/Players/ChampIDImages/AFL/2026014/998390.png?im=Scale,width=0.6,height=0.6",HBFL,CD_I998390,False,14.0,Changkuoth,Jiath,CD_T90,,70.0,0.0,0.0,,11.0,8.0,19.0,8.0,3.0,1.0,3.0,15.0,18.0,2.0,0.0,0.0,0.0,4.0,78.9,2.0,0.0,0.0,77.0,5.0,1.0,0.0,8.2,,,3.0,3.0,0.0,0.0,,,,2.0,325.0,0.0,1.0,1.0,8.0,72.7,1.4,15.0,0.0,1.0,16.7,0.0,0.0,0.0,3.0,0.0,1.0,12.0,10.0,3.0,0.0,0.0,0.0,0.0,0.0,0.0,0.0,0.0,1.0,1.0,CD_I998390,False,14.0,Changkuoth,Jiath,home,Melbourne
CD_M20260140108,2026-03-15T04:15:00.000+0000,CONCLUDED,Premiership,Round 1,1,MCG,Melbourne,Melbourne,St Kilda,St Kilda,15.0,"https://s.afl.com.au/staticfile/AFL Tenant/AFL/Players/ChampIDImages/AFL/2026014/298264.png?im=Scale,width=0.6,height=0.6",WR,CD_I298264,False,15.0,Ed,Langdon,CD_T90,,89.0,0.0,1.0,,9.0,1.0,10.0,5.0,0.0,2.0,2.0,8.0,10.0,2.0,1.0,1.0,0.0,0.0,60.0,1.0,0.0,1.0,50.0,0.0,1.0,0.0,4.2,,,1.0,1.0,2.0,1.0,,,,4.0,219.0,0.0,0.0,0.0,5.0,55.6,9.0,6.0,0.0,1.0,20.0,0.0,0.0,0.0,1.0,0.0,0.0,11.0,3.0,0.0,0.0,1.0,0.0,0.0,1.0,0.0,0.0,0.0,0.0,0.0,CD_I298264,False,15.0,Ed,Langdon,home,Melbourne
CD_M20260140108,2026-03-15T04:15:00.000+0000,CONCLUDED,Premiership,Round 1,1,MCG,Melbourne,Melbourne,St Kilda,St Kilda,4.0,"https://s.afl.com.au/staticfile/AFL Tenant/AFL/Players/ChampIDImages/AFL/2026014/1028546.png?im=Scale,width=0.6,height=0.6",R,CD_I1028546,False,4.0,Harvey,Langford,CD_T90,,72.0,0.0,0.0,,4.0,5.0,9.0,1.0,0.0,1.0,4.0,5.0,9.0,2.0,0.0,0.0,0.0,0.0,77.8,1.0,0.0,0.0,29.0,0.0,2.0,0.0,10.2,,,1.0,3.0,0.0,0.0,,,,4.0,199.0,1.0,1.0,2.0,2.0,50.0,0.8,7.0,0.0,1.0,44.4,0.0,0.0,0.0,4.0,0.0,2.0,10.0,3.0,0.0,0.0,0.0,0.0,0.0,0.0,0.0,0.0,7.0,0.0,0.0,CD_I1028546,False,4.0,Harvey,Langford,home,Melbourne
CD_M20260140108,2026-03-15T04:15:00.000+0000,CONCLUDED,Premiership,Round 1,1,MCG,Melbourne,Melbourne,St Kilda,St Kilda,8.0,"https://s.afl.com.au/staticfile/AFL Tenant/AFL/Players/ChampIDImages/AFL/2026014/298281.png?im=Scale,width=0.6,height=0.6",FB,CD_I298281,False,8.0,Jake,Lever,CD_T90,,99.0,0.0,0.0,,9.0,3.0,12.0,7.0,0.0,1.0,4.0,9.0,13.0,0.0,0.0,0.0,0.0,8.0,66.7,2.0,0.0,2.0,52.0,5.0,0.0,0.0,5.8,,,2.0,7.0,0.0,0.0,,,,2.0,273.0,0.0,0.0,0.0,5.0,55.6,3.0,8.0,0.0,3.0,30.8,0.0,0.0,0.0,4.0,0.0,1.0,11.0,9.0,8.0,0.0,2.0,1.0,50.0,0.0,0.0,0.0,0.0,0.0,0.0,CD_I298281,False,8.0,Jake,Lever,home,Melbourne
CD_M20260140108,2026-03-15T04:15:00.000+0000,CONCLUDED,Premiership,Round 1,1,MCG,Melbourne,Melbourne,St Kilda,St Kilda,5.0,"https://s.afl.com.au/staticfile/AFL Tenant/AFL/Players/ChampIDImages/AFL/2026014/1028531.png?im=Scale,width=0.6,height=0.6",INT,CD_I1028531,False,5.0,Xavier,Lindsay,CD_T90,,76.0,0.0,0.0,,13.0,5.0,18.0,1.0,0.0,2.0,6.0,9.0,15.0,1.0,0.0,0.0,0.0,2.0,77.8,2.0,0.0,0.0,60.0,6.0,1.0,0.0,13.4,,,6.0,4.0,0.0,0.0,,,,4.0,418.0,0.0,1.0,1.0,9.0,69.2,2.6,14.0,0.0,0.0,40.0,0.0,0.0,0.0,4.0,0.0,1.0,10.0,8.0,0.0,0.0,0.0,0.0,0.0,0.0,0.0,0.0,2.0,5.0,5.0,CD_I1028531,False,5.0,Xavier,Lindsay,home,Melbourne
CD_M20260140108,2026-03-15T04:15:00.000+0000,CONCLUDED,Premiership,Round 1,1,MCG,Melbourne,Melbourne,St Kilda,St Kilda,28.0,"https://s.afl.com.au/staticfile/AFL Tenant/AFL/Players/ChampIDImages/AFL/2026014/291849.png?im=Scale,width=0.6,height=0.6",FF,CD_I291849,False,28.0,Brody,Mihocek,CD_T90,,84.0,3.0,0.0,,12.0,2.0,14.0,8.0,0.0,0.0,5.0,10.0,15.0,3.0,4.0,1.0,0.0,1.0,42.9,5.0,1.0,2.0,77.0,1.0,0.0,60.0,6.9,,,6.0,1.0,0.0,5.0,,,,4.0,339.0,0.0,0.0,0.0,5.0,41.7,6.0,6.0,2.0,1.0,33.3,0.0,0.0,0.0,2.0,2.0,0.0,7.0,4.0,0.0,1.0,0.0,0.0,0.0,1.0,1.0,100.0,0.0,0.0,0.0,CD_I291849,False,28.0,Brody,Mihocek,home,Melbourne
CD_M20260140108,2026-03-15T04:15:00.000+0000,CONCLUDED,Premiership,Round 1,1,MCG,Melbourne,Melbourne,St Kilda,St Kilda,35.0,"https://s.afl.com.au/staticfile/AFL Tenant/AFL/Players/ChampIDImages/AFL/2026014/1008893.png?im=Scale,width=0.6,height=0.6",BPL,CD_I1008893,False,35.0,Harrison,Petty,CD_T90,,86.0,0.0,0.0,,5.0,2.0,7.0,2.0,0.0,2.0,5.0,2.0,7.0,2.0,0.0,1.0,5.0,4.0,57.1,2.0,1.0,2.0,33.0,0.0,1.0,0.0,10.6,,,3.0,5.0,0.0,0.0,,,,3.0,182.0,1.0,0.0,1.0,2.0,40.0,2.5,4.0,0.0,2.0,71.4,3.0,55.6,60.0,3.0,0.0,3.0,15.0,14.0,4.0,9.0,2.0,1.0,50.0,0.0,0.0,0.0,4.0,0.0,0.0,CD_I1008893,False,35.0,Harrison,Petty,home,Melbourne
CD_M20260140108,2026-03-15T04:15:00.000+0000,CONCLUDED,Premiership,Round 1,1,MCG,Melbourne,Melbourne,St Kilda,St Kilda,36.0,"https://s.afl.com.au/staticfile/AFL Tenant/AFL/Players/ChampIDImages/AFL/2026014/1008541.png?im=Scale,width=0.6,height=0.6",HFFL,CD_I1008541,False,36.0,Kysaiah,Pickett,CD_T90,,82.0,1.0,1.0,,14.0,5.0,19.0,2.0,2.0,7.0,9.0,10.0,19.0,2.0,2.0,0.0,0.0,1.0,47.4,6.0,1.0,1.0,91.0,1.0,0.0,20.0,7.0,,,6.0,1.0,0.0,5.0,,,,5.0,291.0,5.0,1.0,6.0,6.0,42.9,2.8,9.0,1.0,0.0,47.4,0.0,0.0,0.0,5.0,1.0,1.0,19.0,10.0,0.0,0.0,0.0,0.0,0.0,0.0,0.0,0.0,24.0,0.0,0.0,CD_I1008541,False,36.0,Kysaiah,Pickett,home,Melbourne
CD_M20260140108,2026-03-15T04:15:00.000+0000,CONCLUDED,Premiership,Round 1,1,MCG,Melbourne,Melbourne,St Kilda,St Kilda,33.0,"https://s.afl.com.au/staticfile/AFL Tenant/AFL/Players/ChampIDImages/AFL/2026014/1022677.png?im=Scale,width=0.6,height=0.6",INT,CD_I1022677,False,33.0,Latrelle,Pickett,CD_T90,,59.0,1.0,0.0,,5.0,2.0,7.0,2.0,6.0,0.0,5.0,4.0,9.0,4.0,0.0,0.0,0.0,0.0,71.4,3.0,0.0,2.0,25.0,0.0,1.0,100.0,7.0,,,1.0,0.0,0.0,1.0,,,,4.0,182.0,0.0,2.0,2.0,3.0,60.0,2.5,5.0,0.0,0.0,55.6,0.0,0.0,0.0,4.0,1.0,0.0,2.0,0.0,0.0,0.0,0.0,0.0,0.0,1.0,0.0,0.0,0.0,0.0,0.0,CD_I1022677,False,33.0,Latrelle,Pickett,home,Melbourne
CD_M20260140108,2026-03-15T04:15:00.000+0000,CONCLUDED,Premiership,Round 1,1,MCG,Melbourne,Melbourne,St Kilda,St Kilda,24.0,"https://s.afl.com.au/staticfile/AFL Tenant/AFL/Players/ChampIDImages/AFL/2026014/1009378.png?im=Scale,width=0.6,height=0.6",INT,CD_I1009378,False,24.0,Trent,Rivers,CD_T90,,58.0,0.0,0.0,,6.0,10.0,16.0,3.0,0.0,4.0,3.0,13.0,16.0,4.0,0.0,0.0,0.0,1.0,81.3,1.0,0.0,0.0,63.0,0.0,0.0,0.0,11.4,,,3.0,1.0,0.0,0.0,,,,4.0,277.0,0.0,2.0,2.0,3.0,50.0,0.6,13.0,0.0,0.0,18.8,0.0,0.0,0.0,2.0,1.0,1.0,16.0,6.0,1.0,0.0,0.0,0.0,0.0,0.0,0.0,0.0,16.0,0.0,0.0,CD_I1009378,False,24.0,Trent,Rivers,home,Melbourne
CD_M20260140108,2026-03-15T04:15:00.000+0000,CONCLUDED,Premiership,Round 1,1,MCG,Melbourne,Melbourne,St Kilda,St Kilda,3.0,"https://s.afl.com.au/staticfile/AFL Tenant/AFL/Players/ChampIDImages/AFL/2026014/296359.png?im=Scale,width=0.6,height=0.6",HBFR,CD_I296359,False,3.0,Christian,Salem,CD_T90,,80.0,0.0,0.0,,18.0,5.0,23.0,2.0,1.0,2.0,3.0,10.0,13.0,1.0,0.0,0.0,0.0,0.0,78.3,4.0,0.0,2.0,72.0,6.0,1.0,0.0,6.3,,,4.0,4.0,0.0,0.0,,,,4.0,445.0,0.0,0.0,0.0,14.0,77.8,3.6,18.0,0.0,0.0,23.1,0.0,0.0,0.0,3.0,1.0,3.0,9.0,5.0,0.0,0.0,1.0,1.0,100.0,0.0,0.0,0.0,1.0,10.0,10.0,CD_I296359,False,3.0,Christian,Salem,home,Melbourne
CD_M20260140108,2026-03-15T04:15:00.000+0000,CONCLUDED,Premiership,Round 1,1,MCG,Melbourne,Melbourne,St Kilda,St Kilda,30.0,"https://s.afl.com.au/staticfile/AFL Tenant/AFL/Players/ChampIDImages/AFL/2026014/1007099.png?im=Scale,width=0.6,height=0.6",INT,CD_I1007099,False,30.0,Harry,Sharp,CD_T90,,51.0,1.0,1.0,,8.0,7.0,15.0,1.0,0.0,2.0,8.0,8.0,16.0,1.0,0.0,0.0,0.0,1.0,80.0,1.0,2.0,0.0,58.0,0.0,0.0,50.0,13.9,,,1.0,1.0,0.0,2.0,,,,6.0,233.0,0.0,3.0,3.0,6.0,75.0,1.1,12.0,0.0,0.0,50.0,0.0,0.0,0.0,6.0,1.0,1.0,11.0,4.0,1.0,0.0,0.0,0.0,0.0,1.0,1.0,100.0,0.0,0.0,0.0,CD_I1007099,False,30.0,Harry,Sharp,home,Melbourne
CD_M20260140108,2026-03-15T04:15:00.000+0000,CONCLUDED,Premiership,Round 1,1,MCG,Melbourne,Melbourne,St Kilda,St Kilda,32.0,"https://s.afl.com.au/staticfile/AFL Tenant/AFL/Players/ChampIDImages/AFL/2026014/999391.png?im=Scale,width=0.6,height=0.6",INT,CD_I999391,False,32.0,Tom,Sparrow,CD_T90,,72.0,0.0,0.0,,4.0,2.0,6.0,1.0,0.0,2.0,2.0,5.0,7.0,0.0,0.0,0.0,0.0,2.0,66.7,0.0,0.0,0.0,27.0,2.0,0.0,0.0,5.1,,,1.0,1.0,0.0,0.0,,,,1.0,131.0,0.0,0.0,0.0,2.0,50.0,2.0,4.0,0.0,0.0,28.6,0.0,0.0,0.0,1.0,0.0,0.0,20.0,9.0,1.0,0.0,0.0,0.0,0.0,0.0,0.0,0.0,7.0,0.0,0.0,CD_I999391,False,32.0,Tom,Sparrow,home,Melbourne
CD_M20260140108,2026-03-15T04:15:00.000+0000,CONCLUDED,Premiership,Round 1,1,MCG,Melbourne,Melbourne,St Kilda,St Kilda,9.0,"https://s.afl.com.au/staticfile/AFL Tenant/AFL/Players/ChampIDImages/AFL/2026014/296205.png?im=Scale,width=0.6,height=0.6",C,CD_I296205,False,9.0,Jack,Steele,CD_T90,,72.0,1.0,0.0,,15.0,6.0,21.0,3.0,0.0,3.0,8.0,11.0,19.0,5.0,0.0,0.0,0.0,1.0,71.4,2.0,1.0,0.0,85.0,2.0,1.0,100.0,19.7,,,3.0,2.0,0.0,1.0,,,,7.0,449.0,4.0,1.0,5.0,10.0,66.7,2.5,15.0,0.0,1.0,42.1,0.0,0.0,0.0,4.0,2.0,2.0,13.0,6.0,0.0,0.0,0.0,0.0,0.0,0.0,0.0,0.0,22.0,0.0,0.0,CD_I296205,False,9.0,Jack,Steele,home,Melbourne
CD_M20260140108,2026-03-15T04:15:00.000+0000,CONCLUDED,Premiership,Round 1,1,MCG,Melbourne,Melbourne,St Kilda,St Kilda,12.0,"https://s.afl.com.au/staticfile/AFL Tenant/AFL/Players/ChampIDImages/AFL/2026014/1023640.png?im=Scale,width=0.6,height=0.6",HFFR,CD_I1023640,False,12.0,Koltyn,Tholstrup,CD_T90,,82.0,0.0,1.0,,10.0,7.0,17.0,2.0,0.0,1.0,5.0,11.0,16.0,4.0,1.0,0.0,0.0,0.0,76.5,2.0,1.0,1.0,53.0,1.0,0.0,0.0,8.8,,,1.0,2.0,0.0,1.0,,,,8.0,359.0,1.0,2.0,3.0,8.0,80.0,1.4,13.0,0.0,0.0,31.3,0.0,0.0,0.0,4.0,1.0,3.0,9.0,4.0,0.0,0.0,0.0,0.0,0.0,0.0,0.0,0.0,9.0,0.0,0.0,CD_I1023640,False,12.0,Koltyn,Tholstrup,home,Melbourne
CD_M20260140108,2026-03-15T04:15:00.000+0000,CONCLUDED,Premiership,Round 1,1,MCG,Melbourne,Melbourne,St Kilda,St Kilda,10.0,"https://s.afl.com.au/staticfile/AFL Tenant/AFL/Players/ChampIDImages/AFL/2026014/1020959.png?im=Scale,width=0.6,height=0.6",CHB,CD_I1020959,False,10.0,Daniel,Turner,CD_T90,,96.0,0.0,1.0,,9.0,6.0,15.0,5.0,1.0,2.0,4.0,10.0,14.0,1.0,0.0,0.0,0.0,6.0,80.0,0.0,0.0,0.0,63.0,2.0,0.0,0.0,10.7,,,1.0,5.0,0.0,1.0,,,,4.0,298.0,0.0,0.0,0.0,6.0,66.7,1.5,12.0,0.0,1.0,28.6,0.0,0.0,0.0,4.0,0.0,2.0,15.0,11.0,6.0,0.0,1.0,0.0,0.0,0.0,0.0,0.0,0.0,1.0,1.0,CD_I1020959,False,10.0,Daniel,Turner,home,Melbourne
CD_M20260140108,2026-03-15T04:15:00.000+0000,CONCLUDED,Premiership,Round 1,1,MCG,Melbourne,Melbourne,St Kilda,St Kilda,2.0,"https://s.afl.com.au/staticfile/AFL Tenant/AFL/Players/ChampIDImages/AFL/2026014/1017720.png?im=Scale,width=0.6,height=0.6",CHF,CD_I1017720,False,2.0,Jacob,van Rooyen,CD_T90,,82.0,6.0,1.0,,10.0,4.0,14.0,7.0,0.0,1.0,5.0,9.0,14.0,3.0,4.0,1.0,3.0,1.0,85.7,0.0,0.0,0.0,103.0,0.0,1.0,85.7,25.0,,,1.0,0.0,1.0,7.0,,,,9.0,278.0,0.0,2.0,2.0,8.0,80.0,2.5,12.0,3.0,0.0,35.7,0.0,30.0,0.0,3.0,1.0,2.0,6.0,1.0,0.0,10.0,0.0,0.0,0.0,2.0,0.0,0.0,0.0,0.0,0.0,CD_I1017720,False,2.0,Jacob,van Rooyen,home,Melbourne
CD_M20260140108,2026-03-15T04:15:00.000+0000,CONCLUDED,Premiership,Round 1,1,MCG,Melbourne,Melbourne,St Kilda,St Kilda,6.0,"https://s.afl.com.au/staticfile/AFL Tenant/AFL/Players/ChampIDImages/AFL/2026014/1027821.png?im=Scale,width=0.6,height=0.6",RR,CD_I1027821,False,6.0,Caleb,Windsor,CD_T90,,79.0,1.0,1.0,,11.0,10.0,21.0,1.0,0.0,2.0,5.0,18.0,23.0,7.0,0.0,0.0,0.0,0.0,85.7,4.0,0.0,2.0,65.0,1.0,0.0,33.3,12.3,,,2.0,2.0,0.0,3.0,,,,7.0,308.0,1.0,0.0,1.0,8.0,72.7,1.1,18.0,0.0,0.0,21.7,0.0,0.0,0.0,5.0,0.0,1.0,23.0,8.0,0.0,0.0,0.0,0.0,0.0,0.0,0.0,0.0,20.0,0.0,0.0,CD_I1027821,False,6.0,Caleb,Windsor,home,Melbourne
CD_M20260140108,2026-03-15T04:15:00.000+0000,CONCLUDED,Premiership,Round 1,1,MCG,Melbourne,Melbourne,St Kilda,St Kilda,38.0,"https://s.afl.com.au/staticfile/AFL Tenant/AFL/Players/ChampIDImages/AFL/2026014/1029148.png?im=Scale,width=0.6,height=0.6",INT,CD_I1029148,False,38.0,Hugh,Boxshall,CD_T130,,70.0,0.0,2.0,,9.0,6.0,15.0,5.0,0.0,2.0,6.0,9.0,15.0,1.0,2.0,0.0,0.0,2.0,66.7,4.0,1.0,0.0,65.0,0.0,0.0,0.0,2.3,,,2.0,1.0,1.0,2.0,,,,5.0,211.0,0.0,2.0,2.0,4.0,44.4,1.5,10.0,1.0,0.0,40.0,0.0,0.0,0.0,4.0,2.0,0.0,17.0,5.0,1.0,0.0,0.0,0.0,0.0,1.0,0.0,0.0,1.0,0.0,0.0,CD_I1029148,False,38.0,Hugh,Boxshall,away,St Kilda
CD_M20260140108,2026-03-15T04:15:00.000+0000,CONCLUDED,Premiership,Round 1,1,MCG,Melbourne,Melbourne,St Kilda,St Kilda,47.0,"https://s.afl.com.au/staticfile/AFL Tenant/AFL/Players/ChampIDImages/AFL/2026014/1023784.png?im=Scale,width=0.6,height=0.6",BPR,CD_I1023784,False,47.0,Anthony,Caminiti,CD_T130,,94.0,0.0,0.0,,5.0,6.0,11.0,2.0,0.0,0.0,7.0,4.0,11.0,0.0,0.0,1.0,0.0,11.0,100.0,1.0,0.0,1.0,30.0,1.0,0.0,0.0,15.3,,,0.0,7.0,0.0,0.0,,,,4.0,45.0,0.0,0.0,0.0,5.0,100.0,0.8,11.0,0.0,1.0,63.6,0.0,0.0,0.0,6.0,0.0,2.0,7.0,5.0,10.0,0.0,3.0,1.0,33.3,0.0,0.0,0.0,0.0,0.0,0.0,CD_I1023784,False,47.0,Anthony,Caminiti,away,St Kilda
CD_M20260140108,2026-03-15T04:15:00.000+0000,CONCLUDED,Premiership,Round 1,1,MCG,Melbourne,Melbourne,St Kilda,St Kilda,18.0,"https://s.afl.com.au/staticfile/AFL Tenant/AFL/Players/ChampIDImages/AFL/2026014/1013233.png?im=Scale,width=0.6,height=0.6",HBFL,CD_I1013233,False,18.0,Jack,Carroll,CD_T130,,82.0,0.0,0.0,,11.0,4.0,15.0,4.0,1.0,1.0,4.0,11.0,15.0,2.0,0.0,1.0,0.0,1.0,80.0,2.0,1.0,0.0,58.0,2.0,1.0,0.0,7.8,,,3.0,3.0,0.0,0.0,,,,4.0,280.0,0.0,0.0,0.0,8.0,72.7,2.8,12.0,1.0,0.0,26.7,0.0,0.0,0.0,3.0,0.0,0.0,10.0,8.0,0.0,0.0,0.0,0.0,0.0,0.0,0.0,0.0,0.0,0.0,0.0,CD_I1013233,False,18.0,Jack,Carroll,away,St Kilda
CD_M20260140108,2026-03-15T04:15:00.000+0000,CONCLUDED,Premiership,Round 1,1,MCG,Melbourne,Melbourne,St Kilda,St Kilda,21.0,"https://s.afl.com.au/staticfile/AFL Tenant/AFL/Players/ChampIDImages/AFL/2026014/1004912.png?im=Scale,width=0.6,height=0.6",RK,CD_I1004912,False,21.0,Tom,De Koning,CD_T130,,85.0,0.0,0.0,,6.0,9.0,15.0,6.0,0.0,3.0,6.0,10.0,16.0,3.0,0.0,1.0,20.0,1.0,86.7,1.0,1.0,1.0,84.0,0.0,2.0,0.0,11.3,,,1.0,1.0,0.0,0.0,,,,12.0,252.0,1.0,2.0,3.0,4.0,66.7,0.7,13.0,1.0,1.0,37.5,6.0,29.9,30.0,2.0,1.0,6.0,8.0,3.0,1.0,67.0,2.0,2.0,100.0,1.0,0.0,0.0,30.0,0.0,0.0,CD_I1004912,False,21.0,Tom,De Koning,away,St Kilda
CD_M20260140108,2026-03-15T04:15:00.000+0000,CONCLUDED,Premiership,Round 1,1,MCG,Melbourne,Melbourne,St Kilda,St Kilda,9.0,"https://s.afl.com.au/staticfile/AFL Tenant/AFL/Players/ChampIDImages/AFL/2026014/1009260.png?im=Scale,width=0.6,height=0.6",RR,CD_I1009260,False,9.0,Sam,Flanders,CD_T130,,83.0,0.0,0.0,,12.0,16.0,28.0,5.0,0.0,3.0,13.0,16.0,29.0,3.0,0.0,0.0,0.0,2.0,78.6,4.0,1.0,0.0,96.0,1.0,0.0,0.0,15.8,,,3.0,3.0,0.0,0.0,,,,6.0,376.0,2.0,2.0,4.0,9.0,75.0,0.8,22.0,1.0,0.0,44.8,0.0,0.0,0.0,11.0,0.0,2.0,22.0,12.0,1.0,0.0,0.0,0.0,0.0,0.0,0.0,0.0,17.0,0.0,0.0,CD_I1009260,False,9.0,Sam,Flanders,away,St Kilda
CD_M20260140108,2026-03-15T04:15:00.000+0000,CONCLUDED,Premiership,Round 1,1,MCG,Melbourne,Melbourne,St Kilda,St Kilda,34.0,"https://s.afl.com.au/staticfile/AFL Tenant/AFL/Players/ChampIDImages/AFL/2026014/1027790.png?im=Scale,width=0.6,height=0.6",INT,CD_I1027790,False,34.0,Hugo,Garcia,CD_T130,,69.0,0.0,1.0,,11.0,8.0,19.0,1.0,0.0,6.0,4.0,13.0,17.0,3.0,0.0,0.0,0.0,4.0,63.2,3.0,0.0,0.0,77.0,1.0,1.0,0.0,13.9,,,2.0,0.0,1.0,1.0,,,,9.0,404.0,1.0,3.0,4.0,6.0,54.5,1.4,12.0,0.0,0.0,23.5,0.0,0.0,0.0,3.0,0.0,0.0,22.0,11.0,2.0,0.0,0.0,0.0,0.0,0.0,0.0,0.0,20.0,0.0,0.0,CD_I1027790,False,34.0,Hugo,Garcia,away,St Kilda
CD_M20260140108,2026-03-15T04:15:00.000+0000,CONCLUDED,Premiership,Round 1,1,MCG,Melbourne,Melbourne,St Kilda,St Kilda,40.0,"https://s.afl.com.au/staticfile/AFL Tenant/AFL/Players/ChampIDImages/AFL/2026014/1020855.png?im=Scale,width=0.6,height=0.6",C,CD_I1020855,False,40.0,Max,Hall,CD_T130,,86.0,4.0,1.0,,16.0,10.0,26.0,4.0,0.0,3.0,8.0,18.0,26.0,8.0,2.0,0.0,0.0,1.0,92.3,2.0,1.0,1.0,115.0,0.0,2.0,80.0,28.6,,,0.0,0.0,0.0,5.0,,,,13.0,480.0,1.0,5.0,6.0,15.0,93.8,1.6,24.0,0.0,0.0,30.8,0.0,0.0,0.0,5.0,0.0,1.0,21.0,10.0,0.0,0.0,0.0,0.0,0.0,0.0,0.0,0.0,2.0,0.0,0.0,CD_I1020855,False,40.0,Max,Hall,away,St Kilda
CD_M20260140108,2026-03-15T04:15:00.000+0000,CONCLUDED,Premiership,Round 1,1,MCG,Melbourne,Melbourne,St Kilda,St Kilda,1.0,"https://s.afl.com.au/staticfile/AFL Tenant/AFL/Players/ChampIDImages/AFL/2026014/1002227.png?im=Scale,width=0.6,height=0.6",FPR,CD_I1002227,False,1.0,Jack,Higgins,CD_T130,,82.0,2.0,1.0,,6.0,3.0,9.0,5.0,0.0,1.0,3.0,6.0,9.0,0.0,5.0,0.0,0.0,1.0,66.7,0.0,1.0,0.0,57.0,0.0,0.0,40.0,6.8,,,1.0,0.0,0.0,5.0,,,,8.0,130.0,0.0,0.0,0.0,3.0,50.0,2.0,6.0,2.0,0.0,33.3,0.0,0.0,0.0,2.0,1.0,0.0,10.0,1.0,0.0,0.0,0.0,0.0,0.0,0.0,0.0,0.0,0.0,0.0,0.0,CD_I1002227,False,1.0,Jack,Higgins,away,St Kilda
CD_M20260140108,2026-03-15T04:15:00.000+0000,CONCLUDED,Premiership,Round 1,1,MCG,Melbourne,Melbourne,St Kilda,St Kilda,8.0,"https://s.afl.com.au/staticfile/AFL Tenant/AFL/Players/ChampIDImages/AFL/2026014/295584.png?im=Scale,width=0.6,height=0.6",CHB,CD_I295584,False,8.0,Bradley,Hill,CD_T130,,79.0,0.0,1.0,,18.0,9.0,27.0,8.0,1.0,3.0,5.0,22.0,27.0,3.0,0.0,0.0,0.0,2.0,66.7,1.0,1.0,0.0,110.0,2.0,1.0,0.0,6.0,,,5.0,2.0,0.0,2.0,,,,6.0,401.0,1.0,1.0,2.0,10.0,55.6,2.0,18.0,0.0,1.0,18.5,0.0,0.0,0.0,4.0,0.0,0.0,5.0,4.0,1.0,0.0,0.0,0.0,0.0,0.0,0.0,0.0,0.0,1.0,1.0,CD_I295584,False,8.0,Bradley,Hill,away,St Kilda
CD_M20260140108,2026-03-15T04:15:00.000+0000,CONCLUDED,Premiership,Round 1,1,MCG,Melbourne,Melbourne,St Kilda,St Kilda,17.0,"https://s.afl.com.au/staticfile/AFL Tenant/AFL/Players/ChampIDImages/AFL/2026014/1015323.png?im=Scale,width=0.6,height=0.6",INT,CD_I1015323,False,17.0,Isaac,Keeler,CD_T130,,49.0,1.0,0.0,,6.0,4.0,10.0,3.0,0.0,1.0,6.0,6.0,12.0,0.0,2.0,0.0,3.0,1.0,50.0,2.0,1.0,0.0,49.0,0.0,0.0,33.3,3.3,,,3.0,1.0,0.0,3.0,,,,5.0,114.0,0.0,1.0,1.0,1.0,16.7,1.5,5.0,1.0,0.0,50.0,1.0,21.4,33.3,3.0,2.0,1.0,3.0,1.0,0.0,14.0,1.0,1.0,100.0,3.0,2.0,66.7,4.0,0.0,0.0,CD_I1015323,False,17.0,Isaac,Keeler,away,St Kilda
CD_M20260140108,2026-03-15T04:15:00.000+0000,CONCLUDED,Premiership,Round 1,1,MCG,Melbourne,Melbourne,St Kilda,St Kilda,6.0,"https://s.afl.com.au/staticfile/AFL Tenant/AFL/Players/ChampIDImages/AFL/2026014/295467.png?im=Scale,width=0.6,height=0.6",INT,CD_I295467,False,6.0,Jack,Macrae,CD_T130,,56.0,0.0,0.0,,10.0,13.0,23.0,4.0,0.0,3.0,9.0,13.0,22.0,4.0,0.0,0.0,0.0,2.0,73.9,3.0,0.0,1.0,77.0,0.0,0.0,0.0,6.9,,,4.0,4.0,0.0,0.0,,,,7.0,175.0,1.0,1.0,2.0,8.0,80.0,0.8,17.0,0.0,0.0,40.9,0.0,0.0,0.0,8.0,0.0,1.0,13.0,4.0,0.0,0.0,0.0,0.0,0.0,0.0,0.0,0.0,14.0,0.0,0.0,CD_I295467,False,6.0,Jack,Macrae,away,St Kilda
CD_M20260140108,2026-03-15T04:15:00.000+0000,CONCLUDED,Premiership,Round 1,1,MCG,Melbourne,Melbourne,St Kilda,St Kilda,10.0,"https://s.afl.com.au/staticfile/AFL Tenant/AFL/Players/ChampIDImages/AFL/2026014/1023272.png?im=Scale,width=0.6,height=0.6",HFFR,CD_I1023272,False,10.0,Mitch,Owens,CD_T130,,86.0,2.0,2.0,,13.0,4.0,17.0,6.0,0.0,1.0,7.0,11.0,18.0,6.0,3.0,1.0,2.0,2.0,70.6,3.0,3.0,0.0,88.0,0.0,1.0,50.0,6.2,,,6.0,1.0,0.0,4.0,,,,10.0,379.0,0.0,1.0,1.0,8.0,61.5,3.3,12.0,2.0,0.0,38.9,1.0,22.2,50.0,2.0,2.0,1.0,8.0,0.0,0.0,9.0,0.0,0.0,0.0,1.0,0.0,0.0,2.0,0.0,0.0,CD_I1023272,False,10.0,Mitch,Owens,away,St Kilda
CD_M20260140108,2026-03-15T04:15:00.000+0000,CONCLUDED,Premiership,Round 1,1,MCG,Melbourne,Melbourne,St Kilda,St Kilda,25.0,"https://s.afl.com.au/staticfile/AFL Tenant/AFL/Players/ChampIDImages/AFL/2026014/1020137.png?im=Scale,width=0.6,height=0.6",HFFL,CD_I1020137,False,25.0,Mattaes,Phillipou,CD_T130,,43.0,0.0,0.0,,3.0,8.0,11.0,1.0,0.0,2.0,5.0,5.0,10.0,2.0,0.0,0.0,0.0,1.0,63.6,3.0,0.0,1.0,33.0,1.0,0.0,0.0,1.9,,,2.0,0.0,0.0,0.0,,,,4.0,135.0,2.0,1.0,3.0,2.0,66.7,0.4,7.0,0.0,0.0,50.0,0.0,0.0,0.0,4.0,0.0,0.0,9.0,5.0,1.0,0.0,0.0,0.0,0.0,0.0,0.0,0.0,15.0,0.0,0.0,CD_I1020137,False,25.0,Mattaes,Phillipou,away,St Kilda
CD_M20260140108,2026-03-15T04:15:00.000+0000,CONCLUDED,Premiership,Round 1,1,MCG,Melbourne,Melbourne,St Kilda,St Kilda,31.0,"https://s.afl.com.au/staticfile/AFL Tenant/AFL/Players/ChampIDImages/AFL/2026014/1004364.png?im=Scale,width=0.6,height=0.6",FPL,CD_I1004364,False,31.0,Liam,Ryan,CD_T130,,74.0,1.0,2.0,,7.0,3.0,10.0,2.0,1.0,1.0,4.0,5.0,9.0,2.0,0.0,1.0,0.0,1.0,70.0,1.0,1.0,1.0,43.0,0.0,2.0,33.3,6.7,,,1.0,0.0,0.0,3.0,,,,6.0,158.0,0.0,0.0,0.0,4.0,57.1,2.3,7.0,0.0,0.0,44.4,0.0,0.0,0.0,2.0,2.0,0.0,9.0,3.0,0.0,0.0,0.0,0.0,0.0,1.0,1.0,100.0,0.0,0.0,0.0,CD_I1004364,False,31.0,Liam,Ryan,away,St Kilda
CD_M20260140108,2026-03-15T04:15:00.000+0000,CONCLUDED,Premiership,Round 1,1,MCG,Melbourne,Melbourne,St Kilda,St Kilda,43.0,"https://s.afl.com.au/staticfile/AFL Tenant/AFL/Players/ChampIDImages/AFL/2026014/1018018.png?im=Scale,width=0.6,height=0.6",FF,CD_I1018018,False,43.0,Cooper,Sharman,CD_T130,,83.0,0.0,0.0,,2.0,6.0,8.0,2.0,0.0,0.0,4.0,5.0,9.0,0.0,1.0,0.0,0.0,1.0,87.5,1.0,1.0,0.0,25.0,0.0,2.0,0.0,6.3,,,1.0,0.0,0.0,0.0,,,,6.0,48.0,0.0,0.0,0.0,1.0,50.0,0.3,7.0,0.0,0.0,44.4,0.0,0.0,0.0,3.0,1.0,0.0,8.0,0.0,0.0,0.0,0.0,0.0,0.0,2.0,0.0,0.0,0.0,0.0,0.0,CD_I1018018,False,43.0,Cooper,Sharman,away,St Kilda
CD_M20260140108,2026-03-15T04:15:00.000+0000,CONCLUDED,Premiership,Round 1,1,MCG,Melbourne,Melbourne,St Kilda,St Kilda,3.0,"https://s.afl.com.au/staticfile/AFL Tenant/AFL/Players/ChampIDImages/AFL/2026014/1001028.png?im=Scale,width=0.6,height=0.6",BPL,CD_I1001028,False,3.0,Jack,Silvagni,CD_T130,,92.0,0.0,0.0,,9.0,6.0,15.0,8.0,0.0,0.0,3.0,12.0,15.0,0.0,0.0,2.0,0.0,6.0,80.0,3.0,0.0,2.0,57.0,5.0,0.0,0.0,7.4,,,3.0,3.0,0.0,0.0,,,,5.0,144.0,0.0,0.0,0.0,7.0,77.8,1.5,12.0,0.0,3.0,20.0,0.0,0.0,0.0,1.0,0.0,2.0,3.0,2.0,6.0,0.0,0.0,0.0,0.0,0.0,0.0,0.0,0.0,0.0,0.0,CD_I1001028,False,3.0,Jack,Silvagni,away,St Kilda
CD_M20260140108,2026-03-15T04:15:00.000+0000,CONCLUDED,Premiership,Round 1,1,MCG,Melbourne,Melbourne,St Kilda,St Kilda,35.0,"https://s.afl.com.au/staticfile/AFL Tenant/AFL/Players/ChampIDImages/AFL/2026014/994389.png?im=Scale,width=0.6,height=0.6",R,CD_I994389,False,35.0,Jack,Sinclair,CD_T130,,84.0,0.0,0.0,,23.0,8.0,31.0,7.0,0.0,1.0,5.0,17.0,22.0,3.0,0.0,1.0,0.0,4.0,87.1,2.0,0.0,0.0,110.0,6.0,0.0,0.0,20.2,,,3.0,8.0,0.0,0.0,,,,8.0,539.0,0.0,0.0,0.0,20.0,87.0,2.9,27.0,0.0,2.0,22.7,0.0,0.0,0.0,3.0,0.0,4.0,10.0,7.0,1.0,0.0,0.0,0.0,0.0,0.0,0.0,0.0,4.0,7.0,7.0,CD_I994389,False,35.0,Jack,Sinclair,away,St Kilda
CD_M20260140108,2026-03-15T04:15:00.000+0000,CONCLUDED,Premiership,Round 1,1,MCG,Melbourne,Melbourne,St Kilda,St Kilda,26.0,"https://s.afl.com.au/staticfile/AFL Tenant/AFL/Players/ChampIDImages/AFL/2026014/1030433.png?im=Scale,width=0.6,height=0.6",INT,CD_I1030433,False,26.0,Alix,Tauru,CD_T130,,66.0,0.0,0.0,,8.0,3.0,11.0,4.0,0.0,2.0,2.0,10.0,12.0,1.0,0.0,0.0,0.0,2.0,72.7,3.0,0.0,1.0,47.0,2.0,0.0,0.0,4.2,,,3.0,5.0,0.0,0.0,,,,2.0,192.0,0.0,0.0,0.0,5.0,62.5,2.7,8.0,0.0,3.0,16.7,0.0,0.0,0.0,1.0,0.0,1.0,11.0,9.0,1.0,0.0,0.0,0.0,0.0,0.0,0.0,0.0,0.0,0.0,0.0,CD_I1030433,False,26.0,Alix,Tauru,away,St Kilda
CD_M20260140108,2026-03-15T04:15:00.000+0000,CONCLUDED,Premiership,Round 1,1,MCG,Melbourne,Melbourne,St Kilda,St Kilda,7.0,"https://s.afl.com.au/staticfile/AFL Tenant/AFL/Players/ChampIDImages/AFL/2026014/1015507.png?im=Scale,width=0.6,height=0.6",HBFR,CD_I1015507,False,7.0,Nasiah,Wanganeen-Milera,CD_T130,,82.0,3.0,1.0,,15.0,3.0,18.0,3.0,2.0,0.0,4.0,11.0,15.0,1.0,3.0,1.0,0.0,0.0,72.2,2.0,1.0,1.0,77.0,5.0,0.0,75.0,16.4,,,2.0,0.0,0.0,4.0,,,,6.0,390.0,2.0,0.0,2.0,11.0,73.3,5.0,13.0,2.0,0.0,26.7,0.0,0.0,0.0,2.0,0.0,1.0,11.0,5.0,0.0,0.0,0.0,0.0,0.0,0.0,0.0,0.0,14.0,3.0,3.0,CD_I1015507,False,7.0,Nasiah,Wanganeen-Milera,away,St Kilda
CD_M20260140108,2026-03-15T04:15:00.000+0000,CONCLUDED,Premiership,Round 1,1,MCG,Melbourne,Melbourne,St Kilda,St Kilda,44.0,"https://s.afl.com.au/staticfile/AFL Tenant/AFL/Players/ChampIDImages/AFL/2026014/296422.png?im=Scale,width=0.6,height=0.6",FB,CD_I296422,False,44.0,Callum,Wilkie,CD_T130,,100.0,0.0,0.0,,17.0,10.0,27.0,10.0,1.0,4.0,4.0,20.0,24.0,1.0,0.0,0.0,0.0,6.0,85.2,1.0,0.0,0.0,117.0,8.0,0.0,0.0,10.5,,,2.0,7.0,0.0,0.0,,,,8.0,454.0,0.0,0.0,0.0,14.0,82.4,1.7,23.0,0.0,1.0,16.7,0.0,0.0,0.0,4.0,0.0,0.0,13.0,12.0,5.0,0.0,3.0,1.0,33.3,0.0,0.0,0.0,0.0,0.0,0.0,CD_I296422,False,44.0,Callum,Wilkie,away,St Kilda
CD_M20260140108,2026-03-15T04:15:00.000+0000,CONCLUDED,Premiership,Round 1,1,MCG,Melbourne,Melbourne,St Kilda,St Kilda,22.0,"https://s.afl.com.au/staticfile/AFL Tenant/AFL/Players/ChampIDImages/AFL/2026014/1027875.png?im=Scale,width=0.6,height=0.6",WR,CD_I1027875,False,22.0,Darcy,Wilson,CD_T130,,84.0,1.0,0.0,,8.0,10.0,18.0,6.0,0.0,1.0,6.0,13.0,19.0,3.0,1.0,1.0,0.0,0.0,77.8,0.0,2.0,0.0,74.0,1.0,1.0,100.0,13.8,,,1.0,2.0,0.0,1.0,,,,12.0,323.0,0.0,3.0,3.0,6.0,75.0,0.8,14.0,1.0,0.0,31.6,0.0,0.0,0.0,3.0,1.0,3.0,12.0,4.0,0.0,0.0,1.0,0.0,0.0,0.0,0.0,0.0,0.0,0.0,0.0,CD_I1027875,False,22.0,Darcy,Wilson,away,St Kilda
CD_M20260140108,2026-03-15T04:15:00.000+0000,CONCLUDED,Premiership,Round 1,1,MCG,Melbourne,Melbourne,St Kilda,St Kilda,2.0,"https://s.afl.com.au/staticfile/AFL Tenant/AFL/Players/ChampIDImages/AFL/2026014/1023270.png?im=Scale,width=0.6,height=0.6",WL,CD_I1023270,False,2.0,Marcus,Windhager,CD_T130,,87.0,0.0,0.0,,15.0,17.0,32.0,4.0,0.0,0.0,11.0,19.0,30.0,4.0,0.0,0.0,0.0,0.0,87.5,1.0,2.0,0.0,93.0,3.0,1.0,0.0,12.9,,,2.0,5.0,0.0,0.0,,,,13.0,371.0,4.0,2.0,6.0,14.0,93.3,0.9,28.0,0.0,0.0,36.7,0.0,0.0,0.0,10.0,0.0,5.0,10.0,7.0,0.0,0.0,0.0,0.0,0.0,0.0,0.0,0.0,21.0,1.0,1.0,CD_I1023270,False,2.0,Marcus,Windhager,away,St Kilda
CD_M20260140108,2026-03-15T04:15:00.000+0000,CONCLUDED,Premiership,Round 1,1,MCG,Melbourne,Melbourne,St Kilda,St Kilda,32.0,"https://s.afl.com.au/staticfile/AFL Tenant/AFL/Players/ChampIDImages/AFL/2026014/295340.png?im=Scale,width=0.6,height=0.6",CHF,CD_I295340,False,32.0,Mason,Wood,CD_T130,,83.0,1.0,2.0,,11.0,4.0,15.0,6.0,0.0,3.0,3.0,12.0,15.0,3.0,1.0,1.0,0.0,1.0,80.0,1.0,0.0,1.0,76.0,0.0,0.0,33.3,7.0,,,2.0,2.0,0.0,3.0,,,,6.0,298.0,0.0,2.0,2.0,8.0,72.7,2.8,12.0,2.0,1.0,20.0,0.0,0.0,0.0,1.0,1.0,2.0,10.0,6.0,1.0,0.0,0.0,0.0,0.0,0.0,0.0,0.0,0.0,0.0,0.0,CD_I295340,False,32.0,Mason,Wood,away,St Kilda
CD_M20260140109,2026-03-15T07:10:00.000+0000,CONCLUDED,Premiership,Round 1,1,People First Stadium,Gold Coast SUNS,Gold Coast SUNS,West Coast Eagles,West Coast Eagles,48.0,"https://s.afl.com.au/staticfile/AFL Tenant/AFL/Players/ChampIDImages/AFL/2026014/1015515.png?im=Scale,width=0.6,height=0.6",INT,CD_I1015515,False,48.0,Oscar,Adams,CD_T1000,,76.0,0.0,0.0,,3.0,3.0,6.0,3.0,0.0,0.0,1.0,5.0,6.0,1.0,0.0,0.0,0.0,3.0,83.3,2.0,0.0,1.0,21.0,1.0,0.0,0.0,2.5,,,2.0,2.0,0.0,0.0,,,,0.0,119.0,0.0,0.0,0.0,2.0,66.7,1.0,5.0,0.0,1.0,16.7,0.0,0.0,0.0,1.0,0.0,0.0,3.0,3.0,3.0,0.0,2.0,1.0,50.0,0.0,0.0,0.0,0.0,0.0,0.0,CD_I1015515,False,48.0,Oscar,Adams,home,Gold Coast SUNS
CD_M20260140109,2026-03-15T07:10:00.000+0000,CONCLUDED,Premiership,Round 1,1,People First Stadium,Gold Coast SUNS,Gold Coast SUNS,West Coast Eagles,West Coast Eagles,15.0,"https://s.afl.com.au/staticfile/AFL Tenant/AFL/Players/ChampIDImages/AFL/2026014/1009199.png?im=Scale,width=0.6,height=0.6",RR,CD_I1009199,False,15.0,Noah,Anderson,CD_T1000,,77.0,1.0,1.0,,17.0,17.0,34.0,3.0,2.0,2.0,12.0,21.0,33.0,5.0,1.0,0.0,0.0,0.0,70.6,6.0,3.0,2.0,106.0,2.0,2.0,50.0,18.5,,,2.0,1.0,0.0,2.0,,,,11.0,473.0,1.0,3.0,4.0,10.0,58.8,1.0,24.0,1.0,0.0,36.4,0.0,0.0,0.0,9.0,2.0,0.0,13.0,5.0,0.0,0.0,0.0,0.0,0.0,0.0,0.0,0.0,25.0,0.0,0.0,CD_I1009199,False,15.0,Noah,Anderson,home,Gold Coast SUNS
CD_M20260140109,2026-03-15T07:10:00.000+0000,CONCLUDED,Premiership,Round 1,1,People First Stadium,Gold Coast SUNS,Gold Coast SUNS,West Coast Eagles,West Coast Eagles,1.0,"https://s.afl.com.au/staticfile/AFL Tenant/AFL/Players/ChampIDImages/AFL/2026014/1017396.png?im=Scale,width=0.6,height=0.6",BPL,CD_I1017396,False,1.0,Mac,Andrew,CD_T1000,,90.0,0.0,0.0,,8.0,7.0,15.0,5.0,0.0,1.0,7.0,10.0,17.0,1.0,0.0,0.0,0.0,12.0,80.0,5.0,1.0,3.0,49.0,3.0,0.0,0.0,8.3,,,3.0,9.0,0.0,0.0,,,,5.0,175.0,0.0,0.0,0.0,5.0,62.5,1.1,12.0,0.0,2.0,41.2,0.0,0.0,0.0,5.0,0.0,3.0,2.0,2.0,11.0,0.0,0.0,0.0,0.0,0.0,0.0,0.0,0.0,0.0,0.0,CD_I1017396,False,1.0,Mac,Andrew,home,Gold Coast SUNS
CD_M20260140109,2026-03-15T07:10:00.000+0000,CONCLUDED,Premiership,Round 1,1,People First Stadium,Gold Coast SUNS,Gold Coast SUNS,West Coast Eagles,West Coast Eagles,33.0,"https://s.afl.com.au/staticfile/AFL Tenant/AFL/Players/ChampIDImages/AFL/2026014/1013257.png?im=Scale,width=0.6,height=0.6",WR,CD_I1013257,False,33.0,Sam,Clohesy,CD_T1000,,82.0,1.0,0.0,,13.0,4.0,17.0,7.0,0.0,2.0,3.0,14.0,17.0,2.0,2.0,0.0,0.0,1.0,70.6,3.0,1.0,1.0,80.0,0.0,0.0,50.0,6.6,,,4.0,3.0,0.0,2.0,,,,5.0,507.0,0.0,2.0,2.0,9.0,69.2,3.3,12.0,0.0,1.0,17.6,0.0,0.0,0.0,2.0,0.0,1.0,9.0,5.0,1.0,0.0,0.0,0.0,0.0,0.0,0.0,0.0,0.0,0.0,0.0,CD_I1013257,False,33.0,Sam,Clohesy,home,Gold Coast SUNS
CD_M20260140109,2026-03-15T07:10:00.000+0000,CONCLUDED,Premiership,Round 1,1,People First Stadium,Gold Coast SUNS,Gold Coast SUNS,West Coast Eagles,West Coast Eagles,25.0,"https://s.afl.com.au/staticfile/AFL Tenant/AFL/Players/ChampIDImages/AFL/2026014/295446.png?im=Scale,width=0.6,height=0.6",BPR,CD_I295446,False,25.0,Sam,Collins,CD_T1000,,87.0,0.0,0.0,,4.0,4.0,8.0,4.0,0.0,1.0,4.0,4.0,8.0,0.0,0.0,1.0,0.0,5.0,87.5,0.0,0.0,0.0,36.0,2.0,0.0,0.0,8.5,,,2.0,6.0,0.0,0.0,,,,0.0,151.0,0.0,0.0,0.0,4.0,100.0,1.0,7.0,0.0,3.0,50.0,0.0,0.0,0.0,3.0,0.0,0.0,8.0,3.0,5.0,0.0,3.0,0.0,0.0,0.0,0.0,0.0,0.0,0.0,0.0,CD_I295446,False,25.0,Sam,Collins,home,Gold Coast SUNS
CD_M20260140109,2026-03-15T07:10:00.000+0000,CONCLUDED,Premiership,Round 1,1,People First Stadium,Gold Coast SUNS,Gold Coast SUNS,West Coast Eagles,West Coast Eagles,5.0,"https://s.afl.com.au/staticfile/AFL Tenant/AFL/Players/ChampIDImages/AFL/2026014/1013268.png?im=Scale,width=0.6,height=0.6",INT,CD_I1013268,False,5.0,Alex,Davies,CD_T1000,,62.0,1.0,2.0,,7.0,18.0,25.0,0.0,0.0,4.0,11.0,13.0,24.0,6.0,0.0,0.0,0.0,3.0,48.0,3.0,1.0,0.0,82.0,1.0,0.0,33.3,11.8,,,3.0,3.0,0.0,3.0,,,,10.0,292.0,1.0,2.0,3.0,1.0,14.3,0.4,12.0,0.0,0.0,45.8,0.0,0.0,0.0,9.0,0.0,2.0,12.0,6.0,2.0,0.0,0.0,0.0,0.0,0.0,0.0,0.0,7.0,0.0,0.0,CD_I1013268,False,5.0,Alex,Davies,home,Gold Coast SUNS
CD_M20260140109,2026-03-15T07:10:00.000+0000,CONCLUDED,Premiership,Round 1,1,People First Stadium,Gold Coast SUNS,Gold Coast SUNS,West Coast Eagles,West Coast Eagles,50.0,"https://s.afl.com.au/staticfile/AFL Tenant/AFL/Players/ChampIDImages/AFL/2026014/999715.png?im=Scale,width=0.6,height=0.6",INT,CD_I999715,False,50.0,Jy,Farrar,CD_T1000,,60.0,1.0,1.0,,5.0,4.0,9.0,4.0,0.0,0.0,2.0,7.0,9.0,2.0,2.0,0.0,0.0,0.0,66.7,3.0,0.0,1.0,39.0,0.0,1.0,50.0,-1.2,,,2.0,1.0,0.0,2.0,,,,4.0,168.0,0.0,0.0,0.0,3.0,60.0,1.3,6.0,1.0,0.0,22.2,0.0,0.0,0.0,1.0,0.0,0.0,7.0,0.0,0.0,0.0,0.0,0.0,0.0,3.0,0.0,0.0,0.0,0.0,0.0,CD_I999715,False,50.0,Jy,Farrar,home,Gold Coast SUNS
CD_M20260140109,2026-03-15T07:10:00.000+0000,CONCLUDED,Premiership,Round 1,1,People First Stadium,Gold Coast SUNS,Gold Coast SUNS,West Coast Eagles,West Coast Eagles,26.0,"https://s.afl.com.au/staticfile/AFL Tenant/AFL/Players/ChampIDImages/AFL/2026014/1026960.png?im=Scale,width=0.6,height=0.6",HFFR,CD_I1026960,False,26.0,Will,Graham,CD_T1000,,80.0,0.0,0.0,,4.0,4.0,8.0,2.0,1.0,4.0,2.0,6.0,8.0,4.0,0.0,0.0,0.0,0.0,62.5,0.0,0.0,0.0,42.0,0.0,0.0,0.0,6.3,,,2.0,1.0,0.0,0.0,,,,3.0,231.0,0.0,0.0,0.0,2.0,50.0,1.0,5.0,0.0,0.0,25.0,0.0,0.0,0.0,2.0,0.0,1.0,14.0,6.0,0.0,0.0,0.0,0.0,0.0,0.0,0.0,0.0,11.0,0.0,0.0,CD_I1026960,False,26.0,Will,Graham,home,Gold Coast SUNS
CD_M20260140109,2026-03-15T07:10:00.000+0000,CONCLUDED,Premiership,Round 1,1,People First Stadium,Gold Coast SUNS,Gold Coast SUNS,West Coast Eagles,West Coast Eagles,16.0,"https://s.afl.com.au/staticfile/AFL Tenant/AFL/Players/ChampIDImages/AFL/2026014/1005992.png?im=Scale,width=0.6,height=0.6",HBFR,CD_I1005992,False,16.0,Joel,Jeffrey,CD_T1000,,79.0,0.0,0.0,,17.0,11.0,28.0,4.0,0.0,2.0,10.0,17.0,27.0,3.0,0.0,0.0,0.0,1.0,75.0,2.0,3.0,0.0,96.0,4.0,1.0,0.0,13.4,,,1.0,2.0,0.0,0.0,,,,8.0,442.0,2.0,1.0,3.0,14.0,82.4,1.5,21.0,0.0,0.0,37.0,0.0,0.0,0.0,7.0,1.0,6.0,9.0,4.0,1.0,0.0,1.0,0.0,0.0,0.0,0.0,0.0,0.0,3.0,3.0,CD_I1005992,False,16.0,Joel,Jeffrey,home,Gold Coast SUNS
CD_M20260140109,2026-03-15T07:10:00.000+0000,CONCLUDED,Premiership,Round 1,1,People First Stadium,Gold Coast SUNS,Gold Coast SUNS,West Coast Eagles,West Coast Eagles,34.0,"https://s.afl.com.au/staticfile/AFL Tenant/AFL/Players/ChampIDImages/AFL/2026014/1006144.png?im=Scale,width=0.6,height=0.6",FF,CD_I1006144,False,34.0,Ben,King,CD_T1000,,92.0,5.0,1.0,,6.0,2.0,8.0,5.0,0.0,0.0,4.0,5.0,9.0,1.0,4.0,3.0,0.0,0.0,75.0,1.0,0.0,0.0,68.0,0.0,1.0,83.3,13.7,,,0.0,0.0,0.0,6.0,,,,7.0,172.0,0.0,0.0,0.0,5.0,83.3,3.0,6.0,1.0,0.0,44.4,0.0,0.0,0.0,1.0,1.0,0.0,7.0,0.0,0.0,0.0,0.0,0.0,0.0,1.0,0.0,0.0,0.0,0.0,0.0,CD_I1006144,False,34.0,Ben,King,home,Gold Coast SUNS
CD_M20260140109,2026-03-15T07:10:00.000+0000,CONCLUDED,Premiership,Round 1,1,People First Stadium,Gold Coast SUNS,Gold Coast SUNS,West Coast Eagles,West Coast Eagles,8.0,"https://s.afl.com.au/staticfile/AFL Tenant/AFL/Players/ChampIDImages/AFL/2026014/1029301.png?im=Scale,width=0.6,height=0.6",FPR,CD_I1029301,False,8.0,Leonardo,Lombard,CD_T1000,,89.0,2.0,2.0,,8.0,3.0,11.0,3.0,3.0,3.0,3.0,6.0,9.0,1.0,1.0,0.0,0.0,1.0,72.7,4.0,1.0,2.0,60.0,0.0,0.0,50.0,4.6,,,5.0,1.0,1.0,4.0,,,,5.0,326.0,0.0,0.0,0.0,6.0,75.0,2.7,8.0,1.0,0.0,33.3,0.0,0.0,0.0,2.0,1.0,0.0,14.0,1.0,0.0,0.0,0.0,0.0,0.0,1.0,1.0,100.0,0.0,0.0,0.0,CD_I1029301,False,8.0,Leonardo,Lombard,home,Gold Coast SUNS
CD_M20260140109,2026-03-15T07:10:00.000+0000,CONCLUDED,Premiership,Round 1,1,People First Stadium,Gold Coast SUNS,Gold Coast SUNS,West Coast Eagles,West Coast Eagles,22.0,"https://s.afl.com.au/staticfile/AFL Tenant/AFL/Players/ChampIDImages/AFL/2026014/993917.png?im=Scale,width=0.6,height=0.6",INT,CD_I993917,False,22.0,Ben,Long,CD_T1000,,80.0,1.0,0.0,,4.0,5.0,9.0,2.0,0.0,2.0,3.0,6.0,9.0,4.0,1.0,0.0,0.0,2.0,88.9,4.0,0.0,2.0,36.0,0.0,2.0,100.0,10.0,,,2.0,0.0,1.0,1.0,,,,5.0,178.0,0.0,0.0,0.0,3.0,75.0,0.8,8.0,2.0,0.0,33.3,0.0,0.0,0.0,2.0,2.0,0.0,13.0,1.0,1.0,0.0,0.0,0.0,0.0,1.0,0.0,0.0,0.0,0.0,0.0,CD_I993917,False,22.0,Ben,Long,home,Gold Coast SUNS
CD_M20260140109,2026-03-15T07:10:00.000+0000,CONCLUDED,Premiership,Round 1,1,People First Stadium,Gold Coast SUNS,Gold Coast SUNS,West Coast Eagles,West Coast Eagles,11.0,"https://s.afl.com.au/staticfile/AFL Tenant/AFL/Players/ChampIDImages/AFL/2026014/298272.png?im=Scale,width=0.6,height=0.6",HFFL,CD_I298272,False,11.0,Touk,Miller,CD_T1000,,80.0,1.0,0.0,,12.0,12.0,24.0,6.0,1.0,2.0,7.0,18.0,25.0,5.0,0.0,0.0,0.0,2.0,83.3,1.0,0.0,0.0,92.0,4.0,0.0,100.0,16.5,,,2.0,2.0,0.0,1.0,,,,8.0,497.0,2.0,1.0,3.0,9.0,75.0,1.0,20.0,1.0,0.0,28.0,0.0,0.0,0.0,7.0,1.0,2.0,10.0,3.0,1.0,0.0,1.0,0.0,0.0,0.0,0.0,0.0,8.0,0.0,0.0,CD_I298272,False,11.0,Touk,Miller,home,Gold Coast SUNS
CD_M20260140109,2026-03-15T07:10:00.000+0000,CONCLUDED,Premiership,Round 1,1,People First Stadium,Gold Coast SUNS,Gold Coast SUNS,West Coast Eagles,West Coast Eagles,2.0,"https://s.afl.com.au/staticfile/AFL Tenant/AFL/Players/ChampIDImages/AFL/2026014/1000072.png?im=Scale,width=0.6,height=0.6",HBFL,CD_I1000072,False,2.0,John,Noble,CD_T1000,,84.0,0.0,0.0,,14.0,11.0,25.0,7.0,0.0,1.0,5.0,19.0,24.0,2.0,0.0,0.0,0.0,1.0,80.0,3.0,0.0,1.0,86.0,5.0,0.0,0.0,10.6,,,3.0,5.0,0.0,0.0,,,,3.0,443.0,0.0,0.0,0.0,10.0,71.4,1.3,20.0,1.0,0.0,20.8,0.0,0.0,0.0,5.0,0.0,0.0,9.0,7.0,1.0,0.0,0.0,0.0,0.0,0.0,0.0,0.0,0.0,3.0,3.0,CD_I1000072,False,2.0,John,Noble,home,Gold Coast SUNS
CD_M20260140109,2026-03-15T07:10:00.000+0000,CONCLUDED,Premiership,Round 1,1,People First Stadium,Gold Coast SUNS,Gold Coast SUNS,West Coast Eagles,West Coast Eagles,3.0,"https://s.afl.com.au/staticfile/AFL Tenant/AFL/Players/ChampIDImages/AFL/2026014/298210.png?im=Scale,width=0.6,height=0.6",R,CD_I298210,False,3.0,Christian,Petracca,CD_T1000,,81.0,4.0,1.0,,13.0,10.0,23.0,4.0,0.0,3.0,12.0,9.0,21.0,8.0,2.0,1.0,0.0,2.0,78.3,1.0,0.0,0.0,108.0,0.0,1.0,80.0,31.0,,,2.0,3.0,1.0,5.0,,,,14.0,537.0,3.0,3.0,6.0,10.0,76.9,1.3,18.0,0.0,2.0,57.1,0.0,0.0,0.0,6.0,2.0,3.0,16.0,5.0,0.0,0.0,0.0,0.0,0.0,1.0,0.0,0.0,23.0,0.0,0.0,CD_I298210,False,3.0,Christian,Petracca,home,Gold Coast SUNS
CD_M20260140109,2026-03-15T07:10:00.000+0000,CONCLUDED,Premiership,Round 1,1,People First Stadium,Gold Coast SUNS,Gold Coast SUNS,West Coast Eagles,West Coast Eagles,27.0,"https://s.afl.com.au/staticfile/AFL Tenant/AFL/Players/ChampIDImages/AFL/2026014/1007881.png?im=Scale,width=0.6,height=0.6",C,CD_I1007881,False,27.0,Wil,Powell,CD_T1000,,78.0,0.0,1.0,,10.0,10.0,20.0,4.0,1.0,7.0,8.0,13.0,21.0,4.0,0.0,0.0,0.0,1.0,65.0,3.0,2.0,1.0,90.0,2.0,1.0,0.0,8.6,,,2.0,4.0,0.0,1.0,,,,7.0,388.0,1.0,2.0,3.0,8.0,80.0,1.0,13.0,1.0,1.0,38.1,0.0,0.0,0.0,5.0,1.0,0.0,21.0,15.0,1.0,0.0,0.0,0.0,0.0,0.0,0.0,0.0,28.0,0.0,0.0,CD_I1007881,False,27.0,Wil,Powell,home,Gold Coast SUNS
CD_M20260140109,2026-03-15T07:10:00.000+0000,CONCLUDED,Premiership,Round 1,1,People First Stadium,Gold Coast SUNS,Gold Coast SUNS,West Coast Eagles,West Coast Eagles,20.0,"https://s.afl.com.au/staticfile/AFL Tenant/AFL/Players/ChampIDImages/AFL/2026014/1027033.png?im=Scale,width=0.6,height=0.6",FPL,CD_I1027033,False,20.0,Ethan,Read,CD_T1000,,78.0,0.0,1.0,,6.0,5.0,11.0,3.0,0.0,2.0,6.0,7.0,13.0,1.0,1.0,1.0,2.0,0.0,54.5,7.0,1.0,4.0,37.0,0.0,0.0,0.0,-0.3,,,7.0,3.0,1.0,1.0,,,,3.0,140.0,0.0,0.0,0.0,2.0,33.3,1.2,6.0,1.0,1.0,46.2,0.0,9.1,0.0,4.0,0.0,1.0,12.0,3.0,0.0,22.0,0.0,0.0,0.0,1.0,0.0,0.0,4.0,0.0,0.0,CD_I1027033,False,20.0,Ethan,Read,home,Gold Coast SUNS
CD_M20260140109,2026-03-15T07:10:00.000+0000,CONCLUDED,Premiership,Round 1,1,People First Stadium,Gold Coast SUNS,Gold Coast SUNS,West Coast Eagles,West Coast Eagles,17.0,"https://s.afl.com.au/staticfile/AFL Tenant/AFL/Players/ChampIDImages/AFL/2026014/1000981.png?im=Scale,width=0.6,height=0.6",CHB,CD_I1000981,False,17.0,Daniel,Rioli,CD_T1000,,77.0,1.0,0.0,,4.0,8.0,12.0,1.0,2.0,3.0,2.0,10.0,12.0,2.0,0.0,0.0,0.0,2.0,83.3,1.0,0.0,1.0,46.0,1.0,0.0,100.0,9.8,,,2.0,2.0,0.0,1.0,,,,4.0,187.0,0.0,0.0,0.0,3.0,75.0,0.5,10.0,0.0,0.0,16.7,0.0,0.0,0.0,2.0,0.0,0.0,10.0,6.0,1.0,0.0,0.0,0.0,0.0,0.0,0.0,0.0,0.0,1.0,1.0,CD_I1000981,False,17.0,Daniel,Rioli,home,Gold Coast SUNS
CD_M20260140109,2026-03-15T07:10:00.000+0000,CONCLUDED,Premiership,Round 1,1,People First Stadium,Gold Coast SUNS,Gold Coast SUNS,West Coast Eagles,West Coast Eagles,29.0,"https://s.afl.com.au/staticfile/AFL Tenant/AFL/Players/ChampIDImages/AFL/2026014/1018123.png?im=Scale,width=0.6,height=0.6",CHF,CD_I1018123,False,29.0,Jake,Rogers,CD_T1000,,63.0,1.0,0.0,,4.0,11.0,15.0,2.0,1.0,3.0,7.0,9.0,16.0,1.0,0.0,0.0,0.0,1.0,86.7,1.0,1.0,0.0,59.0,0.0,4.0,100.0,15.1,,,1.0,2.0,0.0,1.0,,,,9.0,110.0,0.0,3.0,3.0,3.0,75.0,0.4,13.0,1.0,0.0,43.8,0.0,0.0,0.0,6.0,3.0,3.0,14.0,5.0,0.0,0.0,0.0,0.0,0.0,0.0,0.0,0.0,0.0,0.0,0.0,CD_I1018123,False,29.0,Jake,Rogers,home,Gold Coast SUNS
CD_M20260140109,2026-03-15T07:10:00.000+0000,CONCLUDED,Premiership,Round 1,1,People First Stadium,Gold Coast SUNS,Gold Coast SUNS,West Coast Eagles,West Coast Eagles,6.0,"https://s.afl.com.au/staticfile/AFL Tenant/AFL/Players/ChampIDImages/AFL/2026014/1017665.png?im=Scale,width=0.6,height=0.6",FB,CD_I1017665,False,6.0,Bodhi,Uwland,CD_T1000,,87.0,0.0,0.0,,13.0,11.0,24.0,6.0,0.0,3.0,8.0,11.0,19.0,1.0,0.0,1.0,0.0,2.0,91.7,1.0,1.0,0.0,92.0,1.0,0.0,0.0,11.5,,,4.0,5.0,0.0,0.0,,,,4.0,359.0,1.0,1.0,2.0,13.0,100.0,1.2,22.0,0.0,2.0,42.1,0.0,0.0,0.0,6.0,1.0,2.0,10.0,7.0,2.0,0.0,0.0,0.0,0.0,0.0,0.0,0.0,0.0,5.0,5.0,CD_I1017665,False,6.0,Bodhi,Uwland,home,Gold Coast SUNS
CD_M20260140109,2026-03-15T07:10:00.000+0000,CONCLUDED,Premiership,Round 1,1,People First Stadium,Gold Coast SUNS,Gold Coast SUNS,West Coast Eagles,West Coast Eagles,32.0,"https://s.afl.com.au/staticfile/AFL Tenant/AFL/Players/ChampIDImages/AFL/2026014/1029297.png?im=Scale,width=0.6,height=0.6",INT,CD_I1029297,False,32.0,Zeke,Uwland,CD_T1000,,66.0,0.0,0.0,,4.0,1.0,5.0,2.0,0.0,0.0,2.0,3.0,5.0,2.0,0.0,0.0,0.0,1.0,80.0,1.0,2.0,1.0,19.0,0.0,0.0,0.0,5.4,,,1.0,2.0,0.0,0.0,,,,1.0,167.0,0.0,2.0,2.0,3.0,75.0,4.0,4.0,0.0,1.0,40.0,0.0,0.0,0.0,1.0,0.0,0.0,12.0,4.0,0.0,0.0,0.0,0.0,0.0,0.0,0.0,0.0,0.0,0.0,0.0,CD_I1029297,False,32.0,Zeke,Uwland,home,Gold Coast SUNS
CD_M20260140109,2026-03-15T07:10:00.000+0000,CONCLUDED,Premiership,Round 1,1,People First Stadium,Gold Coast SUNS,Gold Coast SUNS,West Coast Eagles,West Coast Eagles,14.0,"https://s.afl.com.au/staticfile/AFL Tenant/AFL/Players/ChampIDImages/AFL/2026014/298524.png?im=Scale,width=0.6,height=0.6",WL,CD_I298524,False,14.0,Lachie,Weller,CD_T1000,,77.0,0.0,0.0,,5.0,7.0,12.0,1.0,4.0,0.0,3.0,10.0,13.0,1.0,0.0,0.0,0.0,2.0,91.7,1.0,0.0,0.0,32.0,1.0,1.0,0.0,7.2,,,1.0,1.0,0.0,0.0,,,,4.0,261.0,0.0,2.0,2.0,4.0,80.0,0.7,11.0,0.0,0.0,23.1,0.0,0.0,0.0,1.0,0.0,0.0,8.0,3.0,1.0,0.0,0.0,0.0,0.0,0.0,0.0,0.0,0.0,0.0,0.0,CD_I298524,False,14.0,Lachie,Weller,home,Gold Coast SUNS
CD_M20260140109,2026-03-15T07:10:00.000+0000,CONCLUDED,Premiership,Round 1,1,People First Stadium,Gold Coast SUNS,Gold Coast SUNS,West Coast Eagles,West Coast Eagles,28.0,"https://s.afl.com.au/staticfile/AFL Tenant/AFL/Players/ChampIDImages/AFL/2026014/291975.png?im=Scale,width=0.6,height=0.6",RK,CD_I291975,False,28.0,Jarrod,Witts,CD_T1000,,77.0,1.0,0.0,,9.0,11.0,20.0,2.0,0.0,1.0,16.0,3.0,19.0,3.0,1.0,1.0,51.0,5.0,55.0,6.0,2.0,1.0,115.0,0.0,0.0,100.0,17.2,,,4.0,3.0,0.0,1.0,,,,8.0,172.0,3.0,4.0,7.0,3.0,33.3,0.8,11.0,0.0,0.0,84.2,14.0,77.3,27.5,9.0,0.0,7.0,3.0,1.0,5.0,66.0,0.0,0.0,0.0,1.0,0.0,0.0,30.0,0.0,0.0,CD_I291975,False,28.0,Jarrod,Witts,home,Gold Coast SUNS
CD_M20260140109,2026-03-15T07:10:00.000+0000,CONCLUDED,Premiership,Round 1,1,People First Stadium,Gold Coast SUNS,Gold Coast SUNS,West Coast Eagles,West Coast Eagles,26.0,"https://s.afl.com.au/staticfile/AFL Tenant/AFL/Players/ChampIDImages/AFL/2026014/1028449.png?im=Scale,width=0.6,height=0.6",BPR,CD_I1028449,False,26.0,Bo,Allan,CD_T150,,78.0,0.0,0.0,,9.0,6.0,15.0,6.0,1.0,1.0,8.0,9.0,17.0,3.0,0.0,1.0,0.0,0.0,100.0,6.0,1.0,4.0,50.0,1.0,1.0,0.0,9.3,,,2.0,6.0,0.0,0.0,,,,7.0,268.0,0.0,0.0,0.0,9.0,100.0,1.5,15.0,1.0,3.0,47.1,0.0,0.0,0.0,6.0,1.0,1.0,11.0,4.0,0.0,0.0,1.0,0.0,0.0,0.0,0.0,0.0,7.0,0.0,0.0,CD_I1028449,False,26.0,Bo,Allan,away,West Coast Eagles
CD_M20260140109,2026-03-15T07:10:00.000+0000,CONCLUDED,Premiership,Round 1,1,People First Stadium,Gold Coast SUNS,Gold Coast SUNS,West Coast Eagles,West Coast Eagles,28.0,"https://s.afl.com.au/staticfile/AFL Tenant/AFL/Players/ChampIDImages/AFL/2026014/993820.png?im=Scale,width=0.6,height=0.6",INT,CD_I993820,False,28.0,Tom,Cole,CD_T150,,91.0,0.0,0.0,,7.0,2.0,9.0,7.0,0.0,1.0,2.0,9.0,11.0,1.0,0.0,0.0,0.0,3.0,88.9,3.0,0.0,1.0,47.0,2.0,0.0,0.0,6.2,,,1.0,3.0,0.0,0.0,,,,4.0,172.0,1.0,0.0,1.0,6.0,85.7,3.5,8.0,1.0,3.0,18.2,0.0,0.0,0.0,0.0,0.0,1.0,10.0,6.0,1.0,0.0,1.0,0.0,0.0,0.0,0.0,0.0,0.0,0.0,0.0,CD_I993820,False,28.0,Tom,Cole,away,West Coast Eagles
CD_M20260140109,2026-03-15T07:10:00.000+0000,CONCLUDED,Premiership,Round 1,1,People First Stadium,Gold Coast SUNS,Gold Coast SUNS,West Coast Eagles,West Coast Eagles,15.0,"https://s.afl.com.au/staticfile/AFL Tenant/AFL/Players/ChampIDImages/AFL/2026014/290826.png?im=Scale,width=0.6,height=0.6",FPR,CD_I290826,False,15.0,Jamie,Cripps,CD_T150,,82.0,0.0,1.0,,8.0,5.0,13.0,6.0,0.0,3.0,3.0,10.0,13.0,1.0,0.0,0.0,0.0,2.0,69.2,1.0,0.0,0.0,65.0,0.0,0.0,0.0,2.0,,,3.0,3.0,0.0,2.0,,,,3.0,82.0,0.0,1.0,1.0,6.0,75.0,1.6,9.0,2.0,2.0,23.1,0.0,0.0,0.0,3.0,1.0,0.0,20.0,8.0,0.0,0.0,0.0,0.0,0.0,0.0,0.0,0.0,0.0,0.0,0.0,CD_I290826,False,15.0,Jamie,Cripps,away,West Coast Eagles
CD_M20260140109,2026-03-15T07:10:00.000+0000,CONCLUDED,Premiership,Round 1,1,People First Stadium,Gold Coast SUNS,Gold Coast SUNS,West Coast Eagles,West Coast Eagles,38.0,"https://s.afl.com.au/staticfile/AFL Tenant/AFL/Players/ChampIDImages/AFL/2026014/1032624.png?im=Scale,width=0.6,height=0.6",WL,CD_I1032624,False,38.0,Hamish,Davis,CD_T150,,80.0,0.0,0.0,,11.0,3.0,14.0,6.0,0.0,4.0,4.0,10.0,14.0,4.0,0.0,1.0,0.0,1.0,57.1,2.0,2.0,0.0,75.0,2.0,0.0,0.0,6.9,,,5.0,1.0,0.0,0.0,,,,3.0,351.0,0.0,0.0,0.0,6.0,54.5,3.7,8.0,0.0,0.0,28.6,0.0,0.0,0.0,2.0,0.0,1.0,13.0,5.0,1.0,0.0,0.0,0.0,0.0,0.0,0.0,0.0,0.0,0.0,0.0,CD_I1032624,False,38.0,Hamish,Davis,away,West Coast Eagles
CD_M20260140109,2026-03-15T07:10:00.000+0000,CONCLUDED,Premiership,Round 1,1,People First Stadium,Gold Coast SUNS,Gold Coast SUNS,West Coast Eagles,West Coast Eagles,21.0,"https://s.afl.com.au/staticfile/AFL Tenant/AFL/Players/ChampIDImages/AFL/2026014/1028725.png?im=Scale,width=0.6,height=0.6",INT,CD_I1028725,False,21.0,Cooper,Duff-Tytler,CD_T150,,72.0,0.0,1.0,,5.0,3.0,8.0,1.0,0.0,5.0,4.0,4.0,8.0,2.0,1.0,0.0,5.0,0.0,62.5,1.0,1.0,0.0,51.0,1.0,0.0,0.0,3.4,,,1.0,1.0,0.0,2.0,,,,3.0,198.0,1.0,1.0,2.0,3.0,60.0,1.7,5.0,0.0,0.0,50.0,0.0,23.8,0.0,3.0,1.0,1.0,10.0,5.0,0.0,21.0,0.0,0.0,0.0,0.0,0.0,0.0,7.0,0.0,0.0,CD_I1028725,False,21.0,Cooper,Duff-Tytler,away,West Coast Eagles
CD_M20260140109,2026-03-15T07:10:00.000+0000,CONCLUDED,Premiership,Round 1,1,People First Stadium,Gold Coast SUNS,Gold Coast SUNS,West Coast Eagles,West Coast Eagles,14.0,"https://s.afl.com.au/staticfile/AFL Tenant/AFL/Players/ChampIDImages/AFL/2026014/298268.png?im=Scale,width=0.6,height=0.6",HBFL,CD_I298268,False,14.0,Liam,Duggan,CD_T150,,75.0,0.0,0.0,,16.0,5.0,21.0,7.0,1.0,3.0,3.0,14.0,17.0,1.0,0.0,0.0,0.0,1.0,81.0,0.0,0.0,0.0,91.0,6.0,0.0,0.0,7.0,,,5.0,5.0,0.0,0.0,,,,3.0,432.0,0.0,1.0,1.0,13.0,81.3,3.2,17.0,2.0,2.0,17.6,0.0,0.0,0.0,3.0,0.0,2.0,7.0,5.0,1.0,0.0,0.0,0.0,0.0,0.0,0.0,0.0,0.0,4.0,3.0,CD_I298268,False,14.0,Liam,Duggan,away,West Coast Eagles
CD_M20260140109,2026-03-15T07:10:00.000+0000,CONCLUDED,Premiership,Round 1,1,People First Stadium,Gold Coast SUNS,Gold Coast SUNS,West Coast Eagles,West Coast Eagles,1.0,"https://s.afl.com.au/staticfile/AFL Tenant/AFL/Players/ChampIDImages/AFL/2026014/1033115.png?im=Scale,width=0.6,height=0.6",HFFR,CD_I1033115,False,1.0,Willem,Duursma,CD_T150,,80.0,0.0,0.0,,6.0,8.0,14.0,5.0,4.0,5.0,5.0,10.0,15.0,2.0,0.0,0.0,0.0,3.0,71.4,2.0,0.0,0.0,69.0,2.0,0.0,0.0,8.7,,,2.0,2.0,0.0,0.0,,,,3.0,205.0,1.0,0.0,1.0,4.0,66.7,0.8,10.0,0.0,1.0,33.3,0.0,0.0,0.0,5.0,1.0,0.0,15.0,6.0,2.0,0.0,0.0,0.0,0.0,0.0,0.0,0.0,7.0,0.0,0.0,CD_I1033115,False,1.0,Willem,Duursma,away,West Coast Eagles
CD_M20260140109,2026-03-15T07:10:00.000+0000,CONCLUDED,Premiership,Round 1,1,People First Stadium,Gold Coast SUNS,Gold Coast SUNS,West Coast Eagles,West Coast Eagles,25.0,"https://s.afl.com.au/staticfile/AFL Tenant/AFL/Players/ChampIDImages/AFL/2026014/993902.png?im=Scale,width=0.6,height=0.6",RK,CD_I993902,False,25.0,Matt,Flynn,CD_T150,,76.0,0.0,0.0,,2.0,7.0,9.0,2.0,0.0,2.0,6.0,4.0,10.0,0.0,0.0,1.0,18.0,2.0,77.8,4.0,0.0,3.0,43.0,0.0,1.0,0.0,5.4,,,0.0,2.0,0.0,0.0,,,,2.0,45.0,1.0,1.0,2.0,1.0,50.0,0.3,7.0,0.0,1.0,60.0,4.0,28.6,22.2,2.0,0.0,1.0,13.0,8.0,1.0,63.0,1.0,0.0,0.0,0.0,0.0,0.0,27.0,0.0,0.0,CD_I993902,False,25.0,Matt,Flynn,away,West Coast Eagles
CD_M20260140109,2026-03-15T07:10:00.000+0000,CONCLUDED,Premiership,Round 1,1,People First Stadium,Gold Coast SUNS,Gold Coast SUNS,West Coast Eagles,West Coast Eagles,7.0,"https://s.afl.com.au/staticfile/AFL Tenant/AFL/Players/ChampIDImages/AFL/2026014/1023025.png?im=Scale,width=0.6,height=0.6",BPL,CD_I1023025,False,7.0,Reuben,Ginbey,CD_T150,,88.0,0.0,0.0,,6.0,5.0,11.0,4.0,1.0,1.0,3.0,8.0,11.0,0.0,0.0,0.0,0.0,9.0,90.9,0.0,1.0,0.0,45.0,2.0,1.0,0.0,10.3,,,2.0,4.0,0.0,0.0,,,,2.0,173.0,0.0,0.0,0.0,5.0,83.3,1.2,10.0,0.0,1.0,27.3,0.0,0.0,0.0,2.0,0.0,0.0,6.0,6.0,9.0,0.0,2.0,0.0,0.0,0.0,0.0,0.0,0.0,0.0,0.0,CD_I1023025,False,7.0,Reuben,Ginbey,away,West Coast Eagles
CD_M20260140109,2026-03-15T07:10:00.000+0000,CONCLUDED,Premiership,Round 1,1,People First Stadium,Gold Coast SUNS,Gold Coast SUNS,West Coast Eagles,West Coast Eagles,17.0,"https://s.afl.com.au/staticfile/AFL Tenant/AFL/Players/ChampIDImages/AFL/2026014/990827.png?im=Scale,width=0.6,height=0.6",HFFL,CD_I990827,False,17.0,Jack,Graham,CD_T150,,78.0,0.0,0.0,,10.0,9.0,19.0,4.0,0.0,8.0,9.0,9.0,18.0,3.0,0.0,0.0,0.0,0.0,63.2,3.0,2.0,1.0,91.0,1.0,1.0,0.0,3.9,,,2.0,2.0,0.0,0.0,,,,5.0,203.0,1.0,3.0,4.0,7.0,70.0,1.1,12.0,1.0,0.0,50.0,0.0,0.0,0.0,8.0,1.0,1.0,25.0,12.0,0.0,0.0,0.0,0.0,0.0,0.0,0.0,0.0,14.0,0.0,0.0,CD_I990827,False,17.0,Jack,Graham,away,West Coast Eagles
CD_M20260140109,2026-03-15T07:10:00.000+0000,CONCLUDED,Premiership,Round 1,1,People First Stadium,Gold Coast SUNS,Gold Coast SUNS,West Coast Eagles,West Coast Eagles,19.0,"https://s.afl.com.au/staticfile/AFL Tenant/AFL/Players/ChampIDImages/AFL/2026014/1023167.png?im=Scale,width=0.6,height=0.6",CHB,CD_I1023167,False,19.0,Brady,Hough,CD_T150,,85.0,0.0,0.0,,9.0,1.0,10.0,5.0,0.0,1.0,1.0,9.0,10.0,0.0,0.0,0.0,0.0,1.0,90.0,0.0,0.0,0.0,48.0,3.0,0.0,0.0,3.8,,,1.0,1.0,0.0,0.0,,,,3.0,78.0,0.0,0.0,0.0,8.0,88.9,9.0,9.0,1.0,0.0,10.0,0.0,0.0,0.0,1.0,0.0,1.0,9.0,8.0,0.0,0.0,0.0,0.0,0.0,0.0,0.0,0.0,9.0,0.0,0.0,CD_I1023167,False,19.0,Brady,Hough,away,West Coast Eagles
CD_M20260140109,2026-03-15T07:10:00.000+0000,CONCLUDED,Premiership,Round 1,1,People First Stadium,Gold Coast SUNS,Gold Coast SUNS,West Coast Eagles,West Coast Eagles,5.0,"https://s.afl.com.au/staticfile/AFL Tenant/AFL/Players/ChampIDImages/AFL/2026014/1033078.png?im=Scale,width=0.6,height=0.6",HBFR,CD_I1033078,False,5.0,Josh,Lindsay,CD_T150,,71.0,0.0,0.0,,12.0,4.0,16.0,4.0,0.0,3.0,5.0,10.0,15.0,0.0,0.0,0.0,0.0,1.0,81.3,2.0,1.0,1.0,66.0,2.0,0.0,0.0,1.6,,,4.0,5.0,0.0,0.0,,,,0.0,175.0,0.0,0.0,0.0,10.0,83.3,3.0,13.0,0.0,0.0,33.3,0.0,0.0,0.0,3.0,0.0,0.0,10.0,8.0,0.0,0.0,1.0,1.0,100.0,0.0,0.0,0.0,0.0,3.0,3.0,CD_I1033078,False,5.0,Josh,Lindsay,away,West Coast Eagles
CD_M20260140109,2026-03-15T07:10:00.000+0000,CONCLUDED,Premiership,Round 1,1,People First Stadium,Gold Coast SUNS,Gold Coast SUNS,West Coast Eagles,West Coast Eagles,23.0,"https://s.afl.com.au/staticfile/AFL Tenant/AFL/Players/ChampIDImages/AFL/2026014/1029416.png?im=Scale,width=0.6,height=0.6",INT,CD_I1029416,False,23.0,Ryan,Maric,CD_T150,,79.0,0.0,0.0,,10.0,9.0,19.0,5.0,0.0,3.0,3.0,12.0,15.0,1.0,0.0,0.0,0.0,2.0,100.0,0.0,0.0,0.0,75.0,2.0,0.0,0.0,11.3,,,1.0,3.0,0.0,0.0,,,,5.0,243.0,0.0,0.0,0.0,10.0,100.0,1.1,19.0,0.0,0.0,20.0,0.0,0.0,0.0,3.0,0.0,2.0,13.0,9.0,1.0,0.0,0.0,0.0,0.0,0.0,0.0,0.0,0.0,3.0,3.0,CD_I1029416,False,23.0,Ryan,Maric,away,West Coast Eagles
CD_M20260140109,2026-03-15T07:10:00.000+0000,CONCLUDED,Premiership,Round 1,1,People First Stadium,Gold Coast SUNS,Gold Coast SUNS,West Coast Eagles,West Coast Eagles,18.0,"https://s.afl.com.au/staticfile/AFL Tenant/AFL/Players/ChampIDImages/AFL/2026014/1036124.png?im=Scale,width=0.6,height=0.6",R,CD_I1036124,False,18.0,Tom,McCarthy,CD_T150,,64.0,0.0,0.0,,14.0,3.0,17.0,6.0,1.0,5.0,4.0,14.0,18.0,4.0,0.0,0.0,0.0,0.0,70.6,2.0,2.0,0.0,88.0,3.0,0.0,0.0,6.6,,,3.0,0.0,0.0,0.0,,,,3.0,407.0,1.0,2.0,3.0,9.0,64.3,4.7,12.0,1.0,0.0,22.2,0.0,0.0,0.0,2.0,0.0,1.0,18.0,12.0,0.0,0.0,0.0,0.0,0.0,0.0,0.0,0.0,12.0,0.0,0.0,CD_I1036124,False,18.0,Tom,McCarthy,away,West Coast Eagles
CD_M20260140109,2026-03-15T07:10:00.000+0000,CONCLUDED,Premiership,Round 1,1,People First Stadium,Gold Coast SUNS,Gold Coast SUNS,West Coast Eagles,West Coast Eagles,47.0,"https://s.afl.com.au/staticfile/AFL Tenant/AFL/Players/ChampIDImages/AFL/2026014/1005972.png?im=Scale,width=0.6,height=0.6",INT,CD_I1005972,False,47.0,Milan,Murdock,CD_T150,,76.0,2.0,1.0,,13.0,9.0,22.0,2.0,0.0,5.0,14.0,8.0,22.0,4.0,0.0,0.0,0.0,2.0,59.1,3.0,2.0,1.0,95.0,2.0,0.0,66.7,13.9,,,6.0,5.0,3.0,3.0,,,,8.0,296.0,2.0,2.0,4.0,8.0,61.5,1.4,13.0,0.0,0.0,63.6,0.0,0.0,0.0,11.0,1.0,3.0,17.0,7.0,0.0,0.0,0.0,0.0,0.0,1.0,0.0,0.0,0.0,0.0,0.0,CD_I1005972,False,47.0,Milan,Murdock,away,West Coast Eagles
CD_M20260140109,2026-03-15T07:10:00.000+0000,CONCLUDED,Premiership,Round 1,1,People First Stadium,Gold Coast SUNS,Gold Coast SUNS,West Coast Eagles,West Coast Eagles,46.0,"https://s.afl.com.au/staticfile/AFL Tenant/AFL/Players/ChampIDImages/AFL/2026014/1022486.png?im=Scale,width=0.6,height=0.6",INT,CD_I1022486,False,46.0,Jacob,Newton,CD_T150,,79.0,1.0,1.0,,4.0,5.0,9.0,0.0,0.0,2.0,6.0,3.0,9.0,0.0,0.0,0.0,0.0,0.0,55.6,1.0,1.0,0.0,38.0,0.0,0.0,50.0,7.4,,,2.0,0.0,0.0,2.0,,,,3.0,94.0,0.0,2.0,2.0,1.0,25.0,0.8,5.0,0.0,0.0,66.7,0.0,0.0,0.0,5.0,2.0,2.0,16.0,5.0,0.0,0.0,0.0,0.0,0.0,0.0,0.0,0.0,0.0,0.0,0.0,CD_I1022486,False,46.0,Jacob,Newton,away,West Coast Eagles
CD_M20260140109,2026-03-15T07:10:00.000+0000,CONCLUDED,Premiership,Round 1,1,People First Stadium,Gold Coast SUNS,Gold Coast SUNS,West Coast Eagles,West Coast Eagles,22.0,"https://s.afl.com.au/staticfile/AFL Tenant/AFL/Players/ChampIDImages/AFL/2026014/1027693.png?im=Scale,width=0.6,height=0.6",FPL,CD_I1027693,False,22.0,Archer,Reid,CD_T150,,81.0,1.0,1.0,,6.0,2.0,8.0,2.0,0.0,1.0,5.0,3.0,8.0,0.0,1.0,2.0,1.0,1.0,50.0,2.0,3.0,1.0,40.0,1.0,0.0,50.0,1.7,,,3.0,1.0,1.0,2.0,,,,5.0,130.0,0.0,1.0,1.0,2.0,33.3,3.0,4.0,0.0,0.0,62.5,0.0,33.3,0.0,0.0,0.0,1.0,5.0,1.0,1.0,3.0,0.0,0.0,0.0,2.0,1.0,50.0,0.0,0.0,0.0,CD_I1027693,False,22.0,Archer,Reid,away,West Coast Eagles
CD_M20260140109,2026-03-15T07:10:00.000+0000,CONCLUDED,Premiership,Round 1,1,People First Stadium,Gold Coast SUNS,Gold Coast SUNS,West Coast Eagles,West Coast Eagles,9.0,"https://s.afl.com.au/staticfile/AFL Tenant/AFL/Players/ChampIDImages/AFL/2026014/1023492.png?im=Scale,width=0.6,height=0.6",RR,CD_I1023492,False,9.0,Harley,Reid,CD_T150,,81.0,0.0,0.0,,10.0,13.0,23.0,2.0,2.0,2.0,12.0,11.0,23.0,3.0,0.0,0.0,0.0,1.0,73.9,5.0,1.0,3.0,62.0,0.0,0.0,0.0,16.1,,,4.0,0.0,0.0,1.0,,,,7.0,357.0,5.0,0.0,5.0,7.0,70.0,0.8,17.0,0.0,0.0,52.2,0.0,0.0,0.0,10.0,1.0,1.0,13.0,9.0,0.0,0.0,0.0,0.0,0.0,0.0,0.0,0.0,29.0,0.0,0.0,CD_I1023492,False,9.0,Harley,Reid,away,West Coast Eagles
CD_M20260140109,2026-03-15T07:10:00.000+0000,CONCLUDED,Premiership,Round 1,1,People First Stadium,Gold Coast SUNS,Gold Coast SUNS,West Coast Eagles,West Coast Eagles,40.0,"https://s.afl.com.au/staticfile/AFL Tenant/AFL/Players/ChampIDImages/AFL/2026014/1009385.png?im=Scale,width=0.6,height=0.6",WR,CD_I1009385,False,40.0,Deven,Robertson,CD_T150,,73.0,0.0,0.0,,12.0,5.0,17.0,3.0,0.0,12.0,10.0,8.0,18.0,2.0,0.0,0.0,0.0,1.0,52.9,2.0,1.0,0.0,104.0,4.0,0.0,0.0,10.0,,,5.0,2.0,1.0,0.0,,,,1.0,296.0,3.0,2.0,5.0,5.0,41.7,2.4,9.0,1.0,0.0,55.6,0.0,0.0,0.0,9.0,0.0,0.0,25.0,9.0,0.0,0.0,0.0,0.0,0.0,0.0,0.0,0.0,15.0,0.0,0.0,CD_I1009385,False,40.0,Deven,Robertson,away,West Coast Eagles
CD_M20260140109,2026-03-15T07:10:00.000+0000,CONCLUDED,Premiership,Round 1,1,People First Stadium,Gold Coast SUNS,Gold Coast SUNS,West Coast Eagles,West Coast Eagles,35.0,"https://s.afl.com.au/staticfile/AFL Tenant/AFL/Players/ChampIDImages/AFL/2026014/1031913.png?im=Scale,width=0.6,height=0.6",CHF,CD_I1031913,False,35.0,Jobe,Shanahan,CD_T150,,88.0,1.0,1.0,,6.0,4.0,10.0,4.0,0.0,2.0,5.0,7.0,12.0,0.0,2.0,0.0,0.0,4.0,70.0,0.0,1.0,0.0,54.0,1.0,0.0,50.0,6.8,,,0.0,3.0,0.0,2.0,,,,4.0,111.0,0.0,0.0,0.0,4.0,66.7,1.5,7.0,0.0,1.0,41.7,0.0,0.0,0.0,2.0,1.0,2.0,9.0,5.0,2.0,1.0,0.0,0.0,0.0,2.0,0.0,0.0,0.0,0.0,0.0,CD_I1031913,False,35.0,Jobe,Shanahan,away,West Coast Eagles
CD_M20260140109,2026-03-15T07:10:00.000+0000,CONCLUDED,Premiership,Round 1,1,People First Stadium,Gold Coast SUNS,Gold Coast SUNS,West Coast Eagles,West Coast Eagles,2.0,"https://s.afl.com.au/staticfile/AFL Tenant/AFL/Players/ChampIDImages/AFL/2026014/996554.png?im=Scale,width=0.6,height=0.6",FF,CD_I996554,False,2.0,Jake,Waterman,CD_T150,,87.0,3.0,3.0,,11.0,0.0,11.0,9.0,0.0,1.0,5.0,8.0,13.0,4.0,4.0,2.0,0.0,2.0,54.5,4.0,1.0,2.0,80.0,0.0,0.0,42.9,8.1,,,2.0,1.0,1.0,7.0,,,,9.0,321.0,0.0,0.0,0.0,6.0,54.5,11.0,6.0,1.0,0.0,38.5,0.0,0.0,0.0,1.0,1.0,1.0,3.0,0.0,1.0,0.0,0.0,0.0,0.0,1.0,0.0,0.0,0.0,0.0,0.0,CD_I996554,False,2.0,Jake,Waterman,away,West Coast Eagles
CD_M20260140109,2026-03-15T07:10:00.000+0000,CONCLUDED,Premiership,Round 1,1,People First Stadium,Gold Coast SUNS,Gold Coast SUNS,West Coast Eagles,West Coast Eagles,6.0,"https://s.afl.com.au/staticfile/AFL Tenant/AFL/Players/ChampIDImages/AFL/2026014/292128.png?im=Scale,width=0.6,height=0.6",C,CD_I292128,False,6.0,Elliot,Yeo,CD_T150,,57.0,2.0,0.0,,9.0,8.0,17.0,3.0,1.0,3.0,9.0,9.0,18.0,3.0,0.0,0.0,0.0,1.0,76.5,3.0,1.0,2.0,71.0,1.0,1.0,100.0,17.1,,,4.0,1.0,0.0,2.0,,,,5.0,388.0,0.0,2.0,2.0,7.0,77.8,1.1,13.0,1.0,0.0,50.0,0.0,0.0,0.0,5.0,1.0,0.0,15.0,9.0,1.0,0.0,1.0,0.0,0.0,1.0,0.0,0.0,9.0,0.0,0.0,CD_I292128,False,6.0,Elliot,Yeo,away,West Coast Eagles
CD_M20260140109,2026-03-15T07:10:00.000+0000,CONCLUDED,Premiership,Round 1,1,People First Stadium,Gold Coast SUNS,Gold Coast SUNS,West Coast Eagles,West Coast Eagles,20.0,"https://s.afl.com.au/staticfile/AFL Tenant/AFL/Players/ChampIDImages/AFL/2026014/1018433.png?im=Scale,width=0.6,height=0.6",FB,CD_I1018433,False,20.0,Tylar,Young,CD_T150,,81.0,0.0,0.0,,10.0,6.0,16.0,5.0,0.0,0.0,4.0,10.0,14.0,1.0,0.0,0.0,0.0,5.0,75.0,2.0,0.0,0.0,57.0,4.0,1.0,0.0,10.1,,,3.0,6.0,0.0,0.0,,,,3.0,321.0,0.0,0.0,0.0,8.0,80.0,1.7,12.0,0.0,1.0,28.6,0.0,0.0,0.0,4.0,0.0,0.0,2.0,2.0,5.0,0.0,2.0,0.0,0.0,0.0,0.0,0.0,0.0,1.0,1.0,CD_I1018433,False,20.0,Tylar,Young,away,West Coast Eagles
CD_M20260140201,2026-03-19T08:30:00.000+0000,SCHEDULED,Premiership,Round 2,2,MCG,Hawthorn,Hawthorn,Sydney Swans,Sydney Swans,,,,,,,,,,,,,,,,,,,,,,,,,,,,,,,,,,,,,,,,,,,,,,,,,,,,,,,,,,,,,,,,,,,,,,,,,,,,,,,,,,,,
CD_M20260140202,2026-03-20T08:40:00.000+0000,SCHEDULED,Premiership,Round 2,2,Adelaide Oval,Adelaide Crows,Adelaide Crows,Western Bulldogs,Western Bulldogs,,,,,,,,,,,,,,,,,,,,,,,,,,,,,,,,,,,,,,,,,,,,,,,,,,,,,,,,,,,,,,,,,,,,,,,,,,,,,,,,,,,,
CD_M20260140203,2026-03-21T02:15:00.000+0000,SCHEDULED,Premiership,Round 2,2,MCG,Richmond,Richmond,Gold Coast SUNS,Gold Coast SUNS,,,,,,,,,,,,,,,,,,,,,,,,,,,,,,,,,,,,,,,,,,,,,,,,,,,,,,,,,,,,,,,,,,,,,,,,,,,,,,,,,,,,
CD_M20260140204,2026-03-21T05:15:00.000+0000,SCHEDULED,Premiership,Round 2,2,ENGIE Stadium,GWS GIANTS,GWS GIANTS,St Kilda,St Kilda,,,,,,,,,,,,,,,,,,,,,,,,,,,,,,,,,,,,,,,,,,,,,,,,,,,,,,,,,,,,,,,,,,,,,,,,,,,,,,,,,,,,
CD_M20260140205,2026-03-21T08:35:00.000+0000,SCHEDULED,Premiership,Round 2,2,Optus Stadium,Fremantle,Fremantle,Melbourne,Melbourne,,,,,,,,,,,,,,,,,,,,,,,,,,,,,,,,,,,,,,,,,,,,,,,,,,,,,,,,,,,,,,,,,,,,,,,,,,,,,,,,,,,,
CD_M20260140206,2026-03-22T04:15:00.000+0000,SCHEDULED,Premiership,Round 2,2,Adelaide Oval,Port Adelaide,Port Adelaide,Essendon,Essendon,,,,,,,,,,,,,,,,,,,,,,,,,,,,,,,,,,,,,,,,,,,,,,,,,,,,,,,,,,,,,,,,,,,,,,,,,,,,,,,,,,,,
CD_M20260140207,2026-03-22T07:10:00.000+0000,SCHEDULED,Premiership,Round 2,2,Optus Stadium,West Coast Eagles,West Coast Eagles,North Melbourne,North Melbourne,,,,,,,,,,,,,,,,,,,,,,,,,,,,,,,,,,,,,,,,,,,,,,,,,,,,,,,,,,,,,,,,,,,,,,,,,,,,,,,,,,,,
CD_M20260140301,2026-03-26T08:30:00.000+0000,SCHEDULED,Premiership,Round 3,3,GMHBA Stadium,Geelong Cats,Geelong Cats,Adelaide Crows,Adelaide Crows,,,,,,,,,,,,,,,,,,,,,,,,,,,,,,,,,,,,,,,,,,,,,,,,,,,,,,,,,,,,,,,,,,,,,,,,,,,,,,,,,,,,
CD_M20260140302,2026-03-27T08:40:00.000+0000,SCHEDULED,Premiership,Round 3,3,Marvel Stadium,Collingwood,Collingwood,GWS GIANTS,GWS GIANTS,,,,,,,,,,,,,,,,,,,,,,,,,,,,,,,,,,,,,,,,,,,,,,,,,,,,,,,,,,,,,,,,,,,,,,,,,,,,,,,,,,,,
CD_M20260140303,2026-03-28T01:35:00.000+0000,SCHEDULED,Premiership,Round 3,3,Marvel Stadium,St Kilda,St Kilda,Brisbane Lions,Brisbane Lions,,,,,,,,,,,,,,,,,,,,,,,,,,,,,,,,,,,,,,,,,,,,,,,,,,,,,,,,,,,,,,,,,,,,,,,,,,,,,,,,,,,,
CD_M20260140304,2026-03-28T05:15:00.000+0000,SCHEDULED,Premiership,Round 3,3,Optus Stadium,Fremantle,Fremantle,Richmond,Richmond,,,,,,,,,,,,,,,,,,,,,,,,,,,,,,,,,,,,,,,,,,,,,,,,,,,,,,,,,,,,,,,,,,,,,,,,,,,,,,,,,,,,
CD_M20260140305,2026-03-28T08:35:00.000+0000,SCHEDULED,Premiership,Round 3,3,Marvel Stadium,Essendon,Essendon,North Melbourne,North Melbourne,,,,,,,,,,,,,,,,,,,,,,,,,,,,,,,,,,,,,,,,,,,,,,,,,,,,,,,,,,,,,,,,,,,,,,,,,,,,,,,,,,,,
CD_M20260140306,2026-03-29T01:30:00.000+0000,SCHEDULED,Premiership,Round 3,3,Adelaide Oval,Port Adelaide,Port Adelaide,West Coast Eagles,West Coast Eagles,,,,,,,,,,,,,,,,,,,,,,,,,,,,,,,,,,,,,,,,,,,,,,,,,,,,,,,,,,,,,,,,,,,,,,,,,,,,,,,,,,,,
CD_M20260140307,2026-03-29T04:15:00.000+0000,SCHEDULED,Premiership,Round 3,3,MCG,Carlton,Carlton,Melbourne,Melbourne,,,,,,,,,,,,,,,,,,,,,,,,,,,,,,,,,,,,,,,,,,,,,,,,,,,,,,,,,,,,,,,,,,,,,,,,,,,,,,,,,,,,
CD_M20260140401,2026-04-02T08:30:00.000+0000,SCHEDULED,Premiership,Round 4,4,Gabba,Brisbane Lions,Brisbane Lions,Collingwood,Collingwood,,,,,,,,,,,,,,,,,,,,,,,,,,,,,,,,,,,,,,,,,,,,,,,,,,,,,,,,,,,,,,,,,,,,,,,,,,,,,,,,,,,,
CD_M20260140402,2026-04-03T04:15:00.000+0000,SCHEDULED,Premiership,Round 4,4,Marvel Stadium,North Melbourne,North Melbourne,Carlton,Carlton,,,,,,,,,,,,,,,,,,,,,,,,,,,,,,,,,,,,,,,,,,,,,,,,,,,,,,,,,,,,,,,,,,,,,,,,,,,,,,,,,,,,
CD_M20260140403,2026-04-03T08:15:00.000+0000,SCHEDULED,Premiership,Round 4,4,Adelaide Oval,Adelaide Crows,Adelaide Crows,Fremantle,Fremantle,,,,,,,,,,,,,,,,,,,,,,,,,,,,,,,,,,,,,,,,,,,,,,,,,,,,,,,,,,,,,,,,,,,,,,,,,,,,,,,,,,,,
CD_M20260140404,2026-04-04T05:15:00.000+0000,SCHEDULED,Premiership,Round 4,4,MCG,Richmond,Richmond,Port Adelaide,Port Adelaide,,,,,,,,,,,,,,,,,,,,,,,,,,,,,,,,,,,,,,,,,,,,,,,,,,,,,,,,,,,,,,,,,,,,,,,,,,,,,,,,,,,,
CD_M20260140405,2026-04-04T08:35:00.000+0000,SCHEDULED,Premiership,Round 4,4,Optus Stadium,West Coast Eagles,West Coast Eagles,Sydney Swans,Sydney Swans,,,,,,,,,,,,,,,,,,,,,,,,,,,,,,,,,,,,,,,,,,,,,,,,,,,,,,,,,,,,,,,,,,,,,,,,,,,,,,,,,,,,
CD_M20260140406,2026-04-05T05:15:00.000+0000,SCHEDULED,Premiership,Round 4,4,MCG,Melbourne,Melbourne,Gold Coast SUNS,Gold Coast SUNS,,,,,,,,,,,,,,,,,,,,,,,,,,,,,,,,,,,,,,,,,,,,,,,,,,,,,,,,,,,,,,,,,,,,,,,,,,,,,,,,,,,,
CD_M20260140407,2026-04-05T09:20:00.000+0000,SCHEDULED,Premiership,Round 4,4,Marvel Stadium,Western Bulldogs,Western Bulldogs,Essendon,Essendon,,,,,,,,,,,,,,,,,,,,,,,,,,,,,,,,,,,,,,,,,,,,,,,,,,,,,,,,,,,,,,,,,,,,,,,,,,,,,,,,,,,,
CD_M20260140408,2026-04-06T05:15:00.000+0000,SCHEDULED,Premiership,Round 4,4,MCG,Hawthorn,Hawthorn,Geelong Cats,Geelong Cats,,,,,,,,,,,,,,,,,,,,,,,,,,,,,,,,,,,,,,,,,,,,,,,,,,,,,,,,,,,,,,,,,,,,,,,,,,,,,,,,,,,,
CD_M20260140501,2026-04-09T09:40:00.000+0000,SCHEDULED,Premiership,Round 5,5,Adelaide Oval,Adelaide Crows,Adelaide Crows,Carlton,Carlton,,,,,,,,,,,,,,,,,,,,,,,,,,,,,,,,,,,,,,,,,,,,,,,,,,,,,,,,,,,,,,,,,,,,,,,,,,,,,,,,,,,,
CD_M20260140502,2026-04-10T09:40:00.000+0000,SCHEDULED,Premiership,Round 5,5,Adelaide Oval,Collingwood,Collingwood,Fremantle,Fremantle,,,,,,,,,,,,,,,,,,,,,,,,,,,,,,,,,,,,,,,,,,,,,,,,,,,,,,,,,,,,,,,,,,,,,,,,,,,,,,,,,,,,
CD_M20260140503,2026-04-11T02:35:00.000+0000,SCHEDULED,Premiership,Round 5,5,Barossa Park,North Melbourne,North Melbourne,Brisbane Lions,Brisbane Lions,,,,,,,,,,,,,,,,,,,,,,,,,,,,,,,,,,,,,,,,,,,,,,,,,,,,,,,,,,,,,,,,,,,,,,,,,,,,,,,,,,,,
CD_M20260140504,2026-04-11T03:15:00.000+0000,SCHEDULED,Premiership,Round 5,5,Adelaide Oval,Essendon,Essendon,Melbourne,Melbourne,,,,,,,,,,,,,,,,,,,,,,,,,,,,,,,,,,,,,,,,,,,,,,,,,,,,,,,,,,,,,,,,,,,,,,,,,,,,,,,,,,,,
CD_M20260140505,2026-04-11T06:15:00.000+0000,SCHEDULED,Premiership,Round 5,5,Norwood Oval,Sydney Swans,Sydney Swans,Gold Coast SUNS,Gold Coast SUNS,,,,,,,,,,,,,,,,,,,,,,,,,,,,,,,,,,,,,,,,,,,,,,,,,,,,,,,,,,,,,,,,,,,,,,,,,,,,,,,,,,,,
CD_M20260140506,2026-04-11T09:35:00.000+0000,SCHEDULED,Premiership,Round 5,5,Adelaide Oval,Hawthorn,Hawthorn,Western Bulldogs,Western Bulldogs,,,,,,,,,,,,,,,,,,,,,,,,,,,,,,,,,,,,,,,,,,,,,,,,,,,,,,,,,,,,,,,,,,,,,,,,,,,,,,,,,,,,
CD_M20260140507,2026-04-12T02:30:00.000+0000,SCHEDULED,Premiership,Round 5,5,Norwood Oval,Geelong Cats,Geelong Cats,West Coast Eagles,West Coast Eagles,,,,,,,,,,,,,,,,,,,,,,,,,,,,,,,,,,,,,,,,,,,,,,,,,,,,,,,,,,,,,,,,,,,,,,,,,,,,,,,,,,,,
CD_M20260140508,2026-04-12T05:15:00.000+0000,SCHEDULED,Premiership,Round 5,5,Barossa Park,GWS GIANTS,GWS GIANTS,Richmond,Richmond,,,,,,,,,,,,,,,,,,,,,,,,,,,,,,,,,,,,,,,,,,,,,,,,,,,,,,,,,,,,,,,,,,,,,,,,,,,,,,,,,,,,
CD_M20260140509,2026-04-12T09:15:00.000+0000,SCHEDULED,Premiership,Round 5,5,Adelaide Oval,Port Adelaide,Port Adelaide,St Kilda,St Kilda,,,,,,,,,,,,,,,,,,,,,,,,,,,,,,,,,,,,,,,,,,,,,,,,,,,,,,,,,,,,,,,,,,,,,,,,,,,,,,,,,,,,
CD_M20260140601,2026-04-16T09:30:00.000+0000,SCHEDULED,Premiership,Round 6,6,MCG,Carlton,Carlton,Collingwood,Collingwood,,,,,,,,,,,,,,,,,,,,,,,,,,,,,,,,,,,,,,,,,,,,,,,,,,,,,,,,,,,,,,,,,,,,,,,,,,,,,,,,,,,,
CD_M20260140602,2026-04-17T09:20:00.000+0000,SCHEDULED,Premiership,Round 6,6,GMHBA Stadium,Geelong Cats,Geelong Cats,Western Bulldogs,Western Bulldogs,,,,,,,,,,,,,,,,,,,,,,,,,,,,,,,,,,,,,,,,,,,,,,,,,,,,,,,,,,,,,,,,,,,,,,,,,,,,,,,,,,,,
CD_M20260140603,2026-04-17T09:50:00.000+0000,SCHEDULED,Premiership,Round 6,6,SCG,Sydney Swans,Sydney Swans,GWS GIANTS,GWS GIANTS,,,,,,,,,,,,,,,,,,,,,,,,,,,,,,,,,,,,,,,,,,,,,,,,,,,,,,,,,,,,,,,,,,,,,,,,,,,,,,,,,,,,
CD_M20260140604,2026-04-18T03:15:00.000+0000,SCHEDULED,Premiership,Round 6,6,People First Stadium,Gold Coast SUNS,Gold Coast SUNS,Essendon,Essendon,,,,,,,,,,,,,,,,,,,,,,,,,,,,,,,,,,,,,,,,,,,,,,,,,,,,,,,,,,,,,,,,,,,,,,,,,,,,,,,,,,,,
CD_M20260140605,2026-04-18T06:15:00.000+0000,SCHEDULED,Premiership,Round 6,6,Marvel Stadium,Hawthorn,Hawthorn,Port Adelaide,Port Adelaide,,,,,,,,,,,,,,,,,,,,,,,,,,,,,,,,,,,,,,,,,,,,,,,,,,,,,,,,,,,,,,,,,,,,,,,,,,,,,,,,,,,,
CD_M20260140606,2026-04-18T09:35:00.000+0000,SCHEDULED,Premiership,Round 6,6,Adelaide Oval,Adelaide Crows,Adelaide Crows,St Kilda,St Kilda,,,,,,,,,,,,,,,,,,,,,,,,,,,,,,,,,,,,,,,,,,,,,,,,,,,,,,,,,,,,,,,,,,,,,,,,,,,,,,,,,,,,
CD_M20260140607,2026-04-19T03:10:00.000+0000,SCHEDULED,Premiership,Round 6,6,Marvel Stadium,North Melbourne,North Melbourne,Richmond,Richmond,,,,,,,,,,,,,,,,,,,,,,,,,,,,,,,,,,,,,,,,,,,,,,,,,,,,,,,,,,,,,,,,,,,,,,,,,,,,,,,,,,,,
CD_M20260140608,2026-04-19T05:15:00.000+0000,SCHEDULED,Premiership,Round 6,6,MCG,Melbourne,Melbourne,Brisbane Lions,Brisbane Lions,,,,,,,,,,,,,,,,,,,,,,,,,,,,,,,,,,,,,,,,,,,,,,,,,,,,,,,,,,,,,,,,,,,,,,,,,,,,,,,,,,,,
CD_M20260140609,2026-04-19T07:10:00.000+0000,SCHEDULED,Premiership,Round 6,6,Optus Stadium,West Coast Eagles,West Coast Eagles,Fremantle,Fremantle,,,,,,,,,,,,,,,,,,,,,,,,,,,,,,,,,,,,,,,,,,,,,,,,,,,,,,,,,,,,,,,,,,,,,,,,,,,,,,,,,,,,
CD_M20260140701,2026-04-23T09:30:00.000+0000,SCHEDULED,Premiership,Round 7,7,Marvel Stadium,Western Bulldogs,Western Bulldogs,Sydney Swans,Sydney Swans,,,,,,,,,,,,,,,,,,,,,,,,,,,,,,,,,,,,,,,,,,,,,,,,,,,,,,,,,,,,,,,,,,,,,,,,,,,,,,,,,,,,
CD_M20260140702,2026-04-24T09:40:00.000+0000,SCHEDULED,Premiership,Round 7,7,MCG,Richmond,Richmond,Melbourne,Melbourne,,,,,,,,,,,,,,,,,,,,,,,,,,,,,,,,,,,,,,,,,,,,,,,,,,,,,,,,,,,,,,,,,,,,,,,,,,,,,,,,,,,,
CD_M20260140703,2026-04-25T02:15:00.000+0000,SCHEDULED,Premiership,Round 7,7,UTAS Stadium,Hawthorn,Hawthorn,Gold Coast SUNS,Gold Coast SUNS,,,,,,,,,,,,,,,,,,,,,,,,,,,,,,,,,,,,,,,,,,,,,,,,,,,,,,,,,,,,,,,,,,,,,,,,,,,,,,,,,,,,
CD_M20260140704,2026-04-25T05:15:00.000+0000,SCHEDULED,Premiership,Round 7,7,MCG,Essendon,Essendon,Collingwood,Collingwood,,,,,,,,,,,,,,,,,,,,,,,,,,,,,,,,,,,,,,,,,,,,,,,,,,,,,,,,,,,,,,,,,,,,,,,,,,,,,,,,,,,,
CD_M20260140705,2026-04-25T08:35:00.000+0000,SCHEDULED,Premiership,Round 7,7,Adelaide Oval,Port Adelaide,Port Adelaide,Geelong Cats,Geelong Cats,,,,,,,,,,,,,,,,,,,,,,,,,,,,,,,,,,,,,,,,,,,,,,,,,,,,,,,,,,,,,,,,,,,,,,,,,,,,,,,,,,,,
CD_M20260140706,2026-04-25T10:15:00.000+0000,SCHEDULED,Premiership,Round 7,7,Optus Stadium,Fremantle,Fremantle,Carlton,Carlton,,,,,,,,,,,,,,,,,,,,,,,,,,,,,,,,,,,,,,,,,,,,,,,,,,,,,,,,,,,,,,,,,,,,,,,,,,,,,,,,,,,,
CD_M20260140707,2026-04-26T03:10:00.000+0000,SCHEDULED,Premiership,Round 7,7,Marvel Stadium,St Kilda,St Kilda,West Coast Eagles,West Coast Eagles,,,,,,,,,,,,,,,,,,,,,,,,,,,,,,,,,,,,,,,,,,,,,,,,,,,,,,,,,,,,,,,,,,,,,,,,,,,,,,,,,,,,
CD_M20260140708,2026-04-26T05:15:00.000+0000,SCHEDULED,Premiership,Round 7,7,Gabba,Brisbane Lions,Brisbane Lions,Adelaide Crows,Adelaide Crows,,,,,,,,,,,,,,,,,,,,,,,,,,,,,,,,,,,,,,,,,,,,,,,,,,,,,,,,,,,,,,,,,,,,,,,,,,,,,,,,,,,,
CD_M20260140709,2026-04-26T06:40:00.000+0000,SCHEDULED,Premiership,Round 7,7,Corroboree Group Oval Manuka,GWS GIANTS,GWS GIANTS,North Melbourne,North Melbourne,,,,,,,,,,,,,,,,,,,,,,,,,,,,,,,,,,,,,,,,,,,,,,,,,,,,,,,,,,,,,,,,,,,,,,,,,,,,,,,,,,,,
CD_M20260140801,2026-04-30T09:30:00.000+0000,SCHEDULED,Premiership,Round 8,8,MCG,Collingwood,Collingwood,Hawthorn,Hawthorn,,,,,,,,,,,,,,,,,,,,,,,,,,,,,,,,,,,,,,,,,,,,,,,,,,,,,,,,,,,,,,,,,,,,,,,,,,,,,,,,,,,,
CD_M20260140802,2026-05-01T09:30:00.000+0000,SCHEDULED,Premiership,Round 8,8,Marvel Stadium,Western Bulldogs,Western Bulldogs,Fremantle,Fremantle,,,,,,,,,,,,,,,,,,,,,,,,,,,,,,,,,,,,,,,,,,,,,,,,,,,,,,,,,,,,,,,,,,,,,,,,,,,,,,,,,,,,
CD_M20260140803,2026-05-01T10:10:00.000+0000,SCHEDULED,Premiership,Round 8,8,Adelaide Oval,Adelaide Crows,Adelaide Crows,Port Adelaide,Port Adelaide,,,,,,,,,,,,,,,,,,,,,,,,,,,,,,,,,,,,,,,,,,,,,,,,,,,,,,,,,,,,,,,,,,,,,,,,,,,,,,,,,,,,
CD_M20260140804,2026-05-02T02:35:00.000+0000,SCHEDULED,Premiership,Round 8,8,Marvel Stadium,Essendon,Essendon,Brisbane Lions,Brisbane Lions,,,,,,,,,,,,,,,,,,,,,,,,,,,,,,,,,,,,,,,,,,,,,,,,,,,,,,,,,,,,,,,,,,,,,,,,,,,,,,,,,,,,
CD_M20260140805,2026-05-02T06:15:00.000+0000,SCHEDULED,Premiership,Round 8,8,Optus Stadium,West Coast Eagles,West Coast Eagles,Richmond,Richmond,,,,,,,,,,,,,,,,,,,,,,,,,,,,,,,,,,,,,,,,,,,,,,,,,,,,,,,,,,,,,,,,,,,,,,,,,,,,,,,,,,,,
CD_M20260140806,2026-05-02T06:35:00.000+0000,SCHEDULED,Premiership,Round 8,8,GMHBA Stadium,Geelong Cats,Geelong Cats,North Melbourne,North Melbourne,,,,,,,,,,,,,,,,,,,,,,,,,,,,,,,,,,,,,,,,,,,,,,,,,,,,,,,,,,,,,,,,,,,,,,,,,,,,,,,,,,,,
CD_M20260140807,2026-05-02T09:35:00.000+0000,SCHEDULED,Premiership,Round 8,8,Marvel Stadium,Carlton,Carlton,St Kilda,St Kilda,,,,,,,,,,,,,,,,,,,,,,,,,,,,,,,,,,,,,,,,,,,,,,,,,,,,,,,,,,,,,,,,,,,,,,,,,,,,,,,,,,,,
CD_M20260140808,2026-05-03T05:15:00.000+0000,SCHEDULED,Premiership,Round 8,8,SCG,Sydney Swans,Sydney Swans,Melbourne,Melbourne,,,,,,,,,,,,,,,,,,,,,,,,,,,,,,,,,,,,,,,,,,,,,,,,,,,,,,,,,,,,,,,,,,,,,,,,,,,,,,,,,,,,
CD_M20260140809,2026-05-03T09:20:00.000+0000,SCHEDULED,Premiership,Round 8,8,People First Stadium,Gold Coast SUNS,Gold Coast SUNS,GWS GIANTS,GWS GIANTS,,,,,,,,,,,,,,,,,,,,,,,,,,,,,,,,,,,,,,,,,,,,,,,,,,,,,,,,,,,,,,,,,,,,,,,,,,,,,,,,,,,,
CD_M20260140901,2026-05-07T10:10:00.000+0000,SCHEDULED,Premiership,Round 9,9,Optus Stadium,Fremantle,Fremantle,Hawthorn,Hawthorn,,,,,,,,,,,,,,,,,,,,,,,,,,,,,,,,,,,,,,,,,,,,,,,,,,,,,,,,,,,,,,,,,,,,,,,,,,,,,,,,,,,,
CD_M20260140902,2026-05-08T09:30:00.000+0000,SCHEDULED,Premiership,Round 9,9,Gabba,Brisbane Lions,Brisbane Lions,Carlton,Carlton,,,,,,,,,,,,,,,,,,,,,,,,,,,,,,,,,,,,,,,,,,,,,,,,,,,,,,,,,,,,,,,,,,,,,,,,,,,,,,,,,,,,
CD_M20260140903,2026-05-08T10:10:00.000+0000,SCHEDULED,Premiership,Round 9,9,Adelaide Oval,Port Adelaide,Port Adelaide,Western Bulldogs,Western Bulldogs,,,,,,,,,,,,,,,,,,,,,,,,,,,,,,,,,,,,,,,,,,,,,,,,,,,,,,,,,,,,,,,,,,,,,,,,,,,,,,,,,,,,
CD_M20260140904,2026-05-09T03:15:00.000+0000,SCHEDULED,Premiership,Round 9,9,Marvel Stadium,North Melbourne,North Melbourne,Sydney Swans,Sydney Swans,,,,,,,,,,,,,,,,,,,,,,,,,,,,,,,,,,,,,,,,,,,,,,,,,,,,,,,,,,,,,,,,,,,,,,,,,,,,,,,,,,,,
CD_M20260140905,2026-05-09T06:15:00.000+0000,SCHEDULED,Premiership,Round 9,9,ENGIE Stadium,GWS GIANTS,GWS GIANTS,Essendon,Essendon,,,,,,,,,,,,,,,,,,,,,,,,,,,,,,,,,,,,,,,,,,,,,,,,,,,,,,,,,,,,,,,,,,,,,,,,,,,,,,,,,,,,
CD_M20260140906,2026-05-09T09:10:00.000+0000,SCHEDULED,Premiership,Round 9,9,TIO Stadium,Gold Coast SUNS,Gold Coast SUNS,St Kilda,St Kilda,,,,,,,,,,,,,,,,,,,,,,,,,,,,,,,,,,,,,,,,,,,,,,,,,,,,,,,,,,,,,,,,,,,,,,,,,,,,,,,,,,,,
CD_M20260140907,2026-05-09T09:35:00.000+0000,SCHEDULED,Premiership,Round 9,9,MCG,Geelong Cats,Geelong Cats,Collingwood,Collingwood,,,,,,,,,,,,,,,,,,,,,,,,,,,,,,,,,,,,,,,,,,,,,,,,,,,,,,,,,,,,,,,,,,,,,,,,,,,,,,,,,,,,
CD_M20260140908,2026-05-10T03:10:00.000+0000,SCHEDULED,Premiership,Round 9,9,Marvel Stadium,Melbourne,Melbourne,West Coast Eagles,West Coast Eagles,,,,,,,,,,,,,,,,,,,,,,,,,,,,,,,,,,,,,,,,,,,,,,,,,,,,,,,,,,,,,,,,,,,,,,,,,,,,,,,,,,,,
CD_M20260140909,2026-05-10T05:15:00.000+0000,SCHEDULED,Premiership,Round 9,9,MCG,Richmond,Richmond,Adelaide Crows,Adelaide Crows,,,,,,,,,,,,,,,,,,,,,,,,,,,,,,,,,,,,,,,,,,,,,,,,,,,,,,,,,,,,,,,,,,,,,,,,,,,,,,,,,,,,
CD_M20260141001,2026-05-14T09:30:00.000+0000,SCHEDULED,Premiership,Round 10,10,Gabba,Brisbane Lions,Brisbane Lions,Geelong Cats,Geelong Cats,,,,,,,,,,,,,,,,,,,,,,,,,,,,,,,,,,,,,,,,,,,,,,,,,,,,,,,,,,,,,,,,,,,,,,,,,,,,,,,,,,,,
CD_M20260141002,2026-05-15T09:30:00.000+0000,SCHEDULED,Premiership,Round 10,10,SCG,Sydney Swans,Sydney Swans,Collingwood,Collingwood,,,,,,,,,,,,,,,,,,,,,,,,,,,,,,,,,,,,,,,,,,,,,,,,,,,,,,,,,,,,,,,,,,,,,,,,,,,,,,,,,,,,
CD_M20260141003,2026-05-15T10:10:00.000+0000,SCHEDULED,Premiership,Round 10,10,TIO Stadium,Gold Coast SUNS,Gold Coast SUNS,Port Adelaide,Port Adelaide,,,,,,,,,,,,,,,,,,,,,,,,,,,,,,,,,,,,,,,,,,,,,,,,,,,,,,,,,,,,,,,,,,,,,,,,,,,,,,,,,,,,
CD_M20260141004,2026-05-16T03:15:00.000+0000,SCHEDULED,Premiership,Round 10,10,Adelaide Oval,Adelaide Crows,Adelaide Crows,North Melbourne,North Melbourne,,,,,,,,,,,,,,,,,,,,,,,,,,,,,,,,,,,,,,,,,,,,,,,,,,,,,,,,,,,,,,,,,,,,,,,,,,,,,,,,,,,,
CD_M20260141005,2026-05-16T06:15:00.000+0000,SCHEDULED,Premiership,Round 10,10,MCG,Melbourne,Melbourne,Hawthorn,Hawthorn,,,,,,,,,,,,,,,,,,,,,,,,,,,,,,,,,,,,,,,,,,,,,,,,,,,,,,,,,,,,,,,,,,,,,,,,,,,,,,,,,,,,
CD_M20260141006,2026-05-16T09:35:00.000+0000,SCHEDULED,Premiership,Round 10,10,Marvel Stadium,Carlton,Carlton,Western Bulldogs,Western Bulldogs,,,,,,,,,,,,,,,,,,,,,,,,,,,,,,,,,,,,,,,,,,,,,,,,,,,,,,,,,,,,,,,,,,,,,,,,,,,,,,,,,,,,
CD_M20260141007,2026-05-17T03:10:00.000+0000,SCHEDULED,Premiership,Round 10,10,MCG,Essendon,Essendon,Fremantle,Fremantle,,,,,,,,,,,,,,,,,,,,,,,,,,,,,,,,,,,,,,,,,,,,,,,,,,,,,,,,,,,,,,,,,,,,,,,,,,,,,,,,,,,,
CD_M20260141008,2026-05-17T05:15:00.000+0000,SCHEDULED,Premiership,Round 10,10,Marvel Stadium,St Kilda,St Kilda,Richmond,Richmond,,,,,,,,,,,,,,,,,,,,,,,,,,,,,,,,,,,,,,,,,,,,,,,,,,,,,,,,,,,,,,,,,,,,,,,,,,,,,,,,,,,,
CD_M20260141009,2026-05-17T08:15:00.000+0000,SCHEDULED,Premiership,Round 10,10,Optus Stadium,West Coast Eagles,West Coast Eagles,GWS GIANTS,GWS GIANTS,,,,,,,,,,,,,,,,,,,,,,,,,,,,,,,,,,,,,,,,,,,,,,,,,,,,,,,,,,,,,,,,,,,,,,,,,,,,,,,,,,,,
CD_M20260141101,2026-05-21T09:30:00.000+0000,SCHEDULED,Premiership,Round 11,11,UTAS Stadium,Hawthorn,Hawthorn,Adelaide Crows,Adelaide Crows,,,,,,,,,,,,,,,,,,,,,,,,,,,,,,,,,,,,,,,,,,,,,,,,,,,,,,,,,,,,,,,,,,,,,,,,,,,,,,,,,,,,
CD_M20260141102,2026-05-22T09:40:00.000+0000,SCHEDULED,Premiership,Round 11,11,MCG,Richmond,Richmond,Essendon,Essendon,,,,,,,,,,,,,,,,,,,,,,,,,,,,,,,,,,,,,,,,,,,,,,,,,,,,,,,,,,,,,,,,,,,,,,,,,,,,,,,,,,,,
CD_M20260141103,2026-05-22T10:30:00.000+0000,SCHEDULED,Premiership,Round 11,11,Optus Stadium,Fremantle,Fremantle,St Kilda,St Kilda,,,,,,,,,,,,,,,,,,,,,,,,,,,,,,,,,,,,,,,,,,,,,,,,,,,,,,,,,,,,,,,,,,,,,,,,,,,,,,,,,,,,
CD_M20260141104,2026-05-23T03:15:00.000+0000,SCHEDULED,Premiership,Round 11,11,Marvel Stadium,North Melbourne,North Melbourne,Gold Coast SUNS,Gold Coast SUNS,,,,,,,,,,,,,,,,,,,,,,,,,,,,,,,,,,,,,,,,,,,,,,,,,,,,,,,,,,,,,,,,,,,,,,,,,,,,,,,,,,,,
CD_M20260141105,2026-05-23T06:15:00.000+0000,SCHEDULED,Premiership,Round 11,11,GMHBA Stadium,Geelong Cats,Geelong Cats,Sydney Swans,Sydney Swans,,,,,,,,,,,,,,,,,,,,,,,,,,,,,,,,,,,,,,,,,,,,,,,,,,,,,,,,,,,,,,,,,,,,,,,,,,,,,,,,,,,,
CD_M20260141106,2026-05-23T06:35:00.000+0000,SCHEDULED,Premiership,Round 11,11,MCG,Collingwood,Collingwood,West Coast Eagles,West Coast Eagles,,,,,,,,,,,,,,,,,,,,,,,,,,,,,,,,,,,,,,,,,,,,,,,,,,,,,,,,,,,,,,,,,,,,,,,,,,,,,,,,,,,,
CD_M20260141107,2026-05-23T09:35:00.000+0000,SCHEDULED,Premiership,Round 11,11,Adelaide Oval,Port Adelaide,Port Adelaide,Carlton,Carlton,,,,,,,,,,,,,,,,,,,,,,,,,,,,,,,,,,,,,,,,,,,,,,,,,,,,,,,,,,,,,,,,,,,,,,,,,,,,,,,,,,,,
CD_M20260141108,2026-05-24T02:30:00.000+0000,SCHEDULED,Premiership,Round 11,11,ENGIE Stadium,GWS GIANTS,GWS GIANTS,Brisbane Lions,Brisbane Lions,,,,,,,,,,,,,,,,,,,,,,,,,,,,,,,,,,,,,,,,,,,,,,,,,,,,,,,,,,,,,,,,,,,,,,,,,,,,,,,,,,,,
CD_M20260141109,2026-05-24T05:15:00.000+0000,SCHEDULED,Premiership,Round 11,11,Marvel Stadium,Western Bulldogs,Western Bulldogs,Melbourne,Melbourne,,,,,,,,,,,,,,,,,,,,,,,,,,,,,,,,,,,,,,,,,,,,,,,,,,,,,,,,,,,,,,,,,,,,,,,,,,,,,,,,,,,,
CD_M20260141201,2026-05-28T09:30:00.000+0000,SCHEDULED,Premiership,Round 12,12,Marvel Stadium,St Kilda,St Kilda,Hawthorn,Hawthorn,,,,,,,,,,,,,,,,,,,,,,,,,,,,,,,,,,,,,,,,,,,,,,,,,,,,,,,,,,,,,,,,,,,,,,,,,,,,,,,,,,,,
CD_M20260141202,2026-05-29T09:40:00.000+0000,SCHEDULED,Premiership,Round 12,12,MCG,Carlton,Carlton,Geelong Cats,Geelong Cats,,,,,,,,,,,,,,,,,,,,,,,,,,,,,,,,,,,,,,,,,,,,,,,,,,,,,,,,,,,,,,,,,,,,,,,,,,,,,,,,,,,,
CD_M20260141203,2026-05-30T03:15:00.000+0000,SCHEDULED,Premiership,Round 12,12,SCG,Sydney Swans,Sydney Swans,Richmond,Richmond,,,,,,,,,,,,,,,,,,,,,,,,,,,,,,,,,,,,,,,,,,,,,,,,,,,,,,,,,,,,,,,,,,,,,,,,,,,,,,,,,,,,
CD_M20260141204,2026-05-30T06:15:00.000+0000,SCHEDULED,Premiership,Round 12,12,Gabba,Brisbane Lions,Brisbane Lions,Fremantle,Fremantle,,,,,,,,,,,,,,,,,,,,,,,,,,,,,,,,,,,,,,,,,,,,,,,,,,,,,,,,,,,,,,,,,,,,,,,,,,,,,,,,,,,,
CD_M20260141205,2026-05-30T09:35:00.000+0000,SCHEDULED,Premiership,Round 12,12,Marvel Stadium,Western Bulldogs,Western Bulldogs,Collingwood,Collingwood,,,,,,,,,,,,,,,,,,,,,,,,,,,,,,,,,,,,,,,,,,,,,,,,,,,,,,,,,,,,,,,,,,,,,,,,,,,,,,,,,,,,
CD_M20260141206,2026-05-31T05:15:00.000+0000,SCHEDULED,Premiership,Round 12,12,TIO Traeger Park,Melbourne,Melbourne,GWS GIANTS,GWS GIANTS,,,,,,,,,,,,,,,,,,,,,,,,,,,,,,,,,,,,,,,,,,,,,,,,,,,,,,,,,,,,,,,,,,,,,,,,,,,,,,,,,,,,
CD_M20260141207,2026-05-31T09:20:00.000+0000,SCHEDULED,Premiership,Round 12,12,Optus Stadium,West Coast Eagles,West Coast Eagles,Essendon,Essendon,,,,,,,,,,,,,,,,,,,,,,,,,,,,,,,,,,,,,,,,,,,,,,,,,,,,,,,,,,,,,,,,,,,,,,,,,,,,,,,,,,,,
CD_M20260141301,2026-06-04T09:30:00.000+0000,SCHEDULED,Premiership,Round 13,13,Adelaide Oval,Adelaide Crows,Adelaide Crows,Geelong Cats,Geelong Cats,,,,,,,,,,,,,,,,,,,,,,,,,,,,,,,,,,,,,,,,,,,,,,,,,,,,,,,,,,,,,,,,,,,,,,,,,,,,,,,,,,,,
CD_M20260141302,2026-06-05T09:40:00.000+0000,SCHEDULED,Premiership,Round 13,13,MCG,Hawthorn,Hawthorn,Western Bulldogs,Western Bulldogs,,,,,,,,,,,,,,,,,,,,,,,,,,,,,,,,,,,,,,,,,,,,,,,,,,,,,,,,,,,,,,,,,,,,,,,,,,,,,,,,,,,,
CD_M20260141303,2026-06-06T04:15:00.000+0000,SCHEDULED,Premiership,Round 13,13,Hands Oval,North Melbourne,North Melbourne,Fremantle,Fremantle,,,,,,,,,,,,,,,,,,,,,,,,,,,,,,,,,,,,,,,,,,,,,,,,,,,,,,,,,,,,,,,,,,,,,,,,,,,,,,,,,,,,
CD_M20260141304,2026-06-06T07:15:00.000+0000,SCHEDULED,Premiership,Round 13,13,People First Stadium,Gold Coast SUNS,Gold Coast SUNS,Brisbane Lions,Brisbane Lions,,,,,,,,,,,,,,,,,,,,,,,,,,,,,,,,,,,,,,,,,,,,,,,,,,,,,,,,,,,,,,,,,,,,,,,,,,,,,,,,,,,,
CD_M20260141305,2026-06-06T10:15:00.000+0000,SCHEDULED,Premiership,Round 13,13,Optus Stadium,West Coast Eagles,West Coast Eagles,Port Adelaide,Port Adelaide,,,,,,,,,,,,,,,,,,,,,,,,,,,,,,,,,,,,,,,,,,,,,,,,,,,,,,,,,,,,,,,,,,,,,,,,,,,,,,,,,,,,
CD_M20260141306,2026-06-07T05:15:00.000+0000,SCHEDULED,Premiership,Round 13,13,SCG,Sydney Swans,Sydney Swans,St Kilda,St Kilda,,,,,,,,,,,,,,,,,,,,,,,,,,,,,,,,,,,,,,,,,,,,,,,,,,,,,,,,,,,,,,,,,,,,,,,,,,,,,,,,,,,,
CD_M20260141307,2026-06-07T09:20:00.000+0000,SCHEDULED,Premiership,Round 13,13,MCG,Essendon,Essendon,Carlton,Carlton,,,,,,,,,,,,,,,,,,,,,,,,,,,,,,,,,,,,,,,,,,,,,,,,,,,,,,,,,,,,,,,,,,,,,,,,,,,,,,,,,,,,
CD_M20260141308,2026-06-08T05:15:00.000+0000,SCHEDULED,Premiership,Round 13,13,MCG,Collingwood,Collingwood,Melbourne,Melbourne,,,,,,,,,,,,,,,,,,,,,,,,,,,,,,,,,,,,,,,,,,,,,,,,,,,,,,,,,,,,,,,,,,,,,,,,,,,,,,,,,,,,
CD_M20260141401,2026-06-11T09:30:00.000+0000,SCHEDULED,Premiership,Round 14,14,Marvel Stadium,Western Bulldogs,Western Bulldogs,Adelaide Crows,Adelaide Crows,,,,,,,,,,,,,,,,,,,,,,,,,,,,,,,,,,,,,,,,,,,,,,,,,,,,,,,,,,,,,,,,,,,,,,,,,,,,,,,,,,,,
CD_M20260141402,2026-06-12T09:40:00.000+0000,SCHEDULED,Premiership,Round 14,14,GMHBA Stadium,Geelong Cats,Geelong Cats,Gold Coast SUNS,Gold Coast SUNS,,,,,,,,,,,,,,,,,,,,,,,,,,,,,,,,,,,,,,,,,,,,,,,,,,,,,,,,,,,,,,,,,,,,,,,,,,,,,,,,,,,,
CD_M20260141403,2026-06-13T03:15:00.000+0000,SCHEDULED,Premiership,Round 14,14,MCG,Melbourne,Melbourne,Essendon,Essendon,,,,,,,,,,,,,,,,,,,,,,,,,,,,,,,,,,,,,,,,,,,,,,,,,,,,,,,,,,,,,,,,,,,,,,,,,,,,,,,,,,,,
CD_M20260141404,2026-06-13T06:15:00.000+0000,SCHEDULED,Premiership,Round 14,14,Optus Stadium,North Melbourne,North Melbourne,West Coast Eagles,West Coast Eagles,,,,,,,,,,,,,,,,,,,,,,,,,,,,,,,,,,,,,,,,,,,,,,,,,,,,,,,,,,,,,,,,,,,,,,,,,,,,,,,,,,,,
CD_M20260141405,2026-06-13T09:35:00.000+0000,SCHEDULED,Premiership,Round 14,14,Adelaide Oval,Port Adelaide,Port Adelaide,Sydney Swans,Sydney Swans,,,,,,,,,,,,,,,,,,,,,,,,,,,,,,,,,,,,,,,,,,,,,,,,,,,,,,,,,,,,,,,,,,,,,,,,,,,,,,,,,,,,
CD_M20260141406,2026-06-14T03:10:00.000+0000,SCHEDULED,Premiership,Round 14,14,Ninja Stadium,Richmond,Richmond,Brisbane Lions,Brisbane Lions,,,,,,,,,,,,,,,,,,,,,,,,,,,,,,,,,,,,,,,,,,,,,,,,,,,,,,,,,,,,,,,,,,,,,,,,,,,,,,,,,,,,
CD_M20260141407,2026-06-14T05:15:00.000+0000,SCHEDULED,Premiership,Round 14,14,Marvel Stadium,St Kilda,St Kilda,GWS GIANTS,GWS GIANTS,,,,,,,,,,,,,,,,,,,,,,,,,,,,,,,,,,,,,,,,,,,,,,,,,,,,,,,,,,,,,,,,,,,,,,,,,,,,,,,,,,,,
CD_M20260141501,2026-06-18T10:10:00.000+0000,SCHEDULED,Premiership,Round 15,15,Optus Stadium,Fremantle,Fremantle,Geelong Cats,Geelong Cats,,,,,,,,,,,,,,,,,,,,,,,,,,,,,,,,,,,,,,,,,,,,,,,,,,,,,,,,,,,,,,,,,,,,,,,,,,,,,,,,,,,,
CD_M20260141502,2026-06-19T09:40:00.000+0000,SCHEDULED,Premiership,Round 15,15,People First Stadium,Gold Coast SUNS,Gold Coast SUNS,Hawthorn,Hawthorn,,,,,,,,,,,,,,,,,,,,,,,,,,,,,,,,,,,,,,,,,,,,,,,,,,,,,,,,,,,,,,,,,,,,,,,,,,,,,,,,,,,,
CD_M20260141503,2026-06-20T03:15:00.000+0000,SCHEDULED,Premiership,Round 15,15,Adelaide Oval,Adelaide Crows,Adelaide Crows,Melbourne,Melbourne,,,,,,,,,,,,,,,,,,,,,,,,,,,,,,,,,,,,,,,,,,,,,,,,,,,,,,,,,,,,,,,,,,,,,,,,,,,,,,,,,,,,
CD_M20260141504,2026-06-20T06:15:00.000+0000,SCHEDULED,Premiership,Round 15,15,ENGIE Stadium,GWS GIANTS,GWS GIANTS,Carlton,Carlton,,,,,,,,,,,,,,,,,,,,,,,,,,,,,,,,,,,,,,,,,,,,,,,,,,,,,,,,,,,,,,,,,,,,,,,,,,,,,,,,,,,,
CD_M20260141505,2026-06-20T09:35:00.000+0000,SCHEDULED,Premiership,Round 15,15,MCG,Collingwood,Collingwood,Port Adelaide,Port Adelaide,,,,,,,,,,,,,,,,,,,,,,,,,,,,,,,,,,,,,,,,,,,,,,,,,,,,,,,,,,,,,,,,,,,,,,,,,,,,,,,,,,,,
CD_M20260141506,2026-06-21T03:10:00.000+0000,SCHEDULED,Premiership,Round 15,15,MCG,Richmond,Richmond,North Melbourne,North Melbourne,,,,,,,,,,,,,,,,,,,,,,,,,,,,,,,,,,,,,,,,,,,,,,,,,,,,,,,,,,,,,,,,,,,,,,,,,,,,,,,,,,,,
CD_M20260141507,2026-06-21T05:15:00.000+0000,SCHEDULED,Premiership,Round 15,15,Marvel Stadium,St Kilda,St Kilda,Western Bulldogs,Western Bulldogs,,,,,,,,,,,,,,,,,,,,,,,,,,,,,,,,,,,,,,,,,,,,,,,,,,,,,,,,,,,,,,,,,,,,,,,,,,,,,,,,,,,,
CD_M20260141601,2026-06-22T02:00:00.000+0000,PLACEHOLDER,Premiership,Round 16,16,Gabba,Brisbane Lions,Brisbane Lions,Sydney Swans,Sydney Swans,,,,,,,,,,,,,,,,,,,,,,,,,,,,,,,,,,,,,,,,,,,,,,,,,,,,,,,,,,,,,,,,,,,,,,,,,,,,,,,,,,,,
CD_M20260141602,2026-06-22T02:00:00.000+0000,PLACEHOLDER,Premiership,Round 16,16,Marvel Stadium,Carlton,Carlton,West Coast Eagles,West Coast Eagles,,,,,,,,,,,,,,,,,,,,,,,,,,,,,,,,,,,,,,,,,,,,,,,,,,,,,,,,,,,,,,,,,,,,,,,,,,,,,,,,,,,,
CD_M20260141603,2026-06-22T02:00:00.000+0000,PLACEHOLDER,Premiership,Round 16,16,MCG,Collingwood,Collingwood,Richmond,Richmond,,,,,,,,,,,,,,,,,,,,,,,,,,,,,,,,,,,,,,,,,,,,,,,,,,,,,,,,,,,,,,,,,,,,,,,,,,,,,,,,,,,,
CD_M20260141605,2026-06-22T02:00:00.000+0000,PLACEHOLDER,Premiership,Round 16,16,MCG,Hawthorn,Hawthorn,GWS GIANTS,GWS GIANTS,,,,,,,,,,,,,,,,,,,,,,,,,,,,,,,,,,,,,,,,,,,,,,,,,,,,,,,,,,,,,,,,,,,,,,,,,,,,,,,,,,,,
CD_M20260141606,2026-06-22T02:00:00.000+0000,PLACEHOLDER,Premiership,Round 16,16,Marvel Stadium,North Melbourne,North Melbourne,Essendon,Essendon,,,,,,,,,,,,,,,,,,,,,,,,,,,,,,,,,,,,,,,,,,,,,,,,,,,,,,,,,,,,,,,,,,,,,,,,,,,,,,,,,,,,
CD_M20260141607,2026-06-22T02:30:00.000+0000,PLACEHOLDER,Premiership,Round 16,16,Adelaide Oval,Port Adelaide,Port Adelaide,Adelaide Crows,Adelaide Crows,,,,,,,,,,,,,,,,,,,,,,,,,,,,,,,,,,,,,,,,,,,,,,,,,,,,,,,,,,,,,,,,,,,,,,,,,,,,,,,,,,,,
CD_M20260141604,2026-06-22T04:00:00.000+0000,PLACEHOLDER,Premiership,Round 16,16,Optus Stadium,Fremantle,Fremantle,Gold Coast SUNS,Gold Coast SUNS,,,,,,,,,,,,,,,,,,,,,,,,,,,,,,,,,,,,,,,,,,,,,,,,,,,,,,,,,,,,,,,,,,,,,,,,,,,,,,,,,,,,
CD_M20260141701,2026-06-29T02:00:00.000+0000,PLACEHOLDER,Premiership,Round 17,17,Marvel Stadium,Essendon,Essendon,St Kilda,St Kilda,,,,,,,,,,,,,,,,,,,,,,,,,,,,,,,,,,,,,,,,,,,,,,,,,,,,,,,,,,,,,,,,,,,,,,,,,,,,,,,,,,,,
CD_M20260141702,2026-06-29T02:00:00.000+0000,PLACEHOLDER,Premiership,Round 17,17,GMHBA Stadium,Geelong Cats,Geelong Cats,Brisbane Lions,Brisbane Lions,,,,,,,,,,,,,,,,,,,,,,,,,,,,,,,,,,,,,,,,,,,,,,,,,,,,,,,,,,,,,,,,,,,,,,,,,,,,,,,,,,,,
CD_M20260141703,2026-06-29T02:00:00.000+0000,PLACEHOLDER,Premiership,Round 17,17,People First Stadium,Gold Coast SUNS,Gold Coast SUNS,Collingwood,Collingwood,,,,,,,,,,,,,,,,,,,,,,,,,,,,,,,,,,,,,,,,,,,,,,,,,,,,,,,,,,,,,,,,,,,,,,,,,,,,,,,,,,,,
CD_M20260141704,2026-06-29T02:00:00.000+0000,PLACEHOLDER,Premiership,Round 17,17,Corroboree Group Oval Manuka,GWS GIANTS,GWS GIANTS,Fremantle,Fremantle,,,,,,,,,,,,,,,,,,,,,,,,,,,,,,,,,,,,,,,,,,,,,,,,,,,,,,,,,,,,,,,,,,,,,,,,,,,,,,,,,,,,
CD_M20260141705,2026-06-29T02:00:00.000+0000,PLACEHOLDER,Premiership,Round 17,17,UTAS Stadium,Hawthorn,Hawthorn,Melbourne,Melbourne,,,,,,,,,,,,,,,,,,,,,,,,,,,,,,,,,,,,,,,,,,,,,,,,,,,,,,,,,,,,,,,,,,,,,,,,,,,,,,,,,,,,
CD_M20260141707,2026-06-29T02:00:00.000+0000,PLACEHOLDER,Premiership,Round 17,17,MCG,Richmond,Richmond,Carlton,Carlton,,,,,,,,,,,,,,,,,,,,,,,,,,,,,,,,,,,,,,,,,,,,,,,,,,,,,,,,,,,,,,,,,,,,,,,,,,,,,,,,,,,,
CD_M20260141708,2026-06-29T02:00:00.000+0000,PLACEHOLDER,Premiership,Round 17,17,SCG,Sydney Swans,Sydney Swans,Western Bulldogs,Western Bulldogs,,,,,,,,,,,,,,,,,,,,,,,,,,,,,,,,,,,,,,,,,,,,,,,,,,,,,,,,,,,,,,,,,,,,,,,,,,,,,,,,,,,,
CD_M20260141706,2026-06-29T02:30:00.000+0000,PLACEHOLDER,Premiership,Round 17,17,Adelaide Oval,Port Adelaide,Port Adelaide,North Melbourne,North Melbourne,,,,,,,,,,,,,,,,,,,,,,,,,,,,,,,,,,,,,,,,,,,,,,,,,,,,,,,,,,,,,,,,,,,,,,,,,,,,,,,,,,,,
CD_M20260141709,2026-06-29T04:00:00.000+0000,PLACEHOLDER,Premiership,Round 17,17,Optus Stadium,West Coast Eagles,West Coast Eagles,Adelaide Crows,Adelaide Crows,,,,,,,,,,,,,,,,,,,,,,,,,,,,,,,,,,,,,,,,,,,,,,,,,,,,,,,,,,,,,,,,,,,,,,,,,,,,,,,,,,,,
CD_M20260141802,2026-07-06T02:00:00.000+0000,PLACEHOLDER,Premiership,Round 18,18,Gabba,Brisbane Lions,Brisbane Lions,Essendon,Essendon,,,,,,,,,,,,,,,,,,,,,,,,,,,,,,,,,,,,,,,,,,,,,,,,,,,,,,,,,,,,,,,,,,,,,,,,,,,,,,,,,,,,
CD_M20260141803,2026-07-06T02:00:00.000+0000,PLACEHOLDER,Premiership,Round 18,18,MCG,Carlton,Carlton,Hawthorn,Hawthorn,,,,,,,,,,,,,,,,,,,,,,,,,,,,,,,,,,,,,,,,,,,,,,,,,,,,,,,,,,,,,,,,,,,,,,,,,,,,,,,,,,,,
CD_M20260141804,2026-07-06T02:00:00.000+0000,PLACEHOLDER,Premiership,Round 18,18,Marvel Stadium,Collingwood,Collingwood,North Melbourne,North Melbourne,,,,,,,,,,,,,,,,,,,,,,,,,,,,,,,,,,,,,,,,,,,,,,,,,,,,,,,,,,,,,,,,,,,,,,,,,,,,,,,,,,,,
CD_M20260141806,2026-07-06T02:00:00.000+0000,PLACEHOLDER,Premiership,Round 18,18,ENGIE Stadium,GWS GIANTS,GWS GIANTS,Geelong Cats,Geelong Cats,,,,,,,,,,,,,,,,,,,,,,,,,,,,,,,,,,,,,,,,,,,,,,,,,,,,,,,,,,,,,,,,,,,,,,,,,,,,,,,,,,,,
CD_M20260141807,2026-07-06T02:00:00.000+0000,PLACEHOLDER,Premiership,Round 18,18,MCG,Melbourne,Melbourne,Richmond,Richmond,,,,,,,,,,,,,,,,,,,,,,,,,,,,,,,,,,,,,,,,,,,,,,,,,,,,,,,,,,,,,,,,,,,,,,,,,,,,,,,,,,,,
CD_M20260141808,2026-07-06T02:00:00.000+0000,PLACEHOLDER,Premiership,Round 18,18,Marvel Stadium,St Kilda,St Kilda,Port Adelaide,Port Adelaide,,,,,,,,,,,,,,,,,,,,,,,,,,,,,,,,,,,,,,,,,,,,,,,,,,,,,,,,,,,,,,,,,,,,,,,,,,,,,,,,,,,,
CD_M20260141809,2026-07-06T02:00:00.000+0000,PLACEHOLDER,Premiership,Round 18,18,Marvel Stadium,Western Bulldogs,Western Bulldogs,West Coast Eagles,West Coast Eagles,,,,,,,,,,,,,,,,,,,,,,,,,,,,,,,,,,,,,,,,,,,,,,,,,,,,,,,,,,,,,,,,,,,,,,,,,,,,,,,,,,,,
CD_M20260141801,2026-07-06T02:30:00.000+0000,PLACEHOLDER,Premiership,Round 18,18,Adelaide Oval,Adelaide Crows,Adelaide Crows,Gold Coast SUNS,Gold Coast SUNS,,,,,,,,,,,,,,,,,,,,,,,,,,,,,,,,,,,,,,,,,,,,,,,,,,,,,,,,,,,,,,,,,,,,,,,,,,,,,,,,,,,,
CD_M20260141805,2026-07-06T04:00:00.000+0000,PLACEHOLDER,Premiership,Round 18,18,Optus Stadium,Fremantle,Fremantle,Sydney Swans,Sydney Swans,,,,,,,,,,,,,,,,,,,,,,,,,,,,,,,,,,,,,,,,,,,,,,,,,,,,,,,,,,,,,,,,,,,,,,,,,,,,,,,,,,,,
CD_M20260141901,2026-07-13T02:00:00.000+0000,PLACEHOLDER,Premiership,Round 19,19,MCG,Collingwood,Collingwood,Carlton,Carlton,,,,,,,,,,,,,,,,,,,,,,,,,,,,,,,,,,,,,,,,,,,,,,,,,,,,,,,,,,,,,,,,,,,,,,,,,,,,,,,,,,,,
CD_M20260141902,2026-07-13T02:00:00.000+0000,PLACEHOLDER,Premiership,Round 19,19,Marvel Stadium,Essendon,Essendon,GWS GIANTS,GWS GIANTS,,,,,,,,,,,,,,,,,,,,,,,,,,,,,,,,,,,,,,,,,,,,,,,,,,,,,,,,,,,,,,,,,,,,,,,,,,,,,,,,,,,,
CD_M20260141903,2026-07-13T02:00:00.000+0000,PLACEHOLDER,Premiership,Round 19,19,GMHBA Stadium,Geelong Cats,Geelong Cats,St Kilda,St Kilda,,,,,,,,,,,,,,,,,,,,,,,,,,,,,,,,,,,,,,,,,,,,,,,,,,,,,,,,,,,,,,,,,,,,,,,,,,,,,,,,,,,,
CD_M20260141904,2026-07-13T02:00:00.000+0000,PLACEHOLDER,Premiership,Round 19,19,People First Stadium,Gold Coast SUNS,Gold Coast SUNS,Western Bulldogs,Western Bulldogs,,,,,,,,,,,,,,,,,,,,,,,,,,,,,,,,,,,,,,,,,,,,,,,,,,,,,,,,,,,,,,,,,,,,,,,,,,,,,,,,,,,,
CD_M20260141905,2026-07-13T02:00:00.000+0000,PLACEHOLDER,Premiership,Round 19,19,Marvel Stadium,North Melbourne,North Melbourne,Melbourne,Melbourne,,,,,,,,,,,,,,,,,,,,,,,,,,,,,,,,,,,,,,,,,,,,,,,,,,,,,,,,,,,,,,,,,,,,,,,,,,,,,,,,,,,,
CD_M20260141907,2026-07-13T02:00:00.000+0000,PLACEHOLDER,Premiership,Round 19,19,MCG,Richmond,Richmond,Hawthorn,Hawthorn,,,,,,,,,,,,,,,,,,,,,,,,,,,,,,,,,,,,,,,,,,,,,,,,,,,,,,,,,,,,,,,,,,,,,,,,,,,,,,,,,,,,
CD_M20260141908,2026-07-13T02:00:00.000+0000,PLACEHOLDER,Premiership,Round 19,19,SCG,Sydney Swans,Sydney Swans,Adelaide Crows,Adelaide Crows,,,,,,,,,,,,,,,,,,,,,,,,,,,,,,,,,,,,,,,,,,,,,,,,,,,,,,,,,,,,,,,,,,,,,,,,,,,,,,,,,,,,
CD_M20260141906,2026-07-13T02:30:00.000+0000,PLACEHOLDER,Premiership,Round 19,19,Adelaide Oval,Port Adelaide,Port Adelaide,Fremantle,Fremantle,,,,,,,,,,,,,,,,,,,,,,,,,,,,,,,,,,,,,,,,,,,,,,,,,,,,,,,,,,,,,,,,,,,,,,,,,,,,,,,,,,,,
CD_M20260141909,2026-07-13T04:00:00.000+0000,PLACEHOLDER,Premiership,Round 19,19,Optus Stadium,West Coast Eagles,West Coast Eagles,Brisbane Lions,Brisbane Lions,,,,,,,,,,,,,,,,,,,,,,,,,,,,,,,,,,,,,,,,,,,,,,,,,,,,,,,,,,,,,,,,,,,,,,,,,,,,,,,,,,,,
CD_M20260142002,2026-07-20T02:00:00.000+0000,PLACEHOLDER,Premiership,Round 20,20,Gabba,Brisbane Lions,Brisbane Lions,Port Adelaide,Port Adelaide,,,,,,,,,,,,,,,,,,,,,,,,,,,,,,,,,,,,,,,,,,,,,,,,,,,,,,,,,,,,,,,,,,,,,,,,,,,,,,,,,,,,
CD_M20260142003,2026-07-20T02:00:00.000+0000,PLACEHOLDER,Premiership,Round 20,20,Marvel Stadium,Carlton,Carlton,Gold Coast SUNS,Gold Coast SUNS,,,,,,,,,,,,,,,,,,,,,,,,,,,,,,,,,,,,,,,,,,,,,,,,,,,,,,,,,,,,,,,,,,,,,,,,,,,,,,,,,,,,
CD_M20260142005,2026-07-20T02:00:00.000+0000,PLACEHOLDER,Premiership,Round 20,20,ENGIE Stadium,GWS GIANTS,GWS GIANTS,Sydney Swans,Sydney Swans,,,,,,,,,,,,,,,,,,,,,,,,,,,,,,,,,,,,,,,,,,,,,,,,,,,,,,,,,,,,,,,,,,,,,,,,,,,,,,,,,,,,
CD_M20260142006,2026-07-20T02:00:00.000+0000,PLACEHOLDER,Premiership,Round 20,20,MCG,Hawthorn,Hawthorn,Essendon,Essendon,,,,,,,,,,,,,,,,,,,,,,,,,,,,,,,,,,,,,,,,,,,,,,,,,,,,,,,,,,,,,,,,,,,,,,,,,,,,,,,,,,,,
CD_M20260142007,2026-07-20T02:00:00.000+0000,PLACEHOLDER,Premiership,Round 20,20,Marvel Stadium,North Melbourne,North Melbourne,St Kilda,St Kilda,,,,,,,,,,,,,,,,,,,,,,,,,,,,,,,,,,,,,,,,,,,,,,,,,,,,,,,,,,,,,,,,,,,,,,,,,,,,,,,,,,,,
CD_M20260142008,2026-07-20T02:00:00.000+0000,PLACEHOLDER,Premiership,Round 20,20,MCG,Melbourne,Melbourne,Geelong Cats,Geelong Cats,,,,,,,,,,,,,,,,,,,,,,,,,,,,,,,,,,,,,,,,,,,,,,,,,,,,,,,,,,,,,,,,,,,,,,,,,,,,,,,,,,,,
CD_M20260142009,2026-07-20T02:00:00.000+0000,PLACEHOLDER,Premiership,Round 20,20,Marvel Stadium,Western Bulldogs,Western Bulldogs,Richmond,Richmond,,,,,,,,,,,,,,,,,,,,,,,,,,,,,,,,,,,,,,,,,,,,,,,,,,,,,,,,,,,,,,,,,,,,,,,,,,,,,,,,,,,,
CD_M20260142001,2026-07-20T02:30:00.000+0000,PLACEHOLDER,Premiership,Round 20,20,Adelaide Oval,Adelaide Crows,Adelaide Crows,Collingwood,Collingwood,,,,,,,,,,,,,,,,,,,,,,,,,,,,,,,,,,,,,,,,,,,,,,,,,,,,,,,,,,,,,,,,,,,,,,,,,,,,,,,,,,,,
CD_M20260142004,2026-07-20T04:00:00.000+0000,PLACEHOLDER,Premiership,Round 20,20,Optus Stadium,Fremantle,Fremantle,West Coast Eagles,West Coast Eagles,,,,,,,,,,,,,,,,,,,,,,,,,,,,,,,,,,,,,,,,,,,,,,,,,,,,,,,,,,,,,,,,,,,,,,,,,,,,,,,,,,,,
CD_M20260142101,2026-07-27T02:00:00.000+0000,PLACEHOLDER,Premiership,Round 21,21,Marvel Stadium,Carlton,Carlton,Brisbane Lions,Brisbane Lions,,,,,,,,,,,,,,,,,,,,,,,,,,,,,,,,,,,,,,,,,,,,,,,,,,,,,,,,,,,,,,,,,,,,,,,,,,,,,,,,,,,,
CD_M20260142102,2026-07-27T02:00:00.000+0000,PLACEHOLDER,Premiership,Round 21,21,MCG,Collingwood,Collingwood,Geelong Cats,Geelong Cats,,,,,,,,,,,,,,,,,,,,,,,,,,,,,,,,,,,,,,,,,,,,,,,,,,,,,,,,,,,,,,,,,,,,,,,,,,,,,,,,,,,,
CD_M20260142103,2026-07-27T02:00:00.000+0000,PLACEHOLDER,Premiership,Round 21,21,Marvel Stadium,Essendon,Essendon,Adelaide Crows,Adelaide Crows,,,,,,,,,,,,,,,,,,,,,,,,,,,,,,,,,,,,,,,,,,,,,,,,,,,,,,,,,,,,,,,,,,,,,,,,,,,,,,,,,,,,
CD_M20260142105,2026-07-27T02:00:00.000+0000,PLACEHOLDER,Premiership,Round 21,21,People First Stadium,Gold Coast SUNS,Gold Coast SUNS,Melbourne,Melbourne,,,,,,,,,,,,,,,,,,,,,,,,,,,,,,,,,,,,,,,,,,,,,,,,,,,,,,,,,,,,,,,,,,,,,,,,,,,,,,,,,,,,
CD_M20260142106,2026-07-27T02:00:00.000+0000,PLACEHOLDER,Premiership,Round 21,21,UTAS Stadium,Hawthorn,Hawthorn,North Melbourne,North Melbourne,,,,,,,,,,,,,,,,,,,,,,,,,,,,,,,,,,,,,,,,,,,,,,,,,,,,,,,,,,,,,,,,,,,,,,,,,,,,,,,,,,,,
CD_M20260142108,2026-07-27T02:00:00.000+0000,PLACEHOLDER,Premiership,Round 21,21,MCG,Richmond,Richmond,West Coast Eagles,West Coast Eagles,,,,,,,,,,,,,,,,,,,,,,,,,,,,,,,,,,,,,,,,,,,,,,,,,,,,,,,,,,,,,,,,,,,,,,,,,,,,,,,,,,,,
CD_M20260142109,2026-07-27T02:00:00.000+0000,PLACEHOLDER,Premiership,Round 21,21,Marvel Stadium,St Kilda,St Kilda,Sydney Swans,Sydney Swans,,,,,,,,,,,,,,,,,,,,,,,,,,,,,,,,,,,,,,,,,,,,,,,,,,,,,,,,,,,,,,,,,,,,,,,,,,,,,,,,,,,,
CD_M20260142107,2026-07-27T02:30:00.000+0000,PLACEHOLDER,Premiership,Round 21,21,Adelaide Oval,Port Adelaide,Port Adelaide,GWS GIANTS,GWS GIANTS,,,,,,,,,,,,,,,,,,,,,,,,,,,,,,,,,,,,,,,,,,,,,,,,,,,,,,,,,,,,,,,,,,,,,,,,,,,,,,,,,,,,
CD_M20260142104,2026-07-27T04:00:00.000+0000,PLACEHOLDER,Premiership,Round 21,21,Optus Stadium,Fremantle,Fremantle,Western Bulldogs,Western Bulldogs,,,,,,,,,,,,,,,,,,,,,,,,,,,,,,,,,,,,,,,,,,,,,,,,,,,,,,,,,,,,,,,,,,,,,,,,,,,,,,,,,,,,
CD_M20260142202,2026-08-03T02:00:00.000+0000,PLACEHOLDER,Premiership,Round 22,22,Gabba,Brisbane Lions,Brisbane Lions,Hawthorn,Hawthorn,,,,,,,,,,,,,,,,,,,,,,,,,,,,,,,,,,,,,,,,,,,,,,,,,,,,,,,,,,,,,,,,,,,,,,,,,,,,,,,,,,,,
CD_M20260142203,2026-08-03T02:00:00.000+0000,PLACEHOLDER,Premiership,Round 22,22,GMHBA Stadium,Geelong Cats,Geelong Cats,Essendon,Essendon,,,,,,,,,,,,,,,,,,,,,,,,,,,,,,,,,,,,,,,,,,,,,,,,,,,,,,,,,,,,,,,,,,,,,,,,,,,,,,,,,,,,
CD_M20260142204,2026-08-03T02:00:00.000+0000,PLACEHOLDER,Premiership,Round 22,22,Corroboree Group Oval Manuka,GWS GIANTS,GWS GIANTS,Gold Coast SUNS,Gold Coast SUNS,,,,,,,,,,,,,,,,,,,,,,,,,,,,,,,,,,,,,,,,,,,,,,,,,,,,,,,,,,,,,,,,,,,,,,,,,,,,,,,,,,,,
CD_M20260142205,2026-08-03T02:00:00.000+0000,PLACEHOLDER,Premiership,Round 22,22,MCG,Melbourne,Melbourne,Fremantle,Fremantle,,,,,,,,,,,,,,,,,,,,,,,,,,,,,,,,,,,,,,,,,,,,,,,,,,,,,,,,,,,,,,,,,,,,,,,,,,,,,,,,,,,,
CD_M20260142206,2026-08-03T02:00:00.000+0000,PLACEHOLDER,Premiership,Round 22,22,Marvel Stadium,St Kilda,St Kilda,Carlton,Carlton,,,,,,,,,,,,,,,,,,,,,,,,,,,,,,,,,,,,,,,,,,,,,,,,,,,,,,,,,,,,,,,,,,,,,,,,,,,,,,,,,,,,
CD_M20260142207,2026-08-03T02:00:00.000+0000,PLACEHOLDER,Premiership,Round 22,22,SCG,Sydney Swans,Sydney Swans,Port Adelaide,Port Adelaide,,,,,,,,,,,,,,,,,,,,,,,,,,,,,,,,,,,,,,,,,,,,,,,,,,,,,,,,,,,,,,,,,,,,,,,,,,,,,,,,,,,,
CD_M20260142209,2026-08-03T02:00:00.000+0000,PLACEHOLDER,Premiership,Round 22,22,Marvel Stadium,Western Bulldogs,Western Bulldogs,North Melbourne,North Melbourne,,,,,,,,,,,,,,,,,,,,,,,,,,,,,,,,,,,,,,,,,,,,,,,,,,,,,,,,,,,,,,,,,,,,,,,,,,,,,,,,,,,,
CD_M20260142201,2026-08-03T02:30:00.000+0000,PLACEHOLDER,Premiership,Round 22,22,Adelaide Oval,Adelaide Crows,Adelaide Crows,Richmond,Richmond,,,,,,,,,,,,,,,,,,,,,,,,,,,,,,,,,,,,,,,,,,,,,,,,,,,,,,,,,,,,,,,,,,,,,,,,,,,,,,,,,,,,
CD_M20260142208,2026-08-03T04:00:00.000+0000,PLACEHOLDER,Premiership,Round 22,22,Optus Stadium,West Coast Eagles,West Coast Eagles,Collingwood,Collingwood,,,,,,,,,,,,,,,,,,,,,,,,,,,,,,,,,,,,,,,,,,,,,,,,,,,,,,,,,,,,,,,,,,,,,,,,,,,,,,,,,,,,
CD_M20260142301,2026-08-10T02:00:00.000+0000,PLACEHOLDER,Premiership,Round 23,23,Gabba,Brisbane Lions,Brisbane Lions,Gold Coast SUNS,Gold Coast SUNS,,,,,,,,,,,,,,,,,,,,,,,,,,,,,,,,,,,,,,,,,,,,,,,,,,,,,,,,,,,,,,,,,,,,,,,,,,,,,,,,,,,,
CD_M20260142302,2026-08-10T02:00:00.000+0000,PLACEHOLDER,Premiership,Round 23,23,MCG,Essendon,Essendon,Sydney Swans,Sydney Swans,,,,,,,,,,,,,,,,,,,,,,,,,,,,,,,,,,,,,,,,,,,,,,,,,,,,,,,,,,,,,,,,,,,,,,,,,,,,,,,,,,,,
CD_M20260142304,2026-08-10T02:00:00.000+0000,PLACEHOLDER,Premiership,Round 23,23,ENGIE Stadium,GWS GIANTS,GWS GIANTS,West Coast Eagles,West Coast Eagles,,,,,,,,,,,,,,,,,,,,,,,,,,,,,,,,,,,,,,,,,,,,,,,,,,,,,,,,,,,,,,,,,,,,,,,,,,,,,,,,,,,,
CD_M20260142305,2026-08-10T02:00:00.000+0000,PLACEHOLDER,Premiership,Round 23,23,MCG,Hawthorn,Hawthorn,Collingwood,Collingwood,,,,,,,,,,,,,,,,,,,,,,,,,,,,,,,,,,,,,,,,,,,,,,,,,,,,,,,,,,,,,,,,,,,,,,,,,,,,,,,,,,,,
CD_M20260142306,2026-08-10T02:00:00.000+0000,PLACEHOLDER,Premiership,Round 23,23,Marvel Stadium,North Melbourne,North Melbourne,Geelong Cats,Geelong Cats,,,,,,,,,,,,,,,,,,,,,,,,,,,,,,,,,,,,,,,,,,,,,,,,,,,,,,,,,,,,,,,,,,,,,,,,,,,,,,,,,,,,
CD_M20260142308,2026-08-10T02:00:00.000+0000,PLACEHOLDER,Premiership,Round 23,23,MCG,Richmond,Richmond,St Kilda,St Kilda,,,,,,,,,,,,,,,,,,,,,,,,,,,,,,,,,,,,,,,,,,,,,,,,,,,,,,,,,,,,,,,,,,,,,,,,,,,,,,,,,,,,
CD_M20260142309,2026-08-10T02:00:00.000+0000,PLACEHOLDER,Premiership,Round 23,23,Marvel Stadium,Western Bulldogs,Western Bulldogs,Carlton,Carlton,,,,,,,,,,,,,,,,,,,,,,,,,,,,,,,,,,,,,,,,,,,,,,,,,,,,,,,,,,,,,,,,,,,,,,,,,,,,,,,,,,,,
CD_M20260142307,2026-08-10T02:30:00.000+0000,PLACEHOLDER,Premiership,Round 23,23,Adelaide Oval,Port Adelaide,Port Adelaide,Melbourne,Melbourne,,,,,,,,,,,,,,,,,,,,,,,,,,,,,,,,,,,,,,,,,,,,,,,,,,,,,,,,,,,,,,,,,,,,,,,,,,,,,,,,,,,,
CD_M20260142303,2026-08-10T04:00:00.000+0000,PLACEHOLDER,Premiership,Round 23,23,Optus Stadium,Fremantle,Fremantle,Adelaide Crows,Adelaide Crows,,,,,,,,,,,,,,,,,,,,,,,,,,,,,,,,,,,,,,,,,,,,,,,,,,,,,,,,,,,,,,,,,,,,,,,,,,,,,,,,,,,,
CD_M20260142402,2026-08-17T02:00:00.000+0000,PLACEHOLDER,Premiership,Round 24,24,MCG,Collingwood,Collingwood,Brisbane Lions,Brisbane Lions,,,,,,,,,,,,,,,,,,,,,,,,,,,,,,,,,,,,,,,,,,,,,,,,,,,,,,,,,,,,,,,,,,,,,,,,,,,,,,,,,,,,
CD_M20260142403,2026-08-17T02:00:00.000+0000,PLACEHOLDER,Premiership,Round 24,24,Marvel Stadium,Carlton,Carlton,Fremantle,Fremantle,,,,,,,,,,,,,,,,,,,,,,,,,,,,,,,,,,,,,,,,,,,,,,,,,,,,,,,,,,,,,,,,,,,,,,,,,,,,,,,,,,,,
CD_M20260142404,2026-08-17T02:00:00.000+0000,PLACEHOLDER,Premiership,Round 24,24,Marvel Stadium,Essendon,Essendon,Port Adelaide,Port Adelaide,,,,,,,,,,,,,,,,,,,,,,,,,,,,,,,,,,,,,,,,,,,,,,,,,,,,,,,,,,,,,,,,,,,,,,,,,,,,,,,,,,,,
CD_M20260142405,2026-08-17T02:00:00.000+0000,PLACEHOLDER,Premiership,Round 24,24,GMHBA Stadium,Geelong Cats,Geelong Cats,Richmond,Richmond,,,,,,,,,,,,,,,,,,,,,,,,,,,,,,,,,,,,,,,,,,,,,,,,,,,,,,,,,,,,,,,,,,,,,,,,,,,,,,,,,,,,
CD_M20260142406,2026-08-17T02:00:00.000+0000,PLACEHOLDER,Premiership,Round 24,24,MCG,Melbourne,Melbourne,Western Bulldogs,Western Bulldogs,,,,,,,,,,,,,,,,,,,,,,,,,,,,,,,,,,,,,,,,,,,,,,,,,,,,,,,,,,,,,,,,,,,,,,,,,,,,,,,,,,,,
CD_M20260142407,2026-08-17T02:00:00.000+0000,PLACEHOLDER,Premiership,Round 24,24,Marvel Stadium,St Kilda,St Kilda,Gold Coast SUNS,Gold Coast SUNS,,,,,,,,,,,,,,,,,,,,,,,,,,,,,,,,,,,,,,,,,,,,,,,,,,,,,,,,,,,,,,,,,,,,,,,,,,,,,,,,,,,,
CD_M20260142408,2026-08-17T02:00:00.000+0000,PLACEHOLDER,Premiership,Round 24,24,SCG,Sydney Swans,Sydney Swans,North Melbourne,North Melbourne,,,,,,,,,,,,,,,,,,,,,,,,,,,,,,,,,,,,,,,,,,,,,,,,,,,,,,,,,,,,,,,,,,,,,,,,,,,,,,,,,,,,
CD_M20260142401,2026-08-17T02:30:00.000+0000,PLACEHOLDER,Premiership,Round 24,24,Adelaide Oval,Adelaide Crows,Adelaide Crows,GWS GIANTS,GWS GIANTS,,,,,,,,,,,,,,,,,,,,,,,,,,,,,,,,,,,,,,,,,,,,,,,,,,,,,,,,,,,,,,,,,,,,,,,,,,,,,,,,,,,,
CD_M20260142409,2026-08-17T04:00:00.000+0000,PLACEHOLDER,Premiership,Round 24,24,Optus Stadium,West Coast Eagles,West Coast Eagles,Hawthorn,Hawthorn,,,,,,,,,,,,,,,,,,,,,,,,,,,,,,,,,,,,,,,,,,,,,,,,,,,,,,,,,,,,,,,,,,,,,,,,,,,,,,,,,,,,
