player_id,player_name,player_team,player_position,guernsey_number,picture,PctOfSeason,80s,games_played,kicks,marks,handballs,disposals,effective_disposals,goals,behinds,hitouts,tackles,rebounds,inside_fifties,clearances,clangers,free_kicks_for,free_kicks_against,contested_possessions,uncontested_possessions,contested_marks,marks_inside_fifty,one_percenters,bounces,goal_assists,afl_fantasy_score,centre_clearances,stoppage_clearances,score_involvements,metres_gained,turnovers,intercepts,tackles_inside_fifty,contest_def_losses,contest_def_one_on_ones,contest_off_one_on_ones,contest_off_wins,def_half_pressure_acts,effective_kicks,f50_ground_ball_gets,ground_ball_gets,hitouts_to_advantage,intercept_marks,marks_on_lead,pressure_acts,rating_points,ruck_contests,score_launches,shots_at_goal,spoils,80sr
CD_I1019038,Aaron Cadman,GWS GIANTS,Centre Half-Forward,5.0,"https://s.afl.com.au/staticfile/AFL Tenant/AFL/Players/ChampIDImages/AFL/2025014/1019038.png?im=Scale,width=0.6,height=0.6",0.7366666666666667,8.84,12,8.2579185520362,5.090497737556561,3.3936651583710407,11.65158371040724,6.787330316742081,1.6968325791855203,1.4705882352941178,0.0,2.262443438914027,0.11312217194570136,2.3755656108597285,0.0,2.48868778280543,1.4705882352941178,0.9049773755656109,5.203619909502263,6.447963800904978,1.3574660633484164,2.0361990950226243,2.262443438914027,0.3393665158371041,0.5656108597285068,66.289592760181,0.0,0.0,5.769230769230769,221.38009049773757,3.2805429864253393,0.5656108597285068,1.583710407239819,0.11312217194570136,0.11312217194570136,3.167420814479638,0.6787330316742082,3.9592760180995477,4.751131221719457,1.1312217194570136,2.3755656108597285,0.0,0.11312217194570136,1.4705882352941178,13.461538461538462,6.402714932126697,0.0,0.22624434389140272,3.506787330316742,1.8099547511312217,1.0
CD_I990816,Aaron Francis,Sydney Swans,Full-Forward,10.0,"https://s.afl.com.au/staticfile/AFL Tenant/AFL/Players/ChampIDImages/AFL/2025014/990816.png?im=Scale,width=0.6,height=0.6",0.24083333333333332,2.8899999999999997,5,11.418685121107268,6.920415224913495,6.228373702422146,17.647058823529413,12.110726643598618,1.384083044982699,1.7301038062283738,0.0,1.384083044982699,1.7301038062283738,1.384083044982699,0.34602076124567477,4.152249134948097,0.6920415224913495,2.4221453287197234,5.536332179930796,12.110726643598618,0.6920415224913495,2.768166089965398,2.4221453287197234,0.0,1.0380622837370244,76.47058823529413,0.0,0.34602076124567477,6.228373702422146,245.3287197231834,3.4602076124567476,4.152249134948097,0.0,0.0,0.0,1.0380622837370244,0.6920415224913495,4.844290657439447,6.920415224913495,1.7301038062283738,3.4602076124567476,0.0,1.7301038062283738,1.7301038062283738,13.14878892733564,10.795847750865052,0.6920415224913495,1.0380622837370244,3.114186851211073,1.384083044982699,1.0
CD_I1002404,Aaron Naughton,Western Bulldogs,Centre Half-Forward,33.0,"https://s.afl.com.au/staticfile/AFL Tenant/AFL/Players/ChampIDImages/AFL/2025014/1002404.png?im=Scale,width=0.6,height=0.6",0.8425,10.110000000000001,12,8.50642927794263,5.934718100890207,4.747774480712166,13.254203758654796,8.40751730959446,1.8793273986152321,1.3847675568743816,0.19782393669634024,2.373887240356083,0.0,2.4727992087042527,0.29673590504451036,2.0771513353115725,0.791295746785361,0.5934718100890207,5.835806132542037,7.616221562809099,1.1869436201780414,2.571711177052423,2.373887240356083,0.19782393669634024,0.890207715133531,74.18397626112758,0.19782393669634024,0.09891196834817012,7.319485657764589,215.03461918892182,2.6706231454005933,0.6923837784371908,1.2858555885262115,0.0,0.09891196834817012,3.7586547972304643,0.6923837784371908,2.1760633036597428,5.044510385756676,1.9782393669634024,3.2640949554896137,0.0,0.0,1.681503461918892,12.363996043521265,8.981206726013847,1.3847675568743816,0.4945598417408506,3.6597428288822944,1.582591493570722,1.0
CD_I1002239,Adam Cerra,Carlton,Ruck-Rover,5.0,"https://s.afl.com.au/staticfile/AFL Tenant/AFL/Players/ChampIDImages/AFL/2025014/1002239.png?im=Scale,width=0.6,height=0.6",0.7890909090909091,8.68,11,17.62672811059908,5.529953917050691,14.631336405529954,32.25806451612903,22.235023041474655,0.3456221198156682,0.2304147465437788,0.0,5.875576036866359,2.3041474654377883,6.221198156682028,6.336405529953917,4.377880184331797,2.0737327188940093,1.1520737327188941,14.631336405529954,18.317972350230416,0.1152073732718894,0.1152073732718894,1.8433179723502304,0.0,0.4608294930875576,123.15668202764978,3.110599078341014,3.2258064516129035,7.373271889400922,507.14285714285717,5.299539170506913,4.147465437788019,0.4608294930875576,0.0,0.0,0.0,0.0,11.63594470046083,11.520737327188941,0.4608294930875576,10.023041474654379,0.0,0.6912442396313364,0.2304147465437788,26.382488479262673,16.877880184331797,0.0,2.3041474654377883,0.6912442396313364,0.8064516129032259,1.0
CD_I295461,Adam Saad,Carlton,Back-Pocket,42.0,"https://s.afl.com.au/staticfile/AFL Tenant/AFL/Players/ChampIDImages/AFL/2025014/295461.png?im=Scale,width=0.6,height=0.6",0.8227272727272728,9.05,11,16.685082872928174,3.9779005524861875,7.29281767955801,23.977900552486187,19.005524861878452,0.0,0.11049723756906077,0.0,2.6519337016574585,4.751381215469613,2.87292817679558,1.43646408839779,3.646408839779005,0.9944751381215469,0.8839779005524862,6.4088397790055245,14.033149171270717,0.22099447513812154,0.0,1.6574585635359114,3.646408839779005,0.22099447513812154,85.63535911602209,0.11049723756906077,1.3259668508287292,4.640883977900552,443.9779005524862,3.867403314917127,5.524861878453038,0.22099447513812154,0.0,0.5524861878453038,0.0,0.0,10.718232044198894,12.707182320441987,0.0,4.751381215469613,0.0,0.9944751381215469,0.11049723756906077,16.02209944751381,12.055248618784528,0.0,1.5469613259668507,0.11049723756906077,1.2154696132596685,1.0
CD_I291790,Adam Treloar,Western Bulldogs,"Full-Forward, Forward Pocket",1.0,"https://s.afl.com.au/staticfile/AFL Tenant/AFL/Players/ChampIDImages/AFL/2025014/291790.png?im=Scale,width=0.6,height=0.6",0.115,1.3800000000000001,2,16.666666666666664,3.623188405797101,17.391304347826086,34.05797101449275,26.08695652173913,0.7246376811594202,0.0,0.0,2.1739130434782608,0.7246376811594202,7.246376811594202,5.0724637681159415,3.623188405797101,2.1739130434782608,0.7246376811594202,11.594202898550723,21.739130434782606,0.0,0.0,0.7246376811594202,0.0,0.0,108.69565217391303,2.1739130434782608,2.8985507246376807,9.420289855072463,509.42028985507244,2.8985507246376807,2.8985507246376807,0.7246376811594202,0.7246376811594202,0.7246376811594202,0.0,0.0,5.0724637681159415,11.594202898550723,0.7246376811594202,9.420289855072463,0.0,0.0,0.0,16.666666666666664,17.753623188405797,0.0,0.7246376811594202,1.4492753623188404,0.7246376811594202,1.0
CD_I294508,Aidan Corr,North Melbourne,Full-Back,4.0,"https://s.afl.com.au/staticfile/AFL Tenant/AFL/Players/ChampIDImages/AFL/2025014/294508.png?im=Scale,width=0.6,height=0.6",0.740909090909091,8.15,9,12.024539877300613,5.276073619631902,4.294478527607362,16.319018404907975,13.12883435582822,0.0,0.0,0.0,1.9631901840490797,4.417177914110429,0.12269938650306748,0.12269938650306748,2.331288343558282,0.7361963190184049,1.3496932515337423,3.9263803680981595,9.938650306748466,0.12269938650306748,0.0,5.521472392638037,0.12269938650306748,0.0,65.03067484662576,0.0,0.12269938650306748,1.7177914110429446,288.58895705521473,1.840490797546012,5.030674846625766,0.0,1.4723926380368098,2.9447852760736195,0.0,0.0,8.834355828220858,9.69325153374233,0.0,2.822085889570552,0.0,0.9815950920245399,0.0,9.570552147239264,9.23926380368098,0.0,0.6134969325153374,0.12269938650306748,5.153374233128834,1.0
CD_I1024173,Aidan Johnson,Melbourne,Centre Half-Forward,42.0,"https://s.afl.com.au/staticfile/AFL Tenant/AFL/Players/ChampIDImages/AFL/2025014/1024173.png?im=Scale,width=0.6,height=0.6",0.26,3.12,5,4.8076923076923075,1.6025641025641024,3.846153846153846,8.653846153846153,3.846153846153846,0.9615384615384615,0.9615384615384615,6.089743589743589,4.8076923076923075,0.641025641025641,0.3205128205128205,2.2435897435897436,5.448717948717949,0.0,3.205128205128205,5.448717948717949,2.8846153846153846,0.641025641025641,1.282051282051282,4.487179487179487,0.0,0.641025641025641,49.35897435897436,0.3205128205128205,1.923076923076923,2.8846153846153846,132.69230769230768,3.5256410256410255,0.9615384615384615,1.6025641025641024,0.0,0.0,3.846153846153846,0.641025641025641,6.089743589743589,1.282051282051282,2.564102564102564,3.5256410256410255,1.282051282051282,0.0,0.0,18.589743589743588,4.743589743589744,24.038461538461537,0.3205128205128205,3.205128205128205,3.5256410256410255,1.0
CD_I296420,Alex Neal-Bullen,Adelaide Crows,Forward Pocket,28.0,"https://s.afl.com.au/staticfile/AFL Tenant/AFL/Players/ChampIDImages/AFL/2025014/296420.png?im=Scale,width=0.6,height=0.6",0.8175,9.809999999999999,12,10.397553516819574,3.9755351681957194,10.295616717635067,20.69317023445464,14.475025484199797,1.1213047910295617,0.5096839959225281,0.0,4.689092762487259,0.8154943934760449,2.7522935779816518,1.0193679918450562,3.2619775739041796,0.8154943934760449,1.4271151885830786,8.35881753312946,13.251783893985731,0.10193679918450561,0.5096839959225281,1.1213047910295617,0.10193679918450561,0.7135575942915393,86.23853211009175,0.10193679918450561,0.9174311926605506,6.829765545361877,291.13149847094803,3.8735983690112135,2.2426095820591234,1.0193679918450562,0.10193679918450561,0.10193679918450561,0.5096839959225281,0.0,7.543323139653416,6.014271151885832,2.2426095820591234,7.135575942915393,0.0,0.20387359836901123,0.0,24.770642201834864,13.97553516819572,0.0,0.7135575942915393,2.140672782874618,0.5096839959225281,1.0
CD_I298409,Alex Pearce,Fremantle,Full-Back,25.0,"https://s.afl.com.au/staticfile/AFL Tenant/AFL/Players/ChampIDImages/AFL/2025014/298409.png?im=Scale,width=0.6,height=0.6",0.8541666666666666,10.25,11,7.317073170731708,5.365853658536586,4.975609756097561,12.292682926829269,10.926829268292684,0.2926829268292683,0.0,0.0,1.4634146341463414,2.2439024390243905,0.6829268292682927,0.2926829268292683,2.048780487804878,1.170731707317073,1.5609756097560976,6.048780487804878,6.439024390243903,1.4634146341463414,0.0975609756097561,4.2926829268292686,0.2926829268292683,0.0,52.09756097560975,0.0,0.2926829268292683,2.5365853658536586,183.70731707317074,2.048780487804878,7.804878048780488,0.0,0.8780487804878049,2.5365853658536586,0.0975609756097561,0.0975609756097561,5.951219512195122,6.439024390243903,0.0,3.707317073170732,0.0,2.926829268292683,0.0,7.024390243902439,11.473170731707317,0.0,1.5609756097560976,0.2926829268292683,3.707317073170732,1.0
CD_I294643,Alex Sexton,Gold Coast SUNS,Interchange,6.0,"https://s.afl.com.au/staticfile/AFL Tenant/AFL/Players/ChampIDImages/AFL/2025014/294643.png?im=Scale,width=0.6,height=0.6",0.03727272727272727,0.41,1,4.878048780487805,2.4390243902439024,2.4390243902439024,7.317073170731708,4.878048780487805,0.0,2.4390243902439024,0.0,4.878048780487805,0.0,2.4390243902439024,0.0,0.0,2.4390243902439024,0.0,2.4390243902439024,7.317073170731708,0.0,0.0,0.0,0.0,2.4390243902439024,51.21951219512196,0.0,0.0,4.878048780487805,160.97560975609758,0.0,0.0,2.4390243902439024,0.0,0.0,0.0,0.0,2.4390243902439024,2.4390243902439024,0.0,0.0,0.0,0.0,0.0,12.195121951219512,3.1707317073170733,0.0,0.0,2.4390243902439024,0.0,1.0
CD_I294469,Aliir Aliir,Port Adelaide,Full-Back,21.0,"https://s.afl.com.au/staticfile/AFL Tenant/AFL/Players/ChampIDImages/AFL/2025014/294469.png?im=Scale,width=0.6,height=0.6",0.990909090909091,10.9,11,9.082568807339449,6.238532110091743,4.495412844036697,13.577981651376147,11.009174311926605,0.0,0.0,0.0,1.4678899082568806,3.3944954128440368,0.9174311926605504,0.27522935779816515,2.477064220183486,0.5504587155963303,1.1009174311926606,5.412844036697248,7.522935779816514,1.5596330275229358,0.0,5.321100917431193,0.0,0.0,58.07339449541284,0.0,0.27522935779816515,1.5596330275229358,212.2018348623853,2.477064220183486,7.522935779816514,0.0,1.1009174311926606,3.1192660550458715,0.09174311926605504,0.0,5.137614678899082,7.339449541284403,0.0,3.3944954128440368,0.0,3.3944954128440368,0.09174311926605504,6.146788990825688,10.26605504587156,0.0,1.0091743119266054,0.0,4.862385321100917,1.0
CD_I1002232,Andrew Brayshaw,Fremantle,Rover,8.0,"https://s.afl.com.au/staticfile/AFL Tenant/AFL/Players/ChampIDImages/AFL/2025014/1002232.png?im=Scale,width=0.6,height=0.6",0.8258333333333333,9.91,12,13.925327951564077,3.3299697275479314,20.080726538849646,34.006054490413725,26.437941473259333,0.5045408678102926,0.4036326942482341,0.0,8.173562058526741,2.320887991927346,6.054490413723512,5.549949545913219,3.834510595358224,2.2199798183652875,1.1099899091826437,13.6226034308779,20.98890010090817,0.20181634712411706,0.0,1.8163471241170535,0.4036326942482341,1.1099899091826437,126.94248234106962,2.72452068617558,2.825428859737639,8.87991927346115,503.73360242179615,4.137235116044399,4.339051463168516,0.9081735620585267,0.0,0.10090817356205853,0.0,0.0,13.118062563067609,9.58627648839556,0.7063572149344097,8.476286579212916,0.0,0.5045408678102926,0.20181634712411706,28.557013118062564,21.321897073662967,0.0,2.2199798183652875,0.9081735620585267,0.6054490413723511,1.0
CD_I998102,Andrew McGrath,Essendon,Back-Pocket,1.0,"https://s.afl.com.au/staticfile/AFL Tenant/AFL/Players/ChampIDImages/AFL/2025014/998102.png?im=Scale,width=0.6,height=0.6",0.8454545454545455,9.3,11,12.903225806451612,5.268817204301075,13.763440860215052,26.666666666666664,20.86021505376344,0.0,0.1075268817204301,0.0,2.043010752688172,5.806451612903225,1.2903225806451613,1.075268817204301,3.6559139784946235,0.5376344086021505,0.8602150537634408,6.559139784946236,18.387096774193548,0.2150537634408602,0.0,1.7204301075268815,2.258064516129032,0.0,88.2795698924731,0.1075268817204301,0.9677419354838709,3.548387096774193,416.1290322580645,4.838709677419354,6.666666666666666,0.0,0.2150537634408602,1.6129032258064515,0.0,0.0,8.172043010752688,8.709677419354838,0.0,5.483870967741935,0.0,0.7526881720430108,0.0,10.96774193548387,10.032258064516128,0.0,1.2903225806451613,0.1075268817204301,1.182795698924731,1.0
CD_I1027284,Angus Clarke,Essendon,Wing,36.0,"https://s.afl.com.au/staticfile/AFL Tenant/AFL/Players/ChampIDImages/AFL/2025014/1027284.png?im=Scale,width=0.6,height=0.6",0.1481818181818182,1.6300000000000001,2,11.65644171779141,6.748466257668711,4.9079754601226995,16.56441717791411,11.65644171779141,1.840490797546012,0.6134969325153374,0.0,3.680981595092024,1.840490797546012,4.9079754601226995,0.6134969325153374,2.4539877300613497,0.0,1.840490797546012,4.294478527607362,13.496932515337422,1.2269938650306749,1.840490797546012,0.6134969325153374,0.0,0.6134969325153374,85.88957055214723,0.0,0.6134969325153374,7.361963190184048,460.12269938650303,3.680981595092024,1.840490797546012,1.2269938650306749,0.0,0.0,1.2269938650306749,1.2269938650306749,6.1349693251533735,7.361963190184048,0.0,2.4539877300613497,0.0,0.6134969325153374,0.0,17.177914110429448,13.742331288343557,0.0,1.2269938650306749,2.4539877300613497,0.6134969325153374,1.0
CD_I1027872,Angus Hastie,St Kilda,Interchange,24.0,"https://s.afl.com.au/staticfile/AFL Tenant/AFL/Players/ChampIDImages/AFL/2025014/1027872.png?im=Scale,width=0.6,height=0.6",0.14,1.6800000000000002,4,10.119047619047619,4.761904761904762,7.738095238095237,17.857142857142854,12.499999999999998,0.0,0.5952380952380952,0.0,3.571428571428571,4.166666666666666,2.976190476190476,0.5952380952380952,4.166666666666666,0.0,1.1904761904761905,5.357142857142857,13.095238095238093,0.5952380952380952,0.0,2.976190476190476,0.5952380952380952,0.0,71.42857142857142,0.0,0.5952380952380952,5.952380952380952,325.5952380952381,4.166666666666666,5.357142857142857,0.0,0.5952380952380952,1.7857142857142856,0.0,0.0,12.499999999999998,5.952380952380952,0.0,3.571428571428571,0.0,2.380952380952381,0.0,15.476190476190474,8.333333333333332,0.0,2.380952380952381,0.5952380952380952,1.7857142857142856,1.0
CD_I1017077,Angus McLennan,St Kilda,Interchange,41.0,"https://s.afl.com.au/staticfile/AFL Tenant/AFL/Players/ChampIDImages/AFL/2025014/1017077.png?im=Scale,width=0.6,height=0.6",0.03333333333333333,0.4,1,7.5,7.5,10.0,17.5,7.5,0.0,0.0,0.0,5.0,5.0,0.0,0.0,7.5,2.5,2.5,7.5,10.0,2.5,0.0,2.5,0.0,0.0,80.0,0.0,0.0,0.0,115.0,10.0,10.0,0.0,0.0,0.0,0.0,0.0,15.0,5.0,0.0,2.5,0.0,5.0,0.0,17.5,0.25,0.0,0.0,0.0,2.5,1.0
CD_I1020339,Angus Sheldrick,Sydney Swans,"Forward Pocket, Wing",12.0,"https://s.afl.com.au/staticfile/AFL Tenant/AFL/Players/ChampIDImages/AFL/2025014/1020339.png?im=Scale,width=0.6,height=0.6",0.31333333333333335,3.7600000000000002,9,20.74468085106383,3.457446808510638,11.968085106382977,32.712765957446805,19.414893617021274,1.0638297872340425,0.5319148936170213,0.0,7.180851063829786,1.8617021276595744,9.308510638297872,5.319148936170213,6.117021276595744,0.5319148936170213,1.0638297872340425,14.627659574468085,16.22340425531915,0.0,0.5319148936170213,1.0638297872340425,0.0,0.5319148936170213,129.52127659574467,1.8617021276595744,3.457446808510638,6.648936170212766,659.3085106382978,8.24468085106383,4.5212765957446805,0.7978723404255319,0.0,0.0,0.0,0.0,14.361702127659573,10.106382978723405,1.5957446808510638,13.03191489361702,0.0,0.26595744680851063,0.0,26.595744680851062,19.122340425531917,0.0,2.127659574468085,1.8617021276595744,0.0,1.0
CD_I1023784,Anthony Caminiti,St Kilda,Full-Forward,47.0,"https://s.afl.com.au/staticfile/AFL Tenant/AFL/Players/ChampIDImages/AFL/2025014/1023784.png?im=Scale,width=0.6,height=0.6",0.9483333333333334,11.379999999999999,12,8.699472759226714,6.766256590509666,5.975395430579965,14.674868189806679,11.511423550087875,0.2636203866432338,0.08787346221441125,0.0,1.9332161687170477,2.724077328646749,0.70298769771529,0.0,2.724077328646749,0.7908611599297013,0.8787346221441126,6.151142355008788,8.347978910369068,1.0544815465729351,0.1757469244288225,3.9543057996485067,0.0,0.351493848857645,65.90509666080844,0.0,0.0,3.075571177504394,209.75395430579968,2.460456942003515,5.975395430579965,0.4393673110720563,0.5272407732864676,1.7574692442882252,0.6151142355008787,0.1757469244288225,3.778558875219684,6.854130052724078,0.70298769771529,4.305799648506151,0.0,2.1089630931458703,0.1757469244288225,6.766256590509666,8.479789103690687,0.1757469244288225,1.2302284710017575,0.5272407732864676,3.5149384885764503,1.0
CD_I1029265,Archer Day-Wicks,Essendon,Wing,44.0,"https://s.afl.com.au/staticfile/AFL Tenant/AFL/Players/ChampIDImages/AFL/2025014/1029265.png?im=Scale,width=0.6,height=0.6",0.17363636363636364,1.9100000000000001,3,4.712041884816753,3.1413612565445024,9.424083769633507,14.136125654450261,8.37696335078534,0.5235602094240838,0.0,0.0,4.18848167539267,0.0,1.0471204188481675,0.5235602094240838,3.1413612565445024,0.0,0.5235602094240838,5.759162303664921,8.900523560209423,0.0,0.0,0.5235602094240838,0.5235602094240838,0.5235602094240838,60.73298429319371,0.5235602094240838,0.0,3.1413612565445024,151.3089005235602,4.18848167539267,1.0471204188481675,0.5235602094240838,0.0,0.0,1.5706806282722512,0.0,5.759162303664921,2.6178010471204187,2.094240837696335,5.2356020942408374,0.0,0.0,0.5235602094240838,16.75392670157068,6.282722513089005,0.0,1.0471204188481675,0.5235602094240838,0.5235602094240838,1.0
CD_I1027693,Archer Reid,West Coast Eagles,Centre Half-Forward,22.0,"https://s.afl.com.au/staticfile/AFL Tenant/AFL/Players/ChampIDImages/AFL/2025014/1027693.png?im=Scale,width=0.6,height=0.6",0.5891666666666667,7.07,10,5.374823196605375,3.1117397454031117,3.253182461103253,8.628005657708627,5.657708628005658,0.5657708628005658,1.1315417256011315,6.647807637906648,1.9801980198019802,0.14144271570014144,1.4144271570014144,1.1315417256011315,0.9900990099009901,1.4144271570014144,0.2828854314002829,5.657708628005658,3.536067892503536,1.1315417256011315,1.9801980198019802,2.4045261669024045,0.0,1.1315417256011315,51.626591230551625,0.2828854314002829,0.8486562942008486,4.526166902404526,146.39321074964639,0.5657708628005658,1.272984441301273,0.7072135785007072,0.0,0.2828854314002829,2.1216407355021216,0.7072135785007072,1.9801980198019802,2.9702970297029703,0.9900990099009901,2.1216407355021216,1.272984441301273,0.14144271570014144,0.8486562942008486,9.900990099009901,8.076379066478076,19.943422913719942,0.7072135785007072,1.9801980198019802,0.9900990099009901,1.0
CD_I1015873,Archie Perkins,Essendon,Half-Forward,16.0,"https://s.afl.com.au/staticfile/AFL Tenant/AFL/Players/ChampIDImages/AFL/2025014/1015873.png?im=Scale,width=0.6,height=0.6",0.7245454545454546,7.970000000000001,10,11.041405269761604,4.0150564617314926,9.661229611041405,20.70263488080301,14.68005018820577,1.3801756587202005,0.37641154328732745,0.0,2.760351317440401,0.8782936010037641,2.634880803011292,2.383939774153074,3.8895859473023835,0.6273525721455457,0.6273525721455457,6.3989962358845665,13.927227101631116,0.2509410288582183,0.8782936010037641,0.2509410288582183,0.2509410288582183,0.7528230865746549,82.93601003764115,1.0037641154328731,1.3801756587202005,5.395232120451693,293.60100376411543,3.7641154328732744,1.6311166875784189,0.37641154328732745,0.0,0.0,0.5018820577164366,0.12547051442910914,6.148055207026348,6.5244667503136755,0.8782936010037641,4.893350062735257,0.0,0.12547051442910914,0.6273525721455457,15.934755332496861,11.856963613550814,0.0,0.6273525721455457,2.0075282308657463,0.2509410288582183,1.0
CD_I1023515,Archie Roberts,Essendon,"Back-Pocket, Wing",21.0,"https://s.afl.com.au/staticfile/AFL Tenant/AFL/Players/ChampIDImages/AFL/2025014/1023515.png?im=Scale,width=0.6,height=0.6",0.8490909090909091,9.34,11,14.882226980728051,6.745182012847966,13.490364025695932,28.372591006423985,21.734475374732334,0.10706638115631692,0.21413276231263384,0.0,2.569593147751606,3.8543897216274092,2.462526766595289,1.6059957173447539,3.4261241970021414,0.9635974304068523,1.0706638115631693,7.0663811563169165,19.914346895074946,0.10706638115631692,0.21413276231263384,1.9271948608137046,0.4282655246252677,0.21413276231263384,100.74946466809422,0.0,1.6059957173447539,4.389721627408994,358.02997858672376,4.17558886509636,6.209850107066381,0.21413276231263384,0.10706638115631692,0.5353319057815846,0.21413276231263384,0.21413276231263384,7.387580299785867,9.850107066381156,0.32119914346895073,5.781584582441114,0.0,0.8565310492505354,0.32119914346895073,10.920770877944326,9.807280513918629,0.0,0.8565310492505354,0.4282655246252677,1.39186295503212,1.0
CD_I1024279,Arie Schoenmaker,St Kilda,"Back-Pocket, Half-Back",27.0,"https://s.afl.com.au/staticfile/AFL Tenant/AFL/Players/ChampIDImages/AFL/2025014/1024279.png?im=Scale,width=0.6,height=0.6",0.13999999999999999,1.6799999999999997,2,17.261904761904766,4.761904761904763,4.761904761904763,22.02380952380953,16.666666666666668,0.0,0.0,0.0,0.0,8.333333333333334,0.5952380952380953,0.0,2.9761904761904767,0.5952380952380953,1.785714285714286,5.357142857142858,12.500000000000002,0.0,0.0,2.9761904761904767,0.5952380952380953,0.0,70.83333333333334,0.0,0.0,2.3809523809523814,518.4523809523811,5.357142857142858,8.333333333333334,0.0,0.0,1.1904761904761907,0.0,0.0,6.547619047619048,13.690476190476193,0.0,3.571428571428572,0.0,1.1904761904761907,0.5952380952380953,9.523809523809526,7.440476190476192,0.0,1.1904761904761907,0.0,1.785714285714286,1.0
CD_I1020586,Arthur Jones,Western Bulldogs,Interchange,32.0,"https://s.afl.com.au/staticfile/AFL Tenant/AFL/Players/ChampIDImages/AFL/2025014/1020586.png?im=Scale,width=0.6,height=0.6",0.0875,1.05,3,2.857142857142857,0.9523809523809523,8.571428571428571,11.428571428571429,8.571428571428571,0.0,0.0,0.0,4.761904761904762,0.0,0.9523809523809523,1.9047619047619047,1.9047619047619047,0.0,0.9523809523809523,4.761904761904762,7.619047619047619,0.0,0.0,0.0,0.0,0.0,44.76190476190476,0.0,1.9047619047619047,2.857142857142857,101.9047619047619,1.9047619047619047,0.9523809523809523,1.9047619047619047,0.0,0.0,0.0,0.0,11.428571428571429,1.9047619047619047,0.9523809523809523,4.761904761904762,0.0,0.0,0.0,21.904761904761905,4.761904761904762,0.0,0.0,0.0,0.0,1.0
CD_I1020097,Ashton Moir,Carlton,Interchange,43.0,"https://s.afl.com.au/staticfile/AFL Tenant/AFL/Players/ChampIDImages/AFL/2025014/1020097.png?im=Scale,width=0.6,height=0.6",0.05,0.55,1,1.8181818181818181,0.0,1.8181818181818181,3.6363636363636362,1.8181818181818181,0.0,0.0,0.0,0.0,0.0,0.0,0.0,0.0,0.0,0.0,1.8181818181818181,0.0,0.0,0.0,0.0,0.0,0.0,9.09090909090909,0.0,0.0,0.0,12.727272727272727,0.0,1.8181818181818181,0.0,0.0,0.0,0.0,0.0,3.6363636363636362,0.0,0.0,0.0,0.0,0.0,0.0,9.09090909090909,0.5454545454545454,0.0,0.0,1.8181818181818181,0.0,1.0
CD_I998180,Bailey Banfield,Fremantle,Interchange,41.0,"https://s.afl.com.au/staticfile/AFL Tenant/AFL/Players/ChampIDImages/AFL/2025014/998180.png?im=Scale,width=0.6,height=0.6",0.5191666666666667,6.2299999999999995,9,9.309791332263243,3.049759229534511,7.704654895666132,17.014446227929376,13.001605136436599,0.6420545746388443,0.16051364365971107,0.0,2.086677367576244,0.9630818619582665,2.7287319422150884,1.4446227929373998,2.8892455858747996,0.48154093097913325,0.48154093097913325,6.741573033707866,10.754414125200643,0.0,0.16051364365971107,2.247191011235955,0.0,0.48154093097913325,63.88443017656501,0.0,1.4446227929373998,4.815409309791333,283.7881219903692,3.691813804173355,3.049759229534511,0.32102728731942215,0.0,0.16051364365971107,0.16051364365971107,0.16051364365971107,5.778491171749599,6.260032102728732,0.9630818619582665,5.296950240770466,0.0,0.16051364365971107,0.0,14.606741573033709,10.834670947030498,0.0,0.8025682182985554,1.2841091492776886,0.9630818619582665,1.0
CD_I996708,Bailey Dale,Western Bulldogs,Half-Back,31.0,"https://s.afl.com.au/staticfile/AFL Tenant/AFL/Players/ChampIDImages/AFL/2025014/996708.png?im=Scale,width=0.6,height=0.6",0.8391666666666667,10.07,12,24.528301886792452,4.965243296921549,9.433962264150944,33.9622641509434,27.706057596822244,0.19860973187686196,0.09930486593843098,0.0,1.3902681231380338,6.752730883813307,3.1777557100297913,0.6951340615690169,2.6812313803376364,0.5958291956305859,0.7944389275074478,6.752730883813307,20.25819265143992,0.29791459781529295,0.0,1.5888778550148956,0.9930486593843098,0.5958291956305859,112.41310824230386,0.09930486593843098,0.5958291956305859,6.951340615690168,701.0923535253227,3.7735849056603774,7.447864945382324,0.19860973187686196,0.3972194637537239,0.8937437934458788,0.0,0.0,7.845084409136048,19.16583912611718,0.09930486593843098,5.561072492552135,0.0,1.3902681231380338,0.09930486593843098,11.221449851042701,17.40814299900695,0.0,2.4826216484607744,0.3972194637537239,0.7944389275074478,1.0
CD_I1023500,Bailey Humphrey,Gold Coast SUNS,Ruck-Rover,19.0,"https://s.afl.com.au/staticfile/AFL Tenant/AFL/Players/ChampIDImages/AFL/2025014/1023500.png?im=Scale,width=0.6,height=0.6",0.8163636363636363,8.98,11,8.908685968819599,2.6726057906458798,11.247216035634743,20.155902004454344,13.808463251670378,0.7795100222717148,0.6681514476614699,0.0,6.013363028953229,0.4454342984409799,4.565701559020044,3.897550111358574,4.008908685968819,1.0022271714922049,1.5590200445434297,12.472160356347437,8.240534521158128,0.8908685968819599,0.5567928730512249,1.5590200445434297,0.11135857461024498,1.1135857461024499,82.96213808463251,1.2249443207126949,2.6726057906458798,7.126948775055679,356.57015590200444,2.7839643652561246,2.2271714922048997,1.2249443207126949,0.0,0.11135857461024498,1.8930957683741647,1.1135857461024499,8.463251670378618,5.122494432071269,1.5590200445434297,9.131403118040089,0.0,0.11135857461024498,0.11135857461024498,24.053452115812917,15.334075723830733,0.0,1.6703786191536747,1.7817371937639197,0.6681514476614699,1.0
CD_I1006114,Bailey J. Williams,West Coast Eagles,Ruck,32.0,"https://s.afl.com.au/staticfile/AFL Tenant/AFL/Players/ChampIDImages/AFL/2025014/1006114.png?im=Scale,width=0.6,height=0.6",0.4091666666666667,4.91,7,6.720977596741344,2.0366598778004072,6.924643584521385,13.64562118126273,9.164969450101832,0.8146639511201629,0.40733197556008144,25.661914460285132,3.054989816700611,1.8329938900203666,3.054989816700611,4.276985743380855,3.6659877800407332,2.0366598778004072,1.2219959266802443,8.75763747454175,5.091649694501018,1.0183299389002036,0.8146639511201629,1.6293279022403258,0.0,0.0,81.67006109979633,1.6293279022403258,2.6476578411405294,4.0733197556008145,179.42973523421588,2.8513238289205702,1.6293279022403258,0.8146639511201629,0.20366598778004072,0.8146639511201629,2.0366598778004072,0.8146639511201629,7.942973523421588,2.8513238289205702,1.0183299389002036,4.887983706720977,3.6659877800407332,0.20366598778004072,0.20366598778004072,17.5152749490835,8.431771894093686,63.34012219959266,2.240325865580448,1.6293279022403258,1.4256619144602851,1.0
CD_I1012826,Bailey Laurie,Melbourne,Interchange,16.0,"https://s.afl.com.au/staticfile/AFL Tenant/AFL/Players/ChampIDImages/AFL/2025014/1012826.png?im=Scale,width=0.6,height=0.6",0.016666666666666666,0.2,1,10.0,5.0,5.0,15.0,0.0,0.0,5.0,0.0,0.0,0.0,10.0,0.0,10.0,0.0,0.0,5.0,10.0,0.0,0.0,0.0,0.0,0.0,60.0,0.0,0.0,5.0,515.0,10.0,0.0,0.0,0.0,0.0,0.0,0.0,5.0,0.0,0.0,5.0,0.0,0.0,0.0,20.0,-2.0,0.0,0.0,5.0,0.0,1.0
CD_I1029261,Bailey Macdonald,Hawthorn,Interchange,42.0,"https://s.afl.com.au/staticfile/AFL Tenant/AFL/Players/ChampIDImages/AFL/2025014/1029261.png?im=Scale,width=0.6,height=0.6",0.10153846153846154,1.3199999999999998,4,9.090909090909092,2.272727272727273,9.84848484848485,18.93939393939394,16.666666666666668,0.0,0.0,0.0,0.7575757575757577,3.7878787878787885,0.7575757575757577,0.7575757575757577,2.272727272727273,1.5151515151515154,0.7575757575757577,6.060606060606061,12.87878787878788,0.0,0.0,0.7575757575757577,3.0303030303030307,0.0,56.06060606060607,0.0,0.7575757575757577,6.060606060606061,346.969696969697,2.272727272727273,6.060606060606061,0.0,0.7575757575757577,2.272727272727273,0.0,0.0,6.818181818181819,7.575757575757577,0.7575757575757577,5.303030303030304,0.0,0.0,0.7575757575757577,9.84848484848485,13.030303030303031,0.0,1.5151515151515154,0.7575757575757577,0.0,1.0
CD_I1006058,Bailey Scott,North Melbourne,Half-Back,8.0,"https://s.afl.com.au/staticfile/AFL Tenant/AFL/Players/ChampIDImages/AFL/2025014/1006058.png?im=Scale,width=0.6,height=0.6",0.42363636363636364,4.66,7,8.583690987124463,5.579399141630901,6.437768240343347,15.02145922746781,12.017167381974248,0.4291845493562232,0.2145922746781116,0.0,3.004291845493562,1.7167381974248928,2.7896995708154506,0.2145922746781116,1.2875536480686696,0.4291845493562232,0.8583690987124464,3.2188841201716736,13.090128755364807,0.2145922746781116,0.4291845493562232,1.0729613733905579,1.502145922746781,0.6437768240343348,68.02575107296137,0.0,0.2145922746781116,3.2188841201716736,296.3519313304721,3.4334763948497855,1.7167381974248928,0.2145922746781116,0.0,0.2145922746781116,0.0,0.0,9.012875536480687,6.437768240343347,0.2145922746781116,2.575107296137339,0.0,0.2145922746781116,0.4291845493562232,14.592274678111588,6.1587982832618025,0.0,0.2145922746781116,0.6437768240343348,0.4291845493562232,1.0
CD_I1006130,Bailey Smith,Geelong Cats,Ruck-Rover,3.0,"https://s.afl.com.au/staticfile/AFL Tenant/AFL/Players/ChampIDImages/AFL/2025014/1006130.png?im=Scale,width=0.6,height=0.6",0.7666666666666667,9.2,11,25.000000000000004,6.41304347826087,12.717391304347828,37.71739130434783,23.47826086956522,0.5434782608695653,0.32608695652173914,0.0,6.847826086956522,3.804347826086957,7.500000000000001,6.086956521739131,6.630434782608696,0.9782608695652175,1.7391304347826089,12.608695652173914,23.15217391304348,0.0,0.2173913043478261,1.6304347826086958,0.4347826086956522,0.8695652173913044,146.41304347826087,2.717391304347826,3.3695652173913047,8.695652173913045,825.0000000000001,7.282608695652175,3.0434782608695654,1.1956521739130437,0.0,0.0,0.0,0.0,12.717391304347828,13.369565217391305,1.3043478260869565,10.652173913043478,0.0,0.32608695652173914,0.8695652173913044,25.217391304347828,18.934782608695652,0.0,1.0869565217391306,1.0869565217391306,0.2173913043478261,1.0
CD_I992351,Bailey Williams,Western Bulldogs,Wing,34.0,"https://s.afl.com.au/staticfile/AFL Tenant/AFL/Players/ChampIDImages/AFL/2025014/992351.png?im=Scale,width=0.6,height=0.6",0.8475,10.17,12,11.012782694198624,6.489675516224189,12.192723697148477,23.2055063913471,19.174041297935105,0.39331366764995085,0.39331366764995085,0.0,2.1632251720747298,2.4582104228121926,2.2615535889872174,1.1799410029498525,1.7699115044247788,0.688298918387414,0.5899705014749262,6.489675516224189,17.20747295968535,0.19665683382497542,0.4916420845624386,1.7699115044247788,0.5899705014749262,0.19665683382497542,87.2173058013766,0.2949852507374631,0.8849557522123894,5.506391347099312,386.52900688298917,2.8515240904621435,5.2114060963618485,0.2949852507374631,0.09832841691248771,0.4916420845624386,0.09832841691248771,0.0,6.1946902654867255,8.357915437561456,0.39331366764995085,4.916420845624385,0.0,1.0816125860373649,0.2949852507374631,10.914454277286136,12.340216322517207,0.0,1.4749262536873156,0.8849557522123894,1.1799410029498525,1.0
CD_I1001438,Bayley Fritsch,Melbourne,"Centre Half-Forward, Forward Pocket",31.0,"https://s.afl.com.au/staticfile/AFL Tenant/AFL/Players/ChampIDImages/AFL/2025014/1001438.png?im=Scale,width=0.6,height=0.6",0.7033333333333334,8.440000000000001,11,8.175355450236966,5.331753554502368,5.0947867298578196,13.270142180094785,8.53080568720379,1.3033175355450235,1.6587677725118481,0.0,2.725118483412322,0.4739336492890995,2.1327014218009475,0.23696682464454974,2.606635071090047,1.1848341232227486,0.8293838862559241,4.85781990521327,8.76777251184834,1.5402843601895733,2.2511848341232223,1.4218009478672984,0.4739336492890995,0.3554502369668246,69.78672985781989,0.0,0.23696682464454974,5.6872037914691935,237.79620853080564,2.488151658767772,1.6587677725118481,1.0663507109004737,0.0,0.0,2.2511848341232223,0.947867298578199,1.6587677725118481,4.85781990521327,0.947867298578199,2.1327014218009475,0.0,0.23696682464454974,0.4739336492890995,11.611374407582936,6.101895734597155,0.0,0.8293838862559241,3.436018957345971,1.3033175355450235,1.0
CD_I1004757,Beau McCreery,Collingwood,Forward Pocket,31.0,"https://s.afl.com.au/staticfile/AFL Tenant/AFL/Players/ChampIDImages/AFL/2025014/1004757.png?im=Scale,width=0.6,height=0.6",0.7691666666666668,9.23,12,9.100758396533044,3.2502708559046587,4.658721560130011,13.759479956663055,10.075839653304442,0.5417118093174431,0.32502708559046584,0.0,5.200433369447453,0.4333694474539545,4.442036836403034,1.733477789815818,2.275189599133261,0.866738894907909,0.7583965330444203,4.658721560130011,8.66738894907909,0.21668472372697725,0.32502708559046584,0.6500541711809317,0.866738894907909,0.9750812567713976,69.33911159263272,0.9750812567713976,0.7583965330444203,5.633802816901408,337.8114842903575,2.4918743228602382,1.0834236186348862,1.3001083423618633,0.0,0.10834236186348863,0.6500541711809317,0.32502708559046584,8.342361863488623,6.175514626218852,1.408450704225352,2.925243770314193,0.0,0.21668472372697725,0.6500541711809317,26.43553629469122,11.755146262188514,0.0,1.0834236186348862,1.191765980498375,0.32502708559046584,1.0
CD_I998130,Ben Ainsworth,Gold Coast SUNS,Half-Forward,9.0,"https://s.afl.com.au/staticfile/AFL Tenant/AFL/Players/ChampIDImages/AFL/2025014/998130.png?im=Scale,width=0.6,height=0.6",0.7045454545454546,7.75,10,10.451612903225806,5.548387096774194,8.903225806451612,19.35483870967742,14.193548387096774,0.9032258064516129,0.3870967741935484,0.0,2.5806451612903225,0.7741935483870968,4.774193548387097,1.2903225806451613,2.5806451612903225,0.3870967741935484,0.6451612903225806,5.161290322580645,14.709677419354838,0.25806451612903225,0.7741935483870968,0.7741935483870968,0.0,1.1612903225806452,80.38709677419355,0.25806451612903225,1.032258064516129,7.225806451612903,309.03225806451616,3.6129032258064515,1.6774193548387097,0.7741935483870968,0.0,0.0,0.12903225806451613,0.12903225806451613,2.4516129032258065,6.451612903225806,1.4193548387096775,4.0,0.0,0.0,0.9032258064516129,11.096774193548388,8.47741935483871,0.0,0.5161290322580645,2.193548387096774,0.25806451612903225,1.0
CD_I1017088,Ben Hobbs,Essendon,Wing,8.0,"https://s.afl.com.au/staticfile/AFL Tenant/AFL/Players/ChampIDImages/AFL/2025014/1017088.png?im=Scale,width=0.6,height=0.6",0.6881818181818182,7.57,11,10.435931307793924,2.7741083223249667,12.417437252311757,22.85336856010568,15.719947159841478,0.5284015852047556,0.5284015852047556,0.0,4.887714663143989,1.056803170409511,1.9815059445178336,3.0383091149273445,4.095112285336856,1.5852047556142668,0.9247027741083222,8.058124174372523,14.531043593130779,0.0,0.5284015852047556,0.3963011889035667,0.1321003963011889,0.5284015852047556,86.52575957727873,0.6605019815059445,2.3778071334214004,5.416116248348745,249.00924702774108,4.359313077939234,1.7173051519154556,1.056803170409511,0.0,0.1321003963011889,0.3963011889035667,0.0,7.397622192866578,5.416116248348745,1.056803170409511,5.9445178335535,0.0,0.0,0.3963011889035667,23.117569352708056,9.511228533685602,0.0,0.6605019815059445,1.1889035667107002,0.1321003963011889,1.0
CD_I993946,Ben Keays,Adelaide Crows,Half-Forward,2.0,"https://s.afl.com.au/staticfile/AFL Tenant/AFL/Players/ChampIDImages/AFL/2025014/993946.png?im=Scale,width=0.6,height=0.6",0.89,10.68,12,11.51685393258427,5.2434456928838955,6.835205992509364,18.352059925093634,12.265917602996256,1.8726591760299627,0.5617977528089888,0.0,3.558052434456929,0.6554307116104869,3.2771535580524347,1.404494382022472,3.0898876404494384,1.0299625468164795,0.7490636704119851,6.367041198501873,11.797752808988765,0.0,1.4981273408239701,0.6554307116104869,0.0,0.6554307116104869,88.76404494382022,0.37453183520599254,1.0299625468164795,6.273408239700375,320.9737827715356,3.7453183520599254,1.2172284644194757,1.6853932584269664,0.0,0.0,0.37453183520599254,0.18726591760299627,3.370786516853933,6.554307116104869,1.3108614232209739,4.962546816479401,0.0,0.0,0.6554307116104869,17.50936329588015,12.125468164794007,0.0,0.7490636704119851,3.1835205992509366,0.18726591760299627,1.0
CD_I1006144,Ben King,Gold Coast SUNS,Forward Pocket,34.0,"https://s.afl.com.au/staticfile/AFL Tenant/AFL/Players/ChampIDImages/AFL/2025014/1006144.png?im=Scale,width=0.6,height=0.6",0.8345454545454545,9.18,11,5.991285403050109,3.9215686274509807,2.9411764705882355,8.932461873638344,5.882352941176471,3.485838779956427,1.4161220043572986,0.0,0.5446623093681917,0.0,0.7625272331154684,0.0,1.4161220043572986,1.4161220043572986,0.5446623093681917,5.337690631808279,3.812636165577342,1.4161220043572986,3.5947712418300655,1.3071895424836601,0.0,0.5446623093681917,59.912854030501094,0.0,0.0,6.318082788671024,154.68409586056646,1.9607843137254903,0.4357298474945534,0.4357298474945534,0.0,0.0,3.0501089324618738,0.9803921568627452,0.32679738562091504,3.7037037037037037,1.9607843137254903,2.396514161220044,0.0,0.10893246187363835,1.0893246187363834,5.555555555555555,9.618736383442267,0.0,0.2178649237472767,5.446623093681917,1.198257080610022,1.0
CD_I993917,Ben Long,Gold Coast SUNS,Forward Pocket,22.0,"https://s.afl.com.au/staticfile/AFL Tenant/AFL/Players/ChampIDImages/AFL/2025014/993917.png?im=Scale,width=0.6,height=0.6",0.7727272727272727,8.5,10,10.941176470588236,5.882352941176471,3.0588235294117645,14.0,8.352941176470589,2.7058823529411766,1.5294117647058822,0.0,2.235294117647059,0.0,3.764705882352941,0.47058823529411764,2.823529411764706,0.9411764705882353,0.5882352941176471,6.9411764705882355,8.0,1.2941176470588236,3.2941176470588234,3.176470588235294,0.23529411764705882,0.8235294117647058,82.47058823529412,0.0,0.47058823529411764,7.764705882352941,312.47058823529414,2.7058823529411766,0.9411764705882353,1.411764705882353,0.0,0.0,1.5294117647058822,0.5882352941176471,1.1764705882352942,6.235294117647059,2.1176470588235294,2.823529411764706,0.0,0.11764705882352941,1.7647058823529411,14.470588235294118,15.329411764705883,0.0,0.47058823529411764,4.823529411764706,0.8235294117647058,1.0
CD_I1002143,Ben McKay,Essendon,Full-Back,32.0,"https://s.afl.com.au/staticfile/AFL Tenant/AFL/Players/ChampIDImages/AFL/2025014/1002143.png?im=Scale,width=0.6,height=0.6",0.8936363636363636,9.83,10,5.188199389623601,4.476093591047813,3.763987792472024,8.952187182095626,7.731434384537131,0.0,0.0,0.0,1.4242115971515767,0.7121057985757884,0.1017293997965412,0.0,1.8311291963377416,0.8138351983723296,1.1190233977619533,3.8657171922685656,4.781281790437436,1.4242115971515767,0.0,4.069175991861648,0.0,0.0,39.674465920651066,0.0,0.0,1.7293997965412005,54.83214649033571,0.8138351983723296,5.493387589013225,0.0,0.6103763987792472,3.560528992878942,0.0,0.0,4.170905391658189,4.476093591047813,0.0,1.7293997965412005,0.0,2.54323499491353,0.0,4.984740590030519,5.747711088504578,0.0,1.1190233977619533,0.0,4.069175991861648,1.0
CD_I1002403,Ben Miller,Richmond,Full-Back,12.0,"https://s.afl.com.au/staticfile/AFL Tenant/AFL/Players/ChampIDImages/AFL/2025014/1002403.png?im=Scale,width=0.6,height=0.6",0.95,11.4,12,8.947368421052632,6.140350877192982,3.5964912280701755,12.543859649122806,10.87719298245614,0.0,0.0,0.0,1.6666666666666665,3.9473684210526314,0.7017543859649122,0.0,1.5789473684210527,0.6140350877192983,0.6140350877192983,3.508771929824561,8.070175438596491,0.8771929824561403,0.0,6.666666666666666,0.0,0.0,57.89473684210526,0.0,0.0,1.6666666666666665,259.91228070175436,2.1929824561403506,5.0,0.0,0.7017543859649122,3.333333333333333,0.08771929824561403,0.0,5.526315789473684,7.719298245614035,0.0,1.7543859649122806,0.0,1.5789473684210527,0.0,6.315789473684211,8.289473684210526,0.0,0.7894736842105263,0.0,5.526315789473684,1.0
CD_I1004985,Ben Paton,Sydney Swans,"Back-Pocket, Half-Back",25.0,"https://s.afl.com.au/staticfile/AFL Tenant/AFL/Players/ChampIDImages/AFL/2025014/1004985.png?im=Scale,width=0.6,height=0.6",0.18000000000000002,2.16,4,8.333333333333332,3.7037037037037033,6.944444444444444,15.277777777777777,13.888888888888888,0.0,0.0,0.0,2.7777777777777777,1.3888888888888888,2.314814814814815,0.0,2.314814814814815,0.0,0.9259259259259258,2.7777777777777777,11.11111111111111,0.0,0.0,3.2407407407407405,0.4629629629629629,0.4629629629629629,58.33333333333333,0.0,0.0,2.314814814814815,181.94444444444443,1.8518518518518516,3.7037037037037033,0.0,0.4629629629629629,0.9259259259259258,0.0,0.0,8.796296296296296,7.4074074074074066,0.0,2.7777777777777777,0.0,0.0,0.0,11.574074074074073,5.925925925925926,0.0,1.3888888888888888,0.0,2.314814814814815,1.0
CD_I991773,Billy Frampton,Collingwood,Full-Back,17.0,"https://s.afl.com.au/staticfile/AFL Tenant/AFL/Players/ChampIDImages/AFL/2025014/991773.png?im=Scale,width=0.6,height=0.6",0.7008333333333333,8.41,9,5.826397146254459,3.9239001189060643,4.637336504161712,10.46373365041617,9.036860879904875,0.0,0.0,0.356718192627824,0.9512485136741974,3.0915576694411415,0.23781212841854935,0.23781212841854935,1.78359096313912,0.356718192627824,0.9512485136741974,3.9239001189060643,6.658739595719382,0.8323424494649228,0.0,9.036860879904875,0.0,0.0,40.19024970273484,0.0,0.23781212841854935,1.426872770511296,160.9988109393579,2.140309155766944,5.231866825208085,0.0,0.8323424494649228,2.853745541022592,0.0,0.0,3.4482758620689653,4.9940546967895365,0.0,2.140309155766944,0.0,1.9024970273483948,0.0,4.5184304399524375,8.763376932223544,1.070154577883472,0.713436385255648,0.0,7.491082045184304,1.0
CD_I296294,Blake Acres,Carlton,Wing,13.0,"https://s.afl.com.au/staticfile/AFL Tenant/AFL/Players/ChampIDImages/AFL/2025014/296294.png?im=Scale,width=0.6,height=0.6",0.6436363636363636,7.08,9,12.711864406779661,4.80225988700565,8.615819209039548,21.327683615819208,12.994350282485875,0.2824858757062147,0.0,0.0,4.237288135593221,2.9661016949152543,3.389830508474576,1.1299435028248588,3.9548022598870056,1.271186440677966,0.847457627118644,6.497175141242938,15.112994350282486,0.5649717514124294,0.423728813559322,1.694915254237288,0.2824858757062147,0.14124293785310735,87.14689265536722,0.14124293785310735,0.9887005649717514,3.1073446327683616,349.01129943502826,5.2259887005649714,3.389830508474576,0.2824858757062147,0.0,0.0,0.423728813559322,0.0,7.909604519774011,6.497175141242938,0.423728813559322,4.237288135593221,0.0,0.7062146892655368,0.0,17.231638418079097,7.062146892655367,0.0,0.7062146892655368,0.5649717514124294,0.7062146892655368,1.0
CD_I993794,Blake Hardwick,Hawthorn,Full-Back,15.0,"https://s.afl.com.au/staticfile/AFL Tenant/AFL/Players/ChampIDImages/AFL/2025014/993794.png?im=Scale,width=0.6,height=0.6",0.8715384615384615,11.33,13,9.443954104148279,5.648720211827008,5.825242718446602,15.26919682259488,12.35657546337158,0.970873786407767,0.617828773168579,0.0,2.030008826125331,1.941747572815534,1.147396293027361,0.088261253309797,1.588702559576346,0.706090026478376,0.617828773168579,5.560458958517211,9.267431597528685,0.8826125330979699,1.412180052956752,2.64783759929391,0.088261253309797,0.264783759929391,70.34421888790821,0.0,0.088261253309797,4.589585172109444,255.69285083848192,2.736098852603707,3.5304501323918798,0.970873786407767,0.088261253309797,0.264783759929391,0.794351279788173,0.353045013239188,4.236540158870256,7.3256840247131505,1.323918799646955,3.618711385701677,0.0,1.147396293027361,1.059135039717564,10.679611650485437,11.085613415710503,0.0,0.794351279788173,1.853486319505737,2.206531332744925,1.0
CD_I1017122,Blake Howes,Melbourne,Centre Half-Back,22.0,"https://s.afl.com.au/staticfile/AFL Tenant/AFL/Players/ChampIDImages/AFL/2025014/1017122.png?im=Scale,width=0.6,height=0.6",0.2375,2.85,4,8.421052631578947,4.56140350877193,7.719298245614035,16.140350877192983,12.982456140350877,0.0,0.0,0.0,2.456140350877193,3.508771929824561,1.0526315789473684,0.0,1.4035087719298245,0.7017543859649122,0.7017543859649122,4.2105263157894735,12.631578947368421,0.0,0.0,1.4035087719298245,0.0,0.0,62.807017543859644,0.0,0.0,2.1052631578947367,225.26315789473682,2.456140350877193,3.8596491228070176,0.0,1.0526315789473684,2.456140350877193,0.0,0.0,7.719298245614035,5.614035087719298,0.0,3.508771929824561,0.0,0.0,0.0,10.175438596491228,6.350877192982456,0.0,1.0526315789473684,0.0,1.4035087719298245,1.0
CD_I1028449,Bo Allan,West Coast Eagles,Wing,26.0,"https://s.afl.com.au/staticfile/AFL Tenant/AFL/Players/ChampIDImages/AFL/2025014/1028449.png?im=Scale,width=0.6,height=0.6",0.0775,0.93,2,4.301075268817204,4.301075268817204,7.526881720430107,11.827956989247312,11.827956989247312,0.0,0.0,0.0,2.150537634408602,2.150537634408602,1.075268817204301,1.075268817204301,3.225806451612903,0.0,1.075268817204301,1.075268817204301,10.75268817204301,0.0,0.0,1.075268817204301,1.075268817204301,0.0,46.236559139784944,0.0,1.075268817204301,1.075268817204301,103.2258064516129,1.075268817204301,1.075268817204301,0.0,0.0,0.0,0.0,0.0,8.602150537634408,4.301075268817204,0.0,1.075268817204301,0.0,0.0,1.075268817204301,10.75268817204301,-2.6881720430107525,0.0,1.075268817204301,0.0,1.075268817204301,1.0
CD_I1006148,Bobby Hill,Collingwood,Half-Forward,23.0,"https://s.afl.com.au/staticfile/AFL Tenant/AFL/Players/ChampIDImages/AFL/2025014/1006148.png?im=Scale,width=0.6,height=0.6",0.6950000000000001,8.34,11,8.633093525179856,3.237410071942446,3.8369304556354917,12.470023980815348,8.752997601918466,2.038369304556355,1.1990407673860912,0.0,2.6378896882494005,0.0,2.997601918465228,0.8393285371702638,2.997601918465228,0.7194244604316546,1.7985611510791366,4.796163069544365,7.194244604316546,0.11990407673860912,1.079136690647482,1.079136690647482,1.079136690647482,1.4388489208633093,62.589928057553955,0.0,0.8393285371702638,7.074340527577938,265.22781774580335,2.3980815347721824,1.1990407673860912,1.1990407673860912,0.0,0.0,0.8393285371702638,0.0,3.237410071942446,5.275779376498801,2.6378896882494005,3.7170263788968825,0.0,0.3597122302158273,0.9592326139088729,12.23021582733813,12.577937649880097,0.0,1.6786570743405276,4.07673860911271,0.3597122302158273,1.0
CD_I1017665,Bodhi Uwland,Gold Coast SUNS,Back-Pocket,32.0,"https://s.afl.com.au/staticfile/AFL Tenant/AFL/Players/ChampIDImages/AFL/2025014/1017665.png?im=Scale,width=0.6,height=0.6",0.8727272727272727,9.6,11,10.9375,5.3125,8.020833333333334,18.958333333333336,16.354166666666668,0.10416666666666667,0.0,0.0,1.875,4.583333333333334,1.5625,0.4166666666666667,2.8125,0.9375,1.0416666666666667,4.6875,12.1875,0.3125,0.0,5.3125,0.4166666666666667,0.0,70.72916666666667,0.10416666666666667,0.3125,3.3333333333333335,368.8541666666667,2.8125,5.9375,0.0,0.625,2.291666666666667,0.0,0.0,7.395833333333334,9.479166666666668,0.20833333333333334,3.541666666666667,0.0,1.6666666666666667,0.20833333333333334,8.854166666666668,8.937500000000002,0.0,1.1458333333333335,0.10416666666666667,5.208333333333334,1.0
CD_I999326,Brad Close,Geelong Cats,Half-Forward,45.0,"https://s.afl.com.au/staticfile/AFL Tenant/AFL/Players/ChampIDImages/AFL/2025014/999326.png?im=Scale,width=0.6,height=0.6",0.8233333333333334,9.879999999999999,12,8.603238866396762,2.9352226720647776,5.97165991902834,14.574898785425102,10.728744939271255,0.9109311740890689,0.3036437246963563,0.0,2.2267206477732797,0.40485829959514175,2.732793522267207,0.40485829959514175,1.5182186234817816,1.0121457489878543,0.10121457489878544,5.364372469635628,8.502024291497976,0.40485829959514175,0.708502024291498,1.5182186234817816,0.0,1.2145748987854252,61.94331983805669,0.20242914979757087,0.20242914979757087,6.376518218623483,194.6356275303644,2.530364372469636,2.0242914979757085,0.40485829959514175,0.0,0.0,1.2145748987854252,0.3036437246963563,4.554655870445345,5.566801619433199,1.7206477732793524,3.6437246963562755,0.0,0.10121457489878544,0.6072874493927126,18.11740890688259,11.912955465587046,0.0,1.417004048582996,1.5182186234817816,0.8097165991902835,1.0
CD_I295584,Bradley Hill,St Kilda,Centre Half-Forward,8.0,"https://s.afl.com.au/staticfile/AFL Tenant/AFL/Players/ChampIDImages/AFL/2025014/295584.png?im=Scale,width=0.6,height=0.6",0.88,10.559999999999999,12,14.772727272727275,5.303030303030304,8.049242424242426,22.8219696969697,17.234848484848488,0.37878787878787884,0.37878787878787884,0.0,1.7992424242424245,2.651515151515152,3.21969696969697,1.5151515151515154,2.935606060606061,0.47348484848484856,0.9469696969696971,4.450757575757576,18.276515151515152,0.09469696969696971,0.37878787878787884,1.2310606060606062,0.9469696969696971,0.9469696969696971,83.80681818181819,0.0,1.5151515151515154,5.871212121212122,405.8712121212122,3.598484848484849,2.178030303030303,0.18939393939393942,0.18939393939393942,0.2840909090909091,0.09469696969696971,0.0,6.7234848484848495,9.94318181818182,0.7575757575757577,3.31439393939394,0.0,0.37878787878787884,0.47348484848484856,13.25757575757576,9.886363636363637,0.0,1.0416666666666667,0.7575757575757577,0.2840909090909091,1.0
CD_I1023167,Brady Hough,West Coast Eagles,Back-Pocket,19.0,"https://s.afl.com.au/staticfile/AFL Tenant/AFL/Players/ChampIDImages/AFL/2025014/1023167.png?im=Scale,width=0.6,height=0.6",0.8524999999999999,10.23,12,8.01564027370479,4.301075268817204,8.602150537634408,16.617790811339198,12.316715542521994,0.19550342130987292,0.19550342130987292,0.0,3.616813294232649,1.6617790811339197,2.2482893450635384,1.5640273704789833,3.1280547409579667,0.8797653958944281,1.1730205278592374,5.474095796676441,11.436950146627565,0.29325513196480935,0.09775171065493646,2.2482893450635384,0.09775171065493646,0.29325513196480935,67.35092864125122,0.48875855327468226,1.075268817204301,3.3235581622678394,254.34995112414467,3.1280547409579667,3.8123167155425217,0.29325513196480935,0.0,0.7820136852394917,0.09775171065493646,0.09775171065493646,9.481915933528837,4.789833822091887,0.19550342130987292,4.105571847507331,0.0,1.075268817204301,0.5865102639296187,18.18181818181818,8.36754643206256,0.0,1.1730205278592374,0.39100684261974583,1.6617790811339197,1.0
CD_I1013133,Braeden Campbell,Sydney Swans,Half-Forward,16.0,"https://s.afl.com.au/staticfile/AFL Tenant/AFL/Players/ChampIDImages/AFL/2025014/1013133.png?im=Scale,width=0.6,height=0.6",0.8091666666666666,9.709999999999999,12,9.989701338825954,3.6045314109165814,6.076210092687951,16.065911431513904,11.53450051493306,1.0298661174047374,1.1328527291452113,0.0,4.428424304840371,0.5149330587023687,3.1925849639546864,0.7209062821833162,2.9866117404737387,0.7209062821833162,1.1328527291452113,5.458290422245109,10.916580844490218,0.0,1.0298661174047374,0.82389289392379,0.6179196704428425,0.5149330587023687,75.2832131822863,0.10298661174047374,0.6179196704428425,5.973223480947477,288.3625128733265,3.3985581874356336,1.7507723995880538,0.5149330587023687,0.10298661174047374,0.10298661174047374,0.82389289392379,0.10298661174047374,6.488156539649846,5.973223480947477,1.64778578784758,4.634397528321319,0.0,0.2059732234809475,1.3388259526261588,19.670442842430486,9.567456230690011,0.0,0.82389289392379,2.47167868177137,0.30895983522142123,1.0
CD_I1002401,Brandon Starcevich,Brisbane Lions,Half-Back,37.0,"https://s.afl.com.au/staticfile/AFL Tenant/AFL/Players/ChampIDImages/AFL/2025014/1002401.png?im=Scale,width=0.6,height=0.6",0.05500000000000001,0.66,1,9.09090909090909,4.545454545454545,10.606060606060606,19.696969696969695,16.666666666666664,0.0,0.0,0.0,3.0303030303030303,1.5151515151515151,1.5151515151515151,3.0303030303030303,0.0,1.5151515151515151,0.0,10.606060606060606,10.606060606060606,0.0,0.0,1.5151515151515151,0.0,0.0,75.75757575757575,1.5151515151515151,1.5151515151515151,1.5151515151515151,159.0909090909091,0.0,7.575757575757575,0.0,0.0,0.0,0.0,0.0,3.0303030303030303,7.575757575757575,0.0,9.09090909090909,0.0,1.5151515151515151,0.0,7.575757575757575,13.636363636363635,0.0,0.0,0.0,1.5151515151515151,1.0
CD_I1009410,Brandon Walker,Fremantle,Centre Half-Back,31.0,"https://s.afl.com.au/staticfile/AFL Tenant/AFL/Players/ChampIDImages/AFL/2025014/1009410.png?im=Scale,width=0.6,height=0.6",0.09250000000000001,1.11,2,8.108108108108107,0.9009009009009008,8.108108108108107,16.216216216216214,14.414414414414413,0.0,0.0,0.0,4.504504504504504,2.7027027027027026,0.9009009009009008,0.9009009009009008,2.7027027027027026,2.7027027027027026,0.9009009009009008,8.108108108108107,9.009009009009008,0.9009009009009008,0.0,1.8018018018018016,0.0,0.0,61.261261261261254,0.0,0.9009009009009008,1.8018018018018016,147.74774774774772,3.603603603603603,7.207207207207206,0.0,0.0,0.9009009009009008,0.0,0.0,14.414414414414413,7.207207207207206,0.0,4.504504504504504,0.0,0.9009009009009008,0.0,16.216216216216214,7.747747747747747,0.0,0.0,0.0,0.9009009009009008,1.0
CD_I1004034,Brandon Zerk-Thatcher,Port Adelaide,Back-Pocket,25.0,"https://s.afl.com.au/staticfile/AFL Tenant/AFL/Players/ChampIDImages/AFL/2025014/1004034.png?im=Scale,width=0.6,height=0.6",0.07818181818181817,0.86,1,11.627906976744185,9.30232558139535,3.488372093023256,15.116279069767442,13.953488372093023,0.0,0.0,0.0,1.1627906976744187,1.1627906976744187,1.1627906976744187,0.0,0.0,0.0,0.0,4.651162790697675,11.627906976744185,0.0,0.0,8.13953488372093,0.0,0.0,74.4186046511628,0.0,0.0,3.488372093023256,145.34883720930233,1.1627906976744187,5.813953488372093,0.0,0.0,5.813953488372093,0.0,0.0,5.813953488372093,11.627906976744185,0.0,3.488372093023256,0.0,1.1627906976744187,0.0,5.813953488372093,11.86046511627907,0.0,1.1627906976744187,0.0,5.813953488372093,1.0
CD_I993799,Brayden Fiorini,Gold Coast SUNS,Wing,8.0,"https://s.afl.com.au/staticfile/AFL Tenant/AFL/Players/ChampIDImages/AFL/2025014/993799.png?im=Scale,width=0.6,height=0.6",0.3145454545454546,3.46,4,10.115606936416185,2.601156069364162,10.982658959537572,21.09826589595376,15.606936416184972,0.0,0.0,0.0,2.601156069364162,2.601156069364162,3.179190751445087,2.601156069364162,2.023121387283237,0.8670520231213873,0.28901734104046245,8.38150289017341,13.00578034682081,0.5780346820809249,0.0,2.023121387283237,0.0,0.28901734104046245,70.52023121387283,0.28901734104046245,2.3121387283236996,2.8901734104046244,321.3872832369942,4.335260115606936,4.624277456647399,0.8670520231213873,0.0,0.0,0.28901734104046245,0.0,6.069364161849711,6.6473988439306355,0.5780346820809249,6.358381502890174,0.0,0.5780346820809249,0.0,13.00578034682081,13.265895953757227,0.0,1.4450867052023122,0.28901734104046245,0.8670520231213873,1.0
CD_I992010,Brayden Maynard,Collingwood,Back-Pocket,4.0,"https://s.afl.com.au/staticfile/AFL Tenant/AFL/Players/ChampIDImages/AFL/2025014/992010.png?im=Scale,width=0.6,height=0.6",0.6266666666666667,7.5200000000000005,10,14.361702127659573,5.1861702127659575,5.053191489361702,19.414893617021274,14.893617021276595,0.5319148936170213,0.0,0.0,3.457446808510638,4.388297872340425,2.6595744680851063,0.6648936170212766,3.457446808510638,0.6648936170212766,1.5957446808510638,6.382978723404255,13.164893617021276,0.39893617021276595,0.0,5.319148936170213,0.6648936170212766,0.26595744680851063,81.64893617021276,0.13297872340425532,0.5319148936170213,4.25531914893617,462.1010638297872,3.1914893617021276,5.718085106382978,0.0,0.26595744680851063,1.1968085106382977,0.0,0.0,11.037234042553191,11.037234042553191,0.0,3.457446808510638,0.0,0.7978723404255319,0.13297872340425532,14.228723404255318,12.898936170212766,0.0,1.0638297872340425,0.5319148936170213,3.058510638297872,1.0
CD_I997033,Brennan Cox,Fremantle,Back-Pocket,36.0,"https://s.afl.com.au/staticfile/AFL Tenant/AFL/Players/ChampIDImages/AFL/2025014/997033.png?im=Scale,width=0.6,height=0.6",0.8233333333333334,9.879999999999999,12,8.603238866396762,5.76923076923077,5.364372469635628,13.96761133603239,11.234817813765183,0.10121457489878544,0.0,0.0,1.0121457489878543,2.6315789473684212,0.20242914979757087,0.10121457489878544,3.238866396761134,0.6072874493927126,1.7206477732793524,6.578947368421053,7.591093117408907,1.619433198380567,0.10121457489878544,6.781376518218624,0.0,0.0,53.94736842105264,0.0,0.10121457489878544,1.9230769230769234,181.78137651821865,2.4291497975708505,7.489878542510122,0.10121457489878544,0.708502024291498,3.036437246963563,0.40485829959514175,0.3036437246963563,3.4412955465587047,6.680161943319839,0.0,4.048582995951417,0.0,2.4291497975708505,0.10121457489878544,5.161943319838057,9.746963562753038,0.0,1.3157894736842106,0.10121457489878544,5.76923076923077,1.0
CD_I1002251,Brent Daniels,GWS GIANTS,Half-Forward,16.0,"https://s.afl.com.au/staticfile/AFL Tenant/AFL/Players/ChampIDImages/AFL/2025014/1002251.png?im=Scale,width=0.6,height=0.6",0.21250000000000002,2.5500000000000003,4,10.588235294117647,3.92156862745098,12.156862745098039,22.745098039215684,16.862745098039213,0.392156862745098,0.784313725490196,0.0,4.313725490196078,0.784313725490196,5.490196078431372,3.92156862745098,1.568627450980392,1.176470588235294,0.392156862745098,7.450980392156862,13.333333333333332,0.392156862745098,1.176470588235294,1.176470588235294,0.392156862745098,1.568627450980392,88.23529411764704,1.176470588235294,2.745098039215686,5.88235294117647,352.9411764705882,3.529411764705882,1.568627450980392,1.176470588235294,0.0,0.0,0.0,0.0,11.372549019607842,6.666666666666666,0.784313725490196,5.88235294117647,0.0,0.0,1.176470588235294,30.196078431372545,17.6078431372549,0.0,0.784313725490196,1.568627450980392,0.0,1.0
CD_I293957,Brodie Grundy,Sydney Swans,Ruck,4.0,"https://s.afl.com.au/staticfile/AFL Tenant/AFL/Players/ChampIDImages/AFL/2025014/293957.png?im=Scale,width=0.6,height=0.6",0.78,9.360000000000001,12,7.478632478632478,2.884615384615384,15.170940170940169,22.649572649572647,14.529914529914528,0.21367521367521364,0.10683760683760682,42.628205128205124,5.3418803418803416,1.709401709401709,2.884615384615384,6.0897435897435885,5.769230769230768,2.243589743589743,2.564102564102564,13.995726495726494,9.188034188034187,0.5341880341880341,0.10683760683760682,3.525641025641025,0.5341880341880341,0.10683760683760682,121.36752136752135,1.4957264957264955,4.594017094017094,6.517094017094016,173.39743589743588,3.9529914529914523,3.525641025641025,0.641025641025641,0.21367521367521364,1.0683760683760681,0.5341880341880341,0.0,7.158119658119658,4.166666666666666,1.282051282051282,7.799145299145298,12.82051282051282,1.282051282051282,0.0,16.45299145299145,16.44230769230769,89.85042735042734,4.05982905982906,0.4273504273504273,2.6709401709401708,1.0
CD_I1009241,Brodie Kemp,Carlton,Forward Pocket,17.0,"https://s.afl.com.au/staticfile/AFL Tenant/AFL/Players/ChampIDImages/AFL/2025014/1009241.png?im=Scale,width=0.6,height=0.6",0.37545454545454543,4.13,5,6.779661016949153,3.6319612590799033,3.6319612590799033,10.411622276029055,6.053268765133172,1.6949152542372883,0.9685230024213075,0.0,2.663438256658596,0.0,1.4527845036319613,0.0,3.6319612590799033,1.6949152542372883,1.4527845036319613,4.116222760290557,6.053268765133172,0.24213075060532688,1.6949152542372883,1.6949152542372883,0.0,0.9685230024213075,57.6271186440678,0.0,0.0,5.5690072639225185,146.24697336561744,3.6319612590799033,0.9685230024213075,0.7263922518159807,0.0,0.0,2.663438256658596,0.7263922518159807,2.9055690072639226,3.6319612590799033,1.4527845036319613,1.937046004842615,0.0,0.0,1.4527845036319613,11.62227602905569,4.552058111380146,1.2106537530266344,0.24213075060532688,3.1476997578692494,1.4527845036319613,1.0
CD_I291748,Brodie Smith,Adelaide Crows,Interchange,33.0,"https://s.afl.com.au/staticfile/AFL Tenant/AFL/Players/ChampIDImages/AFL/2025014/291748.png?im=Scale,width=0.6,height=0.6",0.13249999999999998,1.5899999999999999,2,14.465408805031448,5.031446540880504,6.918238993710692,21.38364779874214,18.238993710691826,1.257861635220126,0.0,0.0,1.257861635220126,6.289308176100629,3.773584905660378,0.628930817610063,0.628930817610063,0.628930817610063,0.628930817610063,5.660377358490567,13.207547169811322,0.628930817610063,0.0,4.402515723270441,0.628930817610063,0.0,83.64779874213838,0.0,0.628930817610063,5.031446540880504,550.3144654088051,5.660377358490567,5.660377358490567,0.0,0.628930817610063,1.886792452830189,0.0,0.0,7.547169811320756,11.320754716981133,0.628930817610063,3.773584905660378,0.0,1.257861635220126,0.628930817610063,10.062893081761008,18.364779874213838,0.0,1.886792452830189,1.257861635220126,3.1446540880503147,1.0
CD_I291849,Brody Mihocek,Collingwood,"Centre Half-Forward, Full-Forward",41.0,"https://s.afl.com.au/staticfile/AFL Tenant/AFL/Players/ChampIDImages/AFL/2025014/291849.png?im=Scale,width=0.6,height=0.6",0.7008333333333333,8.41,10,7.609988109393579,4.9940546967895365,3.9239001189060643,11.533888228299643,7.13436385255648,2.6159334126040426,1.3079667063020213,0.4756242568370987,2.4970273483947683,0.0,1.5457788347205708,0.23781212841854935,2.4970273483947683,1.070154577883472,1.5457788347205708,5.826397146254459,5.826397146254459,1.426872770511296,2.6159334126040426,1.426872770511296,0.0,0.11890606420927467,69.56004756242568,0.0,0.23781212841854935,5.826397146254459,199.88109393579072,2.853745541022592,0.8323424494649228,1.5457788347205708,0.0,0.0,2.853745541022592,0.713436385255648,1.6646848989298455,4.280618311533888,2.140309155766944,3.2104637336504163,0.11890606420927467,0.4756242568370987,1.5457788347205708,9.036860879904875,10.190249702734839,2.4970273483947683,0.4756242568370987,4.756242568370987,1.070154577883472,1.0
CD_I1009317,Bruce Reville,Brisbane Lions,Half-Forward,38.0,"https://s.afl.com.au/staticfile/AFL Tenant/AFL/Players/ChampIDImages/AFL/2025014/1009317.png?im=Scale,width=0.6,height=0.6",0.16833333333333333,2.02,4,12.376237623762377,6.930693069306931,6.435643564356436,18.81188118811881,13.366336633663366,0.9900990099009901,0.0,0.0,3.9603960396039604,2.4752475247524752,1.9801980198019802,0.9900990099009901,3.4653465346534653,0.0,0.49504950495049505,2.9702970297029703,15.346534653465346,0.0,0.49504950495049505,0.9900990099009901,0.9900990099009901,0.9900990099009901,91.08910891089108,0.0,0.9900990099009901,4.455445544554456,370.2970297029703,3.9603960396039604,1.4851485148514851,0.49504950495049505,0.0,0.0,0.0,0.0,6.930693069306931,8.910891089108912,0.49504950495049505,2.9702970297029703,0.0,0.49504950495049505,0.0,17.821782178217823,9.009900990099009,0.0,0.9900990099009901,0.9900990099009901,0.49504950495049505,1.0
CD_I998782,Buku Khamis,Western Bulldogs,Back-Pocket,24.0,"https://s.afl.com.au/staticfile/AFL Tenant/AFL/Players/ChampIDImages/AFL/2025014/998782.png?im=Scale,width=0.6,height=0.6",0.76,9.120000000000001,11,6.798245614035087,5.153508771929824,5.482456140350877,12.280701754385964,10.307017543859647,1.0964912280701753,0.3289473684210526,2.631578947368421,2.850877192982456,1.425438596491228,0.6578947368421052,0.43859649122807015,2.083333333333333,0.6578947368421052,1.3157894736842104,4.605263157894736,7.456140350877192,0.7675438596491228,1.0964912280701753,4.276315789473684,0.10964912280701754,0.21929824561403508,64.47368421052632,0.21929824561403508,0.21929824561403508,4.385964912280701,140.35087719298244,1.2061403508771928,3.1798245614035086,0.43859649122807015,0.3289473684210526,0.9868421052631577,1.7543859649122806,0.21929824561403508,4.824561403508771,5.701754385964912,0.9868421052631577,3.070175438596491,0.43859649122807015,1.2061403508771928,0.7675438596491228,10.087719298245613,8.980263157894736,10.307017543859647,0.8771929824561403,1.5350877192982455,3.8377192982456134,1.0
CD_I1024057,Caiden Cleary,Sydney Swans,Forward Pocket,33.0,"https://s.afl.com.au/staticfile/AFL Tenant/AFL/Players/ChampIDImages/AFL/2025014/1024057.png?im=Scale,width=0.6,height=0.6",0.5466666666666667,6.5600000000000005,9,5.9451219512195115,3.201219512195122,10.670731707317072,16.615853658536583,11.585365853658535,0.1524390243902439,1.0670731707317072,0.0,5.030487804878049,0.9146341463414633,1.5243902439024388,1.8292682926829267,2.74390243902439,0.9146341463414633,0.6097560975609756,6.7073170731707314,10.823170731707316,0.1524390243902439,0.1524390243902439,0.9146341463414633,0.0,0.45731707317073167,69.96951219512195,0.7621951219512194,1.0670731707317072,5.792682926829268,174.23780487804876,2.591463414634146,1.8292682926829267,2.1341463414634143,0.0,0.0,0.6097560975609756,0.3048780487804878,7.4695121951219505,3.3536585365853657,1.0670731707317072,5.030487804878049,0.0,0.3048780487804878,0.6097560975609756,28.353658536585364,6.692073170731707,0.0,0.9146341463414633,1.371951219512195,0.45731707317073167,1.0
CD_I295136,Caleb Daniel,North Melbourne,Centre Half-Back,5.0,"https://s.afl.com.au/staticfile/AFL Tenant/AFL/Players/ChampIDImages/AFL/2025014/295136.png?im=Scale,width=0.6,height=0.6",0.8318181818181818,9.15,11,20.437158469945356,4.808743169398907,10.92896174863388,31.366120218579233,25.027322404371585,0.0,0.0,0.0,2.513661202185792,6.775956284153005,2.0765027322404372,1.4207650273224044,3.278688524590164,0.2185792349726776,0.7650273224043715,5.573770491803279,19.01639344262295,0.1092896174863388,0.0,1.3114754098360655,1.530054644808743,0.4371584699453552,105.57377049180327,0.0,1.4207650273224044,4.1530054644808745,551.4754098360655,5.7923497267759565,4.808743169398907,0.1092896174863388,0.0,0.1092896174863388,0.0,0.0,11.584699453551913,15.40983606557377,0.1092896174863388,5.027322404371584,0.0,0.4371584699453552,0.0,14.426229508196721,10.032786885245901,0.0,1.639344262295082,0.0,0.8743169398907104,1.0
CD_I1024096,Caleb Mitchell,Sydney Swans,Wing,35.0,"https://s.afl.com.au/staticfile/AFL Tenant/AFL/Players/ChampIDImages/AFL/2025014/1024096.png?im=Scale,width=0.6,height=0.6",0.07666666666666667,0.9200000000000002,1,8.695652173913041,4.347826086956521,5.434782608695651,14.130434782608694,8.695652173913041,0.0,0.0,0.0,2.1739130434782603,1.0869565217391302,0.0,1.0869565217391302,3.2608695652173907,0.0,1.0869565217391302,5.434782608695651,7.608695652173912,0.0,0.0,1.0869565217391302,0.0,0.0,55.43478260869564,0.0,1.0869565217391302,2.1739130434782603,43.47826086956521,1.0869565217391302,5.434782608695651,0.0,0.0,0.0,0.0,0.0,7.608695652173912,4.347826086956521,1.0869565217391302,5.434782608695651,0.0,1.0869565217391302,0.0,11.956521739130434,2.7173913043478257,0.0,1.0869565217391302,0.0,1.0869565217391302,1.0
CD_I1011589,Caleb Poulter,Western Bulldogs,Interchange,25.0,"https://s.afl.com.au/staticfile/AFL Tenant/AFL/Players/ChampIDImages/AFL/2025014/1011589.png?im=Scale,width=0.6,height=0.6",0.05999999999999999,0.72,1,15.277777777777779,11.11111111111111,8.333333333333334,23.61111111111111,11.11111111111111,0.0,0.0,0.0,1.3888888888888888,0.0,5.555555555555555,0.0,4.166666666666667,0.0,0.0,6.944444444444445,16.666666666666668,0.0,2.7777777777777777,1.3888888888888888,0.0,1.3888888888888888,101.38888888888889,0.0,0.0,8.333333333333334,501.3888888888889,5.555555555555555,2.7777777777777777,0.0,0.0,0.0,1.3888888888888888,0.0,1.3888888888888888,5.555555555555555,2.7777777777777777,6.944444444444445,0.0,1.3888888888888888,1.3888888888888888,9.722222222222223,6.666666666666667,0.0,1.3888888888888888,2.7777777777777777,0.0,1.0
CD_I1009420,Caleb Serong,Fremantle,Ruck-Rover,3.0,"https://s.afl.com.au/staticfile/AFL Tenant/AFL/Players/ChampIDImages/AFL/2025014/1009420.png?im=Scale,width=0.6,height=0.6",0.825,9.9,12,15.858585858585858,2.121212121212121,18.383838383838384,34.24242424242424,22.626262626262626,0.10101010101010101,0.40404040404040403,0.0,5.454545454545454,2.4242424242424243,6.161616161616162,10.404040404040403,4.646464646464646,2.2222222222222223,1.0101010101010102,17.474747474747474,16.767676767676768,0.0,0.20202020202020202,1.4141414141414141,0.10101010101010101,0.8080808080808081,112.72727272727272,4.747474747474747,5.656565656565657,7.2727272727272725,538.2828282828283,5.656565656565657,3.0303030303030303,0.10101010101010101,0.0,0.0,0.0,0.0,11.414141414141413,7.777777777777778,1.0101010101010102,11.717171717171716,0.0,0.20202020202020202,0.0,25.151515151515152,19.666666666666664,0.10101010101010101,2.2222222222222223,0.6060606060606061,0.10101010101010101,1.0
CD_I1027821,Caleb Windsor,Melbourne,"Half-Back, Wing",6.0,"https://s.afl.com.au/staticfile/AFL Tenant/AFL/Players/ChampIDImages/AFL/2025014/1027821.png?im=Scale,width=0.6,height=0.6",0.6391666666666667,7.67,10,13.298565840938723,5.215123859191656,7.953063885267275,21.251629726205998,14.471968709256846,0.2607561929595828,0.2607561929595828,0.0,1.955671447196871,2.607561929595828,4.041720990873533,0.7822685788787483,3.259452411994785,0.9126466753585398,0.651890482398957,4.302477183833116,18.252933507170795,0.1303780964797914,0.0,1.8252933507170797,1.0430247718383312,0.39113428943937417,80.05215123859192,0.2607561929595828,0.5215123859191656,3.911342894393742,436.897001303781,4.563233376792699,3.5202086049543677,0.0,0.2607561929595828,0.5215123859191656,0.0,0.0,10.169491525423728,8.083441981747066,0.0,2.8683181225554106,0.0,0.651890482398957,0.2607561929595828,15.123859191655802,9.165580182529334,0.0,0.9126466753585398,0.9126466753585398,1.303780964797914,1.0
CD_I280109,Callan Ward,GWS GIANTS,Wing,8.0,"https://s.afl.com.au/staticfile/AFL Tenant/AFL/Players/ChampIDImages/AFL/2025014/280109.png?im=Scale,width=0.6,height=0.6",0.6925,8.309999999999999,12,10.830324909747294,5.054151624548737,10.950661853188931,21.780986762936223,17.809867629362216,0.7220216606498197,0.2406738868832732,0.0,1.4440433212996393,2.6474127557160054,2.0457280385078223,2.2864019253910954,2.6474127557160054,1.0830324909747293,1.0830324909747293,6.3778580024067395,15.282791817087848,0.2406738868832732,0.3610108303249098,0.4813477737665464,0.2406738868832732,0.601684717208183,77.73766546329725,0.601684717208183,1.6847172081829125,6.01684717208183,309.3862815884477,2.767749699157642,3.610108303249098,0.3610108303249098,0.0,0.2406738868832732,0.0,0.0,4.693140794223828,8.062575210589653,0.7220216606498197,4.9338146811071,0.0,0.601684717208183,0.2406738868832732,9.386281588447655,10.890493381468112,0.0,1.805054151624549,1.0830324909747293,0.4813477737665464,1.0
CD_I298437,Callum Ah Chee,Brisbane Lions,Forward Pocket,4.0,"https://s.afl.com.au/staticfile/AFL Tenant/AFL/Players/ChampIDImages/AFL/2025014/298437.png?im=Scale,width=0.6,height=0.6",0.7775000000000001,9.330000000000002,12,8.574490889603428,5.894962486602357,6.752411575562699,15.326902465166128,11.2540192926045,1.9292604501607713,1.393354769560557,0.0,2.3579849946409426,0.2143622722400857,1.2861736334405143,0.6430868167202571,2.893890675241157,0.9646302250803857,1.2861736334405143,6.538049303322614,9.110396570203642,0.4287245444801714,1.8220793140407285,1.6077170418006428,0.0,1.1789924973204713,76.42015005359055,0.2143622722400857,0.4287245444801714,6.752411575562699,206.21650589496244,2.3579849946409426,1.393354769560557,0.9646302250803857,0.0,0.0,0.8574490889603428,0.2143622722400857,2.893890675241157,5.466237942122185,1.8220793140407285,4.180064308681671,0.0,0.32154340836012857,1.0718113612004285,14.469453376205784,9.946409431939976,0.0,0.2143622722400857,3.644158628081457,0.9646302250803857,1.0
CD_I1014038,Callum M. Brown,GWS GIANTS,Forward Pocket,46.0,"https://s.afl.com.au/staticfile/AFL Tenant/AFL/Players/ChampIDImages/AFL/2025014/1014038.png?im=Scale,width=0.6,height=0.6",0.6191666666666666,7.43,10,9.152086137281293,4.306864064602961,6.325706594885599,15.477792732166892,10.767160161507404,1.3458950201884254,0.6729475100942127,3.3647375504710633,2.8263795423956934,0.2691790040376851,3.6339165545087484,1.8842530282637955,2.288021534320323,1.0767160161507403,0.6729475100942127,6.998654104979812,7.6716016150740245,0.5383580080753702,0.9421265141318977,1.749663526244953,0.0,0.9421265141318977,75.50471063257066,0.2691790040376851,1.6150740242261103,6.056527590847914,277.6581426648722,2.4226110363391657,1.2113055181695829,0.9421265141318977,0.0,0.0,2.1534320323014806,0.6729475100942127,4.172274562584119,6.460296096904441,2.018842530282638,5.114401076716017,0.6729475100942127,0.2691790040376851,1.2113055181695829,11.440107671601616,12.382234185733513,8.748317631224765,0.6729475100942127,2.4226110363391657,1.4804845222072678,1.0
CD_I993905,Callum Mills,Sydney Swans,"Wing, Wing",14.0,"https://s.afl.com.au/staticfile/AFL Tenant/AFL/Players/ChampIDImages/AFL/2025014/993905.png?im=Scale,width=0.6,height=0.6",0.05333333333333334,0.64,1,14.0625,7.8125,12.5,26.5625,21.875,1.5625,0.0,0.0,1.5625,4.6875,0.0,0.0,3.125,0.0,3.125,7.8125,15.625,0.0,0.0,3.125,0.0,0.0,96.875,0.0,0.0,1.5625,401.5625,4.6875,4.6875,0.0,0.0,0.0,0.0,0.0,6.25,10.9375,1.5625,7.8125,0.0,0.0,1.5625,12.5,16.875,0.0,0.0,1.5625,3.125,1.0
CD_I296422,Callum Wilkie,St Kilda,Full-Back,44.0,"https://s.afl.com.au/staticfile/AFL Tenant/AFL/Players/ChampIDImages/AFL/2025014/296422.png?im=Scale,width=0.6,height=0.6",0.9975,11.97,12,14.285714285714285,8.939014202172096,5.680868838763575,19.96658312447786,16.791979949874687,0.0,0.0,0.0,1.5873015873015872,4.594820384294068,0.4177109440267335,0.3341687552213868,1.7543859649122806,0.7518796992481203,0.835421888053467,5.597326649958228,13.450292397660817,0.9189640768588136,0.0,5.430242272347535,0.6683375104427736,0.0835421888053467,85.63074352548037,0.0,0.3341687552213868,3.007518796992481,277.0258980785296,2.0050125313283207,6.9340016708437755,0.0,0.3341687552213868,2.9239766081871346,0.0,0.0,4.845446950710109,11.61236424394319,0.0,4.010025062656641,0.0,2.172096908939014,0.0835421888053467,5.513784461152882,11.929824561403509,0.0,1.4202172096908938,0.0,4.678362573099415,1.0
CD_I1032100,Calsher Dear,Hawthorn,Interchange,35.0,"https://s.afl.com.au/staticfile/AFL Tenant/AFL/Players/ChampIDImages/AFL/2025014/1032100.png?im=Scale,width=0.6,height=0.6",0.04153846153846154,0.54,1,5.555555555555555,1.8518518518518516,3.7037037037037033,9.25925925925926,7.4074074074074066,0.0,0.0,0.0,0.0,0.0,0.0,0.0,3.7037037037037033,0.0,1.8518518518518516,0.0,11.11111111111111,0.0,0.0,1.8518518518518516,0.0,0.0,24.074074074074073,0.0,0.0,1.8518518518518516,159.25925925925924,1.8518518518518516,0.0,0.0,0.0,0.0,5.555555555555555,0.0,0.0,3.7037037037037033,0.0,0.0,0.0,0.0,0.0,11.11111111111111,5.185185185185184,0.0,0.0,0.0,0.0,1.0
CD_I1023482,Cam Mackenzie,Hawthorn,Centre,28.0,"https://s.afl.com.au/staticfile/AFL Tenant/AFL/Players/ChampIDImages/AFL/2025014/1023482.png?im=Scale,width=0.6,height=0.6",0.4646153846153846,6.04,9,12.913907284768213,3.1456953642384105,12.913907284768213,25.827814569536425,18.37748344370861,0.0,0.0,0.0,6.788079470198675,1.490066225165563,5.132450331125828,4.635761589403973,2.814569536423841,1.490066225165563,0.8278145695364238,10.264900662251655,15.728476821192054,0.16556291390728478,0.0,1.490066225165563,0.16556291390728478,0.8278145695364238,100.16556291390728,2.4834437086092715,2.152317880794702,4.966887417218543,370.86092715231786,4.801324503311259,3.47682119205298,0.9933774834437086,0.0,0.33112582781456956,0.0,0.0,13.57615894039735,8.112582781456954,0.8278145695364238,7.28476821192053,0.0,0.6622516556291391,0.0,26.821192052980134,14.999999999999998,0.0,0.9933774834437086,0.33112582781456956,0.9933774834437086,1.0
CD_I1002235,Cam Rayner,Brisbane Lions,Forward Pocket,16.0,"https://s.afl.com.au/staticfile/AFL Tenant/AFL/Players/ChampIDImages/AFL/2025014/1002235.png?im=Scale,width=0.6,height=0.6",0.8158333333333334,9.790000000000001,12,9.908069458631255,3.3707865168539324,7.55873340143003,17.466802860061286,11.338100102145045,1.1235955056179774,1.0214504596527068,0.0,2.757916241062308,0.20429009193054135,5.617977528089887,2.451481103166496,3.3707865168539324,1.0214504596527068,1.5321756894790601,7.660878447395301,9.908069458631255,0.7150153217568948,0.9193054136874361,1.225740551583248,0.0,0.612870275791624,70.17364657814096,1.0214504596527068,1.4300306435137895,5.924412665985699,354.74974463738505,3.0643513789581203,1.0214504596527068,0.612870275791624,0.0,0.0,0.8171603677221654,0.10214504596527067,3.6772216547497445,5.617977528089887,1.225740551583248,4.698672114402451,0.0,0.10214504596527067,0.5107252298263534,14.811031664964247,11.04187946884576,0.0,0.612870275791624,2.6557711950970377,0.612870275791624,1.0
CD_I998484,Cameron Zurhaar,North Melbourne,Forward Pocket,44.0,"https://s.afl.com.au/staticfile/AFL Tenant/AFL/Players/ChampIDImages/AFL/2025014/998484.png?im=Scale,width=0.6,height=0.6",0.8290909090909091,9.120000000000001,11,9.978070175438596,5.153508771929824,4.057017543859649,14.035087719298245,9.539473684210526,2.4122807017543857,1.2061403508771928,0.0,2.631578947368421,0.10964912280701754,3.3991228070175437,0.43859649122807015,3.728070175438596,0.9868421052631577,1.7543859649122806,6.469298245614034,8.44298245614035,1.0964912280701753,2.1929824561403506,1.2061403508771928,0.3289473684210526,0.6578947368421052,75.43859649122807,0.0,0.43859649122807015,6.140350877192982,290.67982456140345,3.728070175438596,0.9868421052631577,1.2061403508771928,0.0,0.0,1.3157894736842104,0.21929824561403508,3.1798245614035086,6.030701754385964,2.7412280701754383,4.057017543859649,0.0,0.43859649122807015,0.9868421052631577,11.07456140350877,12.346491228070173,0.10964912280701754,0.9868421052631577,4.276315789473684,0.6578947368421052,1.0
CD_I1036103,Campbell Gray,Richmond,Back-Pocket,50.0,"https://s.afl.com.au/staticfile/AFL Tenant/AFL/Players/ChampIDImages/AFL/2025014/1036103.png?im=Scale,width=0.6,height=0.6",0.17916666666666667,2.15,3,9.30232558139535,7.441860465116279,4.186046511627907,13.488372093023257,10.697674418604652,0.0,0.0,0.0,0.9302325581395349,4.651162790697675,0.46511627906976744,0.0,1.8604651162790697,0.0,0.0,4.186046511627907,8.837209302325581,0.9302325581395349,0.0,12.093023255813954,0.0,0.0,62.32558139534884,0.0,0.0,2.3255813953488373,225.58139534883722,1.8604651162790697,7.906976744186047,0.0,0.0,1.8604651162790697,0.0,0.0,4.651162790697675,7.441860465116279,0.0,3.255813953488372,0.0,3.7209302325581395,0.46511627906976744,6.046511627906977,13.069767441860467,0.0,0.9302325581395349,0.0,11.162790697674419,1.0
CD_I1012014,Chad Warner,Sydney Swans,Ruck-Rover,1.0,"https://s.afl.com.au/staticfile/AFL Tenant/AFL/Players/ChampIDImages/AFL/2025014/1012014.png?im=Scale,width=0.6,height=0.6",0.8441666666666666,10.129999999999999,12,18.756169792694966,4.4422507403751235,7.996051332675223,26.75222112537019,16.288252714708786,1.1846001974333664,0.987166831194472,0.0,3.7512339585389936,1.8756169792694968,7.699901283316882,6.416584402764068,5.528134254689043,1.5794669299111552,1.3820335636722607,11.549851924975322,15.399802566633763,0.1974333662388944,0.493583415597236,0.5923000987166832,2.7640671273445214,0.987166831194472,106.12043435340574,2.566633761105627,3.849950641658441,8.390918065153011,646.2981243830208,6.416584402764068,2.073050345508391,0.7897334649555776,0.0987166831194472,0.0987166831194472,0.493583415597236,0.1974333662388944,10.069101678183614,9.476801579466931,2.2704837117472856,8.390918065153011,0.0,0.2961500493583416,0.3948667324777888,20.43435340572557,18.894373149062194,0.0,2.2704837117472856,2.8627838104639687,0.1974333662388944,1.0
CD_I998390,Changkuoth Jiath,Hawthorn,Wing,9.0,"https://s.afl.com.au/staticfile/AFL Tenant/AFL/Players/ChampIDImages/AFL/2025014/998390.png?im=Scale,width=0.6,height=0.6",0.5338461538461537,6.9399999999999995,10,13.8328530259366,5.187319884726225,9.79827089337176,23.631123919308358,18.155619596541786,0.0,0.1440922190201729,0.0,1.729106628242075,4.034582132564842,3.3141210374639773,0.8645533141210375,2.7377521613832854,1.0086455331412105,1.1527377521613833,7.492795389048992,16.13832853025937,0.1440922190201729,0.0,4.322766570605188,1.0086455331412105,0.2881844380403458,81.26801152737752,0.2881844380403458,0.5763688760806917,4.322766570605188,396.97406340057637,4.034582132564842,8.069164265129684,0.0,0.1440922190201729,0.8645533141210375,0.0,0.0,8.357348703170029,10.086455331412104,0.0,5.763688760806917,0.0,1.729106628242075,0.1440922190201729,11.527377521613834,11.06628242074928,0.0,1.1527377521613833,0.43227665706051877,3.45821325648415,1.0
CD_I1008882,Charlie Ballard,Gold Coast SUNS,Centre Half-Back,10.0,"https://s.afl.com.au/staticfile/AFL Tenant/AFL/Players/ChampIDImages/AFL/2025014/1008882.png?im=Scale,width=0.6,height=0.6",0.04090909090909091,0.45,1,11.11111111111111,6.666666666666666,2.2222222222222223,13.333333333333332,11.11111111111111,0.0,0.0,0.0,2.2222222222222223,2.2222222222222223,0.0,0.0,0.0,0.0,0.0,2.2222222222222223,11.11111111111111,2.2222222222222223,0.0,4.444444444444445,0.0,0.0,66.66666666666667,0.0,0.0,2.2222222222222223,177.77777777777777,2.2222222222222223,4.444444444444445,0.0,2.2222222222222223,4.444444444444445,0.0,0.0,8.88888888888889,8.88888888888889,0.0,0.0,0.0,4.444444444444445,0.0,8.88888888888889,11.11111111111111,0.0,2.2222222222222223,0.0,2.2222222222222223,1.0
CD_I990609,Charlie Cameron,Brisbane Lions,Half-Forward,23.0,"https://s.afl.com.au/staticfile/AFL Tenant/AFL/Players/ChampIDImages/AFL/2025014/990609.png?im=Scale,width=0.6,height=0.6",0.69,8.28,10,9.420289855072465,5.193236714975845,2.6570048309178746,12.077294685990339,7.246376811594203,1.4492753623188408,1.8115942028985508,0.0,2.536231884057971,0.0,2.6570048309178746,0.24154589371980678,2.0531400966183577,0.24154589371980678,0.48309178743961356,4.2270531400966185,8.333333333333334,0.6038647342995169,2.173913043478261,0.8454106280193238,0.3623188405797102,0.7246376811594204,68.59903381642512,0.0,0.24154589371980678,6.038647342995169,243.71980676328505,2.173913043478261,1.570048309178744,0.8454106280193238,0.0,0.0,1.570048309178744,0.7246376811594204,2.8985507246376816,4.951690821256039,1.570048309178744,3.0193236714975846,0.0,0.0,1.3285024154589373,15.942028985507248,9.347826086956523,0.0,0.6038647342995169,3.985507246376812,0.48309178743961356,1.0
CD_I1015781,Charlie Comben,North Melbourne,Back-Pocket,30.0,"https://s.afl.com.au/staticfile/AFL Tenant/AFL/Players/ChampIDImages/AFL/2025014/1015781.png?im=Scale,width=0.6,height=0.6",0.9336363636363637,10.27,11,9.152872444011685,6.2317429406037,4.965920155793574,14.118792599805259,11.684518013631939,0.0,0.0,0.0,0.9737098344693281,3.213242453748783,0.5842259006815969,0.19474196689386564,3.5053554040895816,0.7789678675754625,1.9474196689386563,5.939629990262902,7.6923076923076925,1.8500486854917235,0.0,7.010710808179163,0.48685491723466406,0.0,54.91723466407011,0.0,0.19474196689386564,1.3631937682570594,180.52580331061344,2.044790652385589,7.497565725413827,0.0,0.3894839337877313,2.8237585199610518,0.19474196689386564,0.19474196689386564,4.47906523855891,7.6923076923076925,0.0,3.11587147030185,0.0,3.3106134371957157,0.0,5.6475170399221035,8.685491723466408,0.0,0.6815968841285297,0.0,6.426484907497566,1.0
CD_I996731,Charlie Curnow,Carlton,Full-Forward,30.0,"https://s.afl.com.au/staticfile/AFL Tenant/AFL/Players/ChampIDImages/AFL/2025014/996731.png?im=Scale,width=0.6,height=0.6",0.7954545454545454,8.75,10,11.428571428571429,7.085714285714285,1.8285714285714285,13.257142857142858,8.114285714285714,2.742857142857143,1.7142857142857142,0.0,1.0285714285714285,0.34285714285714286,3.4285714285714284,0.0,2.857142857142857,1.3714285714285714,1.3714285714285714,5.257142857142857,8.0,1.7142857142857142,3.085714285714286,0.9142857142857143,0.11428571428571428,0.22857142857142856,78.74285714285715,0.0,0.0,6.514285714285714,323.3142857142857,3.3142857142857145,0.8,0.5714285714285714,0.0,0.0,5.0285714285714285,1.1428571428571428,1.6,6.742857142857143,1.6,2.4,0.0,0.0,1.9428571428571428,6.857142857142857,10.377142857142857,0.11428571428571428,0.34285714285714286,4.685714285714286,0.9142857142857143,1.0
CD_I1002282,Charlie Spargo,Melbourne,Forward Pocket,9.0,"https://s.afl.com.au/staticfile/AFL Tenant/AFL/Players/ChampIDImages/AFL/2025014/1002282.png?im=Scale,width=0.6,height=0.6",0.5108333333333334,6.13,9,7.177814029363785,3.2626427406199023,8.156606851549755,15.334420880913541,10.440456769983687,0.1631321370309951,0.6525285481239804,0.0,3.7520391517128875,0.0,3.7520391517128875,1.3050570962479608,2.7732463295269167,1.1419249592169658,1.1419249592169658,6.199021207177815,9.787928221859707,0.0,0.4893964110929853,0.6525285481239804,0.0,0.6525285481239804,61.99021207177814,0.3262642740619902,0.9787928221859706,5.220228384991843,192.00652528548125,3.0995106035889073,1.9575856443719413,1.9575856443719413,0.0,0.0,0.9787928221859706,0.0,4.730831973898858,4.241435562805873,1.6313213703099512,4.567699836867863,0.0,0.1631321370309951,0.6525285481239804,17.61827079934747,7.145187601957585,0.0,1.1419249592169658,0.9787928221859706,0.1631321370309951,1.0
CD_I1028563,Christian Moraes,Port Adelaide,Wing,31.0,"https://s.afl.com.au/staticfile/AFL Tenant/AFL/Players/ChampIDImages/AFL/2025014/1028563.png?im=Scale,width=0.6,height=0.6",0.5736363636363636,6.3100000000000005,9,8.874801901743265,5.071315372424722,11.251980982567353,20.126782884310618,15.689381933438984,0.0,0.15847860538827258,0.0,3.1695721077654513,2.218700475435816,3.0110935023771788,0.7923930269413628,1.7432646592709984,0.7923930269413628,0.31695721077654515,4.595879556259905,14.896988906497622,0.15847860538827258,0.31695721077654515,0.31695721077654515,0.15847860538827258,0.9508716323296355,77.02060221870047,0.31695721077654515,0.4754358161648177,3.803486529318542,277.6545166402535,3.4865293185419968,3.0110935023771788,0.4754358161648177,0.31695721077654515,0.31695721077654515,0.31695721077654515,0.0,7.448494453248811,5.863708399366085,0.4754358161648177,3.4865293185419968,0.0,0.15847860538827258,0.4754358161648177,16.798732171156892,6.957210776545166,0.0,0.7923930269413628,0.31695721077654515,0.0,1.0
CD_I298210,Christian Petracca,Melbourne,Ruck-Rover,5.0,"https://s.afl.com.au/staticfile/AFL Tenant/AFL/Players/ChampIDImages/AFL/2025014/298210.png?im=Scale,width=0.6,height=0.6",0.8558333333333332,10.27,12,14.021421616358326,4.381694255111976,16.163583252190847,30.185004868549175,20.05842259006816,1.2658227848101267,1.1684518013631937,0.0,4.186952288218111,0.8763388510223954,6.91333982473223,4.771178188899708,4.965920155793574,0.9737098344693281,1.1684518013631937,13.43719571567673,17.33203505355404,0.09737098344693282,1.071080817916261,0.3894839337877313,0.09737098344693282,0.9737098344693281,110.51606621226875,3.0185004868549172,1.7526777020447908,8.27653359298929,506.32911392405066,5.6475170399221035,2.3369036027263874,1.4605647517039924,0.0,0.0,0.5842259006815969,0.09737098344693282,7.302823758519962,6.91333982473223,1.9474196689386563,10.02921129503408,0.0,0.19474196689386564,0.7789678675754625,18.30574488802337,16.82570593962999,0.0,0.7789678675754625,3.0185004868549172,0.19474196689386564,1.0
CD_I296359,Christian Salem,Melbourne,Back-Pocket,3.0,"https://s.afl.com.au/staticfile/AFL Tenant/AFL/Players/ChampIDImages/AFL/2025014/296359.png?im=Scale,width=0.6,height=0.6",0.8541666666666666,10.25,12,19.121951219512194,9.365853658536585,7.024390243902439,26.146341463414632,20.585365853658537,0.0975609756097561,0.1951219512195122,0.0,2.4390243902439024,4.682926829268292,2.048780487804878,1.4634146341463414,2.341463414634146,0.4878048780487805,0.5853658536585366,5.365853658536586,17.853658536585368,0.4878048780487805,0.1951219512195122,1.170731707317073,0.2926829268292683,0.5853658536585366,108.78048780487805,0.4878048780487805,0.975609756097561,4.097560975609756,410.5365853658537,3.5121951219512195,4.682926829268292,0.0,0.1951219512195122,0.8780487804878049,0.0,0.0,7.219512195121951,14.634146341463415,0.1951219512195122,4.390243902439025,0.0,1.2682926829268293,0.0,10.829268292682928,9.707317073170731,0.0,1.4634146341463414,0.2926829268292683,0.975609756097561,1.0
CD_I1024188,Clay Hall,West Coast Eagles,"Forward Pocket, Half-Forward",29.0,"https://s.afl.com.au/staticfile/AFL Tenant/AFL/Players/ChampIDImages/AFL/2025014/1024188.png?im=Scale,width=0.6,height=0.6",0.18000000000000002,2.16,3,5.092592592592593,0.9259259259259258,15.74074074074074,20.833333333333332,17.59259259259259,0.4629629629629629,0.4629629629629629,0.0,3.2407407407407405,0.9259259259259258,1.3888888888888888,5.092592592592593,2.314814814814815,0.4629629629629629,1.3888888888888888,12.962962962962962,8.796296296296296,0.0,0.0,1.3888888888888888,0.4629629629629629,0.4629629629629629,62.03703703703703,1.8518518518518516,3.2407407407407405,4.62962962962963,212.96296296296296,0.9259259259259258,3.7037037037037033,0.4629629629629629,0.0,0.0,0.0,0.0,9.722222222222221,3.2407407407407405,1.8518518518518516,10.648148148148147,0.0,0.0,0.0,21.296296296296294,15.555555555555555,0.0,1.8518518518518516,1.3888888888888888,0.4629629629629629,1.0
CD_I996701,Clayton Oliver,Melbourne,Ruck-Rover,13.0,"https://s.afl.com.au/staticfile/AFL Tenant/AFL/Players/ChampIDImages/AFL/2025014/996701.png?im=Scale,width=0.6,height=0.6",0.7258333333333333,8.709999999999999,11,12.51435132032147,3.559127439724455,19.173363949483356,31.687715269804826,22.73249138920781,0.34443168771526983,0.22962112514351324,0.0,6.888633754305397,1.2629161882893227,4.477611940298508,7.347876004592424,5.051664753157291,1.2629161882893227,1.3777267508610793,15.6142365097589,16.073478760045926,0.11481056257175662,0.22962112514351324,1.1481056257175661,0.0,0.4592422502870265,113.5476463834673,2.7554535017221586,4.5924225028702645,6.314580941446613,349.71297359357067,4.018369690011482,2.7554535017221586,0.918484500574053,0.0,0.0,0.0,0.0,11.82548794489093,7.577497129735937,1.1481056257175661,11.251435132032148,0.0,0.11481056257175662,0.22962112514351324,28.12858783008037,15.223880597014926,0.11481056257175662,1.492537313432836,0.918484500574053,0.11481056257175662,1.0
CD_I1032619,Cody Angove,GWS GIANTS,Wing,29.0,"https://s.afl.com.au/staticfile/AFL Tenant/AFL/Players/ChampIDImages/AFL/2025014/1032619.png?im=Scale,width=0.6,height=0.6",0.24833333333333335,2.98,4,6.7114093959731544,2.348993288590604,8.053691275167786,14.76510067114094,8.389261744966444,0.33557046979865773,0.33557046979865773,0.0,2.684563758389262,0.6711409395973155,4.3624161073825505,0.0,4.697986577181208,1.0067114093959733,0.33557046979865773,5.033557046979865,9.731543624161073,0.0,0.33557046979865773,2.0134228187919465,2.0134228187919465,0.33557046979865773,56.375838926174495,0.0,0.0,4.3624161073825505,277.51677852348996,4.697986577181208,2.348993288590604,2.0134228187919465,0.0,0.0,0.0,0.0,4.697986577181208,2.684563758389262,0.6711409395973155,4.3624161073825505,0.0,0.33557046979865773,0.0,18.120805369127517,7.684563758389261,0.0,1.0067114093959733,1.0067114093959733,0.33557046979865773,1.0
CD_I1024272,Colby McKercher,North Melbourne,Half-Forward,10.0,"https://s.afl.com.au/staticfile/AFL Tenant/AFL/Players/ChampIDImages/AFL/2025014/1024272.png?im=Scale,width=0.6,height=0.6",0.7781818181818181,8.559999999999999,11,12.032710280373834,4.088785046728972,8.644859813084114,20.67757009345795,14.719626168224302,0.7009345794392524,0.11682242990654207,0.0,2.5700934579439254,1.635514018691589,3.037383177570094,2.2196261682242993,2.920560747663552,0.11682242990654207,0.7009345794392524,5.9579439252336455,14.836448598130843,0.11682242990654207,0.11682242990654207,0.5841121495327104,2.1028037383177574,0.4672897196261683,78.27102803738319,0.11682242990654207,2.1028037383177574,5.140186915887851,296.96261682242994,3.8551401869158886,1.9859813084112152,0.3504672897196262,0.11682242990654207,0.11682242990654207,0.23364485981308414,0.11682242990654207,8.060747663551403,7.593457943925235,0.8177570093457945,5.257009345794393,0.0,0.23364485981308414,0.23364485981308414,16.121495327102807,9.649532710280374,0.0,1.0514018691588787,0.9345794392523366,0.4672897196261683,1.0
CD_I1008454,Connor Budarick,Gold Coast SUNS,"Centre Half-Forward, Wing",35.0,"https://s.afl.com.au/staticfile/AFL Tenant/AFL/Players/ChampIDImages/AFL/2025014/1008454.png?im=Scale,width=0.6,height=0.6",0.35727272727272724,3.9299999999999997,6,9.669211195928753,4.325699745547074,7.633587786259542,17.302798982188296,11.959287531806616,0.0,0.5089058524173028,0.0,3.3078880407124682,1.0178117048346056,3.816793893129771,0.2544529262086514,2.7989821882951658,0.5089058524173028,0.7633587786259542,4.325699745547074,12.46819338422392,0.0,0.0,1.0178117048346056,0.5089058524173028,0.2544529262086514,69.21119592875318,0.0,0.2544529262086514,4.325699745547074,409.1603053435115,4.580152671755726,3.816793893129771,0.2544529262086514,0.0,0.5089058524173028,0.0,0.0,7.633587786259542,5.852417302798982,0.5089058524173028,3.816793893129771,0.0,0.5089058524173028,0.0,15.521628498727736,7.201017811704834,0.0,1.5267175572519085,0.5089058524173028,0.2544529262086514,1.0
CD_I1008083,Connor Idun,GWS GIANTS,Back-Pocket,39.0,"https://s.afl.com.au/staticfile/AFL Tenant/AFL/Players/ChampIDImages/AFL/2025014/1008083.png?im=Scale,width=0.6,height=0.6",0.8733333333333333,10.48,12,11.545801526717558,7.919847328244274,10.591603053435113,22.13740458015267,19.083969465648853,0.0,0.0,0.0,2.0038167938931295,4.580152671755725,1.2404580152671756,0.6679389312977099,1.6221374045801527,0.47709923664122134,0.6679389312977099,6.583969465648854,15.458015267175572,0.2862595419847328,0.0,5.534351145038167,0.5725190839694656,0.19083969465648853,86.06870229007633,0.09541984732824427,0.5725190839694656,3.530534351145038,282.7290076335878,2.5763358778625953,7.3473282442748085,0.09541984732824427,0.38167938931297707,2.0038167938931295,0.0,0.0,6.679389312977099,10.209923664122137,0.0,5.248091603053435,0.0,1.7175572519083968,0.0,8.492366412213741,11.14503816793893,0.0,1.6221374045801527,0.0,4.103053435114504,1.0
CD_I1017094,Connor Macdonald,Hawthorn,Half-Forward,31.0,"https://s.afl.com.au/staticfile/AFL Tenant/AFL/Players/ChampIDImages/AFL/2025014/1017094.png?im=Scale,width=0.6,height=0.6",0.6192307692307693,8.05,11,11.925465838509316,6.211180124223602,7.204968944099378,19.130434782608695,13.043478260869565,1.1180124223602483,1.2422360248447204,0.0,3.602484472049689,0.49689440993788814,4.3478260869565215,0.49689440993788814,2.3602484472049685,1.1180124223602483,0.49689440993788814,5.46583850931677,14.782608695652172,0.0,1.7391304347826086,0.7453416149068323,0.12422360248447203,0.8695652173913043,90.80745341614906,0.12422360248447203,0.37267080745341613,7.32919254658385,350.6832298136646,3.354037267080745,2.6086956521739126,1.3664596273291925,0.0,0.0,0.49689440993788814,0.0,4.968944099378882,6.832298136645962,1.1180124223602483,3.8509316770186333,0.0,0.12422360248447203,0.24844720496894407,15.776397515527949,7.913043478260868,0.0,0.7453416149068323,2.732919254658385,0.24844720496894407,1.0
CD_I1027877,Connor O'Sullivan,Geelong Cats,Back-Pocket,14.0,"https://s.afl.com.au/staticfile/AFL Tenant/AFL/Players/ChampIDImages/AFL/2025014/1027877.png?im=Scale,width=0.6,height=0.6",0.8483333333333333,10.18,11,7.465618860510806,6.385068762278978,6.974459724950885,14.44007858546169,11.49312377210216,0.0,0.0,0.09823182711198429,1.5717092337917486,2.2593320235756384,0.7858546168958743,0.09823182711198429,1.8664047151277015,0.39292730844793716,0.4911591355599214,5.7956777996070725,8.840864440078585,0.9823182711198428,0.0,5.992141453831041,0.29469548133595286,0.19646365422396858,60.80550098231827,0.0,0.09823182711198429,2.9469548133595285,207.5638506876228,1.8664047151277015,6.777996070726916,0.0,0.7858546168958743,2.5540275049115913,0.09823182711198429,0.0,7.662082514734775,5.697445972495089,0.4911591355599214,3.9292730844793713,0.09823182711198429,2.357563850687623,0.09823182711198429,10.412573673870334,10.37328094302554,0.09823182711198429,0.7858546168958743,0.09823182711198429,5.304518664047151,1.0
CD_I1001299,Connor Rozee,Port Adelaide,"Centre, Centre Half-Back",1.0,"https://s.afl.com.au/staticfile/AFL Tenant/AFL/Players/ChampIDImages/AFL/2025014/1001299.png?im=Scale,width=0.6,height=0.6",0.8618181818181818,9.48,11,21.41350210970464,5.485232067510548,12.130801687763713,33.54430379746835,22.468354430379748,0.7383966244725738,0.3164556962025316,0.0,4.324894514767932,4.324894514767932,5.590717299578059,3.7974683544303796,5.274261603375527,1.5822784810126582,1.2658227848101264,9.177215189873417,21.62447257383966,0.21097046413502107,0.3164556962025316,1.7932489451476792,0.8438818565400843,0.21097046413502107,124.78902953586497,1.160337552742616,2.6371308016877637,5.379746835443037,650.0,7.489451476793248,4.957805907172996,0.3164556962025316,0.0,0.10548523206751054,0.21097046413502107,0.10548523206751054,13.502109704641349,12.341772151898734,0.7383966244725738,6.540084388185654,0.0,1.4767932489451476,0.10548523206751054,21.202531645569618,16.21308016877637,0.0,1.6877637130801686,1.2658227848101264,0.9493670886075949,1.0
CD_I997846,Conor McKenna,Brisbane Lions,Interchange,26.0,"https://s.afl.com.au/staticfile/AFL Tenant/AFL/Players/ChampIDImages/AFL/2025014/997846.png?im=Scale,width=0.6,height=0.6",0.15,1.8,4,10.0,3.333333333333333,2.7777777777777777,12.777777777777777,8.88888888888889,1.1111111111111112,0.5555555555555556,0.0,3.333333333333333,0.5555555555555556,5.0,0.0,1.6666666666666665,1.1111111111111112,0.5555555555555556,3.888888888888889,8.88888888888889,0.0,0.0,0.5555555555555556,0.0,1.1111111111111112,65.55555555555556,0.0,0.0,4.444444444444445,312.22222222222223,2.2222222222222223,0.5555555555555556,1.6666666666666665,0.0,0.0,1.1111111111111112,0.0,3.888888888888889,6.666666666666666,1.1111111111111112,2.7777777777777777,0.0,0.0,0.0,14.444444444444445,12.333333333333332,0.0,0.0,1.6666666666666665,0.0,1.0
CD_I1007124,Conor Nash,Hawthorn,Centre,11.0,"https://s.afl.com.au/staticfile/AFL Tenant/AFL/Players/ChampIDImages/AFL/2025014/1007124.png?im=Scale,width=0.6,height=0.6",0.49615384615384617,6.45,9,10.852713178294573,3.4108527131782944,12.403100775193797,23.25581395348837,16.589147286821706,0.46511627906976744,0.15503875968992248,1.3953488372093024,8.837209302325581,0.9302325581395349,3.255813953488372,5.5813953488372094,4.651162790697675,0.7751937984496123,1.8604651162790697,9.612403100775193,13.178294573643411,0.0,0.31007751937984496,1.0852713178294573,0.15503875968992248,0.31007751937984496,102.48062015503875,1.7054263565891472,3.875968992248062,5.116279069767442,304.9612403100775,3.565891472868217,1.7054263565891472,1.2403100775193798,0.0,0.15503875968992248,0.15503875968992248,0.0,13.953488372093023,6.3565891472868215,1.0852713178294573,6.3565891472868215,0.31007751937984496,0.15503875968992248,0.0,27.5968992248062,12.697674418604652,5.736434108527131,1.0852713178294573,0.6201550387596899,0.6201550387596899,1.0
CD_I1015862,Conor Stone,GWS GIANTS,"Back-Pocket, Wing",18.0,"https://s.afl.com.au/staticfile/AFL Tenant/AFL/Players/ChampIDImages/AFL/2025014/1015862.png?im=Scale,width=0.6,height=0.6",0.4266666666666667,5.12,7,10.15625,5.6640625,8.984375,19.140625,14.0625,0.0,0.0,0.0,1.5625,4.6875,0.9765625,0.0,4.4921875,0.1953125,0.78125,4.1015625,14.6484375,0.0,0.0,1.953125,0.390625,0.0,69.53125,0.0,0.0,3.3203125,266.2109375,4.6875,6.8359375,0.0,0.1953125,0.390625,0.0,0.0,7.421875,6.8359375,0.0,3.125,0.0,0.78125,0.1953125,9.5703125,6.73828125,0.0,0.9765625,0.0,1.171875,1.0
CD_I1029456,Cooper Hynes,Western Bulldogs,Half-Forward,6.0,"https://s.afl.com.au/staticfile/AFL Tenant/AFL/Players/ChampIDImages/AFL/2025014/1029456.png?im=Scale,width=0.6,height=0.6",0.11916666666666667,1.4300000000000002,3,4.195804195804195,3.4965034965034962,6.293706293706293,10.489510489510488,7.692307692307692,0.0,0.6993006993006993,0.0,0.0,0.0,0.6993006993006993,0.0,2.0979020979020975,0.6993006993006993,0.6993006993006993,5.594405594405594,5.594405594405594,0.0,0.6993006993006993,0.0,0.0,1.3986013986013985,34.96503496503496,0.0,0.0,5.594405594405594,109.79020979020977,2.0979020979020975,0.6993006993006993,0.0,0.0,0.0,0.6993006993006993,0.6993006993006993,2.0979020979020975,2.797202797202797,1.3986013986013985,4.895104895104895,0.0,0.0,0.6993006993006993,11.888111888111887,2.587412587412587,0.0,0.6993006993006993,0.6993006993006993,0.0,1.0
CD_I1032108,Cooper Lord,Carlton,Half-Forward,36.0,"https://s.afl.com.au/staticfile/AFL Tenant/AFL/Players/ChampIDImages/AFL/2025014/1032108.png?im=Scale,width=0.6,height=0.6",0.4918181818181818,5.41,10,12.939001848428836,5.914972273567468,10.536044362292051,23.475046210720887,16.266173752310536,0.9242144177449167,0.0,0.0,5.730129390018484,0.5545286506469501,4.436229205175601,1.478743068391867,2.7726432532347505,0.7393715341959335,0.5545286506469501,6.099815157116451,17.744916820702404,0.0,0.5545286506469501,0.36968576709796674,0.0,0.9242144177449167,105.17560073937153,0.36968576709796674,1.1090573012939002,5.914972273567468,413.4935304990758,3.512014787430684,1.6635859519408502,2.033271719038817,0.0,0.0,0.0,0.0,8.502772643253234,7.948243992606285,1.478743068391867,5.175600739371534,0.0,0.0,0.18484288354898337,22.181146025878004,11.035120147874308,0.0,0.36968576709796674,1.1090573012939002,0.18484288354898337,1.0
CD_I1018018,Cooper Sharman,St Kilda,Forward Pocket,43.0,"https://s.afl.com.au/staticfile/AFL Tenant/AFL/Players/ChampIDImages/AFL/2025014/1018018.png?im=Scale,width=0.6,height=0.6",0.7225,8.67,10,10.034602076124568,6.805074971164936,3.690888119953864,13.725490196078432,9.688581314878892,1.9607843137254901,1.4994232987312572,0.11534025374855825,2.0761245674740483,0.34602076124567477,2.0761245674740483,0.2306805074971165,2.306805074971165,1.1534025374855825,0.5767012687427913,5.4209919261822375,8.073817762399077,1.6147635524798154,2.768166089965398,1.845444059976932,0.2306805074971165,0.922722029988466,79.0080738177624,0.0,0.2306805074971165,7.7277970011534025,262.6297577854671,2.5374855824682814,1.2687427912341407,1.0380622837370241,0.11534025374855825,0.2306805074971165,2.9988465974625145,0.8073817762399077,2.6528258362168398,6.343713956170704,1.6147635524798154,2.6528258362168398,0.11534025374855825,0.461361014994233,1.1534025374855825,11.649365628604382,11.04959630911188,1.7301038062283738,0.461361014994233,3.690888119953864,1.4994232987312572,1.0
CD_I1027656,Cooper Simpson,Fremantle,Interchange,29.0,"https://s.afl.com.au/staticfile/AFL Tenant/AFL/Players/ChampIDImages/AFL/2025014/1027656.png?im=Scale,width=0.6,height=0.6",0.12916666666666668,1.55,3,14.193548387096774,5.161290322580645,6.451612903225806,20.64516129032258,16.774193548387096,0.6451612903225806,0.0,0.0,1.9354838709677418,3.225806451612903,5.161290322580645,0.0,2.5806451612903225,0.6451612903225806,1.2903225806451613,1.9354838709677418,18.70967741935484,0.0,0.0,0.6451612903225806,0.0,0.0,79.35483870967742,0.0,0.0,4.516129032258064,427.741935483871,4.516129032258064,4.516129032258064,0.0,0.6451612903225806,0.6451612903225806,0.0,0.0,5.806451612903226,10.32258064516129,0.0,1.2903225806451613,0.0,1.9354838709677418,0.0,9.67741935483871,6.387096774193548,0.0,1.9354838709677418,1.2903225806451613,0.6451612903225806,1.0
CD_I1008510,Corey Durdin,Carlton,Half-Forward,19.0,"https://s.afl.com.au/staticfile/AFL Tenant/AFL/Players/ChampIDImages/AFL/2025014/1008510.png?im=Scale,width=0.6,height=0.6",0.4709090909090909,5.18,7,7.335907335907336,3.281853281853282,3.667953667953668,11.003861003861005,7.722007722007723,1.9305019305019306,1.1583011583011584,0.0,3.474903474903475,0.19305019305019305,1.9305019305019306,1.1583011583011584,1.1583011583011584,0.7722007722007722,0.19305019305019305,4.826254826254827,6.177606177606178,0.3861003861003861,1.7374517374517375,0.5791505791505792,0.19305019305019305,0.5791505791505792,66.02316602316603,0.0,1.1583011583011584,5.01930501930502,179.53667953667954,1.1583011583011584,0.7722007722007722,2.7027027027027026,0.0,0.0,1.3513513513513513,0.0,2.8957528957528957,4.2471042471042475,1.1583011583011584,3.474903474903475,0.0,0.0,1.3513513513513513,14.864864864864865,11.38996138996139,0.0,0.5791505791505792,3.088803088803089,0.19305019305019305,1.0
CD_I993940,Corey Wagner,Fremantle,Back-Pocket,34.0,"https://s.afl.com.au/staticfile/AFL Tenant/AFL/Players/ChampIDImages/AFL/2025014/993940.png?im=Scale,width=0.6,height=0.6",0.5633333333333332,6.76,9,13.165680473372781,3.5502958579881656,7.840236686390533,21.005917159763314,16.420118343195266,0.14792899408284024,0.14792899408284024,0.0,5.621301775147929,3.9940828402366866,4.1420118343195265,1.4792899408284024,1.9230769230769231,0.591715976331361,0.591715976331361,6.3609467455621305,14.349112426035504,0.0,0.0,1.7751479289940828,0.14792899408284024,0.591715976331361,88.16568047337279,0.2958579881656805,1.183431952662722,4.437869822485207,476.1834319526627,2.6627218934911245,3.8461538461538463,0.591715976331361,0.591715976331361,0.8875739644970414,0.0,0.0,9.911242603550296,9.911242603550296,0.4437869822485207,5.4733727810650885,0.0,0.2958579881656805,0.0,15.976331360946746,12.79585798816568,0.0,0.7396449704142012,0.2958579881656805,0.7396449704142012,1.0
CD_I1018424,Corey Warner,Sydney Swans,Forward Pocket,37.0,"https://s.afl.com.au/staticfile/AFL Tenant/AFL/Players/ChampIDImages/AFL/2025014/1018424.png?im=Scale,width=0.6,height=0.6",0.7875,9.45,12,9.312169312169313,3.174603174603175,6.34920634920635,15.661375661375663,10.582010582010582,0.7407407407407408,0.7407407407407408,0.0,2.433862433862434,1.4814814814814816,2.9629629629629632,1.3756613756613758,3.597883597883598,0.9523809523809524,0.9523809523809524,4.973544973544974,10.687830687830688,0.0,0.4232804232804233,0.9523809523809524,0.3174603174603175,0.21164021164021166,63.17460317460318,0.0,1.3756613756613758,4.656084656084657,338.41269841269843,4.656084656084657,1.4814814814814816,0.5291005291005292,0.0,0.10582010582010583,0.21164021164021166,0.10582010582010583,6.455026455026456,4.973544973544974,1.0582010582010584,4.126984126984127,0.0,0.0,0.10582010582010583,13.756613756613758,8.423280423280424,0.0,0.7407407407407408,2.1164021164021167,0.634920634920635,1.0
CD_I992374,Dan Butler,St Kilda,Interchange,16.0,"https://s.afl.com.au/staticfile/AFL Tenant/AFL/Players/ChampIDImages/AFL/2025014/992374.png?im=Scale,width=0.6,height=0.6",0.05500000000000001,0.66,1,13.636363636363635,4.545454545454545,4.545454545454545,18.18181818181818,12.121212121212121,6.0606060606060606,0.0,0.0,0.0,0.0,3.0303030303030303,0.0,1.5151515151515151,1.5151515151515151,0.0,6.0606060606060606,10.606060606060606,0.0,3.0303030303030303,0.0,1.5151515151515151,0.0,101.51515151515152,0.0,0.0,10.606060606060606,256.06060606060606,3.0303030303030303,1.5151515151515151,0.0,0.0,0.0,1.5151515151515151,1.5151515151515151,3.0303030303030303,7.575757575757575,1.5151515151515151,4.545454545454545,0.0,0.0,3.0303030303030303,15.15151515151515,17.424242424242422,0.0,0.0,6.0606060606060606,0.0,1.0
CD_I994295,Dan Houston,Collingwood,"Back-Pocket, Half-Back",9.0,"https://s.afl.com.au/staticfile/AFL Tenant/AFL/Players/ChampIDImages/AFL/2025014/994295.png?im=Scale,width=0.6,height=0.6",0.6141666666666666,7.37,9,14.382632293080054,4.884667571234735,7.734056987788331,22.116689280868385,17.774762550881952,0.40705563093622793,0.13568521031207598,0.0,3.1207598371777476,3.7991858887381276,2.7137042062415198,0.9497964721845319,2.03527815468114,0.6784260515603799,0.5427408412483039,5.563093622795115,14.382632293080054,0.40705563093622793,0.27137042062415195,3.6635006784260513,0.0,0.40705563093622793,87.38127544097694,0.27137042062415195,0.6784260515603799,4.74898236092266,356.7164179104478,3.6635006784260513,6.1058344640434195,0.0,0.27137042062415195,0.6784260515603799,0.0,0.0,9.49796472184532,11.12618724559023,0.13568521031207598,4.2062415196743554,0.0,1.6282225237449117,0.13568521031207598,13.297150610583445,11.370420624151967,0.0,1.4925373134328357,0.5427408412483039,2.8493894165535956,1.0
CD_I290307,Dane Rampe,Sydney Swans,Back-Pocket,24.0,"https://s.afl.com.au/staticfile/AFL Tenant/AFL/Players/ChampIDImages/AFL/2025014/290307.png?im=Scale,width=0.6,height=0.6",0.8166666666666667,9.8,12,11.530612244897958,4.693877551020408,4.591836734693877,16.122448979591837,13.46938775510204,0.0,0.0,0.0,3.36734693877551,4.693877551020408,1.530612244897959,0.8163265306122448,2.6530612244897958,0.7142857142857142,0.9183673469387754,4.081632653061225,11.224489795918366,0.1020408163265306,0.0,4.387755102040816,0.0,0.1020408163265306,69.28571428571428,0.0,0.8163265306122448,2.7551020408163263,383.1632653061224,3.1632653061224487,4.897959183673469,0.0,0.2040816326530612,1.2244897959183672,0.0,0.0,8.46938775510204,9.387755102040815,0.0,2.8571428571428568,0.0,0.6122448979591836,0.0,10.0,7.999999999999998,0.0,1.0204081632653061,0.1020408163265306,3.36734693877551,1.0
CD_I1024023,Daniel Curtin,Adelaide Crows,Wing,6.0,"https://s.afl.com.au/staticfile/AFL Tenant/AFL/Players/ChampIDImages/AFL/2025014/1024023.png?im=Scale,width=0.6,height=0.6",0.7266666666666667,8.72,12,9.40366972477064,5.275229357798165,5.045871559633027,14.449541284403669,10.321100917431192,0.4587155963302752,0.3440366972477064,0.0,3.5550458715596327,1.3761467889908257,2.4082568807339446,1.0321100917431192,1.9495412844036695,1.0321100917431192,0.8027522935779816,7.110091743119265,8.371559633027521,1.6055045871559632,0.6880733944954128,2.1788990825688073,0.3440366972477064,0.8027522935779816,70.06880733944953,0.1146788990825688,0.9174311926605504,4.243119266055046,245.75688073394494,2.293577981651376,3.440366972477064,0.573394495412844,0.0,0.2293577981651376,1.0321100917431192,0.2293577981651376,6.536697247706422,5.848623853211008,0.9174311926605504,3.6697247706422016,0.0,1.6055045871559632,0.3440366972477064,14.3348623853211,11.456422018348624,0.4587155963302752,0.9174311926605504,0.8027522935779816,1.0321100917431192,1.0
CD_I297504,Daniel McStay,Collingwood,Full-Forward,11.0,"https://s.afl.com.au/staticfile/AFL Tenant/AFL/Players/ChampIDImages/AFL/2025014/297504.png?im=Scale,width=0.6,height=0.6",0.45083333333333336,5.41,7,7.763401109057301,4.621072088724584,5.360443622920517,13.123844731977819,8.687615526802217,1.478743068391867,1.2939001848428835,6.469500924214418,3.512014787430684,0.36968576709796674,2.2181146025878005,1.8484288354898335,2.033271719038817,1.2939001848428835,0.5545286506469501,7.024029574861368,6.099815157116451,1.8484288354898335,1.478743068391867,2.2181146025878005,0.0,0.5545286506469501,78.18853974121996,0.36968576709796674,1.478743068391867,5.914972273567468,194.82439926062847,2.957486136783734,0.36968576709796674,1.2939001848428835,0.0,0.0,2.957486136783734,0.36968576709796674,2.957486136783734,4.251386321626617,0.9242144177449167,2.957486136783734,1.8484288354898335,0.18484288354898337,0.5545286506469501,10.351201478743068,8.299445471349353,20.88724584103512,1.478743068391867,3.142329020332717,2.033271719038817,1.0
CD_I1000981,Daniel Rioli,Gold Coast SUNS,Half-Back,17.0,"https://s.afl.com.au/staticfile/AFL Tenant/AFL/Players/ChampIDImages/AFL/2025014/1000981.png?im=Scale,width=0.6,height=0.6",0.8081818181818182,8.89,11,13.385826771653543,4.611923509561304,11.586051743532058,24.9718785151856,19.34758155230596,0.562429696287964,0.11248593925759279,0.0,3.599550056242969,2.699662542182227,3.599550056242969,1.2373453318335208,3.262092238470191,0.44994375703037115,0.7874015748031495,6.186726659167603,18.222722159730033,0.0,0.11248593925759279,1.6872890888638918,2.8121484814398197,0.44994375703037115,93.13835770528684,0.3374578177727784,0.8998875140607423,4.161979752530933,464.79190101237344,4.611923509561304,5.511811023622047,0.0,0.22497187851518557,0.3374578177727784,0.0,0.0,11.136107986501687,9.561304836895388,0.3374578177727784,5.399325084364454,0.0,1.012373453318335,0.562429696287964,16.42294713160855,13.329583802024747,0.0,1.3498312710911136,0.7874015748031495,1.3498312710911136,1.0
CD_I1020959,Daniel Turner,Melbourne,Half-Forward,10.0,"https://s.afl.com.au/staticfile/AFL Tenant/AFL/Players/ChampIDImages/AFL/2025014/1020959.png?im=Scale,width=0.6,height=0.6",0.5141666666666667,6.17,8,11.021069692058347,7.6175040518638575,4.538087520259319,15.559157212317666,12.80388978930308,0.8103727714748784,0.6482982171799028,0.0,1.4586709886547813,3.0794165316045383,1.2965964343598055,0.4862236628849271,1.4586709886547813,0.4862236628849271,0.6482982171799028,7.13128038897893,8.752025931928687,1.7828200972447326,1.1345218800648298,5.672609400324149,0.0,0.0,74.87844408427877,0.0,0.4862236628849271,4.376012965964343,283.79254457050246,2.755267423014587,6.158833063209077,0.4862236628849271,0.4862236628849271,1.4586709886547813,1.6207455429497568,0.6482982171799028,4.862236628849271,9.076175040518638,0.8103727714748784,4.376012965964343,0.0,2.9173419773095626,0.4862236628849271,10.048622366288493,14.06807131280389,0.6482982171799028,1.6207455429497568,1.4586709886547813,4.700162074554295,1.0
CD_I1017128,Dante Visentini,Port Adelaide,Ruck,38.0,"https://s.afl.com.au/staticfile/AFL Tenant/AFL/Players/ChampIDImages/AFL/2025014/1017128.png?im=Scale,width=0.6,height=0.6",0.2254545454545455,2.4800000000000004,3,3.6290322580645156,2.016129032258064,10.08064516129032,13.709677419354836,9.274193548387094,0.0,0.0,41.12903225806451,3.2258064516129026,1.2096774193548385,0.0,4.838709677419354,5.241935483870967,1.2096774193548385,1.6129032258064513,8.870967741935482,5.241935483870967,0.4032258064516128,0.4032258064516128,6.048387096774192,0.0,0.0,87.49999999999999,0.8064516129032256,4.032258064516128,2.016129032258064,54.838709677419345,1.2096774193548385,1.2096774193548385,0.4032258064516128,0.4032258064516128,0.4032258064516128,0.0,0.0,5.241935483870967,2.016129032258064,0.4032258064516128,4.032258064516128,12.096774193548384,0.4032258064516128,0.0,16.129032258064512,15.040322580645158,104.43548387096773,1.2096774193548385,0.0,4.435483870967741,1.0
CD_I991930,Darcy Byrne-Jones,Port Adelaide,Half-Forward,33.0,"https://s.afl.com.au/staticfile/AFL Tenant/AFL/Players/ChampIDImages/AFL/2025014/991930.png?im=Scale,width=0.6,height=0.6",0.6927272727272727,7.62,10,10.236220472440944,4.199475065616798,5.511811023622047,15.748031496062993,11.023622047244094,1.4435695538057742,0.5249343832020997,0.0,1.968503937007874,0.26246719160104987,3.4120734908136483,1.4435695538057742,2.8871391076115485,0.9186351706036745,0.39370078740157477,5.511811023622047,9.973753280839896,0.13123359580052493,1.4435695538057742,1.4435695538057742,0.26246719160104987,0.9186351706036745,71.12860892388451,0.13123359580052493,1.3123359580052494,6.430446194225722,272.96587926509187,3.0183727034120733,1.837270341207349,1.1811023622047243,0.0,0.0,0.5249343832020997,0.26246719160104987,5.511811023622047,6.561679790026247,2.493438320209974,4.0682414698162725,0.0,0.26246719160104987,0.6561679790026247,18.241469816272964,11.299212598425196,0.0,1.574803149606299,2.6246719160104988,0.5249343832020997,1.0
CD_I990291,Darcy Cameron,Collingwood,Ruck,14.0,"https://s.afl.com.au/staticfile/AFL Tenant/AFL/Players/ChampIDImages/AFL/2025014/990291.png?im=Scale,width=0.6,height=0.6",0.7941666666666667,9.53,12,13.85099685204617,6.08604407135362,8.499475341028333,22.350472193074502,14.060860440713537,0.3147953830010493,0.41972717733473247,35.99160545645331,3.8824763903462753,1.6789087093389299,2.938090241343127,5.981112277019937,4.4071353620146905,3.4627492130115427,1.4690451206715636,13.221406086044071,9.233997901364114,1.3641133263378804,0.5246589716684156,2.0986358866736623,0.10493179433368312,0.20986358866736624,129.69569779643234,1.6789087093389299,4.3022035676810075,5.036726128016789,238.6149003147954,3.04302203567681,6.40083945435467,0.20986358866736624,0.20986358866736624,0.6295907660020986,1.4690451206715636,0.3147953830010493,6.295907660020987,7.660020986358867,0.3147953830010493,5.246589716684156,9.024134312696749,3.3578174186778598,0.10493179433368312,13.011542497376706,15.320041972717734,88.56243441762855,3.8824763903462753,0.8394543546694649,1.3641133263378804,1.0
CD_I999331,Darcy Fogarty,Adelaide Crows,Forward Pocket,32.0,"https://s.afl.com.au/staticfile/AFL Tenant/AFL/Players/ChampIDImages/AFL/2025014/999331.png?im=Scale,width=0.6,height=0.6",0.745,8.940000000000001,11,8.836689038031318,6.263982102908277,3.914988814317673,12.751677852348992,9.619686800894852,3.1319910514541385,0.5592841163310961,0.0,1.1185682326621922,0.0,2.125279642058165,0.0,3.2438478747203576,0.4474272930648769,1.5659955257270692,3.467561521252796,9.172259507829976,1.2304250559284116,3.020134228187919,1.5659955257270692,0.0,0.8948545861297538,72.7069351230425,0.0,0.0,6.823266219239373,246.7561521252796,3.355704697986577,0.22371364653243844,0.4474272930648769,0.0,0.0,3.2438478747203576,0.4474272930648769,1.3422818791946307,6.152125279642057,0.6711409395973154,1.5659955257270692,0.0,0.11185682326621922,1.006711409395973,7.270693512304249,9.463087248322145,0.22371364653243844,0.11185682326621922,4.026845637583892,1.2304250559284116,1.0
CD_I298211,Darcy Fort,Brisbane Lions,Ruck,32.0,"https://s.afl.com.au/staticfile/AFL Tenant/AFL/Players/ChampIDImages/AFL/2025014/298211.png?im=Scale,width=0.6,height=0.6",0.40249999999999997,4.83,6,8.488612836438923,2.691511387163561,4.761904761904762,13.250517598343684,7.0393374741200825,0.20703933747412007,0.41407867494824013,30.64182194616977,3.312629399585921,2.070393374741201,1.6563146997929605,2.898550724637681,4.140786749482402,1.4492753623188406,1.4492753623188406,7.660455486542443,5.590062111801243,0.41407867494824013,0.41407867494824013,4.140786749482402,0.0,0.20703933747412007,85.71428571428571,0.41407867494824013,2.484472049689441,3.7267080745341614,132.50517598343686,2.277432712215321,2.691511387163561,0.0,0.20703933747412007,0.41407867494824013,0.6211180124223602,0.0,7.0393374741200825,3.5196687370600412,0.8281573498964803,3.9337474120082816,6.418219461697722,0.8281573498964803,0.0,15.113871635610765,8.737060041407869,79.08902691511388,2.691511387163561,0.6211180124223602,2.484472049689441,1.0
CD_I296269,Darcy Gardiner,Brisbane Lions,"Full-Back, Half-Back",27.0,"https://s.afl.com.au/staticfile/AFL Tenant/AFL/Players/ChampIDImages/AFL/2025014/296269.png?im=Scale,width=0.6,height=0.6",0.3425,4.11,6,8.27250608272506,4.8661800486618,6.56934306569343,14.84184914841849,11.19221411192214,1.4598540145985401,0.48661800486618,0.48661800486618,1.94647201946472,1.4598540145985401,1.70316301703163,0.0,1.21654501216545,0.7299270072992701,0.24330900243309,5.839416058394161,9.002433090024331,0.48661800486618,0.48661800486618,2.9197080291970803,0.0,0.48661800486618,70.07299270072993,0.0,0.0,5.10948905109489,198.78345498783455,2.9197080291970803,2.4330900243309,1.21654501216545,0.0,0.24330900243309,1.70316301703163,0.48661800486618,3.16301703163017,6.08272506082725,1.70316301703163,4.37956204379562,0.0,0.0,0.97323600973236,11.92214111922141,9.51338199513382,0.97323600973236,0.48661800486618,1.94647201946472,2.67639902676399,1.0
CD_I1020650,Darcy Jones,GWS GIANTS,"Forward Pocket, Half-Forward, Half-Forward",2.0,"https://s.afl.com.au/staticfile/AFL Tenant/AFL/Players/ChampIDImages/AFL/2025014/1020650.png?im=Scale,width=0.6,height=0.6",0.7683333333333333,9.22,11,9.869848156182211,2.6030368763557483,7.700650759219088,17.570498915401302,11.605206073752711,0.9761388286334056,0.7592190889370932,0.0,4.229934924078091,0.8676789587852494,3.68763557483731,1.4099783080260302,2.494577006507592,0.7592190889370932,0.32537960954446854,7.592190889370932,10.086767895878523,0.10845986984815617,0.5422993492407808,0.9761388286334056,0.6507592190889371,0.7592190889370932,76.13882863340564,0.6507592190889371,0.7592190889370932,6.941431670281995,342.08242950108456,3.2537960954446854,1.7353579175704987,1.3015184381778742,0.0,0.0,0.5422993492407808,0.32537960954446854,9.002169197396963,5.639913232104121,2.7114967462039044,6.399132321041214,0.0,0.0,0.32537960954446854,22.66811279826464,13.535791757049891,0.0,0.9761388286334056,2.1691973969631233,0.5422993492407808,1.0
CD_I298288,Darcy Moore,Collingwood,"Centre Half-Back, Full-Back",30.0,"https://s.afl.com.au/staticfile/AFL Tenant/AFL/Players/ChampIDImages/AFL/2025014/298288.png?im=Scale,width=0.6,height=0.6",0.6950000000000001,8.34,9,5.995203836930456,4.316546762589928,5.635491606714629,11.630695443645084,9.952038369304557,0.0,0.11990407673860912,0.0,2.158273381294964,2.5179856115107913,1.3189448441247003,0.11990407673860912,1.6786570743405276,0.8393285371702638,0.9592326139088729,5.5155875299760195,5.635491606714629,0.7194244604316546,0.0,7.793764988009593,0.23980815347721823,0.11990407673860912,48.92086330935252,0.0,0.11990407673860912,1.079136690647482,206.83453237410072,1.7985611510791366,7.6738609112709835,0.0,0.3597122302158273,3.7170263788968825,0.0,0.0,4.196642685851319,5.0359712230215825,0.0,3.8369304556354917,0.0,2.7577937649880098,0.11990407673860912,5.5155875299760195,11.83453237410072,0.0,0.9592326139088729,0.11990407673860912,6.954436450839329,1.0
CD_I993816,Darcy Tucker,North Melbourne,Half-Back,13.0,"https://s.afl.com.au/staticfile/AFL Tenant/AFL/Players/ChampIDImages/AFL/2025014/993816.png?im=Scale,width=0.6,height=0.6",0.4690909090909091,5.16,7,9.883720930232558,5.038759689922481,8.13953488372093,18.023255813953487,15.503875968992247,0.0,0.0,0.0,1.937984496124031,1.3565891472868217,1.937984496124031,0.19379844961240308,1.5503875968992247,1.1627906976744187,0.38759689922480617,3.1007751937984493,14.534883720930232,0.0,0.0,0.7751937984496123,0.38759689922480617,0.0,68.7984496124031,0.19379844961240308,0.0,2.7131782945736433,192.63565891472868,1.5503875968992247,3.294573643410853,0.19379844961240308,0.0,0.5813953488372093,0.0,0.0,5.62015503875969,8.333333333333334,0.19379844961240308,2.3255813953488373,0.0,0.7751937984496123,0.0,12.790697674418604,6.027131782945736,0.0,0.5813953488372093,0.0,0.5813953488372093,1.0
CD_I1017067,Darcy Wilmot,Brisbane Lions,Half-Back,44.0,"https://s.afl.com.au/staticfile/AFL Tenant/AFL/Players/ChampIDImages/AFL/2025014/1017067.png?im=Scale,width=0.6,height=0.6",0.8049999999999999,9.66,12,15.942028985507246,6.832298136645963,7.763975155279503,23.70600414078675,19.25465838509317,0.20703933747412007,0.10351966873706003,0.0,2.691511387163561,3.4161490683229814,2.484472049689441,1.3457556935817805,3.209109730848861,0.8281573498964803,1.1387163561076605,7.660455486542443,13.457556935817806,0.20703933747412007,0.0,2.587991718426501,0.8281573498964803,0.0,93.37474120082815,0.3105590062111801,1.0351966873706004,4.554865424430642,328.9855072463768,3.312629399585921,6.625258799171842,0.0,0.10351966873706003,0.5175983436853002,0.0,0.0,10.559006211180124,12.215320910973086,0.0,6.521739130434782,0.0,1.9668737060041408,0.0,15.217391304347826,12.89855072463768,0.0,1.5527950310559007,0.41407867494824013,2.070393374741201,1.0
CD_I1027875,Darcy Wilson,St Kilda,Wing,22.0,"https://s.afl.com.au/staticfile/AFL Tenant/AFL/Players/ChampIDImages/AFL/2025014/1027875.png?im=Scale,width=0.6,height=0.6",0.7625,9.15,11,12.240437158469945,4.48087431693989,8.19672131147541,20.437158469945356,13.005464480874316,0.7650273224043715,0.5464480874316939,0.0,2.2950819672131146,1.530054644808743,3.8251366120218577,1.4207650273224044,4.043715846994536,0.5464480874316939,0.7650273224043715,5.9016393442622945,13.66120218579235,0.0,0.32786885245901637,0.8743169398907104,0.1092896174863388,0.4371584699453552,79.12568306010928,0.32786885245901637,1.0928961748633879,4.699453551912568,386.55737704918033,5.9016393442622945,2.9508196721311473,0.8743169398907104,0.1092896174863388,0.1092896174863388,0.32786885245901637,0.0,6.448087431693989,6.885245901639344,0.7650273224043715,5.027322404371584,0.0,0.5464480874316939,0.4371584699453552,14.972677595628415,8.218579234972678,0.0,0.9836065573770492,1.639344262295082,0.5464480874316939,1.0
CD_I290832,David Swallow,Gold Coast SUNS,Full-Forward,24.0,"https://s.afl.com.au/staticfile/AFL Tenant/AFL/Players/ChampIDImages/AFL/2025014/290832.png?im=Scale,width=0.6,height=0.6",0.18272727272727274,2.0100000000000002,4,3.980099502487562,1.4925373134328357,6.965174129353233,10.945273631840795,7.462686567164178,0.9950248756218905,0.0,0.0,3.4825870646766166,0.0,0.9950248756218905,0.49751243781094523,2.9850746268656714,0.0,1.4925373134328357,5.4726368159203975,3.4825870646766166,0.49751243781094523,0.9950248756218905,0.9950248756218905,0.0,0.49751243781094523,45.77114427860696,0.49751243781094523,0.0,2.9850746268656714,75.62189054726367,2.487562189054726,0.9950248756218905,0.9950248756218905,0.0,0.0,0.49751243781094523,0.0,4.477611940298507,1.990049751243781,2.9850746268656714,4.975124378109452,0.0,0.0,0.49751243781094523,15.422885572139302,9.203980099502486,0.0,0.49751243781094523,0.9950248756218905,0.49751243781094523,1.0
CD_I261224,Dayne Zorko,Brisbane Lions,Back-Pocket,15.0,"https://s.afl.com.au/staticfile/AFL Tenant/AFL/Players/ChampIDImages/AFL/2025014/261224.png?im=Scale,width=0.6,height=0.6",0.8475,10.17,12,26.64700098328417,8.652900688298919,5.3097345132743365,31.956735496558505,24.87708947885939,0.2949852507374631,0.2949852507374631,0.0,2.6548672566371683,8.16125860373648,3.736479842674533,1.2782694198623403,4.818092428711898,1.0816125860373649,1.1799410029498525,5.703048180924287,19.86234021632252,0.0,0.09832841691248771,1.4749262536873156,1.0816125860373649,0.39331366764995085,126.74532940019665,0.19665683382497542,1.0816125860373649,6.686332350049164,728.023598820059,5.899705014749262,6.096361848574238,0.09832841691248771,0.09832841691248771,0.19665683382497542,0.0,0.0,8.652900688298919,20.747295968534907,0.19665683382497542,4.424778761061947,0.0,1.5732546705998034,0.19665683382497542,13.274336283185841,15.004916420845625,0.0,2.2615535889872174,0.7866273352999017,0.688298918387414,1.0
CD_I1009385,Deven Robertson,Brisbane Lions,Interchange,2.0,"https://s.afl.com.au/staticfile/AFL Tenant/AFL/Players/ChampIDImages/AFL/2025014/1009385.png?im=Scale,width=0.6,height=0.6",0.019166666666666665,0.22999999999999998,2,8.695652173913045,8.695652173913045,8.695652173913045,17.39130434782609,17.39130434782609,0.0,0.0,0.0,4.347826086956522,0.0,0.0,0.0,0.0,0.0,0.0,8.695652173913045,13.043478260869566,0.0,0.0,4.347826086956522,0.0,4.347826086956522,86.95652173913044,0.0,0.0,8.695652173913045,-8.695652173913045,0.0,4.347826086956522,0.0,0.0,0.0,0.0,0.0,8.695652173913045,8.695652173913045,0.0,4.347826086956522,0.0,0.0,4.347826086956522,21.73913043478261,14.782608695652174,0.0,0.0,0.0,0.0,1.0
CD_I290627,Dion Prestia,Richmond,Centre,3.0,"https://s.afl.com.au/staticfile/AFL Tenant/AFL/Players/ChampIDImages/AFL/2025014/290627.png?im=Scale,width=0.6,height=0.6",0.06166666666666667,0.74,1,20.27027027027027,2.7027027027027026,21.62162162162162,41.891891891891895,31.08108108108108,1.3513513513513513,1.3513513513513513,0.0,6.756756756756757,4.054054054054054,1.3513513513513513,9.45945945945946,4.054054054054054,1.3513513513513513,0.0,17.56756756756757,24.324324324324326,0.0,0.0,2.7027027027027026,0.0,0.0,150.0,4.054054054054054,5.405405405405405,12.162162162162163,514.8648648648649,8.108108108108109,6.756756756756757,0.0,0.0,0.0,0.0,0.0,18.91891891891892,10.81081081081081,2.7027027027027026,14.864864864864865,0.0,0.0,0.0,32.432432432432435,29.324324324324323,0.0,5.405405405405405,2.7027027027027026,0.0,1.0
CD_I993480,Dougal Howard,St Kilda,Back-Pocket,20.0,"https://s.afl.com.au/staticfile/AFL Tenant/AFL/Players/ChampIDImages/AFL/2025014/993480.png?im=Scale,width=0.6,height=0.6",0.21416666666666667,2.57,3,9.72762645914397,7.392996108949417,3.11284046692607,12.84046692607004,11.673151750972764,0.0,0.0,0.0,2.7237354085603114,3.5019455252918292,0.38910505836575876,0.38910505836575876,2.3346303501945527,1.945525291828794,1.1673151750972763,3.891050583657588,8.171206225680935,0.38910505836575876,0.0,5.0583657587548645,0.0,0.0,66.92607003891051,0.0,0.38910505836575876,1.556420233463035,220.23346303501947,1.556420233463035,4.669260700389105,0.0,0.7782101167315175,2.3346303501945527,0.0,0.0,7.0038910505836585,8.560311284046692,0.0,1.556420233463035,0.0,0.7782101167315175,0.0,8.171206225680935,7.859922178988327,0.0,0.7782101167315175,0.0,4.669260700389105,1.0
CD_I1006314,Dylan Moore,Hawthorn,Half-Forward,13.0,"https://s.afl.com.au/staticfile/AFL Tenant/AFL/Players/ChampIDImages/AFL/2025014/1006314.png?im=Scale,width=0.6,height=0.6",0.8369230769230769,10.879999999999999,13,11.488970588235295,5.238970588235294,9.007352941176471,20.496323529411768,15.900735294117649,1.011029411764706,1.011029411764706,0.0,3.49264705882353,0.7352941176470589,3.308823529411765,2.3897058823529416,2.757352941176471,1.746323529411765,0.8272058823529412,7.536764705882353,13.143382352941178,0.2757352941176471,1.286764705882353,1.1029411764705883,0.09191176470588236,0.36764705882352944,88.51102941176471,0.6433823529411765,1.746323529411765,6.158088235294119,249.5404411764706,2.297794117647059,1.3786764705882355,1.011029411764706,0.0,0.09191176470588236,0.5514705882352942,0.09191176470588236,6.61764705882353,7.720588235294119,1.5625000000000002,5.514705882352942,0.0,0.18382352941176472,1.011029411764706,18.566176470588236,11.829044117647058,0.0,1.1029411764705883,2.573529411764706,0.6433823529411765,1.0
CD_I291783,Dylan Shiel,Essendon,Centre,9.0,"https://s.afl.com.au/staticfile/AFL Tenant/AFL/Players/ChampIDImages/AFL/2025014/291783.png?im=Scale,width=0.6,height=0.6",0.43363636363636365,4.7700000000000005,8,15.513626834381549,4.821802935010481,16.771488469601675,32.285115303983225,22.0125786163522,0.4192872117400419,0.20964360587002095,0.0,5.031446540880503,3.563941299790356,4.40251572327044,4.821802935010481,6.918238993710691,0.6289308176100629,1.4675052410901466,9.853249475890985,21.174004192872115,0.0,0.6289308176100629,1.4675052410901466,1.8867924528301885,0.8385744234800838,113.62683438155135,2.3060796645702304,2.5157232704402515,5.450733752620544,488.2599580712788,6.289308176100628,3.773584905660377,0.0,0.20964360587002095,0.4192872117400419,0.20964360587002095,0.0,12.788259958071277,8.385744234800837,0.6289308176100629,6.918238993710691,0.0,0.0,0.20964360587002095,20.12578616352201,13.71069182389937,0.0,1.2578616352201257,0.8385744234800838,0.4192872117400419,1.0
CD_I1004848,Dylan Stephens,North Melbourne,Wing,15.0,"https://s.afl.com.au/staticfile/AFL Tenant/AFL/Players/ChampIDImages/AFL/2025014/1004848.png?im=Scale,width=0.6,height=0.6",0.6763636363636364,7.44,10,13.5752688172043,7.258064516129032,10.483870967741934,24.059139784946236,18.01075268817204,0.26881720430107525,0.13440860215053763,0.0,1.8817204301075268,3.225806451612903,2.956989247311828,0.8064516129032258,2.82258064516129,0.9408602150537634,0.8064516129032258,4.166666666666666,19.623655913978492,0.0,0.0,0.9408602150537634,1.075268817204301,0.5376344086021505,91.26344086021506,0.26881720430107525,0.5376344086021505,3.7634408602150535,420.8333333333333,4.301075268817204,3.0913978494623655,0.26881720430107525,0.0,0.13440860215053763,0.0,0.0,9.00537634408602,9.274193548387096,0.8064516129032258,3.3602150537634405,0.0,0.9408602150537634,0.13440860215053763,15.32258064516129,8.225806451612904,0.0,0.4032258064516129,0.5376344086021505,0.6720430107526881,1.0
CD_I298264,Ed Langdon,Melbourne,Wing,15.0,"https://s.afl.com.au/staticfile/AFL Tenant/AFL/Players/ChampIDImages/AFL/2025014/298264.png?im=Scale,width=0.6,height=0.6",0.8566666666666667,10.28,12,13.03501945525292,7.0038910505836585,12.548638132295721,25.58365758754864,20.038910505836576,0.5836575875486382,0.2918287937743191,0.0,3.4046692607003894,2.140077821011673,3.5992217898832686,1.7509727626459146,2.140077821011673,0.4863813229571985,0.7782101167315175,6.51750972762646,18.96887159533074,0.19455252918287938,0.5836575875486382,0.7782101167315175,0.2918287937743191,0.7782101167315175,100.77821011673153,0.19455252918287938,1.556420233463035,5.836575875486382,344.35797665369654,3.5992217898832686,3.5019455252918292,0.38910505836575876,0.09727626459143969,0.09727626459143969,0.09727626459143969,0.0,7.684824902723736,9.63035019455253,0.7782101167315175,5.0583657587548645,0.0,0.6809338521400778,0.09727626459143969,16.634241245136188,10.544747081712064,0.0,1.1673151750972763,0.972762645914397,0.2918287937743191,1.0
CD_I1008280,Ed Richards,Western Bulldogs,Centre,20.0,"https://s.afl.com.au/staticfile/AFL Tenant/AFL/Players/ChampIDImages/AFL/2025014/1008280.png?im=Scale,width=0.6,height=0.6",0.8191666666666666,9.83,12,18.819938962360123,4.170905391658189,13.835198372329604,32.65513733468973,21.770091556459818,1.1190233977619533,0.8138351983723296,0.0,5.08646998982706,2.2380467955239065,8.54526958290946,6.408952187182096,3.560528992878942,0.9155645981688708,0.8138351983723296,13.428280773143438,19.430315361139368,0.1017293997965412,0.7121057985757884,2.3397761953204474,1.7293997965412005,2.2380467955239065,122.99084435401831,2.950152594099695,3.458799593082401,10.579857578840285,689.7253306205494,4.984740590030519,2.950152594099695,0.7121057985757884,0.0,0.0,0.1017293997965412,0.0,11.902339776195321,10.681586978636826,1.1190233977619533,9.35910478128179,0.0,0.3051881993896236,0.4069175991861648,26.95829094608342,24.526958290946084,0.0,1.4242115971515767,2.2380467955239065,0.2034587995930824,1.0
CD_I1022915,Edward Allan,Collingwood,Wing,16.0,"https://s.afl.com.au/staticfile/AFL Tenant/AFL/Players/ChampIDImages/AFL/2025014/1022915.png?im=Scale,width=0.6,height=0.6",0.35500000000000004,4.26,7,9.389671361502348,3.5211267605633805,13.615023474178404,23.004694835680752,17.136150234741784,0.0,0.2347417840375587,0.0,4.460093896713615,1.8779342723004695,2.347417840375587,2.347417840375587,3.051643192488263,0.4694835680751174,0.7042253521126761,7.511737089201878,15.023474178403756,0.0,0.2347417840375587,0.7042253521126761,0.0,0.4694835680751174,82.3943661971831,0.9389671361502347,1.4084507042253522,5.164319248826291,327.2300469483568,3.5211267605633805,4.225352112676057,0.0,0.0,0.2347417840375587,0.0,0.0,10.563380281690142,6.103286384976526,0.4694835680751174,6.338028169014085,0.0,0.9389671361502347,0.0,17.370892018779344,9.647887323943662,0.0,0.9389671361502347,0.7042253521126761,0.4694835680751174,1.0
CD_I1020670,Elijah Hewett,West Coast Eagles,"Forward Pocket, Half-Forward",8.0,"https://s.afl.com.au/staticfile/AFL Tenant/AFL/Players/ChampIDImages/AFL/2025014/1020670.png?im=Scale,width=0.6,height=0.6",0.5825,6.99,10,9.442060085836909,2.1459227467811157,11.874105865522175,21.316165951359082,13.447782546494992,1.0014306151645207,0.8583690987124464,0.0,4.291845493562231,0.7153075822603719,3.8626609442060085,5.007153075822604,3.57653791130186,1.5736766809728182,1.4306151645207439,10.44349070100143,11.015736766809727,0.0,0.8583690987124464,1.144492131616595,0.0,0.7153075822603719,79.8283261802575,2.28898426323319,2.7181688125894135,6.437768240343347,334.3347639484978,3.57653791130186,2.28898426323319,0.5722460658082975,0.0,0.0,0.28612303290414876,0.0,9.298998569384835,4.434907010014306,1.4306151645207439,6.294706723891273,0.0,0.28612303290414876,0.0,19.742489270386265,11.974248927038627,0.0,1.144492131616595,1.859799713876967,0.4291845493562232,1.0
CD_I1012862,Elijah Hollands,Carlton,Wing,20.0,"https://s.afl.com.au/staticfile/AFL Tenant/AFL/Players/ChampIDImages/AFL/2025014/1012862.png?im=Scale,width=0.6,height=0.6",0.36454545454545456,4.01,5,12.718204488778056,4.738154613466334,8.478802992518704,21.197007481296758,14.463840399002494,0.24937655860349128,0.24937655860349128,0.0,3.491271820448878,1.745635910224439,3.2418952618453867,1.745635910224439,2.9925187032418954,1.2468827930174564,0.7481296758104738,6.982543640897756,13.715710723192021,0.0,0.24937655860349128,0.49875311720698257,0.0,0.24937655860349128,84.03990024937656,0.24937655860349128,1.4962593516209477,4.239401496259352,398.50374064837905,3.7406483790523692,2.2443890274314215,0.7481296758104738,0.0,0.24937655860349128,0.24937655860349128,0.0,8.478802992518704,6.733167082294265,0.9975062344139651,5.486284289276808,0.0,0.0,0.49875311720698257,17.705735660847882,8.927680798004987,0.0,0.24937655860349128,1.4962593516209477,0.0,1.0
CD_I1023785,Elijah Tsatas,Essendon,Interchange,5.0,"https://s.afl.com.au/staticfile/AFL Tenant/AFL/Players/ChampIDImages/AFL/2025014/1023785.png?im=Scale,width=0.6,height=0.6",0.17818181818181816,1.9599999999999997,4,15.306122448979593,1.5306122448979593,17.85714285714286,33.163265306122454,22.95918367346939,0.0,0.5102040816326532,0.0,2.0408163265306127,1.5306122448979593,4.0816326530612255,11.734693877551022,3.571428571428572,1.5306122448979593,1.0204081632653064,16.836734693877553,13.775510204081634,0.0,0.0,1.0204081632653064,0.0,0.5102040816326532,93.36734693877553,5.612244897959185,6.122448979591837,4.591836734693878,366.32653061224494,7.653061224489797,2.5510204081632657,0.0,0.0,0.0,0.0,0.0,10.714285714285715,7.142857142857144,1.5306122448979593,11.22448979591837,0.0,0.0,0.0,20.408163265306126,18.06122448979592,0.0,1.5306122448979593,0.5102040816326532,0.0,1.0
CD_I993953,Eric Hipwood,Brisbane Lions,Centre Half-Forward,30.0,"https://s.afl.com.au/staticfile/AFL Tenant/AFL/Players/ChampIDImages/AFL/2025014/993953.png?im=Scale,width=0.6,height=0.6",0.8125,9.75,12,9.743589743589743,6.358974358974359,3.1794871794871793,12.923076923076923,8.102564102564102,2.1538461538461537,1.1282051282051282,0.717948717948718,1.7435897435897436,0.3076923076923077,4.102564102564102,0.3076923076923077,4.102564102564102,0.9230769230769231,1.7435897435897436,4.410256410256411,8.615384615384615,0.717948717948718,2.5641025641025643,1.435897435897436,0.10256410256410256,0.6153846153846154,72.1025641025641,0.20512820512820512,0.10256410256410256,5.846153846153846,302.97435897435895,3.6923076923076925,1.435897435897436,1.0256410256410255,0.0,0.0,1.7435897435897436,0.20512820512820512,2.051282051282051,6.153846153846154,0.717948717948718,2.6666666666666665,0.20512820512820512,0.3076923076923077,1.2307692307692308,10.871794871794872,7.569230769230769,7.17948717948718,0.717948717948718,3.58974358974359,1.1282051282051282,1.0
CD_I1002220,Esava Ratugolea,Port Adelaide,Back-Pocket,27.0,"https://s.afl.com.au/staticfile/AFL Tenant/AFL/Players/ChampIDImages/AFL/2025014/1002220.png?im=Scale,width=0.6,height=0.6",0.6863636363636364,7.55,8,6.0927152317880795,5.562913907284768,4.105960264900662,10.198675496688741,8.609271523178808,0.0,0.0,0.0,1.7218543046357617,2.781456953642384,0.26490066225165565,0.5298013245033113,1.9867549668874174,0.3973509933774835,1.1920529801324504,4.23841059602649,6.0927152317880795,1.589403973509934,0.0,7.814569536423841,0.0,0.0,46.88741721854305,0.0,0.5298013245033113,0.3973509933774835,161.32450331125827,1.589403973509934,5.033112582781457,0.0,0.794701986754967,3.9735099337748347,0.3973509933774835,0.13245033112582782,5.430463576158941,4.900662251655629,0.0,2.251655629139073,0.0,2.6490066225165565,0.0,6.357615894039736,8.23841059602649,0.0,0.0,0.0,7.417218543046358,1.0
CD_I1027033,Ethan Read,Gold Coast SUNS,Forward Pocket,20.0,"https://s.afl.com.au/staticfile/AFL Tenant/AFL/Players/ChampIDImages/AFL/2025014/1027033.png?im=Scale,width=0.6,height=0.6",0.48,5.279999999999999,8,6.62878787878788,2.4621212121212124,2.8409090909090913,9.46969696969697,5.113636363636364,1.1363636363636365,1.325757575757576,9.090909090909092,2.8409090909090913,0.0,1.7045454545454548,0.7575757575757577,1.7045454545454548,1.8939393939393943,1.1363636363636365,5.303030303030304,3.977272727272728,0.9469696969696971,1.7045454545454548,2.0833333333333335,0.0,0.0,60.037878787878796,0.18939393939393942,0.5681818181818182,3.977272727272728,142.61363636363637,2.0833333333333335,0.5681818181818182,1.7045454545454548,0.0,0.18939393939393942,3.0303030303030307,1.325757575757576,3.21969696969697,3.4090909090909096,1.1363636363636365,2.0833333333333335,1.7045454545454548,0.18939393939393942,0.9469696969696971,10.227272727272728,5.113636363636364,25.9469696969697,1.1363636363636365,2.651515151515152,1.7045454545454548,1.0
CD_I1023266,Finn Callaghan,GWS GIANTS,Centre,17.0,"https://s.afl.com.au/staticfile/AFL Tenant/AFL/Players/ChampIDImages/AFL/2025014/1023266.png?im=Scale,width=0.6,height=0.6",0.6633333333333333,7.959999999999999,10,16.206030150753772,3.6432160804020106,18.090452261306535,34.29648241206031,24.62311557788945,0.2512562814070352,1.1306532663316584,0.0,5.904522613065327,3.14070351758794,7.035175879396986,5.276381909547739,4.899497487437187,0.7537688442211056,1.3819095477386936,10.050251256281408,24.49748743718593,0.2512562814070352,0.2512562814070352,1.0050251256281408,2.261306532663317,0.8793969849246233,118.59296482412061,2.3869346733668344,2.8894472361809047,8.291457286432161,717.0854271356785,7.035175879396986,3.517587939698493,0.3768844221105528,0.0,0.2512562814070352,0.0,0.0,11.557788944723619,10.175879396984925,0.3768844221105528,7.035175879396986,0.0,0.628140703517588,0.1256281407035176,20.100502512562816,16.92211055276382,0.0,2.261306532663317,1.7587939698492465,0.2512562814070352,1.0
CD_I1009421,Finn Maginness,Hawthorn,Interchange,20.0,"https://s.afl.com.au/staticfile/AFL Tenant/AFL/Players/ChampIDImages/AFL/2025014/1009421.png?im=Scale,width=0.6,height=0.6",0.63,8.190000000000001,11,8.79120879120879,4.2735042735042725,10.256410256410255,19.047619047619044,11.965811965811964,0.3663003663003662,0.7326007326007324,0.0,2.1978021978021975,0.6105006105006104,3.296703296703296,0.6105006105006104,3.7851037851037845,0.24420024420024417,0.8547008547008546,6.593406593406592,12.698412698412696,0.24420024420024417,0.9768009768009767,0.48840048840048833,0.0,0.3663003663003662,69.1086691086691,0.12210012210012208,0.48840048840048833,5.128205128205128,275.9462759462759,5.006105006105005,2.0757020757020754,0.7326007326007324,0.0,0.0,0.8547008547008546,0.24420024420024417,5.494505494505494,4.395604395604395,1.4652014652014649,5.494505494505494,0.0,0.24420024420024417,0.12210012210012208,15.87301587301587,4.6520146520146515,0.0,0.3663003663003662,1.587301587301587,0.24420024420024417,1.0
CD_I1028495,Finn O'Sullivan,North Melbourne,Wing,2.0,"https://s.afl.com.au/staticfile/AFL Tenant/AFL/Players/ChampIDImages/AFL/2025014/1028495.png?im=Scale,width=0.6,height=0.6",0.7154545454545455,7.87,10,9.275730622617536,3.1766200762388817,6.353240152477763,15.628970775095299,12.833545108005083,0.0,0.12706480304955528,0.0,1.9059720457433291,2.9224904701397714,2.795425667090216,0.25412960609911056,2.4142312579415504,0.5082592121982211,1.1435832274459974,4.193138500635324,10.673443456162643,0.12706480304955528,0.12706480304955528,2.0330368487928845,0.12706480304955528,0.12706480304955528,54.89199491740788,0.0,0.25412960609911056,3.1766200762388817,274.45997458703937,3.4307496823379924,4.066073697585769,0.12706480304955528,0.25412960609911056,0.6353240152477764,0.0,0.0,10.165184243964422,7.369758576874205,0.0,3.4307496823379924,0.0,0.7623888182973316,0.0,14.993646759847522,7.141041931385007,0.0,0.8894536213468869,0.25412960609911056,1.6518424396442186,1.0
CD_I1031792,Finnbar Maley,North Melbourne,"Forward Pocket, Half-Forward",39.0,"https://s.afl.com.au/staticfile/AFL Tenant/AFL/Players/ChampIDImages/AFL/2025014/1031792.png?im=Scale,width=0.6,height=0.6",0.2081818181818182,2.29,4,6.11353711790393,4.366812227074235,5.676855895196506,11.790393013100436,6.550218340611353,0.8733624454148472,1.3100436681222707,0.0,2.6200873362445414,0.0,2.6200873362445414,0.0,1.3100436681222707,1.7467248908296944,0.4366812227074236,6.550218340611353,5.240174672489083,2.1834061135371177,1.7467248908296944,3.056768558951965,0.0,0.4366812227074236,60.262008733624455,0.0,0.0,4.8034934497816595,162.44541484716157,2.1834061135371177,1.7467248908296944,1.7467248908296944,0.0,0.0,3.493449781659389,0.4366812227074236,1.7467248908296944,3.056768558951965,0.4366812227074236,2.6200873362445414,0.0,0.0,0.0,9.170305676855895,5.1965065502183405,0.0,0.8733624454148472,2.6200873362445414,2.6200873362445414,1.0
CD_I1017255,Francis Evans,Carlton,"Forward Pocket, Ruck-Rover",44.0,"https://s.afl.com.au/staticfile/AFL Tenant/AFL/Players/ChampIDImages/AFL/2025014/1017255.png?im=Scale,width=0.6,height=0.6",0.27181818181818185,2.99,4,7.692307692307692,2.0066889632107023,3.0100334448160533,10.702341137123746,5.68561872909699,0.33444816053511706,0.6688963210702341,0.0,3.34448160535117,0.0,2.6755852842809364,1.3377926421404682,2.341137123745819,1.0033444816053512,1.672240802675585,5.68561872909699,4.3478260869565215,0.33444816053511706,0.6688963210702341,1.0033444816053512,0.33444816053511706,0.6688963210702341,47.1571906354515,0.0,1.3377926421404682,4.013377926421405,213.7123745819398,2.6755852842809364,1.0033444816053512,1.0033444816053512,0.0,0.0,0.33444816053511706,0.0,4.682274247491638,3.34448160535117,3.0100334448160533,4.013377926421405,0.0,0.0,0.33444816053511706,14.381270903010032,5.217391304347825,0.0,0.6688963210702341,1.672240802675585,1.0033444816053512,1.0
CD_I294036,George Hewett,Carlton,Rover,29.0,"https://s.afl.com.au/staticfile/AFL Tenant/AFL/Players/ChampIDImages/AFL/2025014/294036.png?im=Scale,width=0.6,height=0.6",0.8045454545454546,8.85,11,14.01129943502825,3.84180790960452,20.56497175141243,34.57627118644068,26.666666666666668,0.5649717514124294,0.22598870056497175,0.0,7.344632768361582,1.2429378531073447,4.519774011299435,8.361581920903955,4.745762711864407,2.146892655367232,2.0338983050847457,16.271186440677965,19.096045197740114,0.22598870056497175,0.11299435028248588,1.3559322033898307,0.4519774011299435,0.903954802259887,123.72881355932203,3.1638418079096047,5.19774011299435,8.022598870056498,389.7175141242938,4.406779661016949,3.3898305084745766,0.7909604519774012,0.0,0.0,0.0,0.0,9.03954802259887,8.361581920903955,1.2429378531073447,11.52542372881356,0.0,0.4519774011299435,0.5649717514124294,20.677966101694917,18.598870056497177,0.33898305084745767,2.146892655367232,1.2429378531073447,0.11299435028248588,1.0
CD_I1023477,George Wardlaw,North Melbourne,Ruck-Rover,6.0,"https://s.afl.com.au/staticfile/AFL Tenant/AFL/Players/ChampIDImages/AFL/2025014/1023477.png?im=Scale,width=0.6,height=0.6",0.3009090909090909,3.31,5,16.31419939577039,1.5105740181268883,9.365558912386707,25.679758308157098,14.803625377643504,0.9063444108761329,0.3021148036253776,0.0,7.854984894259818,1.2084592145015105,5.438066465256798,5.13595166163142,5.438066465256798,1.5105740181268883,1.2084592145015105,12.990936555891238,12.990936555891238,0.0,0.0,0.6042296072507553,0.3021148036253776,0.9063444108761329,107.25075528700906,1.2084592145015105,3.927492447129909,4.833836858006042,489.1238670694864,6.646525679758308,3.0211480362537766,0.6042296072507553,0.0,0.0,0.3021148036253776,0.0,11.782477341389727,9.06344410876133,1.8126888217522659,10.27190332326284,0.0,0.0,0.3021148036253776,28.700906344410875,15.01510574018127,0.0,0.6042296072507553,2.1148036253776437,0.3021148036253776,1.0
CD_I997933,Griffin Logue,North Melbourne,Back-Pocket,19.0,"https://s.afl.com.au/staticfile/AFL Tenant/AFL/Players/ChampIDImages/AFL/2025014/997933.png?im=Scale,width=0.6,height=0.6",0.2818181818181818,3.1,4,6.774193548387097,4.193548387096774,5.806451612903226,12.580645161290322,10.96774193548387,0.0,0.0,0.9677419354838709,1.6129032258064515,3.225806451612903,0.9677419354838709,0.9677419354838709,2.258064516129032,0.3225806451612903,1.9354838709677418,3.8709677419354835,9.032258064516128,0.3225806451612903,0.0,8.064516129032258,0.0,0.0,46.45161290322581,0.0,0.9677419354838709,2.258064516129032,148.38709677419354,1.9354838709677418,5.483870967741935,0.0,0.3225806451612903,1.6129032258064515,0.0,0.0,8.709677419354838,5.806451612903226,0.0,2.903225806451613,0.0,1.6129032258064515,0.0,9.35483870967742,9.129032258064516,2.258064516129032,0.6451612903225806,0.0,7.419354838709677,1.0
CD_I1004938,Gryan Miers,Geelong Cats,Centre Half-Forward,32.0,"https://s.afl.com.au/staticfile/AFL Tenant/AFL/Players/ChampIDImages/AFL/2025014/1004938.png?im=Scale,width=0.6,height=0.6",0.6941666666666666,8.33,10,18.007202881152462,8.643457382953182,7.563025210084033,25.570228091236494,18.36734693877551,0.4801920768307323,0.4801920768307323,0.0,3.12124849939976,3.12124849939976,3.241296518607443,1.0804321728691477,3.0012004801920766,0.4801920768307323,0.36014405762304924,5.402160864345738,20.168067226890756,0.0,0.7202881152460985,0.7202881152460985,0.8403361344537815,0.8403361344537815,110.32412965186074,0.0,1.0804321728691477,6.722689075630252,402.7611044417767,3.4813925570228093,2.4009603841536613,0.8403361344537815,0.12004801920768307,0.12004801920768307,0.0,0.0,7.082833133253302,12.48499399759904,1.0804321728691477,4.561824729891956,0.0,0.4801920768307323,0.36014405762304924,21.48859543817527,12.77310924369748,0.0,0.9603841536614646,1.2004801920768307,0.24009603841536614,1.0
CD_I1032624,Hamish Davis,West Coast Eagles,Interchange,38.0,"https://s.afl.com.au/staticfile/AFL Tenant/AFL/Players/ChampIDImages/AFL/2025014/1032624.png?im=Scale,width=0.6,height=0.6",0.15583333333333332,1.8699999999999999,4,8.02139037433155,3.2085561497326207,11.764705882352942,19.786096256684495,14.973262032085563,0.0,0.5347593582887701,0.0,1.0695187165775402,0.5347593582887701,2.1390374331550803,1.0695187165775402,4.278074866310161,0.0,0.5347593582887701,7.486631016042781,12.834224598930483,0.0,0.5347593582887701,0.5347593582887701,0.0,0.0,60.42780748663102,0.0,1.0695187165775402,5.882352941176471,290.37433155080214,4.278074866310161,6.417112299465241,0.5347593582887701,0.0,0.0,0.0,0.0,5.347593582887701,4.812834224598931,0.5347593582887701,6.951871657754011,0.0,0.0,0.0,16.0427807486631,8.502673796791445,0.0,1.6042780748663104,0.5347593582887701,0.0,1.0
CD_I1023492,Harley Reid,West Coast Eagles,Rover,9.0,"https://s.afl.com.au/staticfile/AFL Tenant/AFL/Players/ChampIDImages/AFL/2025014/1023492.png?im=Scale,width=0.6,height=0.6",0.8233333333333334,9.879999999999999,12,10.526315789473685,2.2267206477732797,9.817813765182187,20.344129554655872,14.372469635627532,0.9109311740890689,0.5060728744939271,0.0,3.4412955465587047,2.125506072874494,4.251012145748988,3.8461538461538467,6.376518218623483,1.5182186234817816,3.4412955465587047,9.210526315789474,11.842105263157896,0.3036437246963563,0.3036437246963563,1.0121457489878543,1.619433198380567,0.40485829959514175,68.82591093117409,1.7206477732793524,2.125506072874494,5.364372469635628,412.55060728744945,4.858299595141701,2.4291497975708505,0.5060728744939271,0.0,0.10121457489878544,0.40485829959514175,0.10121457489878544,10.526315789473685,6.781376518218624,0.8097165991902835,6.275303643724697,0.0,0.0,0.20242914979757087,22.267206477732795,12.58097165991903,0.0,1.5182186234817816,1.619433198380567,0.40485829959514175,1.0
CD_I996059,Harris Andrews,Brisbane Lions,Centre Half-Back,31.0,"https://s.afl.com.au/staticfile/AFL Tenant/AFL/Players/ChampIDImages/AFL/2025014/996059.png?im=Scale,width=0.6,height=0.6",0.9458333333333333,11.35,12,9.955947136563877,7.753303964757709,4.052863436123348,14.008810572687224,12.422907488986784,0.0,0.0881057268722467,0.0,1.145374449339207,2.555066079295154,0.4405286343612335,0.0881057268722467,1.9383259911894273,0.3524229074889868,0.7929515418502203,5.3744493392070485,8.898678414096917,1.497797356828194,0.0,8.634361233480176,0.0,0.0881057268722467,63.87665198237886,0.0,0.0881057268722467,2.555066079295154,159.29515418502203,1.145374449339207,7.136563876651983,0.0,0.7048458149779736,2.907488986784141,0.1762114537444934,0.1762114537444934,4.669603524229075,8.634361233480176,0.0,3.2599118942731278,0.0,2.995594713656388,0.1762114537444934,5.110132158590308,10.52863436123348,0.0,1.2334801762114538,0.0881057268722467,7.224669603524229,1.0
CD_I1011755,Harrison Jones,Essendon,Forward Pocket,23.0,"https://s.afl.com.au/staticfile/AFL Tenant/AFL/Players/ChampIDImages/AFL/2025014/1011755.png?im=Scale,width=0.6,height=0.6",0.4790909090909091,5.2700000000000005,7,8.538899430740036,4.933586337760911,4.933586337760911,13.472485768500947,9.487666034155597,0.37950664136622386,0.37950664136622386,0.9487666034155597,3.605313092979127,1.1385199240986716,2.4667931688804554,0.37950664136622386,2.656546489563567,0.9487666034155597,0.9487666034155597,5.502846299810246,9.487666034155597,0.18975332068311193,0.7590132827324477,1.5180265654648954,0.0,0.18975332068311193,66.41366223908918,0.0,0.37950664136622386,3.605313092979127,206.6413662239089,3.605313092979127,3.036053130929791,0.9487666034155597,0.0,0.0,0.5692599620493358,0.37950664136622386,5.692599620493358,5.502846299810246,0.9487666034155597,3.4155597722960147,0.37950664136622386,0.37950664136622386,0.7590132827324477,14.611005692599619,5.692599620493358,6.641366223908918,0.9487666034155597,0.9487666034155597,0.5692599620493358,1.0
CD_I1008893,Harrison Petty,Melbourne,Back-Pocket,35.0,"https://s.afl.com.au/staticfile/AFL Tenant/AFL/Players/ChampIDImages/AFL/2025014/1008893.png?im=Scale,width=0.6,height=0.6",0.7325,8.790000000000001,11,6.712172923777018,5.005688282138793,4.323094425483504,11.035267349260522,8.532423208191126,1.023890784982935,0.4550625711035267,0.341296928327645,2.2753128555176336,0.68259385665529,2.161547212741752,0.0,2.389078498293515,1.4789533560864618,1.36518771331058,4.550625711035267,6.598407281001137,0.7963594994311717,0.9101251422070534,3.9817974971558585,0.0,0.341296928327645,57.22411831626848,0.0,0.0,3.071672354948805,200.79635949943116,3.071672354948805,3.8680318543799768,0.68259385665529,0.68259385665529,1.2514220705346983,2.844141069397042,0.341296928327645,4.891922639362912,4.891922639362912,0.341296928327645,2.04778156996587,0.22753128555176336,1.2514220705346983,0.4550625711035267,10.580204778156995,7.7360637087599535,0.9101251422070534,0.68259385665529,1.4789533560864618,3.2992036405005685,1.0
CD_I1028525,Harry Armstrong,Richmond,Full-Forward,34.0,"https://s.afl.com.au/staticfile/AFL Tenant/AFL/Players/ChampIDImages/AFL/2025014/1028525.png?im=Scale,width=0.6,height=0.6",0.22333333333333333,2.68,4,5.970149253731343,4.477611940298507,5.223880597014925,11.194029850746269,6.343283582089552,1.4925373134328357,1.1194029850746268,0.0,1.1194029850746268,0.0,1.8656716417910446,0.0,2.2388059701492535,0.3731343283582089,0.3731343283582089,4.850746268656716,6.343283582089552,0.7462686567164178,2.2388059701492535,1.4925373134328357,0.0,0.3731343283582089,55.59701492537313,0.0,0.0,5.597014925373134,177.61194029850745,1.8656716417910446,1.4925373134328357,0.0,0.0,0.0,1.8656716417910446,0.7462686567164178,4.477611940298507,2.9850746268656714,0.7462686567164178,3.3582089552238803,0.0,0.0,1.4925373134328357,11.194029850746269,5.298507462686566,0.3731343283582089,0.7462686567164178,2.6119402985074625,1.1194029850746268,1.0
CD_I1000958,Harry Boyd,St Kilda,Forward Pocket,31.0,"https://s.afl.com.au/staticfile/AFL Tenant/AFL/Players/ChampIDImages/AFL/2025014/1000958.png?im=Scale,width=0.6,height=0.6",0.065,0.78,1,5.128205128205128,1.282051282051282,10.256410256410255,15.384615384615383,12.82051282051282,0.0,0.0,34.61538461538461,2.564102564102564,0.0,1.282051282051282,5.128205128205128,0.0,2.564102564102564,0.0,10.256410256410255,5.128205128205128,0.0,0.0,2.564102564102564,0.0,0.0,87.17948717948718,2.564102564102564,2.564102564102564,3.846153846153846,79.48717948717949,3.846153846153846,3.846153846153846,0.0,0.0,1.282051282051282,2.564102564102564,0.0,5.128205128205128,3.846153846153846,0.0,7.692307692307692,7.692307692307692,0.0,0.0,12.82051282051282,10.76923076923077,83.33333333333333,2.564102564102564,0.0,2.564102564102564,1.0
CD_I1011437,Harry Edwards,West Coast Eagles,Full-Back,42.0,"https://s.afl.com.au/staticfile/AFL Tenant/AFL/Players/ChampIDImages/AFL/2025014/1011437.png?im=Scale,width=0.6,height=0.6",0.6091666666666666,7.31,9,6.839945280437757,3.967168262653899,3.830369357045144,10.670314637482901,8.891928864569083,0.0,0.0,0.0,1.5047879616963065,4.103967168262654,0.8207934336525308,0.13679890560875513,1.915184678522572,0.6839945280437757,0.8207934336525308,3.830369357045144,6.703146374829002,0.6839945280437757,0.0,8.891928864569083,0.27359781121751026,0.0,44.322845417236664,0.0,0.13679890560875513,1.094391244870041,261.9699042407661,3.283173734610123,4.377564979480164,0.0,1.3679890560875514,4.240766073871409,0.0,0.0,3.830369357045144,5.60875512995896,0.0,2.4623803009575926,0.0,1.2311901504787963,0.0,5.335157318741451,10.437756497948017,0.13679890560875513,0.5471956224350205,0.0,7.7975376196990425,1.0
CD_I993107,Harry Himmelberg,GWS GIANTS,Back-Pocket,27.0,"https://s.afl.com.au/staticfile/AFL Tenant/AFL/Players/ChampIDImages/AFL/2025014/993107.png?im=Scale,width=0.6,height=0.6",0.8908333333333334,10.690000000000001,12,12.815715622076706,7.202993451824134,8.886810102899906,21.70252572497661,17.025257249766135,0.0,0.0,0.3741814780168381,2.3386342376052385,4.9579045837231055,1.4967259120673524,0.6548175865294668,3.180542563143124,0.9354536950420953,0.8419083255378857,5.144995322731524,14.686623012160897,0.3741814780168381,0.09354536950420952,5.238540692235734,0.7483629560336762,0.6548175865294668,85.96819457436855,0.0,0.6548175865294668,4.303086997193638,356.59494855004675,3.367633302151543,5.051449953227315,0.09354536950420952,0.46772684752104765,1.590271281571562,0.2806361085126286,0.18709073900841905,4.9579045837231055,10.664172123479887,0.3741814780168381,3.6482694106641715,0.09354536950420952,1.7773620205799812,0.09354536950420952,8.512628624883067,9.354536950420954,1.7773620205799812,1.1225444340505144,0.09354536950420952,4.3966323666978475,1.0
CD_I1000953,Harry McKay,Carlton,Centre Half-Forward,10.0,"https://s.afl.com.au/staticfile/AFL Tenant/AFL/Players/ChampIDImages/AFL/2025014/1000953.png?im=Scale,width=0.6,height=0.6",0.48,5.279999999999999,7,11.742424242424244,8.333333333333334,6.818181818181819,18.560606060606062,12.87878787878788,1.7045454545454548,0.7575757575757577,3.7878787878787885,2.4621212121212124,0.5681818181818182,3.0303030303030307,3.4090909090909096,4.356060606060606,1.5151515151515154,1.7045454545454548,11.174242424242426,8.712121212121213,2.4621212121212124,2.651515151515152,1.5151515151515154,0.0,0.18939393939393942,94.88636363636365,0.7575757575757577,2.651515151515152,5.871212121212122,281.62878787878793,4.545454545454546,1.5151515151515154,0.7575757575757577,0.0,0.0,2.8409090909090913,0.9469696969696971,3.0303030303030307,8.143939393939394,1.325757575757576,3.4090909090909096,0.7575757575757577,0.37878787878787884,2.4621212121212124,8.522727272727273,11.553030303030305,17.803030303030305,1.325757575757576,3.21969696969697,0.7575757575757577,1.0
CD_I1000963,Harry Morrison,Hawthorn,Wing,1.0,"https://s.afl.com.au/staticfile/AFL Tenant/AFL/Players/ChampIDImages/AFL/2025014/1000963.png?im=Scale,width=0.6,height=0.6",0.8099999999999999,10.53,13,11.20607787274454,5.7929724596391265,10.731244064577398,21.93732193732194,17.188983855650523,0.2849002849002849,0.0949667616334283,0.0,4.083570750237417,2.469135802469136,2.6590693257359925,1.4245014245014247,2.7540360873694207,0.7597340930674265,0.47483380816714155,7.122507122507123,14.529914529914532,0.3798670465337132,0.2849002849002849,1.6144349477682811,0.1899335232668566,0.47483380816714155,89.93352326685661,0.0949667616334283,1.3295346628679963,5.0332383665717,288.2241215574549,3.323836657169991,4.178537511870846,0.3798670465337132,0.0,0.2849002849002849,0.0,0.0,9.49667616334283,8.072174738841406,0.3798670465337132,5.318138651471985,0.0,0.8547008547008548,0.0949667616334283,18.233618233618234,10.987654320987655,0.0,1.3295346628679963,0.47483380816714155,1.0446343779677114,1.0
CD_I1028526,Harry O'Farrell,Carlton,Centre Half-Back,22.0,"https://s.afl.com.au/staticfile/AFL Tenant/AFL/Players/ChampIDImages/AFL/2025014/1028526.png?im=Scale,width=0.6,height=0.6",0.07363636363636365,0.8100000000000002,1,6.1728395061728385,3.703703703703703,4.93827160493827,11.111111111111109,8.641975308641973,0.0,0.0,0.0,1.2345679012345676,3.703703703703703,0.0,0.0,1.2345679012345676,1.2345679012345676,0.0,4.93827160493827,6.1728395061728385,0.0,0.0,4.93827160493827,0.0,0.0,45.679012345679006,0.0,0.0,1.2345679012345676,141.9753086419753,2.469135802469135,7.407407407407406,0.0,1.2345679012345676,2.469135802469135,1.2345679012345676,1.2345679012345676,6.1728395061728385,3.703703703703703,0.0,3.703703703703703,0.0,2.469135802469135,0.0,8.641975308641973,6.419753086419752,0.0,1.2345679012345676,0.0,4.93827160493827,1.0
CD_I998205,Harry Perryman,Collingwood,Half-Back,12.0,"https://s.afl.com.au/staticfile/AFL Tenant/AFL/Players/ChampIDImages/AFL/2025014/998205.png?im=Scale,width=0.6,height=0.6",0.7941666666666667,9.53,12,11.857292759706192,4.512067156348374,8.184679958027283,20.041972717733476,14.48058761804827,0.3147953830010493,0.41972717733473247,0.0,4.616998950682057,3.2528856243441764,3.2528856243441764,1.5739769150052467,2.5183630640083945,1.0493179433368311,1.1542497376705143,6.7156348373557195,13.011542497376706,0.20986358866736624,0.20986358866736624,2.4134312696747116,0.20986358866736624,0.10493179433368312,83.84050367261281,0.41972717733473247,1.1542497376705143,5.456453305351522,338.8247639034628,3.3578174186778598,5.561385099685205,0.41972717733473247,0.20986358866736624,0.944386149003148,0.0,0.0,9.653725078698846,8.0797481636936,1.0493179433368311,5.036726128016789,0.0,1.6789087093389299,0.10493179433368312,17.628541448058762,10.44071353620147,0.0,2.728226652675761,0.7345225603357818,1.5739769150052467,1.0
CD_I1021122,Harry Rowston,GWS GIANTS,Interchange,24.0,"https://s.afl.com.au/staticfile/AFL Tenant/AFL/Players/ChampIDImages/AFL/2025014/1021122.png?im=Scale,width=0.6,height=0.6",0.005833333333333334,0.07,1,28.57142857142857,28.57142857142857,0.0,28.57142857142857,14.285714285714285,0.0,0.0,0.0,0.0,0.0,0.0,0.0,0.0,0.0,0.0,0.0,28.57142857142857,0.0,0.0,0.0,0.0,0.0,171.42857142857142,0.0,0.0,0.0,214.28571428571428,0.0,0.0,0.0,0.0,0.0,0.0,0.0,28.57142857142857,14.285714285714285,0.0,0.0,0.0,0.0,0.0,57.14285714285714,-1.4285714285714286,0.0,0.0,0.0,0.0,1.0
CD_I1007099,Harry Sharp,Melbourne,Wing,30.0,"https://s.afl.com.au/staticfile/AFL Tenant/AFL/Players/ChampIDImages/AFL/2025014/1007099.png?im=Scale,width=0.6,height=0.6",0.5399999999999999,6.4799999999999995,12,8.179012345679013,4.012345679012346,4.938271604938272,13.117283950617285,9.104938271604938,1.234567901234568,0.925925925925926,0.0,2.623456790123457,0.617283950617284,1.851851851851852,0.0,1.697530864197531,0.771604938271605,0.617283950617284,4.012345679012346,9.567901234567902,0.0,0.617283950617284,1.080246913580247,1.234567901234568,0.308641975308642,64.19753086419753,0.0,0.0,5.092592592592593,246.9135802469136,2.623456790123457,1.388888888888889,0.771604938271605,0.0,0.0,0.925925925925926,0.154320987654321,7.253086419753087,5.092592592592593,1.388888888888889,3.08641975308642,0.0,0.154320987654321,0.308641975308642,18.3641975308642,9.058641975308642,0.0,0.308641975308642,2.777777777777778,0.308641975308642,1.0
CD_I1023518,Harry Sheezel,North Melbourne,"Half-Forward, Half-Forward",3.0,"https://s.afl.com.au/staticfile/AFL Tenant/AFL/Players/ChampIDImages/AFL/2025014/1023518.png?im=Scale,width=0.6,height=0.6",0.8709090909090909,9.58,11,17.32776617954071,6.054279749478079,14.926931106471816,32.25469728601253,23.48643006263048,0.10438413361169102,0.5219206680584552,0.0,4.592901878914405,3.757828810020877,3.4446764091858038,4.07098121085595,3.653444676409186,1.0438413361169103,0.6263048016701461,9.812108559498956,21.816283924843425,0.4175365344467641,0.20876826722338204,1.5657620041753653,0.0,0.10438413361169102,118.6847599164927,1.3569937369519833,2.7139874739039667,5.11482254697286,409.70772442588725,6.15866388308977,3.2359081419624216,0.31315240083507306,0.0,0.20876826722338204,0.31315240083507306,0.31315240083507306,11.586638830897703,10.438413361169102,1.0438413361169103,7.306889352818372,0.0,0.6263048016701461,0.31315240083507306,20.876826722338205,10.553235908141962,0.0,0.9394572025052192,0.7306889352818372,0.4175365344467641,1.0
CD_I1017087,Harvey Gallagher,Western Bulldogs,"Back-Pocket, Half-Forward, Wing",12.0,"https://s.afl.com.au/staticfile/AFL Tenant/AFL/Players/ChampIDImages/AFL/2025014/1017087.png?im=Scale,width=0.6,height=0.6",0.2533333333333333,3.04,5,12.828947368421053,4.605263157894737,5.2631578947368425,18.092105263157894,12.828947368421053,0.0,0.0,0.0,1.9736842105263157,3.9473684210526314,2.3026315789473686,1.3157894736842106,4.605263157894737,0.9868421052631579,0.9868421052631579,3.289473684210526,14.144736842105264,0.0,0.0,2.3026315789473686,0.32894736842105265,0.32894736842105265,68.75,0.0,1.3157894736842106,2.9605263157894735,384.86842105263156,5.2631578947368425,2.9605263157894735,0.32894736842105265,0.32894736842105265,0.6578947368421053,0.0,0.0,9.210526315789474,8.881578947368421,0.0,2.3026315789473686,0.0,0.6578947368421053,0.32894736842105265,12.828947368421053,6.611842105263158,0.0,0.32894736842105265,0.0,1.3157894736842106,1.0
CD_I1028546,Harvey Langford,Melbourne,Rover,19.0,"https://s.afl.com.au/staticfile/AFL Tenant/AFL/Players/ChampIDImages/AFL/2025014/1028546.png?im=Scale,width=0.6,height=0.6",0.6533333333333334,7.840000000000001,11,13.647959183673468,4.719387755102041,11.862244897959183,25.51020408163265,17.60204081632653,0.8928571428571428,0.510204081632653,0.0,1.4030612244897958,2.040816326530612,4.336734693877551,3.1887755102040813,4.209183673469387,0.6377551020408163,0.8928571428571428,9.438775510204081,15.943877551020407,0.12755102040816324,0.2551020408163265,1.1479591836734693,0.3826530612244898,0.510204081632653,88.26530612244898,0.510204081632653,2.6785714285714284,6.122448979591836,456.8877551020408,4.846938775510203,3.443877551020408,0.12755102040816324,0.12755102040816324,0.2551020408163265,0.2551020408163265,0.0,8.035714285714285,9.311224489795917,0.7653061224489796,6.887755102040816,0.0,0.6377551020408163,0.6377551020408163,14.9234693877551,13.265306122448978,0.0,1.530612244897959,1.6581632653061222,0.8928571428571428,1.0
CD_I1027925,Harvey Thomas,GWS GIANTS,"Forward Pocket, Half-Forward, Half-Forward",1.0,"https://s.afl.com.au/staticfile/AFL Tenant/AFL/Players/ChampIDImages/AFL/2025014/1027925.png?im=Scale,width=0.6,height=0.6",0.5133333333333333,6.16,8,7.62987012987013,2.435064935064935,6.4935064935064934,14.123376623376624,9.74025974025974,0.6493506493506493,0.0,0.0,3.409090909090909,1.1363636363636362,2.435064935064935,0.6493506493506493,2.1103896103896105,0.16233766233766234,0.8116883116883117,4.545454545454545,9.577922077922077,0.16233766233766234,0.16233766233766234,1.461038961038961,0.16233766233766234,1.1363636363636362,58.44155844155844,0.16233766233766234,0.487012987012987,4.545454545454545,216.23376623376623,2.5974025974025974,0.974025974025974,1.2987012987012987,0.16233766233766234,0.16233766233766234,0.3246753246753247,0.0,5.357142857142857,5.032467532467533,1.6233766233766234,3.7337662337662336,0.0,0.0,0.16233766233766234,18.01948051948052,10.487012987012989,0.0,0.6493506493506493,0.8116883116883117,0.6493506493506493,1.0
CD_I1003203,Hayden McLean,Sydney Swans,"Centre Half-Forward, Full-Forward, Half-Forward",2.0,"https://s.afl.com.au/staticfile/AFL Tenant/AFL/Players/ChampIDImages/AFL/2025014/1003203.png?im=Scale,width=0.6,height=0.6",0.5775,6.93,9,7.2150072150072155,4.184704184704185,5.627705627705628,12.842712842712844,9.523809523809524,2.0202020202020203,0.8658008658008658,3.318903318903319,2.0202020202020203,0.5772005772005773,1.875901875901876,0.8658008658008658,3.896103896103896,1.0101010101010102,1.443001443001443,6.4935064935064934,6.204906204906205,0.7215007215007215,2.1645021645021645,2.741702741702742,0.0,1.0101010101010102,66.52236652236653,0.0,0.8658008658008658,6.34920634920635,204.61760461760463,2.886002886002886,0.8658008658008658,1.0101010101010102,0.0,0.0,3.174603174603175,0.7215007215007215,2.1645021645021645,4.617604617604618,2.4531024531024532,4.329004329004329,0.5772005772005773,0.14430014430014432,0.8658008658008658,10.101010101010102,8.210678210678212,13.131313131313131,0.7215007215007215,3.463203463203463,2.308802308802309,1.0
CD_I1009256,Hayden Young,Fremantle,Centre,26.0,"https://s.afl.com.au/staticfile/AFL Tenant/AFL/Players/ChampIDImages/AFL/2025014/1009256.png?im=Scale,width=0.6,height=0.6",0.20583333333333334,2.4699999999999998,4,15.789473684210527,4.858299595141701,12.955465587044536,28.744939271255063,18.62348178137652,1.619433198380567,0.0,0.0,6.477732793522268,0.8097165991902835,6.072874493927126,3.238866396761134,4.453441295546559,1.2145748987854252,2.0242914979757085,11.336032388663968,18.62348178137652,0.8097165991902835,0.8097165991902835,0.8097165991902835,0.8097165991902835,0.40485829959514175,118.62348178137653,1.2145748987854252,2.0242914979757085,7.287449392712551,493.9271255060729,4.453441295546559,2.834008097165992,2.834008097165992,0.0,0.0,0.8097165991902835,0.0,5.668016194331984,9.31174089068826,0.8097165991902835,5.668016194331984,0.0,0.8097165991902835,0.40485829959514175,19.838056680161944,15.263157894736844,0.0,1.2145748987854252,1.619433198380567,0.0,1.0
CD_I1013224,Heath Chapman,Fremantle,Half-Back,5.0,"https://s.afl.com.au/staticfile/AFL Tenant/AFL/Players/ChampIDImages/AFL/2025014/1013224.png?im=Scale,width=0.6,height=0.6",0.7016666666666667,8.42,11,12.232779097387173,6.0570071258907365,5.819477434679335,18.052256532066508,14.014251781472684,0.0,0.0,0.0,2.494061757719715,4.394299287410926,2.137767220902613,0.7125890736342043,2.8503562945368173,0.9501187648456058,1.0688836104513064,4.750593824228028,12.826603325415677,0.4750593824228029,0.0,3.800475059382423,0.0,0.11876484560570072,74.22802850356294,0.23752969121140144,0.4750593824228029,3.4441805225653206,399.7624703087886,3.4441805225653206,5.3444180522565325,0.11876484560570072,0.4750593824228029,1.4251781472684086,0.0,0.0,7.600950118764846,9.026128266033254,0.0,3.32541567695962,0.0,1.3064133016627077,0.0,10.688836104513065,8.325415676959619,0.0,1.3064133016627077,0.11876484560570072,2.969121140142518,1.0
CD_I1023680,Henry Hustwaite,Hawthorn,"Centre, Rover",44.0,"https://s.afl.com.au/staticfile/AFL Tenant/AFL/Players/ChampIDImages/AFL/2025014/1023680.png?im=Scale,width=0.6,height=0.6",0.14153846153846153,1.8399999999999999,3,10.869565217391305,4.347826086956522,16.847826086956523,27.717391304347828,20.65217391304348,0.0,0.5434782608695653,0.0,7.065217391304349,0.0,1.6304347826086958,5.434782608695652,4.347826086956522,0.5434782608695653,1.6304347826086958,9.23913043478261,19.021739130434785,0.0,0.5434782608695653,1.0869565217391306,0.0,0.0,103.80434782608697,1.0869565217391306,4.347826086956522,8.695652173913045,284.2391304347826,3.804347826086957,2.173913043478261,1.0869565217391306,0.0,0.0,0.0,0.0,17.934782608695652,5.978260869565218,1.0869565217391306,6.521739130434783,0.0,0.0,0.0,29.89130434782609,11.684782608695652,1.0869565217391306,1.6304347826086958,0.5434782608695653,0.5434782608695653,1.0
CD_I1029148,Hugh Boxshall,St Kilda,Interchange,38.0,"https://s.afl.com.au/staticfile/AFL Tenant/AFL/Players/ChampIDImages/AFL/2025014/1029148.png?im=Scale,width=0.6,height=0.6",0.15333333333333332,1.8399999999999999,4,10.869565217391305,4.347826086956522,13.043478260869566,23.91304347826087,14.130434782608697,0.0,0.0,0.0,7.065217391304349,2.173913043478261,2.717391304347826,3.804347826086957,7.065217391304349,1.0869565217391306,1.6304347826086958,11.413043478260871,13.043478260869566,0.0,0.0,2.173913043478261,0.0,0.5434782608695653,96.19565217391305,1.0869565217391306,2.717391304347826,5.434782608695652,331.5217391304348,4.891304347826087,1.6304347826086958,1.6304347826086958,0.0,0.0,0.0,0.0,9.782608695652174,4.347826086956522,1.6304347826086958,9.782608695652174,0.0,0.0,0.5434782608695653,20.108695652173914,11.413043478260871,0.0,1.0869565217391306,0.0,1.0869565217391306,1.0
CD_I1015330,Hugh Jackson,Port Adelaide,Interchange,39.0,"https://s.afl.com.au/staticfile/AFL Tenant/AFL/Players/ChampIDImages/AFL/2025014/1015330.png?im=Scale,width=0.6,height=0.6",0.039090909090909086,0.43,1,4.651162790697675,2.3255813953488373,13.953488372093023,18.6046511627907,16.27906976744186,0.0,2.3255813953488373,0.0,2.3255813953488373,2.3255813953488373,0.0,4.651162790697675,2.3255813953488373,0.0,0.0,6.976744186046512,11.627906976744185,0.0,0.0,0.0,0.0,0.0,60.46511627906977,0.0,4.651162790697675,6.976744186046512,309.30232558139534,0.0,0.0,0.0,0.0,0.0,0.0,0.0,2.3255813953488373,2.3255813953488373,0.0,6.976744186046512,0.0,0.0,2.3255813953488373,13.953488372093023,12.558139534883722,0.0,2.3255813953488373,2.3255813953488373,0.0,1.0
CD_I1000978,Hugh McCluggage,Brisbane Lions,Half-Forward,6.0,"https://s.afl.com.au/staticfile/AFL Tenant/AFL/Players/ChampIDImages/AFL/2025014/1000978.png?im=Scale,width=0.6,height=0.6",0.8133333333333332,9.76,12,16.90573770491803,5.532786885245902,16.086065573770494,32.99180327868852,23.46311475409836,0.4098360655737705,0.4098360655737705,0.0,7.274590163934427,0.7172131147540983,7.889344262295082,7.172131147540984,5.225409836065574,1.7418032786885247,1.639344262295082,14.446721311475411,19.672131147540984,0.0,0.6147540983606558,1.5368852459016393,0.10245901639344263,1.5368852459016393,128.27868852459017,2.2540983606557377,4.918032786885246,9.221311475409836,523.360655737705,6.454918032786885,3.4836065573770494,1.4344262295081966,0.20491803278688525,0.4098360655737705,0.0,0.0,12.192622950819672,9.73360655737705,1.7418032786885247,10.860655737704919,0.0,0.3073770491803279,0.6147540983606558,29.30327868852459,20.307377049180328,0.0,2.766393442622951,1.639344262295082,0.3073770491803279,1.0
CD_I1027790,Hugo Garcia,St Kilda,"Half-Forward, Rover",34.0,"https://s.afl.com.au/staticfile/AFL Tenant/AFL/Players/ChampIDImages/AFL/2025014/1027790.png?im=Scale,width=0.6,height=0.6",0.5058333333333334,6.07,10,13.01482701812191,2.6359143327841843,10.543657331136737,23.55848434925865,14.991762767710048,0.32948929159802304,0.8237232289950577,0.0,9.884678747940692,1.4827018121911038,3.6243822075782535,5.930807248764415,5.43657331136738,0.9884678747940692,2.1416803953871497,9.225700164744646,14.168039538714991,0.0,0.4942339373970346,0.4942339373970346,0.0,0.16474464579901152,104.94233937397034,2.3064250411861615,3.6243822075782535,4.7775947281713345,310.0494233937397,4.942339373970346,1.4827018121911038,1.3179571663920921,0.0,0.0,0.16474464579901152,0.0,13.01482701812191,5.601317957166392,0.6589785831960461,7.0840197693574956,0.0,0.32948929159802304,0.0,31.30148270181219,9.802306425041186,0.0,1.4827018121911038,1.6474464579901154,0.32948929159802304,1.0
CD_I1011985,Hugo Ralphsmith,Richmond,Wing,13.0,"https://s.afl.com.au/staticfile/AFL Tenant/AFL/Players/ChampIDImages/AFL/2025014/1011985.png?im=Scale,width=0.6,height=0.6",0.5725,6.87,8,10.043668122270741,4.366812227074235,6.841339155749636,16.885007278020378,11.208151382823871,0.727802037845706,0.4366812227074236,0.0,3.056768558951965,1.455604075691412,3.6390101892285296,1.0189228529839884,3.3478893740902476,1.3100436681222707,1.0189228529839884,6.259097525473071,10.91703056768559,0.14556040756914118,0.0,2.4745269286754,1.0189228529839884,0.4366812227074236,72.19796215429403,0.0,1.0189228529839884,4.366812227074235,405.2401746724891,3.6390101892285296,3.3478893740902476,0.4366812227074236,0.4366812227074236,0.4366812227074236,0.14556040756914118,0.14556040756914118,7.714701601164483,5.9679767103347885,0.5822416302765647,4.657933042212518,0.0,0.4366812227074236,0.5822416302765647,17.612809315866084,10.407569141193596,0.0,1.0189228529839884,1.3100436681222707,1.8922852983988354,1.0
CD_I1002264,Hunter Clark,St Kilda,Interchange,11.0,"https://s.afl.com.au/staticfile/AFL Tenant/AFL/Players/ChampIDImages/AFL/2025014/1002264.png?im=Scale,width=0.6,height=0.6",0.1675,2.0100000000000002,4,13.432835820895521,5.4726368159203975,14.427860696517412,27.860696517412933,14.925373134328357,0.49751243781094523,0.9950248756218905,0.0,9.950248756218905,1.990049751243781,2.9850746268656714,3.980099502487562,7.462686567164178,0.49751243781094523,3.4825870646766166,12.43781094527363,16.41791044776119,0.0,0.9950248756218905,1.990049751243781,0.0,0.49751243781094523,119.40298507462686,0.9950248756218905,2.9850746268656714,7.960199004975124,316.9154228855721,5.4726368159203975,2.487562189054726,1.4925373134328357,0.0,0.0,0.0,0.0,13.432835820895521,5.970149253731343,0.9950248756218905,10.945273631840795,0.0,0.49751243781094523,0.49751243781094523,22.388059701492534,12.08955223880597,0.0,0.49751243781094523,1.990049751243781,1.4925373134328357,1.0
CD_I1001396,Isaac Cumming,Adelaide Crows,Wing,44.0,"https://s.afl.com.au/staticfile/AFL Tenant/AFL/Players/ChampIDImages/AFL/2025014/1001396.png?im=Scale,width=0.6,height=0.6",0.8,9.6,12,13.125,5.3125,5.625,18.75,13.125,0.4166666666666667,0.20833333333333334,0.0,2.291666666666667,1.9791666666666667,3.3333333333333335,1.4583333333333335,3.125,0.5208333333333334,0.7291666666666667,6.5625,12.083333333333334,0.10416666666666667,0.3125,2.3958333333333335,0.0,0.9375,76.77083333333334,0.10416666666666667,1.3541666666666667,5.3125,330.9375,3.3333333333333335,4.583333333333334,0.3125,0.0,0.0,0.20833333333333334,0.0,6.666666666666667,8.4375,0.4166666666666667,5.208333333333334,0.0,0.8333333333333334,0.4166666666666667,14.0625,9.916666666666668,0.0,1.5625,0.9375,1.0416666666666667,1.0
CD_I298539,Isaac Heeney,Sydney Swans,Centre,5.0,"https://s.afl.com.au/staticfile/AFL Tenant/AFL/Players/ChampIDImages/AFL/2025014/298539.png?im=Scale,width=0.6,height=0.6",0.8350000000000001,10.02,12,14.471057884231538,3.792415169660679,13.273453093812376,27.744510978043913,18.363273453093814,1.3972055888223553,1.097804391217565,0.0,4.491017964071856,2.0958083832335332,4.39121756487026,6.686626746506986,4.291417165668663,1.2974051896207586,0.8982035928143713,14.271457085828343,12.574850299401199,0.3992015968063872,0.7984031936127745,0.8982035928143713,0.5988023952095809,0.9980039920159681,107.38522954091817,2.9940119760479043,3.692614770459082,7.485029940119761,409.28143712574854,4.69061876247505,2.3952095808383236,0.7984031936127745,0.0,0.0998003992015968,0.9980039920159681,0.1996007984031936,9.580838323353294,8.383233532934133,2.0958083832335332,9.081836327345309,0.0,0.3992015968063872,0.1996007984031936,22.654690618762476,18.7125748502994,0.0998003992015968,1.3972055888223553,2.694610778443114,0.3992015968063872,1.0
CD_I1028554,Isaac Kako,Essendon,Forward Pocket,10.0,"https://s.afl.com.au/staticfile/AFL Tenant/AFL/Players/ChampIDImages/AFL/2025014/1028554.png?im=Scale,width=0.6,height=0.6",0.8,8.8,11,6.704545454545454,2.5,6.0227272727272725,12.727272727272727,9.204545454545453,0.6818181818181818,0.3409090909090909,0.0,2.2727272727272725,0.11363636363636363,2.727272727272727,0.6818181818181818,1.5909090909090908,0.3409090909090909,0.45454545454545453,4.3181818181818175,7.499999999999999,0.0,0.45454545454545453,0.6818181818181818,0.45454545454545453,0.45454545454545453,52.15909090909091,0.0,0.6818181818181818,5.0,145.79545454545453,2.2727272727272725,0.9090909090909091,0.9090909090909091,0.0,0.0,0.9090909090909091,0.0,3.977272727272727,3.8636363636363633,2.1590909090909087,3.6363636363636362,0.0,0.0,0.6818181818181818,19.09090909090909,9.454545454545453,0.0,0.6818181818181818,1.25,0.22727272727272727,1.0
CD_I1015323,Isaac Keeler,St Kilda,Back-Pocket,17.0,"https://s.afl.com.au/staticfile/AFL Tenant/AFL/Players/ChampIDImages/AFL/2025014/1015323.png?im=Scale,width=0.6,height=0.6",0.3825,4.59,6,6.318082788671024,3.2679738562091503,3.9215686274509807,10.239651416122005,6.971677559912854,1.3071895424836601,0.4357298474945534,2.8322440087145972,1.3071895424836601,0.8714596949891068,1.9607843137254903,0.6535947712418301,1.9607843137254903,0.4357298474945534,0.4357298474945534,4.139433551198257,6.971677559912854,0.6535947712418301,0.8714596949891068,2.178649237472767,0.0,0.2178649237472767,52.06971677559913,0.0,0.6535947712418301,4.139433551198257,169.49891067538127,1.9607843137254903,2.396514161220044,0.6535947712418301,0.0,0.0,1.9607843137254903,0.0,4.357298474945534,4.357298474945534,0.4357298474945534,2.178649237472767,0.4357298474945534,0.4357298474945534,0.2178649237472767,10.893246187363834,6.579520697167756,15.468409586056646,1.0893246187363834,1.7429193899782136,0.8714596949891068,1.0
CD_I1008089,Isaac Quaynor,Collingwood,"Half-Back, Half-Back",3.0,"https://s.afl.com.au/staticfile/AFL Tenant/AFL/Players/ChampIDImages/AFL/2025014/1008089.png?im=Scale,width=0.6,height=0.6",0.8175,9.809999999999999,12,9.683995922528034,5.402650356778798,6.625891946992866,16.3098878695209,13.251783893985731,0.0,0.0,0.0,2.956167176350663,4.077471967380225,1.4271151885830786,0.40774719673802245,2.8542303771661572,0.9174311926605506,0.9174311926605506,4.89296636085627,11.62079510703364,0.20387359836901123,0.0,2.8542303771661572,0.5096839959225281,0.20387359836901123,68.50152905198777,0.0,0.40774719673802245,3.2619775739041796,304.3832823649338,3.0581039755351687,5.5045871559633035,0.0,0.20387359836901123,0.6116207951070337,0.0,0.0,10.805300713557596,7.4413863404689105,0.10193679918450561,3.2619775739041796,0.0,1.6309887869520898,0.10193679918450561,15.290519877675843,8.71559633027523,0.0,1.1213047910295617,0.20387359836901123,2.0387359836901124,1.0
CD_I1011558,Isaiah Dudley,Fremantle,Interchange,43.0,"https://s.afl.com.au/staticfile/AFL Tenant/AFL/Players/ChampIDImages/AFL/2025014/1011558.png?im=Scale,width=0.6,height=0.6",0.4533333333333333,5.4399999999999995,9,9.375,4.595588235294118,3.6764705882352944,13.051470588235295,8.823529411764707,1.4705882352941178,1.286764705882353,0.0,3.6764705882352944,0.18382352941176472,4.044117647058824,0.18382352941176472,2.3897058823529416,0.18382352941176472,0.9191176470588236,3.1250000000000004,10.11029411764706,0.18382352941176472,1.286764705882353,1.1029411764705883,0.9191176470588236,1.286764705882353,71.50735294117648,0.0,0.18382352941176472,6.433823529411765,316.7279411764706,2.573529411764706,0.9191176470588236,1.8382352941176472,0.0,0.0,0.9191176470588236,0.18382352941176472,4.044117647058824,6.0661764705882355,1.1029411764705883,2.573529411764706,0.0,0.18382352941176472,0.9191176470588236,18.014705882352942,8.327205882352942,0.0,0.36764705882352944,3.49264705882353,0.36764705882352944,1.0
CD_I998529,Ivan Soldo,Port Adelaide,Forward Pocket,13.0,"https://s.afl.com.au/staticfile/AFL Tenant/AFL/Players/ChampIDImages/AFL/2025014/998529.png?im=Scale,width=0.6,height=0.6",0.05454545454545454,0.6,1,5.0,1.6666666666666667,3.3333333333333335,8.333333333333334,6.666666666666667,0.0,0.0,15.0,1.6666666666666667,0.0,1.6666666666666667,1.6666666666666667,3.3333333333333335,0.0,1.6666666666666667,5.0,5.0,0.0,0.0,3.3333333333333335,0.0,0.0,43.333333333333336,0.0,1.6666666666666667,3.3333333333333335,63.333333333333336,3.3333333333333335,1.6666666666666667,1.6666666666666667,0.0,0.0,5.0,0.0,5.0,3.3333333333333335,1.6666666666666667,3.3333333333333335,5.0,0.0,1.6666666666666667,11.666666666666668,8.166666666666668,28.333333333333336,1.6666666666666667,0.0,0.0,1.0
CD_I1001195,Izak Rankine,Adelaide Crows,Half-Forward,23.0,"https://s.afl.com.au/staticfile/AFL Tenant/AFL/Players/ChampIDImages/AFL/2025014/1001195.png?im=Scale,width=0.6,height=0.6",0.8283333333333334,9.940000000000001,12,15.694164989939635,5.030181086519114,11.46881287726358,27.162977867203217,16.901408450704224,1.5090543259557343,1.1066398390342052,0.0,4.627766599597585,1.0060362173038229,5.73440643863179,6.338028169014084,5.835010060362173,1.8108651911468812,1.7102615694164989,14.688128772635814,13.279678068410462,0.5030181086519114,1.1066398390342052,1.7102615694164989,1.2072434607645874,1.2072434607645874,110.46277665995974,1.9114688128772634,4.426559356136821,8.148893360160965,461.46881287726353,5.4325955734406435,3.3199195171026155,0.704225352112676,0.0,0.0,0.30181086519114686,0.10060362173038229,6.740442655935613,8.249496981891348,2.112676056338028,9.859154929577464,0.0,0.30181086519114686,0.6036217303822937,19.718309859154928,15.482897384305833,0.0,1.6096579476861166,3.52112676056338,0.5030181086519114,1.0
CD_I296351,Jack Billings,Melbourne,Wing,14.0,"https://s.afl.com.au/staticfile/AFL Tenant/AFL/Players/ChampIDImages/AFL/2025014/296351.png?im=Scale,width=0.6,height=0.6",0.075,0.9,1,5.555555555555555,2.2222222222222223,10.0,15.555555555555555,12.222222222222221,0.0,0.0,0.0,2.2222222222222223,0.0,1.1111111111111112,1.1111111111111112,2.2222222222222223,0.0,0.0,5.555555555555555,10.0,0.0,0.0,0.0,0.0,1.1111111111111112,52.22222222222222,0.0,1.1111111111111112,3.333333333333333,198.88888888888889,2.2222222222222223,2.2222222222222223,0.0,0.0,0.0,0.0,0.0,2.2222222222222223,5.555555555555555,1.1111111111111112,5.555555555555555,0.0,0.0,0.0,6.666666666666666,7.777777777777778,0.0,1.1111111111111112,0.0,0.0,1.0
CD_I998260,Jack Bowes,Geelong Cats,Interchange,12.0,"https://s.afl.com.au/staticfile/AFL Tenant/AFL/Players/ChampIDImages/AFL/2025014/998260.png?im=Scale,width=0.6,height=0.6",0.5783333333333334,6.94,10,14.121037463976945,3.6023054755043225,6.340057636887607,20.46109510086455,14.40922190201729,0.8645533141210374,0.1440922190201729,0.0,4.899135446685879,3.7463976945244957,2.881844380403458,3.314121037463977,4.034582132564841,1.1527377521613833,2.3054755043227666,7.492795389048991,13.112391930835734,0.1440922190201729,0.1440922190201729,2.0172910662824206,0.4322766570605187,0.4322766570605187,85.01440922190201,0.7204610951008645,2.593659942363112,4.610951008645533,416.28242074927954,4.610951008645533,3.6023054755043225,0.4322766570605187,0.1440922190201729,0.7204610951008645,0.0,0.0,11.671469740634006,9.798270893371757,0.4322766570605187,4.899135446685879,0.0,0.4322766570605187,0.0,20.89337175792507,11.988472622478385,0.0,1.440922190201729,1.1527377521613833,0.5763688760806917,1.0
CD_I1009708,Jack Buckley,GWS GIANTS,Centre Half-Back,44.0,"https://s.afl.com.au/staticfile/AFL Tenant/AFL/Players/ChampIDImages/AFL/2025014/1009708.png?im=Scale,width=0.6,height=0.6",0.9299999999999999,11.16,12,8.333333333333334,6.451612903225806,4.838709677419355,13.172043010752688,11.379928315412187,0.0,0.0,0.0,1.7921146953405018,2.4193548387096775,0.26881720430107525,0.26881720430107525,1.6129032258064515,0.7168458781362007,0.44802867383512546,5.197132616487455,8.333333333333334,0.985663082437276,0.0,8.422939068100359,0.35842293906810035,0.08960573476702509,60.57347670250896,0.0,0.26881720430107525,1.971326164874552,180.10752688172042,1.3440860215053763,6.272401433691757,0.0,0.5376344086021505,3.4050179211469533,0.08960573476702509,0.08960573476702509,6.899641577060931,6.899641577060931,0.0,3.1362007168458783,0.0,1.7025089605734767,0.0,7.795698924731183,11.335125448028673,0.0,0.8960573476702509,0.0,7.526881720430107,1.0
CD_I1013233,Jack Carroll,St Kilda,Interchange,18.0,"https://s.afl.com.au/staticfile/AFL Tenant/AFL/Players/ChampIDImages/AFL/2025014/1013233.png?im=Scale,width=0.6,height=0.6",0.049166666666666664,0.59,1,13.559322033898306,5.084745762711865,5.084745762711865,18.64406779661017,15.254237288135593,0.0,0.0,0.0,3.3898305084745766,0.0,3.3898305084745766,1.6949152542372883,5.084745762711865,1.6949152542372883,5.084745762711865,8.474576271186441,10.16949152542373,0.0,0.0,0.0,0.0,1.6949152542372883,66.10169491525424,0.0,1.6949152542372883,10.16949152542373,505.0847457627119,5.084745762711865,3.3898305084745766,0.0,0.0,0.0,0.0,0.0,13.559322033898306,10.16949152542373,0.0,5.084745762711865,0.0,0.0,0.0,15.254237288135593,7.627118644067797,0.0,5.084745762711865,0.0,0.0,1.0
CD_I293871,Jack Crisp,Collingwood,"Wing, Wing",25.0,"https://s.afl.com.au/staticfile/AFL Tenant/AFL/Players/ChampIDImages/AFL/2025014/293871.png?im=Scale,width=0.6,height=0.6",0.8225,9.870000000000001,12,13.272543059777101,5.369807497467072,10.739614994934144,24.012158054711243,16.616008105369804,0.5065856129685916,0.60790273556231,0.0,4.559270516717325,2.2289766970618032,4.559270516717325,2.836879432624113,3.444782168186423,0.40526849037487334,0.911854103343465,10.840932117527862,13.171225937183383,0.40526849037487334,0.7092198581560283,1.6210739614994933,0.10131712259371833,1.0131712259371832,96.96048632218844,0.5065856129685916,2.3302938196555214,5.775075987841944,494.52887537993917,4.559270516717325,4.660587639311043,0.60790273556231,0.10131712259371833,0.20263424518743667,0.0,0.0,9.72644376899696,8.308004052684902,0.7092198581560283,8.409321175278622,0.0,0.303951367781155,0.40526849037487334,19.655521783181356,15.207700101317121,0.0,1.9250253292806483,1.4184397163120566,0.7092198581560283,1.0
CD_I290838,Jack Darling,North Melbourne,Full-Forward,28.0,"https://s.afl.com.au/staticfile/AFL Tenant/AFL/Players/ChampIDImages/AFL/2025014/290838.png?im=Scale,width=0.6,height=0.6",0.8190909090909091,9.01,11,8.102108768035515,4.217536071032186,4.8834628190899005,12.985571587125417,8.657047724750278,1.2208657047724751,0.5549389567147613,3.8845726970033296,2.4417314095449503,0.6659267480577137,2.4417314095449503,1.6648168701442843,3.8845726970033296,0.9988901220865705,1.6648168701442843,7.547169811320755,5.993340732519423,1.3318534961154274,1.1098779134295227,1.4428412874583796,0.0,0.7769145394006659,64.26193118756937,0.4439511653718091,1.2208657047724751,5.216426193118757,228.8568257491676,2.9966703662597114,0.4439511653718091,0.9988901220865705,0.22197558268590456,0.33296337402885684,3.3296337402885685,1.1098779134295227,3.551609322974473,4.8834628190899005,1.1098779134295227,3.218645948945616,0.5549389567147613,0.11098779134295228,1.1098779134295227,8.546059933407326,9.866814650388458,20.643729189789124,0.5549389567147613,1.997780244173141,0.8879023307436182,1.0
CD_I1012857,Jack Ginnivan,Hawthorn,Forward Pocket,33.0,"https://s.afl.com.au/staticfile/AFL Tenant/AFL/Players/ChampIDImages/AFL/2025014/1012857.png?im=Scale,width=0.6,height=0.6",0.7269230769230769,9.45,12,13.121693121693122,4.656084656084657,9.206349206349207,22.32804232804233,14.70899470899471,1.5873015873015874,0.7407407407407408,0.0,2.857142857142857,0.8465608465608466,4.867724867724868,1.1640211640211642,3.3862433862433865,1.26984126984127,0.634920634920635,6.34920634920635,15.343915343915345,0.10582010582010583,1.1640211640211642,0.9523809523809524,0.3174603174603175,0.9523809523809524,92.80423280423281,0.10582010582010583,1.0582010582010584,7.407407407407408,377.24867724867727,4.656084656084657,1.9047619047619049,1.1640211640211642,0.10582010582010583,0.10582010582010583,0.7407407407407408,0.3174603174603175,4.973544973544974,7.195767195767196,1.26984126984127,4.444444444444445,0.0,0.0,0.634920634920635,16.613756613756614,10.878306878306878,0.0,0.7407407407407408,2.857142857142857,0.5291005291005292,1.0
CD_I990827,Jack Graham,West Coast Eagles,Half-Forward,17.0,"https://s.afl.com.au/staticfile/AFL Tenant/AFL/Players/ChampIDImages/AFL/2025014/990827.png?im=Scale,width=0.6,height=0.6",0.7550000000000001,9.06,11,11.147902869757173,2.3178807947019866,11.589403973509933,22.737306843267106,16.887417218543046,0.11037527593818984,0.44150110375275936,0.0,9.823399558498895,1.434878587196468,4.415011037527593,3.7527593818984544,3.9735099337748343,1.5452538631346577,2.3178807947019866,9.381898454746135,14.900662251655628,0.11037527593818984,0.11037527593818984,1.434878587196468,0.11037527593818984,0.5518763796909492,98.56512141280352,1.1037527593818983,2.649006622516556,5.518763796909492,317.9911699779249,4.525386313465783,2.9801324503311255,0.8830022075055187,0.0,0.0,0.11037527593818984,0.0,16.777041942604857,7.39514348785872,0.7726269315673289,6.401766004415011,0.0,0.11037527593818984,0.11037527593818984,32.89183222958057,13.818984547461369,0.11037527593818984,1.2141280353200883,0.662251655629139,0.44150110375275936,1.0
CD_I291351,Jack Gunston,Hawthorn,Forward Pocket,19.0,"https://s.afl.com.au/staticfile/AFL Tenant/AFL/Players/ChampIDImages/AFL/2025014/291351.png?im=Scale,width=0.6,height=0.6",0.6523076923076923,8.48,10,11.320754716981131,6.839622641509433,3.773584905660377,15.094339622641508,8.962264150943396,3.0660377358490565,1.7688679245283019,0.0,1.7688679245283019,0.0,2.594339622641509,0.0,2.94811320754717,0.7075471698113207,0.8254716981132075,4.834905660377358,10.25943396226415,0.7075471698113207,3.773584905660377,1.4150943396226414,0.23584905660377356,1.2971698113207546,87.5,0.0,0.0,8.372641509433961,303.3018867924528,4.009433962264151,0.4716981132075471,1.1792452830188678,0.11792452830188678,0.23584905660377356,2.830188679245283,0.7075471698113207,1.8867924528301885,6.60377358490566,2.240566037735849,3.4198113207547167,0.0,0.11792452830188678,2.594339622641509,12.028301886792452,9.98820754716981,0.0,0.23584905660377356,5.89622641509434,1.1792452830188678,1.0
CD_I1008183,Jack Henderson,Melbourne,Half-Forward,43.0,"https://s.afl.com.au/staticfile/AFL Tenant/AFL/Players/ChampIDImages/AFL/2025014/1008183.png?im=Scale,width=0.6,height=0.6",0.2941666666666667,3.5300000000000002,5,7.082152974504249,3.1161473087818696,7.082152974504249,14.164305949008497,9.915014164305948,0.56657223796034,0.56657223796034,0.0,2.8328611898016995,0.28328611898017,1.9830028328611897,1.13314447592068,2.8328611898016995,1.13314447592068,0.8498583569405098,6.5155807365439085,7.648725212464589,0.28328611898017,0.56657223796034,0.8498583569405098,0.28328611898017,0.28328611898017,58.64022662889518,0.28328611898017,0.8498583569405098,3.9660056657223794,103.11614730878186,2.8328611898016995,1.6997167138810196,1.13314447592068,0.0,0.0,0.8498583569405098,0.56657223796034,6.7988668555240785,4.53257790368272,0.8498583569405098,5.382436260623229,0.0,0.0,0.28328611898017,16.430594900849858,5.637393767705381,0.0,1.13314447592068,1.13314447592068,0.8498583569405098,1.0
CD_I1000937,Jack Henry,Geelong Cats,Full-Back,38.0,"https://s.afl.com.au/staticfile/AFL Tenant/AFL/Players/ChampIDImages/AFL/2025014/1000937.png?im=Scale,width=0.6,height=0.6",0.4675,5.61,7,13.01247771836007,9.269162210338681,2.3172905525846703,15.32976827094474,12.834224598930481,0.0,0.0,0.0,0.53475935828877,3.0303030303030303,0.53475935828877,0.0,1.7825311942959001,1.2477718360071302,0.35650623885918004,5.16934046345811,9.44741532976827,1.6042780748663101,0.0,5.16934046345811,0.0,0.0,73.79679144385027,0.0,0.0,1.7825311942959001,184.67023172905525,1.9607843137254901,8.19964349376114,0.0,0.8912655971479501,3.2085561497326203,0.0,0.0,4.27807486631016,11.22994652406417,0.0,2.3172905525846703,0.0,3.7433155080213902,0.35650623885918004,4.81283422459893,9.732620320855615,0.0,0.8912655971479501,0.0,4.991087344028521,1.0
CD_I1002227,Jack Higgins,St Kilda,Half-Forward,1.0,"https://s.afl.com.au/staticfile/AFL Tenant/AFL/Players/ChampIDImages/AFL/2025014/1002227.png?im=Scale,width=0.6,height=0.6",0.8225,9.870000000000001,12,6.382978723404254,2.6342451874366763,5.572441742654508,11.955420466058763,8.409321175278622,2.9381965552178313,0.911854103343465,0.0,3.03951367781155,0.0,1.6210739614994933,0.303951367781155,2.127659574468085,1.1144883485309016,0.7092198581560283,5.775075987841944,6.382978723404254,0.20263424518743667,2.127659574468085,0.911854103343465,0.10131712259371833,0.911854103343465,67.88247213779128,0.10131712259371833,0.20263424518743667,7.092198581560283,185.2077001013171,2.2289766970618032,1.0131712259371832,1.7223910840932115,0.0,0.0,1.519756838905775,0.303951367781155,2.532928064842958,4.25531914893617,2.6342451874366763,4.356636271529888,0.0,0.10131712259371833,0.7092198581560283,15.298885511651468,12.350557244174265,0.0,0.60790273556231,4.4579533941236065,0.5065856129685916,1.0
CD_I1036098,Jack Hutchinson,West Coast Eagles,"Ruck-Rover, Wing",44.0,"https://s.afl.com.au/staticfile/AFL Tenant/AFL/Players/ChampIDImages/AFL/2025014/1036098.png?im=Scale,width=0.6,height=0.6",0.5825,6.99,9,8.869814020028612,4.86409155937053,7.725321888412017,16.59513590844063,10.157367668097281,0.0,0.4291845493562232,0.0,4.721030042918454,1.7167381974248928,2.8612303290414878,2.1459227467811157,3.8626609442060085,0.8583690987124464,1.0014306151645207,6.5808297567954215,10.729613733905579,0.14306151645207438,0.0,2.575107296137339,0.5722460658082975,0.28612303290414876,73.81974248927038,0.8583690987124464,1.2875536480686696,3.8626609442060085,309.15593705293276,3.4334763948497855,1.5736766809728182,0.28612303290414876,0.0,0.28612303290414876,0.14306151645207438,0.0,10.157367668097281,4.86409155937053,0.28612303290414876,4.57796852646638,0.0,0.28612303290414876,0.28612303290414876,18.31187410586552,6.237482117310443,0.0,0.8583690987124464,1.0014306151645207,1.859799713876967,1.0
CD_I1004095,Jack Lukosius,Port Adelaide,Forward Pocket,12.0,"https://s.afl.com.au/staticfile/AFL Tenant/AFL/Players/ChampIDImages/AFL/2025014/1004095.png?im=Scale,width=0.6,height=0.6",0.08,0.8800000000000001,2,9.09090909090909,4.545454545454545,3.4090909090909087,12.499999999999998,9.09090909090909,1.1363636363636362,0.0,0.0,1.1363636363636362,0.0,3.4090909090909087,0.0,4.545454545454545,0.0,2.2727272727272725,3.4090909090909087,7.954545454545453,0.0,0.0,0.0,0.0,0.0,52.272727272727266,0.0,0.0,2.2727272727272725,319.31818181818176,4.545454545454545,1.1363636363636362,1.1363636363636362,0.0,0.0,3.4090909090909087,1.1363636363636362,3.4090909090909087,6.8181818181818175,0.0,3.4090909090909087,0.0,0.0,0.0,9.09090909090909,9.886363636363635,0.0,0.0,1.1363636363636362,0.0,1.0
CD_I295467,Jack Macrae,St Kilda,Ruck-Rover,6.0,"https://s.afl.com.au/staticfile/AFL Tenant/AFL/Players/ChampIDImages/AFL/2025014/295467.png?im=Scale,width=0.6,height=0.6",0.6933333333333334,8.32,10,15.504807692307692,4.086538461538462,17.908653846153847,33.41346153846154,22.95673076923077,0.0,0.3605769230769231,0.0,6.490384615384615,1.8028846153846154,5.168269230769231,10.096153846153845,5.168269230769231,2.1634615384615383,1.2019230769230769,18.14903846153846,15.985576923076923,0.0,0.0,2.2836538461538463,0.12019230769230768,0.4807692307692307,119.47115384615384,3.485576923076923,6.6105769230769225,7.9326923076923075,390.02403846153845,5.288461538461538,3.605769230769231,0.8413461538461539,0.0,0.12019230769230768,0.24038461538461536,0.12019230769230768,9.254807692307692,8.533653846153847,1.8028846153846154,12.139423076923077,0.0,0.0,0.3605769230769231,19.350961538461537,17.548076923076923,0.0,2.1634615384615383,0.4807692307692307,0.24038461538461536,1.0
CD_I1002347,Jack Payne,Brisbane Lions,Full-Back,40.0,"https://s.afl.com.au/staticfile/AFL Tenant/AFL/Players/ChampIDImages/AFL/2025014/1002347.png?im=Scale,width=0.6,height=0.6",0.85,10.2,11,9.411764705882353,6.666666666666667,3.5294117647058827,12.941176470588236,10.588235294117649,0.0,0.0,0.0,1.3725490196078431,3.03921568627451,0.9803921568627452,0.09803921568627452,1.6666666666666667,0.3921568627450981,0.3921568627450981,3.7254901960784315,8.92156862745098,0.8823529411764707,0.0,7.450980392156863,0.0,0.09803921568627452,60.00000000000001,0.0,0.09803921568627452,2.3529411764705883,195.0,1.2745098039215688,6.862745098039216,0.0,0.3921568627450981,3.235294117647059,0.0,0.0,4.019607843137255,7.9411764705882355,0.0,2.2549019607843137,0.0,3.3333333333333335,0.09803921568627452,4.705882352941177,8.509803921568627,0.0,1.2745098039215688,0.0,6.764705882352942,1.0
CD_I1006550,Jack Petruccelle,West Coast Eagles,Interchange,21.0,"https://s.afl.com.au/staticfile/AFL Tenant/AFL/Players/ChampIDImages/AFL/2025014/1006550.png?im=Scale,width=0.6,height=0.6",0.023333333333333334,0.28,1,7.142857142857142,7.142857142857142,3.571428571428571,10.714285714285714,7.142857142857142,3.571428571428571,0.0,0.0,3.571428571428571,0.0,0.0,0.0,7.142857142857142,0.0,3.571428571428571,0.0,10.714285714285714,0.0,3.571428571428571,3.571428571428571,0.0,0.0,74.99999999999999,0.0,0.0,3.571428571428571,289.2857142857143,7.142857142857142,0.0,0.0,0.0,0.0,3.571428571428571,0.0,3.571428571428571,3.571428571428571,0.0,0.0,0.0,0.0,0.0,10.714285714285714,14.64285714285714,0.0,0.0,3.571428571428571,3.571428571428571,1.0
CD_I1006133,Jack Ross,Richmond,Centre Half-Forward,5.0,"https://s.afl.com.au/staticfile/AFL Tenant/AFL/Players/ChampIDImages/AFL/2025014/1006133.png?im=Scale,width=0.6,height=0.6",0.7983333333333333,9.58,12,10.647181628392484,6.15866388308977,12.108559498956158,22.755741127348642,16.805845511482254,0.31315240083507306,0.4175365344467641,0.0,3.757828810020877,1.1482254697286012,5.845511482254698,2.7139874739039667,3.3402922755741127,0.4175365344467641,1.2526096033402923,7.411273486430063,15.762004175365345,0.10438413361169102,0.31315240083507306,1.1482254697286012,0.6263048016701461,1.0438413361169103,88.62212943632568,0.5219206680584552,2.1920668058455113,6.576200417536534,401.98329853862214,3.3402922755741127,2.0876826722338206,0.4175365344467641,0.0,0.0,0.10438413361169102,0.0,8.24634655532359,7.411273486430063,0.5219206680584552,5.532359081419624,0.0,0.4175365344467641,0.4175365344467641,19.41544885177453,10.939457202505219,0.0,1.0438413361169103,1.0438413361169103,0.31315240083507306,1.0
CD_I998114,Jack Scrimshaw,Hawthorn,Half-Back,14.0,"https://s.afl.com.au/staticfile/AFL Tenant/AFL/Players/ChampIDImages/AFL/2025014/998114.png?im=Scale,width=0.6,height=0.6",0.34461538461538466,4.48,7,10.937499999999998,6.473214285714285,8.035714285714285,18.973214285714285,16.07142857142857,0.0,0.0,0.0,3.1249999999999996,3.3482142857142856,0.4464285714285714,0.2232142857142857,1.1160714285714284,0.8928571428571428,0.6696428571428571,5.357142857142857,12.276785714285714,0.8928571428571428,0.0,2.901785714285714,1.1160714285714284,0.0,79.68749999999999,0.0,0.2232142857142857,4.017857142857142,255.80357142857142,1.7857142857142856,7.142857142857142,0.0,0.4464285714285714,1.3392857142857142,0.0,0.0,7.812499999999999,9.151785714285714,0.0,3.571428571428571,0.0,2.2321428571428568,0.0,11.383928571428571,12.544642857142856,0.0,1.7857142857142856,0.0,1.7857142857142856,1.0
CD_I1001028,Jack Silvagni,Carlton,Back-Pocket,1.0,"https://s.afl.com.au/staticfile/AFL Tenant/AFL/Players/ChampIDImages/AFL/2025014/1001028.png?im=Scale,width=0.6,height=0.6",0.6963636363636363,7.659999999999999,9,12.924281984334204,7.702349869451698,3.3942558746736298,16.318537859007833,12.663185378590079,0.26109660574412535,0.5221932114882507,0.0,3.3942558746736298,3.2637075718015667,1.8276762402088775,0.13054830287206268,2.088772845953003,1.174934725848564,0.6527415143603134,5.613577023498695,10.052219321148826,1.566579634464752,0.391644908616188,6.657963446475197,0.13054830287206268,0.26109660574412535,83.55091383812011,0.0,0.13054830287206268,4.308093994778068,291.51436031331593,2.741514360313316,7.1801566579634475,0.6527415143603134,0.26109660574412535,2.8720626631853787,0.391644908616188,0.0,7.049608355091385,9.530026109660575,0.26109660574412535,2.8720626631853787,0.0,2.741514360313316,0.13054830287206268,10.574412532637076,12.597911227154048,0.13054830287206268,1.566579634464752,0.783289817232376,6.005221932114883,1.0
CD_I994389,Jack Sinclair,St Kilda,"Centre, Half-Back",35.0,"https://s.afl.com.au/staticfile/AFL Tenant/AFL/Players/ChampIDImages/AFL/2025014/994389.png?im=Scale,width=0.6,height=0.6",0.84,10.08,12,23.115079365079364,5.654761904761905,9.126984126984127,32.242063492063494,25.297619047619047,0.6944444444444444,0.0992063492063492,0.0,3.2738095238095237,5.257936507936508,4.662698412698413,3.0753968253968256,2.6785714285714284,1.2896825396825398,0.1984126984126984,8.333333333333334,17.16269841269841,0.0992063492063492,0.1984126984126984,2.4801587301587302,0.5952380952380952,0.7936507936507936,122.61904761904762,0.5952380952380952,2.4801587301587302,6.5476190476190474,594.1468253968254,4.067460317460317,5.753968253968254,0.2976190476190476,0.0,0.0992063492063492,0.0,0.0,11.607142857142858,16.964285714285715,1.0912698412698412,6.646825396825397,0.0,0.8928571428571429,0.1984126984126984,18.452380952380953,18.908730158730158,0.0,2.0833333333333335,0.8928571428571429,1.5873015873015872,1.0
CD_I296205,Jack Steele,St Kilda,Rover,9.0,"https://s.afl.com.au/staticfile/AFL Tenant/AFL/Players/ChampIDImages/AFL/2025014/296205.png?im=Scale,width=0.6,height=0.6",0.66,7.92,11,11.868686868686869,5.05050505050505,15.90909090909091,27.77777777777778,21.085858585858585,0.25252525252525254,0.12626262626262627,0.0,9.974747474747474,1.2626262626262625,4.040404040404041,6.565656565656566,2.0202020202020203,2.1464646464646466,0.6313131313131313,12.121212121212121,15.656565656565657,0.0,0.3787878787878788,1.1363636363636365,0.12626262626262627,0.3787878787878788,124.36868686868686,1.5151515151515151,5.05050505050505,5.429292929292929,317.67676767676767,2.6515151515151514,3.0303030303030303,1.2626262626262625,0.0,0.0,0.12626262626262627,0.0,14.52020202020202,7.44949494949495,0.8838383838383839,9.090909090909092,0.0,0.25252525252525254,0.12626262626262627,27.525252525252526,15.378787878787879,0.0,1.5151515151515151,0.5050505050505051,0.12626262626262627,1.0
CD_I291902,Jack Viney,Melbourne,Centre,7.0,"https://s.afl.com.au/staticfile/AFL Tenant/AFL/Players/ChampIDImages/AFL/2025014/291902.png?im=Scale,width=0.6,height=0.6",0.5316666666666666,6.38,8,13.636363636363637,2.664576802507837,13.16614420062696,26.802507836990596,16.927899686520377,0.31347962382445144,0.31347962382445144,0.0,7.6802507836990594,1.7241379310344829,4.858934169278997,4.231974921630094,6.739811912225705,2.0376175548589344,1.8808777429467085,10.344827586206897,17.398119122257054,0.0,0.15673981191222572,1.7241379310344829,0.0,0.9404388714733543,104.54545454545455,2.0376175548589344,2.19435736677116,5.172413793103448,444.20062695924764,7.366771159874609,2.5078369905956115,2.664576802507837,0.0,0.0,0.15673981191222572,0.0,9.247648902821316,6.739811912225705,1.2539184952978057,6.739811912225705,0.0,0.31347962382445144,0.0,25.54858934169279,10.72100313479624,0.0,1.567398119122257,1.09717868338558,0.4702194357366771,1.0
CD_I1020371,Jack Williams,West Coast Eagles,"Centre Half-Forward, Full-Forward, Forward Pocket, Forward Pocket",34.0,"https://s.afl.com.au/staticfile/AFL Tenant/AFL/Players/ChampIDImages/AFL/2025014/1020371.png?im=Scale,width=0.6,height=0.6",0.425,5.1,7,6.862745098039216,4.509803921568627,5.490196078431373,12.352941176470589,7.843137254901961,1.9607843137254903,0.7843137254901962,7.058823529411765,2.9411764705882355,0.5882352941176471,1.5686274509803924,0.7843137254901962,3.7254901960784315,0.3921568627450981,1.5686274509803924,6.274509803921569,6.274509803921569,1.1764705882352942,1.9607843137254903,1.5686274509803924,0.0,0.5882352941176471,72.15686274509804,0.19607843137254904,0.5882352941176471,5.098039215686275,182.54901960784315,3.5294117647058827,0.7843137254901962,1.1764705882352942,0.0,0.0,2.7450980392156863,0.5882352941176471,1.3725490196078431,3.9215686274509807,1.5686274509803924,4.313725490196079,1.7647058823529413,0.19607843137254904,1.5686274509803924,6.862745098039216,9.098039215686276,17.450980392156865,0.7843137254901962,2.9411764705882355,1.3725490196078431,1.0
CD_I1020968,Jackson Archer,North Melbourne,Back-Pocket,34.0,"https://s.afl.com.au/staticfile/AFL Tenant/AFL/Players/ChampIDImages/AFL/2025014/1020968.png?im=Scale,width=0.6,height=0.6",0.17181818181818181,1.89,3,6.878306878306879,1.5873015873015874,5.8201058201058204,12.6984126984127,10.582010582010582,0.0,0.0,0.0,1.5873015873015874,2.6455026455026456,1.0582010582010584,0.0,1.0582010582010584,1.0582010582010584,0.5291005291005292,3.174603174603175,9.523809523809524,0.0,0.0,2.1164021164021167,0.0,0.0,42.85714285714286,0.0,0.0,2.6455026455026456,143.91534391534393,1.5873015873015874,5.291005291005291,0.0,0.0,0.0,0.0,0.0,5.8201058201058204,5.291005291005291,0.0,2.6455026455026456,0.0,1.0582010582010584,0.0,7.936507936507937,6.666666666666668,0.0,1.5873015873015874,0.0,1.5873015873015874,1.0
CD_I1005326,Jackson Mead,Port Adelaide,"Centre Half-Forward, Wing",44.0,"https://s.afl.com.au/staticfile/AFL Tenant/AFL/Players/ChampIDImages/AFL/2025014/1005326.png?im=Scale,width=0.6,height=0.6",0.8200000000000001,9.02,11,8.2039911308204,3.8802660753880267,9.75609756097561,17.96008869179601,13.85809312638581,0.22172949002217296,0.11086474501108648,0.0,3.1042128603104215,1.2195121951219512,2.106430155210643,1.7738359201773837,2.106430155210643,0.33259423503325947,0.7760532150776054,4.434589800443459,13.52549889135255,0.0,0.0,1.1086474501108647,0.11086474501108648,0.6651884700665189,67.62749445676275,0.6651884700665189,1.1086474501108647,3.991130820399113,223.1707317073171,2.8824833702882486,2.328159645232816,0.6651884700665189,0.0,0.11086474501108648,0.11086474501108648,0.0,9.42350332594235,5.3215077605321515,0.4434589800443459,3.5476718403547673,0.0,0.5543237250554324,0.11086474501108648,19.623059866962308,10.110864745011087,0.0,1.1086474501108647,0.33259423503325947,0.6651884700665189,1.0
CD_I1021152,Jacob Bauer,Richmond,Forward Pocket,43.0,"https://s.afl.com.au/staticfile/AFL Tenant/AFL/Players/ChampIDImages/AFL/2025014/1021152.png?im=Scale,width=0.6,height=0.6",0.24583333333333332,2.95,5,5.423728813559322,3.7288135593220337,3.389830508474576,8.813559322033898,5.423728813559322,1.0169491525423728,1.0169491525423728,0.3389830508474576,1.3559322033898304,0.0,1.3559322033898304,0.3389830508474576,2.3728813559322033,1.0169491525423728,0.6779661016949152,2.3728813559322033,6.101694915254237,0.3389830508474576,2.711864406779661,1.3559322033898304,0.0,0.0,46.101694915254235,0.3389830508474576,0.0,3.0508474576271185,158.3050847457627,3.0508474576271185,0.6779661016949152,0.6779661016949152,0.0,0.0,1.0169491525423728,0.0,2.3728813559322033,2.3728813559322033,0.6779661016949152,1.3559322033898304,0.0,0.0,1.0169491525423728,9.152542372881355,3.389830508474576,3.389830508474576,0.0,3.0508474576271185,1.3559322033898304,1.0
CD_I1013229,Jacob Blight,Richmond,"Back-Pocket, Full-Back",46.0,"https://s.afl.com.au/staticfile/AFL Tenant/AFL/Players/ChampIDImages/AFL/2025014/1013229.png?im=Scale,width=0.6,height=0.6",0.33666666666666667,4.04,5,7.673267326732673,6.930693069306931,5.445544554455446,13.118811881188119,9.900990099009901,0.7425742574257426,0.24752475247524752,4.702970297029703,1.4851485148514851,1.4851485148514851,0.49504950495049505,1.2376237623762376,2.227722772277228,0.9900990099009901,0.0,6.188118811881188,7.673267326732673,2.227722772277228,1.2376237623762376,3.9603960396039604,0.0,0.0,71.03960396039604,0.7425742574257426,0.49504950495049505,1.7326732673267327,150.990099009901,2.722772277227723,3.4653465346534653,0.49504950495049505,0.24752475247524752,0.9900990099009901,0.9900990099009901,0.49504950495049505,4.455445544554456,5.9405940594059405,0.0,2.4752475247524752,0.24752475247524752,2.227722772277228,0.9900990099009901,8.168316831683168,9.232673267326732,16.336633663366335,0.49504950495049505,1.2376237623762376,3.712871287128713,1.0
CD_I993903,Jacob Hopper,Richmond,Rover,2.0,"https://s.afl.com.au/staticfile/AFL Tenant/AFL/Players/ChampIDImages/AFL/2025014/993903.png?im=Scale,width=0.6,height=0.6",0.8008333333333333,9.61,12,13.631633714880333,3.6420395421436007,19.35483870967742,32.98647242455775,22.788761706555672,0.20811654526534862,0.41623309053069724,0.0,4.162330905306972,1.664932362122789,4.890738813735692,7.908428720083247,4.682622268470344,1.352757544224766,1.7689906347554631,15.088449531737774,18.83454734651405,0.10405827263267431,0.20811654526534862,0.7284079084287202,0.41623309053069724,0.41623309053069724,104.8907388137357,3.6420395421436007,4.266389177939646,5.931321540062435,384.1831425598335,4.370447450572321,1.9771071800208118,0.41623309053069724,0.0,0.0,0.0,0.0,6.659729448491156,7.700312174817898,1.1446409989594173,9.88553590010406,0.0,0.10405827263267431,0.10405827263267431,15.608740894901146,14.099895941727368,0.0,1.7689906347554631,0.8324661810613945,0.10405827263267431,1.0
CD_I1023530,Jacob Konstanty,North Melbourne,Interchange,41.0,"https://s.afl.com.au/staticfile/AFL Tenant/AFL/Players/ChampIDImages/AFL/2025014/1023530.png?im=Scale,width=0.6,height=0.6",0.6363636363636364,7.0,11,6.714285714285714,2.5714285714285716,6.428571428571429,13.142857142857142,8.285714285714286,1.1428571428571428,0.7142857142857143,0.0,4.428571428571429,0.14285714285714285,1.5714285714285714,0.5714285714285714,3.4285714285714284,1.2857142857142858,1.4285714285714286,6.0,7.142857142857143,0.2857142857142857,1.2857142857142858,1.4285714285714286,0.0,0.8571428571428571,63.0,0.14285714285714285,0.42857142857142855,4.428571428571429,163.0,3.0,1.2857142857142858,1.2857142857142858,0.0,0.0,0.7142857142857143,0.2857142857142857,7.285714285714286,3.857142857142857,1.7142857142857142,3.7142857142857144,0.0,0.2857142857142857,0.5714285714285714,19.571428571428573,8.128571428571428,0.0,0.2857142857142857,2.2857142857142856,0.2857142857142857,1.0
CD_I1004530,Jacob Wehr,GWS GIANTS,Wing,10.0,"https://s.afl.com.au/staticfile/AFL Tenant/AFL/Players/ChampIDImages/AFL/2025014/1004530.png?im=Scale,width=0.6,height=0.6",0.6741666666666667,8.09,11,11.742892459826948,3.4610630407911,8.15822002472188,19.901112484548825,14.709517923362176,0.3708281829419036,0.12360939431396786,0.0,3.584672435105068,4.07911001236094,1.9777503090234858,1.4833127317676145,2.719406674907293,1.6069221260815822,0.865265760197775,6.6749072929542645,12.978986402966626,0.0,0.12360939431396786,1.73053152039555,0.0,0.0,77.62669962917182,0.12360939431396786,1.3597033374536465,3.0902348578491967,402.8430160692213,4.326328800988875,4.697156983930779,0.0,0.0,0.3708281829419036,0.0,0.0,10.754017305315204,8.034610630407911,0.6180469715698393,4.944375772558715,0.0,0.3708281829419036,0.0,16.069221260815823,9.072929542645243,0.0,0.7416563658838072,0.6180469715698393,1.2360939431396787,1.0
CD_I993832,Jacob Weitering,Carlton,Full-Back,23.0,"https://s.afl.com.au/staticfile/AFL Tenant/AFL/Players/ChampIDImages/AFL/2025014/993832.png?im=Scale,width=0.6,height=0.6",0.9572727272727273,10.53,11,12.155745489078823,7.88224121557455,3.2288698955365622,15.384615384615385,13.010446343779678,0.0,0.0,0.0949667616334283,1.0446343779677114,3.323836657169991,0.6647673314339981,0.1899335232668566,1.7094017094017095,1.1396011396011396,0.9496676163342831,5.7929724596391265,9.49667616334283,1.7094017094017095,0.0,6.362773029439697,0.0949667616334283,0.0,69.13580246913581,0.0,0.1899335232668566,1.8043684710351378,218.23361823361824,1.7094017094017095,7.597340930674265,0.0,0.1899335232668566,2.3741690408357075,0.0949667616334283,0.0949667616334283,3.6087369420702755,10.0664767331434,0.0,3.038936372269706,0.0,3.133903133903134,0.2849002849002849,4.368471035137702,10.484330484330485,0.0949667616334283,0.9496676163342831,0.0,5.413105413105414,1.0
CD_I1017720,Jacob van Rooyen,Melbourne,Full-Forward,2.0,"https://s.afl.com.au/staticfile/AFL Tenant/AFL/Players/ChampIDImages/AFL/2025014/1017720.png?im=Scale,width=0.6,height=0.6",0.38999999999999996,4.68,6,3.8461538461538463,1.7094017094017095,6.623931623931624,10.47008547008547,8.333333333333334,0.8547008547008548,0.6410256410256411,5.128205128205129,3.632478632478633,0.0,1.4957264957264957,1.0683760683760684,1.9230769230769231,1.2820512820512822,1.2820512820512822,5.982905982905983,4.914529914529915,0.4273504273504274,0.6410256410256411,3.418803418803419,0.0,0.4273504273504274,52.77777777777778,0.0,1.0683760683760684,3.418803418803419,112.60683760683762,2.9914529914529915,1.0683760683760684,1.0683760683760684,0.0,0.0,4.273504273504273,0.4273504273504274,4.914529914529915,2.3504273504273505,1.4957264957264957,2.9914529914529915,1.9230769230769231,0.0,0.4273504273504274,12.393162393162394,8.61111111111111,14.743589743589745,0.4273504273504274,1.7094017094017095,2.3504273504273505,1.0
CD_I298421,Jade Gresham,Essendon,Half-Forward,11.0,"https://s.afl.com.au/staticfile/AFL Tenant/AFL/Players/ChampIDImages/AFL/2025014/298421.png?im=Scale,width=0.6,height=0.6",0.5954545454545455,6.55,9,8.244274809160306,3.969465648854962,9.618320610687023,17.862595419847327,12.82442748091603,0.7633587786259542,0.6106870229007634,0.0,3.816793893129771,0.3053435114503817,2.4427480916030535,1.83206106870229,1.3740458015267176,0.916030534351145,0.6106870229007634,6.7175572519083975,10.534351145038169,0.0,1.0687022900763359,0.916030534351145,0.7633587786259542,0.6106870229007634,75.41984732824427,0.0,1.83206106870229,5.801526717557252,176.6412213740458,2.4427480916030535,1.6793893129770994,1.0687022900763359,0.0,0.0,1.0687022900763359,0.15267175572519084,3.3587786259541987,4.580152671755726,1.984732824427481,5.801526717557252,0.0,0.0,0.4580152671755725,13.740458015267176,11.114503816793894,0.0,1.6793893129770994,1.83206106870229,0.6106870229007634,1.0
CD_I294613,Jaeger O'Meara,Fremantle,Centre,2.0,"https://s.afl.com.au/staticfile/AFL Tenant/AFL/Players/ChampIDImages/AFL/2025014/294613.png?im=Scale,width=0.6,height=0.6",0.3141666666666667,3.7700000000000005,5,10.875331564986736,4.509283819628647,19.36339522546419,30.238726790450926,22.811671087533153,0.0,0.2652519893899204,0.0,4.244031830238726,1.326259946949602,3.4482758620689653,5.835543766578248,5.570291777188328,1.0610079575596816,2.652519893899204,12.732095490716178,18.567639257294427,0.0,0.0,1.0610079575596816,0.7957559681697611,0.2652519893899204,95.22546419098143,1.326259946949602,4.509283819628647,6.100795755968169,336.604774535809,4.774535809018567,3.4482758620689653,0.5305039787798408,0.2652519893899204,0.5305039787798408,0.0,0.0,11.671087533156497,6.896551724137931,0.7957559681697611,8.488063660477453,0.0,0.2652519893899204,0.0,19.098143236074268,14.694960212201591,0.0,1.8567639257294428,0.2652519893899204,0.7957559681697611,1.0
CD_I1020895,Jai Newcombe,Hawthorn,Ruck-Rover,3.0,"https://s.afl.com.au/staticfile/AFL Tenant/AFL/Players/ChampIDImages/AFL/2025014/1020895.png?im=Scale,width=0.6,height=0.6",0.8099999999999999,10.53,13,14.62488129154796,4.938271604938272,15.479582146248815,30.104463437796774,21.74738841405508,0.5698005698005698,0.47483380816714155,0.0,7.027540360873695,1.234567901234568,4.748338081671415,7.6923076923076925,4.653371320037987,2.8490028490028494,1.8043684710351378,14.150047483380817,16.619183285849953,0.2849002849002849,0.47483380816714155,1.1396011396011396,0.6647673314339981,0.5698005698005698,119.0883190883191,3.5137701804368473,4.178537511870846,8.736942070275404,443.9696106362773,4.273504273504273,2.9439696106362776,0.7597340930674265,0.0,0.0,0.3798670465337132,0.1899335232668566,14.245014245014247,8.262108262108262,0.9496676163342831,8.262108262108262,0.0,0.7597340930674265,0.1899335232668566,25.1661918328585,17.81576448243115,0.0,2.5641025641025643,1.4245014245014247,0.2849002849002849,1.0
CD_I1012825,Jake Bowey,Melbourne,Back-Pocket,17.0,"https://s.afl.com.au/staticfile/AFL Tenant/AFL/Players/ChampIDImages/AFL/2025014/1012825.png?im=Scale,width=0.6,height=0.6",0.8075,9.690000000000001,12,19.81424148606811,7.120743034055726,8.359133126934983,28.17337461300309,23.11661506707946,0.20639834881320945,0.0,0.0,3.095975232198142,4.127966976264189,2.373581011351909,2.0639834881320946,2.9927760577915374,1.547987616099071,0.8255933952528378,8.359133126934983,18.266253869969038,0.10319917440660473,0.0,1.547987616099071,0.5159958720330237,0.10319917440660473,110.21671826625385,0.9287925696594426,1.135190918472652,4.231166150670794,535.0877192982456,4.643962848297213,7.63673890608875,0.10319917440660473,0.10319917440660473,0.4127966976264189,0.0,0.0,12.280701754385964,15.892672858617129,0.20639834881320945,6.811145510835912,0.0,1.135190918472652,0.20639834881320945,16.615067079463362,13.353973168214653,0.0,1.96078431372549,0.20639834881320945,1.135190918472652,1.0
CD_I298281,Jake Lever,Melbourne,Centre Half-Back,8.0,"https://s.afl.com.au/staticfile/AFL Tenant/AFL/Players/ChampIDImages/AFL/2025014/298281.png?im=Scale,width=0.6,height=0.6",0.29583333333333334,3.55,4,8.732394366197184,5.915492957746479,6.19718309859155,14.929577464788734,13.521126760563382,0.0,0.0,0.0,2.2535211267605635,2.535211267605634,0.5633802816901409,0.0,2.2535211267605635,0.8450704225352114,1.4084507042253522,3.943661971830986,10.704225352112676,0.0,0.0,4.225352112676057,0.0,0.28169014084507044,61.971830985915496,0.0,0.0,1.4084507042253522,170.70422535211267,2.2535211267605635,8.450704225352114,0.0,0.5633802816901409,1.971830985915493,0.0,0.0,8.169014084507042,7.605633802816902,0.0,2.535211267605634,0.0,2.8169014084507045,0.0,10.140845070422536,9.126760563380282,0.0,0.8450704225352114,0.0,3.6619718309859155,1.0
CD_I295342,Jake Lloyd,Sydney Swans,"Wing, Wing",44.0,"https://s.afl.com.au/staticfile/AFL Tenant/AFL/Players/ChampIDImages/AFL/2025014/295342.png?im=Scale,width=0.6,height=0.6",0.8783333333333334,10.540000000000001,12,14.516129032258064,7.77988614800759,8.538899430740036,23.055028462998102,16.888045540796963,0.09487666034155597,0.5692599620493358,0.0,2.2770398481973433,2.846299810246679,2.656546489563567,1.4231499051233396,3.036053130929791,0.6641366223908918,0.7590132827324477,5.597722960151803,16.888045540796963,0.0,0.2846299810246679,1.8026565464895634,0.18975332068311193,0.2846299810246679,92.59962049335863,0.37950664136622386,1.0436432637571156,3.7001897533206827,382.54269449715366,4.269449715370018,4.0796963946869065,0.18975332068311193,0.09487666034155597,0.37950664136622386,0.18975332068311193,0.0,6.641366223908918,9.772296015180265,0.09487666034155597,4.174573055028462,0.0,0.7590132827324477,0.0,12.7134724857685,6.98292220113852,0.0,0.6641366223908918,0.8538899430740037,1.1385199240986716,1.0
CD_I280824,Jake Melksham,Melbourne,Forward Pocket,18.0,"https://s.afl.com.au/staticfile/AFL Tenant/AFL/Players/ChampIDImages/AFL/2025014/280824.png?im=Scale,width=0.6,height=0.6",0.51,6.12,8,9.640522875816993,4.411764705882353,3.104575163398693,12.745098039215685,8.49673202614379,1.6339869281045751,1.4705882352941175,0.0,2.6143790849673203,0.0,4.57516339869281,0.49019607843137253,2.450980392156863,2.1241830065359477,1.3071895424836601,5.555555555555555,6.699346405228758,1.1437908496732025,1.3071895424836601,1.4705882352941175,0.32679738562091504,1.3071895424836601,68.30065359477123,0.0,0.49019607843137253,7.352941176470588,311.60130718954247,2.941176470588235,0.16339869281045752,1.6339869281045751,0.0,0.0,3.4313725490196076,1.1437908496732025,0.8169934640522876,6.209150326797386,1.4705882352941175,2.450980392156863,0.0,0.0,1.3071895424836601,11.76470588235294,12.205882352941178,0.0,0.49019607843137253,3.2679738562091503,0.9803921568627451,1.0
CD_I1008123,Jake Riccardi,GWS GIANTS,"Centre Half-Forward, Full-Forward",26.0,"https://s.afl.com.au/staticfile/AFL Tenant/AFL/Players/ChampIDImages/AFL/2025014/1008123.png?im=Scale,width=0.6,height=0.6",0.45249999999999996,5.43,8,11.049723756906078,6.261510128913444,7.918968692449356,18.968692449355434,13.627992633517495,2.0257826887661143,0.3683241252302026,10.128913443830571,4.051565377532229,0.5524861878453039,3.683241252302026,2.2099447513812156,4.6040515653775325,0.9208103130755065,2.2099447513812156,7.182320441988951,11.786372007366483,1.289134438305709,1.841620626151013,1.6574585635359116,0.0,0.9208103130755065,100.9208103130755,0.9208103130755065,1.289134438305709,8.655616942909761,268.1399631675875,3.683241252302026,1.841620626151013,0.9208103130755065,0.0,0.0,1.6574585635359116,0.3683241252302026,5.156537753222836,7.182320441988951,1.289134438305709,3.499079189686925,2.2099447513812156,0.3683241252302026,1.6574585635359116,14.917127071823206,12.41252302025783,34.06998158379374,2.0257826887661143,3.130755064456722,0.5524861878453039,1.0
CD_I1018123,Jake Rogers,Gold Coast SUNS,Interchange,29.0,"https://s.afl.com.au/staticfile/AFL Tenant/AFL/Players/ChampIDImages/AFL/2025014/1018123.png?im=Scale,width=0.6,height=0.6",0.3709090909090909,4.08,8,7.598039215686274,2.2058823529411766,6.862745098039215,14.46078431372549,9.558823529411764,0.9803921568627451,0.49019607843137253,0.0,2.2058823529411766,0.0,2.941176470588235,0.24509803921568626,2.6960784313725488,0.7352941176470588,1.2254901960784315,6.127450980392156,9.313725490196079,0.0,0.49019607843137253,0.49019607843137253,0.24509803921568626,0.7352941176470588,55.3921568627451,0.0,0.24509803921568626,6.372549019607843,232.1078431372549,2.941176470588235,1.2254901960784315,0.24509803921568626,0.0,0.0,0.24509803921568626,0.0,4.166666666666667,4.901960784313726,1.9607843137254901,4.411764705882353,0.0,0.0,0.7352941176470588,14.705882352941176,9.068627450980392,0.0,0.49019607843137253,1.4705882352941175,0.0,1.0
CD_I1017109,Jake Soligo,Adelaide Crows,Ruck-Rover,14.0,"https://s.afl.com.au/staticfile/AFL Tenant/AFL/Players/ChampIDImages/AFL/2025014/1017109.png?im=Scale,width=0.6,height=0.6",0.7725000000000001,9.27,12,16.828478964401295,3.667745415318231,11.003236245954692,27.831715210355988,18.12297734627832,0.8629989212513485,0.3236245954692557,0.0,5.501618122977346,1.6181229773462784,5.501618122977346,5.717367853290184,5.070118662351672,2.157497303128371,1.5102481121898599,12.513484358144552,15.426105717367854,0.0,0.21574973031283712,1.0787486515641855,0.3236245954692557,0.5393743257820928,108.6299892125135,2.157497303128371,3.5598705501618126,7.551240560949299,481.98489751887814,5.93311758360302,3.5598705501618126,0.6472491909385114,0.10787486515641856,0.10787486515641856,0.21574973031283712,0.0,12.297734627831716,9.81661272923409,0.7551240560949299,8.629989212513484,0.0,0.3236245954692557,0.43149946062567424,23.624595469255663,15.393743257820928,0.0,1.725997842502697,1.5102481121898599,0.43149946062567424,1.0
CD_I293884,Jake Stringer,GWS GIANTS,Centre Half-Forward,20.0,"https://s.afl.com.au/staticfile/AFL Tenant/AFL/Players/ChampIDImages/AFL/2025014/293884.png?im=Scale,width=0.6,height=0.6",0.42250000000000004,5.07,7,9.072978303747535,3.1558185404339247,3.944773175542406,13.01775147928994,6.70611439842209,1.5779092702169624,2.564102564102564,0.0,1.972386587771203,0.1972386587771203,2.564102564102564,1.1834319526627217,2.7613412228796843,0.9861932938856015,1.1834319526627217,5.719921104536489,7.297830374753452,0.0,1.5779092702169624,0.7889546351084812,0.0,0.3944773175542406,61.932938856015774,0.1972386587771203,0.9861932938856015,7.495069033530571,320.1183431952663,1.972386587771203,0.7889546351084812,1.3806706114398422,0.0,0.0,1.3806706114398422,0.1972386587771203,2.3668639053254434,4.1420118343195265,3.353057199211045,4.733727810650887,0.0,0.1972386587771203,0.7889546351084812,14.201183431952662,6.745562130177515,0.1972386587771203,0.7889546351084812,4.733727810650887,0.5917159763313609,1.0
CD_I996554,Jake Waterman,West Coast Eagles,Centre Half-Forward,2.0,"https://s.afl.com.au/staticfile/AFL Tenant/AFL/Players/ChampIDImages/AFL/2025014/996554.png?im=Scale,width=0.6,height=0.6",0.5575,6.69,8,8.520179372197308,7.324364723467862,3.5874439461883405,12.107623318385649,9.267563527653213,2.5411061285500747,1.3452914798206277,0.0,0.7473841554559043,0.14947683109118085,2.3916292974588935,0.0,1.4947683109118086,0.7473841554559043,0.7473841554559043,2.6905829596412554,9.865470852017937,0.7473841554559043,2.840059790732436,0.44843049327354256,0.0,0.5979073243647234,72.79521674140508,0.0,0.0,6.278026905829596,253.96113602391628,2.840059790732436,0.44843049327354256,0.44843049327354256,0.0,0.0,2.092675635276532,0.44843049327354256,1.1958146487294468,6.278026905829596,0.44843049327354256,1.046337817638266,0.0,0.14947683109118085,2.092675635276532,5.23168908819133,7.698056801195814,0.0,0.2989536621823617,4.0358744394618835,0.2989536621823617,1.0
CD_I295067,James Aish,Fremantle,Half-Back,11.0,"https://s.afl.com.au/staticfile/AFL Tenant/AFL/Players/ChampIDImages/AFL/2025014/295067.png?im=Scale,width=0.6,height=0.6",0.07833333333333334,0.9400000000000001,2,10.638297872340425,4.25531914893617,7.446808510638298,18.085106382978722,15.957446808510637,0.0,0.0,0.0,1.0638297872340425,3.1914893617021276,1.0638297872340425,0.0,1.0638297872340425,3.1914893617021276,0.0,5.319148936170213,12.76595744680851,0.0,0.0,2.127659574468085,0.0,0.0,67.02127659574468,0.0,0.0,4.25531914893617,342.55319148936167,3.1914893617021276,5.319148936170213,0.0,0.0,0.0,0.0,0.0,7.446808510638298,9.574468085106382,0.0,2.127659574468085,0.0,0.0,0.0,9.574468085106382,9.255319148936168,0.0,1.0638297872340425,0.0,1.0638297872340425,1.0
CD_I1009029,James Borlase,Adelaide Crows,Full-Back,35.0,"https://s.afl.com.au/staticfile/AFL Tenant/AFL/Players/ChampIDImages/AFL/2025014/1009029.png?im=Scale,width=0.6,height=0.6",0.14,1.6800000000000002,2,5.952380952380952,1.7857142857142856,3.571428571428571,9.523809523809524,7.142857142857142,0.0,0.0,0.0,1.7857142857142856,2.976190476190476,0.0,0.5952380952380952,2.380952380952381,0.0,1.7857142857142856,2.976190476190476,5.952380952380952,0.0,0.0,7.142857142857142,0.0,0.0,32.14285714285714,0.0,0.5952380952380952,0.5952380952380952,143.45238095238093,1.1904761904761905,3.571428571428571,0.0,0.5952380952380952,1.7857142857142856,0.0,0.0,4.166666666666666,4.166666666666666,0.0,2.976190476190476,0.0,0.5952380952380952,0.0,4.761904761904762,3.571428571428571,0.0,0.5952380952380952,0.0,7.142857142857142,1.0
CD_I297899,James Harmes,Western Bulldogs,"Forward Pocket, Half-Forward",22.0,"https://s.afl.com.au/staticfile/AFL Tenant/AFL/Players/ChampIDImages/AFL/2025014/297899.png?im=Scale,width=0.6,height=0.6",0.645,7.74,11,12.14470284237726,4.3927648578811365,12.661498708010335,24.806201550387595,17.958656330749353,1.0335917312661498,0.6459948320413437,0.0,3.6175710594315245,0.7751937984496123,4.0051679586563305,1.6795865633074936,3.1007751937984493,1.0335917312661498,0.38759689922480617,9.560723514211887,14.987080103359173,0.38759689922480617,1.1627906976744187,1.421188630490956,0.5167958656330749,0.25839793281653745,96.12403100775194,0.0,1.6795865633074936,6.201550387596899,369.3798449612403,4.3927648578811365,4.909560723514212,0.7751937984496123,0.12919896640826872,0.12919896640826872,0.25839793281653745,0.0,6.718346253229974,7.364341085271318,1.6795865633074936,8.010335917312661,0.0,0.6459948320413437,0.6459948320413437,18.863049095607234,13.708010335917313,0.0,1.0335917312661498,2.0671834625322996,0.6459948320413437,1.0
CD_I1013409,James Jordon,Sydney Swans,Half-Forward,17.0,"https://s.afl.com.au/staticfile/AFL Tenant/AFL/Players/ChampIDImages/AFL/2025014/1013409.png?im=Scale,width=0.6,height=0.6",0.8333333333333334,10.0,12,8.2,2.3,10.3,18.5,13.0,0.3,0.3,0.0,4.4,1.2,3.1,3.4,3.4,0.8,1.6,8.5,10.4,0.0,0.3,0.8,0.1,0.0,67.8,1.4,2.0,3.2,241.2,3.4,2.8,0.3,0.1,0.3,0.5,0.0,9.6,4.5,0.4,6.4,0.0,0.0,0.0,20.0,8.89,0.0,1.2,0.8,0.5,1.0
CD_I1032119,James Leake,GWS GIANTS,Interchange,30.0,"https://s.afl.com.au/staticfile/AFL Tenant/AFL/Players/ChampIDImages/AFL/2025014/1032119.png?im=Scale,width=0.6,height=0.6",0.095,1.1400000000000001,2,6.140350877192982,1.7543859649122806,6.140350877192982,12.280701754385964,8.771929824561402,0.8771929824561403,0.8771929824561403,0.0,1.7543859649122806,0.0,0.8771929824561403,2.631578947368421,0.8771929824561403,2.631578947368421,0.8771929824561403,7.894736842105262,5.263157894736842,0.0,1.7543859649122806,0.8771929824561403,0.0,0.0,49.122807017543856,0.0,2.631578947368421,5.263157894736842,139.4736842105263,0.8771929824561403,0.8771929824561403,0.8771929824561403,0.0,0.0,0.8771929824561403,0.0,5.263157894736842,4.385964912280701,0.8771929824561403,5.263157894736842,0.0,0.0,0.8771929824561403,14.912280701754383,8.421052631578947,0.0,0.8771929824561403,1.7543859649122806,0.0,1.0
CD_I1032966,James O'Donnell,Western Bulldogs,Full-Back,18.0,"https://s.afl.com.au/staticfile/AFL Tenant/AFL/Players/ChampIDImages/AFL/2025014/1032966.png?im=Scale,width=0.6,height=0.6",0.8025,9.629999999999999,11,8.41121495327103,4.8805815160955355,3.8421599169262723,12.253374870197302,9.761163032191071,0.31152647975077885,0.20768431983385258,0.41536863966770515,2.076843198338526,2.3883696780893047,1.6614745586708206,0.20768431983385258,2.180685358255452,1.2461059190031154,0.6230529595015577,4.257528556593978,7.684319833852545,0.9345794392523366,0.10384215991692629,5.399792315680167,0.20768431983385258,0.10384215991692629,57.73624091381102,0.0,0.20768431983385258,2.3883696780893047,220.97611630321913,2.907580477673936,5.503634475597093,0.31152647975077885,0.8307372793354103,2.492211838006231,0.6230529595015577,0.0,4.672897196261682,6.438213914849429,0.0,2.180685358255452,0.10384215991692629,2.492211838006231,0.20768431983385258,7.995846313603324,9.210799584631362,2.180685358255452,0.8307372793354103,0.6230529595015577,5.088265835929388,1.0
CD_I1006013,James Peatling,Adelaide Crows,Rover,25.0,"https://s.afl.com.au/staticfile/AFL Tenant/AFL/Players/ChampIDImages/AFL/2025014/1006013.png?im=Scale,width=0.6,height=0.6",0.7108333333333333,8.53,11,14.536928487690504,3.985932004689332,11.723329425556859,26.260257913247365,18.053927315357562,0.4689331770222744,0.3516998827667058,0.0,6.330597889800704,1.7584994138335288,4.806565064478312,5.978898007033998,4.337631887456038,2.4618991793669402,1.5240328253223916,12.192262602579133,14.654161781946074,0.0,0.1172332942555686,0.4689331770222744,0.3516998827667058,1.6412661195779603,105.39273153575617,2.1101992966002348,3.8686987104337636,6.799531066822978,437.514654161782,4.337631887456038,2.3446658851113718,0.4689331770222744,0.0,0.0,0.0,0.0,11.254396248534585,8.440797186400939,1.2895662368112546,9.261430246189919,0.0,0.1172332942555686,0.1172332942555686,25.087924970691677,14.196951934349356,0.0,1.992966002344666,0.9378663540445488,0.0,1.0
CD_I1006126,James Rowbottom,Sydney Swans,Rover,8.0,"https://s.afl.com.au/staticfile/AFL Tenant/AFL/Players/ChampIDImages/AFL/2025014/1006126.png?im=Scale,width=0.6,height=0.6",0.7641666666666667,9.17,12,14.067611777535442,2.5081788440567068,9.923664122137405,23.991275899672846,15.59432933478735,0.3271537622682661,0.4362050163576881,0.0,8.942202835332607,1.7448200654307524,4.580152671755725,7.1973827699018535,4.143947655398037,2.2900763358778624,1.4176663031624863,12.868047982551799,10.79607415485278,0.0,0.0,1.0905125408942202,0.0,0.6543075245365322,105.77971646673937,2.0719738276990185,5.125408942202835,5.34351145038168,417.3391494002181,5.0163576881134135,3.816793893129771,0.7633587786259542,0.0,0.0,0.10905125408942203,0.0,14.176663031624864,7.52453653217012,0.8724100327153762,7.960741548527809,0.0,0.3271537622682661,0.21810250817884405,32.38822246455834,14.961832061068701,0.0,2.0719738276990185,0.8724100327153762,0.3271537622682661,1.0
CD_I297566,James Sicily,Hawthorn,Back-Pocket,6.0,"https://s.afl.com.au/staticfile/AFL Tenant/AFL/Players/ChampIDImages/AFL/2025014/297566.png?im=Scale,width=0.6,height=0.6",0.8576923076923076,11.15,12,13.991031390134529,6.547085201793721,6.367713004484305,20.358744394618835,15.695067264573991,0.5381165919282511,0.17937219730941703,0.0,1.4349775784753362,5.0224215246636765,1.6143497757847534,0.26905829596412556,3.9461883408071747,1.2556053811659191,1.2556053811659191,6.188340807174888,11.390134529147982,1.6143497757847534,0.7174887892376681,4.573991031390134,0.0,0.35874439461883406,80.98654708520179,0.0,0.26905829596412556,5.112107623318385,380.9865470852018,4.84304932735426,7.174887892376681,0.26905829596412556,0.26905829596412556,2.5112107623318383,0.8071748878923767,0.17937219730941703,6.367713004484305,9.955156950672645,0.0,3.2286995515695067,0.0,2.6905829596412554,0.17937219730941703,8.878923766816143,9.5695067264574,0.0,1.7937219730941703,1.0762331838565022,3.318385650224215,1.0
CD_I1031829,James Trezise,Richmond,Wing,36.0,"https://s.afl.com.au/staticfile/AFL Tenant/AFL/Players/ChampIDImages/AFL/2025014/1031829.png?im=Scale,width=0.6,height=0.6",0.5308333333333334,6.37,9,9.105180533751962,3.767660910518053,9.419152276295133,18.524332810047095,15.227629513343798,0.15698587127158556,0.15698587127158556,0.0,2.1978021978021975,2.1978021978021975,1.5698587127158556,1.8838304552590266,2.1978021978021975,0.6279434850863422,0.6279434850863422,5.808477237048666,12.872841444270016,0.15698587127158556,0.15698587127158556,1.2558869701726845,0.15698587127158556,0.15698587127158556,66.09105180533751,0.47095761381475665,1.41287284144427,2.511773940345369,251.49136577708006,2.6687598116169546,4.395604395604395,0.47095761381475665,0.0,0.0,0.0,0.0,8.79120879120879,6.593406593406593,0.0,4.23861852433281,0.0,1.2558869701726845,0.3139717425431711,14.599686028257457,8.697017268445839,0.0,0.7849293563579278,0.3139717425431711,0.7849293563579278,1.0
CD_I1021108,James Tunstill,Brisbane Lions,Interchange,29.0,"https://s.afl.com.au/staticfile/AFL Tenant/AFL/Players/ChampIDImages/AFL/2025014/1021108.png?im=Scale,width=0.6,height=0.6",0.07166666666666667,0.86,2,16.27906976744186,3.488372093023256,6.976744186046512,23.25581395348837,20.930232558139537,0.0,0.0,0.0,3.488372093023256,3.488372093023256,2.3255813953488373,1.1627906976744187,2.3255813953488373,2.3255813953488373,1.1627906976744187,5.813953488372093,18.6046511627907,0.0,0.0,1.1627906976744187,0.0,0.0,86.04651162790698,0.0,1.1627906976744187,8.13953488372093,482.5581395348837,2.3255813953488373,4.651162790697675,0.0,0.0,2.3255813953488373,0.0,0.0,8.13953488372093,15.116279069767442,0.0,3.488372093023256,0.0,0.0,0.0,20.930232558139537,12.209302325581396,0.0,3.488372093023256,0.0,1.1627906976744187,1.0
CD_I1002222,James Worpel,Hawthorn,Rover,5.0,"https://s.afl.com.au/staticfile/AFL Tenant/AFL/Players/ChampIDImages/AFL/2025014/1002222.png?im=Scale,width=0.6,height=0.6",0.543076923076923,7.06,10,13.172804532577905,2.8328611898017,15.29745042492918,28.470254957507084,18.98016997167139,0.42492917847025496,0.991501416430595,0.0,7.790368271954675,1.841359773371105,5.240793201133145,6.798866855524079,6.373937677053824,1.98300283286119,2.26628895184136,14.44759206798867,15.29745042492918,0.141643059490085,0.42492917847025496,1.558073654390935,0.991501416430595,0.56657223796034,108.4985835694051,2.54957507082153,4.2492917847025495,7.223796033994335,419.2634560906516,5.524079320113315,2.691218130311615,0.708215297450425,0.0,0.0,0.28328611898017,0.141643059490085,14.305949008498585,6.23229461756374,1.13314447592068,9.490084985835695,0.0,0.141643059490085,0.141643059490085,27.195467422096318,14.06515580736544,0.56657223796034,1.98300283286119,1.558073654390935,0.28328611898017,1.0
CD_I290826,Jamie Cripps,West Coast Eagles,Half-Forward,15.0,"https://s.afl.com.au/staticfile/AFL Tenant/AFL/Players/ChampIDImages/AFL/2025014/290826.png?im=Scale,width=0.6,height=0.6",0.7174999999999999,8.61,10,8.94308943089431,3.4843205574912894,4.413472706155633,13.356562137049943,9.75609756097561,1.6260162601626018,0.8130081300813009,0.0,3.832752613240418,0.8130081300813009,2.6713124274099886,0.4645760743321719,1.2775842044134729,1.2775842044134729,0.34843205574912894,4.645760743321719,8.94308943089431,0.23228803716608595,1.0452961672473868,1.0452961672473868,0.5807200929152149,0.6968641114982579,72.24157955865273,0.0,0.4645760743321719,5.691056910569106,301.50987224157956,2.5551684088269457,1.6260162601626018,1.1614401858304297,0.0,0.0,1.2775842044134729,0.11614401858304298,4.761904761904762,6.155632984901278,1.2775842044134729,2.7874564459930316,0.0,0.11614401858304298,1.0452961672473868,14.982578397212544,10.847851335656214,0.0,0.6968641114982579,2.7874564459930316,0.5807200929152149,1.0
CD_I293801,Jamie Elliott,Collingwood,Forward Pocket,5.0,"https://s.afl.com.au/staticfile/AFL Tenant/AFL/Players/ChampIDImages/AFL/2025014/293801.png?im=Scale,width=0.6,height=0.6",0.8208333333333333,9.85,12,10.65989847715736,6.395939086294416,5.0761421319796955,15.736040609137056,10.964467005076143,3.3502538071065993,1.6243654822335025,0.0,2.8426395939086295,0.0,2.436548223350254,0.7106598984771574,2.9441624365482233,0.9137055837563453,1.116751269035533,5.380710659898478,10.050761421319796,0.7106598984771574,3.3502538071065993,1.218274111675127,0.20304568527918782,1.015228426395939,91.97969543147208,0.10152284263959391,0.6091370558375635,8.934010152284264,276.6497461928934,3.451776649746193,1.116751269035533,1.6243654822335025,0.0,0.0,1.7258883248730965,0.40609137055837563,2.5380710659898478,6.903553299492386,2.1319796954314723,3.451776649746193,0.0,0.0,1.8274111675126905,15.025380710659899,15.096446700507613,0.0,0.40609137055837563,5.583756345177665,0.30456852791878175,1.0
CD_I296254,Jarman Impey,Hawthorn,Centre Half-Back,4.0,"https://s.afl.com.au/staticfile/AFL Tenant/AFL/Players/ChampIDImages/AFL/2025014/296254.png?im=Scale,width=0.6,height=0.6",0.68,8.84,11,12.55656108597285,5.429864253393665,7.239819004524887,19.79638009049774,15.950226244343892,0.11312217194570136,0.11312217194570136,0.0,2.48868778280543,2.9411764705882355,2.7149321266968327,0.6787330316742082,2.828054298642534,0.7918552036199095,0.9049773755656109,4.1855203619909505,14.479638009049774,0.22624434389140272,0.0,2.828054298642534,0.6787330316742082,0.45248868778280543,77.26244343891403,0.11312217194570136,0.5656108597285068,4.638009049773756,335.97285067873304,3.167420814479638,3.8461538461538463,0.11312217194570136,0.22624434389140272,1.1312217194570136,0.11312217194570136,0.0,10.85972850678733,10.294117647058824,0.11312217194570136,3.3936651583710407,0.0,0.9049773755656109,0.3393665158371041,14.592760180995475,7.748868778280543,0.0,0.45248868778280543,0.3393665158371041,2.3755656108597285,1.0
CD_I998133,Jarrod Berry,Brisbane Lions,Wing,7.0,"https://s.afl.com.au/staticfile/AFL Tenant/AFL/Players/ChampIDImages/AFL/2025014/998133.png?im=Scale,width=0.6,height=0.6",0.6641666666666667,7.970000000000001,11,16.18569636135508,7.904642409033876,10.163111668757841,26.34880803011292,18.193224592220826,0.5018820577164366,0.2509410288582183,0.0,5.144291091593475,3.7641154328732744,3.7641154328732744,2.1329987452948553,4.391468005018821,2.1329987452948553,1.2547051442910915,8.782936010037641,17.565872020075282,0.5018820577164366,0.37641154328732745,1.5056461731493098,0.2509410288582183,0.37641154328732745,114.80552070263487,0.2509410288582183,1.8820577164366372,5.269761606022584,406.3989962358845,4.265997490589711,4.51693851944793,0.7528230865746549,0.0,0.12547051442910914,0.2509410288582183,0.12547051442910914,9.661229611041405,10.163111668757841,0.7528230865746549,5.771643663739021,0.0,1.3801756587202005,0.12547051442910914,18.444165621079044,10.313676286072772,0.0,1.6311166875784189,1.1292346298619824,1.2547051442910915,1.0
CD_I291975,Jarrod Witts,Gold Coast SUNS,Ruck,28.0,"https://s.afl.com.au/staticfile/AFL Tenant/AFL/Players/ChampIDImages/AFL/2025014/291975.png?im=Scale,width=0.6,height=0.6",0.8254545454545454,9.08,11,5.616740088105727,1.6519823788546255,9.691629955947137,15.308370044052863,10.242290748898679,0.11013215859030837,0.44052863436123346,49.88986784140969,4.295154185022026,1.1013215859030836,2.202643171806167,5.506607929515418,2.8634361233480177,2.8634361233480177,1.4317180616740088,10.90308370044053,5.176211453744493,0.7709251101321586,0.3303964757709251,4.405286343612334,0.0,0.3303964757709251,107.9295154185022,1.6519823788546255,3.854625550660793,6.71806167400881,156.3876651982379,2.643171806167401,1.8722466960352422,0.8810572687224669,0.22026431718061673,0.6607929515418502,1.3215859030837005,0.6607929515418502,6.057268722466961,2.8634361233480177,0.8810572687224669,5.176211453744493,13.43612334801762,0.44052863436123346,0.22026431718061673,11.894273127753303,16.068281938325992,98.89867841409692,5.066079295154185,0.6607929515418502,3.0837004405286343,1.0
CD_I1013462,Jase Burgoyne,Port Adelaide,Wing,7.0,"https://s.afl.com.au/staticfile/AFL Tenant/AFL/Players/ChampIDImages/AFL/2025014/1013462.png?im=Scale,width=0.6,height=0.6",0.9263636363636364,10.190000000000001,11,12.659470068694798,5.49558390578999,9.71540726202159,22.374877330716387,16.977428851815503,0.1962708537782139,0.09813542688910695,0.0,2.747791952894995,3.1403336604514225,2.747791952894995,1.766437684003925,2.944062806673209,0.5888125613346418,0.3925417075564278,6.378802747791952,14.622178606476936,0.1962708537782139,0.09813542688910695,1.6683022571148183,0.2944062806673209,0.2944062806673209,85.57409224730127,0.1962708537782139,1.5701668302257112,3.53287536800785,316.78115799803726,3.2384690873405297,4.906771344455348,0.4906771344455348,0.0,0.4906771344455348,0.0,0.0,8.04710500490677,8.341511285574091,0.2944062806673209,5.397448478900882,0.0,1.1776251226692835,0.2944062806673209,12.463199214916584,9.234543670264966,0.0,1.2757605495583904,0.3925417075564278,1.5701668302257112,1.0
CD_I1011640,Jason Horne-Francis,Port Adelaide,Rover,18.0,"https://s.afl.com.au/staticfile/AFL Tenant/AFL/Players/ChampIDImages/AFL/2025014/1011640.png?im=Scale,width=0.6,height=0.6",0.6509090909090909,7.159999999999999,10,18.715083798882684,5.446927374301676,11.033519553072626,29.74860335195531,19.553072625698327,1.11731843575419,1.11731843575419,0.0,4.189944134078213,1.2569832402234637,6.145251396648045,6.843575418994414,5.307262569832403,2.0949720670391065,2.23463687150838,12.849162011173187,16.620111731843576,0.558659217877095,2.0949720670391065,1.3966480446927376,1.6759776536312851,1.2569832402234637,114.52513966480448,2.374301675977654,4.46927374301676,7.402234636871509,515.6424581005588,5.5865921787709505,2.23463687150838,1.2569832402234637,0.0,0.13966480446927376,0.13966480446927376,0.0,7.681564245810057,10.614525139664806,2.0949720670391065,9.497206703910615,0.0,0.558659217877095,0.9776536312849163,16.759776536312852,15.377094972067042,0.0,1.5363128491620113,3.2122905027932966,0.8379888268156426,1.0
CD_I294101,Jason Johannisen,Western Bulldogs,Half-Back,39.0,"https://s.afl.com.au/staticfile/AFL Tenant/AFL/Players/ChampIDImages/AFL/2025014/294101.png?im=Scale,width=0.6,height=0.6",0.4475,5.37,7,16.387337057728118,5.772811918063314,5.95903165735568,22.3463687150838,17.13221601489758,0.37243947858473,0.5586592178770949,0.0,2.0484171322160147,4.0968342644320295,2.60707635009311,0.74487895716946,1.48975791433892,0.186219739292365,0.5586592178770949,3.910614525139665,17.690875232774673,0.186219739292365,0.0,1.303538175046555,1.48975791433892,0.5586592178770949,87.89571694599627,0.186219739292365,0.5586592178770949,6.517690875232774,468.7150837988827,3.910614525139665,3.35195530726257,0.0,0.0,0.74487895716946,0.0,0.0,7.07635009310987,11.91806331471136,0.0,3.35195530726257,0.0,0.74487895716946,0.0,9.683426443202979,9.217877094972067,0.0,1.303538175046555,1.1173184357541899,0.74487895716946,1.0
CD_I1023708,Jaspa Fletcher,Brisbane Lions,Wing,3.0,"https://s.afl.com.au/staticfile/AFL Tenant/AFL/Players/ChampIDImages/AFL/2025014/1023708.png?im=Scale,width=0.6,height=0.6",0.7975,9.57,12,16.614420062695924,7.7324973876698015,8.359456635318704,24.973876698014628,20.167189132706373,0.4179728317659352,0.1044932079414838,0.0,2.089864158829676,3.657262277951933,2.9258098223615465,1.044932079414838,1.7763845350052245,0.6269592476489028,0.4179728317659352,6.896551724137931,17.136886102403345,0.2089864158829676,0.0,1.4629049111807733,0.4179728317659352,0.4179728317659352,100.10449320794149,0.1044932079414838,0.9404388714733543,4.284221525600836,421.3166144200627,3.9707419017763845,6.269592476489028,0.2089864158829676,0.4179728317659352,0.522466039707419,0.2089864158829676,0.1044932079414838,8.672936259143155,12.957157784743991,0.2089864158829676,5.747126436781609,0.0,1.3584117032392895,0.0,13.897596656217345,12.434691745036572,0.0,1.7763845350052245,0.522466039707419,0.8359456635318704,1.0
CD_I1023533,Jaxon Binns,Carlton,"Wing, Wing",25.0,"https://s.afl.com.au/staticfile/AFL Tenant/AFL/Players/ChampIDImages/AFL/2025014/1023533.png?im=Scale,width=0.6,height=0.6",0.17454545454545453,1.92,3,15.104166666666668,3.6458333333333335,6.25,21.354166666666668,10.9375,0.5208333333333334,0.5208333333333334,0.0,1.5625,3.125,3.125,1.5625,5.208333333333334,1.0416666666666667,1.0416666666666667,6.25,14.0625,0.0,0.5208333333333334,1.0416666666666667,0.0,0.5208333333333334,76.5625,0.0,1.5625,4.166666666666667,391.14583333333337,4.166666666666667,3.125,0.0,0.0,0.0,0.0,0.0,7.8125,6.770833333333334,1.5625,5.208333333333334,0.0,0.5208333333333334,0.0,14.0625,4.53125,0.0,1.5625,3.125,0.5208333333333334,1.0
CD_I1009386,Jaxon Prior,Essendon,Half-Back,25.0,"https://s.afl.com.au/staticfile/AFL Tenant/AFL/Players/ChampIDImages/AFL/2025014/1009386.png?im=Scale,width=0.6,height=0.6",0.8309090909090909,9.14,11,14.00437636761488,6.345733041575492,5.25164113785558,19.25601750547046,15.317286652078774,0.0,0.0,0.0,1.9693654266958422,5.361050328227571,1.6411378555798686,0.10940919037199125,3.282275711159737,1.0940919037199124,0.6564551422319475,3.8293216630196936,14.551422319474835,0.3282275711159737,0.0,3.282275711159737,0.6564551422319475,0.10940919037199125,78.5557986870897,0.0,0.10940919037199125,2.62582056892779,359.2997811816192,3.063457330415755,5.25164113785558,0.0,0.5470459518599562,1.312910284463895,0.0,0.0,7.658643326039387,10.831509846827133,0.10940919037199125,2.5164113785557984,0.0,1.6411378555798686,0.0,10.393873085339168,7.188183807439825,0.0,0.9846827133479211,0.0,2.844638949671772,1.0
CD_I994385,Jayden Hunt,West Coast Eagles,"Wing, Wing",5.0,"https://s.afl.com.au/staticfile/AFL Tenant/AFL/Players/ChampIDImages/AFL/2025014/994385.png?im=Scale,width=0.6,height=0.6",0.8275,9.93,12,9.365558912386707,2.719033232628399,7.653575025176234,17.01913393756294,11.782477341389729,0.5035246727089627,0.5035246727089627,0.0,2.014098690835851,1.7119838872104733,3.121852970795569,1.7119838872104733,3.3232628398791544,0.5035246727089627,1.3091641490433032,5.840886203423968,10.876132930513595,0.0,0.10070493454179255,1.5105740181268883,0.10070493454179255,0.3021148036253776,59.71802618328298,0.2014098690835851,1.5105740181268883,3.3232628398791544,355.5891238670695,3.5246727089627394,3.5246727089627394,0.2014098690835851,0.4028197381671702,0.5035246727089627,0.2014098690835851,0.10070493454179255,7.049345417925479,4.833836858006042,0.6042296072507553,4.531722054380665,0.0,0.4028197381671702,0.3021148036253776,14.60221550855992,9.778449144008055,0.0,1.3091641490433032,1.3091641490433032,0.6042296072507553,1.0
CD_I298280,Jayden Laverde,Essendon,Full-Back,15.0,"https://s.afl.com.au/staticfile/AFL Tenant/AFL/Players/ChampIDImages/AFL/2025014/298280.png?im=Scale,width=0.6,height=0.6",0.24545454545454545,2.7,3,10.74074074074074,6.296296296296296,7.777777777777778,18.51851851851852,15.185185185185183,0.0,0.0,0.0,1.8518518518518516,3.7037037037037033,0.0,0.7407407407407407,3.7037037037037033,0.7407407407407407,1.111111111111111,5.185185185185185,12.592592592592592,1.111111111111111,0.0,5.555555555555555,0.0,0.0,71.48148148148148,0.0,0.7407407407407407,2.5925925925925926,198.88888888888889,2.962962962962963,5.555555555555555,0.0,0.37037037037037035,2.5925925925925926,0.0,0.0,5.185185185185185,7.777777777777778,0.0,3.333333333333333,0.0,1.8518518518518516,0.0,6.296296296296296,8.11111111111111,0.0,0.7407407407407407,0.0,4.444444444444444,1.0
CD_I992049,Jayden Short,Richmond,Centre Half-Back,15.0,"https://s.afl.com.au/staticfile/AFL Tenant/AFL/Players/ChampIDImages/AFL/2025014/992049.png?im=Scale,width=0.6,height=0.6",0.5549999999999999,6.659999999999999,9,21.171171171171174,7.6576576576576585,4.654654654654655,25.825825825825827,21.171171171171174,0.15015015015015018,0.0,0.0,2.702702702702703,5.555555555555556,3.1531531531531534,1.0510510510510511,2.2522522522522523,1.6516516516516517,0.900900900900901,3.9039039039039043,18.61861861861862,0.0,0.0,0.900900900900901,0.15015015015015018,0.15015015015015018,106.45645645645646,0.4504504504504505,0.6006006006006007,3.0030030030030033,546.5465465465466,4.654654654654655,2.552552552552553,0.15015015015015018,0.0,0.30030030030030036,0.0,0.0,9.759759759759762,16.666666666666668,0.0,2.552552552552553,0.0,0.30030030030030036,0.15015015015015018,11.561561561561563,7.957957957957959,0.0,0.7507507507507508,0.15015015015015018,0.30030030030030036,1.0
CD_I293883,Jed Bews,Geelong Cats,Interchange,24.0,"https://s.afl.com.au/staticfile/AFL Tenant/AFL/Players/ChampIDImages/AFL/2025014/293883.png?im=Scale,width=0.6,height=0.6",0.19916666666666666,2.3899999999999997,3,11.297071129707115,7.531380753138077,5.857740585774059,17.154811715481173,14.225941422594143,0.0,0.0,0.0,1.6736401673640169,3.3472803347280338,3.3472803347280338,0.8368200836820084,2.5104602510460254,0.8368200836820084,0.8368200836820084,5.020920502092051,12.133891213389123,0.0,0.0,2.5104602510460254,0.0,0.4184100418410042,73.22175732217575,0.4184100418410042,0.4184100418410042,2.9288702928870296,415.48117154811723,2.9288702928870296,3.7656903765690384,0.0,0.0,0.4184100418410042,0.0,0.0,7.949790794979081,9.205020920502093,0.0,3.7656903765690384,0.0,1.2552301255230127,0.0,10.041841004184102,10.125523012552302,0.0,0.8368200836820084,0.0,2.0920502092050213,1.0
CD_I1004819,Jed McEntee,Port Adelaide,Interchange,41.0,"https://s.afl.com.au/staticfile/AFL Tenant/AFL/Players/ChampIDImages/AFL/2025014/1004819.png?im=Scale,width=0.6,height=0.6",0.046363636363636364,0.51,1,1.9607843137254901,1.9607843137254901,5.88235294117647,7.8431372549019605,7.8431372549019605,0.0,0.0,0.0,9.803921568627452,0.0,0.0,0.0,1.9607843137254901,1.9607843137254901,1.9607843137254901,5.88235294117647,1.9607843137254901,0.0,0.0,0.0,0.0,0.0,58.8235294117647,0.0,0.0,0.0,43.13725490196078,1.9607843137254901,1.9607843137254901,5.88235294117647,0.0,0.0,1.9607843137254901,0.0,3.9215686274509802,1.9607843137254901,3.9215686274509802,3.9215686274509802,0.0,0.0,0.0,19.607843137254903,7.254901960784314,0.0,0.0,0.0,0.0,1.0
CD_I1023736,Jed Walter,Gold Coast SUNS,Full-Forward,4.0,"https://s.afl.com.au/staticfile/AFL Tenant/AFL/Players/ChampIDImages/AFL/2025014/1023736.png?im=Scale,width=0.6,height=0.6",0.6327272727272727,6.959999999999999,10,5.31609195402299,3.017241379310345,5.459770114942529,10.775862068965518,6.896551724137932,1.8678160919540232,1.0057471264367817,0.4310344827586208,2.4425287356321843,0.14367816091954025,2.298850574712644,0.0,2.7298850574712645,1.8678160919540232,0.8620689655172415,6.896551724137932,3.8793103448275867,0.8620689655172415,1.2931034482758623,3.448275862068966,0.0,0.2873563218390805,57.61494252873564,0.0,0.0,4.741379310344828,179.59770114942532,2.873563218390805,1.2931034482758623,1.5804597701149428,0.0,0.0,2.298850574712644,0.2873563218390805,0.4310344827586208,3.591954022988506,2.4425287356321843,4.310344827586207,0.14367816091954025,0.0,0.8620689655172415,8.908045977011495,7.370689655172415,2.1551724137931036,0.574712643678161,2.873563218390805,3.017241379310345,1.0
CD_I1023017,Jedd Busslinger,Western Bulldogs,Full-Back,5.0,"https://s.afl.com.au/staticfile/AFL Tenant/AFL/Players/ChampIDImages/AFL/2025014/1023017.png?im=Scale,width=0.6,height=0.6",0.08083333333333334,0.9700000000000001,2,8.24742268041237,5.154639175257731,6.185567010309278,14.432989690721648,12.371134020618555,0.0,0.0,0.0,2.0618556701030926,2.0618556701030926,0.0,0.0,3.092783505154639,0.0,3.092783505154639,1.0309278350515463,12.371134020618555,0.0,0.0,7.216494845360824,0.0,0.0,51.546391752577314,0.0,0.0,2.0618556701030926,254.63917525773195,2.0618556701030926,5.154639175257731,0.0,1.0309278350515463,2.0618556701030926,0.0,0.0,7.216494845360824,6.185567010309278,0.0,1.0309278350515463,0.0,2.0618556701030926,0.0,7.216494845360824,6.597938144329896,0.0,1.0309278350515463,0.0,7.216494845360824,1.0
CD_I293845,Jeremy Cameron,Geelong Cats,Full-Forward,5.0,"https://s.afl.com.au/staticfile/AFL Tenant/AFL/Players/ChampIDImages/AFL/2025014/293845.png?im=Scale,width=0.6,height=0.6",0.9066666666666666,10.879999999999999,12,12.775735294117649,6.433823529411765,3.2169117647058827,15.99264705882353,10.661764705882353,3.49264705882353,1.286764705882353,0.36764705882352944,2.1139705882352944,0.6433823529411765,3.584558823529412,0.4595588235294118,2.481617647058824,0.9191176470588236,1.1948529411764708,5.238970588235294,10.937500000000002,0.9191176470588236,2.9411764705882355,0.9191176470588236,0.18382352941176472,0.6433823529411765,92.46323529411765,0.0,0.4595588235294118,8.54779411764706,373.1617647058824,3.1250000000000004,1.011029411764706,1.3786764705882355,0.0,0.09191176470588236,1.286764705882353,0.36764705882352944,2.297794117647059,8.455882352941178,1.4705882352941178,2.8492647058823533,0.18382352941176472,0.36764705882352944,1.746323529411765,8.915441176470589,15.257352941176473,1.1029411764705883,0.6433823529411765,5.6985294117647065,0.5514705882352942,1.0
CD_I298111,Jeremy Finlayson,Port Adelaide,"Back-Pocket, Centre Half-Forward",11.0,"https://s.afl.com.au/staticfile/AFL Tenant/AFL/Players/ChampIDImages/AFL/2025014/298111.png?im=Scale,width=0.6,height=0.6",0.39181818181818184,4.3100000000000005,6,10.208816705336426,5.104408352668213,3.248259860788863,13.457076566125288,8.816705336426914,1.1600928074245938,1.1600928074245938,5.104408352668213,0.928074245939675,1.3921113689095126,1.85614849187935,1.3921113689095126,2.784222737819025,0.928074245939675,1.3921113689095126,4.408352668213457,9.048723897911833,0.6960556844547563,0.6960556844547563,2.3201856148491875,0.23201856148491876,0.0,66.12529002320184,0.4640371229698375,0.928074245939675,3.944315545243619,261.25290023201853,2.784222737819025,2.088167053364269,0.4640371229698375,0.23201856148491876,0.928074245939675,2.3201856148491875,0.0,2.784222737819025,5.800464037122969,0.4640371229698375,2.088167053364269,1.3921113689095126,0.4640371229698375,0.6960556844547563,7.4245939675174,6.287703016241299,15.08120649651972,0.4640371229698375,2.5522041763341066,2.088167053364269,1.0
CD_I291313,Jeremy Howe,Collingwood,Back-Pocket,38.0,"https://s.afl.com.au/staticfile/AFL Tenant/AFL/Players/ChampIDImages/AFL/2025014/291313.png?im=Scale,width=0.6,height=0.6",0.7966666666666666,9.559999999999999,11,13.075313807531382,5.648535564853558,2.9288702928870296,16.004184100418414,13.598326359832638,0.0,0.0,0.0,1.2552301255230127,6.6945606694560675,0.7322175732217574,0.4184100418410042,2.3012552301255234,0.5230125523012553,0.6276150627615064,3.1380753138075317,8.786610878661088,0.6276150627615064,0.0,6.276150627615063,0.10460251046025106,0.10460251046025106,65.69037656903767,0.0,0.4184100418410042,2.7196652719665275,387.6569037656904,2.5104602510460254,6.276150627615063,0.0,0.3138075313807532,1.9874476987447702,0.0,0.0,5.230125523012553,11.087866108786612,0.0,1.3598326359832638,0.0,2.824267782426779,0.0,6.589958158995817,11.297071129707115,0.0,1.6736401673640169,0.10460251046025106,5.439330543933055,1.0
CD_I294859,Jeremy McGovern,West Coast Eagles,Centre Half-Back,20.0,"https://s.afl.com.au/staticfile/AFL Tenant/AFL/Players/ChampIDImages/AFL/2025014/294859.png?im=Scale,width=0.6,height=0.6",0.37249999999999994,4.47,6,16.33109619686801,6.7114093959731544,7.6062639821029085,23.93736017897092,19.910514541387027,0.0,0.0,0.0,1.342281879194631,9.172259507829978,0.6711409395973155,0.447427293064877,4.250559284116331,1.342281879194631,1.789709172259508,6.263982102908278,10.961968680089486,1.342281879194631,0.0,6.7114093959731544,0.0,0.0,85.68232662192395,0.0,0.447427293064877,2.237136465324385,486.80089485458615,3.3557046979865772,9.619686800894856,0.0,0.6711409395973155,2.9082774049217,0.0,0.0,7.38255033557047,13.646532438478747,0.0,3.3557046979865772,0.0,2.9082774049217,0.0,8.501118568232663,14.608501118568233,0.2237136465324385,1.342281879194631,0.2237136465324385,6.263982102908278,1.0
CD_I1009380,Jeremy Sharp,Fremantle,Wing,14.0,"https://s.afl.com.au/staticfile/AFL Tenant/AFL/Players/ChampIDImages/AFL/2025014/1009380.png?im=Scale,width=0.6,height=0.6",0.8891666666666667,10.67,12,7.872539831302718,3.0927835051546393,7.029053420805998,14.901593252108716,11.152764761012184,0.28116213683223995,0.37488284910965325,0.0,1.3120899718837864,0.9372071227741331,1.9681349578256795,1.3120899718837864,1.499531396438613,0.28116213683223995,0.37488284910965325,3.936269915651359,10.777881911902531,0.0,0.0,0.6560449859418932,1.1246485473289598,0.09372071227741331,53.42080599812559,0.18744142455482662,1.1246485473289598,2.999062792877226,235.70759137769448,1.6869728209934396,1.780693533270853,0.0,0.09372071227741331,0.18744142455482662,0.09372071227741331,0.0,4.311152764761013,5.435801312089972,0.37488284910965325,3.1865042174320526,0.0,0.37488284910965325,0.0,9.184629803186505,6.419868791002812,0.0,0.7497656982193065,0.7497656982193065,0.46860356138706655,1.0
CD_I296324,Jesse Hogan,GWS GIANTS,Full-Forward,23.0,"https://s.afl.com.au/staticfile/AFL Tenant/AFL/Players/ChampIDImages/AFL/2025014/296324.png?im=Scale,width=0.6,height=0.6",0.6783333333333333,8.14,9,8.23095823095823,5.896805896805897,4.176904176904177,12.407862407862407,9.582309582309582,3.685503685503685,0.7371007371007371,0.0,1.597051597051597,0.24570024570024568,0.9828009828009827,0.49140049140049136,1.8427518427518426,1.3513513513513513,0.7371007371007371,6.511056511056511,5.896805896805897,2.0884520884520885,3.685503685503685,1.7199017199017197,0.0,0.49140049140049136,79.1154791154791,0.0,0.49140049140049136,7.002457002457002,186.97788697788695,2.211302211302211,0.49140049140049136,1.1056511056511056,0.0,0.0,3.808353808353808,1.7199017199017197,0.6142506142506142,6.019656019656019,1.9656019656019654,2.7027027027027026,0.0,0.12285012285012284,0.7371007371007371,5.528255528255528,12.002457002457001,0.12285012285012284,0.24570024570024568,5.282555282555283,1.1056511056511056,1.0
CD_I1017700,Jesse Motlop,Carlton,Forward Pocket,3.0,"https://s.afl.com.au/staticfile/AFL Tenant/AFL/Players/ChampIDImages/AFL/2025014/1017700.png?im=Scale,width=0.6,height=0.6",0.7890909090909091,8.68,11,8.410138248847927,1.9585253456221199,4.493087557603687,12.903225806451614,8.294930875576037,0.8064516129032259,0.9216589861751152,0.0,5.184331797235023,0.2304147465437788,3.110599078341014,1.4976958525345623,2.8801843317972353,1.6129032258064517,1.2672811059907834,5.645161290322581,6.451612903225807,0.1152073732718894,0.4608294930875576,0.6912442396313364,0.3456221198156682,0.6912442396313364,64.40092165898618,0.5760368663594471,0.9216589861751152,4.953917050691245,200.46082949308757,3.3410138248847927,1.2672811059907834,1.8433179723502304,0.1152073732718894,0.1152073732718894,0.6912442396313364,0.3456221198156682,5.875576036866359,4.723502304147465,1.8433179723502304,3.686635944700461,0.0,0.0,0.4608294930875576,21.31336405529954,9.493087557603687,0.0,0.6912442396313364,1.8433179723502304,0.4608294930875576,1.0
CD_I1023537,Jhye Clark,Geelong Cats,Wing,13.0,"https://s.afl.com.au/staticfile/AFL Tenant/AFL/Players/ChampIDImages/AFL/2025014/1023537.png?im=Scale,width=0.6,height=0.6",0.26166666666666666,3.14,6,11.146496815286623,2.8662420382165603,6.687898089171974,17.8343949044586,10.19108280254777,0.3184713375796178,0.6369426751592356,0.0,4.777070063694267,1.2738853503184713,3.503184713375796,2.8662420382165603,3.503184713375796,1.2738853503184713,0.3184713375796178,8.598726114649681,9.872611464968152,0.0,0.3184713375796178,1.910828025477707,0.0,0.0,77.38853503184713,1.2738853503184713,1.592356687898089,5.095541401273885,392.35668789808915,4.140127388535031,3.503184713375796,0.3184713375796178,0.0,0.0,0.3184713375796178,0.0,7.643312101910828,6.687898089171974,0.3184713375796178,6.687898089171974,0.0,0.6369426751592356,0.3184713375796178,23.56687898089172,11.942675159235668,0.0,2.5477707006369426,0.9554140127388535,0.6369426751592356,1.0
CD_I290757,Jimmy Webster,St Kilda,Back-Pocket,29.0,"https://s.afl.com.au/staticfile/AFL Tenant/AFL/Players/ChampIDImages/AFL/2025014/290757.png?im=Scale,width=0.6,height=0.6",0.7966666666666666,9.559999999999999,12,10.251046025104603,6.1715481171548126,6.276150627615063,16.527196652719667,13.075313807531382,0.0,0.0,0.0,2.3012552301255234,3.9748953974895405,0.6276150627615064,0.3138075313807532,1.8828451882845192,0.5230125523012553,0.7322175732217574,5.125523012552302,11.506276150627617,0.0,0.0,3.242677824267783,0.2092050209205021,0.3138075313807532,69.35146443514645,0.0,0.3138075313807532,2.7196652719665275,242.25941422594144,2.196652719665272,5.334728033472804,0.0,0.3138075313807532,1.1506276150627617,0.0,0.0,8.158995815899583,8.054393305439332,0.0,4.1841004184100425,0.0,0.7322175732217574,0.2092050209205021,10.041841004184102,7.625523012552302,0.0,0.7322175732217574,0.0,2.3012552301255234,1.0
CD_I1028529,Joe Berry,Port Adelaide,Half-Forward,5.0,"https://s.afl.com.au/staticfile/AFL Tenant/AFL/Players/ChampIDImages/AFL/2025014/1028529.png?im=Scale,width=0.6,height=0.6",0.34181818181818185,3.7600000000000002,7,8.77659574468085,4.25531914893617,5.585106382978723,14.361702127659573,10.372340425531915,0.26595744680851063,0.7978723404255319,0.0,2.3936170212765955,0.5319148936170213,3.9893617021276593,0.7978723404255319,3.1914893617021276,0.7978723404255319,0.7978723404255319,3.723404255319149,10.106382978723405,0.0,0.7978723404255319,0.7978723404255319,0.5319148936170213,0.7978723404255319,60.638297872340424,0.5319148936170213,0.26595744680851063,3.723404255319149,233.2446808510638,3.457446808510638,1.3297872340425532,1.0638297872340425,0.0,0.0,0.5319148936170213,0.26595744680851063,7.446808510638298,5.319148936170213,0.26595744680851063,2.9255319148936167,0.0,0.26595744680851063,0.5319148936170213,18.617021276595743,3.6436170212765955,0.0,0.26595744680851063,1.3297872340425532,0.7978723404255319,1.0
CD_I1032629,Joe Fonti,GWS GIANTS,Interchange,37.0,"https://s.afl.com.au/staticfile/AFL Tenant/AFL/Players/ChampIDImages/AFL/2025014/1032629.png?im=Scale,width=0.6,height=0.6",0.3091666666666667,3.71,5,9.164420485175203,4.8517520215633425,7.816711590296496,16.9811320754717,13.477088948787062,0.0,0.0,0.0,4.5822102425876015,2.1563342318059298,2.6954177897574123,2.1563342318059298,2.4258760107816713,1.0781671159029649,1.0781671159029649,7.008086253369273,11.320754716981131,0.2695417789757412,0.0,3.5040431266846364,0.5390835579514824,0.5390835579514824,73.8544474393531,0.2695417789757412,1.8867924528301887,3.234501347708895,318.59838274932616,4.3126684636118595,4.3126684636118595,0.0,0.5390835579514824,1.6172506738544474,0.0,0.0,8.625336927223719,7.008086253369273,0.2695417789757412,4.8517520215633425,0.0,0.5390835579514824,0.0,12.398921832884097,13.477088948787062,0.0,1.6172506738544474,0.0,2.4258760107816713,1.0
CD_I1008239,Joe Richards,Port Adelaide,Centre Half-Forward,35.0,"https://s.afl.com.au/staticfile/AFL Tenant/AFL/Players/ChampIDImages/AFL/2025014/1008239.png?im=Scale,width=0.6,height=0.6",0.7127272727272728,7.840000000000001,10,8.290816326530612,4.336734693877551,10.969387755102039,19.26020408163265,13.775510204081632,0.8928571428571428,0.7653061224489796,0.0,3.1887755102040813,0.6377551020408163,2.2959183673469385,1.2755102040816326,2.5510204081632653,0.6377551020408163,0.6377551020408163,6.7602040816326525,12.372448979591836,0.2551020408163265,0.3826530612244898,0.510204081632653,0.12755102040816324,0.510204081632653,77.42346938775509,0.2551020408163265,1.020408163265306,5.612244897959183,237.7551020408163,2.9336734693877546,1.4030612244897958,1.2755102040816326,0.0,0.0,0.2551020408163265,0.0,4.719387755102041,5.229591836734693,2.4234693877551017,5.739795918367347,0.0,0.0,0.3826530612244898,15.30612244897959,10.127551020408161,0.0,0.7653061224489796,1.7857142857142856,0.3826530612244898,1.0
CD_I1008091,Joel Amartey,Sydney Swans,Forward Pocket,36.0,"https://s.afl.com.au/staticfile/AFL Tenant/AFL/Players/ChampIDImages/AFL/2025014/1008091.png?im=Scale,width=0.6,height=0.6",0.345,4.14,6,7.971014492753624,5.314009661835749,3.6231884057971016,11.594202898550726,7.004830917874397,2.6570048309178746,1.6908212560386475,2.173913043478261,2.4154589371980677,0.24154589371980678,0.9661835748792271,0.24154589371980678,2.8985507246376816,0.9661835748792271,2.173913043478261,5.314009661835749,6.521739130434783,1.4492753623188408,2.6570048309178746,1.9323671497584543,0.0,0.0,71.01449275362319,0.0,0.24154589371980678,6.038647342995169,197.10144927536234,2.8985507246376816,0.9661835748792271,1.2077294685990339,0.0,0.0,1.6908212560386475,0.48309178743961356,2.6570048309178746,4.347826086956522,0.7246376811594204,2.4154589371980677,0.48309178743961356,0.24154589371980678,0.9661835748792271,9.66183574879227,7.198067632850242,8.93719806763285,0.24154589371980678,4.347826086956522,1.6908212560386475,1.0
CD_I1027704,Joel Freijah,Western Bulldogs,Wing,27.0,"https://s.afl.com.au/staticfile/AFL Tenant/AFL/Players/ChampIDImages/AFL/2025014/1027704.png?im=Scale,width=0.6,height=0.6",0.8258333333333333,9.91,12,12.815338042381432,4.238143289606458,12.31079717457114,25.126135216952573,17.860746720484357,0.7063572149344097,0.5045408678102926,0.0,3.229061553985873,2.2199798183652875,4.339051463168516,4.137235116044399,3.632694248234107,0.4036326942482341,1.0090817356205852,10.292633703329969,16.044399596367306,0.10090817356205853,0.10090817356205853,3.027245206861756,0.7063572149344097,0.5045408678102926,90.81735620585268,1.8163471241170535,2.320887991927346,7.164480322906155,367.4066599394551,4.137235116044399,3.7336024217961654,0.30272452068617556,0.0,0.10090817356205853,0.4036326942482341,0.10090817356205853,9.283551967709384,7.870837537840565,1.1099899091826437,7.467204843592331,0.0,0.7063572149344097,0.20181634712411706,18.970736629667,15.560040363269424,1.2108980827447022,1.715438950554995,1.4127144298688195,0.7063572149344097,1.0
CD_I295222,Joel Hamling,Sydney Swans,Centre Half-Forward,29.0,"https://s.afl.com.au/staticfile/AFL Tenant/AFL/Players/ChampIDImages/AFL/2025014/295222.png?im=Scale,width=0.6,height=0.6",0.7341666666666666,8.809999999999999,10,4.540295119182748,2.6106696935300797,4.199772985244041,8.74006810442679,6.129398410896709,0.34052213393870606,0.34052213393870606,0.11350737797956868,1.475595913734393,0.9080590238365495,0.9080590238365495,0.11350737797956868,1.816118047673099,1.3620885357548242,0.7945516458569808,3.7457434733257666,4.880817253121454,0.34052213393870606,0.45402951191827473,6.583427922814984,0.11350737797956868,0.34052213393870606,37.23041997729853,0.0,0.11350737797956868,2.270147559591374,78.3200908059024,2.270147559591374,3.972758229284904,0.5675368898978435,0.6810442678774121,2.270147559591374,0.5675368898978435,0.11350737797956868,3.7457434733257666,3.0646992054483544,0.11350737797956868,1.816118047673099,0.0,0.45402951191827473,0.34052213393870606,7.037457434733259,4.676503972758231,0.5675368898978435,0.45402951191827473,0.6810442678774121,5.902383654937572,1.0
CD_I1005992,Joel Jeffrey,Gold Coast SUNS,Back-Pocket,40.0,"https://s.afl.com.au/staticfile/AFL Tenant/AFL/Players/ChampIDImages/AFL/2025014/1005992.png?im=Scale,width=0.6,height=0.6",0.7872727272727272,8.66,11,15.011547344110854,7.505773672055427,6.812933025404157,21.824480369515012,17.782909930715935,0.23094688221709006,0.4618937644341801,0.0,4.272517321016166,5.196304849884527,3.233256351039261,0.5773672055427251,2.771362586605081,1.1547344110854503,0.9237875288683602,6.0046189376443415,14.203233256351039,0.8083140877598153,0.11547344110854503,3.1177829099307157,0.5773672055427251,0.3464203233256351,98.49884526558891,0.0,0.5773672055427251,4.503464203233256,584.1801385681293,4.041570438799076,6.928406466512702,0.0,0.23094688221709006,1.0392609699769053,0.0,0.0,8.083140877598153,11.893764434180138,0.11547344110854503,4.041570438799076,0.0,1.8475750577367205,0.0,12.586605080831408,13.36027713625866,0.0,1.7321016166281755,0.6928406466512702,2.1939953810623556,1.0
CD_I1000072,John Noble,Gold Coast SUNS,Half-Back,2.0,"https://s.afl.com.au/staticfile/AFL Tenant/AFL/Players/ChampIDImages/AFL/2025014/1000072.png?im=Scale,width=0.6,height=0.6",0.8363636363636363,9.2,11,22.5,6.41304347826087,8.695652173913045,31.195652173913047,24.021739130434785,0.32608695652173914,0.10869565217391305,0.0,2.717391304347826,5.543478260869565,4.239130434782609,1.0869565217391306,4.891304347826087,0.8695652173913044,1.4130434782608696,5.869565217391305,20.760869565217394,0.10869565217391305,0.0,2.065217391304348,1.5217391304347827,0.4347826086956522,113.69565217391305,0.0,1.0869565217391306,4.891304347826087,660.7608695652175,5.869565217391305,6.304347826086957,0.0,0.10869565217391305,0.6521739130434783,0.0,0.0,10.543478260869566,17.826086956521742,0.0,5.0,0.0,1.847826086956522,0.0,14.23913043478261,12.000000000000002,0.0,1.5217391304347827,0.4347826086956522,1.5217391304347827,1.0
CD_I1028498,Jonty Faull,Richmond,Forward Pocket,26.0,"https://s.afl.com.au/staticfile/AFL Tenant/AFL/Players/ChampIDImages/AFL/2025014/1028498.png?im=Scale,width=0.6,height=0.6",0.5325000000000001,6.390000000000001,8,5.790297339593113,3.2863849765258215,3.2863849765258215,9.076682316118935,4.851330203442879,0.6259780907668231,0.9389671361502346,0.0,1.0954616588419404,0.0,2.5039123630672924,0.15649452269170577,2.660406885758998,0.7824726134585289,1.0954616588419404,5.320813771517996,4.538341158059468,1.0954616588419404,1.0954616588419404,2.660406885758998,0.0,0.15649452269170577,40.37558685446009,0.0,0.15649452269170577,3.2863849765258215,183.72456964006258,2.816901408450704,0.7824726134585289,0.6259780907668231,0.0,0.0,4.381846635367761,0.7824726134585289,1.8779342723004693,2.5039123630672924,1.408450704225352,2.97339593114241,0.0,0.0,0.6259780907668231,8.1377151799687,3.6150234741784035,0.0,0.31298904538341155,1.8779342723004693,1.7214397496087634,1.0
CD_I1002795,Jordan Boyd,Carlton,Interchange,37.0,"https://s.afl.com.au/staticfile/AFL Tenant/AFL/Players/ChampIDImages/AFL/2025014/1002795.png?im=Scale,width=0.6,height=0.6",0.08363636363636363,0.9199999999999999,2,10.869565217391305,5.434782608695652,5.434782608695652,16.304347826086957,15.217391304347828,0.0,0.0,0.0,2.173913043478261,4.347826086956522,2.173913043478261,0.0,1.0869565217391306,1.0869565217391306,0.0,2.173913043478261,10.869565217391305,0.0,0.0,1.0869565217391306,2.173913043478261,1.0869565217391306,69.56521739130436,0.0,0.0,2.173913043478261,447.82608695652175,3.2608695652173916,3.2608695652173916,0.0,0.0,0.0,0.0,0.0,8.695652173913045,9.782608695652174,0.0,2.173913043478261,0.0,1.0869565217391306,1.0869565217391306,13.043478260869566,4.782608695652175,0.0,1.0869565217391306,0.0,1.0869565217391306,1.0
CD_I1006152,Jordan Clark,Fremantle,Half-Back,6.0,"https://s.afl.com.au/staticfile/AFL Tenant/AFL/Players/ChampIDImages/AFL/2025014/1006152.png?im=Scale,width=0.6,height=0.6",0.8966666666666666,10.76,12,17.472118959107807,6.04089219330855,8.828996282527882,26.30111524163569,20.074349442379184,0.0929368029739777,0.1858736059479554,0.0,3.345724907063197,5.390334572490707,3.2527881040892193,1.579925650557621,3.159851301115242,1.0223048327137547,0.8364312267657993,7.806691449814126,15.985130111524164,0.5576208178438662,0.0,3.066914498141264,0.6505576208178439,0.3717472118959108,100.8364312267658,0.2788104089219331,1.3011152416356877,3.903345724907063,516.1710037174721,5.018587360594796,6.784386617100372,0.0929368029739777,0.0929368029739777,0.3717472118959108,0.0929368029739777,0.0929368029739777,9.944237918215613,13.104089219330856,0.0,5.947955390334573,0.0,1.579925650557621,0.0929368029739777,13.754646840148698,13.568773234200744,0.0,1.4869888475836432,0.5576208178438662,2.509293680297398,1.0
CD_I992242,Jordan Dawson,Adelaide Crows,Centre,12.0,"https://s.afl.com.au/staticfile/AFL Tenant/AFL/Players/ChampIDImages/AFL/2025014/992242.png?im=Scale,width=0.6,height=0.6",0.8341666666666666,10.01,12,20.97902097902098,6.393606393606394,7.992007992007992,28.97102897102897,17.78221778221778,0.8991008991008991,1.3986013986013985,0.0,7.992007992007992,1.7982017982017982,7.892107892107893,5.094905094905095,5.4945054945054945,1.2987012987012987,1.3986013986013985,10.78921078921079,17.182817182817182,1.1988011988011988,0.7992007992007992,1.5984015984015985,0.2997002997002997,0.999000999000999,133.96603396603396,2.6973026973026974,2.3976023976023977,7.292707292707293,624.6753246753246,6.993006993006993,3.996003996003996,0.5994005994005994,0.0,0.1998001998001998,0.4995004995004995,0.0,12.187812187812188,10.989010989010989,0.7992007992007992,5.994005994005994,0.0,1.4985014985014986,0.5994005994005994,24.375624375624376,16.713286713286713,0.0999000999000999,1.6983016983016983,2.797202797202797,0.999000999000999,1.0
CD_I994185,Jordan De Goey,Collingwood,Half-Forward,2.0,"https://s.afl.com.au/staticfile/AFL Tenant/AFL/Players/ChampIDImages/AFL/2025014/994185.png?im=Scale,width=0.6,height=0.6",0.325,3.9,5,9.487179487179487,3.58974358974359,5.384615384615385,14.871794871794872,9.743589743589745,1.2820512820512822,1.2820512820512822,0.0,3.076923076923077,0.7692307692307693,3.3333333333333335,1.2820512820512822,3.076923076923077,1.0256410256410258,0.7692307692307693,5.384615384615385,9.487179487179487,0.5128205128205129,1.5384615384615385,0.25641025641025644,0.0,1.0256410256410258,70.0,0.25641025641025644,1.0256410256410258,7.17948717948718,282.8205128205128,2.0512820512820515,1.794871794871795,0.5128205128205129,0.0,0.0,0.7692307692307693,0.25641025641025644,4.3589743589743595,5.641025641025641,1.2820512820512822,3.58974358974359,0.0,0.0,0.25641025641025644,11.538461538461538,8.076923076923077,0.0,1.0256410256410258,3.076923076923077,0.0,1.0
CD_I1001026,Jordan Ridley,Essendon,Back-Pocket,14.0,"https://s.afl.com.au/staticfile/AFL Tenant/AFL/Players/ChampIDImages/AFL/2025014/1001026.png?im=Scale,width=0.6,height=0.6",0.3809090909090909,4.1899999999999995,6,16.94510739856802,5.966587112171839,6.921241050119333,23.866348448687354,20.047732696897377,0.0,0.23866348448687355,0.0,0.9546539379474942,4.773269689737471,0.9546539379474942,0.0,1.6706443914081148,0.4773269689737471,0.9546539379474942,4.773269689737471,14.558472553699286,1.1933174224343677,0.0,4.2959427207637235,0.9546539379474942,0.0,84.24821002386636,0.0,0.0,3.3412887828162297,411.45584725537,2.3866348448687353,6.205250596658712,0.0,0.0,1.9093078758949884,0.0,0.0,5.011933174224344,13.842482100238666,0.0,3.3412887828162297,0.0,2.1479713603818618,0.0,6.682577565632459,11.694510739856803,0.0,0.7159904534606206,0.23866348448687355,3.5799522673031032,1.0
CD_I1004995,Jordon Butts,Adelaide Crows,Full-Back,41.0,"https://s.afl.com.au/staticfile/AFL Tenant/AFL/Players/ChampIDImages/AFL/2025014/1004995.png?im=Scale,width=0.6,height=0.6",0.3775,4.529999999999999,5,4.415011037527594,3.311258278145696,2.8697571743929364,7.284768211920531,6.843267108167772,0.0,0.0,0.0,0.22075055187637974,1.9867549668874176,0.22075055187637974,0.0,1.3245033112582782,0.6622516556291391,0.44150110375275947,2.8697571743929364,4.415011037527594,0.8830022075055189,0.0,6.401766004415012,0.0,0.0,29.139072847682122,0.0,0.0,1.7660044150110379,109.05077262693159,0.8830022075055189,3.090507726269316,0.0,0.8830022075055189,2.207505518763797,0.0,0.0,2.428256070640177,4.194260485651215,0.0,1.3245033112582782,0.0,1.1037527593818985,0.22075055187637974,2.8697571743929364,5.364238410596028,0.0,1.1037527593818985,0.0,5.739514348785873,1.0
CD_I992330,Jordon Sweet,Port Adelaide,Ruck,24.0,"https://s.afl.com.au/staticfile/AFL Tenant/AFL/Players/ChampIDImages/AFL/2025014/992330.png?im=Scale,width=0.6,height=0.6",0.6054545454545454,6.659999999999999,8,5.405405405405406,2.1021021021021022,7.6576576576576585,13.063063063063064,8.108108108108109,0.30030030030030036,0.0,46.696696696696705,4.954954954954956,1.3513513513513515,2.552552552552553,3.0030030030030033,5.705705705705706,1.801801801801802,3.453453453453454,7.207207207207208,6.606606606606607,0.0,0.15015015015015018,5.105105105105106,0.0,0.15015015015015018,97.59759759759761,1.0510510510510511,1.9519519519519521,6.0060060060060065,161.71171171171173,2.552552552552553,1.0510510510510511,0.6006006006006007,0.4504504504504505,1.0510510510510511,0.6006006006006007,0.15015015015015018,9.759759759759762,2.702702702702703,0.0,2.852852852852853,11.711711711711713,0.0,0.30030030030030036,19.969969969969974,9.684684684684687,95.64564564564566,4.354354354354355,0.30030030030030036,3.753753753753754,1.0
CD_I1029030,Josaia Delana,GWS GIANTS,Half-Forward,38.0,"https://s.afl.com.au/staticfile/AFL Tenant/AFL/Players/ChampIDImages/AFL/2025014/1029030.png?im=Scale,width=0.6,height=0.6",0.09166666666666666,1.1,2,3.6363636363636362,0.0,3.6363636363636362,7.2727272727272725,4.545454545454545,0.0,0.9090909090909091,0.0,7.2727272727272725,0.9090909090909091,0.0,0.0,1.8181818181818181,0.9090909090909091,0.9090909090909091,3.6363636363636362,5.454545454545454,0.0,0.0,0.9090909090909091,0.0,1.8181818181818181,46.36363636363636,0.0,0.0,2.727272727272727,74.54545454545453,1.8181818181818181,1.8181818181818181,1.8181818181818181,0.0,0.0,0.9090909090909091,0.0,6.363636363636363,0.9090909090909091,0.9090909090909091,1.8181818181818181,0.0,0.0,0.0,20.0,3.2727272727272725,0.0,0.0,0.9090909090909091,0.0,1.0
CD_I998134,Josh Battle,Hawthorn,Back-Pocket,24.0,"https://s.afl.com.au/staticfile/AFL Tenant/AFL/Players/ChampIDImages/AFL/2025014/998134.png?im=Scale,width=0.6,height=0.6",0.9161538461538462,11.91,13,12.594458438287154,6.381192275398824,7.8085642317380355,20.403022670025187,16.288832913518053,0.0,0.08396305625524769,0.0,1.9311502938706968,3.9462636439966414,2.0151133501259446,0.16792611251049538,2.938706968933669,0.5877413937867338,0.9235936188077246,4.198152812762385,13.518052057094877,0.5037783375314862,0.0,3.526448362720403,1.2594458438287153,0.16792611251049538,78.1696053736356,0.0,0.16792611251049538,3.27455919395466,359.27791771620485,3.3585222502099077,6.2132661628883294,0.08396305625524769,0.33585222502099077,1.7632241813602014,0.16792611251049538,0.08396305625524769,5.625524769101595,9.571788413098236,0.0,2.938706968933669,0.0,1.5113350125944585,0.16792611251049538,7.8085642317380355,8.799328295549957,0.0,1.343408900083963,0.16792611251049538,2.8547439126784213,1.0
CD_I1005054,Josh Daicos,Collingwood,Half-Back,7.0,"https://s.afl.com.au/staticfile/AFL Tenant/AFL/Players/ChampIDImages/AFL/2025014/1005054.png?im=Scale,width=0.6,height=0.6",0.8574999999999999,10.29,12,18.27016520894072,5.636540330417882,13.411078717201168,31.68124392614189,24.68415937803693,0.09718172983479106,0.09718172983479106,0.0,2.4295432458697768,5.150631681243927,3.2069970845481053,1.652089407191448,3.0126336248785233,0.38872691933916426,0.6802721088435375,5.733722060252673,21.67152575315841,0.2915451895043732,0.09718172983479106,0.5830903790087464,0.6802721088435375,0.2915451895043732,107.28862973760934,0.4859086491739553,1.1661807580174928,6.219630709426628,560.7385811467444,3.7900874635568518,5.344995140913508,0.09718172983479106,0.09718172983479106,0.38872691933916426,0.0,0.0,7.871720116618077,14.091350826044705,0.19436345966958213,4.956268221574344,0.0,0.6802721088435375,0.2915451895043732,11.564625850340137,12.06997084548105,0.0,1.0689990281827018,0.19436345966958213,0.2915451895043732,1.0
CD_I1034235,Josh Dolan,Western Bulldogs,Half-Forward,26.0,"https://s.afl.com.au/staticfile/AFL Tenant/AFL/Players/ChampIDImages/AFL/2025014/1034235.png?im=Scale,width=0.6,height=0.6",0.3891666666666667,4.67,8,5.781584582441114,2.355460385438972,6.209850107066381,11.991434689507495,7.922912205567452,0.21413276231263384,0.4282655246252677,0.0,1.9271948608137046,0.0,1.9271948608137046,0.21413276231263384,1.7130620985010707,0.21413276231263384,0.8565310492505354,2.9978586723768736,8.779443254817988,0.0,0.4282655246252677,0.4282655246252677,0.21413276231263384,0.21413276231263384,43.897216274089935,0.0,0.21413276231263384,4.496788008565311,175.58886509635974,1.284796573875803,0.8565310492505354,0.4282655246252677,0.0,0.0,0.4282655246252677,0.0,2.569593147751606,2.78372591006424,0.8565310492505354,2.569593147751606,0.0,0.21413276231263384,0.21413276231263384,14.346895074946467,7.430406852248395,0.0,0.4282655246252677,0.8565310492505354,0.21413276231263384,1.0
CD_I993834,Josh Dunkley,Brisbane Lions,Ruck-Rover,5.0,"https://s.afl.com.au/staticfile/AFL Tenant/AFL/Players/ChampIDImages/AFL/2025014/993834.png?im=Scale,width=0.6,height=0.6",0.8216666666666668,9.860000000000001,12,15.010141987829613,5.88235294117647,14.908722109533466,29.91886409736308,20.4868154158215,0.20283975659229206,0.3042596348884381,0.0,8.519269776876266,0.8113590263691682,4.259634888438133,6.896551724137931,4.259634888438133,2.231237322515213,0.8113590263691682,12.880324543610547,16.937119675456387,0.5070993914807301,0.3042596348884381,2.434077079107505,0.0,0.20283975659229206,127.89046653144014,2.5354969574036508,4.361054766734279,6.693711967545638,382.7586206896551,4.665314401622718,3.245436105476673,1.9269776876267746,0.0,0.0,0.5070993914807301,0.20283975659229206,12.576064908722108,8.012170385395537,1.4198782961460445,8.823529411764705,0.0,0.6085192697768762,0.5070993914807301,26.977687626774845,14.888438133874239,0.4056795131845841,2.434077079107505,0.7099391480730223,0.8113590263691682,1.0
CD_I296347,Josh Kelly,GWS GIANTS,Centre,22.0,"https://s.afl.com.au/staticfile/AFL Tenant/AFL/Players/ChampIDImages/AFL/2025014/296347.png?im=Scale,width=0.6,height=0.6",0.5491666666666667,6.590000000000001,8,13.505311077389983,4.400606980273141,16.38846737481032,29.8937784522003,21.699544764795142,0.1517450682852807,0.3034901365705614,0.0,6.37329286798179,3.4901365705614564,4.400606980273141,3.0349013657056143,4.400606980273141,0.4552352048558421,1.5174506828528072,9.559939301972685,20.637329286798177,0.1517450682852807,0.0,1.5174506828528072,0.1517450682852807,0.4552352048558421,109.10470409711684,0.9104704097116842,2.12443095599393,6.676783004552351,450.37936267071314,6.37329286798179,3.793626707132018,0.7587253414264036,0.0,0.1517450682852807,0.4552352048558421,0.1517450682852807,14.567526555386948,8.042488619119878,0.6069802731411228,7.890743550834597,0.0,0.7587253414264036,0.1517450682852807,23.97572078907435,11.638846737481032,0.0,1.8209408194233685,0.7587253414264036,1.2139605462822456,1.0
CD_I1017051,Josh Rachele,Adelaide Crows,"Half-Forward, Ruck-Rover",8.0,"https://s.afl.com.au/staticfile/AFL Tenant/AFL/Players/ChampIDImages/AFL/2025014/1017051.png?im=Scale,width=0.6,height=0.6",0.5558333333333334,6.67,9,13.343328335832084,5.547226386806597,4.6476761619190405,17.991004497751124,12.593703148425787,2.9985007496251876,1.3493253373313343,0.0,2.848575712143928,0.5997001499250375,2.848575712143928,1.7991004497751124,2.848575712143928,0.7496251874062969,1.0494752623688155,5.397301349325337,11.99400299850075,0.5997001499250375,2.098950524737631,1.4992503748125938,0.29985007496251875,1.949025487256372,94.30284857571215,0.7496251874062969,1.0494752623688155,9.145427286356822,375.4122938530735,2.848575712143928,0.7496251874062969,1.7991004497751124,0.0,0.0,0.8995502248875562,0.0,3.1484257871064467,8.845577211394303,1.7991004497751124,3.598200899550225,0.0,0.0,0.7496251874062969,17.24137931034483,17.1664167916042,0.0,1.0494752623688155,4.6476761619190405,0.7496251874062969,1.0
CD_I1017078,Josh Sinn,Port Adelaide,Centre Half-Back,8.0,"https://s.afl.com.au/staticfile/AFL Tenant/AFL/Players/ChampIDImages/AFL/2025014/1017078.png?im=Scale,width=0.6,height=0.6",0.4863636363636364,5.35,9,15.327102803738319,5.420560747663552,4.299065420560748,19.626168224299068,15.88785046728972,0.0,0.1869158878504673,0.0,1.4953271028037385,5.794392523364486,1.869158878504673,0.1869158878504673,2.2429906542056077,0.7476635514018692,0.5607476635514019,3.1775700934579443,12.897196261682243,0.0,0.0,2.2429906542056077,0.5607476635514019,0.1869158878504673,76.0747663551402,0.0,0.1869158878504673,3.1775700934579443,515.5140186915888,3.738317757009346,3.3644859813084116,0.0,0.7476635514018692,1.6822429906542058,0.0,0.0,6.728971962616823,11.962616822429908,0.0,2.6168224299065423,0.0,0.3738317757009346,0.0,8.598130841121495,9.14018691588785,0.0,1.3084112149532712,0.1869158878504673,1.869158878504673,1.0
CD_I1012819,Josh Treacy,Fremantle,Full-Forward,35.0,"https://s.afl.com.au/staticfile/AFL Tenant/AFL/Players/ChampIDImages/AFL/2025014/1012819.png?im=Scale,width=0.6,height=0.6",0.9058333333333334,10.870000000000001,12,8.279668813247469,5.703771849126034,4.323827046918123,12.603495860165593,9.015639374425023,2.1159153633854646,1.011959521619135,1.011959521619135,1.6559337626494939,0.18399264029438822,2.2079116835326587,0.0,2.575896964121435,0.8279668813247469,1.1959521619135234,5.519779208831646,7.359705611775528,1.747930082796688,2.2999080036798527,2.1159153633854646,0.18399264029438822,0.5519779208831647,69.18123275068997,0.0,0.0,5.979760809567617,263.84544618215267,3.403863845446182,0.8279668813247469,1.1039558417663293,0.0,0.0,3.679852805887764,1.1959521619135234,1.839926402943882,5.059797608095676,1.747930082796688,2.851885924563017,0.18399264029438822,0.18399264029438822,1.9319227230910763,9.475620975160993,9.429622815087395,1.3799448022079115,0.09199632014719411,3.403863845446182,1.5639374425022998,1.0
CD_I1017110,Josh Ward,Hawthorn,Centre,25.0,"https://s.afl.com.au/staticfile/AFL Tenant/AFL/Players/ChampIDImages/AFL/2025014/1017110.png?im=Scale,width=0.6,height=0.6",0.6761538461538462,8.790000000000001,12,14.903299203640499,4.550625711035267,15.01706484641638,29.92036405005688,22.525597269624573,0.22753128555176336,0.341296928327645,0.0,3.8680318543799768,1.9340159271899884,4.6643913538111486,4.77815699658703,2.844141069397042,0.5688282138794084,0.5688282138794084,10.580204778156995,19.908987485779292,0.0,0.22753128555176336,0.7963594994311717,0.4550625711035267,0.5688282138794084,104.43686006825938,1.36518771331058,3.41296928327645,7.167235494880545,451.9908987485779,3.9817974971558585,3.754266211604095,0.22753128555176336,0.0,0.0,0.0,0.0,11.035267349260522,9.783845278725824,0.5688282138794084,7.50853242320819,0.0,0.22753128555176336,0.22753128555176336,21.84300341296928,16.93970420932878,0.0,0.7963594994311717,0.68259385665529,0.11376564277588168,1.0
CD_I1027935,Josh Weddle,Hawthorn,Half-Back,23.0,"https://s.afl.com.au/staticfile/AFL Tenant/AFL/Players/ChampIDImages/AFL/2025014/1027935.png?im=Scale,width=0.6,height=0.6",0.8561538461538462,11.129999999999999,13,10.51212938005391,5.840071877807727,8.53548966756514,19.04761904761905,14.734950584007189,0.7187780772686434,0.2695417789757413,3.0548068283917345,2.0664869721473496,3.5040431266846364,2.336028751123091,0.628930817610063,2.2461814914645104,1.257861635220126,0.2695417789757413,7.008086253369273,12.309074573225518,1.257861635220126,0.7187780772686434,3.414195867026056,1.5274034141958672,0.2695417789757413,82.47978436657682,0.0,0.628930817610063,4.672057502246182,330.72776280323455,3.0548068283917345,6.828391734052112,0.3593890386343217,0.3593890386343217,1.257861635220126,0.17969451931716085,0.17969451931716085,7.097933513027853,7.367475292003594,0.5390835579514826,4.132973944294699,0.5390835579514826,2.2461814914645104,0.2695417789757413,11.230907457322553,13.575920934411501,8.176100628930818,1.4375561545372868,0.9883198562443847,2.8751123090745736,1.0
CD_I1011981,Josh Worrell,Adelaide Crows,Back-Pocket,24.0,"https://s.afl.com.au/staticfile/AFL Tenant/AFL/Players/ChampIDImages/AFL/2025014/1011981.png?im=Scale,width=0.6,height=0.6",0.8608333333333333,10.33,12,15.972894482090997,5.614714424007745,7.55082284607938,23.523717328170378,17.521781219748306,0.0,0.0,0.0,1.6456921587608906,6.389157792836399,1.452081316553727,0.2904162633107454,3.388189738625363,0.5808325266214908,0.7744433688286544,6.96999031945789,13.359148112294289,0.484027105517909,0.0,3.6786060019361084,0.0968054211035818,0.1936108422071636,84.70474346563408,0.0,0.2904162633107454,4.162633107454018,443.94966118102616,4.549854791868345,8.325266214908035,0.0,0.3872216844143272,2.032913843175218,0.0,0.0,6.195546950629235,11.713455953533398,0.0,5.90513068731849,0.0,1.8393030009680542,0.0,8.325266214908035,9.30300096805421,0.0,2.032913843175218,0.0,3.388189738625363,1.0
CD_I1020668,Joshua Draper,Fremantle,Centre Half-Back,37.0,"https://s.afl.com.au/staticfile/AFL Tenant/AFL/Players/ChampIDImages/AFL/2025014/1020668.png?im=Scale,width=0.6,height=0.6",0.6058333333333333,7.2700000000000005,9,5.364511691884457,3.163686382393397,4.951856946354883,10.31636863823934,8.665749656121045,0.0,0.0,0.8253094910591471,2.063273727647868,2.063273727647868,0.5502063273727648,0.5502063273727648,2.063273727647868,0.5502063273727648,1.3755158184319118,5.089408528198074,5.502063273727647,0.2751031636863824,0.0,4.814305364511692,0.1375515818431912,0.1375515818431912,40.990371389270976,0.0,0.5502063273727648,0.9628610729023384,140.85281980742778,1.6506189821182942,4.126547455295736,0.1375515818431912,0.5502063273727648,1.3755158184319118,0.0,0.0,5.639614855570839,4.401650618982118,0.0,3.9889958734525446,0.41265474552957354,0.5502063273727648,0.0,7.565337001375515,7.3039889958734525,2.063273727647868,0.41265474552957354,0.0,4.401650618982118,1.0
CD_I1017703,Judd McVee,Melbourne,"Back-Pocket, Half-Back",4.0,"https://s.afl.com.au/staticfile/AFL Tenant/AFL/Players/ChampIDImages/AFL/2025014/1017703.png?im=Scale,width=0.6,height=0.6",0.41583333333333333,4.99,6,13.226452905811623,6.613226452905812,7.414829659318637,20.64128256513026,17.034068136272545,0.0,0.4008016032064128,0.0,2.2044088176352705,2.6052104208416833,1.4028056112224447,0.8016032064128256,1.8036072144288577,0.8016032064128256,0.4008016032064128,4.609218436873747,16.432865731462925,0.0,0.0,3.2064128256513023,0.8016032064128256,0.0,83.16633266533066,0.0,0.8016032064128256,3.6072144288577155,249.09819639278555,2.004008016032064,5.410821643286573,0.0,0.0,0.8016032064128256,0.0,0.0,6.012024048096192,10.220440881763526,0.0,3.2064128256513023,0.0,1.002004008016032,0.2004008016032064,9.418837675350701,8.897795591182364,0.0,1.8036072144288577,0.4008016032064128,2.2044088176352705,1.0
CD_I1011936,Justin McInerney,Sydney Swans,"Half-Forward, Wing",27.0,"https://s.afl.com.au/staticfile/AFL Tenant/AFL/Players/ChampIDImages/AFL/2025014/1011936.png?im=Scale,width=0.6,height=0.6",0.5516666666666666,6.62,8,14.19939577039275,5.891238670694864,13.293051359516616,27.492447129909365,20.241691842900302,0.3021148036253776,0.6042296072507553,0.0,1.8126888217522659,1.9637462235649545,4.833836858006042,3.6253776435045317,3.927492447129909,1.9637462235649545,1.661631419939577,10.574018126888218,17.673716012084594,0.3021148036253776,0.1510574018126888,1.8126888217522659,0.0,0.45317220543806647,93.50453172205438,1.0574018126888218,2.56797583081571,6.042296072507553,369.63746223564954,3.474320241691843,3.323262839879154,0.45317220543806647,0.0,0.1510574018126888,0.45317220543806647,0.1510574018126888,7.401812688821752,9.365558912386707,0.7552870090634441,6.646525679758308,0.0,0.1510574018126888,0.1510574018126888,15.709969788519636,12.371601208459214,0.6042296072507553,1.0574018126888218,1.2084592145015105,0.9063444108761329,1.0
CD_I993998,Jy Simpkin,North Melbourne,Wing,12.0,"https://s.afl.com.au/staticfile/AFL Tenant/AFL/Players/ChampIDImages/AFL/2025014/993998.png?im=Scale,width=0.6,height=0.6",0.8472727272727273,9.32,11,15.02145922746781,4.613733905579399,11.909871244635193,26.931330472103003,18.776824034334762,0.8583690987124464,0.4291845493562232,0.0,4.506437768240343,1.2875536480686696,4.613733905579399,5.793991416309012,4.935622317596566,1.7167381974248928,1.502145922746781,11.266094420600858,16.094420600858367,0.1072961373390558,0.9656652360515021,1.0729613733905579,0.7510729613733905,0.8583690987124464,103.54077253218884,1.9313304721030042,3.8626609442060085,6.11587982832618,418.0257510729614,5.042918454935622,2.2532188841201717,0.3218884120171674,0.1072961373390558,0.1072961373390558,0.3218884120171674,0.0,10.193133047210301,8.369098712446352,0.6437768240343348,7.4034334763948495,0.0,0.4291845493562232,0.4291845493562232,21.781115879828324,14.141630901287554,0.0,1.1802575107296136,1.502145922746781,0.4291845493562232,1.0
CD_I1020594,Jye Amiss,Fremantle,Forward Pocket,24.0,"https://s.afl.com.au/staticfile/AFL Tenant/AFL/Players/ChampIDImages/AFL/2025014/1020594.png?im=Scale,width=0.6,height=0.6",0.8616666666666666,10.34,12,5.319148936170213,3.8684719535783367,3.771760154738878,9.090909090909092,6.189555125725339,1.644100580270793,0.6769825918762089,0.0,1.3539651837524178,0.09671179883945842,0.9671179883945842,0.2901353965183752,1.8375241779497098,0.9671179883945842,0.9671179883945842,3.5783365570599615,5.609284332688588,0.7736943907156674,1.7408123791102514,1.7408123791102514,0.0,0.2901353965183752,49.129593810444874,0.0,0.2901353965183752,4.25531914893617,127.75628626692456,1.7408123791102514,0.19342359767891684,0.7736943907156674,0.0,0.0,2.514506769825919,0.4835589941972921,0.8704061895551257,3.1914893617021276,1.1605415860735009,1.644100580270793,0.0,0.09671179883945842,0.8704061895551257,5.51257253384913,5.212765957446809,0.0,0.19342359767891684,2.804642166344294,1.5473887814313347,1.0
CD_I1006103,Jye Caldwell,Essendon,"Centre, Ruck-Rover",6.0,"https://s.afl.com.au/staticfile/AFL Tenant/AFL/Players/ChampIDImages/AFL/2025014/1006103.png?im=Scale,width=0.6,height=0.6",0.4627272727272727,5.09,7,15.913555992141454,6.090373280943026,20.23575638506876,36.149312377210215,25.540275049115913,0.5893909626719057,0.39292730844793716,0.0,8.644400785854618,1.9646365422396856,5.50098231827112,7.072691552062868,6.090373280943026,1.1787819253438114,1.5717092337917486,15.520628683693516,21.218074656188605,0.19646365422396858,0.19646365422396858,0.9823182711198428,0.0,0.5893909626719057,141.45383104125736,3.3398821218074657,3.732809430255403,8.25147347740668,367.19056974459727,4.911591355599215,3.732809430255403,0.7858546168958743,0.0,0.0,0.0,0.0,16.895874263261298,10.216110019646365,1.1787819253438114,9.82318271119843,0.0,0.0,0.39292730844793716,32.80943025540275,14.911591355599215,0.0,1.768172888015717,1.1787819253438114,0.19646365422396858,1.0
CD_I1013201,Jye Menzie,Essendon,Interchange,29.0,"https://s.afl.com.au/staticfile/AFL Tenant/AFL/Players/ChampIDImages/AFL/2025014/1013201.png?im=Scale,width=0.6,height=0.6",0.26636363636363636,2.93,6,10.238907849829351,6.484641638225256,5.1194539249146755,15.358361774744026,8.87372013651877,1.706484641638225,1.023890784982935,0.0,1.706484641638225,0.341296928327645,2.04778156996587,0.0,3.0716723549488054,0.68259385665529,1.36518771331058,4.09556313993174,11.262798634812286,0.68259385665529,3.0716723549488054,1.023890784982935,0.341296928327645,1.023890784982935,75.0853242320819,0.0,0.0,8.19112627986348,284.3003412969283,2.73037542662116,1.023890784982935,0.0,0.0,0.0,1.36518771331058,0.68259385665529,4.436860068259385,4.436860068259385,1.36518771331058,2.73037542662116,0.0,0.0,1.706484641638225,13.310580204778157,7.235494880546074,0.0,0.341296928327645,4.09556313993174,0.68259385665529,1.0
CD_I1005330,Kade Chandler,Melbourne,"Forward Pocket, Wing",37.0,"https://s.afl.com.au/staticfile/AFL Tenant/AFL/Players/ChampIDImages/AFL/2025014/1005330.png?im=Scale,width=0.6,height=0.6",0.8683333333333334,10.42,12,11.036468330134356,5.470249520153551,5.950095969289827,16.986564299424185,12.284069097888676,1.055662188099808,0.6717850287907869,0.0,3.9347408829174664,1.5355086372360844,3.5508637236084453,1.6314779270633397,1.6314779270633397,1.055662188099808,0.3838771593090211,6.142034548944338,11.516314779270633,0.09596928982725528,0.9596928982725528,0.8637236084452975,0.0,0.3838771593090211,84.06909788867563,0.3838771593090211,1.2476007677543186,5.470249520153551,332.6295585412668,2.495201535508637,2.783109404990403,0.7677543186180422,0.09596928982725528,0.28790786948176583,0.09596928982725528,0.09596928982725528,6.90978886756238,7.293666026871401,1.4395393474088292,4.414587332053743,0.0,0.3838771593090211,0.9596928982725528,17.08253358925144,11.353166986564299,0.0,1.3435700575815739,2.015355086372361,0.3838771593090211,1.0
CD_I1014026,Kai Lohmann,Brisbane Lions,"Forward Pocket, Half-Forward",1.0,"https://s.afl.com.au/staticfile/AFL Tenant/AFL/Players/ChampIDImages/AFL/2025014/1014026.png?im=Scale,width=0.6,height=0.6",0.3433333333333334,4.12,7,8.737864077669903,4.126213592233009,3.640776699029126,12.37864077669903,8.252427184466018,0.7281553398058253,0.7281553398058253,0.0,2.6699029126213594,0.0,4.126213592233009,0.4854368932038835,3.1553398058252426,0.970873786407767,1.4563106796116505,3.1553398058252426,9.466019417475728,0.0,0.970873786407767,0.4854368932038835,0.24271844660194175,1.6990291262135921,58.252427184466015,0.4854368932038835,0.0,4.368932038834951,225.72815533980582,2.4271844660194173,0.4854368932038835,1.2135922330097086,0.0,0.0,0.4854368932038835,0.0,2.4271844660194173,4.854368932038835,0.970873786407767,1.941747572815534,0.0,0.0,0.970873786407767,15.533980582524272,5.606796116504855,0.0,0.0,1.941747572815534,0.24271844660194175,1.0
CD_I1022999,Kaleb Smith,Richmond,Half-Back,49.0,"https://s.afl.com.au/staticfile/AFL Tenant/AFL/Players/ChampIDImages/AFL/2025014/1022999.png?im=Scale,width=0.6,height=0.6",0.26916666666666667,3.2299999999999995,6,12.693498452012387,6.191950464396286,6.191950464396286,18.88544891640867,13.62229102167183,0.0,0.0,0.0,0.9287925696594429,4.024767801857585,1.8575851393188858,1.238390092879257,4.024767801857585,0.6191950464396285,0.9287925696594429,5.2631578947368425,12.074303405572756,0.6191950464396285,0.0,2.476780185758514,0.0,0.0,70.58823529411765,0.30959752321981426,0.9287925696594429,3.095975232198143,332.50773993808053,4.953560371517028,4.024767801857585,0.0,0.6191950464396285,1.238390092879257,0.0,0.0,3.7151702786377716,8.6687306501548,0.0,4.024767801857585,0.0,1.5479876160990715,0.0,6.191950464396286,5.975232198142416,0.0,0.9287925696594429,0.0,2.1671826625387,1.0
CD_I1012144,Kallan Dawson,North Melbourne,Full-Back,42.0,"https://s.afl.com.au/staticfile/AFL Tenant/AFL/Players/ChampIDImages/AFL/2025014/1012144.png?im=Scale,width=0.6,height=0.6",0.16363636363636364,1.8,2,4.444444444444445,3.333333333333333,3.888888888888889,8.333333333333334,5.555555555555555,0.0,0.0,0.0,1.1111111111111112,2.7777777777777777,0.0,0.0,2.7777777777777777,0.5555555555555556,1.6666666666666665,1.6666666666666665,6.111111111111111,0.0,0.0,6.111111111111111,0.5555555555555556,0.0,31.11111111111111,0.0,0.0,1.1111111111111112,198.88888888888889,2.2222222222222223,2.2222222222222223,0.0,0.5555555555555556,1.6666666666666665,0.0,0.0,4.444444444444445,2.2222222222222223,0.0,1.1111111111111112,0.0,0.5555555555555556,0.0,6.111111111111111,3.2222222222222223,0.0,0.5555555555555556,0.0,4.444444444444445,1.0
CD_I294592,Kamdyn McIntosh,Richmond,Centre,33.0,"https://s.afl.com.au/staticfile/AFL Tenant/AFL/Players/ChampIDImages/AFL/2025014/294592.png?im=Scale,width=0.6,height=0.6",0.7424999999999999,8.91,12,11.672278338945006,4.713804713804714,7.631874298540965,19.30415263748597,12.906846240179574,0.5611672278338945,0.3367003367003367,0.6734006734006734,5.3872053872053876,2.0202020202020203,2.9180695847362514,2.132435465768799,3.142536475869809,0.3367003367003367,0.7856341189674523,6.172839506172839,13.580246913580247,0.3367003367003367,0.3367003367003367,1.6835016835016834,0.0,0.2244668911335578,88.327721661055,0.7856341189674523,1.3468013468013469,4.264870931537598,315.4882154882155,3.9281705948372614,2.4691358024691357,0.4489337822671156,0.1122334455667789,0.3367003367003367,0.1122334455667789,0.1122334455667789,9.539842873176207,7.295173961840629,0.4489337822671156,4.264870931537598,0.3367003367003367,0.8978675645342312,0.2244668911335578,20.42648709315376,9.25925925925926,3.9281705948372614,0.8978675645342312,1.0101010101010102,0.6734006734006734,1.0
CD_I1002253,Kane Farrell,Port Adelaide,Half-Back,6.0,"https://s.afl.com.au/staticfile/AFL Tenant/AFL/Players/ChampIDImages/AFL/2025014/1002253.png?im=Scale,width=0.6,height=0.6",0.6581818181818182,7.24,9,19.19889502762431,5.939226519337017,5.386740331491713,24.585635359116022,18.646408839779006,0.13812154696132597,0.4143646408839779,0.0,2.4861878453038675,6.767955801104972,3.314917127071823,0.8287292817679558,3.867403314917127,0.4143646408839779,1.5193370165745856,3.591160220994475,15.331491712707182,0.13812154696132597,0.0,1.7955801104972375,1.2430939226519337,0.13812154696132597,93.23204419889503,0.13812154696132597,0.6906077348066298,4.143646408839779,632.182320441989,5.939226519337017,4.281767955801105,0.13812154696132597,0.4143646408839779,0.6906077348066298,0.0,0.0,9.116022099447514,14.3646408839779,0.13812154696132597,2.9005524861878453,0.0,1.6574585635359116,0.0,13.259668508287293,9.41988950276243,0.0,1.2430939226519337,0.5524861878453039,1.3812154696132597,1.0
CD_I1019916,Kane McAuliffe,Richmond,"Centre Half-Forward, Half-Back",28.0,"https://s.afl.com.au/staticfile/AFL Tenant/AFL/Players/ChampIDImages/AFL/2025014/1019916.png?im=Scale,width=0.6,height=0.6",0.235,2.82,4,9.929078014184398,4.609929078014185,15.957446808510639,25.886524822695037,18.79432624113475,0.0,1.4184397163120568,0.0,7.092198581560284,1.0638297872340425,4.609929078014185,3.191489361702128,1.773049645390071,0.0,1.0638297872340425,10.99290780141844,14.893617021276597,0.0,0.7092198581560284,0.0,0.3546099290780142,0.7092198581560284,102.1276595744681,0.7092198581560284,2.4822695035460995,6.382978723404256,319.5035460992908,2.4822695035460995,5.673758865248227,1.0638297872340425,0.0,0.0,0.0,0.0,10.283687943262413,6.382978723404256,1.0638297872340425,9.929078014184398,0.0,1.0638297872340425,0.0,23.404255319148938,13.120567375886525,0.0,2.127659574468085,1.773049645390071,0.0,1.0
CD_I297354,Karl Amon,Hawthorn,Wing,10.0,"https://s.afl.com.au/staticfile/AFL Tenant/AFL/Players/ChampIDImages/AFL/2025014/297354.png?im=Scale,width=0.6,height=0.6",0.7553846153846154,9.82,12,20.875763747454176,5.60081466395112,8.044806517311608,28.920570264765782,24.236252545824847,0.20366598778004072,0.20366598778004072,0.0,2.6476578411405294,7.026476578411405,4.582484725050916,1.3238289205702647,2.4439918533604885,0.8146639511201629,0.40733197556008144,4.582484725050916,19.144602851323828,0.20366598778004072,0.0,1.2219959266802443,1.4256619144602851,0.9164969450101833,107.12830957230142,0.20366598778004072,1.120162932790224,5.60081466395112,709.1649694501018,5.60081466395112,3.8696537678207736,0.0,0.0,0.30549898167006106,0.10183299389002036,0.0,12.219959266802444,17.311608961303463,0.0,3.6659877800407332,0.0,0.5091649694501018,0.10183299389002036,17.209775967413442,14.562118126272912,0.0,1.7311608961303462,0.40733197556008144,0.8146639511201629,1.0
CD_I1021015,Karl Worner,Fremantle,Centre Half-Back,23.0,"https://s.afl.com.au/staticfile/AFL Tenant/AFL/Players/ChampIDImages/AFL/2025014/1021015.png?im=Scale,width=0.6,height=0.6",0.6699999999999999,8.04,11,10.696517412935325,5.845771144278608,7.46268656716418,18.159203980099505,14.676616915422887,0.0,0.0,0.0,2.3631840796019903,3.4825870646766175,1.3681592039800996,0.6218905472636816,1.7412935323383087,0.6218905472636816,0.49751243781094534,4.477611940298508,12.064676616915424,0.49751243781094534,0.0,2.985074626865672,0.0,0.0,73.13432835820896,0.12437810945273634,0.49751243781094534,2.611940298507463,262.06467661691545,2.611940298507463,5.3482587064676625,0.0,0.24875621890547267,0.6218905472636816,0.0,0.0,6.343283582089553,8.706467661691542,0.0,3.3582089552238807,0.0,1.6169154228855722,0.0,8.582089552238807,6.616915422885573,0.0,1.119402985074627,0.0,2.736318407960199,1.0
CD_I1006059,Keidean Coleman,Brisbane Lions,Half-Back,18.0,"https://s.afl.com.au/staticfile/AFL Tenant/AFL/Players/ChampIDImages/AFL/2025014/1006059.png?im=Scale,width=0.6,height=0.6",0.05666666666666667,0.68,1,19.11764705882353,8.823529411764705,8.823529411764705,27.941176470588232,20.588235294117645,0.0,0.0,0.0,1.4705882352941175,11.76470588235294,2.941176470588235,0.0,1.4705882352941175,0.0,0.0,4.411764705882352,20.588235294117645,0.0,0.0,0.0,0.0,0.0,107.35294117647058,0.0,0.0,2.941176470588235,698.5294117647059,5.88235294117647,8.823529411764705,0.0,0.0,0.0,0.0,0.0,10.294117647058822,13.235294117647058,0.0,4.411764705882352,0.0,2.941176470588235,0.0,16.176470588235293,13.38235294117647,0.0,2.941176470588235,1.4705882352941175,0.0,1.0
CD_I1008436,Kieren Briggs,GWS GIANTS,Ruck,32.0,"https://s.afl.com.au/staticfile/AFL Tenant/AFL/Players/ChampIDImages/AFL/2025014/1008436.png?im=Scale,width=0.6,height=0.6",0.6116666666666667,7.340000000000001,11,8.174386920980925,2.5885558583106265,7.356948228882833,15.531335149863759,10.626702997275203,0.2724795640326975,0.13623978201634876,40.05449591280654,4.223433242506812,1.4986376021798364,2.5885558583106265,5.177111716621253,5.722070844686648,1.4986376021798364,2.5885558583106265,10.217983651226158,6.948228882833787,0.6811989100817438,0.2724795640326975,4.087193460490463,0.0,0.2724795640326975,99.4550408719346,2.4523160762942777,2.7247956403269753,4.9046321525885554,212.67029972752042,3.1335149863760217,2.17983651226158,0.2724795640326975,0.544959128065395,1.08991825613079,0.4087193460490463,0.13623978201634876,7.7656675749318795,4.495912806539509,0.13623978201634876,3.6784741144414164,10.217983651226158,0.8174386920980926,0.13623978201634876,13.487738419618527,15.585831062670298,88.55585831062669,3.1335149863760217,0.544959128065395,2.316076294277929,1.0
CD_I1023640,Koltyn Tholstrup,Melbourne,Forward Pocket,12.0,"https://s.afl.com.au/staticfile/AFL Tenant/AFL/Players/ChampIDImages/AFL/2025014/1023640.png?im=Scale,width=0.6,height=0.6",0.19333333333333333,2.32,4,5.172413793103448,3.017241379310345,6.03448275862069,11.206896551724139,7.758620689655173,0.4310344827586207,1.293103448275862,0.0,5.172413793103448,0.8620689655172414,0.8620689655172414,0.0,2.586206896551724,2.1551724137931036,0.4310344827586207,6.03448275862069,5.603448275862069,0.8620689655172414,0.8620689655172414,0.8620689655172414,0.4310344827586207,0.4310344827586207,62.06896551724138,0.0,0.0,4.310344827586207,115.94827586206897,1.293103448275862,0.8620689655172414,3.017241379310345,0.0,0.0,0.8620689655172414,0.0,3.017241379310345,3.4482758620689657,2.1551724137931036,3.8793103448275863,0.0,0.0,0.8620689655172414,17.24137931034483,4.956896551724138,0.0,0.0,1.7241379310344829,0.8620689655172414,1.0
CD_I298630,Kyle Langford,Essendon,Forward Pocket,4.0,"https://s.afl.com.au/staticfile/AFL Tenant/AFL/Players/ChampIDImages/AFL/2025014/298630.png?im=Scale,width=0.6,height=0.6",0.39272727272727276,4.32,6,7.638888888888888,3.2407407407407405,5.787037037037036,13.425925925925926,8.564814814814815,0.9259259259259258,0.23148148148148145,0.0,2.5462962962962963,0.4629629629629629,3.009259259259259,0.23148148148148145,3.009259259259259,1.1574074074074074,1.1574074074074074,5.3240740740740735,8.796296296296296,0.9259259259259258,0.6944444444444444,1.8518518518518516,0.0,0.4629629629629629,57.87037037037037,0.0,0.23148148148148145,4.166666666666666,198.84259259259258,3.472222222222222,1.6203703703703702,0.6944444444444444,0.0,0.0,3.009259259259259,0.9259259259259258,3.7037037037037033,4.166666666666666,0.6944444444444444,2.7777777777777777,0.0,0.0,1.1574074074074074,13.425925925925926,7.986111111111111,3.935185185185185,0.4629629629629629,1.6203703703703702,1.3888888888888888,1.0
CD_I1008541,Kysaiah Pickett,Melbourne,"Forward Pocket, Half-Forward",36.0,"https://s.afl.com.au/staticfile/AFL Tenant/AFL/Players/ChampIDImages/AFL/2025014/1008541.png?im=Scale,width=0.6,height=0.6",0.63,7.56,9,15.873015873015873,4.62962962962963,7.275132275132275,23.14814814814815,14.682539682539684,2.380952380952381,2.380952380952381,0.0,4.365079365079366,0.39682539682539686,5.026455026455027,4.62962962962963,4.2328042328042335,1.1904761904761905,1.4550264550264551,9.656084656084657,14.153439153439153,0.39682539682539686,2.1164021164021167,2.1164021164021167,1.5873015873015874,0.5291005291005292,107.01058201058201,3.0423280423280423,1.5873015873015874,8.597883597883598,445.3703703703704,4.1005291005291005,1.8518518518518519,1.3227513227513228,0.0,0.0,0.9259259259259259,0.39682539682539686,6.084656084656085,8.862433862433862,2.5132275132275135,5.9523809523809526,0.0,0.0,0.7936507936507937,19.444444444444446,15.72751322751323,0.0,1.4550264550264551,5.8201058201058204,0.2645502645502646,1.0
CD_I1009253,Lachie Ash,GWS GIANTS,Half-Back,7.0,"https://s.afl.com.au/staticfile/AFL Tenant/AFL/Players/ChampIDImages/AFL/2025014/1009253.png?im=Scale,width=0.6,height=0.6",0.8125,9.75,12,22.358974358974358,8.717948717948717,12.923076923076923,35.282051282051285,29.743589743589745,0.0,0.10256410256410256,0.0,2.6666666666666665,7.794871794871795,2.9743589743589745,1.0256410256410255,3.1794871794871793,0.3076923076923077,0.8205128205128205,5.333333333333333,23.692307692307693,0.3076923076923077,0.10256410256410256,1.8461538461538463,2.2564102564102564,0.41025641025641024,127.6923076923077,0.10256410256410256,0.9230769230769231,6.153846153846154,691.8974358974359,4.82051282051282,5.743589743589744,0.10256410256410256,0.3076923076923077,0.8205128205128205,0.0,0.0,8.820512820512821,18.05128205128205,0.10256410256410256,4.717948717948718,0.0,1.0256410256410255,0.3076923076923077,13.128205128205128,17.784615384615385,0.0,2.051282051282051,0.10256410256410256,1.5384615384615385,1.0
CD_I1002228,Lachie Fogarty,Carlton,"Forward Pocket, Half-Forward, Half-Forward",8.0,"https://s.afl.com.au/staticfile/AFL Tenant/AFL/Players/ChampIDImages/AFL/2025014/1002228.png?im=Scale,width=0.6,height=0.6",0.6027272727272727,6.63,9,7.239819004524887,3.6199095022624435,7.843137254901961,15.082956259426847,10.708898944193063,0.7541478129713424,0.6033182503770739,0.0,5.731523378582202,0.6033182503770739,3.167420814479638,0.6033182503770739,1.6591251885369533,0.7541478129713424,0.45248868778280543,6.334841628959276,8.89894419306184,0.30165912518853694,0.7541478129713424,1.8099547511312217,0.0,0.7541478129713424,75.71644042232278,0.15082956259426847,0.45248868778280543,5.580693815987933,198.0392156862745,2.4132730015082955,1.5082956259426847,3.167420814479638,0.15082956259426847,0.15082956259426847,1.5082956259426847,0.15082956259426847,4.675716440422323,3.9215686274509807,1.8099547511312217,4.675716440422323,0.0,0.0,0.6033182503770739,16.138763197586727,10.226244343891405,0.0,0.45248868778280543,1.3574660633484164,0.7541478129713424,1.0
CD_I1011583,Lachie Jones,Port Adelaide,Back-Pocket,34.0,"https://s.afl.com.au/staticfile/AFL Tenant/AFL/Players/ChampIDImages/AFL/2025014/1011583.png?im=Scale,width=0.6,height=0.6",0.58,6.38,9,7.210031347962382,3.761755485893417,6.58307210031348,13.793103448275863,10.9717868338558,0.0,0.0,0.0,2.3510971786833856,3.29153605015674,1.2539184952978057,0.6269592476489029,3.134796238244514,1.7241379310344829,0.9404388714733543,7.993730407523511,6.269592476489028,0.9404388714733543,0.15673981191222572,4.545454545454546,0.0,0.15673981191222572,54.38871473354232,0.0,0.6269592476489029,2.5078369905956115,235.57993730407523,1.8808777429467085,8.77742946708464,0.0,0.0,1.7241379310344829,0.0,0.0,7.053291536050157,5.015673981191223,0.0,5.172413793103448,0.0,2.19435736677116,0.0,9.717868338557993,11.849529780564263,0.0,1.4106583072100314,0.0,3.918495297805643,1.0
CD_I293535,Lachie Neale,Brisbane Lions,Rover,9.0,"https://s.afl.com.au/staticfile/AFL Tenant/AFL/Players/ChampIDImages/AFL/2025014/293535.png?im=Scale,width=0.6,height=0.6",0.8508333333333334,10.21,12,15.377081292850146,4.701273261508325,16.062683643486775,31.43976493633692,22.233104799216452,0.3917727717923604,0.0979431929480901,0.0,4.211557296767874,2.056807051909892,4.995102840352595,7.1498530852105775,3.7218413320274237,0.7835455435847208,1.0773751224289911,14.201762977473065,17.53183153770813,0.1958863858961802,0.3917727717923604,1.2732615083251713,0.2938295788442703,0.5876591576885406,109.20666013712047,2.7424094025465227,4.407443682664055,6.366307541625856,390.59745347698333,4.897159647404505,3.3300685602350635,1.0773751224289911,0.0,0.0,0.1958863858961802,0.0,10.28403525954946,9.50048971596474,0.979431929480901,10.577864838393731,0.0,0.2938295788442703,0.3917727717923604,21.547502448579824,15.749265426052888,0.0,1.7629774730656218,0.8814887365328109,0.0,1.0
CD_I1000860,Lachie Schultz,Collingwood,Forward Pocket,8.0,"https://s.afl.com.au/staticfile/AFL Tenant/AFL/Players/ChampIDImages/AFL/2025014/1000860.png?im=Scale,width=0.6,height=0.6",0.4566666666666667,5.48,7,9.854014598540145,6.56934306569343,8.394160583941606,18.24817518248175,12.226277372262773,0.9124087591240875,1.094890510948905,0.0,7.116788321167883,0.5474452554744526,3.1021897810218975,1.4598540145985401,4.37956204379562,2.0072992700729926,1.4598540145985401,7.116788321167883,11.131386861313867,0.18248175182481752,2.18978102189781,1.4598540145985401,0.18248175182481752,0.9124087591240875,98.72262773722628,0.18248175182481752,1.2773722627737225,7.846715328467153,286.86131386861314,3.64963503649635,3.284671532846715,3.284671532846715,0.0,0.0,0.5474452554744526,0.18248175182481752,6.3868613138686126,5.839416058394161,1.6423357664233575,4.927007299270072,0.0,0.0,1.6423357664233575,25.364963503649633,9.90875912408759,0.0,2.18978102189781,2.9197080291970803,0.7299270072992701,1.0
CD_I298524,Lachie Weller,Gold Coast SUNS,Wing,14.0,"https://s.afl.com.au/staticfile/AFL Tenant/AFL/Players/ChampIDImages/AFL/2025014/298524.png?im=Scale,width=0.6,height=0.6",0.44636363636363635,4.91,7,9.572301425661914,3.2586558044806515,10.79429735234216,20.36659877800407,13.238289205702648,0.6109979633401221,1.0183299389002036,0.0,3.054989816700611,2.6476578411405294,3.2586558044806515,2.240325865580448,2.8513238289205702,0.6109979633401221,0.40733197556008144,6.924643584521385,13.84928716904277,0.0,0.40733197556008144,0.8146639511201629,0.6109979633401221,0.20366598778004072,76.37474541751527,0.20366598778004072,2.0366598778004072,5.091649694501018,404.88798370672095,3.6659877800407332,2.6476578411405294,0.6109979633401221,0.0,0.0,0.0,0.0,6.313645621181262,5.295315682281059,1.0183299389002036,6.109979633401222,0.0,0.20366598778004072,0.20366598778004072,16.293279022403258,8.859470468431772,0.0,1.0183299389002036,1.8329938900203666,0.40733197556008144,1.0
CD_I294305,Lachie Whitfield,GWS GIANTS,Half-Back,6.0,"https://s.afl.com.au/staticfile/AFL Tenant/AFL/Players/ChampIDImages/AFL/2025014/294305.png?im=Scale,width=0.6,height=0.6",0.8058333333333334,9.67,12,23.991726990692865,9.100310237849017,13.236814891416753,37.22854188210962,29.782833505687694,0.0,0.10341261633919338,0.0,3.2057911065149947,5.997931747673216,3.1023784901758016,1.4477766287487073,3.9296794208893484,0.827300930713547,1.1375387797311272,7.238883143743537,23.888314374353673,0.0,0.0,1.654601861427094,0.7238883143743536,0.4136504653567735,136.0910031023785,0.31023784901758017,1.1375387797311272,5.997931747673216,616.7528438469493,5.067218200620475,6.204756980351603,0.0,0.0,0.6204756980351603,0.0,0.0,10.548086866597725,18.40744570837642,0.20682523267838676,6.204756980351603,0.0,0.9307135470527405,0.5170630816959669,16.546018614270942,13.505687693898656,0.0,2.1716649431230612,0.10341261633919338,1.0341261633919339,1.0
CD_I1000864,Lachlan Bramble,Western Bulldogs,Back-Pocket,29.0,"https://s.afl.com.au/staticfile/AFL Tenant/AFL/Players/ChampIDImages/AFL/2025014/1000864.png?im=Scale,width=0.6,height=0.6",0.7508333333333332,9.01,12,13.540510543840178,5.105438401775805,7.214206437291898,20.754716981132077,16.9811320754717,0.11098779134295228,0.0,0.0,1.997780244173141,3.551609322974473,2.108768035516093,1.2208657047724751,2.6637069922308547,1.1098779134295227,0.6659267480577137,4.328523862375139,13.540510543840178,0.33296337402885684,0.0,1.5538290788013318,0.6659267480577137,0.33296337402885684,78.13540510543841,0.0,1.2208657047724751,3.662597114317425,387.6803551609323,3.551609322974473,3.3296337402885685,0.0,0.22197558268590456,0.5549389567147613,0.0,0.0,7.436182019977803,10.432852386237514,0.0,2.9966703662597114,0.0,0.8879023307436182,0.0,10.654827968923419,7.980022197558269,0.0,0.7769145394006659,0.22197558268590456,0.6659267480577137,1.0
CD_I1021353,Lachlan Cowan,Carlton,Half-Back,2.0,"https://s.afl.com.au/staticfile/AFL Tenant/AFL/Players/ChampIDImages/AFL/2025014/1021353.png?im=Scale,width=0.6,height=0.6",0.2890909090909091,3.18,6,11.0062893081761,5.345911949685535,5.660377358490566,16.666666666666664,12.578616352201257,0.31446540880503143,0.0,0.0,4.716981132075471,4.088050314465408,2.830188679245283,1.8867924528301885,1.8867924528301885,0.6289308176100629,0.9433962264150942,5.9748427672955975,11.949685534591195,0.0,0.0,4.088050314465408,0.0,0.31446540880503143,78.93081761006289,0.0,1.8867924528301885,2.5157232704402515,230.188679245283,1.8867924528301885,4.716981132075471,0.0,0.0,0.6289308176100629,0.0,0.0,8.176100628930817,7.547169811320754,0.0,5.031446540880503,0.0,0.9433962264150942,0.31446540880503143,15.723270440251572,9.685534591194969,0.0,0.6289308176100629,0.31446540880503143,3.144654088050314,1.0
CD_I290314,Lachlan Keeffe,GWS GIANTS,"Forward Pocket, Ruck",25.0,"https://s.afl.com.au/staticfile/AFL Tenant/AFL/Players/ChampIDImages/AFL/2025014/290314.png?im=Scale,width=0.6,height=0.6",0.17750000000000002,2.13,3,8.92018779342723,0.4694835680751174,4.694835680751174,13.615023474178404,8.450704225352114,0.4694835680751174,0.0,16.901408450704228,6.103286384976526,1.8779342723004695,1.8779342723004695,3.755868544600939,5.633802816901409,1.8779342723004695,3.755868544600939,7.511737089201878,5.633802816901409,0.0,0.4694835680751174,2.347417840375587,0.0,0.4694835680751174,72.30046948356808,1.8779342723004695,1.8779342723004695,2.347417840375587,236.61971830985917,4.225352112676057,2.8169014084507045,0.0,1.4084507042253522,1.8779342723004695,0.4694835680751174,0.0,9.389671361502348,4.225352112676057,1.4084507042253522,5.633802816901409,5.164319248826291,0.0,0.0,17.370892018779344,9.295774647887324,75.5868544600939,0.9389671361502347,0.4694835680751174,1.4084507042253522,1.0
CD_I1009015,Lachlan McNeil,Western Bulldogs,Half-Forward,30.0,"https://s.afl.com.au/staticfile/AFL Tenant/AFL/Players/ChampIDImages/AFL/2025014/1009015.png?im=Scale,width=0.6,height=0.6",0.6933333333333334,8.32,11,8.29326923076923,2.2836538461538463,6.25,14.54326923076923,10.216346153846153,1.2019230769230769,1.0817307692307692,0.0,1.923076923076923,0.0,2.1634615384615383,0.4807692307692307,2.1634615384615383,1.4423076923076923,0.4807692307692307,5.889423076923077,8.894230769230768,0.24038461538461536,0.6009615384615384,0.4807692307692307,0.0,0.8413461538461539,60.21634615384615,0.24038461538461536,0.24038461538461536,7.211538461538462,196.9951923076923,2.043269230769231,1.3221153846153846,0.3605769230769231,0.0,0.0,1.2019230769230769,0.0,3.485576923076923,4.927884615384615,1.923076923076923,4.206730769230769,0.0,0.0,0.3605769230769231,13.221153846153845,8.149038461538462,0.0,0.9615384615384615,2.7644230769230766,0.12019230769230768,1.0
CD_I1000998,Lachlan Murphy,Adelaide Crows,Interchange,4.0,"https://s.afl.com.au/staticfile/AFL Tenant/AFL/Players/ChampIDImages/AFL/2025014/1000998.png?im=Scale,width=0.6,height=0.6",0.05333333333333334,0.64,1,12.5,3.125,7.8125,20.3125,12.5,0.0,3.125,0.0,3.125,0.0,4.6875,4.6875,3.125,1.5625,1.5625,9.375,10.9375,0.0,0.0,0.0,1.5625,1.5625,75.0,0.0,4.6875,6.25,318.75,3.125,1.5625,1.5625,0.0,0.0,0.0,0.0,7.8125,4.6875,3.125,7.8125,0.0,1.5625,1.5625,25.0,15.78125,0.0,3.125,3.125,0.0,1.0
CD_I1006136,Lachlan Sholl,Adelaide Crows,Wing,38.0,"https://s.afl.com.au/staticfile/AFL Tenant/AFL/Players/ChampIDImages/AFL/2025014/1006136.png?im=Scale,width=0.6,height=0.6",0.3225,3.87,5,10.852713178294573,5.684754521963824,7.235142118863049,18.08785529715762,14.728682170542635,0.25839793281653745,0.0,0.0,1.0335917312661498,1.2919896640826873,2.5839793281653747,1.5503875968992247,2.0671834625322996,0.25839793281653745,0.5167958656330749,4.134366925064599,13.436692506459949,0.0,0.0,1.0335917312661498,0.25839793281653745,0.25839793281653745,68.47545219638242,0.25839793281653745,1.2919896640826873,4.909560723514212,286.56330749354004,2.3255813953488373,2.5839793281653747,0.0,0.25839793281653745,0.25839793281653745,0.0,0.0,5.426356589147287,8.268733850129198,1.0335917312661498,3.875968992248062,0.0,0.7751937984496123,0.0,12.403100775193797,7.390180878552972,0.0,1.2919896640826873,0.25839793281653745,0.7751937984496123,1.0
CD_I998480,Lachlan Sullivan,Collingwood,"Forward Pocket, Half-Forward",33.0,"https://s.afl.com.au/staticfile/AFL Tenant/AFL/Players/ChampIDImages/AFL/2025014/998480.png?im=Scale,width=0.6,height=0.6",0.39416666666666667,4.7299999999999995,7,8.033826638477802,2.1141649048625797,7.399577167019028,15.43340380549683,9.513742071881607,0.6342494714587739,0.42283298097251587,0.0,3.594080338266385,0.6342494714587739,2.3255813953488373,1.9027484143763216,2.3255813953488373,1.0570824524312898,0.21141649048625794,5.919661733615222,10.570824524312897,0.21141649048625794,0.6342494714587739,0.6342494714587739,0.21141649048625794,0.21141649048625794,64.27061310782241,0.8456659619450317,1.0570824524312898,5.073995771670191,227.69556025369982,3.1712473572938693,2.1141649048625797,0.21141649048625794,0.0,0.0,0.42283298097251587,0.21141649048625794,6.9767441860465125,4.228329809725159,0.6342494714587739,3.805496828752643,0.0,0.21141649048625794,0.0,20.50739957716702,9.450317124735731,0.0,0.8456659619450317,1.6913319238900635,0.21141649048625794,1.0
CD_I1005000,Laitham Vandermeer,Western Bulldogs,Forward Pocket,23.0,"https://s.afl.com.au/staticfile/AFL Tenant/AFL/Players/ChampIDImages/AFL/2025014/1005000.png?im=Scale,width=0.6,height=0.6",0.565,6.779999999999999,10,7.964601769911505,3.834808259587021,8.997050147492626,16.961651917404133,12.831858407079647,1.7699115044247788,0.7374631268436579,0.0,3.097345132743363,0.0,2.8023598820059,0.5899705014749264,4.424778761061948,1.4749262536873158,2.212389380530974,7.964601769911505,10.029498525073747,0.2949852507374632,0.8849557522123894,1.3274336283185841,0.7374631268436579,0.7374631268436579,71.976401179941,0.1474926253687316,0.4424778761061947,7.227138643067847,210.32448377581122,3.5398230088495577,0.8849557522123894,1.9174041297935105,0.0,0.0,1.3274336283185841,0.4424778761061947,2.9498525073746316,5.162241887905605,2.064896755162242,5.6047197640118,0.0,0.0,1.3274336283185841,13.864306784660767,12.84660766961652,0.0,0.7374631268436579,2.6548672566371683,0.1474926253687316,1.0
CD_I1017959,Lance Collard,St Kilda,Forward Pocket,4.0,"https://s.afl.com.au/staticfile/AFL Tenant/AFL/Players/ChampIDImages/AFL/2025014/1017959.png?im=Scale,width=0.6,height=0.6",0.42250000000000004,5.07,9,6.70611439842209,2.1696252465483234,4.339250493096647,11.045364891518737,7.495069033530571,1.1834319526627217,0.9861932938856015,0.0,2.9585798816568047,0.1972386587771203,2.7613412228796843,0.3944773175542406,2.9585798816568047,0.3944773175542406,0.9861932938856015,5.128205128205128,6.50887573964497,0.1972386587771203,0.9861932938856015,0.7889546351084812,0.3944773175542406,0.9861932938856015,52.662721893491124,0.0,0.3944773175542406,5.128205128205128,207.69230769230768,1.972386587771203,1.3806706114398422,1.3806706114398422,0.0,0.0,0.5917159763313609,0.0,5.128205128205128,3.5502958579881656,1.3806706114398422,4.1420118343195265,0.0,0.0,0.1972386587771203,16.962524654832347,7.712031558185404,0.0,0.1972386587771203,2.7613412228796843,0.3944773175542406,1.0
CD_I1013464,Lawson Humphries,Geelong Cats,Half-Back,17.0,"https://s.afl.com.au/staticfile/AFL Tenant/AFL/Players/ChampIDImages/AFL/2025014/1013464.png?im=Scale,width=0.6,height=0.6",0.8091666666666666,9.709999999999999,11,16.065911431513904,6.488156539649846,5.0463439752832135,21.112255406797118,16.4778578784758,0.10298661174047374,0.10298661174047374,0.0,2.47167868177137,6.488156539649846,2.059732234809475,0.6179196704428425,2.059732234809475,1.4418125643666324,0.30895983522142123,5.149330587023687,12.461380020597323,0.10298661174047374,0.0,2.1627188465499487,1.3388259526261588,0.411946446961895,88.87744593202885,0.2059732234809475,0.411946446961895,3.3985581874356336,420.08238928939244,2.9866117404737387,5.664263645726056,0.30895983522142123,0.10298661174047374,0.7209062821833162,0.0,0.0,9.06282183316169,12.35839340885685,0.10298661174047374,3.5015447991761075,0.0,1.235839340885685,0.2059732234809475,12.152420185375902,12.327497425334707,0.0,1.1328527291452113,0.2059732234809475,1.9567456230690012,1.0
CD_I1008691,Leek Aleer,GWS GIANTS,Back-Pocket,21.0,"https://s.afl.com.au/staticfile/AFL Tenant/AFL/Players/ChampIDImages/AFL/2025014/1008691.png?im=Scale,width=0.6,height=0.6",0.1325,1.59,2,6.289308176100628,5.660377358490566,8.176100628930817,14.465408805031446,12.578616352201257,0.0,0.0,0.0,1.2578616352201257,1.8867924528301885,1.2578616352201257,0.6289308176100629,1.8867924528301885,0.6289308176100629,0.6289308176100629,6.289308176100628,8.176100628930817,1.2578616352201257,0.0,8.80503144654088,0.0,0.0,55.97484276729559,0.0,0.6289308176100629,1.2578616352201257,115.72327044025157,3.773584905660377,7.547169811320754,0.0,0.0,2.5157232704402515,0.0,0.0,4.40251572327044,5.660377358490566,0.0,4.40251572327044,0.0,3.144654088050314,0.0,5.660377358490566,12.264150943396226,0.0,0.6289308176100629,0.0,8.176100628930817,1.0
CD_I1029301,Leonardo Lombard,Gold Coast SUNS,Half-Forward,30.0,"https://s.afl.com.au/staticfile/AFL Tenant/AFL/Players/ChampIDImages/AFL/2025014/1029301.png?im=Scale,width=0.6,height=0.6",0.049090909090909095,0.54,1,3.7037037037037033,0.0,11.11111111111111,14.814814814814813,7.4074074074074066,1.8518518518518516,0.0,0.0,1.8518518518518516,1.8518518518518516,1.8518518518518516,5.555555555555555,1.8518518518518516,0.0,0.0,5.555555555555555,7.4074074074074066,0.0,0.0,0.0,0.0,0.0,51.85185185185185,0.0,5.555555555555555,1.8518518518518516,70.37037037037037,3.7037037037037033,0.0,0.0,0.0,0.0,0.0,0.0,12.962962962962962,1.8518518518518516,0.0,3.7037037037037033,0.0,0.0,0.0,25.925925925925924,7.037037037037036,0.0,0.0,1.8518518518518516,0.0,1.0
CD_I1028560,Levi Ashcroft,Brisbane Lions,Wing,10.0,"https://s.afl.com.au/staticfile/AFL Tenant/AFL/Players/ChampIDImages/AFL/2025014/1028560.png?im=Scale,width=0.6,height=0.6",0.77,9.24,12,17.0995670995671,6.926406926406926,9.74025974025974,26.839826839826838,19.155844155844154,0.5411255411255411,0.8658008658008658,0.0,1.406926406926407,2.1645021645021645,2.2727272727272725,2.1645021645021645,2.489177489177489,1.8398268398268398,0.21645021645021645,6.926406926406926,18.506493506493506,0.0,0.10822510822510822,0.974025974025974,0.4329004329004329,0.3246753246753247,102.4891774891775,0.3246753246753247,1.8398268398268398,6.1688311688311686,412.987012987013,4.004329004329004,3.896103896103896,0.6493506493506493,0.10822510822510822,0.21645021645021645,0.3246753246753247,0.0,4.87012987012987,10.38961038961039,1.2987012987012987,4.978354978354978,0.0,0.5411255411255411,0.3246753246753247,11.904761904761905,9.372294372294371,0.0,0.7575757575757576,1.5151515151515151,0.7575757575757576,1.0
CD_I1023487,Lewis Hayes,Essendon,Back-Pocket,18.0,"https://s.afl.com.au/staticfile/AFL Tenant/AFL/Players/ChampIDImages/AFL/2025014/1023487.png?im=Scale,width=0.6,height=0.6",0.06090909090909091,0.67,1,8.955223880597014,4.477611940298507,14.925373134328357,23.88059701492537,20.8955223880597,0.0,0.0,0.0,2.9850746268656714,2.9850746268656714,1.4925373134328357,1.4925373134328357,1.4925373134328357,0.0,1.4925373134328357,2.9850746268656714,20.8955223880597,0.0,0.0,4.477611940298507,0.0,0.0,77.61194029850746,0.0,1.4925373134328357,2.9850746268656714,104.4776119402985,1.4925373134328357,4.477611940298507,0.0,0.0,0.0,0.0,0.0,10.44776119402985,5.970149253731343,0.0,2.9850746268656714,0.0,0.0,0.0,10.44776119402985,7.462686567164178,0.0,1.4925373134328357,0.0,4.477611940298507,1.0
CD_I996743,Lewis Melican,Sydney Swans,"Back-Pocket, Full-Back",43.0,"https://s.afl.com.au/staticfile/AFL Tenant/AFL/Players/ChampIDImages/AFL/2025014/996743.png?im=Scale,width=0.6,height=0.6",0.4141666666666667,4.970000000000001,6,9.054325955734406,5.4325955734406435,3.219315895372233,12.273641851106639,9.859154929577464,0.0,0.0,0.0,2.414486921529175,2.0120724346076457,1.2072434607645874,0.40241448692152915,2.414486921529175,0.8048289738430583,0.6036217303822937,4.225352112676056,7.04225352112676,0.8048289738430583,0.0,7.243460764587525,0.20120724346076457,0.0,58.55130784708249,0.0,0.40241448692152915,1.8108651911468812,181.08651911468812,2.2132796780684103,6.438631790744466,0.0,0.20120724346076457,1.8108651911468812,0.0,0.0,7.645875251509054,6.8410462776659955,0.0,2.6156941649899395,0.0,2.816901408450704,0.20120724346076457,9.456740442655935,10.925553319919516,0.0,0.20120724346076457,0.0,6.237424547283702,1.0
CD_I997316,Lewis Young,Carlton,Centre Half-Forward,33.0,"https://s.afl.com.au/staticfile/AFL Tenant/AFL/Players/ChampIDImages/AFL/2025014/997316.png?im=Scale,width=0.6,height=0.6",0.6254545454545454,6.88,8,6.976744186046512,4.069767441860465,4.796511627906977,11.773255813953488,7.994186046511628,0.7267441860465116,0.29069767441860467,4.651162790697675,2.616279069767442,1.1627906976744187,0.872093023255814,0.5813953488372093,2.1802325581395348,0.7267441860465116,0.5813953488372093,4.941860465116279,7.267441860465117,0.7267441860465116,0.872093023255814,6.104651162790698,0.0,0.436046511627907,61.48255813953489,0.29069767441860467,0.29069767441860467,2.761627906976744,141.56976744186048,2.3255813953488373,2.9069767441860463,0.5813953488372093,0.29069767441860467,0.7267441860465116,1.1627906976744187,0.436046511627907,2.616279069767442,5.087209302325581,0.7267441860465116,3.052325581395349,1.1627906976744187,0.872093023255814,0.14534883720930233,6.686046511627907,8.037790697674419,13.517441860465116,0.29069767441860467,1.0174418604651163,4.941860465116279,1.0
CD_I1000223,Liam Baker,West Coast Eagles,Half-Back,3.0,"https://s.afl.com.au/staticfile/AFL Tenant/AFL/Players/ChampIDImages/AFL/2025014/1000223.png?im=Scale,width=0.6,height=0.6",0.8391666666666667,10.07,12,14.001986097318769,4.07149950347567,13.008937437934458,27.010923535253227,18.57000993048659,0.0,0.29791459781529295,0.0,3.674280039721946,3.7735849056603774,5.06454816285998,2.9791459781529293,5.06454816285998,1.4895729890764646,1.6881827209533267,11.320754716981131,15.690168818272095,0.19860973187686196,0.0,2.0854021847070507,1.1916583912611718,0.3972194637537239,91.6583912611718,0.8937437934458788,2.0854021847070507,4.1708043694141015,480.0397219463754,4.965243296921549,6.752730883813307,0.29791459781529295,0.0,0.09930486593843098,0.0,0.0,13.902681231380337,7.745779543197616,0.4965243296921549,9.13604766633565,0.0,1.0923535253227408,0.19860973187686196,20.158887785501488,13.455809334657397,0.0,1.3902681231380338,0.3972194637537239,0.9930486593843098,1.0
CD_I298268,Liam Duggan,West Coast Eagles,Half-Back,14.0,"https://s.afl.com.au/staticfile/AFL Tenant/AFL/Players/ChampIDImages/AFL/2025014/298268.png?im=Scale,width=0.6,height=0.6",0.8266666666666667,9.92,12,17.338709677419356,5.94758064516129,5.645161290322581,22.983870967741936,16.633064516129032,0.0,0.0,0.0,2.0161290322580645,6.754032258064516,3.125,1.2096774193548387,3.3266129032258065,0.6048387096774194,0.8064516129032259,5.241935483870968,14.314516129032258,0.40322580645161293,0.0,1.310483870967742,0.907258064516129,0.40322580645161293,87.3991935483871,0.40322580645161293,0.8064516129032259,3.3266129032258065,540.8266129032259,5.645161290322581,5.141129032258065,0.10080645161290323,0.10080645161290323,0.8064516129032259,0.0,0.0,9.879032258064516,11.592741935483872,0.10080645161290323,4.233870967741936,0.0,1.1088709677419355,0.0,13.40725806451613,9.032258064516128,0.0,1.4112903225806452,0.0,1.1088709677419355,1.0
CD_I1022383,Liam Fawcett,Richmond,Interchange,37.0,"https://s.afl.com.au/staticfile/AFL Tenant/AFL/Players/ChampIDImages/AFL/2025014/1022383.png?im=Scale,width=0.6,height=0.6",0.058333333333333334,0.7,1,4.285714285714286,2.857142857142857,2.857142857142857,7.142857142857143,5.714285714285714,1.4285714285714286,0.0,0.0,0.0,0.0,4.285714285714286,0.0,1.4285714285714286,0.0,1.4285714285714286,1.4285714285714286,5.714285714285714,0.0,0.0,2.857142857142857,0.0,1.4285714285714286,31.42857142857143,0.0,0.0,5.714285714285714,225.71428571428572,0.0,1.4285714285714286,0.0,0.0,0.0,2.857142857142857,0.0,0.0,2.857142857142857,0.0,1.4285714285714286,0.0,0.0,1.4285714285714286,11.428571428571429,15.42857142857143,1.4285714285714286,1.4285714285714286,1.4285714285714286,1.4285714285714286,1.0
CD_I1005988,Liam Henry,St Kilda,Interchange,23.0,"https://s.afl.com.au/staticfile/AFL Tenant/AFL/Players/ChampIDImages/AFL/2025014/1005988.png?im=Scale,width=0.6,height=0.6",0.027500000000000004,0.33,1,3.0303030303030303,0.0,0.0,3.0303030303030303,3.0303030303030303,0.0,0.0,0.0,3.0303030303030303,0.0,3.0303030303030303,0.0,0.0,0.0,0.0,3.0303030303030303,3.0303030303030303,0.0,0.0,3.0303030303030303,0.0,0.0,21.21212121212121,0.0,0.0,3.0303030303030303,160.6060606060606,0.0,0.0,0.0,0.0,0.0,0.0,0.0,9.09090909090909,3.0303030303030303,0.0,0.0,0.0,0.0,0.0,21.21212121212121,10.606060606060606,0.0,0.0,0.0,0.0,1.0
CD_I281078,Liam Jones,Western Bulldogs,Full-Back,19.0,"https://s.afl.com.au/staticfile/AFL Tenant/AFL/Players/ChampIDImages/AFL/2025014/281078.png?im=Scale,width=0.6,height=0.6",0.30583333333333335,3.6700000000000004,4,8.174386920980925,4.9046321525885554,2.997275204359673,11.171662125340598,9.264305177111716,0.0,0.0,0.0,1.3623978201634876,2.17983651226158,0.544959128065395,0.0,1.3623978201634876,0.2724795640326975,0.2724795640326975,2.7247956403269753,8.71934604904632,0.2724795640326975,0.0,6.539509536784741,0.2724795640326975,0.0,50.13623978201635,0.0,0.0,1.6348773841961852,185.8310626702997,2.4523160762942777,4.9046321525885554,0.0,0.2724795640326975,1.6348773841961852,0.0,0.0,2.997275204359673,6.811989100817438,0.0,1.9073569482288826,0.0,1.9073569482288826,0.0,4.087193460490463,6.485013623978201,0.0,0.2724795640326975,0.0,5.722070844686648,1.0
CD_I1035198,Liam O'Connell,St Kilda,Interchange,45.0,"https://s.afl.com.au/staticfile/AFL Tenant/AFL/Players/ChampIDImages/AFL/2025014/1035198.png?im=Scale,width=0.6,height=0.6",0.39249999999999996,4.709999999999999,7,5.520169851380044,3.3970276008492575,3.609341825902336,9.12951167728238,7.218683651804672,0.0,0.0,0.0,4.8832271762208075,0.6369426751592357,0.6369426751592357,0.8492569002123144,1.9108280254777075,0.8492569002123144,0.8492569002123144,4.0339702760084934,5.732484076433122,0.4246284501061572,0.0,2.123142250530786,0.0,0.0,51.80467091295118,0.0,0.8492569002123144,2.123142250530786,95.75371549893845,1.6985138004246287,4.0339702760084934,0.2123142250530786,0.4246284501061572,1.2738853503184715,0.0,0.0,9.766454352441615,3.821656050955415,0.0,2.123142250530786,0.0,1.4861995753715502,0.0,13.58811040339703,6.114649681528664,0.0,1.2738853503184715,0.0,1.4861995753715502,1.0
CD_I1023346,Liam Reidy,Fremantle,Ruck,18.0,"https://s.afl.com.au/staticfile/AFL Tenant/AFL/Players/ChampIDImages/AFL/2025014/1023346.png?im=Scale,width=0.6,height=0.6",0.0625,0.75,1,5.333333333333333,1.3333333333333333,2.6666666666666665,8.0,4.0,0.0,0.0,24.0,2.6666666666666665,0.0,1.3333333333333333,1.3333333333333333,4.0,1.3333333333333333,4.0,2.6666666666666665,5.333333333333333,0.0,0.0,2.6666666666666665,0.0,1.3333333333333333,49.333333333333336,0.0,1.3333333333333333,4.0,106.66666666666667,0.0,1.3333333333333333,0.0,0.0,0.0,1.3333333333333333,1.3333333333333333,6.666666666666667,2.6666666666666665,0.0,1.3333333333333333,5.333333333333333,0.0,0.0,13.333333333333334,1.3333333333333333,52.0,1.3333333333333333,0.0,2.6666666666666665,1.0
CD_I1004364,Liam Ryan,West Coast Eagles,Forward Pocket,1.0,"https://s.afl.com.au/staticfile/AFL Tenant/AFL/Players/ChampIDImages/AFL/2025014/1004364.png?im=Scale,width=0.6,height=0.6",0.6891666666666667,8.27,10,10.03627569528416,3.7484885126964937,4.2321644498186215,14.268440145102781,9.189842805320437,1.4510278113663846,1.3301088270858525,0.0,3.2648125755743655,0.0,3.6275695284159615,1.5719467956469166,2.5392986698911733,1.3301088270858525,0.9673518742442564,6.529625151148731,7.859733978234583,0.2418379685610641,1.6928657799274487,0.8464328899637243,0.7255139056831923,0.7255139056831923,71.3422007255139,0.8464328899637243,0.7255139056831923,6.529625151148731,320.9189842805321,2.418379685610641,1.6928657799274487,1.3301088270858525,0.12091898428053205,0.12091898428053205,0.6045949214026602,0.0,4.11124546553809,6.166868198307134,1.4510278113663846,4.2321644498186215,0.0,0.12091898428053205,0.4836759371221282,14.268440145102781,11.12454655380895,0.0,1.4510278113663846,3.8694074969770256,0.12091898428053205,1.0
CD_I1008312,Liam Stocker,St Kilda,Centre,14.0,"https://s.afl.com.au/staticfile/AFL Tenant/AFL/Players/ChampIDImages/AFL/2025014/1008312.png?im=Scale,width=0.6,height=0.6",0.4516666666666666,5.42,7,9.77859778597786,6.088560885608856,4.612546125461255,14.391143911439114,11.254612546125461,0.0,0.0,0.0,2.3985239852398523,2.7675276752767526,1.6605166051660516,0.7380073800738007,2.7675276752767526,1.6605166051660516,1.6605166051660516,5.166051660516605,9.77859778597786,0.5535055350553506,0.0,2.5830258302583027,0.18450184501845018,0.18450184501845018,63.09963099630996,0.18450184501845018,0.5535055350553506,1.845018450184502,242.43542435424354,2.7675276752767526,5.719557195571956,0.36900369003690037,0.0,0.5535055350553506,0.18450184501845018,0.0,6.088560885608856,7.195571955719557,0.0,3.1365313653136533,0.0,1.2915129151291513,0.36900369003690037,8.85608856088561,4.2988929889298895,0.0,0.7380073800738007,0.0,2.2140221402214024,1.0
CD_I1000980,Lloyd Meek,Hawthorn,Ruck,17.0,"https://s.afl.com.au/staticfile/AFL Tenant/AFL/Players/ChampIDImages/AFL/2025014/1000980.png?im=Scale,width=0.6,height=0.6",0.7584615384615384,9.86,12,5.679513184584179,2.231237322515213,10.344827586206897,16.024340770791078,10.953346855983774,0.6085192697768763,0.30425963488843816,44.523326572008116,4.665314401622719,0.30425963488843816,2.231237322515213,4.9695740365111565,3.5496957403651117,1.3184584178498986,1.622718052738337,10.75050709939148,5.882352941176471,0.8113590263691685,0.6085192697768763,2.636916835699797,0.0,0.10141987829614606,108.01217038539555,2.129817444219067,2.8397565922920895,5.780933062880325,174.13793103448276,2.3326572008113593,2.4340770791075053,0.6085192697768763,0.0,0.7099391480730224,1.2170385395537526,0.10141987829614606,8.72210953346856,2.9411764705882355,0.5070993914807302,5.983772819472617,12.677484787018257,0.6085192697768763,0.10141987829614606,17.44421906693712,15.770791075050711,100.30425963488844,4.056795131845842,1.1156186612576064,1.926977687626775,1.0
CD_I1019938,Logan Evans,Port Adelaide,Half-Back,22.0,"https://s.afl.com.au/staticfile/AFL Tenant/AFL/Players/ChampIDImages/AFL/2025014/1019938.png?im=Scale,width=0.6,height=0.6",0.4718181818181818,5.1899999999999995,7,11.753371868978807,4.8169556840077075,8.477842003853565,20.23121387283237,16.570327552986512,0.1926782273603083,0.0,0.0,2.504816955684008,3.4682080924855496,0.5780346820809249,0.1926782273603083,3.0828516377649327,1.1560693641618498,0.7707129094412332,5.009633911368016,13.487475915221582,0.0,0.0,4.624277456647399,0.3853564547206166,0.0,76.68593448940271,0.0,0.1926782273603083,3.0828516377649327,282.27360308285165,2.504816955684008,5.394990366088632,0.1926782273603083,0.1926782273603083,0.7707129094412332,0.0,0.0,10.404624277456648,9.441233140655108,0.0,3.853564547206166,0.0,1.1560693641618498,0.0,12.33140655105973,10.0,0.0,0.5780346820809249,0.1926782273603083,3.853564547206166,1.0
CD_I1028019,Logan Morris,Brisbane Lions,Full-Forward,13.0,"https://s.afl.com.au/staticfile/AFL Tenant/AFL/Players/ChampIDImages/AFL/2025014/1028019.png?im=Scale,width=0.6,height=0.6",0.6925,8.309999999999999,11,7.942238267148015,4.813477737665464,3.610108303249098,11.552346570397114,7.220216606498196,2.406738868832732,1.0830324909747293,0.0,2.767749699157642,0.1203369434416366,2.2864019253910954,0.0,2.5270758122743686,1.203369434416366,0.7220216606498197,4.693140794223828,7.0998796630565595,1.203369434416366,2.767749699157642,1.4440433212996393,0.1203369434416366,0.4813477737665464,71.11913357400724,0.0,0.0,5.776173285198557,198.3152827918171,2.5270758122743686,0.0,1.3237063778580027,0.0,0.0,2.8880866425992786,0.3610108303249098,2.5270758122743686,4.9338146811071,0.7220216606498197,2.406738868832732,0.0,0.0,0.8423586040914562,14.199759326113119,8.9410348977136,0.3610108303249098,0.0,4.211793020457281,1.3237063778580027,1.0
CD_I1022452,Lucas Camporeale,Carlton,Wing,21.0,"https://s.afl.com.au/staticfile/AFL Tenant/AFL/Players/ChampIDImages/AFL/2025014/1022452.png?im=Scale,width=0.6,height=0.6",0.1390909090909091,1.53,2,9.15032679738562,3.2679738562091503,9.803921568627452,18.954248366013072,10.457516339869281,0.0,0.0,0.0,3.2679738562091503,1.9607843137254901,1.3071895424836601,2.6143790849673203,2.6143790849673203,1.3071895424836601,0.6535947712418301,7.8431372549019605,11.76470588235294,0.0,0.0,2.6143790849673203,0.0,0.6535947712418301,69.28104575163398,0.0,2.6143790849673203,1.3071895424836601,230.0653594771242,3.9215686274509802,2.6143790849673203,0.0,0.0,0.0,0.0,0.0,6.5359477124183005,3.9215686274509802,1.9607843137254901,6.5359477124183005,0.0,0.0,0.0,17.647058823529413,6.993464052287583,0.0,0.6535947712418301,0.0,1.9607843137254901,1.0
CD_I280744,Luke Breust,Hawthorn,Forward Pocket,22.0,"https://s.afl.com.au/staticfile/AFL Tenant/AFL/Players/ChampIDImages/AFL/2025014/280744.png?im=Scale,width=0.6,height=0.6",0.18000000000000002,2.3400000000000003,5,9.4017094017094,3.846153846153846,5.982905982905982,15.384615384615383,11.111111111111109,1.282051282051282,0.4273504273504273,0.0,2.991452991452991,0.0,2.991452991452991,0.4273504273504273,2.991452991452991,1.709401709401709,1.282051282051282,4.7008547008547,11.111111111111109,0.0,1.709401709401709,0.0,0.0,2.1367521367521363,69.65811965811965,0.4273504273504273,0.0,7.692307692307692,217.5213675213675,3.846153846153846,0.4273504273504273,1.282051282051282,0.0,0.0,0.4273504273504273,0.0,3.846153846153846,6.837606837606836,1.709401709401709,3.418803418803418,0.0,0.0,0.8547008547008546,12.393162393162392,9.7008547008547,0.0,0.0,1.709401709401709,0.0,1.0
CD_I1015929,Luke Cleary,Western Bulldogs,Back-Pocket,36.0,"https://s.afl.com.au/staticfile/AFL Tenant/AFL/Players/ChampIDImages/AFL/2025014/1015929.png?im=Scale,width=0.6,height=0.6",0.5808333333333333,6.970000000000001,9,9.612625538020085,5.595408895265423,6.599713055954088,16.212338593974174,13.199426111908176,0.14347202295552366,0.43041606886657097,0.0,1.5781922525107603,3.5868005738880915,0.5738880918220947,0.5738880918220947,2.2955523672883786,1.0043041606886656,1.2912482065997128,4.160688665710186,12.91248206599713,0.0,0.0,3.012912482065997,0.0,0.28694404591104733,63.558106169296984,0.14347202295552366,0.43041606886657097,5.164992826398851,246.1979913916786,2.152080344332855,5.451936872309899,0.14347202295552366,0.5738880918220947,1.7216642754662839,0.0,0.0,6.599713055954088,6.8866571018651355,0.28694404591104733,3.299856527977044,0.0,1.8651362984218076,0.0,8.60832137733142,7.847919655667145,0.0,1.0043041606886656,0.7173601147776183,2.4390243902439024,1.0
CD_I1002267,Luke Davies-Uniacke,North Melbourne,Centre,9.0,"https://s.afl.com.au/staticfile/AFL Tenant/AFL/Players/ChampIDImages/AFL/2025014/1002267.png?im=Scale,width=0.6,height=0.6",0.860909090909091,9.47,11,14.044350580781414,4.435058078141499,15.100316789862724,29.144667370644136,20.908130939809926,0.42238648363252373,0.6335797254487856,0.0,4.646251319957761,1.583949313621964,4.54065469904963,6.75818373812038,4.963041182682153,0.6335797254487856,1.583949313621964,13.199577613516366,16.78986272439282,0.10559662090813093,0.3167898627243928,0.6335797254487856,0.5279831045406547,0.7391763463569165,103.27349524815205,3.273495248152059,3.484688489968321,5.913410770855332,396.51531151003167,5.174234424498415,3.167898627243928,0.5279831045406547,0.0,0.0,0.21119324181626187,0.10559662090813093,9.292502639915522,8.447729672650475,0.9503695881731784,8.870116156282998,0.0,0.6335797254487856,0.21119324181626187,19.007391763463566,14.149947201689544,0.0,1.1615628299894403,1.3727560718057021,0.10559662090813093,1.0
CD_I1009399,Luke Jackson,Fremantle,Ruck,9.0,"https://s.afl.com.au/staticfile/AFL Tenant/AFL/Players/ChampIDImages/AFL/2025014/1009399.png?im=Scale,width=0.6,height=0.6",0.5883333333333333,7.06,9,9.63172804532578,3.824362606232295,14.164305949008499,23.79603399433428,17.422096317280456,0.56657223796034,0.28328611898017,36.26062322946176,3.96600566572238,1.13314447592068,4.81586402266289,4.957507082152975,3.3994334277620397,1.558073654390935,1.841359773371105,12.606232294617564,10.906515580736544,1.558073654390935,0.56657223796034,2.407932011331445,0.0,0.8498583569405099,120.53824362606233,2.691218130311615,2.26628895184136,8.073654390934845,285.41076487252127,4.2492917847025495,3.68271954674221,0.42492917847025496,0.141643059490085,0.141643059490085,1.41643059490085,0.42492917847025496,6.373937677053824,6.090651558073655,0.991501416430595,8.356940509915015,12.039660056657224,1.558073654390935,0.141643059490085,14.872521246458925,21.88385269121813,78.75354107648725,4.53257790368272,0.991501416430595,2.1246458923512748,1.0
CD_I296355,Luke McDonald,North Melbourne,Half-Back,11.0,"https://s.afl.com.au/staticfile/AFL Tenant/AFL/Players/ChampIDImages/AFL/2025014/296355.png?im=Scale,width=0.6,height=0.6",0.8336363636363636,9.17,11,9.70556161395856,4.580152671755725,7.1973827699018535,16.902944383860415,14.830970556161397,0.0,0.0,0.0,2.2900763358778624,3.053435114503817,1.8538713195201746,0.4362050163576881,1.5267175572519085,0.8724100327153762,0.5452562704471101,4.580152671755725,11.559432933478735,0.3271537622682661,0.0,4.252998909487459,0.21810250817884405,0.21810250817884405,65.64885496183206,0.10905125408942203,0.3271537622682661,2.2900763358778624,292.0392584514722,1.8538713195201746,4.79825517993457,0.0,0.4362050163576881,1.4176663031624863,0.0,0.0,8.833151581243184,8.287895310796074,0.0,3.380588876772083,0.0,0.9814612868047983,0.0,10.468920392584515,8.51690294438386,0.0,0.7633587786259542,0.0,3.5986913849509268,1.0
CD_I1021031,Luke Nankervis,Adelaide Crows,"Half-Forward, Wing",27.0,"https://s.afl.com.au/staticfile/AFL Tenant/AFL/Players/ChampIDImages/AFL/2025014/1021031.png?im=Scale,width=0.6,height=0.6",0.39166666666666666,4.7,7,9.148936170212766,4.042553191489362,9.574468085106382,18.72340425531915,13.404255319148936,0.0,0.6382978723404255,0.0,2.7659574468085104,0.851063829787234,2.553191489361702,1.0638297872340425,3.404255319148936,0.6382978723404255,1.276595744680851,6.170212765957446,12.97872340425532,0.0,0.425531914893617,1.702127659574468,0.0,0.425531914893617,67.23404255319149,0.0,1.0638297872340425,4.8936170212765955,197.02127659574467,3.829787234042553,5.319148936170213,0.425531914893617,0.425531914893617,0.425531914893617,0.0,0.0,7.659574468085106,5.106382978723404,0.0,4.8936170212765955,0.0,1.0638297872340425,0.0,14.25531914893617,7.25531914893617,0.0,1.702127659574468,0.6382978723404255,1.4893617021276595,1.0
CD_I290778,Luke Parker,North Melbourne,Rover,26.0,"https://s.afl.com.au/staticfile/AFL Tenant/AFL/Players/ChampIDImages/AFL/2025014/290778.png?im=Scale,width=0.6,height=0.6",0.7781818181818181,8.559999999999999,11,13.084112149532713,3.6214953271028043,14.836448598130843,27.920560747663554,17.757009345794394,0.8177570093457945,0.4672897196261683,0.0,5.257009345794393,1.518691588785047,3.6214953271028043,5.023364485981309,4.556074766355141,1.1682242990654208,1.635514018691589,12.266355140186917,15.654205607476637,0.23364485981308414,0.5841121495327104,0.7009345794392524,0.23364485981308414,0.9345794392523366,102.45327102803739,1.869158878504673,3.154205607476636,7.009345794392525,343.6915887850468,4.4392523364485985,2.3364485981308416,1.0514018691588787,0.0,0.0,0.0,0.0,9.57943925233645,5.841121495327104,0.8177570093457945,7.710280373831777,0.0,0.3504672897196262,0.23364485981308414,17.52336448598131,10.981308411214956,0.11682242990654207,1.518691588785047,1.7523364485981312,0.23364485981308414,1.0
CD_I1012218,Luke Pedlar,Adelaide Crows,Interchange,10.0,"https://s.afl.com.au/staticfile/AFL Tenant/AFL/Players/ChampIDImages/AFL/2025014/1012218.png?im=Scale,width=0.6,height=0.6",0.10916666666666668,1.31,2,8.396946564885496,4.580152671755725,7.633587786259541,16.030534351145036,10.687022900763358,2.2900763358778624,0.7633587786259541,0.0,6.106870229007633,0.7633587786259541,1.5267175572519083,0.0,1.5267175572519083,1.5267175572519083,0.0,8.396946564885496,6.106870229007633,0.7633587786259541,0.7633587786259541,0.0,0.0,0.0,94.65648854961832,0.0,0.0,8.396946564885496,187.78625954198472,1.5267175572519083,3.0534351145038165,3.0534351145038165,0.0,0.0,0.0,0.0,3.0534351145038165,5.343511450381679,3.0534351145038165,6.106870229007633,0.0,0.7633587786259541,0.0,12.213740458015266,11.603053435114504,0.0,0.7633587786259541,3.0534351145038165,0.0,1.0
CD_I998659,Luke Ryan,Fremantle,Back-Pocket,13.0,"https://s.afl.com.au/staticfile/AFL Tenant/AFL/Players/ChampIDImages/AFL/2025014/998659.png?im=Scale,width=0.6,height=0.6",0.8941666666666667,10.73,12,19.0121155638397,7.082945013979496,4.380242311276794,23.392357875116495,19.850885368126747,0.0,0.0,0.0,1.9571295433364397,8.201304753028891,1.1183597390493942,0.4659832246039142,1.9571295433364397,0.9319664492078285,0.7455731593662628,4.193849021435228,12.674743709226467,0.27958993476234856,0.0,4.100652376514446,0.09319664492078285,0.09319664492078285,93.56943150046598,0.0,0.4659832246039142,2.2367194780987885,546.2255358807083,4.473438956197577,5.964585274930102,0.0,0.7455731593662628,2.1435228331780056,0.09319664492078285,0.0,6.430568499534017,15.843429636533084,0.0,2.7958993476234855,0.0,1.5843429636533084,0.0,7.921714818266542,9.692451071761417,0.0,1.211556383970177,0.0,3.4482758620689653,1.0
CD_I1028521,Luke Trainor,Richmond,Half-Back,31.0,"https://s.afl.com.au/staticfile/AFL Tenant/AFL/Players/ChampIDImages/AFL/2025014/1028521.png?im=Scale,width=0.6,height=0.6",0.7174999999999999,8.61,12,14.40185830429733,6.2717770034843205,5.226480836236934,19.628339140534266,13.704994192799072,0.0,0.34843205574912894,0.0,1.7421602787456447,3.4843205574912894,2.3228803716608595,0.6968641114982579,3.7166085946573753,1.1614401858304297,1.0452961672473868,4.761904761904762,14.285714285714286,0.34843205574912894,0.0,2.5551684088269457,0.23228803716608595,0.34843205574912894,77.81649245063879,0.0,0.6968641114982579,3.6004645760743323,373.1707317073171,4.181184668989547,4.181184668989547,0.11614401858304298,0.23228803716608595,0.6968641114982579,0.11614401858304298,0.0,9.059233449477352,9.639953542392567,0.0,3.3681765389082465,0.0,1.2775842044134729,0.4645760743321719,13.704994192799072,6.364692218350756,0.0,0.6968641114982579,0.34843205574912894,2.2067363530778166,1.0
CD_I994077,Mabior Chol,Hawthorn,Full-Forward,18.0,"https://s.afl.com.au/staticfile/AFL Tenant/AFL/Players/ChampIDImages/AFL/2025014/994077.png?im=Scale,width=0.6,height=0.6",0.833076923076923,10.83,13,8.587257617728532,5.078485687903971,2.954755309325946,11.542012927054477,7.663896583564173,2.21606648199446,0.7386888273314866,2.4007386888273317,2.5854108956602033,0.0,1.9390581717451523,0.9233610341643582,2.8624192059095104,1.0156971375807942,1.0156971375807942,5.817174515235457,5.54016620498615,2.0313942751615883,2.5854108956602033,1.569713758079409,0.18467220683287164,0.8310249307479224,71.6528162511542,0.7386888273314866,0.18467220683287164,5.724838411819021,232.5023084025854,2.21606648199446,0.3693444136657433,0.4616805170821791,0.0,0.0,2.770083102493075,0.6463527239150508,1.9390581717451523,5.355493998153278,1.0156971375807942,2.308402585410896,0.8310249307479224,0.0,1.2927054478301017,13.296398891966758,10.969529085872576,6.001846722068328,0.8310249307479224,3.2317636195752537,1.10803324099723,1.0
CD_I1017396,Mac Andrew,Gold Coast SUNS,Back-Pocket,1.0,"https://s.afl.com.au/staticfile/AFL Tenant/AFL/Players/ChampIDImages/AFL/2025014/1017396.png?im=Scale,width=0.6,height=0.6",0.8254545454545454,9.08,10,9.801762114537445,5.616740088105727,4.955947136563877,14.757709251101321,11.674008810572687,0.11013215859030837,0.3303964757709251,0.0,1.3215859030837005,3.4140969162995596,0.9911894273127754,0.0,2.643171806167401,0.9911894273127754,0.9911894273127754,3.6343612334801763,10.02202643171806,0.44052863436123346,0.11013215859030837,9.030837004405287,0.0,0.0,60.4625550660793,0.0,0.0,2.3127753303964758,282.3788546255507,2.643171806167401,6.497797356828194,0.0,0.5506607929515418,3.193832599118943,0.3303964757709251,0.0,5.726872246696035,7.599118942731278,0.11013215859030837,2.3127753303964758,0.0,2.202643171806167,0.22026431718061673,7.599118942731278,9.768722466960353,0.0,1.1013215859030836,0.44052863436123346,8.590308370044053,1.0
CD_I1005986,Malcolm Rosas,Gold Coast SUNS,Interchange,41.0,"https://s.afl.com.au/staticfile/AFL Tenant/AFL/Players/ChampIDImages/AFL/2025014/1005986.png?im=Scale,width=0.6,height=0.6",0.15181818181818182,1.67,3,8.982035928143713,2.3952095808383236,3.5928143712574854,12.574850299401199,7.784431137724551,0.5988023952095809,1.7964071856287427,0.0,2.3952095808383236,0.0,3.5928143712574854,0.0,1.7964071856287427,1.1976047904191618,0.5988023952095809,4.790419161676647,8.982035928143713,0.0,0.5988023952095809,2.3952095808383236,0.5988023952095809,2.3952095808383236,55.68862275449102,0.0,0.0,7.784431137724551,244.311377245509,1.7964071856287427,1.7964071856287427,1.1976047904191618,0.0,0.0,0.5988023952095809,0.0,2.3952095808383236,4.1916167664670665,1.1976047904191618,1.7964071856287427,0.0,0.0,0.5988023952095809,19.76047904191617,9.940119760479043,0.0,1.1976047904191618,2.3952095808383236,0.0,1.0
CD_I298290,Marc Pittonet,Carlton,Ruck,27.0,"https://s.afl.com.au/staticfile/AFL Tenant/AFL/Players/ChampIDImages/AFL/2025014/298290.png?im=Scale,width=0.6,height=0.6",0.07363636363636365,0.8100000000000002,1,11.111111111111109,3.703703703703703,3.703703703703703,14.814814814814811,7.407407407407406,0.0,0.0,29.629629629629623,8.641975308641973,0.0,2.469135802469135,8.641975308641973,4.93827160493827,2.469135802469135,3.703703703703703,12.345679012345677,2.469135802469135,2.469135802469135,0.0,4.93827160493827,0.0,1.2345679012345676,107.40740740740739,3.703703703703703,4.93827160493827,3.703703703703703,232.09876543209873,4.93827160493827,2.469135802469135,0.0,0.0,0.0,0.0,0.0,11.111111111111109,3.703703703703703,0.0,4.93827160493827,4.93827160493827,2.469135802469135,0.0,19.75308641975308,15.432098765432096,104.93827160493825,2.469135802469135,0.0,3.703703703703703,1.0
CD_I297373,Marcus Bontempelli,Western Bulldogs,Ruck-Rover,4.0,"https://s.afl.com.au/staticfile/AFL Tenant/AFL/Players/ChampIDImages/AFL/2025014/297373.png?im=Scale,width=0.6,height=0.6",0.4516666666666667,5.42,7,17.71217712177122,4.797047970479705,14.391143911439114,32.103321033210335,23.062730627306273,1.4760147601476015,1.845018450184502,0.0,6.642066420664206,1.845018450184502,6.642066420664206,7.933579335793358,3.874538745387454,1.845018450184502,0.7380073800738007,14.206642066420665,17.71217712177122,0.5535055350553506,0.7380073800738007,4.612546125461255,0.36900369003690037,1.4760147601476015,133.21033210332104,2.952029520295203,4.9815498154981555,11.808118081180812,513.8376383763838,4.059040590405904,1.845018450184502,1.2915129151291513,0.0,0.18450184501845018,1.2915129151291513,0.36900369003690037,9.040590405904059,11.07011070110701,1.845018450184502,8.85608856088561,0.0,0.18450184501845018,0.36900369003690037,25.461254612546124,22.011070110701105,0.0,2.952029520295203,3.321033210332103,1.1070110701107012,1.0
CD_I1023270,Marcus Windhager,St Kilda,Wing,2.0,"https://s.afl.com.au/staticfile/AFL Tenant/AFL/Players/ChampIDImages/AFL/2025014/1023270.png?im=Scale,width=0.6,height=0.6",0.825,9.9,12,14.14141414141414,4.747474747474747,10.909090909090908,25.05050505050505,17.575757575757574,0.20202020202020202,0.30303030303030304,0.0,4.141414141414141,2.2222222222222223,3.7373737373737375,3.4343434343434343,4.141414141414141,1.4141414141414141,1.2121212121212122,9.494949494949495,15.656565656565656,0.10101010101010101,0.40404040404040403,0.6060606060606061,0.10101010101010101,0.40404040404040403,94.34343434343434,1.3131313131313131,2.121212121212121,5.656565656565657,352.7272727272727,3.9393939393939394,2.8282828282828283,0.5050505050505051,0.10101010101010101,0.20202020202020202,0.0,0.0,10.808080808080808,8.484848484848484,0.7070707070707071,7.474747474747475,0.0,0.30303030303030304,0.30303030303030304,19.19191919191919,10.858585858585858,0.0,1.4141414141414141,0.8080808080808081,0.30303030303030304,1.0
CD_I296733,Mark Blicavs,Geelong Cats,Back-Pocket,46.0,"https://s.afl.com.au/staticfile/AFL Tenant/AFL/Players/ChampIDImages/AFL/2025014/296733.png?im=Scale,width=0.6,height=0.6",0.7641666666666667,9.17,11,7.742639040348964,4.471101417666303,7.633587786259542,15.376226826608507,11.886586695747,0.6543075245365322,0.3271537622682661,13.413304252998909,4.471101417666303,1.3086150490730644,2.1810250817884405,4.252998909487459,2.2900763358778624,1.3086150490730644,0.9814612868047983,8.942202835332607,7.415485278080698,0.5452562704471101,0.8724100327153762,5.561613958560524,0.0,0.3271537622682661,85.82333696837513,1.6357688113413305,2.6172300981461287,5.670665212649945,193.45692475463468,1.8538713195201746,3.162486368593239,0.3271537622682661,0.21810250817884405,1.0905125408942202,0.4362050163576881,0.10905125408942203,9.16030534351145,5.34351145038168,0.6543075245365322,4.689203925845147,3.816793893129771,1.3086150490730644,0.4362050163576881,17.12104689203926,14.340239912758998,35.44165757906216,3.053435114503817,1.0905125408942202,4.471101417666303,1.0
CD_I1013974,Mark Keane,Adelaide Crows,Centre Half-Back,48.0,"https://s.afl.com.au/staticfile/AFL Tenant/AFL/Players/ChampIDImages/AFL/2025014/1013974.png?im=Scale,width=0.6,height=0.6",0.9416666666666667,11.3,12,11.327433628318584,4.778761061946902,3.0973451327433628,14.424778761061946,11.5929203539823,0.0,0.0,0.0,1.327433628318584,4.601769911504425,0.6194690265486725,0.2654867256637168,3.3628318584070795,0.8849557522123893,1.415929203539823,4.15929203539823,6.725663716814159,0.7964601769911503,0.0,6.106194690265486,0.9734513274336283,0.0,56.46017699115044,0.0,0.2654867256637168,2.2123893805309733,302.21238938053096,2.47787610619469,7.787610619469026,0.0,0.9734513274336283,2.743362831858407,0.08849557522123894,0.0,3.9823008849557517,9.02654867256637,0.0,2.389380530973451,0.0,3.1858407079646014,0.0,4.6902654867256635,10.389380530973451,0.0,1.1504424778761062,0.0,4.95575221238938,1.0
CD_I1007102,Mark O'Connor,Geelong Cats,Half-Back,42.0,"https://s.afl.com.au/staticfile/AFL Tenant/AFL/Players/ChampIDImages/AFL/2025014/1007102.png?im=Scale,width=0.6,height=0.6",0.775,9.3,12,12.580645161290322,7.419354838709677,6.559139784946236,19.139784946236556,15.698924731182794,0.1075268817204301,0.1075268817204301,0.0,3.440860215053763,2.150537634408602,2.043010752688172,0.7526881720430108,2.365591397849462,1.075268817204301,1.075268817204301,5.161290322580645,13.440860215053762,0.4301075268817204,0.2150537634408602,1.9354838709677418,0.2150537634408602,0.3225806451612903,85.48387096774194,0.0,0.7526881720430108,3.9784946236559136,352.47311827956986,3.118279569892473,5.161290322580645,0.2150537634408602,0.1075268817204301,0.8602150537634408,0.0,0.0,8.709677419354838,9.677419354838708,0.3225806451612903,3.7634408602150535,0.0,1.6129032258064515,0.0,11.61290322580645,10.21505376344086,0.0,1.075268817204301,0.2150537634408602,1.8279569892473118,1.0
CD_I998647,Mason Cox,Collingwood,"Centre Half-Forward, Ruck",46.0,"https://s.afl.com.au/staticfile/AFL Tenant/AFL/Players/ChampIDImages/AFL/2025014/998647.png?im=Scale,width=0.6,height=0.6",0.31833333333333336,3.8200000000000003,6,6.806282722513089,3.1413612565445024,3.4031413612565444,10.209424083769633,5.2356020942408374,0.5235602094240838,0.7853403141361256,13.87434554973822,2.3560209424083767,0.5235602094240838,0.7853403141361256,1.0471204188481675,3.664921465968586,2.094240837696335,1.5706806282722512,6.282722513089005,3.4031413612565444,1.0471204188481675,0.5235602094240838,4.973821989528796,0.0,0.2617801047120419,61.2565445026178,0.2617801047120419,0.7853403141361256,4.18848167539267,168.0628272251309,2.094240837696335,1.5706806282722512,0.5235602094240838,0.0,0.0,1.3089005235602094,0.5235602094240838,6.282722513089005,2.094240837696335,0.2617801047120419,1.5706806282722512,2.6178010471204187,0.5235602094240838,0.5235602094240838,12.303664921465968,7.277486910994764,31.413612565445025,1.832460732984293,1.3089005235602094,2.6178010471204187,1.0
CD_I997078,Mason Redman,Essendon,Half-Back,27.0,"https://s.afl.com.au/staticfile/AFL Tenant/AFL/Players/ChampIDImages/AFL/2025014/997078.png?im=Scale,width=0.6,height=0.6",0.8663636363636364,9.530000000000001,11,17.31374606505771,4.721930745015739,7.555089192025183,24.868835257082893,21.301154249737667,0.31479538300104926,0.31479538300104926,0.0,2.518363064008394,4.616998950682056,2.098635886673662,0.31479538300104926,2.203567681007345,0.7345225603357817,0.9443861490031479,4.40713536201469,16.159496327387195,0.41972717733473236,0.10493179433368309,1.8887722980062958,0.10493179433368309,0.20986358866736618,91.39559286463798,0.0,0.31479538300104926,4.197271773347324,463.2738719832109,3.0430220356768096,4.721930745015739,0.0,0.31479538300104926,1.154249737670514,0.0,0.0,7.450157397691499,14.375655823714585,0.0,3.357817418677859,0.0,1.259181532004197,0.10493179433368309,10.703043022035676,11.385099685204615,0.0,1.154249737670514,0.7345225603357817,1.259181532004197,1.0
CD_I295340,Mason Wood,St Kilda,Wing,32.0,"https://s.afl.com.au/staticfile/AFL Tenant/AFL/Players/ChampIDImages/AFL/2025014/295340.png?im=Scale,width=0.6,height=0.6",0.7216666666666666,8.66,10,11.662817551963048,7.390300230946882,5.773672055427252,17.4364896073903,12.124711316397228,1.3856812933025404,1.0392609699769053,0.0,1.7321016166281755,0.9237875288683602,3.233256351039261,0.6928406466512702,3.579676674364896,0.23094688221709006,1.2702078521939955,4.849884526558891,12.933025404157044,0.5773672055427251,1.6166281755196306,1.8475750577367205,0.11547344110854503,0.6928406466512702,81.40877598152424,0.0,0.6928406466512702,6.466512702078522,352.19399538106234,3.233256351039261,2.0785219399538106,0.5773672055427251,0.0,0.11547344110854503,1.1547344110854503,0.11547344110854503,4.503464203233256,7.736720554272517,0.9237875288683602,3.810623556581986,0.0,0.6928406466512702,1.9630484988452657,12.702078521939953,10.773672055427252,0.23094688221709006,0.5773672055427251,2.540415704387991,1.6166281755196306,1.0
CD_I1005144,Massimo D'Ambrosio,Hawthorn,Half-Back,16.0,"https://s.afl.com.au/staticfile/AFL Tenant/AFL/Players/ChampIDImages/AFL/2025014/1005144.png?im=Scale,width=0.6,height=0.6",0.7915384615384616,10.290000000000001,13,15.451895043731778,5.733722060252672,7.38581146744412,22.837706511175895,16.132167152575313,0.29154518950437314,0.48590864917395526,0.0,2.2351797862001943,2.9154518950437316,3.69290573372206,2.332361516034985,2.526724975704567,0.9718172983479105,0.6802721088435374,6.316812439261418,17.298347910592806,0.29154518950437314,0.48590864917395526,0.5830903790087463,0.3887269193391642,0.6802721088435374,88.43537414965985,0.6802721088435374,1.6520894071914478,5.53935860058309,491.6423712342079,4.178814382896015,3.0126336248785224,0.1943634596695821,0.09718172983479105,0.1943634596695821,0.0,0.0,6.705539358600583,10.398445092322643,0.29154518950437314,4.956268221574343,0.0,0.8746355685131194,0.09718172983479105,13.313896987366373,9.970845481049562,0.0,1.4577259475218658,0.7774538386783284,0.48590864917395526,1.0
CD_I297401,Matt Crouch,Adelaide Crows,Rover,5.0,"https://s.afl.com.au/staticfile/AFL Tenant/AFL/Players/ChampIDImages/AFL/2025014/297401.png?im=Scale,width=0.6,height=0.6",0.3283333333333333,3.94,6,12.18274111675127,4.568527918781726,26.903553299492387,39.08629441624365,29.949238578680202,0.25380710659898476,0.0,0.0,6.091370558375635,0.7614213197969544,3.8071065989847717,9.390862944162437,5.32994923857868,1.2690355329949239,2.284263959390863,16.497461928934012,22.84263959390863,0.0,0.0,1.015228426395939,0.0,1.2690355329949239,124.36548223350253,3.8071065989847717,5.583756345177665,6.598984771573604,249.74619289340103,4.060913705583756,3.0456852791878175,1.015228426395939,0.0,0.0,0.0,0.0,11.421319796954315,6.598984771573604,0.5076142131979695,10.152284263959391,0.0,0.0,0.0,24.36548223350254,16.04060913705584,0.0,0.5076142131979695,0.5076142131979695,0.25380710659898476,1.0
CD_I993902,Matt Flynn,West Coast Eagles,Ruck,25.0,"https://s.afl.com.au/staticfile/AFL Tenant/AFL/Players/ChampIDImages/AFL/2025014/993902.png?im=Scale,width=0.6,height=0.6",0.5475,6.57,8,8.82800608828006,5.47945205479452,7.91476407914764,16.7427701674277,9.89345509893455,0.30441400304414,0.15220700152207,29.071537290715373,3.1963470319634704,1.5220700152207,2.5875190258751903,3.5007610350076104,4.41400304414003,1.21765601217656,1.36986301369863,10.197869101978691,7.15372907153729,2.13089802130898,0.76103500761035,5.0228310502283104,0.0,0.30441400304414,99.69558599695586,1.06544901065449,2.43531202435312,5.6316590563165905,207.15372907153727,4.10958904109589,3.8051750380517504,0.30441400304414,0.30441400304414,1.06544901065449,1.97869101978691,0.30441400304414,8.06697108066971,3.95738203957382,0.30441400304414,4.71841704718417,7.76255707762557,1.36986301369863,0.15220700152207,15.37290715372907,12.070015220700151,88.12785388127854,2.73972602739726,0.45662100456621,3.95738203957382,1.0
CD_I996232,Matt Guelfi,Essendon,"Forward Pocket, Half-Forward",35.0,"https://s.afl.com.au/staticfile/AFL Tenant/AFL/Players/ChampIDImages/AFL/2025014/996232.png?im=Scale,width=0.6,height=0.6",0.14727272727272728,1.6199999999999999,2,3.08641975308642,1.851851851851852,8.641975308641976,11.728395061728396,9.25925925925926,0.617283950617284,0.0,0.0,5.555555555555556,0.0,1.234567901234568,0.617283950617284,1.851851851851852,1.851851851851852,0.617283950617284,6.790123456790124,5.555555555555556,0.617283950617284,0.0,1.234567901234568,0.0,1.234567901234568,58.0246913580247,0.617283950617284,0.0,4.938271604938272,94.44444444444446,1.851851851851852,0.0,3.08641975308642,0.0,0.0,1.234567901234568,0.0,4.938271604938272,1.851851851851852,2.469135802469136,4.320987654320988,0.0,0.0,0.0,19.135802469135804,7.283950617283952,0.0,0.617283950617284,1.234567901234568,1.234567901234568,1.0
CD_I1012210,Matt Roberts,Sydney Swans,Half-Back,34.0,"https://s.afl.com.au/staticfile/AFL Tenant/AFL/Players/ChampIDImages/AFL/2025014/1012210.png?im=Scale,width=0.6,height=0.6",0.8674999999999999,10.41,12,19.500480307396735,7.204610951008646,8.069164265129682,27.569644572526418,20.653218059558117,0.09606147934678194,0.19212295869356388,0.0,2.3054755043227666,5.571565802113352,2.97790585975024,1.2487992315081653,4.226705091258405,1.0566762728146013,0.5763688760806917,6.724303554274735,17.38712776176753,0.09606147934678194,0.0,2.4015369836695486,0.5763688760806917,0.19212295869356388,105.57156580211335,0.2881844380403458,0.9606147934678194,4.034582132564841,528.4341978866474,6.532180595581172,6.243996157540826,0.09606147934678194,0.2881844380403458,0.6724303554274735,0.0,0.0,8.165225744476464,14.505283381364073,0.2881844380403458,5.091258405379443,0.0,1.440922190201729,0.09606147934678194,11.623439000960614,10.470701248799232,0.0,1.2487992315081653,0.2881844380403458,1.9212295869356388,1.0
CD_I1009208,Matt Rowell,Gold Coast SUNS,Centre,18.0,"https://s.afl.com.au/staticfile/AFL Tenant/AFL/Players/ChampIDImages/AFL/2025014/1009208.png?im=Scale,width=0.6,height=0.6",0.8272727272727273,9.1,11,14.615384615384617,1.8681318681318682,15.054945054945055,29.67032967032967,21.64835164835165,0.32967032967032966,0.21978021978021978,0.0,9.56043956043956,0.989010989010989,6.263736263736264,8.571428571428571,6.593406593406594,1.8681318681318682,3.076923076923077,14.285714285714286,14.835164835164836,0.0,0.10989010989010989,1.208791208791209,0.43956043956043955,0.8791208791208791,112.63736263736264,3.8461538461538463,4.725274725274725,8.021978021978022,460.32967032967036,6.263736263736264,3.076923076923077,0.5494505494505495,0.0,0.21978021978021978,0.0,0.0,15.164835164835166,8.351648351648352,0.8791208791208791,9.12087912087912,0.0,0.43956043956043955,0.10989010989010989,34.285714285714285,19.164835164835168,0.0,1.978021978021978,0.8791208791208791,0.32967032967032966,1.0
CD_I1028547,Matt Whitlock,North Melbourne,Interchange,35.0,"https://s.afl.com.au/staticfile/AFL Tenant/AFL/Players/ChampIDImages/AFL/2025014/1028547.png?im=Scale,width=0.6,height=0.6",0.05272727272727273,0.58,1,10.344827586206897,5.172413793103448,6.8965517241379315,17.24137931034483,12.06896551724138,0.0,0.0,0.0,1.7241379310344829,0.0,0.0,0.0,8.620689655172415,0.0,1.7241379310344829,5.172413793103448,13.793103448275863,0.0,0.0,0.0,0.0,0.0,62.06896551724138,0.0,0.0,0.0,241.37931034482762,8.620689655172415,6.8965517241379315,0.0,0.0,0.0,0.0,0.0,5.172413793103448,5.172413793103448,0.0,5.172413793103448,0.0,1.7241379310344829,0.0,6.8965517241379315,2.241379310344828,0.0,0.0,0.0,0.0,1.0
CD_I1020137,Mattaes Phillipou,St Kilda,Centre Half-Forward,25.0,"https://s.afl.com.au/staticfile/AFL Tenant/AFL/Players/ChampIDImages/AFL/2025014/1020137.png?im=Scale,width=0.6,height=0.6",0.18083333333333332,2.17,4,11.981566820276498,4.147465437788019,11.059907834101383,23.041474654377883,13.824884792626728,0.9216589861751152,1.3824884792626728,0.0,3.686635944700461,1.3824884792626728,3.686635944700461,2.7649769585253456,3.686635944700461,0.9216589861751152,0.9216589861751152,8.755760368663594,13.824884792626728,0.0,0.9216589861751152,0.4608294930875576,0.0,1.3824884792626728,90.3225806451613,0.4608294930875576,2.3041474654377883,7.8341013824884795,366.8202764976959,1.8433179723502304,0.9216589861751152,1.8433179723502304,0.0,0.0,0.4608294930875576,0.0,7.373271889400922,4.6082949308755765,2.7649769585253456,7.8341013824884795,0.0,0.0,0.4608294930875576,18.433179723502306,11.382488479262673,0.0,0.0,2.3041474654377883,0.0,1.0
CD_I1027964,Matthew Carroll,Carlton,Wing,32.0,"https://s.afl.com.au/staticfile/AFL Tenant/AFL/Players/ChampIDImages/AFL/2025014/1027964.png?im=Scale,width=0.6,height=0.6",0.4254545454545454,4.68,6,11.538461538461538,5.128205128205129,2.9914529914529915,14.529914529914532,10.897435897435898,0.0,0.0,0.0,1.7094017094017095,1.9230769230769231,2.1367521367521367,0.4273504273504274,2.5641025641025643,0.2136752136752137,0.6410256410256411,3.2051282051282053,11.538461538461538,0.2136752136752137,0.0,1.2820512820512822,0.4273504273504274,0.4273504273504274,61.111111111111114,0.0,0.4273504273504274,2.777777777777778,299.35897435897436,3.2051282051282053,3.632478632478633,0.0,0.0,0.4273504273504274,0.0,0.0,7.478632478632479,8.333333333333334,0.0,2.777777777777778,0.0,1.4957264957264957,0.2136752136752137,10.897435897435898,5.470085470085471,0.0,0.6410256410256411,0.0,1.0683760683760684,1.0
CD_I1008154,Matthew Cottrell,Carlton,"Half-Forward, Wing",46.0,"https://s.afl.com.au/staticfile/AFL Tenant/AFL/Players/ChampIDImages/AFL/2025014/1008154.png?im=Scale,width=0.6,height=0.6",0.4872727272727273,5.36,6,13.059701492537313,4.291044776119403,5.410447761194029,18.470149253731343,12.12686567164179,0.3731343283582089,0.9328358208955223,0.0,2.0522388059701493,1.6791044776119401,5.410447761194029,1.3059701492537312,1.8656716417910446,0.3731343283582089,0.18656716417910446,7.649253731343284,10.074626865671641,0.18656716417910446,0.5597014925373134,1.8656716417910446,0.0,0.9328358208955223,74.06716417910447,0.0,1.3059701492537312,6.156716417910447,406.5298507462686,3.3582089552238803,3.731343283582089,0.7462686567164178,0.0,0.18656716417910446,0.7462686567164178,0.18656716417910446,2.9850746268656714,7.649253731343284,2.2388059701492535,6.716417910447761,0.0,0.3731343283582089,0.5597014925373134,11.567164179104477,13.955223880597014,0.0,1.3059701492537312,1.3059701492537312,0.9328358208955223,1.0
CD_I1023486,Matthew Jefferson,Melbourne,Centre Half-Forward,21.0,"https://s.afl.com.au/staticfile/AFL Tenant/AFL/Players/ChampIDImages/AFL/2025014/1023486.png?im=Scale,width=0.6,height=0.6",0.11750000000000001,1.4100000000000001,3,3.5460992907801416,2.127659574468085,2.836879432624113,6.382978723404254,2.836879432624113,1.4184397163120566,0.0,0.0,1.4184397163120566,0.0,0.7092198581560283,0.0,2.836879432624113,0.0,0.7092198581560283,3.5460992907801416,2.836879432624113,0.0,1.4184397163120566,0.7092198581560283,0.0,0.0,34.75177304964539,0.0,0.0,3.5460992907801416,126.24113475177303,0.7092198581560283,0.7092198581560283,0.0,0.0,0.0,4.25531914893617,0.0,2.127659574468085,1.4184397163120566,2.836879432624113,3.5460992907801416,0.0,0.0,0.7092198581560283,11.347517730496453,2.127659574468085,0.0,0.0,2.127659574468085,0.7092198581560283,1.0
CD_I1016825,Matthew Johnson,Fremantle,Wing,44.0,"https://s.afl.com.au/staticfile/AFL Tenant/AFL/Players/ChampIDImages/AFL/2025014/1016825.png?im=Scale,width=0.6,height=0.6",0.7825000000000001,9.39,12,11.501597444089457,5.324813631522896,12.673056443024493,24.174653887113948,15.974440894568689,0.21299254526091585,0.7454739084132055,0.0,4.259850905218317,1.2779552715654952,4.685835995740149,3.6208732694355694,5.111821086261981,1.1714589989350372,1.490947816826411,8.306709265175718,15.654952076677315,0.10649627263045792,0.21299254526091585,1.8104366347177847,0.7454739084132055,0.3194888178913738,91.58679446219382,0.8519701810436634,2.768903088391906,5.005324813631523,415.54845580404685,4.898828541001064,2.768903088391906,0.10649627263045792,0.10649627263045792,0.10649627263045792,0.21299254526091585,0.10649627263045792,10.436634717784877,6.815761448349307,0.5324813631522897,6.17678381256656,0.0,0.6389776357827476,0.21299254526091585,21.08626198083067,10.511182108626198,0.0,1.8104366347177847,1.1714589989350372,0.6389776357827476,1.0
CD_I1001398,Matthew Kennedy,Western Bulldogs,Half-Forward,8.0,"https://s.afl.com.au/staticfile/AFL Tenant/AFL/Players/ChampIDImages/AFL/2025014/1001398.png?im=Scale,width=0.6,height=0.6",0.805,9.66,12,16.977225672877847,5.900621118012422,13.768115942028984,30.74534161490683,20.600414078674948,1.5527950310559007,0.41407867494824013,0.0,6.107660455486543,1.5527950310559007,5.279503105590062,7.556935817805383,4.3478260869565215,1.1387163561076605,1.0351966873706004,11.904761904761905,17.598343685300208,0.41407867494824013,1.0351966873706004,1.8633540372670807,0.0,0.9316770186335404,128.36438923395445,2.380952380952381,5.175983436853002,8.074534161490684,444.3064182194617,5.279503105590062,1.9668737060041408,0.8281573498964803,0.10351966873706003,0.3105590062111801,0.10351966873706003,0.0,8.902691511387163,8.902691511387163,1.3457556935817805,8.488612836438923,0.0,0.5175983436853002,0.7246376811594203,22.87784679089027,19.12008281573499,0.0,1.9668737060041408,2.277432712215321,0.9316770186335404,1.0
CD_I1013973,Matthew Owies,West Coast Eagles,Half-Forward,16.0,"https://s.afl.com.au/staticfile/AFL Tenant/AFL/Players/ChampIDImages/AFL/2025014/1013973.png?im=Scale,width=0.6,height=0.6",0.6166666666666667,7.4,10,7.972972972972973,3.918918918918919,4.594594594594595,12.567567567567567,6.756756756756756,0.8108108108108107,0.9459459459459459,0.0,3.108108108108108,0.13513513513513511,2.5675675675675675,0.8108108108108107,2.8378378378378377,0.6756756756756757,0.8108108108108107,5.405405405405405,7.027027027027026,0.4054054054054054,0.8108108108108107,1.081081081081081,0.13513513513513511,0.4054054054054054,61.35135135135135,0.13513513513513511,0.6756756756756757,4.45945945945946,225.54054054054052,2.8378378378378377,1.2162162162162162,1.7567567567567566,0.0,0.0,1.081081081081081,0.13513513513513511,5.405405405405405,3.918918918918919,1.6216216216216215,4.189189189189189,0.0,0.0,0.5405405405405405,21.35135135135135,5.391891891891891,0.0,0.6756756756756757,2.0270270270270268,0.6756756756756757,1.0
CD_I1009551,Maurice Rioli,Richmond,"Forward Pocket, Forward Pocket",17.0,"https://s.afl.com.au/staticfile/AFL Tenant/AFL/Players/ChampIDImages/AFL/2025014/1009551.png?im=Scale,width=0.6,height=0.6",0.24666666666666667,2.96,5,6.081081081081082,1.6891891891891893,3.7162162162162162,9.797297297297298,5.405405405405405,1.0135135135135136,0.33783783783783783,0.0,4.054054054054054,0.33783783783783783,2.7027027027027026,0.33783783783783783,3.7162162162162162,1.0135135135135136,2.027027027027027,7.4324324324324325,3.7162162162162162,0.33783783783783783,0.6756756756756757,1.0135135135135136,0.6756756756756757,0.33783783783783783,48.310810810810814,0.0,0.33783783783783783,3.3783783783783785,147.2972972972973,4.391891891891892,3.7162162162162162,1.6891891891891893,0.0,0.0,1.0135135135135136,0.33783783783783783,6.756756756756757,2.7027027027027026,2.027027027027027,5.743243243243243,0.0,0.33783783783783783,0.0,28.04054054054054,8.04054054054054,0.0,0.6756756756756757,1.6891891891891893,0.6756756756756757,1.0
CD_I290528,Max Gawn,Melbourne,Ruck,11.0,"https://s.afl.com.au/staticfile/AFL Tenant/AFL/Players/ChampIDImages/AFL/2025014/290528.png?im=Scale,width=0.6,height=0.6",0.8458333333333333,10.15,12,12.019704433497537,6.305418719211822,13.497536945812808,25.517241379310345,17.04433497536946,0.19704433497536944,0.9852216748768473,43.54679802955665,2.955665024630542,1.9704433497536946,3.842364532019704,7.29064039408867,4.926108374384237,3.152709359605911,2.0689655172413794,17.142857142857142,8.275862068965518,2.6600985221674875,0.689655172413793,3.152709359605911,0.0,0.3940886699507389,136.45320197044333,1.9704433497536946,5.320197044334975,9.064039408866995,254.67980295566502,2.758620689655172,4.532019704433497,0.09852216748768472,0.0,0.7881773399014778,2.2660098522167487,0.9852216748768473,5.320197044334975,7.389162561576354,0.7881773399014778,4.236453201970443,11.527093596059112,2.857142857142857,0.49261083743842365,9.852216748768473,18.06896551724138,91.62561576354679,5.812807881773399,1.477832512315271,2.758620689655172,1.0
CD_I1027921,Max Gruzewski,GWS GIANTS,Interchange,35.0,"https://s.afl.com.au/staticfile/AFL Tenant/AFL/Players/ChampIDImages/AFL/2025014/1027921.png?im=Scale,width=0.6,height=0.6",0.07916666666666666,0.95,2,4.2105263157894735,3.1578947368421053,5.2631578947368425,9.473684210526317,7.36842105263158,2.1052631578947367,0.0,6.315789473684211,3.1578947368421053,0.0,1.0526315789473684,0.0,2.1052631578947367,0.0,1.0526315789473684,4.2105263157894735,5.2631578947368425,1.0526315789473684,2.1052631578947367,1.0526315789473684,0.0,1.0526315789473684,61.05263157894737,0.0,0.0,4.2105263157894735,157.89473684210526,2.1052631578947367,0.0,1.0526315789473684,1.0526315789473684,1.0526315789473684,1.0526315789473684,0.0,6.315789473684211,3.1578947368421053,0.0,3.1578947368421053,1.0526315789473684,0.0,0.0,12.631578947368421,9.894736842105264,23.157894736842106,0.0,3.1578947368421053,1.0526315789473684,1.0
CD_I1020855,Max Hall,St Kilda,"Half-Forward, Half-Forward",40.0,"https://s.afl.com.au/staticfile/AFL Tenant/AFL/Players/ChampIDImages/AFL/2025014/1020855.png?im=Scale,width=0.6,height=0.6",0.7849999999999999,9.419999999999998,12,8.811040339702762,4.352441613588112,8.492569002123144,17.303609341825904,12.420382165605098,1.1677282377919322,0.9554140127388537,0.0,3.2908704883227182,0.7430997876857751,3.184713375796179,1.5923566878980895,1.9108280254777075,0.5307855626326965,0.5307855626326965,5.520169851380044,11.677282377919322,0.1061571125265393,1.061571125265393,0.7430997876857751,0.1061571125265393,0.7430997876857751,76.53927813163483,0.1061571125265393,1.4861995753715502,6.05095541401274,263.5881104033971,2.547770700636943,1.1677282377919322,1.1677282377919322,0.0,0.0,0.4246284501061572,0.0,6.900212314225055,5.626326963906583,1.1677282377919322,4.8832271762208075,0.0,0.1061571125265393,0.6369426751592357,17.622080679405524,9.80891719745223,0.0,0.2123142250530786,2.123142250530786,0.5307855626326965,1.0
CD_I1015889,Max Holmes,Geelong Cats,Centre,9.0,"https://s.afl.com.au/staticfile/AFL Tenant/AFL/Players/ChampIDImages/AFL/2025014/1015889.png?im=Scale,width=0.6,height=0.6",0.7958333333333333,9.55,12,19.371727748691097,6.701570680628271,11.413612565445025,30.785340314136125,20.6282722513089,0.6282722513089005,0.5235602094240838,0.0,4.50261780104712,5.340314136125654,5.549738219895287,5.654450261780104,5.2356020942408374,1.0471204188481675,1.4659685863874345,12.041884816753926,17.69633507853403,0.20942408376963348,0.6282722513089005,1.4659685863874345,3.246073298429319,0.8376963350785339,119.99999999999999,3.0366492146596857,2.6178010471204187,7.120418848167539,682.0942408376962,5.654450261780104,5.445026178010471,0.41884816753926696,0.0,0.0,0.10471204188481674,0.10471204188481674,10.785340314136125,12.25130890052356,0.10471204188481674,9.738219895287957,0.0,0.6282722513089005,0.41884816753926696,21.465968586387433,18.272251308900522,0.0,2.1989528795811517,1.4659685863874345,0.5235602094240838,1.0
CD_I1015370,Max Michalanney,Adelaide Crows,Half-Back,16.0,"https://s.afl.com.au/staticfile/AFL Tenant/AFL/Players/ChampIDImages/AFL/2025014/1015370.png?im=Scale,width=0.6,height=0.6",0.8975000000000001,10.77,12,9.842154131847726,4.735376044568246,4.642525533890437,14.484679665738161,10.95636025998143,0.09285051067780874,0.18570102135561747,0.0,2.3212627669452184,3.064066852367688,1.9498607242339834,0.09285051067780874,1.4856081708449398,0.9285051067780873,0.5571030640668524,4.085422469823584,10.30640668523677,0.7428040854224699,0.09285051067780874,2.042711234911792,0.0,0.2785515320334262,62.30269266480966,0.0,0.09285051067780874,3.528319405756732,292.85051067780876,2.5998142989786444,4.2711234911792015,0.0,0.18570102135561747,1.2070566388115136,0.09285051067780874,0.09285051067780874,6.685236768802229,7.242339832869081,0.0,2.5998142989786444,0.0,1.2070566388115136,0.2785515320334262,8.82079851439183,7.065923862581244,0.0,1.021355617455896,0.2785515320334262,1.5784586815227484,1.0
CD_I1027965,Max Ramsden,Hawthorn,Forward Pocket,38.0,"https://s.afl.com.au/staticfile/AFL Tenant/AFL/Players/ChampIDImages/AFL/2025014/1027965.png?im=Scale,width=0.6,height=0.6",0.06153846153846154,0.8,1,6.25,5.0,5.0,11.25,5.0,0.0,1.25,2.5,3.75,0.0,1.25,1.25,1.25,0.0,0.0,8.75,3.75,2.5,2.5,5.0,0.0,1.25,62.5,0.0,1.25,6.25,156.25,1.25,0.0,1.25,0.0,0.0,1.25,1.25,2.5,2.5,0.0,1.25,0.0,0.0,0.0,10.0,7.75,12.5,1.25,2.5,3.75,1.0
CD_I999321,Michael Frederick,Fremantle,Half-Forward,32.0,"https://s.afl.com.au/staticfile/AFL Tenant/AFL/Players/ChampIDImages/AFL/2025014/999321.png?im=Scale,width=0.6,height=0.6",0.805,9.66,12,9.213250517598343,4.658385093167702,5.279503105590062,14.492753623188406,9.420289855072463,1.7598343685300206,1.1387163561076605,0.0,3.209109730848861,0.5175983436853002,3.5196687370600412,0.5175983436853002,2.7950310559006213,0.6211180124223602,0.5175983436853002,4.658385093167702,9.834368530020704,0.41407867494824013,1.3457556935817805,1.0351966873706004,0.10351966873706003,1.0351966873706004,75.77639751552795,0.10351966873706003,0.41407867494824013,6.521739130434782,279.81366459627327,2.691511387163561,1.5527950310559007,1.3457556935817805,0.0,0.0,0.5175983436853002,0.10351966873706003,4.968944099378882,5.797101449275362,1.4492753623188406,3.312629399585921,0.0,0.20703933747412007,0.7246376811594203,15.010351966873706,10.072463768115941,0.0,0.7246376811594203,3.209109730848861,0.6211180124223602,1.0
CD_I1009191,Miles Bergman,Port Adelaide,Half-Back,14.0,"https://s.afl.com.au/staticfile/AFL Tenant/AFL/Players/ChampIDImages/AFL/2025014/1009191.png?im=Scale,width=0.6,height=0.6",0.8263636363636364,9.09,11,14.411441144114411,7.040704070407041,7.370737073707371,21.782178217821784,15.181518151815181,0.22002200220022003,0.33003300330033003,0.0,2.9702970297029703,4.29042904290429,4.29042904290429,1.1001100110011002,3.6303630363036303,0.9900990099009901,0.5500550055005501,5.83058305830583,15.181518151815181,0.44004400440044006,0.22002200220022003,2.31023102310231,0.9900990099009901,0.33003300330033003,91.96919691969197,0.11001100110011001,0.9900990099009901,4.070407040704071,551.8151815181518,5.2805280528052805,5.720572057205721,0.0,0.22002200220022003,1.6501650165016502,0.11001100110011001,0.0,10.45104510451045,9.570957095709572,0.22002200220022003,3.8503850385038505,0.0,2.2002200220022003,0.0,15.731573157315731,9.922992299229923,0.0,1.4301430143014302,0.7700770077007701,1.7601760176017602,1.0
CD_I281065,Mitch Duncan,Geelong Cats,Back-Pocket,22.0,"https://s.afl.com.au/staticfile/AFL Tenant/AFL/Players/ChampIDImages/AFL/2025014/281065.png?im=Scale,width=0.6,height=0.6",0.26416666666666666,3.17,5,17.665615141955836,7.886435331230284,9.46372239747634,27.12933753943218,23.028391167192428,0.31545741324921134,0.31545741324921134,0.0,3.1545741324921135,2.8391167192429023,3.7854889589905363,1.8927444794952681,2.8391167192429023,1.5772870662460567,0.6309148264984227,7.570977917981073,17.350157728706623,0.0,0.0,0.9463722397476341,0.0,0.9463722397476341,110.09463722397477,0.0,1.8927444794952681,8.517350157728707,476.6561514195584,2.8391167192429023,5.678233438485805,0.31545741324921134,0.0,0.0,0.31545741324921134,0.0,5.047318611987381,15.141955835962145,0.31545741324921134,5.993690851735016,0.0,0.6309148264984227,0.9463722397476341,9.46372239747634,17.7602523659306,0.0,2.5236593059936907,0.6309148264984227,0.31545741324921134,1.0
CD_I1010174,Mitch Georgiades,Port Adelaide,Full-Forward,19.0,"https://s.afl.com.au/staticfile/AFL Tenant/AFL/Players/ChampIDImages/AFL/2025014/1010174.png?im=Scale,width=0.6,height=0.6",0.8836363636363637,9.72,11,9.876543209876543,6.172839506172839,3.9094650205761314,13.786008230452675,8.127572016460904,2.4691358024691357,1.8518518518518516,0.0,1.4403292181069958,0.0,2.05761316872428,0.0,3.1893004115226335,1.337448559670782,1.2345679012345678,5.144032921810699,8.436213991769547,1.6460905349794237,3.4979423868312756,1.02880658436214,0.20576131687242796,0.4115226337448559,76.02880658436213,0.0,0.0,6.893004115226337,244.1358024691358,3.0864197530864197,0.4115226337448559,0.9259259259259258,0.0,0.0,4.320987654320987,1.1316872427983538,1.8518518518518516,5.246913580246913,1.4403292181069958,2.1604938271604937,0.0,0.10288065843621398,1.9547325102880657,7.921810699588477,7.6954732510288055,0.0,0.10288065843621398,5.041152263374485,0.9259259259259258,1.0
CD_I1021103,Mitch Knevitt,Geelong Cats,"Centre Half-Forward, Rover",10.0,"https://s.afl.com.au/staticfile/AFL Tenant/AFL/Players/ChampIDImages/AFL/2025014/1021103.png?im=Scale,width=0.6,height=0.6",0.24416666666666667,2.93,5,9.215017064846416,3.41296928327645,11.60409556313993,20.819112627986346,13.6518771331058,0.341296928327645,0.341296928327645,0.0,8.532423208191126,0.68259385665529,4.778156996587031,3.7542662116040955,3.7542662116040955,1.023890784982935,0.341296928327645,9.897610921501705,11.60409556313993,0.341296928327645,0.0,1.36518771331058,0.0,0.341296928327645,97.61092150170649,1.023890784982935,2.73037542662116,5.46075085324232,336.518771331058,3.41296928327645,2.3890784982935154,2.04778156996587,0.0,0.0,0.0,0.0,11.60409556313993,5.802047781569965,1.023890784982935,6.143344709897611,0.0,0.68259385665529,0.0,28.327645051194537,11.058020477815699,0.0,0.341296928327645,0.68259385665529,0.341296928327645,1.0
CD_I297255,Mitch McGovern,Carlton,Centre Half-Back,11.0,"https://s.afl.com.au/staticfile/AFL Tenant/AFL/Players/ChampIDImages/AFL/2025014/297255.png?im=Scale,width=0.6,height=0.6",0.7600000000000001,8.360000000000001,11,15.789473684210524,6.339712918660286,4.425837320574162,20.215311004784684,15.669856459330141,0.11961722488038276,0.11961722488038276,0.0,1.9138755980861242,5.382775119617224,1.5550239234449759,0.11961722488038276,3.4688995215311,1.1961722488038276,0.8373205741626794,4.545454545454545,11.602870813397127,0.47846889952153104,0.11961722488038276,4.78468899521531,0.35885167464114825,0.35885167464114825,82.41626794258372,0.0,0.11961722488038276,3.4688995215311,493.54066985645926,4.066985645933014,6.8181818181818175,0.0,0.7177033492822965,1.1961722488038276,0.23923444976076552,0.0,9.449760765550238,11.72248803827751,0.11961722488038276,2.990430622009569,0.0,1.7942583732057413,0.0,11.961722488038276,12.248803827751193,0.0,1.7942583732057413,0.23923444976076552,3.947368421052631,1.0
CD_I1023272,Mitch Owens,St Kilda,Half-Forward,10.0,"https://s.afl.com.au/staticfile/AFL Tenant/AFL/Players/ChampIDImages/AFL/2025014/1023272.png?im=Scale,width=0.6,height=0.6",0.785,9.42,11,8.9171974522293,4.670912951167728,7.43099787685775,16.348195329087048,10.509554140127388,1.8046709129511678,0.8492569002123143,3.0785562632696393,2.653927813163482,0.42462845010615713,2.9723991507431,1.8046709129511678,3.9278131634819533,1.8046709129511678,1.48619957537155,8.386411889596603,9.023354564755838,1.167728237791932,2.1231422505307855,1.910828025477707,0.10615711252653928,1.0615711252653928,78.34394904458598,0.6369426751592356,1.167728237791932,6.794055201698514,256.687898089172,4.45859872611465,1.5923566878980893,0.743099787685775,0.0,0.10615711252653928,3.715498938428875,1.2738853503184713,3.715498938428875,4.45859872611465,1.167728237791932,4.564755838641189,0.6369426751592356,0.42462845010615713,0.6369426751592356,10.19108280254777,10.19108280254777,12.845010615711253,0.6369426751592356,3.6093418259023355,0.9554140127388535,1.0
CD_I1004863,Mitchell Hinge,Adelaide Crows,Back-Pocket,20.0,"https://s.afl.com.au/staticfile/AFL Tenant/AFL/Players/ChampIDImages/AFL/2025014/1004863.png?im=Scale,width=0.6,height=0.6",0.735,8.82,11,15.986394557823129,5.895691609977324,6.802721088435374,22.7891156462585,18.027210884353742,0.11337868480725623,0.11337868480725623,0.0,2.947845804988662,5.555555555555555,2.494331065759637,1.0204081632653061,3.401360544217687,1.5873015873015872,1.2471655328798186,6.235827664399093,13.945578231292517,0.4535147392290249,0.11337868480725623,2.6077097505668934,0.22675736961451246,0.4535147392290249,89.68253968253968,0.22675736961451246,0.7936507936507936,4.195011337868481,454.42176870748295,3.1746031746031744,7.029478458049886,0.0,0.11337868480725623,0.6802721088435374,0.0,0.0,9.977324263038549,13.378684807256235,0.0,4.195011337868481,0.0,1.8140589569160996,0.0,12.92517006802721,12.755102040816325,0.0,1.9274376417233559,0.22675736961451246,2.2675736961451247,1.0
CD_I1028513,Murphy Reid,Fremantle,Half-Forward,16.0,"https://s.afl.com.au/staticfile/AFL Tenant/AFL/Players/ChampIDImages/AFL/2025014/1028513.png?im=Scale,width=0.6,height=0.6",0.7758333333333333,9.309999999999999,12,9.881847475832439,2.4704618689581097,7.518796992481204,17.400644468313644,11.38560687432868,1.5037593984962407,0.9667024704618691,0.0,2.7926960257787328,0.10741138560687434,3.22234156820623,1.5037593984962407,2.6852846401718584,0.8592910848549947,0.8592910848549947,7.196562835660581,9.989258861439314,0.10741138560687434,0.9667024704618691,0.8592910848549947,0.21482277121374868,0.8592910848549947,71.53598281417831,0.21482277121374868,1.288936627282492,7.0891514500537065,279.1621911922664,3.3297529538131045,1.0741138560687435,1.0741138560687435,0.0,0.0,0.7518796992481204,0.322234156820623,3.437164339419979,6.122448979591837,2.4704618689581097,5.69280343716434,0.0,0.0,0.5370569280343718,14.715359828141786,11.868958109559616,0.0,0.9667024704618691,3.22234156820623,0.42964554242749736,1.0
CD_I1015507,Nasiah Wanganeen-Milera,St Kilda,Centre Half-Back,7.0,"https://s.afl.com.au/staticfile/AFL Tenant/AFL/Players/ChampIDImages/AFL/2025014/1015507.png?im=Scale,width=0.6,height=0.6",0.8066666666666666,9.68,12,25.826446280991735,6.404958677685951,9.400826446280991,35.22727272727273,24.586776859504134,0.7231404958677686,0.6198347107438017,0.0,3.2024793388429753,6.921487603305786,4.338842975206612,2.169421487603306,6.404958677685951,0.8264462809917356,0.8264462809917356,7.541322314049587,21.797520661157026,0.10330578512396695,0.30991735537190085,2.8925619834710745,4.958677685950414,0.8264462809917356,131.61157024793388,1.0330578512396695,1.1363636363636365,6.818181818181818,767.3553719008264,6.508264462809917,5.681818181818182,0.10330578512396695,0.2066115702479339,0.4132231404958678,0.10330578512396695,0.10330578512396695,10.743801652892563,17.045454545454547,0.10330578512396695,5.8884297520661155,0.0,1.2396694214876034,0.6198347107438017,15.805785123966942,18.605371900826448,0.0,1.5495867768595042,1.5495867768595042,2.37603305785124,1.0
CD_I291570,Nat Fyfe,Fremantle,Interchange,7.0,"https://s.afl.com.au/staticfile/AFL Tenant/AFL/Players/ChampIDImages/AFL/2025014/291570.png?im=Scale,width=0.6,height=0.6",0.016666666666666666,0.2,1,15.0,10.0,20.0,35.0,25.0,0.0,0.0,0.0,5.0,0.0,5.0,5.0,10.0,0.0,10.0,15.0,15.0,0.0,0.0,5.0,0.0,0.0,105.0,0.0,5.0,5.0,405.0,5.0,0.0,0.0,0.0,0.0,0.0,0.0,15.0,5.0,0.0,10.0,0.0,0.0,0.0,20.0,2.9999999999999996,0.0,0.0,0.0,0.0,1.0
CD_I1027899,Nate Caddy,Essendon,Centre Half-Forward,30.0,"https://s.afl.com.au/staticfile/AFL Tenant/AFL/Players/ChampIDImages/AFL/2025014/1027899.png?im=Scale,width=0.6,height=0.6",0.7672727272727273,8.440000000000001,11,10.426540284360188,5.331753554502368,4.265402843601895,14.691943127962084,7.464454976303316,1.6587677725118481,1.777251184834123,0.11848341232227487,1.4218009478672984,0.11848341232227487,2.8436018957345968,0.23696682464454974,3.791469194312796,1.1848341232227486,0.8293838862559241,6.872037914691942,7.582938388625592,1.6587677725118481,1.6587677725118481,0.8293838862559241,0.23696682464454974,0.23696682464454974,72.03791469194312,0.11848341232227487,0.11848341232227487,5.213270142180094,285.42654028436016,4.85781990521327,1.1848341232227486,0.4739336492890995,0.0,0.0,2.606635071090047,0.23696682464454974,2.2511848341232223,4.38388625592417,1.3033175355450235,3.9099526066350707,0.0,0.11848341232227487,1.1848341232227486,11.018957345971563,6.64691943127962,0.23696682464454974,0.3554502369668246,4.1469194312796205,0.5924170616113743,1.0
CD_I295203,Nathan Broad,Richmond,Half-Back,35.0,"https://s.afl.com.au/staticfile/AFL Tenant/AFL/Players/ChampIDImages/AFL/2025014/295203.png?im=Scale,width=0.6,height=0.6",0.9008333333333333,10.809999999999999,12,11.563367252543943,7.030527289546717,4.995374653098983,16.558741905642925,14.061054579093433,0.0,0.0,0.0,1.5726179463459762,3.792784458834413,0.6475485661424608,0.18501387604070307,2.1276595744680855,0.5550416281221092,0.5550416281221092,4.070305272895467,11.655874190564294,0.4625346901017577,0.09250693802035154,4.347826086956522,0.7400555041628123,0.0,70.95282146160963,0.0,0.18501387604070307,1.9426456984273823,237.2802960222017,1.8501387604070307,6.01295097132285,0.0,0.5550416281221092,2.0351526364477337,0.0,0.0,6.567992599444959,9.528214616096209,0.0,3.2377428307123037,0.0,2.40518038852914,0.18501387604070307,7.400555041628123,9.269195189639225,0.0,1.387604070305273,0.09250693802035154,4.070305272895467,1.0
CD_I1013220,Nathan O'Driscoll,Fremantle,"Centre, Wing",30.0,"https://s.afl.com.au/staticfile/AFL Tenant/AFL/Players/ChampIDImages/AFL/2025014/1013220.png?im=Scale,width=0.6,height=0.6",0.2375,2.85,4,17.19298245614035,4.2105263157894735,12.280701754385964,29.473684210526315,18.596491228070175,0.3508771929824561,0.3508771929824561,0.0,6.666666666666666,1.7543859649122806,6.315789473684211,4.56140350877193,5.614035087719298,2.456140350877193,1.7543859649122806,11.228070175438596,18.94736842105263,0.3508771929824561,0.0,1.4035087719298245,0.3508771929824561,1.0526315789473684,115.08771929824562,0.7017543859649122,3.8596491228070176,6.666666666666666,530.5263157894736,6.666666666666666,4.2105263157894735,1.0526315789473684,0.0,0.0,0.0,0.0,9.473684210526315,9.12280701754386,1.0526315789473684,7.719298245614035,0.0,0.3508771929824561,0.7017543859649122,17.894736842105264,12.771929824561402,0.0,1.0526315789473684,1.0526315789473684,0.0,1.0
CD_I1017124,Ned Long,Collingwood,Ruck-Rover,44.0,"https://s.afl.com.au/staticfile/AFL Tenant/AFL/Players/ChampIDImages/AFL/2025014/1017124.png?im=Scale,width=0.6,height=0.6",0.6625,7.95,12,10.817610062893081,3.5220125786163523,17.61006289308176,28.427672955974842,19.371069182389938,0.5031446540880503,0.3773584905660377,0.12578616352201258,10.69182389937107,1.0062893081761006,4.779874213836478,5.534591194968553,5.031446540880503,1.5094339622641508,1.6352201257861634,12.830188679245282,15.974842767295597,0.25157232704402516,0.6289308176100629,2.5157232704402515,0.0,1.6352201257861634,121.13207547169812,2.5157232704402515,3.0188679245283017,9.30817610062893,355.72327044025155,5.031446540880503,3.144654088050314,1.5094339622641508,0.0,0.0,0.3773584905660377,0.12578616352201258,15.220125786163521,5.660377358490566,1.6352201257861634,8.80503144654088,0.0,0.12578616352201258,0.25157232704402516,34.088050314465406,16.968553459119498,2.389937106918239,2.389937106918239,1.1320754716981132,0.5031446540880503,1.0
CD_I1021013,Ned Moyle,Gold Coast SUNS,Interchange,21.0,"https://s.afl.com.au/staticfile/AFL Tenant/AFL/Players/ChampIDImages/AFL/2025014/1021013.png?im=Scale,width=0.6,height=0.6",0.09090909090909091,1.0,2,2.0,2.0,5.0,7.0,6.0,0.0,0.0,28.0,3.0,1.0,2.0,0.0,0.0,3.0,0.0,5.0,2.0,1.0,0.0,6.0,0.0,0.0,65.0,0.0,0.0,1.0,18.0,0.0,2.0,0.0,0.0,1.0,1.0,1.0,4.0,2.0,0.0,2.0,6.0,1.0,0.0,11.0,11.100000000000001,61.0,0.0,0.0,6.0,1.0
CD_I1001024,Ned Reeves,Hawthorn,Ruck,7.0,"https://s.afl.com.au/staticfile/AFL Tenant/AFL/Players/ChampIDImages/AFL/2025014/1001024.png?im=Scale,width=0.6,height=0.6",0.06153846153846154,0.8,1,5.0,0.0,2.5,7.5,3.75,0.0,0.0,42.5,3.75,1.25,0.0,1.25,0.0,1.25,0.0,3.75,1.25,0.0,0.0,6.25,0.0,1.25,78.75,0.0,1.25,3.75,36.25,0.0,0.0,0.0,0.0,1.25,0.0,0.0,5.0,2.5,0.0,1.25,8.75,0.0,0.0,10.0,10.749999999999998,101.25,2.5,0.0,3.75,1.0
CD_I1020250,Neil Erasmus,Fremantle,Interchange,28.0,"https://s.afl.com.au/staticfile/AFL Tenant/AFL/Players/ChampIDImages/AFL/2025014/1020250.png?im=Scale,width=0.6,height=0.6",0.2825,3.3899999999999997,6,14.454277286135694,5.3097345132743365,12.389380530973453,26.843657817109147,17.99410029498525,0.0,0.5899705014749264,0.0,3.834808259587021,2.9498525073746316,5.014749262536873,4.719764011799411,3.834808259587021,0.8849557522123894,1.7699115044247788,9.734513274336283,17.99410029498525,0.0,0.0,0.8849557522123894,0.0,0.8849557522123894,95.57522123893806,1.7699115044247788,2.9498525073746316,6.784660766961653,463.1268436578172,5.6047197640118,2.9498525073746316,1.1799410029498527,0.0,0.0,0.0,0.0,10.619469026548673,8.259587020648969,0.5899705014749264,7.374631268436579,0.0,0.0,0.2949852507374632,25.663716814159294,10.943952802359883,0.0,1.7699115044247788,0.5899705014749264,0.2949852507374632,1.0
CD_I1012013,Nic Martin,Essendon,Half-Forward,37.0,"https://s.afl.com.au/staticfile/AFL Tenant/AFL/Players/ChampIDImages/AFL/2025014/1012013.png?im=Scale,width=0.6,height=0.6",0.9236363636363636,10.16,11,16.338582677165356,8.562992125984252,11.515748031496063,27.85433070866142,21.8503937007874,0.984251968503937,0.4921259842519685,0.0,3.149606299212598,3.248031496062992,4.232283464566929,2.0669291338582676,2.854330708661417,0.8858267716535433,0.6889763779527559,6.692913385826771,20.76771653543307,0.39370078740157477,0.5905511811023622,2.0669291338582676,1.968503937007874,0.8858267716535433,115.55118110236221,0.4921259842519685,1.574803149606299,6.889763779527559,425.68897637795277,3.6417322834645667,3.7401574803149606,0.2952755905511811,0.0,0.0,0.09842519685039369,0.09842519685039369,6.988188976377953,11.614173228346457,0.6889763779527559,4.52755905511811,0.0,0.7874015748031495,0.6889763779527559,15.15748031496063,14.734251968503935,0.0,0.7874015748031495,1.7716535433070866,1.3779527559055118,1.0
CD_I1006028,Nick Blakey,Sydney Swans,Centre Half-Back,22.0,"https://s.afl.com.au/staticfile/AFL Tenant/AFL/Players/ChampIDImages/AFL/2025014/1006028.png?im=Scale,width=0.6,height=0.6",0.8508333333333333,10.209999999999999,12,17.92360430950049,5.484818805093046,4.505386875612145,22.428991185112636,17.23800195886386,0.5876591576885407,0.29382957884427036,0.0,1.665034280117532,7.149853085210578,2.6444662095984333,0.29382957884427036,2.350636630754163,1.1753183153770814,0.4897159647404506,4.897159647404506,11.851126346718905,0.4897159647404506,0.19588638589618024,4.309500489715965,1.8609206660137123,0.29382957884427036,89.42213516160628,0.09794319294809012,0.19588638589618024,4.211557296767875,581.0969637610186,2.8403525954946134,7.247796278158669,0.09794319294809012,0.3917727717923605,1.3712047012732616,0.09794319294809012,0.09794319294809012,5.093046033300686,13.320274240940256,0.09794319294809012,3.330068560235064,0.0,2.0568070519098924,0.0,6.268364348677768,15.05386875612145,0.0,2.1547502448579827,0.881488736532811,4.211557296767875,1.0
CD_I1011954,Nick Bryan,Essendon,Ruck,24.0,"https://s.afl.com.au/staticfile/AFL Tenant/AFL/Players/ChampIDImages/AFL/2025014/1011954.png?im=Scale,width=0.6,height=0.6",0.20090909090909093,2.21,4,13.574660633484163,3.167420814479638,4.072398190045249,17.647058823529413,12.669683257918551,0.0,0.45248868778280543,34.38914027149321,3.167420814479638,1.8099547511312217,2.7149321266968327,3.6199095022624435,0.9049773755656109,1.3574660633484164,0.9049773755656109,7.239819004524887,9.502262443438914,0.0,0.0,2.7149321266968327,0.0,0.0,104.52488687782805,1.8099547511312217,1.8099547511312217,7.6923076923076925,326.2443438914027,0.9049773755656109,4.524886877828054,0.45248868778280543,0.45248868778280543,1.3574660633484164,0.0,0.0,8.144796380090497,8.597285067873303,0.0,4.072398190045249,11.312217194570136,1.3574660633484164,0.0,11.764705882352942,17.782805429864254,69.68325791855203,4.524886877828054,0.45248868778280543,2.262443438914027,1.0
CD_I1023261,Nick Daicos,Collingwood,Rover,35.0,"https://s.afl.com.au/staticfile/AFL Tenant/AFL/Players/ChampIDImages/AFL/2025014/1023261.png?im=Scale,width=0.6,height=0.6",0.8333333333333334,10.0,12,18.4,4.8,17.6,36.0,24.7,0.6,0.9,0.0,4.9,2.4,6.9,7.8,5.6,1.7,1.6,12.9,21.9,0.1,0.4,0.3,0.5,1.3,125.8,3.2,4.6,9.4,559.5,6.3,2.4,0.6,0.0,0.0,0.2,0.2,7.3,10.5,1.1,8.5,0.0,0.2,0.6,16.5,16.21,0.0,2.0,1.8,0.0,1.0
CD_I295265,Nick Haynes,Carlton,Half-Back,26.0,"https://s.afl.com.au/staticfile/AFL Tenant/AFL/Players/ChampIDImages/AFL/2025014/295265.png?im=Scale,width=0.6,height=0.6",0.8463636363636363,9.309999999999999,11,14.178302900107413,9.989258861439314,5.048335123523094,19.226638023630507,15.57465091299678,0.0,0.0,0.0,1.0741138560687435,3.759398496240602,1.611170784103115,0.7518796992481204,1.9334049409237382,1.0741138560687435,0.21482277121374868,6.229860365198712,13.211600429645545,1.0741138560687435,0.0,5.370569280343717,0.0,0.10741138560687434,87.32545649838885,0.21482277121374868,0.5370569280343718,2.900107411385607,373.1471535982815,2.6852846401718584,8.485499462943073,0.0,0.322234156820623,1.8259935553168638,0.0,0.0,6.44468313641246,11.063372717508058,0.0,3.6519871106337276,0.0,3.759398496240602,0.0,8.3780880773362,12.68528464017186,0.0,1.611170784103115,0.0,4.833512352309345,1.0
CD_I297456,Nick Holman,Gold Coast SUNS,"Half-Forward, Wing",7.0,"https://s.afl.com.au/staticfile/AFL Tenant/AFL/Players/ChampIDImages/AFL/2025014/297456.png?im=Scale,width=0.6,height=0.6",0.6063636363636364,6.67,10,6.746626686656672,1.949025487256372,9.295352323838081,16.041979010494753,11.544227886056971,0.7496251874062969,0.29985007496251875,0.0,6.296851574212893,1.199400299850075,1.6491754122938531,1.6491754122938531,3.7481259370314843,1.0494752623688155,1.7991004497751124,7.19640179910045,8.995502248875562,0.4497751124437781,0.29985007496251875,1.7991004497751124,0.0,1.0494752623688155,70.31484257871064,0.0,1.6491754122938531,5.547226386806597,216.34182908545728,2.9985007496251876,3.2983508245877062,1.199400299850075,0.0,0.0,0.7496251874062969,0.14992503748125938,9.295352323838081,3.598200899550225,1.4992503748125938,5.247376311844078,0.0,0.4497751124437781,0.14992503748125938,21.73913043478261,10.959520239880058,0.0,1.3493253373313343,1.199400299850075,1.199400299850075,1.0
CD_I1001017,Nick Larkey,North Melbourne,Centre Half-Forward,20.0,"https://s.afl.com.au/staticfile/AFL Tenant/AFL/Players/ChampIDImages/AFL/2025014/1001017.png?im=Scale,width=0.6,height=0.6",0.9309090909090909,10.24,11,6.8359375,4.39453125,3.41796875,10.25390625,7.51953125,2.34375,1.07421875,0.09765625,0.87890625,0.09765625,1.07421875,0.1953125,1.7578125,1.171875,0.5859375,5.078125,5.46875,1.07421875,2.63671875,1.85546875,0.0,0.68359375,58.69140625,0.0,0.1953125,6.0546875,153.80859375,1.26953125,0.29296875,0.5859375,0.0,0.0,3.125,0.78125,1.3671875,4.6875,1.46484375,2.5390625,0.0,0.09765625,1.171875,7.03125,8.662109375,0.5859375,0.390625,3.90625,1.26953125,1.0
CD_I1008230,Nick Murray,Adelaide Crows,"Centre Half-Back, Full-Back",9.0,"https://s.afl.com.au/staticfile/AFL Tenant/AFL/Players/ChampIDImages/AFL/2025014/1008230.png?im=Scale,width=0.6,height=0.6",0.2983333333333333,3.5799999999999996,4,8.100558659217878,5.5865921787709505,4.748603351955308,12.849162011173187,11.173184357541901,0.0,0.0,0.0,1.9553072625698327,3.9106145251396653,0.558659217877095,0.0,3.0726256983240225,0.8379888268156426,1.3966480446927376,3.3519553072625703,9.217877094972067,0.558659217877095,0.0,7.262569832402235,0.0,0.0,55.027932960893864,0.0,0.0,2.5139664804469275,188.26815642458104,2.23463687150838,4.748603351955308,0.0,0.0,2.23463687150838,0.0,0.0,4.189944134078213,6.703910614525141,0.0,1.9553072625698327,0.0,1.3966480446927376,0.0,5.307262569832403,6.955307262569833,0.0,0.8379888268156426,0.0,6.424581005586593,1.0
CD_I294674,Nick Vlastuin,Richmond,Back-Pocket,1.0,"https://s.afl.com.au/staticfile/AFL Tenant/AFL/Players/ChampIDImages/AFL/2025014/294674.png?im=Scale,width=0.6,height=0.6",0.84,10.08,12,16.865079365079364,7.440476190476191,5.753968253968254,22.61904761904762,18.353174603174605,0.0,0.0,0.0,2.4801587301587302,6.944444444444445,1.3888888888888888,0.2976190476190476,3.373015873015873,1.6865079365079365,1.4880952380952381,7.0436507936507935,11.408730158730158,1.4880952380952381,0.0,2.5793650793650795,0.0,0.0992063492063492,91.56746031746032,0.0,0.2976190476190476,2.7777777777777777,466.6666666666667,4.662698412698413,9.226190476190476,0.0,0.2976190476190476,1.3888888888888888,0.0,0.0,8.134920634920634,13.492063492063492,0.0,4.166666666666667,0.0,3.5714285714285716,0.0992063492063492,10.317460317460318,11.666666666666666,0.0,1.3888888888888888,0.0,1.8849206349206349,1.0
CD_I1023473,Nick Watson,Hawthorn,Centre Half-Forward,34.0,"https://s.afl.com.au/staticfile/AFL Tenant/AFL/Players/ChampIDImages/AFL/2025014/1023473.png?im=Scale,width=0.6,height=0.6",0.7323076923076923,9.52,12,7.563025210084034,3.361344537815126,5.987394957983193,13.550420168067227,9.873949579831933,1.8907563025210086,0.9453781512605043,0.0,2.73109243697479,0.10504201680672269,2.415966386554622,0.5252100840336135,2.415966386554622,2.3109243697478994,1.365546218487395,6.0924369747899165,7.457983193277311,0.21008403361344538,1.8907563025210086,1.050420168067227,1.2605042016806722,0.5252100840336135,66.1764705882353,0.0,0.5252100840336135,5.987394957983193,266.8067226890756,2.2058823529411766,1.8907563025210086,1.1554621848739497,0.0,0.0,0.7352941176470589,0.10504201680672269,2.6260504201680672,4.516806722689076,1.2605042016806722,3.991596638655462,0.0,0.10504201680672269,1.050420168067227,11.869747899159664,11.11344537815126,0.0,1.050420168067227,3.6764705882352944,0.7352941176470589,1.0
CD_I1009199,Noah Anderson,Gold Coast SUNS,Rover,15.0,"https://s.afl.com.au/staticfile/AFL Tenant/AFL/Players/ChampIDImages/AFL/2025014/1009199.png?im=Scale,width=0.6,height=0.6",0.8572727272727273,9.43,11,18.769883351007422,4.3478260869565215,17.285259809119832,36.05514316012725,25.026511134676564,0.21208907741251326,0.6362672322375398,0.0,3.499469777306469,3.181336161187699,7.104984093319194,8.589607635206788,4.665959703075292,1.2725344644750796,0.7423117709437964,15.588547189819725,21.420996818663838,0.0,0.10604453870625663,2.545068928950159,0.3181336161187699,1.2725344644750796,118.87592788971368,3.499469777306469,5.090137857900318,8.271474019088018,683.3510074231177,5.514316012725345,3.6055143160127257,0.10604453870625663,0.0,0.10604453870625663,0.0,0.0,12.089077412513255,11.02863202545069,0.4241781548250265,10.180275715800637,0.0,0.21208907741251326,0.0,21.73913043478261,20.858960763520678,0.0,2.332979851537646,0.9544008483563097,0.6362672322375398,1.0
CD_I1005053,Noah Answerth,Brisbane Lions,Half-Back,43.0,"https://s.afl.com.au/staticfile/AFL Tenant/AFL/Players/ChampIDImages/AFL/2025014/1005053.png?im=Scale,width=0.6,height=0.6",0.8491666666666667,10.190000000000001,12,12.070657507360156,6.182531894013739,4.612365063788027,16.683022571148182,13.640824337585867,0.09813542688910695,0.09813542688910695,0.0,2.649656526005888,1.9627085377821392,1.5701668302257112,0.5888125613346418,2.8459273797841016,0.6869479882237487,0.9813542688910696,4.416094210009813,12.463199214916584,0.09813542688910695,0.0,4.906771344455348,0.1962708537782139,0.2944062806673209,73.01275760549558,0.0,0.5888125613346418,3.2384690873405297,282.2374877330716,3.1403336604514225,4.121687929342492,0.09813542688910695,0.1962708537782139,1.1776251226692835,0.1962708537782139,0.09813542688910695,11.678115799803727,9.813542688910696,0.2944062806673209,3.6310107948969574,0.0,0.7850834151128556,0.0,15.996074582924434,9.136408243375858,0.0,1.1776251226692835,0.1962708537782139,3.7291462217860643,1.0
CD_I1002245,Noah Balta,Richmond,Full-Back,21.0,"https://s.afl.com.au/staticfile/AFL Tenant/AFL/Players/ChampIDImages/AFL/2025014/1002245.png?im=Scale,width=0.6,height=0.6",0.29000000000000004,3.4800000000000004,4,11.781609195402297,4.885057471264367,4.022988505747126,15.804597701149424,10.919540229885056,0.0,0.0,0.0,2.2988505747126435,6.321839080459769,1.1494252873563218,0.0,4.022988505747126,0.0,2.011494252873563,5.1724137931034475,9.482758620689655,1.4367816091954022,0.0,5.1724137931034475,0.28735632183908044,0.0,61.20689655172413,0.0,0.0,1.4367816091954022,445.40229885057465,3.4482758620689653,7.18390804597701,0.0,1.1494252873563218,3.4482758620689653,0.0,0.0,5.1724137931034475,8.045977011494251,0.0,3.7356321839080455,0.0,2.5862068965517238,0.0,6.896551724137931,10.114942528735632,0.0,0.5747126436781609,0.28735632183908044,4.310344827586206,1.0
CD_I1023496,Noah Long,West Coast Eagles,"Forward Pocket, Forward Pocket, Half-Forward",13.0,"https://s.afl.com.au/staticfile/AFL Tenant/AFL/Players/ChampIDImages/AFL/2025014/1023496.png?im=Scale,width=0.6,height=0.6",0.4016666666666666,4.819999999999999,7,6.016597510373445,3.1120331950207474,4.149377593360996,10.165975103734441,7.261410788381744,0.4149377593360996,0.6224066390041495,0.0,2.489626556016598,0.2074688796680498,2.282157676348548,0.4149377593360996,1.6597510373443984,0.0,0.4149377593360996,2.489626556016598,8.298755186721992,0.0,0.6224066390041495,1.244813278008299,0.6224066390041495,0.6224066390041495,47.51037344398341,0.0,0.4149377593360996,4.149377593360996,207.0539419087137,1.244813278008299,0.8298755186721992,0.2074688796680498,0.0,0.0,0.2074688796680498,0.0,5.394190871369295,3.319502074688797,0.4149377593360996,1.4522821576763487,0.0,0.0,0.2074688796680498,11.825726141078839,4.834024896265561,0.0,0.0,1.4522821576763487,0.2074688796680498,1.0
CD_I1024982,Oisin Mullin,Geelong Cats,Half-Back,34.0,"https://s.afl.com.au/staticfile/AFL Tenant/AFL/Players/ChampIDImages/AFL/2025014/1024982.png?im=Scale,width=0.6,height=0.6",0.7375,8.85,11,7.344632768361582,4.632768361581921,4.406779661016949,11.751412429378531,9.717514124293785,0.0,0.11299435028248588,0.0,4.293785310734464,1.0169491525423728,1.2429378531073447,1.1299435028248588,3.050847457627119,1.0169491525423728,1.3559322033898307,3.9548022598870056,7.909604519774011,0.11299435028248588,0.22598870056497175,1.5819209039548023,0.0,0.33898305084745767,58.983050847457626,0.5649717514124294,0.5649717514124294,2.4858757062146895,142.14689265536722,1.92090395480226,2.4858757062146895,0.4519774011299435,0.11299435028248588,0.4519774011299435,0.0,0.0,9.152542372881356,5.76271186440678,0.0,2.824858757062147,0.0,0.4519774011299435,0.11299435028248588,14.463276836158192,5.265536723163843,0.0,0.6779661016949153,0.11299435028248588,1.2429378531073447,1.0
CD_I298358,Oleg Markov,Collingwood,Interchange,37.0,"https://s.afl.com.au/staticfile/AFL Tenant/AFL/Players/ChampIDImages/AFL/2025014/298358.png?im=Scale,width=0.6,height=0.6",0.0775,0.93,2,6.451612903225806,3.225806451612903,8.602150537634408,15.053763440860214,12.903225806451612,1.075268817204301,0.0,0.0,2.150537634408602,1.075268817204301,1.075268817204301,0.0,1.075268817204301,0.0,1.075268817204301,4.301075268817204,10.75268817204301,0.0,1.075268817204301,3.225806451612903,1.075268817204301,0.0,58.064516129032256,0.0,0.0,5.376344086021505,232.25806451612902,1.075268817204301,4.301075268817204,0.0,0.0,2.150537634408602,0.0,0.0,5.376344086021505,4.301075268817204,0.0,4.301075268817204,0.0,0.0,0.0,7.526881720430107,11.827956989247312,0.0,1.075268817204301,1.075268817204301,3.225806451612903,1.0
CD_I1025034,Oliver Dempsey,Geelong Cats,Wing,28.0,"https://s.afl.com.au/staticfile/AFL Tenant/AFL/Players/ChampIDImages/AFL/2025014/1025034.png?im=Scale,width=0.6,height=0.6",0.8658333333333333,10.39,12,11.068334937439845,4.427333974975938,8.277189605389797,19.345524542829644,12.608277189605388,1.8286814244465832,1.1549566891241578,0.0,2.4061597690086622,1.0587102983638113,2.6948989412897015,1.7324350336862366,2.1174205967276225,0.3849855630413859,0.4812319538017324,8.46968238691049,9.913378248315688,1.2512030798845042,1.6361886429258903,1.1549566891241578,0.9624639076034648,0.4812319538017324,83.73435996150144,0.09624639076034648,1.6361886429258903,7.410972088546679,281.2319538017324,2.983638113570741,2.5024061597690084,0.8662175168431183,0.09624639076034648,0.19249278152069296,1.1549566891241578,0.5774783445620789,5.582290664100096,5.7747834456207885,1.4436958614051971,5.678537054860443,0.0,0.3849855630413859,0.19249278152069296,14.629451395572666,13.45524542829644,0.0,0.9624639076034648,3.176130895091434,0.5774783445620789,1.0
CD_I998103,Oliver Florent,Sydney Swans,Half-Back,13.0,"https://s.afl.com.au/staticfile/AFL Tenant/AFL/Players/ChampIDImages/AFL/2025014/998103.png?im=Scale,width=0.6,height=0.6",0.73,8.76,11,11.301369863013699,5.136986301369864,8.105022831050228,19.40639269406393,14.269406392694064,0.11415525114155252,0.684931506849315,0.0,2.73972602739726,1.8264840182648403,3.538812785388128,0.4566210045662101,2.9680365296803655,1.0273972602739727,0.9132420091324202,5.821917808219178,13.470319634703197,0.22831050228310504,0.11415525114155252,1.9406392694063928,0.9132420091324202,0.3424657534246575,76.14155251141553,0.0,0.4566210045662101,3.8812785388127855,348.1735159817352,3.0821917808219177,4.794520547945206,0.11415525114155252,0.3424657534246575,0.684931506849315,0.11415525114155252,0.0,8.447488584474886,7.534246575342466,0.22831050228310504,4.452054794520548,0.0,0.684931506849315,0.11415525114155252,14.726027397260275,10.205479452054796,0.0,1.2557077625570776,1.2557077625570776,1.1415525114155252,1.0
CD_I1012860,Oliver Henry,Geelong Cats,"Half-Forward, Wing",36.0,"https://s.afl.com.au/staticfile/AFL Tenant/AFL/Players/ChampIDImages/AFL/2025014/1012860.png?im=Scale,width=0.6,height=0.6",0.7666666666666667,9.2,12,6.9565217391304355,3.2608695652173916,3.1521739130434785,10.108695652173914,6.086956521739131,1.3043478260869565,0.5434782608695653,0.0,2.2826086956521743,0.10869565217391305,1.847826086956522,0.4347826086956522,2.717391304347826,0.9782608695652175,0.4347826086956522,5.0,5.108695652173913,0.8695652173913044,1.1956521739130437,1.5217391304347827,0.10869565217391305,0.9782608695652175,54.1304347826087,0.0,0.4347826086956522,5.0,190.10869565217394,2.608695652173913,0.6521739130434783,1.4130434782608696,0.0,0.0,1.956521739130435,0.32608695652173914,3.0434782608695654,3.695652173913044,1.847826086956522,2.9347826086956523,0.0,0.0,0.32608695652173914,13.152173913043478,7.684782608695653,0.0,0.5434782608695653,2.3913043478260874,0.9782608695652175,1.0
CD_I1023495,Oliver Hollands,Carlton,"Half-Back, Half-Back",4.0,"https://s.afl.com.au/staticfile/AFL Tenant/AFL/Players/ChampIDImages/AFL/2025014/1023495.png?im=Scale,width=0.6,height=0.6",0.8572727272727274,9.430000000000001,11,12.51325556733828,6.3626723223753965,7.2110286320254495,19.72428419936373,14.846235418875926,0.31813361611876984,0.21208907741251323,0.0,4.241781548250264,2.6511134676564154,3.0752916224814415,0.8483563096500529,3.7115588547189815,0.8483563096500529,1.6967126193001059,4.878048780487804,14.634146341463412,0.10604453870625662,0.10604453870625662,1.908801696712619,0.10604453870625662,0.42417815482502647,85.89607635206785,0.0,0.8483563096500529,3.3934252386002117,369.3531283138918,3.3934252386002117,3.817603393425238,0.10604453870625662,0.42417815482502647,0.530222693531283,0.10604453870625662,0.0,12.301166489925766,9.013785790031813,0.0,3.6055143160127248,0.0,0.9544008483563095,0.10604453870625662,21.63308589607635,7.539766702014845,0.0,0.9544008483563095,0.530222693531283,1.4846235418875926,1.0
CD_I1020881,Oliver Wiltshire,Geelong Cats,Interchange,21.0,"https://s.afl.com.au/staticfile/AFL Tenant/AFL/Players/ChampIDImages/AFL/2025014/1020881.png?im=Scale,width=0.6,height=0.6",0.08,0.96,2,10.416666666666668,4.166666666666667,3.125,13.541666666666668,8.333333333333334,1.0416666666666667,1.0416666666666667,0.0,3.125,0.0,4.166666666666667,1.0416666666666667,1.0416666666666667,2.0833333333333335,0.0,3.125,10.416666666666668,0.0,1.0416666666666667,0.0,0.0,0.0,71.875,0.0,1.0416666666666667,6.25,367.70833333333337,3.125,0.0,1.0416666666666667,0.0,0.0,0.0,0.0,2.0833333333333335,6.25,0.0,1.0416666666666667,0.0,0.0,1.0416666666666667,10.416666666666668,8.541666666666666,0.0,0.0,2.0833333333333335,0.0,1.0
CD_I1012881,Ollie Lord,Port Adelaide,Forward Pocket,30.0,"https://s.afl.com.au/staticfile/AFL Tenant/AFL/Players/ChampIDImages/AFL/2025014/1012881.png?im=Scale,width=0.6,height=0.6",0.5836363636363636,6.42,8,4.205607476635514,3.115264797507788,4.517133956386293,8.722741433021808,5.607476635514018,1.090342679127726,0.778816199376947,0.778816199376947,0.9345794392523364,0.0,0.9345794392523364,0.0,2.180685358255452,0.6230529595015576,1.2461059190031152,4.517133956386293,4.517133956386293,0.778816199376947,1.7133956386292835,3.2710280373831777,0.0,0.4672897196261682,39.7196261682243,0.0,0.0,4.361370716510904,81.15264797507788,2.4922118380062304,0.6230529595015576,0.4672897196261682,0.0,0.0,2.803738317757009,0.6230529595015576,2.336448598130841,2.336448598130841,1.090342679127726,2.803738317757009,0.1557632398753894,0.1557632398753894,0.778816199376947,6.853582554517134,4.953271028037383,4.049844236760125,0.3115264797507788,2.336448598130841,2.64797507788162,1.0
CD_I294318,Ollie Wines,Port Adelaide,Half-Forward,16.0,"https://s.afl.com.au/staticfile/AFL Tenant/AFL/Players/ChampIDImages/AFL/2025014/294318.png?im=Scale,width=0.6,height=0.6",0.6809090909090909,7.49,11,14.686248331108144,4.539385847797063,24.432576769025367,39.11882510013351,25.50066755674232,0.26702269692923897,0.6675567423230975,2.403204272363151,6.408544726301735,2.1361815754339117,4.939919893190921,8.277703604806408,7.076101468624833,1.335113484646195,1.8691588785046729,16.955941255006675,21.49532710280374,0.0,0.40053404539385845,0.9345794392523364,0.13351134846461948,0.8010680907877169,132.57676902536716,2.803738317757009,5.473965287049399,7.8771695594125495,436.4485981308411,6.275033377837116,3.7383177570093458,0.26702269692923897,0.0,0.13351134846461948,0.0,0.0,12.283044058744993,6.008010680907877,1.2016021361815754,11.748998664886516,0.40053404539385845,0.26702269692923897,0.40053404539385845,25.233644859813083,11.882510013351135,11.748998664886516,2.53671562082777,1.2016021361815754,0.5340453938584779,1.0
CD_I1004385,Oscar Allen,West Coast Eagles,Full-Forward,12.0,"https://s.afl.com.au/staticfile/AFL Tenant/AFL/Players/ChampIDImages/AFL/2025014/1004385.png?im=Scale,width=0.6,height=0.6",0.7525,9.03,11,7.9734219269103,3.98671096345515,2.2148394241417497,10.18826135105205,7.198228128460687,1.3289036544850499,0.44296788482835,0.1107419712070875,2.6578073089700998,1.8826135105204873,1.3289036544850499,0.1107419712070875,2.1040974529346625,1.4396456256921375,0.6644518272425249,4.208194905869325,6.090808416389812,0.6644518272425249,1.3289036544850499,2.879291251384275,0.1107419712070875,0.221483942414175,58.91472868217055,0.0,0.1107419712070875,2.990033222591362,234.88372093023258,2.3255813953488373,2.6578073089700998,0.6644518272425249,0.33222591362126247,0.8859357696567,1.4396456256921375,0.44296788482835,2.879291251384275,5.537098560354375,0.8859357696567,1.8826135105204873,0.1107419712070875,0.221483942414175,0.7751937984496124,7.641196013289037,8.23920265780731,0.7751937984496124,0.33222591362126247,2.2148394241417497,2.5470653377630126,1.0
CD_I992472,Oscar McDonald,Fremantle,Forward Pocket,21.0,"https://s.afl.com.au/staticfile/AFL Tenant/AFL/Players/ChampIDImages/AFL/2025014/992472.png?im=Scale,width=0.6,height=0.6",0.13083333333333333,1.5699999999999998,2,8.917197452229301,5.7324840764331215,2.547770700636943,11.464968152866243,10.828025477707007,1.9108280254777072,0.0,4.4585987261146505,4.4585987261146505,0.0,1.9108280254777072,0.0,2.547770700636943,0.0,2.547770700636943,2.547770700636943,8.917197452229301,0.6369426751592357,1.2738853503184715,1.2738853503184715,0.0,1.9108280254777072,75.15923566878982,0.0,0.0,7.0063694267515935,298.72611464968156,3.1847133757961785,0.0,1.2738853503184715,0.0,0.0,3.1847133757961785,0.0,2.547770700636943,8.280254777070065,1.2738853503184715,1.9108280254777072,0.0,0.0,1.2738853503184715,11.464968152866243,12.229299363057326,25.477707006369428,0.0,1.9108280254777072,1.2738853503184715,1.0
CD_I1005521,Oscar McInerney,Brisbane Lions,Ruck,46.0,"https://s.afl.com.au/staticfile/AFL Tenant/AFL/Players/ChampIDImages/AFL/2025014/1005521.png?im=Scale,width=0.6,height=0.6",0.5399999999999999,6.4799999999999995,8,8.179012345679013,2.314814814814815,5.246913580246914,13.425925925925927,8.179012345679013,0.617283950617284,0.308641975308642,34.104938271604944,3.703703703703704,1.234567901234568,3.08641975308642,5.864197530864198,2.932098765432099,1.851851851851852,1.697530864197531,9.25925925925926,4.012345679012346,0.617283950617284,0.771604938271605,4.320987654320988,0.0,0.154320987654321,91.66666666666667,2.469135802469136,3.395061728395062,5.092592592592593,189.35185185185188,2.469135802469136,0.925925925925926,0.462962962962963,0.0,0.617283950617284,0.925925925925926,0.154320987654321,5.092592592592593,3.858024691358025,0.154320987654321,3.549382716049383,8.796296296296298,0.154320987654321,0.0,11.728395061728396,11.62037037037037,88.42592592592594,3.395061728395062,1.234567901234568,3.703703703703704,1.0
CD_I1008855,Oskar Baker,Western Bulldogs,"Back-Pocket, Half-Back",13.0,"https://s.afl.com.au/staticfile/AFL Tenant/AFL/Players/ChampIDImages/AFL/2025014/1008855.png?im=Scale,width=0.6,height=0.6",0.2016666666666667,2.4200000000000004,4,16.52892561983471,7.438016528925619,5.785123966942148,22.314049586776857,15.702479338842974,0.0,0.0,0.0,1.2396694214876032,4.958677685950413,4.545454545454545,0.8264462809917354,4.545454545454545,1.2396694214876032,1.2396694214876032,4.958677685950413,17.355371900826444,0.0,0.0,3.305785123966942,0.8264462809917354,0.8264462809917354,85.95041322314049,0.0,0.8264462809917354,4.958677685950413,563.6363636363635,4.958677685950413,5.785123966942148,0.4132231404958677,0.0,0.4132231404958677,0.0,0.0,3.7190082644628095,11.570247933884296,0.4132231404958677,2.892561983471074,0.0,1.2396694214876032,0.0,6.198347107438016,9.33884297520661,0.0,1.652892561983471,0.0,1.652892561983471,1.0
CD_I990704,Patrick Cripps,Carlton,Centre,9.0,"https://s.afl.com.au/staticfile/AFL Tenant/AFL/Players/ChampIDImages/AFL/2025014/990704.png?im=Scale,width=0.6,height=0.6",0.8263636363636364,9.09,11,11.66116611661166,3.0803080308030806,17.821782178217823,29.482948294829484,18.921892189218923,1.1001100110011002,1.1001100110011002,0.8800880088008801,7.150715071507151,0.7700770077007701,3.8503850385038505,8.250825082508252,5.060506050605061,2.31023102310231,2.09020902090209,16.831683168316832,11.881188118811881,1.1001100110011002,0.5500550055005501,1.7601760176017602,0.33003300330033003,0.6600660066006601,113.09130913091309,2.5302530253025304,5.720572057205721,7.480748074807481,306.7106710671067,4.400440044004401,2.09020902090209,1.5401540154015403,0.0,0.0,1.21012101210121,0.6600660066006601,8.910891089108912,5.720572057205721,1.9801980198019802,8.36083608360836,0.22002200220022003,0.11001100110011001,0.22002200220022003,21.122112211221122,17.172717271727173,6.820682068206821,1.7601760176017602,2.5302530253025304,0.6600660066006601,1.0
CD_I270917,Patrick Dangerfield,Geelong Cats,"Centre, Forward Pocket",35.0,"https://s.afl.com.au/staticfile/AFL Tenant/AFL/Players/ChampIDImages/AFL/2025014/270917.png?im=Scale,width=0.6,height=0.6",0.6058333333333333,7.2700000000000005,10,11.141678129298485,3.7138927097661623,10.041265474552956,21.18294360385144,13.067400275103163,2.33837689133425,1.3755158184319118,0.2751031636863824,3.576341127922971,0.1375515818431912,3.7138927097661623,3.3012379642365883,4.6767537826685,2.063273727647868,1.6506189821182942,12.242090784044017,8.803301237964236,0.6877579092159559,2.200825309491059,1.513067400275103,0.0,0.6877579092159559,91.74690508940853,1.3755158184319118,1.9257221458046767,7.840440165061898,370.2888583218707,4.951856946354883,1.3755158184319118,1.513067400275103,0.0,0.0,3.4387895460797795,1.7881705639614855,2.6134800550206325,5.502063273727647,3.3012379642365883,7.565337001375515,0.0,0.1375515818431912,0.8253094910591471,12.517193947730398,15.199449793672626,1.7881705639614855,1.2379642365887207,4.6767537826685,0.9628610729023384,1.0
CD_I1003130,Patrick Lipinski,Collingwood,Wing,1.0,"https://s.afl.com.au/staticfile/AFL Tenant/AFL/Players/ChampIDImages/AFL/2025014/1003130.png?im=Scale,width=0.6,height=0.6",0.7516666666666667,9.02,12,12.527716186252773,5.3215077605321515,10.975609756097562,23.503325942350333,17.96008869179601,0.33259423503325947,0.4434589800443459,0.0,2.993348115299335,1.4412416851441243,3.7694013303769403,2.106430155210643,3.3259423503325944,0.7760532150776054,0.9977827050997783,6.762749445676275,17.294900221729492,0.0,0.33259423503325947,0.9977827050997783,0.33259423503325947,0.6651884700665189,87.69401330376941,0.33259423503325947,1.7738359201773837,7.095343680709535,377.2727272727273,2.6607538802660757,3.436807095343681,0.5543237250554324,0.22172949002217296,0.22172949002217296,0.22172949002217296,0.0,5.98669623059867,8.980044345898005,0.5543237250554324,5.4323725055432375,0.0,0.22172949002217296,0.11086474501108648,13.636363636363637,10.266075388026607,0.0,1.2195121951219512,1.1086474501108647,0.4434589800443459,1.0
CD_I1017754,Patrick Voss,Fremantle,Forward Pocket,20.0,"https://s.afl.com.au/staticfile/AFL Tenant/AFL/Players/ChampIDImages/AFL/2025014/1017754.png?im=Scale,width=0.6,height=0.6",0.53,6.36,8,8.018867924528301,4.088050314465408,4.559748427672956,12.578616352201257,7.232704402515723,1.572327044025157,1.7295597484276728,4.40251572327044,4.245283018867925,0.6289308176100629,2.3584905660377355,1.572327044025157,4.088050314465408,1.4150943396226414,1.572327044025157,6.918238993710691,5.817610062893081,0.7861635220125786,2.5157232704402515,0.7861635220125786,0.0,0.4716981132075471,74.68553459119497,0.31446540880503143,1.2578616352201257,5.817610062893081,257.5471698113207,3.4591194968553456,1.572327044025157,1.7295597484276728,0.0,0.0,2.830188679245283,0.4716981132075471,4.40251572327044,4.40251572327044,1.572327044025157,4.088050314465408,0.7861635220125786,0.15723270440251572,0.7861635220125786,15.40880503144654,5.833333333333332,19.968553459119494,1.2578616352201257,4.088050314465408,0.4716981132075471,1.0
CD_I1002947,Paul Curtis,North Melbourne,Forward Pocket,25.0,"https://s.afl.com.au/staticfile/AFL Tenant/AFL/Players/ChampIDImages/AFL/2025014/1002947.png?im=Scale,width=0.6,height=0.6",0.5909090909090909,6.5,8,11.538461538461538,5.384615384615385,5.6923076923076925,17.23076923076923,10.76923076923077,2.923076923076923,1.0769230769230769,0.0,5.076923076923077,0.15384615384615385,2.923076923076923,0.7692307692307693,4.153846153846154,2.4615384615384617,2.1538461538461537,9.384615384615385,8.0,1.0769230769230769,2.0,0.9230769230769231,0.15384615384615385,1.0769230769230769,97.07692307692308,0.0,0.7692307692307693,8.0,328.46153846153845,3.5384615384615383,2.1538461538461537,3.230769230769231,0.0,0.0,1.5384615384615385,0.7692307692307693,3.6923076923076925,6.769230769230769,3.230769230769231,5.538461538461538,0.0,0.46153846153846156,1.2307692307692308,17.53846153846154,16.169230769230772,0.0,1.3846153846153846,4.615384615384615,0.3076923076923077,1.0
CD_I997142,Peter Ladhams,Sydney Swans,Interchange,19.0,"https://s.afl.com.au/staticfile/AFL Tenant/AFL/Players/ChampIDImages/AFL/2025014/997142.png?im=Scale,width=0.6,height=0.6",0.3725,4.470000000000001,7,9.172259507829976,3.8031319910514534,8.7248322147651,17.897091722595075,10.290827740492169,1.1185682326621922,0.4474272930648769,11.856823266219237,1.7897091722595075,0.8948545861297538,1.7897091722595075,3.1319910514541385,4.474272930648769,1.3422818791946307,1.3422818791946307,9.172259507829976,6.935123042505592,0.8948545861297538,2.013422818791946,2.2371364653243844,0.22371364653243844,1.1185682326621922,79.86577181208052,0.6711409395973154,2.460850111856823,5.592841163310961,172.48322147651004,3.1319910514541385,2.2371364653243844,0.22371364653243844,0.0,0.22371364653243844,0.6711409395973154,0.0,4.026845637583892,4.026845637583892,0.8948545861297538,5.1454138702460845,2.6845637583892614,0.22371364653243844,0.4474272930648769,10.290827740492169,9.865771812080537,37.807606263982095,1.1185682326621922,2.460850111856823,2.2371364653243844,1.0
CD_I298289,Peter Wright,Essendon,Full-Forward,20.0,"https://s.afl.com.au/staticfile/AFL Tenant/AFL/Players/ChampIDImages/AFL/2025014/298289.png?im=Scale,width=0.6,height=0.6",0.5327272727272727,5.86,7,11.774744027303754,6.996587030716723,5.802047781569965,17.57679180887372,11.774744027303754,2.2184300341296925,1.5358361774744027,12.457337883959044,3.41296928327645,0.341296928327645,3.41296928327645,0.8532423208191126,3.583617747440273,1.5358361774744027,1.023890784982935,6.996587030716723,10.409556313993173,1.706484641638225,2.73037542662116,3.7542662116040955,0.0,0.5119453924914675,107.33788395904436,0.0,0.8532423208191126,6.6552901023890785,329.6928327645051,3.41296928327645,1.8771331058020477,0.8532423208191126,0.0,0.5119453924914675,2.04778156996587,0.5119453924914675,3.583617747440273,6.8259385665529,0.8532423208191126,2.73037542662116,2.9010238907849826,0.5119453924914675,2.04778156996587,12.969283276450511,10.784982935153584,24.573378839590443,1.1945392491467577,4.266211604095563,2.5597269624573378,1.0
CD_I999824,Quinton Narkle,Fremantle,Interchange,19.0,"https://s.afl.com.au/staticfile/AFL Tenant/AFL/Players/ChampIDImages/AFL/2025014/999824.png?im=Scale,width=0.6,height=0.6",0.05333333333333334,0.64,2,9.375,3.125,6.25,15.625,14.0625,1.5625,1.5625,0.0,3.125,1.5625,0.0,0.0,0.0,0.0,0.0,3.125,12.5,0.0,0.0,0.0,0.0,0.0,73.4375,0.0,0.0,7.8125,246.875,0.0,3.125,0.0,0.0,0.0,0.0,0.0,4.6875,7.8125,1.5625,3.125,0.0,1.5625,0.0,10.9375,15.625,0.0,0.0,3.125,0.0,1.0
CD_I1013278,Reef McInnes,Collingwood,"Centre Half-Back, Full-Back, Half-Back",26.0,"https://s.afl.com.au/staticfile/AFL Tenant/AFL/Players/ChampIDImages/AFL/2025014/1013278.png?im=Scale,width=0.6,height=0.6",0.13999999999999999,1.6799999999999997,3,10.11904761904762,5.357142857142858,4.166666666666667,14.285714285714288,11.309523809523812,0.0,0.0,0.0,1.785714285714286,4.166666666666667,1.1904761904761907,0.0,2.3809523809523814,1.1904761904761907,0.5952380952380953,2.3809523809523814,10.714285714285715,0.0,0.0,5.952380952380953,0.0,0.0,61.30952380952382,0.0,0.0,1.785714285714286,294.0476190476191,2.3809523809523814,4.761904761904763,0.0,1.1904761904761907,2.3809523809523814,0.0,0.0,4.166666666666667,7.738095238095239,0.0,1.1904761904761907,0.0,0.5952380952380953,0.0,6.547619047619048,8.035714285714286,0.0,0.5952380952380953,0.0,5.952380952380953,1.0
CD_I297523,Reilly O'Brien,Adelaide Crows,Ruck,43.0,"https://s.afl.com.au/staticfile/AFL Tenant/AFL/Players/ChampIDImages/AFL/2025014/297523.png?im=Scale,width=0.6,height=0.6",0.8483333333333333,10.18,12,7.56385068762279,3.2416502946954813,6.8762278978389,14.44007858546169,9.233791748526523,0.09823182711198429,0.0,44.00785854616896,4.12573673870334,1.0805500982318272,2.357563850687623,3.536345776031434,3.732809430255403,2.5540275049115913,1.5717092337917486,7.465618860510806,5.7956777996070725,0.39292730844793716,0.19646365422396858,4.2239685658153245,0.0,0.4911591355599214,105.10805500982319,1.4734774066797642,2.06286836935167,5.206286836935167,141.9449901768173,2.5540275049115913,3.1434184675834973,0.19646365422396858,0.29469548133595286,1.1787819253438114,0.39292730844793716,0.0,6.090373280943026,4.12573673870334,0.29469548133595286,3.045186640471513,12.671905697445974,1.2770137524557956,0.09823182711198429,13.850687622789785,12.200392927308448,88.99803536345776,4.2239685658153245,0.09823182711198429,3.1434184675834973,1.0
CD_I1023025,Reuben Ginbey,West Coast Eagles,Back-Pocket,7.0,"https://s.afl.com.au/staticfile/AFL Tenant/AFL/Players/ChampIDImages/AFL/2025014/1023025.png?im=Scale,width=0.6,height=0.6",0.8833333333333333,10.6,12,8.962264150943396,3.30188679245283,5.471698113207547,14.433962264150944,10.377358490566039,0.0,0.0,0.09433962264150944,3.30188679245283,5.0,0.37735849056603776,0.4716981132075472,3.1132075471698113,1.0377358490566038,0.8490566037735849,6.226415094339623,7.9245283018867925,0.37735849056603776,0.0,5.09433962264151,1.3207547169811322,0.0,59.528301886792455,0.0,0.4716981132075472,1.3207547169811322,264.433962264151,3.5849056603773586,6.981132075471699,0.0,0.6603773584905661,2.2641509433962264,0.0,0.0,8.30188679245283,5.849056603773585,0.0,4.339622641509434,0.0,1.6981132075471699,0.0,10.377358490566039,9.528301886792454,0.9433962264150944,0.4716981132075472,0.0,4.433962264150944,1.0
CD_I1008478,Rhyan Mansell,Richmond,Half-Forward,7.0,"https://s.afl.com.au/staticfile/AFL Tenant/AFL/Players/ChampIDImages/AFL/2025014/1008478.png?im=Scale,width=0.6,height=0.6",0.5483333333333333,6.58,9,10.790273556231003,4.407294832826747,3.951367781155015,14.741641337386017,10.33434650455927,0.9118541033434651,1.519756838905775,0.0,4.25531914893617,0.1519756838905775,2.8875379939209727,0.7598784194528875,3.3434650455927053,1.8237082066869301,1.519756838905775,6.382978723404255,8.51063829787234,0.303951367781155,0.9118541033434651,1.9756838905775076,0.1519756838905775,0.45592705167173253,74.77203647416414,0.0,0.7598784194528875,6.686930091185411,347.72036474164133,3.1914893617021276,1.519756838905775,2.127659574468085,0.0,0.0,1.21580547112462,0.45592705167173253,6.686930091185411,6.990881458966565,1.519756838905775,4.407294832826747,0.0,0.1519756838905775,1.21580547112462,25.227963525835865,10.410334346504559,0.0,0.60790273556231,2.8875379939209727,1.0638297872340425,1.0
CD_I1006127,Rhylee West,Western Bulldogs,Forward Pocket,14.0,"https://s.afl.com.au/staticfile/AFL Tenant/AFL/Players/ChampIDImages/AFL/2025014/1006127.png?im=Scale,width=0.6,height=0.6",0.8125,9.75,12,8.512820512820513,3.282051282051282,8.615384615384615,17.128205128205128,11.179487179487179,1.9487179487179487,1.2307692307692308,0.0,4.205128205128205,0.10256410256410256,3.076923076923077,1.435897435897436,4.3076923076923075,0.9230769230769231,1.9487179487179487,7.897435897435898,9.743589743589743,0.5128205128205128,1.641025641025641,0.9230769230769231,0.0,1.1282051282051282,77.43589743589743,0.41025641025641024,1.0256410256410255,8.512820512820513,235.17948717948718,3.58974358974359,1.435897435897436,1.8461538461538463,0.0,0.0,0.9230769230769231,0.0,4.102564102564102,4.923076923076923,4.102564102564102,5.948717948717949,0.0,0.0,0.8205128205128205,16.102564102564102,12.635897435897435,0.0,1.3333333333333333,3.4871794871794872,0.6153846153846154,1.0
CD_I280317,Rhys Stanley,Geelong Cats,Ruck,1.0,"https://s.afl.com.au/staticfile/AFL Tenant/AFL/Players/ChampIDImages/AFL/2025014/280317.png?im=Scale,width=0.6,height=0.6",0.3983333333333333,4.779999999999999,7,7.112970711297072,2.7196652719665275,7.531380753138077,14.644351464435148,9.623430962343097,0.6276150627615064,0.2092050209205021,37.02928870292887,2.7196652719665275,1.2552301255230127,1.8828451882845192,5.020920502092051,4.811715481171548,1.2552301255230127,2.0920502092050213,10.041841004184102,4.393305439330544,0.8368200836820084,0.8368200836820084,3.7656903765690384,0.0,0.6276150627615064,91.42259414225943,2.3012552301255234,2.7196652719665275,6.066945606694562,170.71129707112974,2.0920502092050213,1.4644351464435148,0.2092050209205021,0.0,0.4184100418410042,0.6276150627615064,0.0,6.90376569037657,4.602510460251047,0.6276150627615064,5.648535564853558,8.786610878661088,0.6276150627615064,0.2092050209205021,11.087866108786612,14.267782426778245,89.95815899581591,4.1841004184100425,1.0460251046025106,3.1380753138075317,1.0
CD_I1008224,Riley Bice,Sydney Swans,Half-Back,26.0,"https://s.afl.com.au/staticfile/AFL Tenant/AFL/Players/ChampIDImages/AFL/2025014/1008224.png?im=Scale,width=0.6,height=0.6",0.6858333333333333,8.23,11,13.730255164034022,6.804374240583232,7.290400972053463,21.020656136087485,16.038882138517618,0.12150668286755771,0.0,0.0,3.0376670716889427,4.860267314702308,3.0376670716889427,0.7290400972053462,2.916160388821385,0.6075334143377885,0.7290400972053462,5.346294046172539,13.487241798298905,0.12150668286755771,0.0,2.430133657351154,3.5236938031591736,0.24301336573511542,87.48481166464155,0.12150668286755771,0.6075334143377885,3.6452004860267313,378.25030376670713,2.916160388821385,5.710814094775213,0.0,0.3645200486026731,0.6075334143377885,0.12150668286755771,0.12150668286755771,9.720534629404616,10.449574726609963,0.24301336573511542,4.25273390036452,0.0,1.4580801944106925,0.12150668286755771,13.608748481166463,11.032806804374239,0.0,1.8226002430133657,0.24301336573511542,1.9441069258809234,1.0
CD_I1023625,Riley Hardeman,North Melbourne,Half-Back,17.0,"https://s.afl.com.au/staticfile/AFL Tenant/AFL/Players/ChampIDImages/AFL/2025014/1023625.png?im=Scale,width=0.6,height=0.6",0.3845454545454545,4.2299999999999995,7,15.839243498817968,5.910165484633571,6.619385342789599,22.458628841607567,16.78486997635934,0.0,0.0,0.0,1.6548463356973997,4.491725768321514,3.0732860520094567,0.9456264775413713,1.4184397163120568,0.9456264775413713,0.0,5.910165484633571,16.312056737588655,0.0,0.0,3.0732860520094567,0.7092198581560284,0.47281323877068565,86.05200945626478,0.23640661938534283,0.7092198581560284,3.546099290780142,533.3333333333334,4.0189125295508275,5.673758865248227,0.0,0.23640661938534283,1.182033096926714,0.0,0.0,6.146572104018913,12.293144208037827,0.0,4.964539007092199,0.0,1.4184397163120568,0.0,8.274231678486998,10.8274231678487,0.0,0.9456264775413713,0.0,2.8368794326241136,1.0
CD_I1008384,Riley Thilthorpe,Adelaide Crows,Centre Half-Forward,7.0,"https://s.afl.com.au/staticfile/AFL Tenant/AFL/Players/ChampIDImages/AFL/2025014/1008384.png?im=Scale,width=0.6,height=0.6",0.7883333333333333,9.459999999999999,12,11.627906976744187,7.18816067653277,6.131078224101481,17.758985200845668,12.579281183932348,2.8541226215644824,1.5856236786469347,7.5052854122621575,2.8541226215644824,0.31712473572938693,3.0655391120507405,2.1141649048625797,3.594080338266385,1.4799154334038056,1.0570824524312898,9.725158562367866,8.24524312896406,2.3255813953488373,3.382663847780127,1.5856236786469347,0.21141649048625794,1.4799154334038056,104.65116279069768,1.1627906976744187,0.9513742071881608,8.24524312896406,335.83509513742075,3.1712473572938693,1.4799154334038056,1.1627906976744187,0.10570824524312897,0.21141649048625794,3.805496828752643,1.1627906976744187,2.6427061310782243,7.5052854122621575,1.9027484143763216,5.073995771670191,1.1627906976744187,0.31712473572938693,2.0084566596194504,11.627906976744187,16.62790697674419,18.49894291754757,0.9513742071881608,4.968287526427062,0.6342494714587739,1.0
CD_I1023144,Robert Hansen Jr,North Melbourne,Interchange,46.0,"https://s.afl.com.au/staticfile/AFL Tenant/AFL/Players/ChampIDImages/AFL/2025014/1023144.png?im=Scale,width=0.6,height=0.6",0.24727272727272726,2.7199999999999998,4,9.191176470588236,4.411764705882353,6.61764705882353,15.808823529411766,12.86764705882353,0.0,0.0,0.0,0.7352941176470589,0.7352941176470589,2.573529411764706,2.2058823529411766,2.9411764705882355,0.0,0.36764705882352944,4.044117647058824,11.764705882352942,0.0,0.0,1.4705882352941178,1.8382352941176472,1.1029411764705883,55.88235294117648,0.36764705882352944,1.8382352941176472,4.411764705882353,308.82352941176475,3.6764705882352944,1.1029411764705883,0.0,0.0,0.0,0.0,0.0,3.308823529411765,6.98529411764706,0.7352941176470589,3.308823529411765,0.0,0.36764705882352944,0.0,9.191176470588236,7.573529411764706,0.0,1.4705882352941178,0.0,1.1029411764705883,1.0
CD_I294472,Rory Atkins,Port Adelaide,Interchange,32.0,"https://s.afl.com.au/staticfile/AFL Tenant/AFL/Players/ChampIDImages/AFL/2025014/294472.png?im=Scale,width=0.6,height=0.6",0.12090909090909091,1.33,2,16.541353383458645,6.015037593984962,9.774436090225564,26.31578947368421,21.052631578947366,0.0,0.0,0.0,1.5037593984962405,9.022556390977444,2.255639097744361,0.7518796992481203,2.255639097744361,0.7518796992481203,0.7518796992481203,6.7669172932330826,16.541353383458645,0.0,0.0,2.255639097744361,0.0,0.0,91.72932330827066,0.0,0.7518796992481203,3.007518796992481,593.984962406015,3.7593984962406015,9.022556390977444,0.0,0.0,2.255639097744361,0.0,0.0,8.270676691729323,11.278195488721805,0.0,6.7669172932330826,0.0,0.7518796992481203,0.7518796992481203,9.774436090225564,11.428571428571427,0.0,1.5037593984962405,0.7518796992481203,2.255639097744361,1.0
CD_I293222,Rory Laird,Adelaide Crows,Back-Pocket,29.0,"https://s.afl.com.au/staticfile/AFL Tenant/AFL/Players/ChampIDImages/AFL/2025014/293222.png?im=Scale,width=0.6,height=0.6",0.7300000000000001,8.760000000000002,11,15.63926940639269,7.762557077625569,14.726027397260271,30.365296803652964,24.657534246575338,0.0,0.0,0.0,3.6529680365296797,4.223744292237442,2.28310502283105,1.7123287671232874,2.511415525114155,1.141552511415525,0.6849315068493149,8.447488584474884,21.347031963470315,0.34246575342465746,0.0,0.7990867579908675,0.0,0.5707762557077625,113.35616438356162,0.11415525114155249,1.598173515981735,4.337899543378994,351.7123287671232,4.337899543378994,7.305936073059359,0.11415525114155249,0.0,0.11415525114155249,0.0,0.0,8.447488584474884,12.214611872146117,0.0,6.735159817351597,0.0,1.8264840182648399,0.11415525114155249,11.187214611872145,10.422374429223742,0.0,1.2557077625570774,0.11415525114155249,0.45662100456620996,1.0
CD_I990740,Rory Lobb,Western Bulldogs,Centre Half-Back,7.0,"https://s.afl.com.au/staticfile/AFL Tenant/AFL/Players/ChampIDImages/AFL/2025014/990740.png?im=Scale,width=0.6,height=0.6",0.9816666666666667,11.78,12,7.555178268251273,5.093378607809847,5.00848896434635,12.563667232597624,9.67741935483871,0.2546689303904924,0.4244482173174873,0.8488964346349746,2.037351443123939,3.480475382003396,0.5093378607809848,0.2546689303904924,1.7826825127334467,0.8488964346349746,0.8488964346349746,5.602716468590832,6.960950764006792,1.3582342954159594,0.33955857385398985,5.68760611205433,0.0,0.08488964346349746,57.21561969439729,0.08488964346349746,0.16977928692699493,3.310696095076401,223.42954159592531,2.037351443123939,5.857385398981324,0.16977928692699493,0.2546689303904924,1.6129032258064517,0.7640067911714771,0.33955857385398985,5.857385398981324,5.68760611205433,0.2546689303904924,3.0560271646859083,0.08488964346349746,2.2071307300509337,0.16977928692699493,8.743633276740239,9.728353140916807,2.6315789473684212,1.7826825127334467,0.6791171477079797,5.00848896434635,1.0
CD_I992468,Rowan Marshall,St Kilda,Ruck,19.0,"https://s.afl.com.au/staticfile/AFL Tenant/AFL/Players/ChampIDImages/AFL/2025014/992468.png?im=Scale,width=0.6,height=0.6",0.8483333333333333,10.18,12,11.787819253438114,5.009823182711199,8.7426326129666,20.530451866404714,13.06483300589391,0.29469548133595286,0.5893909626719057,31.728880157170924,4.911591355599215,1.6699410609037328,3.1434184675834973,4.322200392927309,5.009823182711199,1.8664047151277015,2.9469548133595285,10.31434184675835,10.707269155206287,0.7858546168958743,0.4911591355599214,2.9469548133595285,0.0,0.68762278978389,114.63654223968567,2.06286836935167,2.2593320235756384,7.072691552062868,235.16699410609039,3.045186640471513,2.75049115913556,0.4911591355599214,0.39292730844793716,0.9823182711198428,0.9823182711198428,0.19646365422396858,7.465618860510806,6.385068762278978,0.5893909626719057,5.009823182711199,6.974459724950885,0.9823182711198428,0.4911591355599214,12.57367387033399,11.94499017681729,88.70333988212181,3.2416502946954813,1.0805500982318272,2.357563850687623,1.0
CD_I992128,Ryan Burton,Port Adelaide,Half-Back,3.0,"https://s.afl.com.au/staticfile/AFL Tenant/AFL/Players/ChampIDImages/AFL/2025014/992128.png?im=Scale,width=0.6,height=0.6",0.3063636363636364,3.37,5,17.80415430267062,6.824925816023739,9.198813056379821,27.002967359050444,20.771513353115726,0.29673590504451036,0.29673590504451036,0.0,1.4836795252225519,4.154302670623145,2.9673590504451037,0.29673590504451036,2.0771513353115725,0.5934718100890207,1.1869436201780414,5.044510385756676,16.91394658753709,0.0,0.29673590504451036,2.0771513353115725,0.0,0.0,97.3293768545994,0.0,0.29673590504451036,4.747774480712166,481.00890207715133,4.154302670623145,6.231454005934718,0.0,0.29673590504451036,0.5934718100890207,0.29673590504451036,0.0,3.5608308605341246,13.353115727002967,0.0,4.451038575667655,0.0,1.4836795252225519,0.29673590504451036,8.01186943620178,13.026706231454005,0.0,1.4836795252225519,1.1869436201780414,1.7804154302670623,1.0
CD_I1011994,Ryan Byrnes,St Kilda,Half-Back,13.0,"https://s.afl.com.au/staticfile/AFL Tenant/AFL/Players/ChampIDImages/AFL/2025014/1011994.png?im=Scale,width=0.6,height=0.6",0.825,9.9,12,13.232323232323232,7.07070707070707,9.09090909090909,22.32323232323232,16.262626262626263,0.10101010101010101,0.10101010101010101,0.0,2.121212121212121,2.525252525252525,3.131313131313131,0.8080808080808081,2.323232323232323,0.6060606060606061,0.20202020202020202,5.656565656565657,16.565656565656564,0.20202020202020202,0.30303030303030304,1.6161616161616161,0.0,0.40404040404040403,88.28282828282828,0.20202020202020202,0.6060606060606061,4.747474747474747,341.4141414141414,3.2323232323232323,4.747474747474747,0.0,0.0,0.8080808080808081,0.10101010101010101,0.0,6.767676767676767,8.88888888888889,0.20202020202020202,4.747474747474747,0.0,1.0101010101010102,0.20202020202020202,10.505050505050505,8.16161616161616,0.0,1.3131313131313131,0.40404040404040403,1.2121212121212122,1.0
CD_I997501,Ryan Gardner,Western Bulldogs,Interchange,43.0,"https://s.afl.com.au/staticfile/AFL Tenant/AFL/Players/ChampIDImages/AFL/2025014/997501.png?im=Scale,width=0.6,height=0.6",0.07916666666666666,0.95,1,4.2105263157894735,1.0526315789473684,1.0526315789473684,5.2631578947368425,1.0526315789473684,0.0,0.0,0.0,2.1052631578947367,2.1052631578947367,0.0,0.0,1.0526315789473684,1.0526315789473684,0.0,2.1052631578947367,3.1578947368421053,1.0526315789473684,0.0,5.2631578947368425,0.0,0.0,27.36842105263158,0.0,0.0,0.0,112.63157894736842,2.1052631578947367,2.1052631578947367,0.0,2.1052631578947367,2.1052631578947367,0.0,0.0,14.73684210526316,1.0526315789473684,0.0,0.0,0.0,1.0526315789473684,0.0,18.947368421052634,3.8947368421052637,0.0,0.0,0.0,5.2631578947368425,1.0
CD_I291548,Ryan Lester,Brisbane Lions,Back-Pocket,35.0,"https://s.afl.com.au/staticfile/AFL Tenant/AFL/Players/ChampIDImages/AFL/2025014/291548.png?im=Scale,width=0.6,height=0.6",0.85,10.2,12,11.568627450980394,6.372549019607844,5.294117647058824,16.862745098039216,12.745098039215687,0.0,0.0,0.0,2.9411764705882355,3.7254901960784315,1.5686274509803924,0.6862745098039216,2.450980392156863,0.5882352941176471,0.6862745098039216,4.901960784313726,11.764705882352942,0.6862745098039216,0.0,4.901960784313726,0.0,0.0,74.70588235294119,0.09803921568627452,0.5882352941176471,2.7450980392156863,301.37254901960785,2.9411764705882355,5.294117647058824,0.0,0.29411764705882354,1.6666666666666667,0.19607843137254904,0.0,9.215686274509805,7.843137254901961,0.0,3.823529411764706,0.0,1.6666666666666667,0.29411764705882354,11.96078431372549,10.294117647058824,0.0,0.8823529411764707,0.0,4.6078431372549025,1.0
CD_I1029416,Ryan Maric,West Coast Eagles,"Back-Pocket, Back-Pocket",23.0,"https://s.afl.com.au/staticfile/AFL Tenant/AFL/Players/ChampIDImages/AFL/2025014/1029416.png?im=Scale,width=0.6,height=0.6",0.775,9.3,12,20.75268817204301,5.053763440860215,7.096774193548386,27.849462365591396,21.0752688172043,0.0,0.0,0.0,1.8279569892473118,6.451612903225806,1.6129032258064515,0.4301075268817204,4.408602150537634,0.3225806451612903,0.7526881720430108,5.161290322580645,15.053763440860214,0.3225806451612903,0.1075268817204301,2.7956989247311825,2.258064516129032,0.1075268817204301,96.98924731182795,0.1075268817204301,0.3225806451612903,2.9032258064516125,535.483870967742,5.483870967741935,5.698924731182795,0.0,0.1075268817204301,0.9677419354838709,0.0,0.0,7.849462365591397,15.698924731182794,0.0,4.516129032258064,0.0,1.5053763440860215,0.0,11.29032258064516,10.333333333333334,0.0,1.2903225806451613,0.1075268817204301,2.258064516129032,1.0
CD_I1017939,Ryley Sanders,Western Bulldogs,Forward Pocket,9.0,"https://s.afl.com.au/staticfile/AFL Tenant/AFL/Players/ChampIDImages/AFL/2025014/1017939.png?im=Scale,width=0.6,height=0.6",0.7858333333333334,9.430000000000001,12,7.317073170731706,3.6055143160127248,18.027571580063626,25.34464475079533,20.254506892895012,0.9544008483563095,0.42417815482502647,0.0,4.665959703075291,1.1664899257688228,2.439024390243902,2.439024390243902,2.120890774125132,0.8483563096500529,0.7423117709437963,6.3626723223753965,19.194061505832448,0.0,0.31813361611876984,0.7423117709437963,0.0,0.6362672322375397,92.25874867444325,0.530222693531283,1.908801696712619,7.741251325556733,196.39448568398726,2.439024390243902,1.6967126193001059,1.2725344644750793,0.0,0.0,0.21208907741251323,0.10604453870625662,7.953340402969245,4.241781548250264,1.1664899257688228,4.559915164369034,0.0,0.10604453870625662,0.21208907741251323,21.420996818663834,10.986214209968184,0.0,1.1664899257688228,1.4846235418875926,0.31813361611876984,1.0
CD_I1015919,Saad El-Hawli,Essendon,Interchange,41.0,"https://s.afl.com.au/staticfile/AFL Tenant/AFL/Players/ChampIDImages/AFL/2025014/1015919.png?im=Scale,width=0.6,height=0.6",0.2127272727272727,2.34,5,14.102564102564104,5.128205128205129,9.82905982905983,23.931623931623932,17.094017094017094,0.4273504273504274,0.0,0.0,1.7094017094017095,0.8547008547008548,3.418803418803419,2.5641025641025643,4.700854700854701,1.2820512820512822,0.8547008547008548,6.837606837606838,17.521367521367523,0.0,0.0,2.1367521367521367,1.7094017094017095,0.0,85.47008547008548,0.4273504273504274,2.1367521367521367,3.418803418803419,437.1794871794872,6.410256410256411,2.1367521367521367,0.0,0.4273504273504274,0.4273504273504274,0.4273504273504274,0.0,8.547008547008547,9.401709401709402,0.0,4.700854700854701,0.0,0.0,1.7094017094017095,14.957264957264957,6.965811965811967,0.0,0.4273504273504274,0.8547008547008548,1.7094017094017095,1.0
CD_I1013197,Sam Banks,Richmond,Wing,41.0,"https://s.afl.com.au/staticfile/AFL Tenant/AFL/Players/ChampIDImages/AFL/2025014/1013197.png?im=Scale,width=0.6,height=0.6",0.6958333333333333,8.35,11,16.167664670658684,5.149700598802395,10.419161676646707,26.58682634730539,20.95808383233533,0.23952095808383234,0.11976047904191617,0.0,2.155688622754491,3.473053892215569,2.754491017964072,1.437125748502994,1.7964071856287427,0.718562874251497,0.5988023952095809,4.910179640718563,20.0,0.0,0.11976047904191617,0.8383233532934132,0.3592814371257485,0.23952095808383234,93.89221556886228,0.11976047904191617,1.3173652694610778,4.1916167664670665,516.4071856287426,4.07185628742515,3.353293413173653,0.0,0.11976047904191617,0.5988023952095809,0.0,0.0,7.544910179640719,12.095808383233534,0.0,3.8323353293413174,0.0,0.47904191616766467,0.3592814371257485,10.778443113772456,8.982035928143713,0.0,0.5988023952095809,0.3592814371257485,0.5988023952095809,1.0
CD_I1012807,Sam Berry,Adelaide Crows,Half-Forward,3.0,"https://s.afl.com.au/staticfile/AFL Tenant/AFL/Players/ChampIDImages/AFL/2025014/1012807.png?im=Scale,width=0.6,height=0.6",0.21666666666666667,2.6,6,16.538461538461537,3.846153846153846,11.923076923076923,28.46153846153846,20.76923076923077,0.7692307692307692,0.3846153846153846,0.0,6.9230769230769225,1.923076923076923,6.153846153846153,6.538461538461538,5.0,2.3076923076923075,2.3076923076923075,13.461538461538462,16.153846153846153,0.0,0.0,2.3076923076923075,1.5384615384615383,0.3846153846153846,113.07692307692307,2.692307692307692,3.846153846153846,7.3076923076923075,541.1538461538462,5.769230769230769,3.846153846153846,0.0,0.0,0.0,0.0,0.0,13.461538461538462,10.384615384615385,1.5384615384615383,10.769230769230768,0.0,0.7692307692307692,0.0,22.307692307692307,17.692307692307693,0.0,1.923076923076923,1.5384615384615383,1.1538461538461537,1.0
CD_I1010708,Sam Butler,Hawthorn,Interchange,30.0,"https://s.afl.com.au/staticfile/AFL Tenant/AFL/Players/ChampIDImages/AFL/2025014/1010708.png?im=Scale,width=0.6,height=0.6",0.05230769230769231,0.68,1,10.294117647058822,4.411764705882352,10.294117647058822,20.588235294117645,13.235294117647058,0.0,0.0,0.0,7.352941176470588,1.4705882352941175,2.941176470588235,1.4705882352941175,4.411764705882352,0.0,0.0,5.88235294117647,14.705882352941176,0.0,0.0,2.941176470588235,0.0,2.941176470588235,94.11764705882352,0.0,1.4705882352941175,4.411764705882352,255.88235294117646,2.941176470588235,1.4705882352941175,1.4705882352941175,0.0,0.0,0.0,0.0,13.235294117647058,2.941176470588235,0.0,2.941176470588235,0.0,0.0,0.0,26.470588235294116,9.852941176470587,0.0,0.0,0.0,1.4705882352941175,1.0
CD_I1013257,Sam Clohesy,Gold Coast SUNS,Wing,33.0,"https://s.afl.com.au/staticfile/AFL Tenant/AFL/Players/ChampIDImages/AFL/2025014/1013257.png?im=Scale,width=0.6,height=0.6",0.5781818181818182,6.36,8,12.264150943396226,5.031446540880503,9.119496855345911,21.38364779874214,15.094339622641508,0.4716981132075471,0.6289308176100629,0.0,2.20125786163522,2.6729559748427674,4.559748427672956,0.9433962264150942,1.8867924528301885,0.9433962264150942,0.0,6.761006289308176,14.779874213836477,0.15723270440251572,0.6289308176100629,0.7861635220125786,0.31446540880503143,0.31446540880503143,83.33333333333333,0.0,0.9433962264150942,4.088050314465408,455.0314465408805,4.40251572327044,4.088050314465408,0.7861635220125786,0.0,0.31446540880503143,0.0,0.0,6.132075471698113,8.018867924528301,0.6289308176100629,5.660377358490566,0.0,0.6289308176100629,0.4716981132075471,15.723270440251572,9.732704402515722,0.0,1.10062893081761,1.7295597484276728,0.4716981132075471,1.0
CD_I295446,Sam Collins,Gold Coast SUNS,Back-Pocket,25.0,"https://s.afl.com.au/staticfile/AFL Tenant/AFL/Players/ChampIDImages/AFL/2025014/295446.png?im=Scale,width=0.6,height=0.6",0.9345454545454546,10.28,11,7.976653696498055,5.836575875486382,4.0856031128404675,12.062256809338523,10.311284046692608,0.0,0.0,0.0,1.556420233463035,2.5291828793774322,0.5836575875486382,0.09727626459143969,1.6536964980544748,0.7782101167315175,0.5836575875486382,5.155642023346304,7.392996108949417,0.8754863813229573,0.0,7.295719844357977,0.0,0.09727626459143969,54.86381322957199,0.0,0.09727626459143969,2.5291828793774322,163.91050583657588,1.8482490272373542,8.268482490272374,0.0,0.6809338521400778,2.918287937743191,0.0,0.0,6.128404669260701,6.712062256809339,0.0,3.0155642023346307,0.0,3.4046692607003894,0.09727626459143969,6.712062256809339,12.003891050583658,0.0,1.556420233463035,0.0,6.22568093385214,1.0
CD_I1017126,Sam Darcy,Western Bulldogs,Full-Forward,10.0,"https://s.afl.com.au/staticfile/AFL Tenant/AFL/Players/ChampIDImages/AFL/2025014/1017126.png?im=Scale,width=0.6,height=0.6",0.36583333333333334,4.39,6,13.211845102505695,9.339407744874716,5.922551252847381,19.134396355353076,12.300683371298406,3.189066059225513,1.5945330296127564,3.8724373576309796,1.5945330296127564,0.0,3.189066059225513,2.9612756264236904,1.8223234624145788,2.050113895216401,0.9111617312072894,12.072892938496585,7.0615034168564925,4.555808656036446,4.100227790432802,2.7334851936218683,0.0,0.9111617312072894,109.79498861047837,2.050113895216401,0.9111617312072894,11.389521640091116,367.65375854214125,1.8223234624145788,2.277904328018223,0.9111617312072894,0.0,0.22779043280182235,4.100227790432802,1.1389521640091116,2.5056947608200457,7.744874715261959,1.3667425968109341,3.8724373576309796,1.1389521640091116,1.1389521640091116,1.3667425968109341,9.339407744874716,20.318906605922553,15.717539863325742,2.7334851936218683,5.694760820045558,2.277904328018223,1.0
CD_I1036123,Sam Davidson,Western Bulldogs,Wing,42.0,"https://s.afl.com.au/staticfile/AFL Tenant/AFL/Players/ChampIDImages/AFL/2025014/1036123.png?im=Scale,width=0.6,height=0.6",0.7775,9.33,12,12.433011789924974,5.573419078242229,8.038585209003216,20.471596998928188,14.469453376205788,0.7502679528403001,0.6430868167202572,0.0,3.6441586280814575,1.0718113612004287,3.322615219721329,1.2861736334405145,3.215434083601286,0.3215434083601286,1.0718113612004287,6.538049303322615,14.362272240085744,0.5359056806002144,0.5359056806002144,0.9646302250803859,0.10718113612004287,0.5359056806002144,86.92390139335477,0.21436227224008575,1.0718113612004287,7.07395498392283,386.92390139335475,4.394426580921758,2.1436227224008575,0.7502679528403001,0.10718113612004287,0.5359056806002144,0.5359056806002144,0.3215434083601286,6.645230439442658,8.252947481243302,1.1789924973204715,5.144694533762058,0.0,0.4287245444801715,0.4287245444801715,16.720257234726688,11.457663451232584,0.0,0.9646302250803859,1.5005359056806002,0.5359056806002144,1.0
CD_I291753,Sam Day,Brisbane Lions,Full-Forward,14.0,"https://s.afl.com.au/staticfile/AFL Tenant/AFL/Players/ChampIDImages/AFL/2025014/291753.png?im=Scale,width=0.6,height=0.6",0.38833333333333336,4.66,7,7.510729613733905,5.364806866952789,5.150214592274678,12.660944206008583,8.798283261802576,0.4291845493562232,0.4291845493562232,14.163090128755364,3.4334763948497855,0.4291845493562232,1.9313304721030042,1.502145922746781,2.7896995708154506,0.8583690987124464,2.1459227467811157,5.150214592274678,7.296137339055794,0.6437768240343348,1.0729613733905579,1.502145922746781,0.0,0.6437768240343348,74.2489270386266,0.0,1.502145922746781,4.506437768240343,186.05150214592274,2.7896995708154506,0.4291845493562232,0.8583690987124464,0.0,0.0,1.2875536480686696,0.0,3.4334763948497855,4.291845493562231,1.502145922746781,2.7896995708154506,3.2188841201716736,0.0,1.2875536480686696,12.660944206008583,6.394849785407724,31.33047210300429,1.502145922746781,1.502145922746781,0.8583690987124464,1.0
CD_I1009229,Sam De Koning,Geelong Cats,Full-Back,16.0,"https://s.afl.com.au/staticfile/AFL Tenant/AFL/Players/ChampIDImages/AFL/2025014/1009229.png?im=Scale,width=0.6,height=0.6",0.8416666666666667,10.1,12,10.297029702970297,6.237623762376238,8.118811881188119,18.415841584158418,14.653465346534654,0.19801980198019803,0.0,6.237623762376238,1.2871287128712872,2.6732673267326734,2.2772277227722775,1.4851485148514851,2.2772277227722775,1.188118811881188,0.6930693069306931,8.01980198019802,10.297029702970297,0.7920792079207921,0.0,5.643564356435644,0.0,0.09900990099009901,77.52475247524752,0.6930693069306931,0.7920792079207921,3.2673267326732676,287.2277227722772,3.5643564356435644,7.227722772277228,0.0,0.09900990099009901,2.1782178217821784,0.09900990099009901,0.09900990099009901,5.544554455445545,8.01980198019802,0.09900990099009901,5.841584158415841,1.188118811881188,2.376237623762376,0.09900990099009901,8.01980198019802,13.544554455445546,15.643564356435643,1.5841584158415842,0.297029702970297,5.544554455445545,1.0
CD_I295518,Sam Docherty,Carlton,"Forward Pocket, Wing",15.0,"https://s.afl.com.au/staticfile/AFL Tenant/AFL/Players/ChampIDImages/AFL/2025014/295518.png?im=Scale,width=0.6,height=0.6",0.4818181818181818,5.3,7,16.79245283018868,5.660377358490567,8.30188679245283,25.09433962264151,16.22641509433962,0.37735849056603776,0.37735849056603776,0.0,4.339622641509434,1.3207547169811322,4.528301886792453,1.6981132075471699,2.2641509433962264,1.1320754716981132,0.18867924528301888,6.415094339622642,18.11320754716981,0.0,0.18867924528301888,1.3207547169811322,0.0,0.37735849056603776,104.52830188679246,0.37735849056603776,1.3207547169811322,4.150943396226415,462.07547169811323,4.716981132075472,4.150943396226415,0.7547169811320755,0.0,0.0,0.0,0.0,8.30188679245283,9.245283018867925,0.9433962264150944,4.90566037735849,0.0,0.37735849056603776,0.18867924528301888,16.60377358490566,10.584905660377359,0.0,0.5660377358490566,0.9433962264150944,0.7547169811320755,1.0
CD_I1005577,Sam Draper,Essendon,Full-Forward,2.0,"https://s.afl.com.au/staticfile/AFL Tenant/AFL/Players/ChampIDImages/AFL/2025014/1005577.png?im=Scale,width=0.6,height=0.6",0.39,4.29,5,8.391608391608392,4.195804195804196,7.226107226107226,15.617715617715618,11.655011655011656,1.6317016317016317,0.4662004662004662,24.009324009324008,3.2634032634032635,1.1655011655011656,3.0303030303030303,3.7296037296037294,4.195804195804196,2.331002331002331,2.097902097902098,10.256410256410255,6.993006993006993,2.097902097902098,1.6317016317016317,3.7296037296037294,0.0,0.2331002331002331,95.57109557109557,0.4662004662004662,3.2634032634032635,5.594405594405594,297.2027972027972,2.564102564102564,3.0303030303030303,0.9324009324009324,0.2331002331002331,0.9324009324009324,3.0303030303030303,0.4662004662004662,3.9627039627039626,5.128205128205128,0.4662004662004662,3.0303030303030303,5.128205128205128,1.3986013986013985,0.4662004662004662,7.459207459207459,16.083916083916083,59.44055944055944,2.797202797202797,2.797202797202797,2.331002331002331,1.0
CD_I1015810,Sam Durham,Essendon,Rover,22.0,"https://s.afl.com.au/staticfile/AFL Tenant/AFL/Players/ChampIDImages/AFL/2025014/1015810.png?im=Scale,width=0.6,height=0.6",0.8009090909090909,8.809999999999999,11,11.123723041997732,3.632236095346198,16.34506242905789,27.46878547105562,20.998864926220207,0.6810442678774121,0.22701475595913737,0.0,5.221339387060159,1.135073779795687,3.7457434733257666,5.788876276958003,4.540295119182748,1.5891032917139616,1.816118047673099,13.961407491486948,14.415437003405223,0.34052213393870606,0.45402951191827473,1.9296254256526677,0.34052213393870606,1.135073779795687,98.29738933030649,1.7026106696935304,4.0862656072644725,6.92395005675369,353.0079455164586,3.5187287173666295,2.6106696935300797,0.6810442678774121,0.0,0.0,0.22701475595913737,0.0,10.102156640181613,7.491486946651533,1.5891032917139616,9.4211123723042,0.0,0.11350737797956868,0.0,21.906923950056758,17.888762769580026,0.0,1.3620885357548242,1.3620885357548242,0.6810442678774121,1.0
CD_I1009260,Sam Flanders,Gold Coast SUNS,Centre Half-Forward,3.0,"https://s.afl.com.au/staticfile/AFL Tenant/AFL/Players/ChampIDImages/AFL/2025014/1009260.png?im=Scale,width=0.6,height=0.6",0.7009090909090908,7.709999999999999,10,11.543450064850845,4.020752269779508,12.451361867704282,23.994811932555127,17.380025940337227,1.297016861219196,0.648508430609598,0.0,3.5019455252918292,0.9079118028534372,3.3722438391699097,4.020752269779508,2.723735408560312,1.1673151750972763,0.648508430609598,8.560311284046694,15.175097276264593,0.0,0.5188067444876784,0.3891050583657588,0.1297016861219196,1.0376134889753568,93.25551232166019,0.9079118028534372,3.1128404669260705,7.911802853437096,313.7483787289235,4.150453955901427,1.4267185473411157,1.5564202334630353,0.0,0.0,0.0,0.0,5.577172503242543,6.614785992217899,1.6861219195849548,6.614785992217899,0.0,0.1297016861219196,0.1297016861219196,17.380025940337227,12.996108949416344,0.0,1.297016861219196,2.204928664072633,0.1297016861219196,1.0
CD_I293738,Sam Frost,Hawthorn,Interchange,8.0,"https://s.afl.com.au/staticfile/AFL Tenant/AFL/Players/ChampIDImages/AFL/2025014/293738.png?im=Scale,width=0.6,height=0.6",0.07153846153846155,0.93,2,6.451612903225806,0.0,2.150537634408602,8.602150537634408,6.451612903225806,0.0,0.0,0.0,2.150537634408602,4.301075268817204,0.0,1.075268817204301,5.376344086021505,2.150537634408602,3.225806451612903,7.526881720430107,1.075268817204301,0.0,0.0,5.376344086021505,0.0,0.0,24.731182795698924,0.0,1.075268817204301,0.0,181.72043010752688,4.301075268817204,6.451612903225806,0.0,1.075268817204301,3.225806451612903,0.0,0.0,5.376344086021505,4.301075268817204,0.0,6.451612903225806,0.0,0.0,0.0,5.376344086021505,4.838709677419355,0.0,0.0,0.0,3.225806451612903,1.0
CD_I1028491,Sam Lalor,Richmond,"Full-Forward, Forward Pocket",22.0,"https://s.afl.com.au/staticfile/AFL Tenant/AFL/Players/ChampIDImages/AFL/2025014/1028491.png?im=Scale,width=0.6,height=0.6",0.6675,8.01,10,6.866416978776529,4.119850187265918,9.61298377028714,16.47940074906367,11.985018726591761,1.373283395755306,0.6242197253433208,0.0,3.1210986267166043,0.12484394506866417,2.3720349563046192,1.9975031210986267,2.4968789013732833,1.373283395755306,0.37453183520599254,7.740324594257179,8.739076154806492,0.9987515605493134,0.6242197253433208,0.8739076154806492,0.0,1.1235955056179776,73.78277153558052,0.37453183520599254,1.6229712858926342,5.992509363295881,203.74531835205994,2.1223470661672907,0.9987515605493134,0.8739076154806492,0.0,0.0,0.4993757802746567,0.4993757802746567,5.368289637952559,4.619225967540574,1.2484394506866416,4.7440699126092385,0.0,0.24968789013732834,0.24968789013732834,17.72784019975031,12.047440699126092,0.0,1.2484394506866416,2.1223470661672907,0.37453183520599254,1.0
CD_I1028520,Sam Marshall,Brisbane Lions,Interchange,20.0,"https://s.afl.com.au/staticfile/AFL Tenant/AFL/Players/ChampIDImages/AFL/2025014/1028520.png?im=Scale,width=0.6,height=0.6",0.018333333333333333,0.22000000000000003,1,22.727272727272723,9.09090909090909,4.545454545454545,27.27272727272727,13.636363636363635,0.0,0.0,0.0,0.0,13.636363636363635,4.545454545454545,4.545454545454545,4.545454545454545,0.0,0.0,9.09090909090909,18.18181818181818,0.0,0.0,0.0,0.0,0.0,104.54545454545453,0.0,4.545454545454545,4.545454545454545,627.2727272727271,13.636363636363635,4.545454545454545,0.0,0.0,0.0,0.0,0.0,0.0,9.09090909090909,0.0,9.09090909090909,0.0,0.0,0.0,9.09090909090909,16.818181818181817,0.0,0.0,0.0,0.0,1.0
CD_I993979,Sam Powell-Pepper,Port Adelaide,Forward Pocket,2.0,"https://s.afl.com.au/staticfile/AFL Tenant/AFL/Players/ChampIDImages/AFL/2025014/993979.png?im=Scale,width=0.6,height=0.6",0.8200000000000001,9.02,11,9.312638580931264,4.434589800443459,7.87139689578714,17.184035476718403,11.197339246119734,1.5521064301552108,1.6629711751662972,0.0,3.658536585365854,0.4434589800443459,4.212860310421286,0.8869179600886918,3.658536585365854,1.3303769401330379,1.4412416851441243,6.430155210643016,11.30820399113082,0.22172949002217296,1.7738359201773837,1.4412416851441243,0.33259423503325947,0.8869179600886918,79.6008869179601,0.22172949002217296,0.6651884700665189,6.097560975609756,316.96230598669626,2.549889135254989,1.5521064301552108,1.8847006651884701,0.0,0.0,1.2195121951219512,0.6651884700665189,4.1019955654102,5.210643015521065,1.5521064301552108,4.434589800443459,0.0,0.0,0.9977827050997783,17.294900221729492,10.199556541019955,0.0,0.7760532150776054,3.436807095343681,0.7760532150776054,1.0
CD_I992059,Sam Switkowski,Fremantle,Centre Half-Forward,39.0,"https://s.afl.com.au/staticfile/AFL Tenant/AFL/Players/ChampIDImages/AFL/2025014/992059.png?im=Scale,width=0.6,height=0.6",0.5541666666666667,6.65,9,6.7669172932330826,3.4586466165413534,9.62406015037594,16.39097744360902,13.233082706766917,0.7518796992481203,0.15037593984962405,0.0,4.060150375939849,0.45112781954887216,3.4586466165413534,1.3533834586466165,1.0526315789473684,0.7518796992481203,0.7518796992481203,5.864661654135338,9.924812030075188,0.0,0.3007518796992481,1.2030075187969924,0.3007518796992481,1.2030075187969924,69.32330827067669,0.3007518796992481,1.0526315789473684,6.616541353383458,182.5563909774436,1.2030075187969924,1.6541353383458646,0.7518796992481203,0.0,0.0,0.45112781954887216,0.0,5.56390977443609,4.2105263157894735,1.6541353383458646,4.511278195488722,0.0,0.15037593984962405,0.6015037593984962,20.751879699248118,12.330827067669173,0.0,0.9022556390977443,1.2030075187969924,0.6015037593984962,1.0
CD_I1005247,Sam Taylor,GWS GIANTS,Full-Back,15.0,"https://s.afl.com.au/staticfile/AFL Tenant/AFL/Players/ChampIDImages/AFL/2025014/1005247.png?im=Scale,width=0.6,height=0.6",0.9924999999999999,11.91,12,8.564231738035264,7.136859781696054,6.54911838790932,15.113350125944585,12.34256926952141,0.08396305625524769,0.0,0.0,2.0151133501259446,3.6104114189756507,0.7556675062972292,0.33585222502099077,2.5188916876574305,0.6717044500419815,1.0075566750629723,6.633081444164567,8.060453400503778,2.1830394626364398,0.0,6.717044500419815,0.5037783375314862,0.08396305625524769,66.41477749790093,0.0,0.33585222502099077,2.2670025188916876,158.69017632241813,2.0990764063811924,8.900083963056256,0.0,0.2518891687657431,3.190596137699412,0.0,0.0,7.136859781696054,6.884970612930311,0.0,3.6943744752308985,0.0,4.198152812762385,0.08396305625524769,7.724601175482787,11.49454240134341,0.0,1.0075566750629723,0.08396305625524769,6.2132661628883294,1.0
CD_I1006094,Sam Walsh,Carlton,Ruck-Rover,18.0,"https://s.afl.com.au/staticfile/AFL Tenant/AFL/Players/ChampIDImages/AFL/2025014/1006094.png?im=Scale,width=0.6,height=0.6",0.8200000000000001,9.02,11,12.860310421286032,4.1019955654102,18.181818181818183,31.042128603104214,21.39689578713969,0.5543237250554324,0.22172949002217296,0.0,6.430155210643016,1.8847006651884701,4.212860310421286,4.1019955654102,3.658536585365854,1.4412416851441243,1.1086474501108647,12.638580931263858,18.181818181818183,0.22172949002217296,0.4434589800443459,0.22172949002217296,0.5543237250554324,0.7760532150776054,114.63414634146342,0.8869179600886918,3.215077605321508,6.430155210643016,373.3924611973393,4.767184035476719,3.991130820399113,0.7760532150776054,0.0,0.0,0.11086474501108648,0.0,10.42128603104213,7.649667405764967,1.3303769401330379,10.532150776053216,0.0,0.0,0.11086474501108648,25.49889135254989,15.232815964523283,0.0,1.2195121951219512,0.9977827050997783,0.0,1.0
CD_I1006232,Sam Wicks,Sydney Swans,Half-Back,15.0,"https://s.afl.com.au/staticfile/AFL Tenant/AFL/Players/ChampIDImages/AFL/2025014/1006232.png?im=Scale,width=0.6,height=0.6",0.6725,8.07,10,13.135068153655514,2.973977695167286,5.947955390334572,19.083023543990087,13.25898389095415,0.0,0.12391573729863692,0.0,3.717472118959108,2.850061957868649,2.4783147459727384,0.9913258983890954,3.717472118959108,1.3630731102850062,1.2391573729863692,5.8240396530359355,12.88723667905824,0.0,0.0,1.3630731102850062,0.9913258983890954,0.24783147459727384,72.8624535315985,0.0,0.9913258983890954,3.097893432465923,369.02106567534076,3.4696406443618337,5.328376703841387,0.0,0.12391573729863692,0.37174721189591076,0.0,0.0,10.780669144981411,7.930607187112763,0.0,4.708798017348203,0.0,0.4956629491945477,0.0,13.630731102850062,7.521685254027261,0.0,0.6195786864931846,0.24783147459727384,1.1152416356877324,1.0
CD_I1012386,Samson Ryan,Richmond,Ruck,32.0,"https://s.afl.com.au/staticfile/AFL Tenant/AFL/Players/ChampIDImages/AFL/2025014/1012386.png?im=Scale,width=0.6,height=0.6",0.10833333333333334,1.3,2,4.615384615384615,1.5384615384615383,6.9230769230769225,11.538461538461538,7.692307692307692,0.0,0.0,26.153846153846153,3.0769230769230766,0.7692307692307692,3.846153846153846,3.0769230769230766,4.615384615384615,3.0769230769230766,3.0769230769230766,7.692307692307692,3.846153846153846,0.0,0.0,1.5384615384615383,0.0,0.0,64.61538461538461,1.5384615384615383,1.5384615384615383,2.3076923076923075,130.0,1.5384615384615383,1.5384615384615383,0.0,0.0,0.0,3.846153846153846,0.7692307692307692,4.615384615384615,2.3076923076923075,0.7692307692307692,3.846153846153846,5.384615384615384,0.0,0.0,8.461538461538462,5.3076923076923075,73.07692307692308,0.7692307692307692,0.0,0.7692307692307692,1.0
CD_I1013315,Sandy Brock,West Coast Eagles,Centre Half-Back,41.0,"https://s.afl.com.au/staticfile/AFL Tenant/AFL/Players/ChampIDImages/AFL/2025014/1013315.png?im=Scale,width=0.6,height=0.6",0.4491666666666667,5.390000000000001,6,7.606679035250463,5.565862708719851,4.452690166975881,12.059369202226344,9.09090909090909,0.0,0.0,0.0,0.9276437847866418,3.710575139146567,0.18552875695732837,0.0,1.6697588126159553,0.5565862708719851,0.37105751391465674,4.823747680890538,7.235621521335807,0.7421150278293135,0.0,5.936920222634508,0.18552875695732837,0.0,51.57699443413728,0.0,0.0,1.6697588126159553,231.3543599257885,2.7829313543599254,7.235621521335807,0.0,0.7421150278293135,1.484230055658627,0.0,0.0,5.751391465677179,5.751391465677179,0.0,3.525046382189239,0.0,2.597402597402597,0.18552875695732837,6.679035250463821,8.682745825602966,0.0,1.1131725417439702,0.0,5.751391465677179,1.0
CD_I260257,Scott Pendlebury,Collingwood,"Centre, Ruck-Rover",10.0,"https://s.afl.com.au/staticfile/AFL Tenant/AFL/Players/ChampIDImages/AFL/2025014/260257.png?im=Scale,width=0.6,height=0.6",0.5975,7.17,10,14.225941422594142,5.718270571827057,17.85216178521618,32.07810320781032,23.84937238493724,0.1394700139470014,0.5578800557880056,0.0,5.299860529986053,1.6736401673640167,4.044630404463041,4.323570432357044,4.044630404463041,0.8368200836820083,1.2552301255230125,10.0418410041841,22.175732217573223,0.0,0.41841004184100417,1.5341701534170153,0.1394700139470014,0.8368200836820083,115.20223152022315,2.2315202231520224,2.092050209205021,8.92608089260809,377.8242677824268,2.928870292887029,2.6499302649930265,0.41841004184100417,0.1394700139470014,0.2789400278940028,0.0,0.0,10.599721059972106,9.902370990237099,0.697350069735007,7.252440725244073,0.0,0.2789400278940028,0.41841004184100417,24.128312412831242,14.12831241283124,0.0,1.9525801952580195,0.697350069735007,0.2789400278940028,1.0
CD_I1018016,Seamus Mitchell,Hawthorn,Interchange,40.0,"https://s.afl.com.au/staticfile/AFL Tenant/AFL/Players/ChampIDImages/AFL/2025014/1018016.png?im=Scale,width=0.6,height=0.6",0.060000000000000005,0.78,1,8.974358974358974,5.128205128205128,3.846153846153846,12.82051282051282,10.256410256410255,0.0,0.0,0.0,7.692307692307692,1.282051282051282,1.282051282051282,0.0,2.564102564102564,1.282051282051282,0.0,6.41025641025641,6.41025641025641,1.282051282051282,0.0,6.41025641025641,0.0,0.0,82.05128205128204,0.0,0.0,1.282051282051282,206.4102564102564,3.846153846153846,5.128205128205128,0.0,0.0,0.0,1.282051282051282,1.282051282051282,15.384615384615383,7.692307692307692,0.0,3.846153846153846,0.0,0.0,0.0,20.51282051282051,9.487179487179487,0.0,0.0,0.0,3.846153846153846,1.0
CD_I998145,Sean Darcy,Fremantle,Ruck,4.0,"https://s.afl.com.au/staticfile/AFL Tenant/AFL/Players/ChampIDImages/AFL/2025014/998145.png?im=Scale,width=0.6,height=0.6",0.31,3.72,6,4.838709677419355,1.075268817204301,5.64516129032258,10.483870967741934,6.451612903225806,0.5376344086021505,0.0,41.39784946236559,6.720430107526881,1.3440860215053763,2.150537634408602,4.301075268817204,4.838709677419355,2.150537634408602,2.956989247311828,8.602150537634408,3.225806451612903,0.26881720430107525,0.5376344086021505,3.225806451612903,0.0,0.0,93.81720430107526,1.075268817204301,3.225806451612903,2.6881720430107525,126.34408602150538,1.6129032258064515,1.3440860215053763,1.3440860215053763,0.0,0.26881720430107525,0.8064516129032258,0.26881720430107525,6.989247311827957,3.225806451612903,0.26881720430107525,3.225806451612903,11.29032258064516,0.26881720430107525,0.0,16.129032258064516,10.134408602150536,95.16129032258064,1.8817204301075268,0.5376344086021505,2.4193548387096775,1.0
CD_I1023275,Seth Campbell,Richmond,Centre Half-Forward,44.0,"https://s.afl.com.au/staticfile/AFL Tenant/AFL/Players/ChampIDImages/AFL/2025014/1023275.png?im=Scale,width=0.6,height=0.6",0.8183333333333334,9.82,12,8.350305498981669,2.240325865580448,7.230142566191446,15.580448065173115,11.09979633401222,1.7311608961303462,0.9164969450101833,0.0,3.4623217922606924,0.20366598778004072,2.8513238289205702,1.4256619144602851,2.74949083503055,0.7128309572301426,0.6109979633401221,6.517311608961303,8.75763747454175,0.20366598778004072,0.7128309572301426,1.0183299389002036,0.7128309572301426,0.40733197556008144,70.26476578411405,0.20366598778004072,1.2219959266802443,6.008146639511201,258.75763747454175,3.360488798370672,1.5274949083503055,1.4256619144602851,0.10183299389002036,0.10183299389002036,0.30549898167006106,0.10183299389002036,6.109979633401222,5.295315682281059,2.240325865580448,5.295315682281059,0.0,0.20366598778004072,0.5091649694501018,24.643584521384927,13.869653767820772,0.0,0.6109979633401221,2.74949083503055,0.5091649694501018,1.0
CD_I993993,Shai Bolton,Fremantle,Half-Forward,15.0,"https://s.afl.com.au/staticfile/AFL Tenant/AFL/Players/ChampIDImages/AFL/2025014/993993.png?im=Scale,width=0.6,height=0.6",0.755,9.059999999999999,11,13.024282560706403,4.304635761589404,9.933774834437088,22.95805739514349,15.34216335540839,1.7660044150110379,1.545253863134658,0.0,3.090507726269316,0.44150110375275947,5.298013245033113,3.6423841059602653,5.298013245033113,1.1037527593818985,1.8763796909492276,10.485651214128037,13.355408388520972,0.33112582781456956,1.3245033112582782,1.2141280353200885,3.5320088300220758,0.9933774834437088,91.83222958057397,1.7660044150110379,1.8763796909492276,8.38852097130243,425.27593818984553,5.187637969094923,2.428256070640177,1.3245033112582782,0.0,0.0,0.33112582781456956,0.11037527593818987,4.304635761589404,7.0640176600441515,2.6490066225165565,7.5055187637969105,0.0,0.0,1.4348785871964682,16.00441501103753,15.198675496688743,0.0,1.9867549668874176,4.194260485651215,0.22075055187637974,1.0
CD_I1016433,Shannon Neale,Geelong Cats,Forward Pocket,33.0,"https://s.afl.com.au/staticfile/AFL Tenant/AFL/Players/ChampIDImages/AFL/2025014/1016433.png?im=Scale,width=0.6,height=0.6",0.8483333333333333,10.18,12,5.893909626719057,4.4204322200392925,3.3398821218074657,9.233791748526523,6.679764243614931,1.37524557956778,0.8840864440078585,6.4833005893909625,3.2416502946954813,0.19646365422396858,2.6522593320235757,0.39292730844793716,2.5540275049115913,0.9823182711198428,1.0805500982318272,4.715127701375246,4.911591355599215,1.6699410609037328,2.1611001964636545,1.8664047151277015,0.09823182711198429,0.7858546168958743,63.94891944990177,0.0,0.39292730844793716,6.18860510805501,178.48722986247546,1.8664047151277015,0.4911591355599214,1.6699410609037328,0.0,0.09823182711198429,2.6522593320235757,0.68762278978389,2.75049115913556,3.732809430255403,0.68762278978389,1.8664047151277015,1.768172888015717,0.29469548133595286,0.8840864440078585,11.49312377210216,8.703339882121806,25.44204322200393,0.9823182711198428,2.5540275049115913,1.37524557956778,1.0
CD_I993878,Shaun Mannagh,Geelong Cats,Centre Half-Forward,7.0,"https://s.afl.com.au/staticfile/AFL Tenant/AFL/Players/ChampIDImages/AFL/2025014/993878.png?im=Scale,width=0.6,height=0.6",0.6158333333333333,7.390000000000001,9,17.050067658998646,3.3829499323410013,5.548037889039242,22.598105548037886,14.479025710419485,1.6238159675236805,0.9472259810554803,0.0,5.6833558863328815,0.8119079837618403,6.089309878213802,5.277401894451962,4.600811907983761,1.8944519621109606,1.3531799729364005,9.336941813261163,12.313937753721245,0.13531799729364005,0.40595399188092013,0.6765899864682002,0.6765899864682002,0.9472259810554803,103.65358592692827,0.13531799729364005,5.142083897158321,8.525033829499323,448.0378890392422,4.194857916102841,2.0297699594046006,2.0297699594046006,0.0,0.0,0.0,0.0,8.525033829499323,9.742895805142084,1.4884979702300405,6.359945872801082,0.0,0.2706359945872801,0.2706359945872801,21.515561569688767,15.439783491204329,0.0,2.435723951285521,3.247631935047361,0.0,1.0
CD_I1022607,Sid Draper,Adelaide Crows,Interchange,34.0,"https://s.afl.com.au/staticfile/AFL Tenant/AFL/Players/ChampIDImages/AFL/2025014/1022607.png?im=Scale,width=0.6,height=0.6",0.30083333333333334,3.6100000000000003,9,8.864265927977838,2.2160664819944595,9.69529085872576,18.5595567867036,12.465373961218836,0.8310249307479224,0.27700831024930744,0.0,6.094182825484764,0.5540166204986149,2.7700831024930745,2.2160664819944595,4.155124653739612,0.27700831024930744,1.9390581717451523,7.202216066481994,11.080332409972298,0.27700831024930744,0.5540166204986149,1.1080332409972298,0.27700831024930744,0.27700831024930744,76.73130193905817,0.8310249307479224,1.3850415512465373,4.432132963988919,223.2686980609418,3.047091412742382,1.6620498614958448,1.3850415512465373,0.0,0.0,0.27700831024930744,0.27700831024930744,11.634349030470913,4.709141274238227,0.8310249307479224,4.986149584487534,0.0,0.0,0.5540166204986149,27.977839335180054,8.17174515235457,0.0,0.5540166204986149,1.6620498614958448,0.0,1.0
CD_I280965,Steele Sidebottom,Collingwood,Centre,22.0,"https://s.afl.com.au/staticfile/AFL Tenant/AFL/Players/ChampIDImages/AFL/2025014/280965.png?im=Scale,width=0.6,height=0.6",0.7133333333333333,8.559999999999999,11,18.107476635514022,4.672897196261683,12.500000000000002,30.607476635514022,20.32710280373832,0.7009345794392524,0.5841121495327104,0.0,5.3738317757009355,2.920560747663552,5.023364485981309,6.19158878504673,4.672897196261683,1.9859813084112152,1.518691588785047,12.850467289719628,17.52336448598131,0.0,0.3504672897196262,1.4018691588785048,0.9345794392523366,0.4672897196261683,117.05607476635515,1.869158878504673,4.322429906542057,7.126168224299066,554.5560747663552,5.724299065420562,4.789719626168225,0.4672897196261683,0.0,0.0,0.0,0.0,9.929906542056075,11.214953271028039,1.0514018691588787,9.112149532710282,0.0,0.4672897196261683,0.3504672897196262,20.67757009345795,17.032710280373834,0.0,2.2196261682242993,1.4018691588785048,0.11682242990654207,1.0
CD_I1023056,Steely Green,Richmond,Half-Forward,48.0,"https://s.afl.com.au/staticfile/AFL Tenant/AFL/Players/ChampIDImages/AFL/2025014/1023056.png?im=Scale,width=0.6,height=0.6",0.8066666666666666,9.68,12,7.231404958677686,2.9958677685950414,3.822314049586777,11.053719008264464,6.818181818181818,0.7231404958677686,0.8264462809917356,0.0,2.37603305785124,0.30991735537190085,2.5826446280991737,0.6198347107438017,2.5826446280991737,0.4132231404958678,0.7231404958677686,3.925619834710744,7.851239669421488,0.2066115702479339,0.5165289256198348,1.6528925619834711,0.2066115702479339,0.2066115702479339,51.239669421487605,0.0,0.6198347107438017,4.338842975206612,239.46280991735537,2.479338842975207,1.2396694214876034,0.8264462809917356,0.0,0.0,0.9297520661157025,0.0,6.6115702479338845,4.028925619834711,0.9297520661157025,2.8925619834710745,0.0,0.2066115702479339,0.6198347107438017,19.93801652892562,6.291322314049586,0.0,0.5165289256198348,1.962809917355372,0.9297520661157025,1.0
CD_I291969,Stephen Coniglio,GWS GIANTS,Wing,3.0,"https://s.afl.com.au/staticfile/AFL Tenant/AFL/Players/ChampIDImages/AFL/2025014/291969.png?im=Scale,width=0.6,height=0.6",0.2075,2.4899999999999998,3,9.63855421686747,2.4096385542168677,6.024096385542169,15.66265060240964,12.048192771084338,1.2048192771084338,0.0,0.0,2.811244979919679,1.6064257028112452,1.6064257028112452,2.0080321285140563,3.2128514056224904,0.8032128514056226,1.2048192771084338,5.220883534136546,10.040160642570282,0.4016064257028113,0.4016064257028113,1.2048192771084338,0.0,0.4016064257028113,63.85542168674699,0.0,2.0080321285140563,3.6144578313253017,192.7710843373494,2.0080321285140563,2.0080321285140563,0.8032128514056226,0.0,0.0,0.4016064257028113,0.4016064257028113,4.4176706827309244,7.2289156626506035,0.8032128514056226,3.2128514056224904,0.0,0.0,0.4016064257028113,12.048192771084338,7.590361445783133,0.0,0.4016064257028113,1.6064257028112452,0.0,1.0
CD_I281085,Steven May,Melbourne,Full-Back,1.0,"https://s.afl.com.au/staticfile/AFL Tenant/AFL/Players/ChampIDImages/AFL/2025014/281085.png?im=Scale,width=0.6,height=0.6",0.7116666666666667,8.540000000000001,9,14.637002341920374,6.908665105386416,3.7470725995316156,18.38407494145199,15.807962529274002,0.0,0.0,0.0,0.9367681498829039,4.566744730679156,0.7025761124121779,0.11709601873536299,2.34192037470726,0.8196721311475409,0.9367681498829039,3.8641686182669783,9.484777517564401,0.7025761124121779,0.0,7.025761124121779,0.585480093676815,0.11709601873536299,73.88758782201404,0.0,0.11709601873536299,3.1615925058548005,374.4730679156908,1.9906323185011707,5.854800936768149,0.0,0.7025761124121779,2.693208430913349,0.0,0.0,3.9812646370023415,12.763466042154565,0.0,1.9906323185011707,0.0,2.4590163934426226,0.0,4.68384074941452,8.770491803278688,0.0,2.2248243559718968,0.0,6.206088992974238,1.0
CD_I1018425,Taj Woewodin,Melbourne,Interchange,40.0,"https://s.afl.com.au/staticfile/AFL Tenant/AFL/Players/ChampIDImages/AFL/2025014/1018425.png?im=Scale,width=0.6,height=0.6",0.04666666666666667,0.56,1,10.714285714285714,1.7857142857142856,7.142857142857142,17.857142857142854,16.07142857142857,0.0,0.0,0.0,1.7857142857142856,7.142857142857142,1.7857142857142856,1.7857142857142856,1.7857142857142856,0.0,0.0,5.357142857142857,14.285714285714285,0.0,0.0,0.0,0.0,0.0,58.92857142857142,0.0,1.7857142857142856,0.0,469.6428571428571,3.571428571428571,1.7857142857142856,1.7857142857142856,0.0,0.0,0.0,0.0,3.571428571428571,8.928571428571427,0.0,5.357142857142857,0.0,0.0,0.0,10.714285714285714,13.214285714285714,0.0,0.0,0.0,0.0,1.0
CD_I291776,Taylor Adams,Sydney Swans,Forward Pocket,3.0,"https://s.afl.com.au/staticfile/AFL Tenant/AFL/Players/ChampIDImages/AFL/2025014/291776.png?im=Scale,width=0.6,height=0.6",0.13333333333333333,1.6,3,7.5,3.125,11.875,19.375,13.125,0.625,0.0,0.0,6.25,0.625,2.5,3.75,6.25,0.625,2.5,10.0,9.375,0.0,0.625,0.625,0.0,0.625,77.5,1.25,2.5,3.125,135.0,5.625,0.0,0.625,0.0,0.0,0.625,0.0,6.875,4.375,2.5,6.875,0.0,0.0,1.25,19.375,7.562500000000001,0.0,0.0,0.625,0.0,1.0
CD_I290085,Taylor Duryea,Western Bulldogs,Back-Pocket,15.0,"https://s.afl.com.au/staticfile/AFL Tenant/AFL/Players/ChampIDImages/AFL/2025014/290085.png?im=Scale,width=0.6,height=0.6",0.2625,3.15,4,8.88888888888889,5.079365079365079,5.714285714285714,14.603174603174603,10.476190476190476,0.0,0.0,0.0,2.2222222222222223,2.857142857142857,1.5873015873015874,0.31746031746031744,2.5396825396825395,0.9523809523809524,1.2698412698412698,4.444444444444445,11.11111111111111,0.31746031746031744,0.31746031746031744,1.9047619047619049,0.0,0.0,59.36507936507937,0.0,0.31746031746031744,3.174603174603175,231.74603174603175,3.8095238095238098,4.761904761904762,0.0,0.9523809523809524,1.2698412698412698,0.0,0.0,9.523809523809524,6.34920634920635,0.31746031746031744,3.174603174603175,0.0,1.9047619047619049,0.0,13.015873015873016,4.444444444444445,0.0,0.9523809523809524,0.0,1.5873015873015874,1.0
CD_I280506,Taylor Walker,Adelaide Crows,Full-Forward,13.0,"https://s.afl.com.au/staticfile/AFL Tenant/AFL/Players/ChampIDImages/AFL/2025014/280506.png?im=Scale,width=0.6,height=0.6",0.6925,8.309999999999999,11,10.709987966305658,6.01684717208183,5.535499398315284,16.245487364620942,10.830324909747294,2.2864019253910954,1.3237063778580027,2.767749699157642,2.1660649819494586,0.2406738868832732,5.174488567990374,0.7220216606498197,3.8507821901323713,0.601684717208183,1.4440433212996393,6.618531889290013,10.348977135980748,1.564380264741276,2.0457280385078223,1.0830324909747293,0.0,1.203369434416366,83.99518652226234,0.0,0.7220216606498197,8.062575210589653,380.98676293622145,4.211793020457281,0.8423586040914562,1.203369434416366,0.0,0.0,3.369434416365825,0.8423586040914562,1.4440433212996393,6.73886883273165,2.0457280385078223,3.7304452466907345,0.3610108303249098,0.1203369434416366,1.4440433212996393,9.386281588447655,12.39470517448857,8.664259927797834,1.203369434416366,3.9711191335740077,0.7220216606498197,1.0
CD_I1023542,Ted Clohesy,Geelong Cats,Interchange,40.0,"https://s.afl.com.au/staticfile/AFL Tenant/AFL/Players/ChampIDImages/AFL/2025014/1023542.png?im=Scale,width=0.6,height=0.6",0.225,2.7,8,14.074074074074073,4.814814814814815,6.666666666666666,20.74074074074074,12.592592592592592,0.7407407407407407,1.111111111111111,0.0,5.185185185185185,2.222222222222222,3.7037037037037033,2.962962962962963,5.555555555555555,1.4814814814814814,1.4814814814814814,10.0,11.11111111111111,1.111111111111111,0.37037037037037035,1.4814814814814814,0.0,0.37037037037037035,93.33333333333333,0.7407407407407407,2.222222222222222,4.814814814814815,417.4074074074074,5.185185185185185,3.333333333333333,1.111111111111111,0.0,0.0,1.111111111111111,0.37037037037037035,9.25925925925926,8.148148148148147,1.8518518518518516,7.4074074074074066,0.0,0.0,0.0,18.148148148148145,9.851851851851851,0.0,0.37037037037037035,2.222222222222222,0.7407407407407407,1.0
CD_I1018323,Thomas Edwards,Essendon,Interchange,45.0,"https://s.afl.com.au/staticfile/AFL Tenant/AFL/Players/ChampIDImages/AFL/2025014/1018323.png?im=Scale,width=0.6,height=0.6",0.11636363636363636,1.28,2,7.8125,3.125,3.125,10.9375,7.8125,2.34375,1.5625,0.0,3.125,0.0,0.78125,0.0,6.25,2.34375,2.34375,3.90625,5.46875,0.0,1.5625,0.78125,0.0,0.78125,62.5,0.0,0.0,6.25,133.59375,6.25,0.0,3.125,0.0,0.0,2.34375,0.0,3.125,5.46875,1.5625,1.5625,0.0,0.0,0.0,17.1875,2.7343750000000004,0.0,0.0,4.6875,0.78125,1.0
CD_I1018996,Thomas Sims,Richmond,Forward Pocket,38.0,"https://s.afl.com.au/staticfile/AFL Tenant/AFL/Players/ChampIDImages/AFL/2025014/1018996.png?im=Scale,width=0.6,height=0.6",0.23166666666666663,2.78,4,7.553956834532374,3.5971223021582737,5.035971223021583,12.589928057553958,8.273381294964029,0.7194244604316548,0.3597122302158274,5.755395683453238,3.5971223021582737,0.3597122302158274,2.1582733812949644,0.7194244604316548,2.5179856115107917,2.5179856115107917,1.0791366906474822,8.273381294964029,6.115107913669065,1.4388489208633095,1.0791366906474822,2.1582733812949644,0.0,0.7194244604316548,67.62589928057554,0.3597122302158274,0.3597122302158274,4.316546762589929,258.9928057553957,3.5971223021582737,2.877697841726619,1.4388489208633095,0.0,0.0,1.7985611510791368,0.3597122302158274,4.676258992805756,5.39568345323741,0.7194244604316548,4.316546762589929,1.4388489208633095,0.7194244604316548,0.3597122302158274,18.345323741007196,10.79136690647482,24.100719424460433,1.0791366906474822,1.4388489208633095,1.7985611510791368,1.0
CD_I1009226,Thomson Dow,Richmond,Wing,27.0,"https://s.afl.com.au/staticfile/AFL Tenant/AFL/Players/ChampIDImages/AFL/2025014/1009226.png?im=Scale,width=0.6,height=0.6",0.6691666666666667,8.03,11,9.090909090909092,4.732254047322541,16.313823163138235,25.404732254047325,18.306351183063512,0.12453300124533002,0.24906600249066005,0.0,3.985056039850561,2.1170610211706102,1.9925280199252804,3.7359900373599007,3.7359900373599007,1.6189290161892902,0.6226650062266501,9.713574097135742,16.064757160647574,0.12453300124533002,0.12453300124533002,0.9962640099626402,0.0,0.3735990037359901,90.78455790784558,1.1207970112079702,2.6151930261519305,4.358655043586551,211.5815691158157,3.4869240348692405,2.8642590286425906,0.0,0.0,0.24906600249066005,0.0,0.0,9.589041095890412,5.853051058530511,0.4981320049813201,7.471980074719801,0.0,0.4981320049813201,0.3735990037359901,22.291407222914074,9.50186799501868,0.0,1.1207970112079702,0.3735990037359901,0.6226650062266501,1.0
CD_I1004592,Tim English,Western Bulldogs,Ruck,44.0,"https://s.afl.com.au/staticfile/AFL Tenant/AFL/Players/ChampIDImages/AFL/2025014/1004592.png?im=Scale,width=0.6,height=0.6",0.8258333333333333,9.91,12,10.89808274470232,6.15539858728557,10.696266397578203,21.594349142280524,15.338042381432896,0.5045408678102926,0.6054490413723511,38.84964682139253,4.036326942482341,1.0090817356205852,4.238143289606458,5.045408678102926,3.5317860746720484,2.320887991927346,1.4127144298688195,9.889001009081735,12.613521695257315,0.8072653884964682,0.9081735620585267,3.632694248234107,0.0,0.9081735620585267,129.26337033299697,2.522704339051463,2.522704339051463,8.577194752774975,285.6710393541877,3.43087790110999,3.1281533804238144,0.7063572149344097,0.30272452068617556,0.8072653884964682,0.30272452068617556,0.0,5.146316851664984,6.559031281533804,0.7063572149344097,4.036326942482341,10.797174571140262,1.513622603430878,0.5045408678102926,12.613521695257315,13.753784056508579,96.26639757820384,5.045408678102926,1.3118062563067607,2.4217961654894045,1.0
CD_I295898,Tim Kelly,West Coast Eagles,"Centre, Rover",11.0,"https://s.afl.com.au/staticfile/AFL Tenant/AFL/Players/ChampIDImages/AFL/2025014/295898.png?im=Scale,width=0.6,height=0.6",0.6758333333333333,8.11,10,10.60419235511714,3.452527743526511,10.480887792848335,21.085080147965478,13.933415536374847,0.12330456226880396,0.7398273736128237,0.0,4.192355117139335,1.3563501849568436,4.069050554870531,3.452527743526511,3.082614056720099,0.36991368680641185,0.9864364981504317,8.138101109741061,13.44019728729963,0.12330456226880396,0.12330456226880396,0.9864364981504317,0.24660912453760792,0.7398273736128237,78.79161528976573,1.1097410604192355,2.342786683107275,5.672009864364982,327.74352651048093,4.069050554870531,1.8495684340320593,0.49321824907521583,0.0,0.0,0.0,0.0,9.124537607891492,5.9186189889025895,1.4796547472256474,6.658446362515414,0.0,0.36991368680641185,0.24660912453760792,20.838471023427868,9.556103575832307,0.0,1.3563501849568436,0.8631319358816277,0.36991368680641185,1.0
CD_I294596,Tim Membrey,Collingwood,Centre Half-Forward,28.0,"https://s.afl.com.au/staticfile/AFL Tenant/AFL/Players/ChampIDImages/AFL/2025014/294596.png?im=Scale,width=0.6,height=0.6",0.7658333333333334,9.190000000000001,11,7.834602829162131,5.331882480957562,4.678998911860718,12.51360174102285,7.616974972796517,1.6322089227421108,1.0881392818280737,0.32644178454842215,1.5233949945593033,0.0,2.0674646354733404,0.0,2.285092491838955,0.43525571273122954,0.43525571273122954,5.984766050054406,6.964091403699673,0.9793253536452664,2.720348204570185,1.7410228509249182,0.10881392818280738,0.5440696409140369,65.28835690968442,0.0,0.0,5.767138193688791,182.80739934711642,3.0467899891186065,1.1969532100108813,0.9793253536452664,0.0,0.0,1.6322089227421108,0.43525571273122954,1.3057671381936886,4.352557127312295,1.7410228509249182,4.134929270946681,0.10881392818280738,0.10881392818280738,1.414581066376496,8.269858541893361,7.1273122959738835,2.829162132752992,0.32644178454842215,3.155603917301414,1.0881392818280737,1.0
CD_I998172,Tim Taranto,Richmond,Ruck-Rover,14.0,"https://s.afl.com.au/staticfile/AFL Tenant/AFL/Players/ChampIDImages/AFL/2025014/998172.png?im=Scale,width=0.6,height=0.6",0.8575,10.290000000000001,12,12.147716229348882,3.3041788143828956,17.784256559766764,29.931972789115644,20.408163265306122,0.8746355685131194,0.1943634596695821,0.0,5.830903790087463,2.2351797862001943,3.790087463556851,6.5111758989310005,4.275996112730806,1.1661807580174925,0.8746355685131194,14.965986394557822,14.188532555879494,0.29154518950437314,0.48590864917395526,0.6802721088435374,0.0,0.29154518950437314,109.23226433430514,1.84645286686103,4.66472303206997,5.150631681243926,326.23906705539355,4.956268221574343,3.0126336248785224,0.7774538386783284,0.0,0.0,0.1943634596695821,0.0,11.07871720116618,6.608357628765791,0.9718172983479105,10.884353741496598,0.0,0.3887269193391642,0.0,21.57434402332361,15.558794946550046,0.0,1.3605442176870748,1.2633624878522836,0.1943634596695821,1.0
CD_I1028538,Tobie Travaglia,St Kilda,"Half-Back, Half-Back",5.0,"https://s.afl.com.au/staticfile/AFL Tenant/AFL/Players/ChampIDImages/AFL/2025014/1028538.png?im=Scale,width=0.6,height=0.6",0.3225,3.87,7,9.560723514211887,4.134366925064599,9.30232558139535,18.863049095607234,15.24547803617571,0.5167958656330749,0.25839793281653745,0.0,3.359173126614987,1.5503875968992247,2.5839793281653747,1.0335917312661498,1.8087855297157622,1.8087855297157622,0.0,5.943152454780361,13.436692506459949,0.0,0.0,0.25839793281653745,0.0,0.25839793281653745,78.29457364341086,0.0,1.0335917312661498,4.134366925064599,268.9922480620155,3.359173126614987,3.1007751937984493,0.5167958656330749,0.0,0.0,0.25839793281653745,0.25839793281653745,7.751937984496124,6.718346253229974,0.5167958656330749,3.875968992248062,0.0,0.25839793281653745,0.0,14.21188630490956,8.113695090439276,0.0,1.5503875968992247,0.7751937984496123,0.0,1.0
CD_I1008139,Toby Bedford,GWS GIANTS,Ruck-Rover,14.0,"https://s.afl.com.au/staticfile/AFL Tenant/AFL/Players/ChampIDImages/AFL/2025014/1008139.png?im=Scale,width=0.6,height=0.6",0.7066666666666667,8.48,11,6.485849056603773,2.3584905660377355,7.0754716981132075,13.56132075471698,10.141509433962264,0.5896226415094339,0.11792452830188678,0.0,8.608490566037736,0.7075471698113207,2.3584905660377355,2.240566037735849,2.0047169811320753,1.0613207547169812,1.2971698113207546,5.4245283018867925,7.900943396226415,0.0,0.5896226415094339,0.9433962264150942,0.0,0.4716981132075471,75.94339622641509,1.0613207547169812,1.1792452830188678,4.599056603773585,206.9575471698113,1.7688679245283019,1.7688679245283019,1.5330188679245282,0.23584905660377356,0.23584905660377356,0.0,0.0,13.443396226415093,3.6556603773584904,0.7075471698113207,4.481132075471698,0.0,0.0,0.0,27.47641509433962,11.261792452830187,0.0,0.9433962264150942,0.9433962264150942,0.23584905660377356,1.0
CD_I295344,Toby Greene,GWS GIANTS,Forward Pocket,4.0,"https://s.afl.com.au/staticfile/AFL Tenant/AFL/Players/ChampIDImages/AFL/2025014/295344.png?im=Scale,width=0.6,height=0.6",0.8966666666666666,10.76,12,13.382899628252789,4.646840148698885,6.691449814126394,20.074349442379184,11.895910780669146,2.0446096654275094,1.6728624535315986,0.0,3.345724907063197,0.4646840148698885,4.925650557620818,3.345724907063197,4.739776951672862,1.4869888475836432,1.579925650557621,8.643122676579926,11.617100371747211,0.2788104089219331,1.9516728624535316,0.7434944237918216,0.1858736059479554,0.4646840148698885,91.54275092936803,1.3940520446096654,1.9516728624535316,8.178438661710038,393.02973977695166,4.182156133828997,1.1152416356877324,0.929368029739777,0.0,0.0929368029739777,1.3940520446096654,0.0929368029739777,4.553903345724907,6.784386617100372,2.137546468401487,6.04089219330855,0.0,0.1858736059479554,0.8364312267657993,14.12639405204461,12.0817843866171,0.2788104089219331,1.20817843866171,4.368029739776952,0.4646840148698885,1.0
CD_I1027971,Toby McMullin,GWS GIANTS,Interchange,31.0,"https://s.afl.com.au/staticfile/AFL Tenant/AFL/Players/ChampIDImages/AFL/2025014/1027971.png?im=Scale,width=0.6,height=0.6",0.3416666666666667,4.1,7,13.170731707317074,4.390243902439025,9.756097560975611,22.926829268292686,16.097560975609756,0.24390243902439027,0.9756097560975611,0.0,2.439024390243903,2.439024390243903,4.878048780487806,2.1951219512195124,3.658536585365854,0.7317073170731708,1.4634146341463417,6.097560975609756,17.31707317073171,0.0,0.48780487804878053,0.48780487804878053,0.0,0.24390243902439027,80.73170731707317,0.24390243902439027,1.9512195121951221,5.365853658536586,438.7804878048781,4.390243902439025,2.682926829268293,0.48780487804878053,0.24390243902439027,0.24390243902439027,0.0,0.0,10.0,8.048780487804878,0.24390243902439027,5.121951219512195,0.0,0.0,0.24390243902439027,19.02439024390244,9.26829268292683,0.0,0.9756097560975611,1.2195121951219514,0.24390243902439027,1.0
CD_I298174,Toby Nankervis,Richmond,Ruck,25.0,"https://s.afl.com.au/staticfile/AFL Tenant/AFL/Players/ChampIDImages/AFL/2025014/298174.png?im=Scale,width=0.6,height=0.6",0.7449999999999999,8.94,11,9.731543624161075,3.131991051454139,9.731543624161075,19.46308724832215,13.087248322147651,0.447427293064877,0.2237136465324385,43.51230425055929,4.921700223713647,1.5659955257270695,2.348993288590604,6.0402684563758395,4.809843400447428,1.45413870246085,2.684563758389262,11.073825503355705,7.829977628635347,0.894854586129754,0.5592841163310962,3.3557046979865772,0.0,0.33557046979865773,117.56152125279642,1.9015659955257271,4.138702460850112,5.257270693512305,204.36241610738256,3.579418344519016,2.796420581655481,0.447427293064877,0.11185682326621925,1.2304250559284118,0.894854586129754,0.447427293064877,9.060402684563758,5.592841163310962,0.447427293064877,5.033557046979866,11.85682326621924,1.342281879194631,0.0,20.022371364653246,17.651006711409398,100.33557046979867,3.0201342281879198,0.7829977628635347,2.348993288590604,1.0
CD_I1002138,Toby Pink,North Melbourne,Full-Back,32.0,"https://s.afl.com.au/staticfile/AFL Tenant/AFL/Players/ChampIDImages/AFL/2025014/1002138.png?im=Scale,width=0.6,height=0.6",0.4290909090909091,4.72,5,8.686440677966102,6.1440677966101696,3.1779661016949152,11.864406779661017,10.381355932203391,0.0,0.0,0.0,2.330508474576271,2.1186440677966103,1.9067796610169492,0.21186440677966104,2.1186440677966103,0.8474576271186441,1.4830508474576272,4.4491525423728815,7.627118644067797,0.8474576271186441,0.0,4.4491525423728815,0.0,0.0,56.567796610169495,0.0,0.21186440677966104,2.1186440677966103,260.1694915254237,2.330508474576271,6.1440677966101696,0.0,0.8474576271186441,2.330508474576271,0.0,0.0,6.779661016949153,7.627118644067797,0.0,2.5423728813559325,0.0,2.1186440677966103,0.0,8.26271186440678,6.716101694915254,0.0,0.8474576271186441,0.0,3.6016949152542375,1.0
CD_I271129,Todd Goldstein,Essendon,Ruck,17.0,"https://s.afl.com.au/staticfile/AFL Tenant/AFL/Players/ChampIDImages/AFL/2025014/271129.png?im=Scale,width=0.6,height=0.6",0.4372727272727273,4.8100000000000005,6,4.158004158004157,3.742203742203742,10.395010395010393,14.55301455301455,12.266112266112264,0.20790020790020788,0.0,39.5010395010395,0.8316008316008315,1.663201663201663,0.8316008316008315,4.781704781704781,2.7027027027027026,2.4948024948024945,1.871101871101871,8.108108108108107,7.276507276507275,0.0,0.20790020790020788,5.197505197505197,0.0,0.41580041580041577,85.44698544698544,1.2474012474012472,3.534303534303534,5.197505197505197,68.81496881496881,0.8316008316008315,1.4553014553014552,0.0,0.20790020790020788,1.0395010395010393,0.6237006237006236,0.41580041580041577,5.613305613305613,2.7027027027027026,0.0,4.365904365904365,12.058212058212057,0.41580041580041577,0.20790020790020788,11.434511434511434,13.097713097713097,83.57588357588357,3.326403326403326,0.20790020790020788,4.573804573804574,1.0
CD_I994386,Tom Atkins,Geelong Cats,Rover,30.0,"https://s.afl.com.au/staticfile/AFL Tenant/AFL/Players/ChampIDImages/AFL/2025014/994386.png?im=Scale,width=0.6,height=0.6",0.7691666666666667,9.23,12,10.29252437703142,2.1668472372697725,13.542795232936077,23.835319609967495,16.35969664138678,0.32502708559046584,0.10834236186348863,0.0,12.892741061755146,2.0585048754062836,2.38353196099675,7.04225352112676,4.7670639219935,1.733477789815818,2.0585048754062836,14.517876489707476,10.29252437703142,0.10834236186348863,0.32502708559046584,1.9501625135427951,0.0,0.7583965330444203,113.65113759479956,2.7085590465872156,4.333694474539545,6.067172264355363,222.21018418201515,2.6002166847237267,2.816901408450704,2.0585048754062836,0.0,0.0,0.0,0.0,15.601300108342361,5.958829902491874,2.0585048754062836,10.834236186348862,0.0,0.21668472372697725,0.10834236186348863,38.353196099674975,16.54387865655471,0.10834236186348863,3.2502708559046587,0.4333694474539545,0.4333694474539545,1.0
CD_I990290,Tom Barrass,Hawthorn,Back-Pocket,37.0,"https://s.afl.com.au/staticfile/AFL Tenant/AFL/Players/ChampIDImages/AFL/2025014/990290.png?im=Scale,width=0.6,height=0.6",0.7976923076923077,10.370000000000001,12,7.135969141755062,4.918032786885245,4.532304725168755,11.668273866923817,9.932497589199613,0.0,0.0,0.0,1.5429122468659593,2.314368370298939,0.8678881388621021,0.09643201542912246,1.3500482160077145,0.6750241080038573,0.4821600771456123,5.11089681774349,6.460945033751205,1.8322082931533268,0.0,6.557377049180327,0.0,0.09643201542912246,50.62680810028929,0.0,0.09643201542912246,1.8322082931533268,173.38476374156218,2.314368370298939,7.328833172613307,0.0,0.3857280617164898,2.0250723240115716,0.0,0.0,4.532304725168755,5.88235294117647,0.09643201542912246,2.6036644165863065,0.0,3.0858244937319186,0.0,5.303760848601735,10.60752169720347,0.0,1.253616200578592,0.0,5.785920925747347,1.0
CD_I1017086,Tom Brown,Richmond,Half-Back,30.0,"https://s.afl.com.au/staticfile/AFL Tenant/AFL/Players/ChampIDImages/AFL/2025014/1017086.png?im=Scale,width=0.6,height=0.6",0.7791666666666667,9.35,12,13.368983957219251,5.989304812834225,4.812834224598931,18.181818181818183,14.11764705882353,0.42780748663101603,0.10695187165775401,0.0,1.9251336898395723,4.491978609625669,1.9251336898395723,0.42780748663101603,2.1390374331550803,0.21390374331550802,0.7486631016042781,4.919786096256685,12.192513368983958,0.32085561497326204,0.32085561497326204,2.9946524064171123,0.6417112299465241,0.21390374331550802,76.0427807486631,0.0,0.42780748663101603,3.7433155080213907,422.3529411764706,3.2085561497326203,5.989304812834225,0.0,0.5347593582887701,1.0695187165775402,0.0,0.0,8.449197860962567,10.053475935828878,0.0,4.171122994652406,0.0,2.1390374331550803,0.21390374331550802,11.443850267379679,11.946524064171124,0.0,2.1390374331550803,0.6417112299465241,2.4598930481283423,1.0
CD_I1022371,Tom Cochrane,Port Adelaide,Interchange,37.0,"https://s.afl.com.au/staticfile/AFL Tenant/AFL/Players/ChampIDImages/AFL/2025014/1022371.png?im=Scale,width=0.6,height=0.6",0.13272727272727272,1.46,3,8.219178082191782,3.4246575342465753,5.47945205479452,13.698630136986301,8.219178082191782,1.36986301369863,0.684931506849315,0.0,2.73972602739726,0.0,2.0547945205479454,0.684931506849315,1.36986301369863,0.0,0.0,4.794520547945206,9.589041095890412,0.0,2.0547945205479454,1.36986301369863,0.0,0.0,65.75342465753425,0.0,0.684931506849315,4.109589041095891,232.87671232876713,3.4246575342465753,0.684931506849315,1.36986301369863,0.0,0.0,0.684931506849315,0.0,3.4246575342465753,4.109589041095891,0.684931506849315,3.4246575342465753,0.0,0.0,0.684931506849315,21.232876712328768,8.082191780821917,0.0,0.0,2.0547945205479454,0.0,1.0
CD_I993820,Tom Cole,West Coast Eagles,Back-Pocket,28.0,"https://s.afl.com.au/staticfile/AFL Tenant/AFL/Players/ChampIDImages/AFL/2025014/993820.png?im=Scale,width=0.6,height=0.6",0.6391666666666667,7.67,10,9.256844850065189,5.736636245110821,10.560625814863103,19.817470664928294,15.645371577574968,0.0,0.1303780964797914,0.0,3.1290743155149934,3.5202086049543677,1.5645371577574967,0.9126466753585398,2.607561929595828,0.5215123859191656,0.651890482398957,6.388526727509778,12.907431551499348,0.2607561929595828,0.0,2.607561929595828,0.5215123859191656,0.1303780964797914,77.3142112125163,0.0,0.9126466753585398,2.9986962190352022,241.46023468057368,2.607561929595828,6.779661016949152,0.0,0.2607561929595828,1.0430247718383312,0.0,0.0,9.908735332464147,7.170795306388527,0.1303780964797914,5.475880052151239,0.0,1.955671447196871,0.1303780964797914,13.559322033898304,10.182529335071708,0.0,1.5645371577574967,0.1303780964797914,2.346805736636245,1.0
CD_I1004912,Tom De Koning,Carlton,Ruck,12.0,"https://s.afl.com.au/staticfile/AFL Tenant/AFL/Players/ChampIDImages/AFL/2025014/1004912.png?im=Scale,width=0.6,height=0.6",0.7281818181818183,8.010000000000002,10,11.485642946317101,3.495630461922596,12.734082397003743,24.219725343320846,14.731585518102369,0.24968789013732828,0.49937578027465657,36.32958801498127,3.370786516853932,0.873907615480649,5.617977528089886,6.866416978776528,5.243445692883894,2.1223470661672903,1.9975031210986263,14.856429463171033,10.486891385767787,1.1235955056179774,0.24968789013732828,2.7465667915106113,0.0,0.3745318352059924,118.35205992509361,1.9975031210986263,4.868913857677902,7.116104868913856,354.6816479400748,3.9950062421972525,3.9950062421972525,0.7490636704119848,0.24968789013732828,0.6242197253433207,0.49937578027465657,0.24968789013732828,4.619225967540573,5.867665418227215,0.49937578027465657,5.742821473158551,11.485642946317101,1.8726591760299622,0.12484394506866414,10.23720349563046,18.364544319600494,98.00249687890135,4.993757802746566,1.1235955056179774,2.1223470661672903,1.0
CD_I1013532,Tom Fullarton,Melbourne,"Centre Half-Forward, Full-Forward",33.0,"https://s.afl.com.au/staticfile/AFL Tenant/AFL/Players/ChampIDImages/AFL/2025014/1013532.png?im=Scale,width=0.6,height=0.6",0.10833333333333334,1.3,2,3.846153846153846,0.7692307692307692,3.0769230769230766,6.9230769230769225,4.615384615384615,0.0,0.0,12.307692307692307,1.5384615384615383,0.0,1.5384615384615383,0.7692307692307692,2.3076923076923075,3.0769230769230766,0.7692307692307692,5.384615384615384,1.5384615384615383,0.0,0.0,1.5384615384615383,0.0,0.0,39.230769230769226,0.0,0.7692307692307692,3.0769230769230766,76.92307692307692,1.5384615384615383,0.7692307692307692,0.0,0.7692307692307692,0.7692307692307692,0.7692307692307692,0.7692307692307692,1.5384615384615383,2.3076923076923075,0.7692307692307692,2.3076923076923075,5.384615384615384,0.0,0.0,9.23076923076923,6.846153846153845,27.69230769230769,0.7692307692307692,0.7692307692307692,1.5384615384615383,1.0
CD_I1009528,Tom Green,GWS GIANTS,Rover,12.0,"https://s.afl.com.au/staticfile/AFL Tenant/AFL/Players/ChampIDImages/AFL/2025014/1009528.png?im=Scale,width=0.6,height=0.6",0.7558333333333334,9.07,11,16.75854465270121,3.969128996692392,21.27894156560088,38.03748621830209,25.79933847850055,0.8820286659316428,0.4410143329658214,0.11025358324145534,4.299889746416758,3.6383682469680263,4.961411245865491,8.04851157662624,7.386990077177508,0.8820286659316428,1.5435501653803747,17.309812568908487,20.727673649393605,0.0,0.2205071664829107,1.3230429988974641,0.11025358324145534,0.5512679162072767,124.03528114663726,1.5435501653803747,6.504961411245866,7.6074972436604185,542.2271223814773,6.284454244762955,2.976846747519294,0.0,0.0,0.11025358324145534,0.0,0.0,11.025358324145534,9.592061742006615,1.8743109151047408,11.797133406835721,0.11025358324145534,0.11025358324145534,0.5512679162072767,21.609702315325247,18.985667034178608,0.5512679162072767,1.984564498346196,1.984564498346196,0.5512679162072767,1.0
CD_I1028561,Tom Gross,West Coast Eagles,Interchange,27.0,"https://s.afl.com.au/staticfile/AFL Tenant/AFL/Players/ChampIDImages/AFL/2025014/1028561.png?im=Scale,width=0.6,height=0.6",0.22333333333333333,2.68,6,11.567164179104477,4.850746268656716,9.328358208955223,20.8955223880597,14.17910447761194,0.3731343283582089,0.7462686567164178,0.0,4.104477611940299,0.7462686567164178,4.850746268656716,3.3582089552238803,5.970149253731343,2.2388059701492535,2.9850746268656714,9.328358208955223,12.313432835820894,0.0,0.3731343283582089,0.7462686567164178,1.8656716417910446,0.7462686567164178,80.59701492537313,0.7462686567164178,2.6119402985074625,5.970149253731343,318.2835820895522,6.343283582089552,2.9850746268656714,1.1194029850746268,0.0,0.0,0.3731343283582089,0.0,9.701492537313433,7.462686567164178,1.8656716417910446,7.08955223880597,0.0,0.0,1.1194029850746268,26.865671641791042,9.365671641791044,0.0,1.1194029850746268,1.4925373134328357,0.3731343283582089,1.0
CD_I1027687,Tom Hanily,Sydney Swans,Half-Forward,40.0,"https://s.afl.com.au/staticfile/AFL Tenant/AFL/Players/ChampIDImages/AFL/2025014/1027687.png?im=Scale,width=0.6,height=0.6",0.33083333333333337,3.97,7,6.045340050377834,3.778337531486146,7.808564231738035,13.853904282115868,10.579345088161208,1.5113350125944585,0.5037783375314862,0.0,2.7707808564231735,0.2518891687657431,2.5188916876574305,0.7556675062972292,3.526448362720403,1.0075566750629723,1.0075566750629723,6.045340050377834,8.060453400503778,0.0,1.5113350125944585,1.7632241813602014,0.0,0.5037783375314862,63.72795969773299,0.0,0.7556675062972292,4.785894206549118,178.08564231738035,2.7707808564231735,1.0075566750629723,1.0075566750629723,0.0,0.0,0.5037783375314862,0.2518891687657431,5.541561712846347,3.778337531486146,2.2670025188916876,4.785894206549118,0.0,0.0,0.5037783375314862,24.181360201511335,7.531486146095717,0.0,0.5037783375314862,2.0151133501259446,0.7556675062972292,1.0
CD_I290799,Tom Liberatore,Western Bulldogs,Rover,21.0,"https://s.afl.com.au/staticfile/AFL Tenant/AFL/Players/ChampIDImages/AFL/2025014/290799.png?im=Scale,width=0.6,height=0.6",0.8158333333333334,9.790000000000001,12,16.036772216547497,3.8815117466802858,18.18181818181818,34.21859039836568,24.821246169560773,0.4085801838610827,0.4085801838610827,0.0,6.945863125638406,2.451481103166496,5.617977528089887,8.273748723186925,3.5750766087844736,1.3278855975485189,1.1235955056179774,16.138917262512766,18.18181818181818,0.10214504596527067,0.0,1.225740551583248,0.0,0.8171603677221654,124.7191011235955,3.8815117466802858,4.392236976506639,8.580183861082737,473.237997957099,5.107252298263534,3.166496424923391,1.1235955056179774,0.10214504596527067,0.20429009193054135,0.0,0.0,12.563840653728294,9.295199182839632,1.4300306435137895,12.768130745658834,0.0,0.306435137895812,0.4085801838610827,30.847803881511744,20.43922369765066,0.0,2.757916241062308,0.9193054136874361,0.306435137895812,1.0
CD_I293813,Tom Lynch,Richmond,Full-Forward,19.0,"https://s.afl.com.au/staticfile/AFL Tenant/AFL/Players/ChampIDImages/AFL/2025014/293813.png?im=Scale,width=0.6,height=0.6",0.6866666666666668,8.24,10,9.101941747572816,5.58252427184466,3.762135922330097,12.864077669902912,7.6456310679611645,1.820388349514563,1.4563106796116505,0.0,1.4563106796116505,0.0,2.79126213592233,0.24271844660194175,3.2766990291262137,0.970873786407767,1.3349514563106797,6.553398058252427,6.310679611650485,1.6990291262135921,2.79126213592233,1.4563106796116505,0.24271844660194175,0.970873786407767,66.74757281553399,0.0,0.24271844660194175,5.58252427184466,241.74757281553397,4.247572815533981,0.7281553398058253,0.970873786407767,0.0,0.0,4.490291262135922,1.4563106796116505,1.6990291262135921,4.611650485436893,1.2135922330097086,3.2766990291262137,0.0,0.0,1.2135922330097086,10.194174757281553,8.968446601941748,2.1844660194174756,0.6067961165048543,4.368932038834951,1.0922330097087378,1.0
CD_I1008198,Tom McCartin,Sydney Swans,Full-Back,30.0,"https://s.afl.com.au/staticfile/AFL Tenant/AFL/Players/ChampIDImages/AFL/2025014/1008198.png?im=Scale,width=0.6,height=0.6",0.9358333333333333,11.23,12,9.528049866429207,6.322350845948352,3.2947462154942118,12.82279608192342,9.617097061442564,0.17809439002671415,0.08904719501335707,0.17809439002671415,0.8014247551202137,3.0276046304541406,1.335707925200356,0.0,3.0276046304541406,0.9795191451469278,0.9795191451469278,5.6099732858414955,7.390917186108637,1.6028495102404274,0.08904719501335707,5.6099732858414955,0.44523597506678536,0.08904719501335707,56.723063223508454,0.0,0.0,1.6918967052537845,218.34372217275154,3.0276046304541406,6.41139804096171,0.0,0.6233303650934995,2.493321460373998,1.157613535173642,0.26714158504007124,4.719501335707925,6.856634016028495,0.3561887800534283,3.2947462154942118,0.08904719501335707,2.493321460373998,0.7123775601068566,6.767586821015138,9.136242208370435,0.26714158504007124,0.6233303650934995,0.44523597506678536,5.253784505788068,1.0
CD_I291533,Tom McDonald,Melbourne,Centre Half-Back,25.0,"https://s.afl.com.au/staticfile/AFL Tenant/AFL/Players/ChampIDImages/AFL/2025014/291533.png?im=Scale,width=0.6,height=0.6",0.8191666666666666,9.83,10,10.579857578840285,6.510681586978637,5.595116988809766,16.17497456765005,13.835198372329604,0.1017293997965412,0.0,0.0,1.1190233977619533,2.8484231943031535,0.8138351983723296,0.1017293997965412,1.9328585961342828,0.8138351983723296,0.7121057985757884,5.289928789420142,10.885045778229909,0.7121057985757884,0.0,7.3245167853509665,0.0,0.0,66.22583926754832,0.0,0.1017293997965412,1.7293997965412005,228.8911495422177,3.051881993896236,7.426246185147508,0.0,0.7121057985757884,3.458799593082401,0.0,0.0,6.205493387589013,9.053916581892167,0.0,3.2553407934893186,0.0,2.54323499491353,0.1017293997965412,7.62970498474059,9.786368260427263,0.0,0.8138351983723296,0.1017293997965412,6.510681586978637,1.0
CD_I996765,Tom Papley,Sydney Swans,Half-Forward,11.0,"https://s.afl.com.au/staticfile/AFL Tenant/AFL/Players/ChampIDImages/AFL/2025014/996765.png?im=Scale,width=0.6,height=0.6",0.20666666666666667,2.48,3,10.080645161290322,2.8225806451612905,6.048387096774194,16.129032258064516,11.290322580645162,0.40322580645161293,1.2096774193548387,0.0,1.2096774193548387,0.0,3.2258064516129035,1.2096774193548387,4.838709677419355,1.2096774193548387,2.8225806451612905,8.870967741935484,8.870967741935484,0.0,0.40322580645161293,1.6129032258064517,0.8064516129032259,1.2096774193548387,52.016129032258064,0.0,1.2096774193548387,6.451612903225807,254.83870967741936,5.241935483870968,0.8064516129032259,0.0,0.0,0.0,1.2096774193548387,0.0,2.0161290322580645,5.645161290322581,3.2258064516129035,8.064516129032258,0.0,0.0,0.0,11.290322580645162,8.669354838709678,0.0,0.0,2.4193548387096775,1.2096774193548387,1.0
CD_I1011659,Tom Powell,North Melbourne,Ruck-Rover,24.0,"https://s.afl.com.au/staticfile/AFL Tenant/AFL/Players/ChampIDImages/AFL/2025014/1011659.png?im=Scale,width=0.6,height=0.6",0.7663636363636364,8.43,11,14.353499406880191,4.6263345195729535,15.895610913404509,30.2491103202847,23.013048635824436,0.4744958481613286,0.35587188612099646,0.0,6.524317912218268,2.7283511269276395,4.38908659549229,5.812574139976276,4.1518386714116255,0.830367734282325,0.7117437722419929,9.489916963226571,19.9288256227758,0.0,0.35587188612099646,0.5931198102016607,0.2372479240806643,0.35587188612099646,116.72597864768683,1.66073546856465,4.1518386714116255,5.931198102016608,388.37485172004745,3.914590747330961,2.253855278766311,0.5931198102016607,0.0,0.0,0.0,0.0,11.506524317912218,9.252669039145907,0.35587188612099646,7.236061684460261,0.0,0.2372479240806643,0.0,22.419928825622776,13.83155397390273,0.0,1.4234875444839858,1.0676156583629894,0.11862396204033215,1.0
CD_I999391,Tom Sparrow,Melbourne,Half-Back,32.0,"https://s.afl.com.au/staticfile/AFL Tenant/AFL/Players/ChampIDImages/AFL/2025014/999391.png?im=Scale,width=0.6,height=0.6",0.8166666666666667,9.8,12,9.591836734693876,3.9795918367346936,6.224489795918367,15.816326530612244,10.714285714285714,0.7142857142857142,0.6122448979591836,0.0,5.204081632653061,0.4081632653061224,2.9591836734693877,1.8367346938775508,3.1632653061224487,0.8163265306122448,1.0204081632653061,5.408163265306122,10.0,0.5102040816326531,0.5102040816326531,0.9183673469387754,0.2040816326530612,0.0,76.63265306122449,0.7142857142857142,1.1224489795918366,4.591836734693877,273.0612244897959,3.1632653061224487,1.4285714285714284,1.3265306122448979,0.0,0.1020408163265306,0.3061224489795918,0.0,6.836734693877551,5.5102040816326525,0.6122448979591836,3.4693877551020407,0.0,0.2040816326530612,1.0204081632653061,19.489795918367346,8.714285714285714,0.0,0.7142857142857142,1.6326530612244896,0.4081632653061224,1.0
CD_I291800,Tom Stewart,Geelong Cats,Centre Half-Back,44.0,"https://s.afl.com.au/staticfile/AFL Tenant/AFL/Players/ChampIDImages/AFL/2025014/291800.png?im=Scale,width=0.6,height=0.6",0.4166666666666667,5.0,7,19.4,8.8,3.8,23.2,20.6,0.0,0.0,0.0,1.6,5.4,0.8,0.4,2.4,1.2,1.2,4.6,14.6,0.4,0.0,3.2,0.2,0.2,96.2,0.0,0.4,4.0,506.6,2.2,5.8,0.0,0.0,0.4,0.0,0.0,9.8,17.6,0.0,3.2,0.0,2.2,0.0,12.8,9.48,0.0,2.6,0.0,3.2,1.0
CD_I298272,Touk Miller,Gold Coast SUNS,Centre Half-Forward,11.0,"https://s.afl.com.au/staticfile/AFL Tenant/AFL/Players/ChampIDImages/AFL/2025014/298272.png?im=Scale,width=0.6,height=0.6",0.8072727272727273,8.879999999999999,11,14.189189189189191,4.054054054054054,18.130630630630634,32.31981981981983,23.648648648648653,1.3513513513513515,0.6756756756756758,0.0,4.617117117117117,1.801801801801802,6.418918918918919,7.545045045045046,3.8288288288288292,1.5765765765765767,1.3513513513513515,13.963963963963966,18.693693693693696,0.3378378378378379,1.1261261261261262,1.9144144144144146,0.4504504504504505,0.4504504504504505,115.76576576576578,3.1531531531531534,4.391891891891892,9.45945945945946,526.2387387387388,5.180180180180181,2.1396396396396398,1.0135135135135136,0.11261261261261263,0.11261261261261263,0.0,0.0,9.121621621621623,9.797297297297298,1.463963963963964,8.445945945945947,0.0,0.0,0.4504504504504505,22.409909909909913,19.88738738738739,0.0,1.463963963963964,2.364864864864865,0.5630630630630631,1.0
CD_I250365,Travis Boak,Port Adelaide,Wing,10.0,"https://s.afl.com.au/staticfile/AFL Tenant/AFL/Players/ChampIDImages/AFL/2025014/250365.png?im=Scale,width=0.6,height=0.6",0.42000000000000004,4.62,6,11.255411255411255,5.844155844155844,16.233766233766232,27.48917748917749,20.562770562770563,0.4329004329004329,0.6493506493506493,0.0,3.0303030303030303,1.2987012987012987,3.463203463203463,3.2467532467532467,3.463203463203463,0.21645021645021645,1.2987012987012987,8.658008658008658,19.48051948051948,0.0,0.6493506493506493,1.7316017316017316,0.8658008658008658,0.4329004329004329,95.45454545454545,0.8658008658008658,2.380952380952381,5.844155844155844,287.2294372294372,4.761904761904762,4.112554112554112,0.21645021645021645,0.0,0.21645021645021645,0.0,0.0,10.606060606060606,6.7099567099567095,0.8658008658008658,5.194805194805195,0.0,0.4329004329004329,0.21645021645021645,17.748917748917748,9.891774891774892,0.0,0.6493506493506493,1.2987012987012987,0.6493506493506493,1.0
CD_I1009378,Trent Rivers,Melbourne,Half-Back,24.0,"https://s.afl.com.au/staticfile/AFL Tenant/AFL/Players/ChampIDImages/AFL/2025014/1009378.png?im=Scale,width=0.6,height=0.6",0.7816666666666666,9.379999999999999,12,16.31130063965885,7.356076759061835,10.874200426439234,27.185501066098084,20.149253731343286,0.21321961620469085,0.31982942430703626,0.0,3.1982942430703627,3.6247334754797444,3.4115138592750536,2.8784648187633266,3.5181236673773992,0.746268656716418,0.9594882729211088,8.63539445628998,18.017057569296377,0.21321961620469085,0.21321961620469085,2.238805970149254,0.4264392324093817,0.10660980810234542,105.01066098081024,0.8528784648187634,2.025586353944563,4.477611940298508,464.9253731343284,4.371002132196162,4.690831556503198,0.4264392324093817,0.21321961620469085,0.8528784648187634,0.0,0.0,10.767590618336888,11.513859275053306,0.6396588486140725,6.929637526652453,0.0,0.8528784648187634,0.0,18.336886993603414,14.59488272921109,0.0,0.8528784648187634,0.9594882729211088,1.7057569296375268,1.0
CD_I1004965,Tristan Xerri,North Melbourne,Ruck,38.0,"https://s.afl.com.au/staticfile/AFL Tenant/AFL/Players/ChampIDImages/AFL/2025014/1004965.png?im=Scale,width=0.6,height=0.6",0.8263636363636363,9.09,11,8.140814081408141,2.09020902090209,13.641364136413642,21.782178217821784,14.741474147414742,0.33003300330033003,0.0,44.33443344334434,6.930693069306931,2.09020902090209,2.09020902090209,9.24092409240924,4.18041804180418,3.1903190319031904,2.42024202420242,16.72167216721672,4.9504950495049505,0.5500550055005501,0.11001100110011001,3.1903190319031904,0.0,0.11001100110011001,127.94279427942794,2.6402640264026402,6.600660066006601,6.490649064906491,197.35973597359737,2.42024202420242,2.6402640264026402,0.6600660066006601,0.22002200220022003,0.6600660066006601,0.8800880088008801,0.33003300330033003,8.800880088008801,4.84048404840484,0.6600660066006601,6.710671067106711,13.971397139713972,1.1001100110011002,0.0,16.831683168316832,22.37623762376238,104.51045104510452,5.5005500550055,0.44004400440044006,2.5302530253025304,1.0
CD_I1013511,Tyler Brockman,West Coast Eagles,Half-Forward,10.0,"https://s.afl.com.au/staticfile/AFL Tenant/AFL/Players/ChampIDImages/AFL/2025014/1013511.png?im=Scale,width=0.6,height=0.6",0.5975,7.17,9,7.391910739191074,2.510460251046025,8.92608089260809,16.317991631799163,11.157601115760112,0.8368200836820083,0.9762900976290098,0.0,3.486750348675035,0.697350069735007,2.370990237099024,3.3472803347280333,3.7656903765690375,1.1157601115760112,1.9525801952580195,8.089260808926081,8.368200836820083,0.2789400278940028,0.5578800557880056,1.2552301255230125,0.1394700139470014,0.41841004184100417,62.76150627615063,1.9525801952580195,1.394700139470014,5.02092050209205,203.76569037656904,2.370990237099024,1.394700139470014,0.5578800557880056,0.0,0.0,0.5578800557880056,0.1394700139470014,6.136680613668061,3.7656903765690375,1.5341701534170153,5.99721059972106,0.0,0.0,0.1394700139470014,16.03905160390516,9.888423988842398,0.0,1.394700139470014,1.8131101813110182,0.5578800557880056,1.0
CD_I1017114,Tyler Sonsie,Richmond,Centre Half-Forward,40.0,"https://s.afl.com.au/staticfile/AFL Tenant/AFL/Players/ChampIDImages/AFL/2025014/1017114.png?im=Scale,width=0.6,height=0.6",0.29416666666666663,3.53,5,9.91501416430595,4.2492917847025495,6.515580736543909,16.430594900849858,9.91501416430595,0.56657223796034,1.41643059490085,0.0,1.98300283286119,0.8498583569405099,2.26628895184136,1.41643059490085,2.26628895184136,0.56657223796034,0.28328611898017,4.81586402266289,10.48158640226629,0.0,0.28328611898017,0.56657223796034,0.0,0.0,67.98866855524079,0.28328611898017,1.13314447592068,3.68271954674221,272.52124645892354,3.11614730878187,2.26628895184136,0.56657223796034,0.0,0.0,0.0,0.0,6.515580736543909,4.53257790368272,0.8498583569405099,3.96600566572238,0.0,0.0,0.28328611898017,16.71388101983003,5.609065155807366,0.0,0.56657223796034,1.98300283286119,0.56657223796034,1.0
CD_I1023142,Tyrell Dewar,West Coast Eagles,"Half-Back, Wing, Wing",43.0,"https://s.afl.com.au/staticfile/AFL Tenant/AFL/Players/ChampIDImages/AFL/2025014/1023142.png?im=Scale,width=0.6,height=0.6",0.5433333333333333,6.5200000000000005,9,11.349693251533742,3.52760736196319,5.674846625766871,17.02453987730061,10.122699386503067,0.460122699386503,0.6134969325153374,0.0,0.920245398773006,3.0674846625766867,2.760736196319018,0.3067484662576687,4.294478527607362,0.3067484662576687,0.920245398773006,3.220858895705521,13.343558282208589,0.0,0.0,1.2269938650306749,1.2269938650306749,0.15337423312883436,60.58282208588957,0.0,0.3067484662576687,3.220858895705521,423.15950920245393,4.754601226993865,2.147239263803681,0.0,0.15337423312883436,0.3067484662576687,0.15337423312883436,0.0,7.668711656441717,5.9815950920245395,0.3067484662576687,2.4539877300613497,0.0,0.460122699386503,0.0,12.423312883435582,7.131901840490797,0.0,0.460122699386503,1.380368098159509,0.6134969325153374,1.0
CD_I997230,Tyson Stengle,Geelong Cats,Half-Forward,18.0,"https://s.afl.com.au/staticfile/AFL Tenant/AFL/Players/ChampIDImages/AFL/2025014/997230.png?im=Scale,width=0.6,height=0.6",0.8083333333333333,9.7,12,8.659793814432991,3.6082474226804124,5.670103092783505,14.329896907216495,9.896907216494846,1.5463917525773196,1.2371134020618557,0.0,4.536082474226805,0.10309278350515465,2.7835051546391756,0.7216494845360826,2.4742268041237114,0.30927835051546393,1.0309278350515465,5.876288659793815,8.144329896907218,0.10309278350515465,1.8556701030927836,1.3402061855670104,0.2061855670103093,1.3402061855670104,74.02061855670104,0.0,0.7216494845360826,7.113402061855671,231.8556701030928,2.9896907216494846,1.1340206185567012,2.680412371134021,0.0,0.0,1.2371134020618557,0.10309278350515465,2.061855670103093,5.051546391752578,2.1649484536082477,5.051546391752578,0.0,0.10309278350515465,0.8247422680412372,14.742268041237114,10.175257731958764,0.0,0.9278350515463918,3.6082474226804124,0.6185567010309279,1.0
CD_I990882,Wayne Milera,Adelaide Crows,Half-Back,30.0,"https://s.afl.com.au/staticfile/AFL Tenant/AFL/Players/ChampIDImages/AFL/2025014/990882.png?im=Scale,width=0.6,height=0.6",0.7983333333333333,9.58,12,13.778705636743215,5.427974947807933,8.037578288100208,21.816283924843425,17.118997912317326,0.20876826722338204,0.10438413361169102,0.0,2.8183716075156577,4.697286012526096,2.4008350730688934,0.9394572025052192,2.7139874739039667,0.4175365344467641,0.7306889352818372,6.263048016701461,13.674321503131523,0.20876826722338204,0.0,1.3569937369519833,0.10438413361169102,0.31315240083507306,84.55114822546973,0.31315240083507306,0.6263048016701461,4.175365344467641,378.4968684759916,4.175365344467641,6.367432150313152,0.0,0.31315240083507306,0.6263048016701461,0.0,0.0,8.1419624217119,10.22964509394572,0.0,5.323590814196242,0.0,1.6701461377870563,0.0,10.855949895615867,10.33402922755741,0.0,1.7745302713987474,0.4175365344467641,0.9394572025052192,1.0
CD_I1012873,Wil Parker,Collingwood,Interchange,15.0,"https://s.afl.com.au/staticfile/AFL Tenant/AFL/Players/ChampIDImages/AFL/2025014/1012873.png?im=Scale,width=0.6,height=0.6",0.065,0.78,1,5.128205128205128,2.564102564102564,3.846153846153846,8.974358974358974,7.692307692307692,0.0,0.0,0.0,1.282051282051282,1.282051282051282,2.564102564102564,0.0,0.0,0.0,0.0,1.282051282051282,7.692307692307692,0.0,0.0,3.846153846153846,0.0,0.0,35.8974358974359,0.0,0.0,1.282051282051282,157.69230769230768,0.0,2.564102564102564,0.0,0.0,1.282051282051282,0.0,0.0,5.128205128205128,3.846153846153846,0.0,1.282051282051282,0.0,1.282051282051282,0.0,8.974358974358974,8.58974358974359,0.0,0.0,0.0,2.564102564102564,1.0
CD_I1007881,Wil Powell,Gold Coast SUNS,Centre Half-Back,27.0,"https://s.afl.com.au/staticfile/AFL Tenant/AFL/Players/ChampIDImages/AFL/2025014/1007881.png?im=Scale,width=0.6,height=0.6",0.869090909090909,9.559999999999999,11,9.93723849372385,5.648535564853558,6.6945606694560675,16.63179916317992,14.225941422594143,0.0,0.2092050209205021,0.0,2.405857740585774,4.811715481171548,2.5104602510460254,0.3138075313807532,2.3012552301255234,0.8368200836820084,1.1506276150627617,5.334728033472804,9.93723849372385,0.5230125523012553,0.0,3.661087866108787,0.6276150627615064,0.10460251046025106,67.36401673640168,0.0,0.3138075313807532,3.451882845188285,422.48953974895403,2.7196652719665275,5.857740585774059,0.2092050209205021,0.5230125523012553,1.8828451882845192,0.0,0.0,8.577405857740587,8.472803347280335,0.10460251046025106,3.870292887029289,0.0,1.8828451882845192,0.2092050209205021,10.774058577405858,9.8326359832636,0.0,1.3598326359832638,0.2092050209205021,3.3472803347280338,1.0
CD_I1023517,Will Ashcroft,Brisbane Lions,"Half-Forward, Wing",8.0,"https://s.afl.com.au/staticfile/AFL Tenant/AFL/Players/ChampIDImages/AFL/2025014/1023517.png?im=Scale,width=0.6,height=0.6",0.8108333333333333,9.73,12,16.649537512846866,4.6248715313463515,16.957862281603287,33.60739979445015,24.87153134635149,0.41109969167523125,0.3083247687564234,0.0,3.3915724563206577,1.7471736896197327,4.830421377183967,7.297019527235355,3.186022610483042,2.3638232271325794,0.513874614594039,13.052415210688592,20.554984583761563,0.10277492291880781,0.10277492291880781,0.513874614594039,0.41109969167523125,0.7194244604316546,114.90236382322713,2.466598150051387,4.830421377183967,7.810894141829393,361.56217882836586,4.6248715313463515,2.055498458376156,1.027749229188078,0.0,0.0,0.10277492291880781,0.10277492291880781,7.399794450154162,9.969167523124357,1.3360739979445015,8.838643371017472,0.0,0.0,0.10277492291880781,19.321685508735868,16.06372045220966,0.0,1.644398766700925,0.9249743062692702,0.10277492291880781,1.0
CD_I1008550,Will Day,Hawthorn,Forward Pocket,12.0,"https://s.afl.com.au/staticfile/AFL Tenant/AFL/Players/ChampIDImages/AFL/2025014/1008550.png?im=Scale,width=0.6,height=0.6",0.2376923076923077,3.0900000000000003,4,15.857605177993525,4.207119741100323,13.915857605177992,29.773462783171517,20.71197411003236,1.6181229773462782,1.2944983818770226,0.0,5.501618122977345,1.9417475728155338,5.501618122977345,6.796116504854369,4.854368932038835,3.5598705501618118,2.2653721682847894,15.857605177993525,13.26860841423948,0.6472491909385113,0.6472491909385113,2.9126213592233006,0.32362459546925565,0.6472491909385113,117.79935275080905,2.2653721682847894,4.530744336569579,9.385113268608412,506.47249190938504,3.8834951456310676,4.854368932038835,0.9708737864077669,0.0,0.0,0.6472491909385113,0.32362459546925565,14.239482200647247,8.737864077669903,0.32362459546925565,6.148867313915857,0.0,1.2944983818770226,0.0,24.271844660194173,20.35598705501618,0.0,3.2362459546925564,2.9126213592233006,1.9417475728155338,1.0
CD_I1026960,Will Graham,Gold Coast SUNS,Ruck-Rover,26.0,"https://s.afl.com.au/staticfile/AFL Tenant/AFL/Players/ChampIDImages/AFL/2025014/1026960.png?im=Scale,width=0.6,height=0.6",0.5800000000000001,6.380000000000001,8,7.210031347962381,2.6645768025078365,5.956112852664576,13.166144200626958,9.561128526645767,1.5673981191222568,0.7836990595611284,0.0,5.015673981191222,0.6269592476489028,2.6645768025078365,1.4106583072100312,2.6645768025078365,1.2539184952978055,1.2539184952978055,6.4263322884012535,7.210031347962381,0.0,0.9404388714733541,0.7836990595611284,0.1567398119122257,0.7836990595611284,69.27899686520375,0.3134796238244514,1.09717868338558,5.642633228840125,274.13793103448273,2.978056426332288,1.7241379310344827,0.7836990595611284,0.0,0.0,1.09717868338558,0.0,7.210031347962381,5.015673981191222,1.4106583072100312,5.015673981191222,0.0,0.1567398119122257,0.7836990595611284,20.376175548589337,11.818181818181818,0.0,1.8808777429467083,2.351097178683385,0.47021943573667707,1.0
CD_I997100,Will Hayward,Sydney Swans,Forward Pocket,9.0,"https://s.afl.com.au/staticfile/AFL Tenant/AFL/Players/ChampIDImages/AFL/2025014/997100.png?im=Scale,width=0.6,height=0.6",0.83,9.959999999999999,12,7.931726907630523,3.1124497991967877,5.120481927710844,13.052208835341366,8.53413654618474,1.6064257028112452,0.7028112449799198,0.0,3.1124497991967877,0.0,1.6064257028112452,0.6024096385542169,3.313253012048193,0.7028112449799198,1.3052208835341366,5.522088353413655,7.83132530120482,0.5020080321285141,1.2048192771084338,1.1044176706827311,0.10040160642570282,0.7028112449799198,62.95180722891567,0.0,0.6024096385542169,5.120481927710844,192.57028112449802,3.313253012048193,0.9036144578313254,1.3052208835341366,0.0,0.0,1.4056224899598395,0.10040160642570282,4.116465863453816,4.718875502008032,2.2088353413654622,4.116465863453816,0.0,0.10040160642570282,0.8032128514056226,14.056224899598394,9.668674698795181,0.0,0.5020080321285141,2.811244979919679,0.5020080321285141,1.0
CD_I291720,Will Hoskin-Elliott,Collingwood,Full-Forward,32.0,"https://s.afl.com.au/staticfile/AFL Tenant/AFL/Players/ChampIDImages/AFL/2025014/291720.png?im=Scale,width=0.6,height=0.6",0.5225000000000001,6.2700000000000005,9,7.974481658692184,4.78468899521531,4.30622009569378,12.280701754385964,9.09090909090909,1.1164274322169059,0.9569377990430621,0.0,2.073365231259968,0.15948963317384368,1.5948963317384368,0.15948963317384368,1.5948963317384368,0.31897926634768736,0.31897926634768736,3.987240829346092,8.931419457735247,0.15948963317384368,0.9569377990430621,0.9569377990430621,0.0,0.47846889952153104,62.20095693779904,0.0,0.15948963317384368,5.582137161084529,204.7846889952153,2.392344497607655,1.2759170653907494,1.2759170653907494,0.0,0.0,0.6379585326953747,0.15948963317384368,4.78468899521531,5.582137161084529,0.9569377990430621,3.0303030303030303,0.0,0.0,1.7543859649122806,12.121212121212121,8.118022328548644,0.0,0.15948963317384368,2.073365231259968,0.47846889952153104,1.0
CD_I1029262,Will Lorenz,Port Adelaide,Wing,36.0,"https://s.afl.com.au/staticfile/AFL Tenant/AFL/Players/ChampIDImages/AFL/2025014/1029262.png?im=Scale,width=0.6,height=0.6",0.07272727272727272,0.8,1,8.75,2.5,10.0,18.75,16.25,0.0,0.0,0.0,2.5,1.25,2.5,1.25,1.25,1.25,1.25,8.75,10.0,0.0,0.0,3.75,0.0,0.0,61.25,0.0,1.25,2.5,177.5,0.0,3.75,0.0,1.25,1.25,0.0,0.0,8.75,8.75,0.0,8.75,0.0,0.0,0.0,20.0,13.75,0.0,0.0,0.0,2.5,1.0
CD_I1029405,Will McLachlan,Brisbane Lions,Interchange,28.0,"https://s.afl.com.au/staticfile/AFL Tenant/AFL/Players/ChampIDImages/AFL/2025014/1029405.png?im=Scale,width=0.6,height=0.6",0.1375,1.65,4,6.0606060606060606,2.4242424242424243,3.6363636363636367,9.696969696969697,6.0606060606060606,1.2121212121212122,1.2121212121212122,0.0,2.4242424242424243,0.6060606060606061,1.2121212121212122,0.0,1.8181818181818183,1.2121212121212122,0.0,4.242424242424242,5.454545454545455,0.0,0.6060606060606061,1.2121212121212122,0.0,0.0,52.121212121212125,0.0,0.0,3.0303030303030303,198.7878787878788,2.4242424242424243,0.6060606060606061,0.6060606060606061,0.0,0.0,1.8181818181818183,0.0,4.848484848484849,4.242424242424242,1.2121212121212122,3.0303030303030303,0.0,0.0,0.6060606060606061,18.78787878787879,5.454545454545455,0.0,0.0,2.4242424242424243,1.2121212121212122,1.0
CD_I1012829,Will Phillips,North Melbourne,Interchange,29.0,"https://s.afl.com.au/staticfile/AFL Tenant/AFL/Players/ChampIDImages/AFL/2025014/1012829.png?im=Scale,width=0.6,height=0.6",0.2127272727272727,2.34,4,5.982905982905983,3.418803418803419,14.529914529914532,20.512820512820515,16.239316239316242,0.0,0.0,0.0,8.547008547008547,1.2820512820512822,2.9914529914529915,5.128205128205129,3.418803418803419,0.4273504273504274,1.2820512820512822,10.683760683760685,10.256410256410257,0.0,0.4273504273504274,0.4273504273504274,0.0,0.8547008547008548,88.03418803418803,2.9914529914529915,2.1367521367521367,4.273504273504273,176.92307692307693,1.7094017094017095,2.5641025641025643,1.2820512820512822,0.0,0.0,0.0,0.0,11.965811965811966,3.8461538461538463,0.8547008547008548,7.6923076923076925,0.0,0.8547008547008548,0.0,24.786324786324787,11.623931623931625,0.0,0.8547008547008548,0.0,0.0,1.0
CD_I998215,Will Setterfield,Essendon,Wing,12.0,"https://s.afl.com.au/staticfile/AFL Tenant/AFL/Players/ChampIDImages/AFL/2025014/998215.png?im=Scale,width=0.6,height=0.6",0.5636363636363636,6.2,8,15.483870967741934,5.806451612903226,13.064516129032258,28.548387096774192,20.64516129032258,0.16129032258064516,0.48387096774193544,0.0,9.516129032258064,2.258064516129032,2.4193548387096775,4.838709677419355,3.225806451612903,2.258064516129032,0.9677419354838709,9.032258064516128,19.516129032258064,0.16129032258064516,0.48387096774193544,1.129032258064516,0.0,0.8064516129032258,128.8709677419355,1.9354838709677418,2.903225806451613,4.193548387096774,361.2903225806451,3.8709677419354835,2.5806451612903225,0.3225806451612903,0.16129032258064516,0.16129032258064516,0.0,0.0,17.741935483870968,9.838709677419354,0.16129032258064516,5.0,0.0,0.3225806451612903,0.3225806451612903,31.129032258064516,11.03225806451613,0.0,0.6451612903225806,0.6451612903225806,0.6451612903225806,1.0
CD_I1027713,Will White,Carlton,"Back-Pocket, Forward Pocket, Half-Forward, Half-Forward",38.0,"https://s.afl.com.au/staticfile/AFL Tenant/AFL/Players/ChampIDImages/AFL/2025014/1027713.png?im=Scale,width=0.6,height=0.6",0.5463636363636364,6.01,8,9.317803660565724,3.6605657237936775,4.3261231281198,13.643926788685524,8.48585690515807,1.1647254575707155,1.497504159733777,0.0,1.9966722129783694,0.6655574043261232,2.1630615640599,0.3327787021630616,3.161397670549085,0.49916805324459235,1.1647254575707155,4.658901830282862,9.317803660565724,0.0,1.8302828618968388,0.9983361064891847,0.0,0.831946755407654,61.064891846921796,0.0,0.3327787021630616,6.821963394342762,257.0715474209651,2.995008319467554,0.49916805324459235,0.6655574043261232,0.0,0.0,0.9983361064891847,0.3327787021630616,6.655574043261232,4.492512479201332,1.9966722129783694,3.9933444259567388,0.0,0.0,0.831946755407654,16.80532445923461,6.772046589018304,0.0,0.49916805324459235,2.8286189683860234,0.1663893510815308,1.0
CD_I1000972,Willem Drew,Port Adelaide,Centre,28.0,"https://s.afl.com.au/staticfile/AFL Tenant/AFL/Players/ChampIDImages/AFL/2025014/1000972.png?im=Scale,width=0.6,height=0.6",0.7918181818181818,8.709999999999999,11,9.873708381171069,2.1814006888633757,13.088404133180253,22.962112514351322,16.647531572904708,0.22962112514351324,0.5740528128587831,0.0,8.266360505166476,1.0332950631458095,3.7887485648679684,5.855338691159587,3.214695752009185,1.492537313432836,1.492537313432836,10.562571756601608,12.51435132032147,0.0,0.0,2.1814006888633757,0.11481056257175662,0.34443168771526983,94.37428243398394,1.9517795637198625,3.903559127439725,5.281285878300804,298.1630309988519,3.903559127439725,2.5258323765786455,1.0332950631458095,0.11481056257175662,0.11481056257175662,0.0,0.0,16.762342135476466,5.625717566016074,0.918484500574053,6.888633754305397,0.0,0.11481056257175662,0.0,31.91733639494834,13.536165327210105,0.0,1.0332950631458095,1.1481056257175661,0.4592422502870265,1.0
CD_I1032922,William Hayes,Collingwood,Half-Forward,39.0,"https://s.afl.com.au/staticfile/AFL Tenant/AFL/Players/ChampIDImages/AFL/2025014/1032922.png?im=Scale,width=0.6,height=0.6",0.0625,0.75,1,8.0,4.0,1.3333333333333333,9.333333333333334,6.666666666666667,0.0,0.0,0.0,8.0,0.0,1.3333333333333333,0.0,4.0,2.6666666666666665,1.3333333333333333,2.6666666666666665,8.0,0.0,0.0,0.0,0.0,0.0,69.33333333333333,0.0,0.0,2.6666666666666665,233.33333333333334,4.0,1.3333333333333333,1.3333333333333333,0.0,0.0,0.0,0.0,12.0,5.333333333333333,0.0,0.0,0.0,0.0,1.3333333333333333,26.666666666666668,2.2666666666666666,0.0,0.0,1.3333333333333333,0.0,1.0
CD_I296225,Willie Rioli,Port Adelaide,Half-Forward,15.0,"https://s.afl.com.au/staticfile/AFL Tenant/AFL/Players/ChampIDImages/AFL/2025014/296225.png?im=Scale,width=0.6,height=0.6",0.7863636363636364,8.65,10,9.826589595375722,3.699421965317919,4.161849710982659,13.98843930635838,9.595375722543352,1.7341040462427746,0.8092485549132947,0.0,3.005780346820809,0.3468208092485549,2.890173410404624,1.2716763005780347,2.890173410404624,0.4624277456647399,1.6184971098265895,4.855491329479769,8.901734104046243,0.11560693641618497,1.2716763005780347,0.4624277456647399,0.0,1.0404624277456647,67.74566473988439,0.3468208092485549,0.9248554913294798,5.895953757225433,234.68208092485548,2.4277456647398843,1.6184971098265895,1.3872832369942196,0.0,0.0,0.8092485549132947,0.0,3.236994219653179,6.127167630057803,2.1965317919075145,4.0462427745664735,0.0,0.11560693641618497,0.3468208092485549,13.641618497109826,11.00578034682081,0.0,1.1560693641618496,2.890173410404624,0.0,1.0
CD_I1006096,Xavier Duursma,Essendon,Wing,28.0,"https://s.afl.com.au/staticfile/AFL Tenant/AFL/Players/ChampIDImages/AFL/2025014/1006096.png?im=Scale,width=0.6,height=0.6",0.8245454545454546,9.07,11,12.679162072767365,6.725468577728776,12.017640573318632,24.696802646085995,18.632855567805954,0.4410143329658214,0.33076074972436603,0.0,3.6383682469680263,2.866593164277839,3.3076074972436604,1.984564498346196,3.528114663726571,1.6538037486218302,0.992282249173098,7.497243660418963,17.530319735391398,0.5512679162072767,0.6615214994487321,1.7640573318632855,0.5512679162072767,0.4410143329658214,98.45644983461962,0.11025358324145534,1.8743109151047408,4.5203969128996695,342.0066152149945,4.630650496141125,4.630650496141125,0.4410143329658214,0.0,0.0,0.33076074972436603,0.0,9.70231532524807,8.158765159867695,0.5512679162072767,4.74090407938258,0.0,1.2127894156560088,0.0,17.420066152149943,10.253583241455347,0.0,1.3230429988974641,1.1025358324145533,0.992282249173098,1.0
CD_I1028531,Xavier Lindsay,Melbourne,"Half-Back, Wing",20.0,"https://s.afl.com.au/staticfile/AFL Tenant/AFL/Players/ChampIDImages/AFL/2025014/1028531.png?im=Scale,width=0.6,height=0.6",0.6441666666666667,7.7299999999999995,11,12.936610608020699,5.433376455368694,9.831824062095732,22.76843467011643,17.981888745148773,0.0,0.646830530401035,0.0,3.363518758085382,2.58732212160414,2.716688227684347,1.681759379042691,2.069857697283312,1.681759379042691,0.517464424320828,6.468305304010349,16.558861578266495,0.0,0.129366106080207,2.069857697283312,0.0,0.129366106080207,89.00388098318241,0.129366106080207,1.5523932729624839,2.975420439844761,332.8589909443726,3.1047865459249677,4.3984476067270375,0.0,0.38809831824062097,0.517464424320828,0.0,0.0,9.184993531694696,9.184993531694696,0.0,4.657179818887451,0.0,0.517464424320828,0.0,17.59379042690815,9.223803363518758,0.0,0.38809831824062097,0.7761966364812419,1.29366106080207,1.0
CD_I1006135,Xavier O'Halloran,GWS GIANTS,Half-Forward,33.0,"https://s.afl.com.au/staticfile/AFL Tenant/AFL/Players/ChampIDImages/AFL/2025014/1006135.png?im=Scale,width=0.6,height=0.6",0.62,7.44,11,10.75268817204301,3.3602150537634405,7.93010752688172,18.682795698924732,12.365591397849462,0.4032258064516129,0.6720430107526881,0.0,3.3602150537634405,1.478494623655914,3.897849462365591,2.82258064516129,3.4946236559139785,0.6720430107526881,0.8064516129032258,7.258064516129032,11.155913978494622,0.13440860215053763,0.26881720430107525,0.9408602150537634,0.13440860215053763,0.6720430107526881,72.98387096774194,0.8064516129032258,2.0161290322580645,5.10752688172043,387.2311827956989,4.166666666666666,1.8817204301075268,0.6720430107526881,0.0,0.13440860215053763,0.26881720430107525,0.0,9.00537634408602,6.451612903225806,1.075268817204301,6.048387096774193,0.0,0.0,0.5376344086021505,21.639784946236556,12.298387096774192,0.0,0.8064516129032258,1.3440860215053763,0.13440860215053763,1.0
CD_I1002312,Zac Bailey,Brisbane Lions,Centre,33.0,"https://s.afl.com.au/staticfile/AFL Tenant/AFL/Players/ChampIDImages/AFL/2025014/1002312.png?im=Scale,width=0.6,height=0.6",0.8375,10.05,12,13.333333333333332,5.572139303482587,7.6616915422885565,20.99502487562189,15.920398009950247,1.7910447761194028,1.3930348258706466,0.0,2.8855721393034823,1.2935323383084576,3.5820895522388057,2.189054726368159,2.9850746268656714,1.2935323383084576,0.6965174129353233,7.164179104477611,13.930348258706466,0.1990049751243781,1.3930348258706466,0.49751243781094523,0.5970149253731343,0.7960199004975124,94.92537313432835,0.5970149253731343,1.5920398009950247,7.2636815920398,381.09452736318406,2.7860696517412933,2.388059701492537,1.1940298507462686,0.0,0.09950248756218905,0.5970149253731343,0.09950248756218905,4.776119402985074,8.855721393034825,1.6915422885572138,5.970149253731343,0.0,0.1990049751243781,0.7960199004975124,15.024875621890546,13.950248756218903,0.0,0.9950248756218905,3.4825870646766166,0.29850746268656714,1.0
CD_I999827,Zac Fisher,North Melbourne,Interchange,16.0,"https://s.afl.com.au/staticfile/AFL Tenant/AFL/Players/ChampIDImages/AFL/2025014/999827.png?im=Scale,width=0.6,height=0.6",0.13,1.4300000000000002,3,14.685314685314683,0.6993006993006993,15.384615384615383,30.069930069930066,25.174825174825173,0.0,0.0,0.0,0.6993006993006993,8.39160839160839,2.797202797202797,0.6993006993006993,2.0979020979020975,0.6993006993006993,0.0,10.489510489510488,16.083916083916083,0.0,0.0,0.0,0.0,0.6993006993006993,80.41958041958041,0.0,0.6993006993006993,4.895104895104895,534.2657342657342,4.195804195804195,8.39160839160839,0.0,0.0,0.0,0.0,0.0,6.9930069930069925,10.489510489510488,1.3986013986013985,9.09090909090909,0.0,0.0,0.0,8.39160839160839,16.01398601398601,0.0,1.3986013986013985,0.0,0.0,1.0
CD_I1017065,Zac Taylor,Adelaide Crows,Interchange,19.0,"https://s.afl.com.au/staticfile/AFL Tenant/AFL/Players/ChampIDImages/AFL/2025014/1017065.png?im=Scale,width=0.6,height=0.6",0.3575,4.29,7,6.75990675990676,4.428904428904429,9.090909090909092,15.85081585081585,11.655011655011656,0.2331002331002331,0.6993006993006993,0.0,3.9627039627039626,1.8648018648018647,1.3986013986013985,3.0303030303030303,0.6993006993006993,1.6317016317016317,0.0,6.993006993006993,8.624708624708624,0.0,0.6993006993006993,1.1655011655011656,0.0,0.2331002331002331,71.32867132867133,0.2331002331002331,2.797202797202797,4.662004662004662,186.71328671328672,2.097902097902098,2.097902097902098,1.8648018648018647,0.0,0.0,0.6993006993006993,0.0,6.526806526806527,4.428904428904429,1.1655011655011656,5.827505827505828,0.0,0.4662004662004662,0.4662004662004662,19.347319347319345,8.648018648018649,0.0,1.1655011655011656,1.3986013986013985,0.4662004662004662,1.0
CD_I294685,Zac Williams,Carlton,Forward Pocket,6.0,"https://s.afl.com.au/staticfile/AFL Tenant/AFL/Players/ChampIDImages/AFL/2025014/294685.png?im=Scale,width=0.6,height=0.6",0.3654545454545455,4.0200000000000005,7,12.686567164179102,4.975124378109452,7.462686567164178,20.149253731343283,11.44278606965174,1.990049751243781,0.9950248756218905,0.0,2.7363184079601988,2.7363184079601988,3.4825870646766166,1.990049751243781,2.7363184079601988,0.49751243781094523,0.24875621890547261,6.965174129353233,11.44278606965174,0.49751243781094523,1.4925373134328357,1.4925373134328357,0.49751243781094523,0.7462686567164178,91.54228855721392,0.24875621890547261,1.7412935323383083,6.965174129353233,432.08955223880594,3.4825870646766166,2.2388059701492535,0.7462686567164178,0.0,0.0,0.9950248756218905,0.7462686567164178,3.233830845771144,5.970149253731343,2.9850746268656714,5.72139303482587,0.0,0.0,0.7462686567164178,13.432835820895521,14.378109452736316,0.0,0.7462686567164178,3.731343283582089,1.243781094527363,1.0
CD_I1004870,Zach Guthrie,Geelong Cats,Half-Back,39.0,"https://s.afl.com.au/staticfile/AFL Tenant/AFL/Players/ChampIDImages/AFL/2025014/1004870.png?im=Scale,width=0.6,height=0.6",0.8233333333333334,9.879999999999999,12,16.295546558704455,7.692307692307693,6.174089068825912,22.469635627530366,17.91497975708502,0.10121457489878544,0.10121457489878544,0.0,2.0242914979757085,5.060728744939272,2.4291497975708505,0.20242914979757087,3.238866396761134,0.9109311740890689,0.40485829959514175,5.465587044534414,14.372469635627532,0.6072874493927126,0.10121457489878544,3.6437246963562755,0.40485829959514175,0.10121457489878544,92.81376518218624,0.0,0.20242914979757087,3.8461538461538467,437.55060728744945,4.858299595141701,5.97165991902834,0.0,0.6072874493927126,1.8218623481781377,0.0,0.0,10.526315789473685,12.955465587044536,0.10121457489878544,3.5425101214574903,0.0,1.417004048582996,0.10121457489878544,14.068825910931176,9.321862348178138,0.0,1.0121457489878543,0.20242914979757087,2.834008097165992,1.0
CD_I992016,Zach Merrett,Essendon,Centre,7.0,"https://s.afl.com.au/staticfile/AFL Tenant/AFL/Players/ChampIDImages/AFL/2025014/992016.png?im=Scale,width=0.6,height=0.6",0.8763636363636365,9.64,11,18.25726141078838,5.186721991701244,15.248962655601659,33.50622406639004,22.199170124481327,0.8298755186721991,0.8298755186721991,0.0,3.5269709543568464,1.867219917012448,6.327800829875518,4.253112033195021,4.356846473029045,1.1410788381742738,0.6224066390041494,10.995850622406639,21.887966804979254,0.3112033195020747,0.6224066390041494,2.4896265560165975,0.7261410788381742,0.933609958506224,120.0207468879668,1.970954356846473,2.2821576763485476,7.468879668049792,532.2614107883817,6.639004149377593,2.800829875518672,0.41493775933609955,0.0,0.20746887966804978,0.3112033195020747,0.10373443983402489,9.12863070539419,9.647302904564315,1.4522821576763485,8.29875518672199,0.0,0.20746887966804978,0.6224066390041494,22.199170124481327,17.178423236514522,0.0,1.4522821576763485,1.867219917012448,0.5186721991701244,1.0
CD_I1012817,Zach Reid,Essendon,Centre Half-Back,31.0,"https://s.afl.com.au/staticfile/AFL Tenant/AFL/Players/ChampIDImages/AFL/2025014/1012817.png?im=Scale,width=0.6,height=0.6",0.8272727272727273,9.1,10,12.087912087912088,8.461538461538462,4.835164835164836,16.923076923076923,13.736263736263737,0.0,0.0,0.21978021978021978,2.7472527472527473,3.186813186813187,0.10989010989010989,0.21978021978021978,2.197802197802198,0.6593406593406593,0.10989010989010989,4.725274725274725,11.098901098901099,0.989010989010989,0.0,5.604395604395605,0.0,0.0,82.85714285714286,0.0,0.21978021978021978,2.6373626373626373,259.6703296703297,2.417582417582418,5.934065934065934,0.0,0.32967032967032966,2.5274725274725274,0.0,0.0,7.802197802197803,9.12087912087912,0.0,2.857142857142857,0.10989010989010989,2.307692307692308,0.0,9.340659340659341,9.021978021978022,1.4285714285714286,0.8791208791208791,0.0,5.054945054945055,1.0
CD_I991939,Zaine Cordy,St Kilda,Full-Back,21.0,"https://s.afl.com.au/staticfile/AFL Tenant/AFL/Players/ChampIDImages/AFL/2025014/991939.png?im=Scale,width=0.6,height=0.6",0.06833333333333333,0.82,1,2.4390243902439024,2.4390243902439024,2.4390243902439024,4.878048780487805,3.658536585365854,1.2195121951219512,0.0,0.0,1.2195121951219512,1.2195121951219512,0.0,0.0,1.2195121951219512,0.0,0.0,1.2195121951219512,3.658536585365854,0.0,1.2195121951219512,4.878048780487805,0.0,0.0,31.707317073170735,0.0,0.0,1.2195121951219512,90.2439024390244,1.2195121951219512,1.2195121951219512,0.0,0.0,2.4390243902439024,0.0,0.0,3.658536585365854,1.2195121951219512,0.0,1.2195121951219512,0.0,0.0,1.2195121951219512,6.097560975609756,6.951219512195123,1.2195121951219512,0.0,1.2195121951219512,4.878048780487805,1.0
CD_I1006121,Zak Butters,Port Adelaide,Ruck-Rover,9.0,"https://s.afl.com.au/staticfile/AFL Tenant/AFL/Players/ChampIDImages/AFL/2025014/1006121.png?im=Scale,width=0.6,height=0.6",0.5936363636363636,6.529999999999999,8,14.24196018376723,3.0627871362940278,19.142419601837673,33.38437978560491,24.808575803981626,0.0,0.1531393568147014,0.0,7.503828483920368,2.4502297090352223,5.666156202143951,8.728943338437979,5.359877488514549,1.6845329249617154,1.3782542113323126,16.845329249617155,17.76416539050536,0.3062787136294028,0.1531393568147014,1.6845329249617154,1.990811638591118,0.9188361408882083,117.91730474732007,2.6033690658499236,6.1255742725880555,6.431852986217459,448.238897396631,5.206738131699847,4.594180704441042,0.9188361408882083,0.0,0.1531393568147014,0.0,0.0,12.710566615620216,8.116385911179174,0.9188361408882083,12.09800918836141,0.0,0.6125574272588056,0.3062787136294028,28.943338437978564,20.96477794793262,0.0,2.4502297090352223,0.45941807044410415,0.3062787136294028,1.0
CD_I1028519,Zak Johnson,Essendon,Half-Back,40.0,"https://s.afl.com.au/staticfile/AFL Tenant/AFL/Players/ChampIDImages/AFL/2025014/1028519.png?im=Scale,width=0.6,height=0.6",0.05818181818181818,0.64,1,7.8125,1.5625,9.375,17.1875,14.0625,0.0,0.0,0.0,1.5625,6.25,1.5625,0.0,3.125,0.0,0.0,7.8125,7.8125,0.0,0.0,0.0,3.125,0.0,53.125,0.0,0.0,3.125,318.75,3.125,9.375,0.0,0.0,0.0,0.0,0.0,4.6875,6.25,0.0,7.8125,0.0,0.0,0.0,4.6875,8.75,0.0,0.0,0.0,0.0,1.0
CD_I991988,Zak Jones,St Kilda,Half-Forward,3.0,"https://s.afl.com.au/staticfile/AFL Tenant/AFL/Players/ChampIDImages/AFL/2025014/991988.png?im=Scale,width=0.6,height=0.6",0.505,6.0600000000000005,9,10.23102310231023,4.29042904290429,14.52145214521452,24.75247524752475,18.48184818481848,0.0,0.16501650165016502,0.0,2.8052805280528053,1.3201320132013201,2.8052805280528053,2.8052805280528053,3.63036303630363,0.99009900990099,1.4851485148514851,8.745874587458745,17.326732673267326,0.33003300330033003,0.33003300330033003,0.825082508250825,0.16501650165016502,0.99009900990099,80.52805280528052,1.3201320132013201,1.4851485148514851,6.105610561056105,282.17821782178214,4.29042904290429,2.9702970297029703,0.33003300330033003,0.0,0.16501650165016502,0.495049504950495,0.0,6.765676567656765,7.095709570957095,0.495049504950495,6.105610561056105,0.0,0.33003300330033003,0.16501650165016502,16.5016501650165,11.501650165016502,0.0,1.3201320132013201,0.33003300330033003,0.6600660066006601,1.0
CD_I1023494,Zane Duursma,North Melbourne,Wing,7.0,"https://s.afl.com.au/staticfile/AFL Tenant/AFL/Players/ChampIDImages/AFL/2025014/1023494.png?im=Scale,width=0.6,height=0.6",0.2554545454545455,2.81,6,7.473309608540925,4.270462633451957,4.6263345195729535,12.099644128113878,7.829181494661921,1.4234875444839858,1.4234875444839858,0.0,1.4234875444839858,0.35587188612099646,1.7793594306049823,1.0676156583629892,1.7793594306049823,0.35587188612099646,0.0,3.202846975088968,8.896797153024911,0.35587188612099646,2.1352313167259784,0.35587188612099646,0.0,0.0,60.49822064056939,0.0,1.0676156583629892,3.9145907473309607,214.59074733096085,2.1352313167259784,0.35587188612099646,0.35587188612099646,0.0,0.0,0.0,0.0,6.049822064056939,3.5587188612099645,1.0676156583629892,2.1352313167259784,0.0,0.0,0.7117437722419929,16.725978647686834,5.231316725978648,0.0,0.35587188612099646,3.202846975088968,0.35587188612099646,1.0
