player_id,player_name,player_team,player_position,guernsey_number,picture,PctOfSeason,80s,games_played,kicks,marks,handballs,disposals,effective_disposals,goals,behinds,hitouts,tackles,rebounds,inside_fifties,clearances,clangers,free_kicks_for,free_kicks_against,contested_possessions,uncontested_possessions,contested_marks,marks_inside_fifty,one_percenters,bounces,goal_assists,afl_fantasy_score,centre_clearances,stoppage_clearances,score_involvements,metres_gained,turnovers,intercepts,tackles_inside_fifty,contest_def_losses,contest_def_one_on_ones,contest_off_one_on_ones,contest_off_wins,def_half_pressure_acts,effective_kicks,f50_ground_ball_gets,ground_ball_gets,hitouts_to_advantage,intercept_marks,marks_on_lead,pressure_acts,rating_points,ruck_contests,score_launches,shots_at_goal,spoils,80sr
CD_I1019038,Aaron Cadman,GWS GIANTS,Full-Forward,5.0,"https://s.afl.com.au/staticfile/AFL Tenant/AFL/Players/ChampIDImages/AFL/2026014/1019038.png?im=Scale,width=0.6,height=0.6",0.7091304347826086,16.31,18,7.97057020232986,4.659717964438995,3.740036787247088,11.710606989576947,8.03188228080932,2.023298589822195,1.2262415695892093,0.0,2.391171060698958,0.0,2.4524831391784185,0.18393623543838136,2.4524831391784185,1.0423053341508277,0.5518087063151441,4.843654199877376,7.357449417535255,1.0423053341508277,1.8393623543838138,1.594114040465972,0.0,0.674432863274065,67.68853464132435,0.0,0.18393623543838136,5.947271612507665,240.83384426732067,2.6364193746168,1.1036174126302882,1.34886572654813,0.0,0.0,3.617412630288167,0.797057020232986,2.391171060698958,5.39546290619252,1.2875536480686696,2.575107296137339,0.0,0.3065603923973023,2.0846106683016554,11.220110361741265,9.901900674432865,0.18393623543838136,0.4291845493562232,3.5561005518087065,1.2875536480686696,1.0
CD_I1002404,Aaron Naughton,Western Bulldogs,Full-Forward,33.0,"https://s.afl.com.au/staticfile/AFL Tenant/AFL/Players/ChampIDImages/AFL/2026014/1002404.png?im=Scale,width=0.6,height=0.6",0.7787999999999999,19.47,24,8.936825885978429,6.00924499229584,5.238828967642528,14.175654853620957,8.98818695428865,2.619414483821264,1.746276322547509,0.10272213662044172,1.7976373908577299,0.0,1.8489984591679507,0.10272213662044172,2.516692347200822,1.3353877760657422,0.719054956343092,6.882383153569594,7.139188495120699,1.9003595274781717,3.3384694401643555,1.7976373908577299,0.05136106831022086,1.386748844375963,79.25012840267078,0.05136106831022086,0.05136106831022086,7.80688238315357,224.24242424242425,2.41397021058038,0.6676938880328711,1.1299435028248588,0.0,0.0,2.824858757062147,0.6676938880328711,1.2840267077555214,4.82794042116076,1.746276322547509,3.287108371854135,0.05136106831022086,0.05136106831022086,2.568053415511043,8.98818695428865,11.191576784797125,0.5649717514124294,0.359527478171546,4.82794042116076,0.9758602978941963,1.0
CD_I1002239,Adam Cerra,Carlton,Wing,5.0,"https://s.afl.com.au/staticfile/AFL Tenant/AFL/Players/ChampIDImages/AFL/2026014/1002239.png?im=Scale,width=0.6,height=0.6",0.6632,16.580000000000002,22,15.922798552472857,6.815440289505427,11.338962605548852,27.26176115802171,20.144752714113388,0.24125452352231602,0.24125452352231602,0.0,4.764776839565742,3.1966224366706872,3.61881785283474,2.472858866103739,3.6791314837153193,0.9650180940892641,0.8443908323281061,7.780458383594691,17.913148371531964,0.18094089264173702,0.12062726176115801,1.266586248492159,0.36188178528347403,0.42219541616405304,110.07237635705668,0.6031363088057901,1.8697225572979492,6.212303980699637,457.17732207478883,5.247285886610373,3.498190591073582,0.542822677925211,0.0,0.18094089264173702,0.18094089264173702,0.060313630880579006,12.967430639324485,11.037394451145957,0.663449939686369,6.0313630880579,0.0,0.8443908323281061,0.36188178528347403,21.17008443908323,10.808202653799757,0.0,1.3872135102533172,0.6031363088057901,0.904704463208685,1.0
CD_I295461,Adam Saad,Carlton,"Half-Back, Half-Back",42.0,"https://s.afl.com.au/staticfile/AFL Tenant/AFL/Players/ChampIDImages/AFL/2026014/295461.png?im=Scale,width=0.6,height=0.6",0.09,2.25,3,12.0,3.111111111111111,7.111111111111111,19.11111111111111,15.555555555555555,0.0,0.0,0.0,1.7777777777777777,5.333333333333333,1.7777777777777777,0.4444444444444444,1.7777777777777777,0.0,0.4444444444444444,4.888888888888889,9.333333333333334,0.0,0.0,4.888888888888889,8.0,0.0,65.33333333333333,0.4444444444444444,0.0,3.5555555555555554,356.0,4.0,5.777777777777778,0.0,0.0,0.4444444444444444,0.0,0.0,7.555555555555555,8.88888888888889,0.4444444444444444,4.888888888888889,0.0,0.8888888888888888,0.0,10.222222222222221,15.155555555555557,0.0,1.7777777777777777,0.0,4.444444444444445,1.0
CD_I291790,Adam Treloar,Western Bulldogs,Half-Forward,1.0,"https://s.afl.com.au/staticfile/AFL Tenant/AFL/Players/ChampIDImages/AFL/2026014/291790.png?im=Scale,width=0.6,height=0.6",0.1168,2.92,5,13.013698630136986,6.164383561643835,15.41095890410959,28.424657534246577,21.232876712328768,0.684931506849315,1.0273972602739727,0.0,1.7123287671232876,1.7123287671232876,4.109589041095891,3.4246575342465753,2.397260273972603,0.684931506849315,0.684931506849315,7.876712328767123,21.232876712328768,0.3424657534246575,0.684931506849315,1.0273972602739727,0.3424657534246575,0.0,98.97260273972603,0.684931506849315,2.73972602739726,5.821917808219178,293.83561643835617,4.794520547945206,2.0547945205479454,0.3424657534246575,0.0,0.0,0.684931506849315,0.684931506849315,2.73972602739726,6.506849315068493,1.36986301369863,6.164383561643835,0.0,0.3424657534246575,0.0,14.04109589041096,9.52054794520548,0.0,0.684931506849315,1.7123287671232876,0.684931506849315,1.0
CD_I294508,Aidan Corr,North Melbourne,Back-Pocket,4.0,"https://s.afl.com.au/staticfile/AFL Tenant/AFL/Players/ChampIDImages/AFL/2026014/294508.png?im=Scale,width=0.6,height=0.6",0.5447826086956522,12.53,16,9.896249002394255,4.8683160415004,5.666400638467678,15.562649640861933,12.928970470869913,0.0,0.0,0.0,1.3567438148443736,3.1125299281723864,0.7182761372705507,0.07980845969672785,2.154828411811652,0.47885075818036715,1.3567438148443736,3.910614525139665,9.7366320830008,0.47885075818036715,0.0,5.027932960893855,0.07980845969672785,0.0,57.46209098164406,0.0,0.07980845969672785,1.9952114924181965,252.83320031923384,2.314445331205108,5.18754988028731,0.07980845969672785,0.3192338387869114,2.0750199521149244,0.0,0.0,5.107741420590583,8.300079808459698,0.0,2.6336791699920195,0.0,1.0375099760574622,0.0,6.225059856344773,7.406225059856345,0.0,1.11731843575419,0.0,3.5115722266560256,1.0
CD_I1024173,Aidan Johnson,Melbourne,Interchange,42.0,"https://s.afl.com.au/staticfile/AFL Tenant/AFL/Players/ChampIDImages/AFL/2026014/1024173.png?im=Scale,width=0.6,height=0.6",0.024583333333333332,0.59,1,6.779661016949153,5.084745762711865,10.16949152542373,16.949152542372882,13.559322033898306,0.0,0.0,1.6949152542372883,6.779661016949153,0.0,3.3898305084745766,5.084745762711865,10.16949152542373,1.6949152542372883,6.779661016949153,10.16949152542373,8.474576271186441,0.0,0.0,3.3898305084745766,0.0,1.6949152542372883,66.10169491525424,3.3898305084745766,1.6949152542372883,6.779661016949153,211.86440677966104,5.084745762711865,0.0,3.3898305084745766,0.0,0.0,0.0,0.0,5.084745762711865,3.3898305084745766,0.0,5.084745762711865,0.0,0.0,0.0,20.33898305084746,3.728813559322034,33.898305084745765,1.6949152542372883,0.0,0.0,1.0
CD_I1031492,Aidan Schubert,Hawthorn,Full-Forward,29.0,"https://s.afl.com.au/staticfile/AFL Tenant/AFL/Players/ChampIDImages/AFL/2026014/1031492.png?im=Scale,width=0.6,height=0.6",0.025833333333333333,0.62,1,9.67741935483871,8.064516129032258,4.838709677419355,14.516129032258064,6.451612903225807,0.0,3.2258064516129035,6.451612903225807,1.6129032258064517,0.0,4.838709677419355,0.0,4.838709677419355,0.0,0.0,0.0,14.516129032258064,0.0,4.838709677419355,0.0,0.0,1.6129032258064517,79.03225806451613,0.0,0.0,8.064516129032258,266.1290322580645,3.2258064516129035,0.0,0.0,0.0,0.0,0.0,0.0,4.838709677419355,3.2258064516129035,0.0,0.0,1.6129032258064517,0.0,0.0,19.35483870967742,-19.35483870967742,11.290322580645162,0.0,3.2258064516129035,0.0,1.0
CD_I1013268,Alex Davies,Gold Coast SUNS,"Centre Half-Forward, Rover",5.0,"https://s.afl.com.au/staticfile/AFL Tenant/AFL/Players/ChampIDImages/AFL/2026014/1013268.png?im=Scale,width=0.6,height=0.6",0.1517391304347826,3.4899999999999998,6,9.169054441260746,1.7191977077363898,18.62464183381089,27.793696275071635,17.765042979942695,0.8595988538681949,1.1461318051575933,0.0,7.736389684813754,1.1461318051575933,4.871060171919771,4.2979942693409745,4.871060171919771,1.7191977077363898,2.2922636103151866,14.899713467048711,13.180515759312321,0.0,0.0,2.005730659025788,0.0,0.2865329512893983,102.0057306590258,1.1461318051575933,3.1518624641833815,8.30945558739255,283.9541547277937,2.865329512893983,3.7249283667621778,1.4326647564469914,0.0,0.2865329512893983,0.0,0.0,12.607449856733526,4.2979942693409745,1.1461318051575933,10.315186246418339,0.0,0.0,0.0,30.37249283667622,14.813753581661892,0.8595988538681949,2.005730659025788,2.005730659025788,1.1461318051575933,1.0
CD_I296420,Alex Neal-Bullen,Adelaide Crows,Forward Pocket,28.0,"https://s.afl.com.au/staticfile/AFL Tenant/AFL/Players/ChampIDImages/AFL/2026014/296420.png?im=Scale,width=0.6,height=0.6",0.765,18.36,22,11.328976034858389,4.62962962962963,8.932461873638344,20.26143790849673,13.507625272331156,0.6535947712418301,0.7080610021786493,0.0,4.302832244008715,0.9259259259259259,3.5947712418300655,1.3071895424836601,2.9411764705882355,1.198257080610022,0.599128540305011,7.734204793028323,12.418300653594772,0.16339869281045752,0.7625272331154684,1.198257080610022,0.0,0.7625272331154684,86.98257080610023,0.27233115468409586,1.0348583877995643,5.882352941176471,317.0479302832244,4.57516339869281,3.2679738562091503,0.8169934640522876,0.054466230936819175,0.054466230936819175,0.4901960784313726,0.054466230936819175,8.061002178649238,6.263616557734205,1.4705882352941178,6.263616557734205,0.0,0.27233115468409586,1.0893246187363834,22.167755991285404,11.013071895424837,0.0,1.0893246187363834,1.8518518518518519,0.3812636165577342,1.0
CD_I298409,Alex Pearce,Fremantle,Full-Back,25.0,"https://s.afl.com.au/staticfile/AFL Tenant/AFL/Players/ChampIDImages/AFL/2026014/298409.png?im=Scale,width=0.6,height=0.6",0.6966666666666667,16.72,21,5.442583732057416,4.545454545454546,5.562200956937799,11.004784688995215,9.150717703349283,0.0,0.0,0.0,1.1961722488038278,1.973684210526316,0.47846889952153115,0.23923444976076558,2.0933014354066986,0.5980861244019139,1.0167464114832536,5.8612440191387565,5.562200956937799,1.375598086124402,0.0,4.6650717703349285,0.35885167464114837,0.0,43.42105263157895,0.0,0.23923444976076558,2.0334928229665072,143.77990430622012,2.0334928229665072,6.997607655502393,0.0,0.5980861244019139,3.169856459330144,0.0,0.0,5.442583732057416,4.4856459330143545,0.0,3.5287081339712922,0.0,2.9306220095693782,0.11961722488038279,6.04066985645933,9.886363636363638,0.0,1.4952153110047848,0.0,3.7679425837320575,1.0
CD_I1019944,Alex Van Wyk,Port Adelaide,Interchange,47.0,"https://s.afl.com.au/staticfile/AFL Tenant/AFL/Players/ChampIDImages/AFL/2026014/1019944.png?im=Scale,width=0.6,height=0.6",0.06869565217391305,1.58,3,7.594936708860759,5.063291139240506,10.126582278481012,17.72151898734177,10.759493670886075,0.0,0.0,30.379746835443036,1.8987341772151898,0.6329113924050632,3.1645569620253164,3.1645569620253164,3.1645569620253164,0.6329113924050632,0.6329113924050632,9.493670886075948,7.594936708860759,1.2658227848101264,0.6329113924050632,0.6329113924050632,0.0,0.0,94.9367088607595,1.2658227848101264,1.8987341772151898,4.430379746835443,215.18987341772151,3.7974683544303796,0.6329113924050632,0.0,0.0,0.0,2.531645569620253,1.2658227848101264,5.063291139240506,3.7974683544303796,1.2658227848101264,4.430379746835443,12.025316455696203,0.6329113924050632,0.0,8.860759493670885,16.0126582278481,70.25316455696202,3.1645569620253164,1.2658227848101264,0.6329113924050632,1.0
CD_I294469,Aliir Aliir,Port Adelaide,Centre Half-Back,21.0,"https://s.afl.com.au/staticfile/AFL Tenant/AFL/Players/ChampIDImages/AFL/2026014/294469.png?im=Scale,width=0.6,height=0.6",0.9252173913043479,21.28,22,12.593984962406015,8.176691729323307,3.148496240601504,15.742481203007518,12.687969924812029,0.046992481203007516,0.046992481203007516,0.0,1.1278195488721805,4.088345864661654,0.4699248120300752,0.046992481203007516,2.913533834586466,0.7048872180451128,1.080827067669173,5.451127819548872,9.868421052631579,1.456766917293233,0.0,4.558270676691729,0.046992481203007516,0.046992481203007516,70.91165413533834,0.0,0.046992481203007516,2.3496240601503757,279.0413533834586,2.725563909774436,8.223684210526315,0.0,0.7518796992481203,2.913533834586466,0.0,0.0,3.8063909774436087,10.150375939849624,0.046992481203007516,3.148496240601504,0.0,3.289473684210526,0.046992481203007516,4.276315789473684,10.009398496240602,0.0,1.2218045112781954,0.14097744360902256,4.088345864661654,1.0
CD_I1030433,Alix Tauru,St Kilda,"Back-Pocket, Half-Back",26.0,"https://s.afl.com.au/staticfile/AFL Tenant/AFL/Players/ChampIDImages/AFL/2026014/1030433.png?im=Scale,width=0.6,height=0.6",0.2356521739130435,5.42,9,8.487084870848708,5.719557195571956,4.797047970479705,13.284132841328413,9.963099630996311,0.7380073800738007,0.36900369003690037,0.0,1.6605166051660516,1.4760147601476015,1.6605166051660516,0.36900369003690037,2.2140221402214024,1.4760147601476015,1.1070110701107012,4.797047970479705,8.487084870848708,0.7380073800738007,0.7380073800738007,4.428044280442805,0.0,0.18450184501845018,61.808118081180815,0.0,0.36900369003690037,2.7675276752767526,160.70110701107012,2.5830258302583027,3.874538745387454,0.18450184501845018,0.18450184501845018,0.5535055350553506,0.18450184501845018,0.0,8.671586715867159,6.273062730627307,0.18450184501845018,2.2140221402214024,0.0,1.1070110701107012,0.36900369003690037,13.468634686346864,6.678966789667896,0.0,0.36900369003690037,1.1070110701107012,3.874538745387454,1.0
CD_I1002232,Andrew Brayshaw,Fremantle,Centre,8.0,"https://s.afl.com.au/staticfile/AFL Tenant/AFL/Players/ChampIDImages/AFL/2026014/1002232.png?im=Scale,width=0.6,height=0.6",0.7820833333333334,18.770000000000003,24,14.651038891848692,4.208843899840169,17.155034629728288,31.80607352157698,24.453915823122,0.4262120404901438,0.4262120404901438,0.0,7.671816728822588,1.4384656366542352,5.274374001065529,5.061267980820458,4.368673415023974,1.5450186467767713,1.5450186467767713,10.655301012253595,21.52370804475226,0.0,0.31965903036760784,2.397442727757059,0.6925945657964836,0.8524240809802875,121.47043153969098,1.8114011720831111,3.2498668087373463,8.577517314864144,502.397442727757,5.380927011188065,3.67607884922749,0.6925945657964836,0.0,0.05327650506126797,0.0,0.0,12.626531699520509,9.802876931273307,0.47948854555141174,6.499733617474693,0.0,0.2663825253063399,0.31965903036760784,25.572722429408625,15.641981885988278,0.0,1.4917421417155032,0.9589770911028235,0.6393180607352157,1.0
CD_I998102,Andrew McGrath,Essendon,"Back-Pocket, Back-Pocket",1.0,"https://s.afl.com.au/staticfile/AFL Tenant/AFL/Players/ChampIDImages/AFL/2026014/998102.png?im=Scale,width=0.6,height=0.6",0.6895652173913043,15.86,20,12.232030264817151,4.854981084489282,11.979823455233293,24.211853720050442,19.924337957124845,0.12610340479192939,0.06305170239596469,0.0,3.467843631778058,4.0983606557377055,2.837326607818411,1.450189155107188,1.5132408575031526,0.6305170239596469,0.5674653215636822,6.872635561160152,16.204287515762925,0.06305170239596469,0.06305170239596469,1.2610340479192939,1.1349306431273645,0.5674653215636822,88.83984867591425,0.44136191677175285,1.008827238335435,4.4136191677175285,397.9823455233292,3.720050441361917,5.548549810844893,0.18915510718789408,0.37831021437578816,0.8827238335435057,0.0,0.0,7.881462799495587,9.709962168978564,0.12610340479192939,6.17906683480454,0.0,0.819672131147541,0.12610340479192939,12.421185372005045,12.44640605296343,0.0,1.828499369482976,0.18915510718789408,1.0718789407313998,1.0
CD_I1013165,Andy Moniz-Wakefield,Melbourne,Interchange,45.0,"https://s.afl.com.au/staticfile/AFL Tenant/AFL/Players/ChampIDImages/AFL/2026014/1013165.png?im=Scale,width=0.6,height=0.6",0.03166666666666667,0.76,2,9.210526315789474,3.9473684210526314,10.526315789473685,19.736842105263158,11.842105263157894,1.3157894736842106,0.0,0.0,6.578947368421052,1.3157894736842106,5.2631578947368425,1.3157894736842106,3.9473684210526314,1.3157894736842106,0.0,6.578947368421052,10.526315789473685,0.0,0.0,1.3157894736842106,0.0,0.0,96.05263157894737,0.0,1.3157894736842106,3.9473684210526314,244.73684210526315,5.2631578947368425,2.6315789473684212,5.2631578947368425,0.0,0.0,1.3157894736842106,1.3157894736842106,7.894736842105263,5.2631578947368425,2.6315789473684212,5.2631578947368425,0.0,0.0,0.0,23.684210526315788,8.421052631578947,0.0,0.0,1.3157894736842106,1.3157894736842106,1.0
CD_I1023744,Angus Anderson,Collingwood,Full-Forward,41.0,"https://s.afl.com.au/staticfile/AFL Tenant/AFL/Players/ChampIDImages/AFL/2026014/1023744.png?im=Scale,width=0.6,height=0.6",0.49624999999999997,11.91,17,9.739714525608733,3.526448362720403,6.801007556675063,16.540722082283796,11.083123425692696,1.6792611251049538,1.1754827875734677,0.0,4.701931150293871,1.0915197313182199,3.190596137699412,1.2594458438287153,3.4424853064651555,1.343408900083963,0.9235936188077246,6.54911838790932,9.655751469353484,0.08396305625524769,0.9235936188077246,1.1754827875734677,0.0,0.9235936188077246,82.03190596137699,0.16792611251049538,1.0915197313182199,6.465155331654072,304.11418975650713,3.1066330814441647,2.2670025188916876,1.5113350125944585,0.0,0.0,0.5877413937867338,0.08396305625524769,8.732157850545759,5.793450881612091,1.1754827875734677,4.701931150293871,0.0,0.2518891687657431,0.5877413937867338,21.8303946263644,10.957178841309824,0.0,0.9235936188077246,3.022670025188917,0.7556675062972292,1.0
CD_I1027284,Angus Clarke,Essendon,Wing,36.0,"https://s.afl.com.au/staticfile/AFL Tenant/AFL/Players/ChampIDImages/AFL/2026014/1027284.png?im=Scale,width=0.6,height=0.6",0.1891304347826087,4.35,6,9.42528735632184,5.74712643678161,4.8275862068965525,14.252873563218392,9.88505747126437,0.9195402298850576,0.6896551724137931,0.0,3.218390804597701,0.4597701149425288,3.4482758620689657,0.9195402298850576,2.528735632183908,1.3793103448275863,0.4597701149425288,4.367816091954023,9.42528735632184,0.0,0.4597701149425288,0.6896551724137931,0.0,0.6896551724137931,74.2528735632184,0.0,0.9195402298850576,3.6781609195402303,289.42528735632186,4.137931034482759,2.298850574712644,0.6896551724137931,0.0,0.0,0.6896551724137931,0.2298850574712644,5.74712643678161,6.436781609195402,0.9195402298850576,2.7586206896551726,0.0,0.4597701149425288,2.298850574712644,18.160919540229887,5.264367816091955,0.0,0.6896551724137931,1.8390804597701151,0.4597701149425288,1.0
CD_I1027872,Angus Hastie,St Kilda,Centre Half-Back,24.0,"https://s.afl.com.au/staticfile/AFL Tenant/AFL/Players/ChampIDImages/AFL/2026014/1027872.png?im=Scale,width=0.6,height=0.6",0.20869565217391303,4.8,7,11.458333333333334,5.0,5.0,16.458333333333336,13.541666666666668,0.0,0.0,0.0,2.916666666666667,2.0833333333333335,2.291666666666667,0.0,1.875,0.20833333333333334,0.20833333333333334,2.291666666666667,13.541666666666668,0.0,0.0,2.0833333333333335,0.625,0.0,70.625,0.0,0.0,2.916666666666667,301.45833333333337,2.916666666666667,3.3333333333333335,0.0,0.20833333333333334,0.4166666666666667,0.0,0.0,11.25,8.541666666666668,0.20833333333333334,1.875,0.0,0.625,0.625,14.166666666666668,6.25,0.0,0.20833333333333334,0.0,1.875,1.0
CD_I1020339,Angus Sheldrick,Sydney Swans,Interchange,12.0,"https://s.afl.com.au/staticfile/AFL Tenant/AFL/Players/ChampIDImages/AFL/2026014/1020339.png?im=Scale,width=0.6,height=0.6",0.4708333333333333,11.3,19,15.132743362831857,3.6283185840707963,18.318584070796458,33.451327433628315,21.68141592920354,0.35398230088495575,0.6194690265486725,0.0,5.929203539823009,2.566371681415929,5.840707964601769,5.309734513274336,6.106194690265486,0.9734513274336283,1.9469026548672566,13.805309734513273,18.761061946902654,0.0,0.08849557522123894,1.0619469026548671,0.44247787610619466,1.1504424778761062,114.51327433628317,2.47787610619469,2.831858407079646,8.761061946902654,503.716814159292,7.699115044247787,4.424778761061947,1.0619469026548671,0.2654867256637168,0.2654867256637168,0.0,0.0,10.265486725663717,7.345132743362831,1.415929203539823,10.530973451327434,0.0,0.2654867256637168,0.7964601769911503,24.778761061946902,15.469026548672566,0.0,1.8584070796460175,1.415929203539823,0.35398230088495575,1.0
CD_I1023784,Anthony Caminiti,St Kilda,Back-Pocket,47.0,"https://s.afl.com.au/staticfile/AFL Tenant/AFL/Players/ChampIDImages/AFL/2026014/1023784.png?im=Scale,width=0.6,height=0.6",0.6404347826086957,14.73,18,4.752206381534283,2.7834351663272234,4.61642905634759,9.368635437881874,7.399864222674813,0.5431093007467753,0.47522063815342835,0.20366598778004072,2.240325865580448,1.2219959266802443,0.678886625933469,0.20366598778004072,2.4439918533604885,0.9504412763068567,1.4256619144602851,5.091649694501018,4.276985743380855,0.8146639511201629,0.5431093007467753,5.974202308214528,0.0,0.06788866259334692,41.412084181941616,0.0,0.20366598778004072,2.3761031907671417,102.1724372029871,1.8329938900203666,3.530210454854039,1.0862186014935507,0.27155465037338766,1.6293279022403258,1.0862186014935507,0.13577732518669383,4.61642905634759,3.2586558044806515,0.746775288526816,3.2586558044806515,0.0,0.5431093007467753,0.13577732518669383,10.11541072640869,7.291242362525458,2.104548540393754,0.6109979633401221,1.2219959266802443,5.634758995247793,1.0
CD_I1029265,Archer Day-Wicks,Essendon,Wing,44.0,"https://s.afl.com.au/staticfile/AFL Tenant/AFL/Players/ChampIDImages/AFL/2026014/1029265.png?im=Scale,width=0.6,height=0.6",0.6991304347826087,16.080000000000002,21,6.902985074626865,3.4825870646766166,7.649253731343283,14.552238805970148,9.514925373134327,0.4353233830845771,0.6840796019900497,0.0,4.415422885572139,0.808457711442786,2.487562189054726,0.6218905472636815,3.4825870646766166,0.6840796019900497,1.243781094527363,4.788557213930348,10.074626865671641,0.18656716417910446,0.808457711442786,2.176616915422885,0.12437810945273631,0.24875621890547261,64.36567164179104,0.12437810945273631,0.49751243781094523,4.291044776119403,235.57213930348257,4.166666666666666,2.2388059701492535,1.0572139303482586,0.0,0.062189054726368154,0.24875621890547261,0.12437810945273631,6.218905472636815,3.5447761194029845,1.0572139303482586,3.669154228855721,0.0,0.24875621890547261,0.6840796019900497,18.78109452736318,6.436567164179103,0.0,0.808457711442786,1.3059701492537312,1.7412935323383083,1.0
CD_I1029084,Archer May,Essendon,Forward Pocket,26.0,"https://s.afl.com.au/staticfile/AFL Tenant/AFL/Players/ChampIDImages/AFL/2026014/1029084.png?im=Scale,width=0.6,height=0.6",0.2895652173913043,6.659999999999999,10,6.756756756756758,4.804804804804806,1.9519519519519521,8.70870870870871,5.855855855855856,2.1021021021021022,0.7507507507507508,0.6006006006006007,3.9039039039039043,0.15015015015015018,2.2522522522522523,0.15015015015015018,3.753753753753754,0.7507507507507508,2.1021021021021022,4.804804804804806,4.2042042042042045,2.1021021021021022,2.402402402402403,1.9519519519519521,0.15015015015015018,0.4504504504504505,62.61261261261262,0.0,0.15015015015015018,4.2042042042042045,204.05405405405406,3.9039039039039043,0.900900900900901,1.9519519519519521,0.0,0.15015015015015018,6.0060060060060065,0.6006006006006007,4.054054054054054,4.2042042042042045,0.6006006006006007,1.9519519519519521,0.15015015015015018,0.4504504504504505,1.0510510510510511,15.465465465465467,9.564564564564565,2.552552552552553,0.4504504504504505,3.3033033033033035,1.6516516516516517,1.0
CD_I1027693,Archer Reid,West Coast Eagles,"Centre Half-Forward, Forward Pocket",22.0,"https://s.afl.com.au/staticfile/AFL Tenant/AFL/Players/ChampIDImages/AFL/2026014/1027693.png?im=Scale,width=0.6,height=0.6",0.19391304347826088,4.46,6,4.708520179372197,3.1390134529147984,3.3632286995515694,8.071748878923767,5.15695067264574,0.672645739910314,0.672645739910314,5.381165919282512,1.5695067264573992,0.2242152466367713,0.8968609865470852,1.1210762331838564,2.0179372197309418,1.345291479820628,0.672645739910314,4.484304932735426,3.587443946188341,1.1210762331838564,1.345291479820628,1.345291479820628,0.0,1.1210762331838564,45.964125560538115,0.672645739910314,0.4484304932735426,4.260089686098655,122.6457399103139,1.5695067264573992,0.2242152466367713,0.4484304932735426,0.0,0.0,2.0179372197309418,0.672645739910314,2.4663677130044843,2.242152466367713,1.1210762331838564,2.0179372197309418,1.1210762331838564,0.0,1.345291479820628,7.623318385650224,6.390134529147982,13.228699551569507,0.4484304932735426,1.5695067264573992,1.1210762331838564,1.0
CD_I1033053,Archie Ludowyke,Adelaide Crows,Interchange,34.0,"https://s.afl.com.au/staticfile/AFL Tenant/AFL/Players/ChampIDImages/AFL/2026014/1033053.png?im=Scale,width=0.6,height=0.6",0.048749999999999995,1.17,2,6.837606837606838,4.273504273504273,4.273504273504273,11.111111111111112,6.837606837606838,0.8547008547008548,0.8547008547008548,0.0,2.5641025641025643,0.0,0.8547008547008548,0.0,2.5641025641025643,1.7094017094017095,0.8547008547008548,5.128205128205129,5.982905982905983,0.0,1.7094017094017095,1.7094017094017095,0.0,1.7094017094017095,57.26495726495727,0.0,0.0,5.982905982905983,135.8974358974359,3.418803418803419,1.7094017094017095,0.0,0.0,0.0,4.273504273504273,0.0,5.128205128205129,3.418803418803419,1.7094017094017095,4.273504273504273,0.0,0.8547008547008548,2.5641025641025643,15.384615384615385,5.2991452991453,0.0,0.8547008547008548,2.5641025641025643,1.7094017094017095,1.0
CD_I1015873,Archie Perkins,Essendon,Wing,16.0,"https://s.afl.com.au/staticfile/AFL Tenant/AFL/Players/ChampIDImages/AFL/2026014/1015873.png?im=Scale,width=0.6,height=0.6",0.5343478260869565,12.290000000000001,16,10.65907241659886,6.916192026037428,7.811228641171684,18.470301057770545,12.937347436940602,0.5695687550854353,0.8136696501220504,0.0,1.8714401952807158,0.8136696501220504,4.068348250610252,0.08136696501220504,2.3596419853539463,0.6509357200976403,0.4882017900732302,4.637917005695687,13.913751017087062,0.32546786004882017,0.9764035801464604,0.5695687550854353,0.5695687550854353,0.5695687550854353,79.2514239218877,0.0,0.08136696501220504,4.882017900732302,325.06102522375915,3.6615134255492268,1.7087062652563059,0.5695687550854353,0.0,0.0,0.8136696501220504,0.08136696501220504,3.6615134255492268,6.672091131000813,1.6273393002441008,3.6615134255492268,0.0,0.4068348250610252,2.278275020341741,12.937347436940602,9.210740439381611,0.0,0.4882017900732302,1.7087062652563059,0.5695687550854353,1.0
CD_I1023515,Archie Roberts,Essendon,Half-Back,21.0,"https://s.afl.com.au/staticfile/AFL Tenant/AFL/Players/ChampIDImages/AFL/2026014/1023515.png?im=Scale,width=0.6,height=0.6",0.7617391304347826,17.52,21,23.230593607305938,6.56392694063927,10.445205479452055,33.67579908675799,26.65525114155251,0.11415525114155252,0.11415525114155252,0.0,1.4269406392694064,6.735159817351598,3.4246575342465753,1.312785388127854,3.767123287671233,0.684931506849315,1.312785388127854,7.191780821917808,21.34703196347032,0.3995433789954338,0.05707762557077626,0.9132420091324202,0.7990867579908676,0.3995433789954338,113.52739726027397,0.3995433789954338,0.9132420091324202,4.452054794520548,561.3013698630137,5.6506849315068495,6.2785388127853885,0.05707762557077626,0.22831050228310504,0.6278538812785388,0.0,0.0,6.621004566210046,18.036529680365298,0.11415525114155252,5.993150684931507,0.0,1.0273972602739727,0.4566210045662101,9.931506849315069,10.365296803652967,0.0,1.1415525114155252,0.22831050228310504,0.7990867579908676,1.0
CD_I1020586,Arthur Jones,Western Bulldogs,Half-Forward,32.0,"https://s.afl.com.au/staticfile/AFL Tenant/AFL/Players/ChampIDImages/AFL/2026014/1020586.png?im=Scale,width=0.6,height=0.6",0.594,14.85,20,8.754208754208754,4.242424242424242,6.5993265993265995,15.353535353535355,10.572390572390573,1.8181818181818181,1.3468013468013469,0.0,2.8956228956228958,0.13468013468013468,2.760942760942761,0.4713804713804714,3.0976430976430978,1.9528619528619529,1.3468013468013469,6.397306397306397,9.427609427609427,0.7407407407407408,1.8181818181818181,1.2121212121212122,0.40404040404040403,0.6060606060606061,73.93939393939394,0.06734006734006734,0.40404040404040403,7.0033670033670035,273.67003367003366,3.367003367003367,1.9528619528619529,0.8754208754208754,0.06734006734006734,0.06734006734006734,0.8080808080808081,0.13468013468013468,3.9057239057239057,5.185185185185185,1.7508417508417509,3.771043771043771,0.0,0.06734006734006734,1.2121212121212122,16.96969696969697,9.582491582491583,0.0,0.6734006734006734,3.6363636363636362,0.8080808080808081,1.0
CD_I1020097,Ashton Moir,Carlton,Forward Pocket,43.0,"https://s.afl.com.au/staticfile/AFL Tenant/AFL/Players/ChampIDImages/AFL/2026014/1020097.png?im=Scale,width=0.6,height=0.6",0.0588,1.47,2,6.802721088435375,3.4013605442176873,4.761904761904762,11.564625850340136,8.843537414965986,2.0408163265306123,0.0,0.0,2.7210884353741496,0.0,0.0,1.3605442176870748,1.3605442176870748,0.6802721088435374,0.6802721088435374,2.7210884353741496,6.802721088435375,0.0,2.0408163265306123,0.6802721088435374,0.0,0.0,61.904761904761905,0.0,1.3605442176870748,6.802721088435375,108.843537414966,0.6802721088435374,0.0,0.0,0.0,0.0,2.7210884353741496,0.0,4.081632653061225,4.761904761904762,0.6802721088435374,1.3605442176870748,0.0,0.0,0.6802721088435374,11.564625850340136,7.687074829931974,0.0,0.0,2.7210884353741496,0.6802721088435374,1.0
CD_I998180,Bailey Banfield,Fremantle,Interchange,41.0,"https://s.afl.com.au/staticfile/AFL Tenant/AFL/Players/ChampIDImages/AFL/2026014/998180.png?im=Scale,width=0.6,height=0.6",0.03791666666666667,0.9099999999999999,1,4.395604395604396,3.296703296703297,10.98901098901099,15.384615384615387,10.98901098901099,0.0,0.0,0.0,3.296703296703297,3.296703296703297,0.0,1.098901098901099,4.395604395604396,0.0,0.0,6.593406593406594,8.791208791208792,0.0,0.0,1.098901098901099,0.0,0.0,58.24175824175825,0.0,1.098901098901099,0.0,94.50549450549451,3.296703296703297,5.494505494505495,0.0,1.098901098901099,1.098901098901099,0.0,0.0,12.08791208791209,1.098901098901099,0.0,6.593406593406594,0.0,1.098901098901099,0.0,13.186813186813188,4.945054945054945,0.0,0.0,0.0,1.098901098901099,1.0
CD_I996708,Bailey Dale,Western Bulldogs,Half-Back,31.0,"https://s.afl.com.au/staticfile/AFL Tenant/AFL/Players/ChampIDImages/AFL/2026014/996708.png?im=Scale,width=0.6,height=0.6",0.666,16.65,20,23.903903903903906,5.405405405405406,7.7477477477477485,31.651651651651655,24.684684684684687,0.12012012012012013,0.3003003003003003,0.0,1.6816816816816818,7.6876876876876885,2.042042042042042,0.7807807807807808,3.4234234234234235,0.7207207207207208,0.5405405405405406,6.126126126126127,15.915915915915917,0.3003003003003003,0.0,2.2222222222222223,1.5615615615615617,0.42042042042042044,110.27027027027027,0.0,0.7807807807807808,4.864864864864865,655.7957957957958,4.504504504504505,7.567567567567568,0.060060060060060066,0.1801801801801802,0.48048048048048053,0.0,0.0,7.327327327327328,18.55855855855856,0.1801801801801802,5.045045045045046,0.0,1.801801801801802,0.1801801801801802,9.96996996996997,15.48948948948949,0.0,2.2222222222222223,0.6006006006006006,1.9219219219219221,1.0
CD_I1023500,Bailey Humphrey,Gold Coast SUNS,Centre Half-Forward,19.0,"https://s.afl.com.au/staticfile/AFL Tenant/AFL/Players/ChampIDImages/AFL/2026014/1023500.png?im=Scale,width=0.6,height=0.6",0.7060869565217391,16.240000000000002,20,8.928571428571427,3.571428571428571,7.820197044334974,16.748768472906402,10.591133004926107,1.3546798029556648,1.6009852216748766,0.0,3.75615763546798,0.30788177339901474,4.1871921182266005,1.7857142857142856,3.5098522167487682,0.8620689655172413,1.9704433497536944,7.881773399014778,9.60591133004926,0.43103448275862066,1.6625615763546795,0.8004926108374383,0.1231527093596059,1.0467980295566501,72.84482758620689,0.6157635467980295,1.169950738916256,6.773399014778325,323.70689655172407,4.679802955665024,1.8472906403940885,1.9088669950738915,0.0,0.0,1.169950738916256,0.2463054187192118,3.633004926108374,4.371921182266009,2.6477832512315267,5.788177339901477,0.0,0.2463054187192118,1.108374384236453,16.194581280788174,11.188423645320198,0.0,1.169950738916256,3.879310344827586,0.36945812807881767,1.0
CD_I1006114,Bailey J. Williams,West Coast Eagles,Ruck,32.0,"https://s.afl.com.au/staticfile/AFL Tenant/AFL/Players/ChampIDImages/AFL/2026014/1006114.png?im=Scale,width=0.6,height=0.6",0.6439130434782608,14.809999999999999,19,9.520594193112762,2.633355840648211,7.427413909520594,16.948008102633356,10.533423362592844,0.5401755570560433,0.47265361242403786,38.48750844024308,3.848750844024308,1.823092505064146,3.308575286968265,6.684672518568536,3.848750844024308,2.363268062120189,1.485482781904119,12.694125590817016,4.794058068872384,1.4179608372721135,0.40513166779203247,3.37609723160027,0.0,0.675219446320054,106.81971640783256,2.295746117488184,4.388926401080352,5.401755570560432,273.6664415935179,3.646185010128292,2.4983119513842,0.47265361242403786,0.20256583389601623,0.337609723160027,0.6076975016880487,0.0,6.61715057393653,5.064145847400406,0.6076975016880487,4.794058068872384,9.72316002700878,1.012829169480081,0.337609723160027,15.124915597569212,14.767049291019582,91.0871033085753,4.25388251181634,1.350438892640108,2.4983119513842,1.0
CD_I1012826,Bailey Laurie,Melbourne,"Half-Back, Half-Forward",16.0,"https://s.afl.com.au/staticfile/AFL Tenant/AFL/Players/ChampIDImages/AFL/2026014/1012826.png?im=Scale,width=0.6,height=0.6",0.45249999999999996,10.86,17,11.049723756906078,4.143646408839779,8.56353591160221,19.613259668508288,12.707182320441989,1.1970534069981584,1.1970534069981584,0.0,3.130755064456722,1.1970534069981584,3.406998158379374,1.0128913443830572,3.130755064456722,0.3683241252302026,0.8287292817679558,5.801104972375691,13.535911602209945,0.09208103130755065,0.8287292817679558,0.8287292817679558,0.1841620626151013,0.8287292817679558,81.49171270718233,0.09208103130755065,0.9208103130755065,7.366482504604052,331.6758747697974,2.85451197053407,1.1970534069981584,1.4732965009208103,0.0,0.0,0.09208103130755065,0.0,6.077348066298343,6.077348066298343,1.841620626151013,4.6040515653775325,0.0,0.1841620626151013,0.27624309392265195,18.876611418047883,9.447513812154696,0.0,0.7366482504604052,2.85451197053407,0.1841620626151013,1.0
CD_I1029261,Bailey Macdonald,Hawthorn,Half-Back,42.0,"https://s.afl.com.au/staticfile/AFL Tenant/AFL/Players/ChampIDImages/AFL/2026014/1029261.png?im=Scale,width=0.6,height=0.6",0.4083333333333333,9.8,13,7.448979591836734,3.36734693877551,9.489795918367346,16.93877551020408,13.46938775510204,0.0,0.1020408163265306,0.0,4.285714285714286,1.8367346938775508,1.6326530612244896,0.4081632653061224,2.0408163265306123,0.6122448979591836,0.9183673469387754,5.1020408163265305,11.020408163265305,0.0,0.0,2.0408163265306123,0.5102040816326531,0.1020408163265306,66.53061224489795,0.0,0.4081632653061224,2.8571428571428568,238.97959183673467,1.9387755102040816,5.3061224489795915,0.2040816326530612,0.3061224489795918,0.6122448979591836,0.1020408163265306,0.0,10.612244897959183,5.0,0.1020408163265306,4.591836734693877,0.0,0.4081632653061224,0.1020408163265306,15.918367346938775,8.540816326530612,0.0,0.7142857142857142,0.1020408163265306,1.9387755102040816,1.0
CD_I1006058,Bailey Scott,North Melbourne,Interchange,8.0,"https://s.afl.com.au/staticfile/AFL Tenant/AFL/Players/ChampIDImages/AFL/2026014/1006058.png?im=Scale,width=0.6,height=0.6",0.09391304347826086,2.1599999999999997,3,7.407407407407408,5.0925925925925934,8.796296296296298,16.203703703703706,12.037037037037038,0.0,0.462962962962963,0.0,3.703703703703704,1.851851851851852,2.3148148148148153,0.462962962962963,1.851851851851852,0.0,0.462962962962963,2.3148148148148153,14.351851851851853,0.0,0.462962962962963,1.388888888888889,0.0,0.0,68.9814814814815,0.0,0.462962962962963,3.2407407407407414,185.64814814814818,2.3148148148148153,0.925925925925926,0.0,0.462962962962963,0.462962962962963,0.0,0.0,7.870370370370371,4.629629629629631,0.925925925925926,2.3148148148148153,0.0,0.925925925925926,0.462962962962963,17.129629629629633,4.351851851851853,0.0,0.0,0.462962962962963,1.388888888888889,1.0
CD_I1006130,Bailey Smith,Geelong Cats,Centre,3.0,"https://s.afl.com.au/staticfile/AFL Tenant/AFL/Players/ChampIDImages/AFL/2026014/1006130.png?im=Scale,width=0.6,height=0.6",0.8049999999999999,19.32,23,23.65424430641822,4.658385093167702,14.906832298136646,38.56107660455486,25.5175983436853,0.5693581780538303,0.3105590062111801,0.0,5.693581780538302,3.7267080745341614,8.747412008281573,6.418219461697722,4.761904761904762,1.7080745341614907,0.9316770186335404,13.146997929606625,23.29192546583851,0.15527950310559005,0.3105590062111801,1.4492753623188406,0.8799171842650103,1.0869565217391304,140.1656314699793,3.1573498964803313,3.260869565217391,8.592132505175984,747.0496894409938,7.608695652173913,3.9855072463768115,0.6211180124223602,0.0,0.0,0.0,0.0,10.144927536231885,14.699792960662526,1.0351966873706004,8.850931677018634,0.0,0.4658385093167702,0.7763975155279503,20.910973084886127,18.033126293995856,0.0,2.070393374741201,1.1904761904761905,0.41407867494824013,1.0
CD_I992351,Bailey Williams,Western Bulldogs,Wing,34.0,"https://s.afl.com.au/staticfile/AFL Tenant/AFL/Players/ChampIDImages/AFL/2026014/992351.png?im=Scale,width=0.6,height=0.6",0.6247999999999999,15.62,19,14.596670934699105,6.9142125480153656,9.923175416133162,24.519846350832267,19.14212548015365,0.44814340588988477,0.5121638924455826,0.0,2.176696542893726,3.6491677336747763,3.0729833546734957,1.088348271446863,2.8169014084507045,0.9603072983354674,0.8322663252240717,6.338028169014085,17.221510883482715,0.2560819462227913,0.5761843790012804,1.2804097311139566,0.7682458386683739,0.19206145966709348,94.75032010243278,0.06402048655569782,1.0243277848911652,4.161331626120359,469.4622279129322,5.249679897567222,5.633802816901409,0.38412291933418696,0.38412291933418696,0.6402048655569783,0.06402048655569782,0.0,6.594110115236876,10.563380281690142,0.38412291933418696,5.1216389244558265,0.0,1.088348271446863,0.38412291933418696,10.755441741357235,10.928297055057618,0.0,1.2163892445582587,1.0243277848911652,1.088348271446863,1.0
CD_I1032329,Balyn O'Brien,Port Adelaide,"Back-Pocket, Half-Back, Half-Back",41.0,"https://s.afl.com.au/staticfile/AFL Tenant/AFL/Players/ChampIDImages/AFL/2026014/1032329.png?im=Scale,width=0.6,height=0.6",0.1908695652173913,4.39,6,5.239179954441914,2.277904328018223,4.328018223234625,9.567198177676538,7.744874715261959,0.0,0.0,0.0,2.5056947608200457,1.8223234624145788,0.9111617312072894,1.1389521640091116,2.9612756264236904,0.9111617312072894,0.6833712984054671,4.100227790432802,5.4669703872437365,0.0,0.0,2.7334851936218683,0.0,0.0,40.09111617312073,0.22779043280182235,0.9111617312072894,1.1389521640091116,128.01822323462414,2.050113895216401,3.189066059225513,0.0,0.22779043280182235,1.1389521640091116,0.0,0.0,9.111617312072893,3.8724373576309796,0.0,2.9612756264236904,0.0,0.4555808656036447,0.0,11.389521640091116,5.785876993166287,0.0,0.4555808656036447,0.22779043280182235,2.5056947608200457,1.0
CD_I1001438,Bayley Fritsch,Melbourne,Forward Pocket,31.0,"https://s.afl.com.au/staticfile/AFL Tenant/AFL/Players/ChampIDImages/AFL/2026014/1001438.png?im=Scale,width=0.6,height=0.6",0.7899999999999999,18.96,22,9.70464135021097,4.272151898734177,5.116033755274262,14.82067510548523,10.337552742616033,1.8987341772151898,1.00210970464135,0.0,2.5843881856540083,0.3164556962025316,2.7953586497890295,0.6329113924050632,1.6877637130801686,1.0548523206751055,0.47468354430379744,5.485232067510548,9.546413502109704,0.6329113924050632,1.7932489451476792,1.2658227848101264,0.3164556962025316,0.8438818565400843,74.5253164556962,0.05274261603375527,0.580168776371308,6.909282700421941,283.7025316455696,2.2679324894514767,1.3185654008438819,1.00210970464135,0.0,0.0,1.160337552742616,0.3164556962025316,2.6371308016877637,6.381856540084388,1.4767932489451476,3.5864978902953584,0.0,0.1582278481012658,1.160337552742616,11.49789029535865,12.526371308016877,0.0,0.7383966244725738,3.5337552742616034,0.9493670886075949,1.0
CD_I1032398,Beau Addinsall,Gold Coast SUNS,Centre Half-Forward,38.0,"https://s.afl.com.au/staticfile/AFL Tenant/AFL/Players/ChampIDImages/AFL/2026014/1032398.png?im=Scale,width=0.6,height=0.6",0.27,6.21,9,9.98389694041868,5.314009661835748,14.814814814814815,24.798711755233494,17.8743961352657,0.322061191626409,0.0,0.0,3.0595813204508855,1.1272141706924315,2.576489533011272,3.0595813204508855,3.3816425120772946,0.8051529790660226,0.8051529790660226,7.729468599033816,16.10305958132045,0.1610305958132045,0.322061191626409,0.644122383252818,0.4830917874396135,0.322061191626409,88.08373590982286,0.4830917874396135,2.576489533011272,5.152979066022544,240.25764895330113,3.2206119162640903,2.737520128824477,0.644122383252818,0.0,0.0,0.0,0.0,11.11111111111111,5.314009661835748,0.644122383252818,5.475040257648954,0.0,0.0,0.1610305958132045,18.840579710144926,9.339774557165862,0.0,1.7713365539452497,0.644122383252818,0.322061191626409,1.0
CD_I1004757,Beau McCreery,Collingwood,Half-Forward,31.0,"https://s.afl.com.au/staticfile/AFL Tenant/AFL/Players/ChampIDImages/AFL/2026014/1004757.png?im=Scale,width=0.6,height=0.6",0.7433333333333334,17.84,23,9.473094170403588,2.802690582959641,9.13677130044843,18.609865470852018,13.565022421524663,0.7286995515695067,0.5605381165919282,0.0,6.278026905829597,0.7286995515695067,4.708520179372197,2.1300448430493275,4.0358744394618835,0.6165919282511211,1.4013452914798206,7.34304932735426,10.762331838565023,0.2242152466367713,0.336322869955157,1.289237668161435,1.345291479820628,0.8968609865470852,81.55829596412556,1.0089686098654709,1.1210762331838564,6.109865470852018,372.86995515695065,4.091928251121076,2.0179372197309418,1.4573991031390134,0.0,0.0,0.8408071748878924,0.336322869955157,9.248878923766815,5.493273542600897,1.2331838565022422,5.54932735426009,0.0,0.1681614349775785,0.5044843049327354,27.91479820627803,14.641255605381165,0.0,1.0089686098654709,1.7376681614349776,0.5044843049327354,1.0
CD_I998130,Ben Ainsworth,Carlton,Half-Forward,12.0,"https://s.afl.com.au/staticfile/AFL Tenant/AFL/Players/ChampIDImages/AFL/2026014/998130.png?im=Scale,width=0.6,height=0.6",0.7876000000000001,19.69,25,12.950736414423565,6.907059421025901,9.547993905535805,22.498730319959368,16.302691721686134,1.5236160487557135,1.015744032503809,0.0,1.7775520568816656,0.5078720162519045,4.266124936515998,1.3204672422549517,2.945657694261046,0.457084814626714,0.6602336211274759,4.926358557643473,17.521584560690705,0.15236160487557135,1.3712544438801422,0.35551041137633316,0.457084814626714,0.8125952260030472,94.41340782122904,0.25393600812595224,1.0665312341289994,7.465718638902996,361.8080243778568,3.3519553072625694,1.472828847130523,0.5586592178770949,0.0,0.0,0.15236160487557135,0.0,4.4692737430167595,8.379888268156424,1.2188928390045708,4.012188928390046,0.0,0.0,1.7267648552564752,14.017267648552563,10.563737938039614,0.0,1.015744032503809,3.1995937023869985,0.2031488065007618,1.0
CD_I1011950,Ben Jepson,Gold Coast SUNS,Wing,44.0,"https://s.afl.com.au/staticfile/AFL Tenant/AFL/Players/ChampIDImages/AFL/2026014/1011950.png?im=Scale,width=0.6,height=0.6",0.15,3.45,5,9.27536231884058,5.797101449275362,6.08695652173913,15.362318840579709,12.753623188405797,0.0,0.2898550724637681,0.0,3.4782608695652173,2.318840579710145,1.7391304347826086,0.5797101449275363,2.0289855072463765,0.8695652173913043,1.1594202898550725,3.7681159420289854,11.594202898550725,0.2898550724637681,0.0,0.5797101449275363,0.2898550724637681,0.2898550724637681,68.98550724637681,0.0,0.5797101449275363,2.318840579710145,279.1304347826087,1.7391304347826086,2.318840579710145,0.5797101449275363,0.2898550724637681,0.2898550724637681,0.0,0.0,7.246376811594202,7.826086956521738,0.0,2.318840579710145,0.0,0.2898550724637681,0.2898550724637681,13.623188405797102,6.260869565217392,0.0,0.0,0.2898550724637681,0.5797101449275363,1.0
CD_I993946,Ben Keays,Adelaide Crows,Half-Forward,2.0,"https://s.afl.com.au/staticfile/AFL Tenant/AFL/Players/ChampIDImages/AFL/2026014/993946.png?im=Scale,width=0.6,height=0.6",0.8616666666666667,20.68,24,9.622823984526113,3.239845261121857,7.2533849129593815,16.876208897485494,11.65377176015474,1.5473887814313347,0.5802707930367504,0.0,3.5783365570599615,0.3868471953578337,2.9497098646034816,0.9187620889748549,2.852998065764023,0.8704061895551257,0.9187620889748549,6.334622823984526,9.622823984526113,0.24177949709864605,0.9187620889748549,0.9671179883945842,0.04835589941972921,1.402321083172147,75.38684719535783,0.1450676982591876,0.7736943907156674,6.141199226305609,242.06963249516443,3.6750483558994196,1.3056092843326885,1.4506769825918762,0.0,0.0,0.5802707930367504,0.09671179883945842,4.4003868471953576,5.560928433268859,1.9342359767891684,4.980657640232108,0.0,0.1450676982591876,0.5319148936170213,17.11798839458414,12.654738878143133,0.0,0.8220502901353965,2.4661508704061896,0.33849129593810445,1.0
CD_I1006144,Ben King,Gold Coast SUNS,Full-Forward,34.0,"https://s.afl.com.au/staticfile/AFL Tenant/AFL/Players/ChampIDImages/AFL/2026014/1006144.png?im=Scale,width=0.6,height=0.6",0.8608695652173913,19.8,23,6.4141414141414135,4.242424242424242,2.4242424242424243,8.838383838383837,6.212121212121212,3.0303030303030303,1.3131313131313131,0.10101010101010101,0.7070707070707071,0.0,1.1616161616161615,0.050505050505050504,1.9696969696969697,1.0101010101010102,1.1616161616161615,3.888888888888889,5.0,1.1111111111111112,3.2323232323232323,1.0606060606060606,0.15151515151515152,0.20202020202020202,56.76767676767677,0.0,0.050505050505050504,5.555555555555555,174.39393939393938,1.6161616161616161,0.6060606060606061,0.25252525252525254,0.0,0.050505050505050504,2.525252525252525,0.7575757575757576,0.9595959595959596,4.141414141414141,1.3131313131313131,1.7676767676767675,0.050505050505050504,0.10101010101010101,1.4646464646464645,6.565656565656566,8.202020202020202,0.5555555555555556,0.20202020202020202,4.696969696969697,1.0101010101010102,1.0
CD_I993917,Ben Long,Gold Coast SUNS,Forward Pocket,22.0,"https://s.afl.com.au/staticfile/AFL Tenant/AFL/Players/ChampIDImages/AFL/2026014/993917.png?im=Scale,width=0.6,height=0.6",0.721304347826087,16.59,21,8.077154912597951,3.9180229053646776,4.761904761904762,12.839059674502712,8.378541289933695,1.6877637130801688,1.024713682941531,0.0,3.134418324291742,0.3013863773357444,2.8330319469559977,0.7233273056057866,3.9783001808318263,0.5424954792043399,1.4466546112115732,5.424954792043399,7.052441229656419,0.4219409282700422,1.5069318866787222,1.8685955394816154,0.06027727546714889,0.9041591320072333,65.40084388185655,0.0,0.7233273056057866,6.570223025919229,225.79867389993973,3.3755274261603376,1.1452682338758289,1.8083182640144666,0.0,0.0,1.4466546112115732,0.24110910186859555,1.8083182640144666,4.219409282700422,2.2905364677516578,3.79746835443038,0.0,0.3013863773357444,1.3863773357444245,12.41711874623267,9.138034960819772,0.0,0.4822182037371911,3.2549728752260396,0.9644364074743822,1.0
CD_I1002143,Ben McKay,Essendon,Full-Back,32.0,"https://s.afl.com.au/staticfile/AFL Tenant/AFL/Players/ChampIDImages/AFL/2026014/1002143.png?im=Scale,width=0.6,height=0.6",0.5960869565217392,13.709999999999999,15,5.762217359591539,5.105762217359592,4.37636761487965,10.13858497447119,8.242159008023341,0.43763676148796504,0.5105762217359592,0.8752735229759301,1.2399708242159009,1.4587892049598834,0.5835156819839533,0.5105762217359592,2.188183807439825,0.7293946024799417,0.9482129832239242,4.011670313639679,5.981035740335522,1.0940919037199126,0.8023340627279358,2.6258205689277903,0.07293946024799416,0.14587892049598833,48.21298322392415,0.14587892049598833,0.36469730123997085,2.7716994894237783,98.03063457330417,1.4587892049598834,4.011670313639679,0.36469730123997085,0.5105762217359592,2.0423048869438367,0.5835156819839533,0.0,4.157549234135668,4.230488694383662,0.21881838074398252,2.0423048869438367,0.07293946024799416,1.677607585703866,0.6564551422319476,6.929248723559446,6.170678336980306,2.6258205689277903,0.5105762217359592,0.9482129832239242,2.4799416484318018,1.0
CD_I1002403,Ben Miller,Richmond,Full-Back,12.0,"https://s.afl.com.au/staticfile/AFL Tenant/AFL/Players/ChampIDImages/AFL/2026014/1002403.png?im=Scale,width=0.6,height=0.6",0.8539130434782609,19.64,21,10.641547861507128,6.262729124236253,4.022403258655804,14.663951120162933,12.729124236252545,0.0,0.0,0.15274949083503053,1.6293279022403258,4.887983706720977,0.3564154786150713,0.15274949083503053,2.1384928716904277,0.7128309572301426,1.0183299389002036,3.6659877800407332,9.317718940936864,0.7128309572301426,0.0,7.230142566191446,0.40733197556008144,0.10183299389002036,63.085539714867615,0.05091649694501018,0.10183299389002036,1.7311608961303462,285.3869653767821,1.8839103869653768,4.887983706720977,0.0,0.8146639511201629,3.4114052953156824,0.10183299389002036,0.05091649694501018,5.54989816700611,9.368635437881874,0.0,1.8839103869653768,0.0,1.6293279022403258,0.05091649694501018,6.670061099796333,8.808553971486761,0.7128309572301426,0.8655804480651731,0.0,6.364562118126273,1.0
CD_I1007053,Billy Cootee,Sydney Swans,Forward Pocket,25.0,"https://s.afl.com.au/staticfile/AFL Tenant/AFL/Players/ChampIDImages/AFL/2026014/1007053.png?im=Scale,width=0.6,height=0.6",0.29375,7.05,10,7.943262411347518,3.8297872340425534,7.092198581560284,15.035460992907801,9.929078014184398,1.702127659574468,0.5673758865248227,0.0,4.25531914893617,0.0,3.404255319148936,0.9929078014184397,3.6879432624113475,0.851063829787234,1.2765957446808511,5.1063829787234045,10.354609929078014,0.0,1.702127659574468,1.1347517730496455,0.425531914893617,0.851063829787234,74.32624113475177,0.28368794326241137,0.7092198581560284,6.24113475177305,271.06382978723406,3.546099290780142,1.1347517730496455,1.8439716312056738,0.0,0.0,0.9929078014184397,0.14184397163120568,4.539007092198582,4.539007092198582,0.9929078014184397,3.8297872340425534,0.0,0.0,0.7092198581560284,18.01418439716312,8.099290780141844,0.0,0.7092198581560284,2.6950354609929077,0.425531914893617,1.0
CD_I1015329,Billy Dowling,Adelaide Crows,Interchange,31.0,"https://s.afl.com.au/staticfile/AFL Tenant/AFL/Players/ChampIDImages/AFL/2026014/1015329.png?im=Scale,width=0.6,height=0.6",0.08958333333333333,2.15,3,10.697674418604652,6.976744186046512,9.767441860465116,20.46511627906977,13.953488372093023,1.3953488372093024,1.3953488372093024,0.0,5.116279069767442,1.8604651162790697,2.7906976744186047,3.255813953488372,2.3255813953488373,0.46511627906976744,0.46511627906976744,8.837209302325581,12.093023255813954,0.46511627906976744,2.3255813953488373,0.0,0.0,0.46511627906976744,101.86046511627907,0.0,3.255813953488372,7.906976744186047,340.0,2.7906976744186047,0.9302325581395349,0.9302325581395349,0.0,0.0,0.9302325581395349,0.46511627906976744,8.837209302325581,6.046511627906977,1.3953488372093024,6.511627906976744,0.0,0.0,0.0,17.674418604651162,12.69767441860465,0.0,1.8604651162790697,2.7906976744186047,0.0,1.0
CD_I991773,Billy Frampton,Collingwood,Back-Pocket,17.0,"https://s.afl.com.au/staticfile/AFL Tenant/AFL/Players/ChampIDImages/AFL/2026014/991773.png?im=Scale,width=0.6,height=0.6",0.96625,23.19,24,7.546356188012074,5.648986632169038,4.527813712807244,12.074169900819317,10.651142733937041,0.0,0.0,0.0,1.1642949547218628,3.1910306166451057,0.43122035360068994,0.08624407072013798,2.1561017680034498,0.9486847779215178,1.1211729193617939,4.096593359206555,8.063820612332902,0.6899525657611039,0.0,8.408796895213454,0.04312203536006899,0.0,50.884001724881415,0.0,0.08624407072013798,2.3285899094437257,166.36481241914618,1.4661492022423457,6.2526951272100035,0.0,0.9486847779215178,3.4928848641655885,0.0,0.0,3.8378611470461403,6.42518326865028,0.04312203536006899,2.3285899094437257,0.0,2.4579560155239326,0.08624407072013798,4.872789995687796,8.814144027598102,0.04312203536006899,1.1211729193617939,0.0,7.589478223372143,1.0
CD_I1027678,Billy Wilson,Carlton,Half-Back,15.0,"https://s.afl.com.au/staticfile/AFL Tenant/AFL/Players/ChampIDImages/AFL/2026014/1027678.png?im=Scale,width=0.6,height=0.6",0.5147999999999999,12.87,17,17.094017094017094,6.682206682206683,9.246309246309247,26.340326340326342,20.97902097902098,0.0,0.07770007770007771,0.0,2.5641025641025643,5.050505050505051,2.331002331002331,0.9324009324009325,2.874902874902875,0.543900543900544,0.8547008547008548,5.205905205905206,17.560217560217563,0.0,0.0,1.320901320901321,1.4763014763014763,0.15540015540015542,98.13519813519814,0.15540015540015542,0.7770007770007771,5.205905205905206,475.83527583527587,3.885003885003885,4.118104118104118,0.0,0.23310023310023312,0.46620046620046623,0.0,0.0,10.8003108003108,13.209013209013209,0.0,4.273504273504273,0.0,0.46620046620046623,0.6993006993006994,14.996114996114997,9.976689976689977,0.0,1.087801087801088,0.15540015540015542,0.6993006993006994,1.0
CD_I296294,Blake Acres,Carlton,Wing,13.0,"https://s.afl.com.au/staticfile/AFL Tenant/AFL/Players/ChampIDImages/AFL/2026014/296294.png?im=Scale,width=0.6,height=0.6",0.3944,9.86,12,15.212981744421908,7.809330628803246,9.432048681541582,24.64503042596349,18.356997971602436,0.30425963488843816,0.8113590263691685,0.0,2.7383367139959436,2.636916835699797,3.4482758620689657,0.9127789046653144,2.8397565922920895,0.40567951318458423,0.6085192697768763,5.37525354969574,18.661257606490874,0.10141987829614606,0.7099391480730224,1.5212981744421907,0.20283975659229211,0.9127789046653144,100.10141987829616,0.10141987829614606,0.8113590263691685,6.69371196754564,392.39350912778906,3.6511156186612577,4.259634888438134,0.5070993914807302,0.0,0.30425963488843816,0.40567951318458423,0.0,5.882352941176471,10.344827586206897,0.7099391480730224,4.259634888438134,0.0,0.5070993914807302,0.8113590263691685,15.212981744421908,8.164300202839756,0.30425963488843816,0.9127789046653144,1.3184584178498986,1.0141987829614605,1.0
CD_I993794,Blake Hardwick,Hawthorn,Back-Pocket,15.0,"https://s.afl.com.au/staticfile/AFL Tenant/AFL/Players/ChampIDImages/AFL/2026014/993794.png?im=Scale,width=0.6,height=0.6",0.9,21.6,24,13.796296296296296,6.481481481481481,5.879629629629629,19.675925925925924,16.574074074074073,0.41666666666666663,0.18518518518518517,0.0,2.638888888888889,3.7037037037037033,1.3888888888888888,0.37037037037037035,2.4537037037037037,0.8333333333333333,0.8796296296296295,5.092592592592593,12.5,0.6944444444444444,0.4629629629629629,3.2407407407407405,0.32407407407407407,0.046296296296296294,84.02777777777777,0.046296296296296294,0.32407407407407407,4.351851851851851,353.05555555555554,2.7314814814814814,6.018518518518518,0.27777777777777773,0.23148148148148145,0.6481481481481481,0.4629629629629629,0.23148148148148145,7.453703703703703,11.342592592592592,0.13888888888888887,3.3796296296296293,0.0,1.4814814814814814,0.5555555555555555,11.342592592592592,11.564814814814815,0.0,2.083333333333333,0.8333333333333333,2.5925925925925926,1.0
CD_I1017122,Blake Howes,Melbourne,"Back-Pocket, Half-Back",22.0,"https://s.afl.com.au/staticfile/AFL Tenant/AFL/Players/ChampIDImages/AFL/2026014/1017122.png?im=Scale,width=0.6,height=0.6",0.6716666666666666,16.119999999999997,20,9.677419354838712,6.017369727047147,9.119106699751862,18.796526054590572,15.446650124069482,0.0,0.0,0.0,2.419354838709678,2.6674937965260552,1.426799007444169,0.3101736972704715,2.2332506203473947,0.1240694789081886,0.806451612903226,5.148883374689827,13.585607940446652,0.3722084367245658,0.0,3.3498759305210926,0.0,0.2481389578163772,72.70471464019852,0.0620347394540943,0.2481389578163772,3.4739454094292808,246.33995037220848,2.3573200992555834,5.086848635235733,0.0620347394540943,0.1861042183622829,0.8684863523573202,0.0,0.0,8.436724565756824,7.8163771712158825,0.0,4.5285359801488845,0.0,1.1786600496277917,0.1861042183622829,11.166253101736974,8.753101736972706,0.0,1.054590570719603,0.1240694789081886,2.6054590570719607,1.0
CD_I1028449,Bo Allan,West Coast Eagles,Wing,26.0,"https://s.afl.com.au/staticfile/AFL Tenant/AFL/Players/ChampIDImages/AFL/2026014/1028449.png?im=Scale,width=0.6,height=0.6",0.6534782608695652,15.029999999999998,19,9.514304723885564,3.992015968063873,6.919494344644046,16.43379906852961,11.976047904191619,0.3326679973386561,0.19960079840319364,0.0,2.5948103792415176,1.4637391882900868,2.5948103792415176,1.3972055888223556,3.592814371257486,0.5322687957418497,1.264138389886893,6.3872255489021965,10.246174318030608,0.5988023952095809,0.3326679973386561,1.1310711909514306,0.3326679973386561,0.3326679973386561,63.67265469061877,0.26613439787092485,1.1310711909514306,3.8589487691284106,319.3612774451098,3.459747172322023,4.125083166999335,0.3326679973386561,0.13306719893546243,0.3992015968063873,0.3326679973386561,0.13306719893546243,6.520292747837659,6.320691949434465,0.3326679973386561,4.9234863606121095,0.0,0.7984031936127746,0.5322687957418497,12.441783100465738,8.023952095808385,0.0,1.264138389886893,0.5988023952095809,0.7318695941450434,1.0
CD_I1017665,Bodhi Uwland,Gold Coast SUNS,"Back-Pocket, Half-Back",6.0,"https://s.afl.com.au/staticfile/AFL Tenant/AFL/Players/ChampIDImages/AFL/2026014/1017665.png?im=Scale,width=0.6,height=0.6",0.8621739130434783,19.830000000000002,23,17.246596066565807,7.312153303076147,9.531013615733736,26.777609682299545,22.74331820474029,0.050428643469490664,0.050428643469490664,0.0,2.0171457387796266,4.841149773071104,1.8658598083711546,0.5042864346949066,2.723146747352496,1.2607160867372667,0.6555723651033787,6.656580937972768,14.674735249621785,0.605143721633888,0.0,6.202723146747352,0.5042864346949066,0.35300050428643465,100.4538577912254,0.10085728693898133,0.4034291477559253,4.185577407967726,465.30509329299036,3.6812909732728185,7.51386787695411,0.050428643469490664,0.2521432173474533,1.4120020171457386,0.050428643469490664,0.0,7.211296016137165,14.725163893091274,0.10085728693898133,4.639435199193141,0.0,2.1684316691880987,0.2521432173474533,9.732728189611699,14.15532022188603,0.0,1.7145738779626827,0.20171457387796266,5.748865355521936,1.0
CD_I1022473,Bodie Ryan,Hawthorn,"Half-Back, Half-Back",26.0,"https://s.afl.com.au/staticfile/AFL Tenant/AFL/Players/ChampIDImages/AFL/2026014/1022473.png?im=Scale,width=0.6,height=0.6",0.15874999999999997,3.8099999999999996,5,10.236220472440946,4.986876640419948,3.1496062992125986,13.385826771653544,11.548556430446196,0.0,0.0,0.0,1.5748031496062993,1.5748031496062993,0.7874015748031497,0.2624671916010499,3.1496062992125986,0.5249343832020998,1.8372703412073492,2.0997375328083994,10.498687664041995,0.2624671916010499,0.0,1.3123359580052494,0.0,0.2624671916010499,53.28083989501313,0.0,0.2624671916010499,2.0997375328083994,223.88451443569556,1.8372703412073492,3.1496062992125986,0.0,0.2624671916010499,0.5249343832020998,0.0,0.0,4.724409448818898,8.661417322834646,0.0,1.3123359580052494,0.0,1.0498687664041997,0.0,8.136482939632547,3.6745406824146984,0.0,0.7874015748031497,0.0,1.3123359580052494,1.0
CD_I999326,Brad Close,Geelong Cats,Half-Forward,45.0,"https://s.afl.com.au/staticfile/AFL Tenant/AFL/Players/ChampIDImages/AFL/2026014/999326.png?im=Scale,width=0.6,height=0.6",0.5545833333333333,13.309999999999999,17,6.386175807663411,2.779864763335838,7.212622088655147,13.598797896318558,9.992486851990986,0.8264462809917357,0.9015777610818934,0.0,3.0052592036063115,0.22539444027047334,2.9301277235161534,0.37565740045078894,1.5026296018031557,1.051840721262209,0.37565740045078894,5.033809166040571,8.790383170548461,0.22539444027047334,1.051840721262209,1.051840721262209,0.0,0.9767092411720512,59.72952667167544,0.07513148009015778,0.30052592036063114,6.085649887302781,201.87828700225396,1.728024042073629,1.5777610818933134,1.2021036814425246,0.0,0.0,1.051840721262209,0.15026296018031557,4.0570999248685204,3.6814425244177316,1.2772351615326822,3.3057851239669427,0.0,0.30052592036063114,0.4507888805409467,18.031555221637866,9.932381667918857,0.07513148009015778,0.6010518407212623,1.9534184823441023,0.4507888805409467,1.0
CD_I295584,Bradley Hill,St Kilda,Centre Half-Back,8.0,"https://s.afl.com.au/staticfile/AFL Tenant/AFL/Players/ChampIDImages/AFL/2026014/295584.png?im=Scale,width=0.6,height=0.6",0.8586956521739131,19.75,23,20.60759493670886,7.746835443037975,11.291139240506329,31.89873417721519,25.367088607594937,0.45569620253164556,0.20253164556962025,0.0,1.9746835443037976,3.6962025316455698,4.0,0.9113924050632911,3.189873417721519,0.35443037974683544,0.6075949367088608,4.405063291139241,25.417721518987342,0.0,0.25316455696202533,1.8227848101265822,1.1139240506329113,0.6582278481012658,117.0126582278481,0.1518987341772152,0.759493670886076,6.987341772151899,570.7341772151899,5.265822784810126,3.8987341772151898,0.05063291139240506,0.05063291139240506,0.1518987341772152,0.05063291139240506,0.0,7.3924050632911396,15.341772151898734,0.20253164556962025,3.2911392405063293,0.0,0.35443037974683544,1.1645569620253164,12.708860759493671,12.51645569620253,0.0,1.2658227848101267,0.7088607594936709,0.759493670886076,1.0
CD_I1023167,Brady Hough,West Coast Eagles,Back-Pocket,19.0,"https://s.afl.com.au/staticfile/AFL Tenant/AFL/Players/ChampIDImages/AFL/2026014/1023167.png?im=Scale,width=0.6,height=0.6",0.7960869565217391,18.31,23,8.574549426542873,5.461496450027308,7.373020207536865,15.94756963407974,13.052976515565266,0.3276897870016385,0.10922992900054616,0.0,3.1676679410158384,2.4576734025122886,1.4746040415073731,0.8192244675040962,2.239213544511196,0.8192244675040962,1.2015292190060076,4.42381212452212,11.906062261059532,0.10922992900054616,0.10922992900054616,2.4030584380120152,0.0,0.2730748225013654,68.81485527034408,0.2730748225013654,0.5461496450027308,3.003823047515019,244.40196613872203,2.6761332605133807,3.003823047515019,0.21845985800109233,0.38230475150191157,0.7646095030038231,0.0,0.0,8.356089568541782,6.9907154560349545,0.38230475150191157,3.2222829055161117,0.0,0.5461496450027308,0.70999453850355,14.036045876570181,7.072637902785364,0.0,0.6007646095030038,0.4915346805024577,1.5838339705079192,1.0
CD_I1013133,Braeden Campbell,Sydney Swans,Half-Forward,16.0,"https://s.afl.com.au/staticfile/AFL Tenant/AFL/Players/ChampIDImages/AFL/2026014/1013133.png?im=Scale,width=0.6,height=0.6",0.23125,5.55,7,11.891891891891893,2.882882882882883,10.27027027027027,22.16216216216216,16.936936936936938,0.7207207207207208,0.7207207207207208,0.0,4.1441441441441444,0.5405405405405406,6.486486486486487,1.981981981981982,3.2432432432432434,1.2612612612612613,0.7207207207207208,7.747747747747748,13.693693693693694,0.1801801801801802,0.5405405405405406,0.7207207207207208,0.3603603603603604,1.6216216216216217,85.58558558558559,0.7207207207207208,1.2612612612612613,8.64864864864865,431.89189189189193,3.6036036036036037,3.6036036036036037,1.0810810810810811,0.0,0.0,0.5405405405405406,0.1801801801801802,6.846846846846847,8.288288288288289,1.0810810810810811,6.126126126126127,0.0,0.1801801801801802,0.3603603603603604,19.0990990990991,14.612612612612612,0.0,1.981981981981982,1.4414414414414416,0.1801801801801802,1.0
CD_I1002401,Brandon Starcevich,West Coast Eagles,Back-Pocket,4.0,"https://s.afl.com.au/staticfile/AFL Tenant/AFL/Players/ChampIDImages/AFL/2026014/1002401.png?im=Scale,width=0.6,height=0.6",0.3630434782608696,8.35,11,10.898203592814372,3.8323353293413174,4.790419161676647,15.68862275449102,11.976047904191617,0.11976047904191617,0.0,0.0,2.51497005988024,4.431137724550898,1.6766467065868265,0.47904191616766467,3.5928143712574854,0.9580838323353293,1.3173652694610778,5.02994011976048,7.3053892215568865,0.718562874251497,0.0,2.51497005988024,0.11976047904191617,0.0,61.556886227544915,0.11976047904191617,0.3592814371257485,2.51497005988024,338.68263473053895,3.5928143712574854,4.550898203592815,0.11976047904191617,1.0778443113772456,1.7964071856287427,0.11976047904191617,0.0,8.622754491017965,8.263473053892216,0.0,3.5928143712574854,0.0,1.0778443113772456,0.0,11.017964071856287,6.526946107784432,0.0,0.9580838323353293,0.11976047904191617,1.7964071856287427,1.0
CD_I1009410,Brandon Walker,Fremantle,Centre Half-Back,31.0,"https://s.afl.com.au/staticfile/AFL Tenant/AFL/Players/ChampIDImages/AFL/2026014/1009410.png?im=Scale,width=0.6,height=0.6",0.0625,1.5,2,6.666666666666667,1.3333333333333333,8.0,14.666666666666666,10.666666666666666,0.0,0.0,0.0,1.3333333333333333,2.6666666666666665,1.3333333333333333,0.6666666666666666,2.0,0.6666666666666666,0.0,6.666666666666667,8.666666666666666,0.6666666666666666,0.0,3.3333333333333335,2.0,0.0,46.0,0.0,0.6666666666666666,2.0,268.6666666666667,2.0,6.0,0.0,0.0,1.3333333333333333,0.0,0.0,7.333333333333333,4.0,0.0,4.666666666666667,0.0,0.6666666666666666,0.0,8.0,9.733333333333333,0.0,0.6666666666666666,0.0,2.6666666666666665,1.0
CD_I1004034,Brandon Zerk-Thatcher,Port Adelaide,Full-Back,25.0,"https://s.afl.com.au/staticfile/AFL Tenant/AFL/Players/ChampIDImages/AFL/2026014/1004034.png?im=Scale,width=0.6,height=0.6",0.15391304347826087,3.54,4,4.519774011299435,4.80225988700565,3.672316384180791,8.192090395480227,6.214689265536723,0.0,0.0,0.0,0.847457627118644,1.694915254237288,0.0,0.0,2.824858757062147,0.2824858757062147,1.4124293785310735,2.2598870056497176,5.649717514124294,0.2824858757062147,0.0,5.367231638418079,0.2824858757062147,0.0,34.74576271186441,0.0,0.0,1.1299435028248588,119.49152542372882,1.694915254237288,3.1073446327683616,0.0,1.694915254237288,2.824858757062147,0.0,0.0,5.649717514124294,3.389830508474576,0.0,1.9774011299435028,0.0,1.1299435028248588,0.0,6.779661016949152,4.096045197740113,0.0,0.5649717514124294,0.0,5.084745762711864,1.0
CD_I1018335,Brayden Cook,Adelaide Crows,Wing,15.0,"https://s.afl.com.au/staticfile/AFL Tenant/AFL/Players/ChampIDImages/AFL/2026014/1018335.png?im=Scale,width=0.6,height=0.6",0.7695833333333334,18.470000000000002,23,13.752030319436923,5.793178126691932,7.1467244179750935,20.898754737412016,15.376285868976717,0.6497022198159176,0.27070925825663233,0.0,2.328099621007038,3.0860855441256088,3.5733622089875468,1.4618299945858146,2.544667027612344,0.4872766648619382,0.5955603681645911,6.4970221981591765,14.131023280996208,0.21656740660530588,0.5414185165132647,1.5701136978884676,0.7579859231185706,0.6497022198159176,85.11099079588521,0.10828370330265294,1.3535462912831617,4.818624796968056,441.6892257715213,3.6816459122902,4.547915538711424,0.21656740660530588,0.21656740660530588,0.5955603681645911,0.27070925825663233,0.05414185165132647,6.659447753113156,9.04168922577152,0.4872766648619382,5.468327016783974,0.0,0.92041147807255,0.5414185165132647,12.72333513806172,12.079047103410934,0.0,1.2452625879805088,1.0828370330265293,1.028695181375203,1.0
CD_I993799,Brayden Fiorini,Essendon,Wing,8.0,"https://s.afl.com.au/staticfile/AFL Tenant/AFL/Players/ChampIDImages/AFL/2026014/993799.png?im=Scale,width=0.6,height=0.6",0.07086956521739131,1.6300000000000001,3,7.361963190184048,3.680981595092024,11.042944785276072,18.404907975460123,13.496932515337422,1.2269938650306749,0.6134969325153374,0.0,0.6134969325153374,1.2269938650306749,2.4539877300613497,0.6134969325153374,3.0674846625766867,0.6134969325153374,0.0,4.9079754601226995,13.496932515337422,0.0,0.6134969325153374,1.840490797546012,0.6134969325153374,1.2269938650306749,66.25766871165644,0.6134969325153374,0.0,4.294478527607362,241.71779141104292,3.680981595092024,3.0674846625766867,0.6134969325153374,0.6134969325153374,0.6134969325153374,0.0,0.0,8.588957055214724,4.294478527607362,1.840490797546012,4.294478527607362,0.0,0.0,0.6134969325153374,14.11042944785276,8.71165644171779,0.0,0.0,1.840490797546012,1.2269938650306749,1.0
CD_I992010,Brayden Maynard,Collingwood,Back-Pocket,4.0,"https://s.afl.com.au/staticfile/AFL Tenant/AFL/Players/ChampIDImages/AFL/2026014/992010.png?im=Scale,width=0.6,height=0.6",0.5549999999999999,13.319999999999999,17,16.816816816816818,6.606606606606607,6.156156156156157,22.972972972972975,18.46846846846847,0.07507507507507509,0.15015015015015018,0.0,5.105105105105106,5.105105105105106,2.552552552552553,0.6006006006006007,4.054054054054054,1.0510510510510511,1.4264264264264266,5.855855855855856,15.840840840840842,0.3753753753753754,0.07507507507507509,5.030030030030031,0.0,0.30030030030030036,100.37537537537538,0.07507507507507509,0.5255255255255256,4.054054054054054,506.90690690690695,3.9789789789789793,6.456456456456457,0.15015015015015018,0.4504504504504505,1.5765765765765767,0.0,0.0,10.285285285285287,13.063063063063064,0.0,3.9039039039039043,0.0,0.9759759759759761,0.22522522522522526,14.189189189189191,12.199699699699702,0.07507507507507509,1.5015015015015016,0.3753753753753754,3.528528528528529,1.0
CD_I997033,Brennan Cox,Fremantle,Back-Pocket,36.0,"https://s.afl.com.au/staticfile/AFL Tenant/AFL/Players/ChampIDImages/AFL/2026014/997033.png?im=Scale,width=0.6,height=0.6",0.5683333333333334,13.64,18,9.750733137829911,6.3049853372434015,5.571847507331378,15.32258064516129,12.5366568914956,0.0,0.0,0.0,2.0527859237536656,3.3724340175953076,0.6598240469208211,0.21994134897360704,2.565982404692082,0.8797653958944281,1.0263929618768328,5.4985337243401755,9.530791788856305,1.1730205278592374,0.0,8.284457478005864,0.14662756598240467,0.07331378299120234,65.32258064516128,0.0,0.21994134897360704,2.3460410557184748,189.14956011730206,2.2727272727272725,7.18475073313783,0.0,0.6598240469208211,2.6392961876832843,0.0,0.0,5.131964809384164,7.697947214076246,0.0,3.3724340175953076,0.0,2.4926686217008798,0.0,6.011730205278592,9.193548387096774,0.0,1.466275659824047,0.0,7.84457478005865,1.0
CD_I1002251,Brent Daniels,GWS GIANTS,Centre Half-Forward,16.0,"https://s.afl.com.au/staticfile/AFL Tenant/AFL/Players/ChampIDImages/AFL/2026014/1002251.png?im=Scale,width=0.6,height=0.6",0.30869565217391304,7.1,10,13.23943661971831,3.5211267605633805,11.830985915492958,25.070422535211268,17.746478873239436,1.5492957746478875,0.14084507042253522,0.0,5.492957746478874,1.1267605633802817,5.915492957746479,5.492957746478874,3.943661971830986,0.8450704225352114,1.5492957746478875,10.704225352112676,13.521126760563382,0.14084507042253522,0.14084507042253522,1.6901408450704227,1.1267605633802817,0.9859154929577465,101.54929577464789,1.8309859154929577,3.6619718309859155,8.732394366197184,439.5774647887324,4.647887323943662,2.1126760563380285,0.8450704225352114,0.0,0.0,0.28169014084507044,0.14084507042253522,10.140845070422536,7.887323943661972,1.8309859154929577,7.464788732394367,0.0,0.14084507042253522,0.14084507042253522,29.295774647887324,20.16901408450704,0.0,1.267605633802817,2.3943661971830985,0.28169014084507044,1.0
CD_I293957,Brodie Grundy,Sydney Swans,Ruck,4.0,"https://s.afl.com.au/staticfile/AFL Tenant/AFL/Players/ChampIDImages/AFL/2026014/293957.png?im=Scale,width=0.6,height=0.6",0.72375,17.369999999999997,22,9.211283822682788,2.7633851468048363,16.350028785261948,25.561312607944735,15.544041450777204,0.5181347150259068,0.40299366724237196,43.40817501439264,4.663212435233161,1.78468624064479,3.396660909614278,7.944732297063904,6.505469199769719,2.705814622913069,3.281519861830743,16.695451928612552,8.981001727115718,0.6332757628094416,0.2302820955670697,3.5118019573978128,0.34542314335060453,0.5181347150259068,127.0581462291307,2.590673575129534,5.35405872193437,9.038572251007485,238.45710995970066,4.4329303396660915,3.396660909614278,1.0362694300518136,0.34542314335060453,0.5757052389176742,0.9211283822682788,0.17271157167530227,6.447898675877951,4.202648244099022,1.4392630972941856,7.5993091537133,14.104778353483018,0.8059873344847439,0.34542314335060453,14.27748992515832,19.948186528497413,92.86125503742086,7.0236039147956255,1.093839953943581,2.8209556706966037,1.0
CD_I1009241,Brodie Kemp,Carlton,Forward Pocket,17.0,"https://s.afl.com.au/staticfile/AFL Tenant/AFL/Players/ChampIDImages/AFL/2026014/1009241.png?im=Scale,width=0.6,height=0.6",0.8807999999999999,22.02,25,8.310626702997276,5.94913714804723,4.359673024523161,12.670299727520437,8.673932788374206,1.771117166212534,1.226158038147139,0.0,2.270663033605813,0.18165304268846502,1.952770208900999,0.045413260672116255,2.3614895549500456,0.6357856494096277,0.7266121707538601,3.9509536784741144,8.810172570390554,0.7720254314259763,2.7247956403269757,1.044504995458674,0.0,0.8174386920980926,70.89009990917349,0.0,0.045413260672116255,5.994550408719346,176.11262488646685,2.633969118982743,0.9082652134423251,1.4986376021798364,0.045413260672116255,0.09082652134423251,2.270663033605813,0.4087193460490463,1.226158038147139,4.904632152588556,1.6802906448683015,2.633969118982743,0.0,0.18165304268846502,2.3614895549500456,9.945504087193461,6.839237057220708,0.36330608537693004,0.31789282470481384,3.6330608537693005,0.7720254314259763,1.0
CD_I291849,Brody Mihocek,Melbourne,Full-Forward,28.0,"https://s.afl.com.au/staticfile/AFL Tenant/AFL/Players/ChampIDImages/AFL/2026014/291849.png?im=Scale,width=0.6,height=0.6",0.2916666666666667,7.0,10,8.142857142857142,5.571428571428571,2.0,10.142857142857142,6.142857142857143,2.2857142857142856,1.0,0.8571428571428571,1.5714285714285714,0.14285714285714285,2.2857142857142856,0.2857142857142857,2.857142857142857,0.7142857142857143,1.0,4.428571428571429,6.142857142857143,1.7142857142857142,2.857142857142857,0.8571428571428571,0.0,0.5714285714285714,64.71428571428571,0.0,0.2857142857142857,5.428571428571429,234.85714285714286,2.857142857142857,0.5714285714285714,1.0,0.0,0.0,2.2857142857142856,0.8571428571428571,1.8571428571428572,4.857142857142857,1.1428571428571428,1.7142857142857142,0.2857142857142857,0.2857142857142857,1.1428571428571428,9.0,8.642857142857142,2.857142857142857,0.7142857142857143,3.5714285714285716,0.5714285714285714,1.0
CD_I1009317,Bruce Reville,Brisbane Lions,Wing,38.0,"https://s.afl.com.au/staticfile/AFL Tenant/AFL/Players/ChampIDImages/AFL/2026014/1009317.png?im=Scale,width=0.6,height=0.6",0.5525,13.26,18,13.8763197586727,6.5610859728506785,6.93815987933635,20.81447963800905,15.83710407239819,0.3770739064856712,0.6787330316742082,0.0,1.7345399698340875,2.187028657616893,4.44947209653092,1.3574660633484164,2.0361990950226243,0.22624434389140272,0.9803921568627452,5.580693815987933,14.93212669683258,0.30165912518853694,0.5279034690799397,0.8295625942684767,0.30165912518853694,0.45248868778280543,82.3529411764706,0.30165912518853694,1.0558069381598794,6.033182503770739,450.0754147812971,3.770739064856712,3.6199095022624435,0.22624434389140272,0.15082956259426847,0.22624434389140272,0.15082956259426847,0.07541478129713423,5.731523378582202,9.577677224736048,0.5279034690799397,5.052790346907994,0.0,0.9049773755656109,1.0558069381598794,12.066365007541478,11.191553544494722,0.0,1.6591251885369533,1.1312217194570136,0.6787330316742082,1.0
CD_I998782,Buku Khamis,Western Bulldogs,Full-Back,24.0,"https://s.afl.com.au/staticfile/AFL Tenant/AFL/Players/ChampIDImages/AFL/2026014/998782.png?im=Scale,width=0.6,height=0.6",0.9511999999999999,23.779999999999998,25,7.98990748528175,5.088309503784694,4.037005887300253,12.026913372582003,9.966358284272498,0.042052144659377635,0.08410428931875527,0.0,1.3456686291000843,2.3549201009251473,0.4205214465937763,0.21026072329688816,1.9343986543313711,0.6728343145500422,0.7148864592094197,3.4062237174095884,8.074011774600505,0.3784693019343987,0.16820857863751054,7.148864592094197,0.1261564339781329,0.042052144659377635,51.55592935239698,0.0,0.21026072329688816,2.2287636669470143,174.8107653490328,1.6820857863751053,5.298570227081582,0.08410428931875527,0.9251471825063079,2.2287636669470143,0.16820857863751054,0.042052144659377635,3.9529015979814974,6.3919259882254,0.08410428931875527,2.31286795626577,0.0,1.7241379310344829,0.16820857863751054,4.667788057190918,8.031959629941127,0.0,1.135407905803196,0.16820857863751054,6.518082422203533,1.0
CD_I1024057,Caiden Cleary,Sydney Swans,"Centre Half-Forward, Forward Pocket, Half-Forward",33.0,"https://s.afl.com.au/staticfile/AFL Tenant/AFL/Players/ChampIDImages/AFL/2026014/1024057.png?im=Scale,width=0.6,height=0.6",0.30541666666666667,7.33,10,6.412005457025921,3.2742155525238745,11.732605729877216,18.144611186903138,12.960436562073669,0.4092769440654843,1.0914051841746248,0.0,4.502046384720328,0.4092769440654843,3.001364256480218,1.2278308321964528,3.5470668485675305,0.5457025920873124,1.500682128240109,7.639836289222374,11.186903137789905,0.0,0.9549795361527967,1.500682128240109,0.0,0.6821282401091405,70.12278308321964,0.5457025920873124,0.6821282401091405,6.275579809004093,235.4706684856753,2.592087312414734,1.6371077762619373,1.364256480218281,0.0,0.0,0.6821282401091405,0.0,7.3669849931787175,4.092769440654843,1.6371077762619373,6.275579809004093,0.0,0.0,0.8185538881309686,20.327421555252386,8.390177353342429,0.0,0.2728512960436562,1.9099590723055935,0.6821282401091405,1.0
CD_I295136,Caleb Daniel,North Melbourne,Centre Half-Back,5.0,"https://s.afl.com.au/staticfile/AFL Tenant/AFL/Players/ChampIDImages/AFL/2026014/295136.png?im=Scale,width=0.6,height=0.6",0.8339130434782609,19.18,23,18.30031282586027,6.308654848800835,12.043795620437956,30.34410844629823,26.016684045881128,0.0,0.05213764337851929,0.0,2.3983315954118876,4.692387904066736,2.18978102189781,1.7205422314911367,2.346193952033368,0.5735140771637122,0.5213764337851929,5.526590198123045,21.37643378519291,0.0,0.0,1.5641293013555788,0.5213764337851929,0.4692387904066736,106.56934306569343,0.20855057351407716,1.5119916579770594,5.995828988529719,474.66110531803963,3.70177267987487,4.118873826903024,0.20855057351407716,0.31282586027111575,0.4692387904066736,0.0,0.0,7.35140771637122,14.911366006256518,0.05213764337851929,4.37956204379562,0.0,0.26068821689259647,0.31282586027111575,10.010427528675704,11.830031282586027,0.0,1.772679874869656,0.05213764337851929,0.9906152241918665,1.0
CD_I1017493,Caleb Lewis,Gold Coast SUNS,Interchange,45.0,"https://s.afl.com.au/staticfile/AFL Tenant/AFL/Players/ChampIDImages/AFL/2026014/1017493.png?im=Scale,width=0.6,height=0.6",0.04652173913043478,1.0699999999999998,2,3.738317757009346,2.8037383177570097,0.9345794392523366,4.672897196261683,1.869158878504673,0.0,0.9345794392523366,0.0,3.738317757009346,0.0,0.9345794392523366,0.0,3.738317757009346,1.869158878504673,1.869158878504673,2.8037383177570097,2.8037383177570097,0.0,0.0,2.8037383177570097,0.0,0.0,33.64485981308412,0.0,0.0,0.9345794392523366,87.85046728971965,2.8037383177570097,0.0,2.8037383177570097,0.0,0.0,2.8037383177570097,0.0,5.607476635514019,0.9345794392523366,0.9345794392523366,0.9345794392523366,0.0,0.0,0.9345794392523366,14.953271028037385,-0.9345794392523366,4.672897196261683,0.0,0.9345794392523366,2.8037383177570097,1.0
CD_I1009420,Caleb Serong,Fremantle,Ruck-Rover,3.0,"https://s.afl.com.au/staticfile/AFL Tenant/AFL/Players/ChampIDImages/AFL/2026014/1009420.png?im=Scale,width=0.6,height=0.6",0.68375,16.41,21,16.879951249238268,3.2297379646556976,14.381474710542353,31.26142595978062,21.694088970140157,0.6093845216331505,0.18281535648994515,0.0,6.1547836684948205,1.9500304692260817,5.728214503351615,8.226691042047532,3.8391224862888484,1.218769043266301,0.6703229737964655,14.137720901889091,16.697135892748324,0.18281535648994515,0.1218769043266301,1.218769043266301,0.3656307129798903,0.6703229737964655,116.75807434491163,3.778184034125533,4.448507007921998,8.409506398537477,490.92017062766604,5.606337599024985,3.473491773308958,0.9140767824497258,0.0,0.0,0.1218769043266301,0.0,11.82205971968312,9.750152346130408,1.218769043266301,8.775137111517367,0.0,0.30469226081657524,0.4875076173065204,25.71602681291895,17.958561852528945,0.0,2.742230347349177,0.9750152346130408,0.2437538086532602,1.0
CD_I1027821,Caleb Windsor,Melbourne,Rover,6.0,"https://s.afl.com.au/staticfile/AFL Tenant/AFL/Players/ChampIDImages/AFL/2026014/1027821.png?im=Scale,width=0.6,height=0.6",0.625,15.0,21,12.0,2.8666666666666667,9.333333333333334,21.333333333333332,14.133333333333333,0.6,0.4,0.0,3.7333333333333334,0.9333333333333333,6.0,2.066666666666667,3.1333333333333333,0.6666666666666666,0.8666666666666667,7.4,14.333333333333334,0.06666666666666667,0.06666666666666667,1.0666666666666667,0.7333333333333333,0.8,80.26666666666667,0.9333333333333333,1.1333333333333333,5.733333333333333,403.6666666666667,4.333333333333333,2.8,0.4,0.0,0.2,0.06666666666666667,0.0,8.733333333333333,6.733333333333333,0.7333333333333333,4.866666666666666,0.0,0.06666666666666667,0.6666666666666666,20.866666666666667,12.326666666666666,0.0,1.0666666666666667,1.2666666666666666,0.4,1.0
CD_I298437,Callum Ah Chee,Adelaide Crows,Forward Pocket,4.0,"https://s.afl.com.au/staticfile/AFL Tenant/AFL/Players/ChampIDImages/AFL/2026014/298437.png?im=Scale,width=0.6,height=0.6",0.23249999999999998,5.58,8,8.064516129032258,3.942652329749104,6.810035842293907,14.874551971326165,10.21505376344086,1.6129032258064515,0.8960573476702509,0.0,2.867383512544803,0.8960573476702509,2.6881720430107525,1.075268817204301,3.942652329749104,0.7168458781362007,1.6129032258064515,5.555555555555555,10.03584229390681,0.0,0.7168458781362007,2.150537634408602,0.8960573476702509,1.075268817204301,67.56272401433692,0.0,1.075268817204301,5.734767025089606,275.089605734767,3.5842293906810037,1.6129032258064515,1.7921146953405018,0.0,0.0,1.075268817204301,0.17921146953405018,4.301075268817204,5.376344086021505,1.7921146953405018,4.301075268817204,0.0,0.17921146953405018,1.075268817204301,15.053763440860214,7.688172043010752,0.0,0.8960573476702509,2.6881720430107525,1.7921146953405018,1.0
CD_I1014038,Callum Brown,GWS GIANTS,Forward Pocket,46.0,"https://s.afl.com.au/staticfile/AFL Tenant/AFL/Players/ChampIDImages/AFL/2026014/1014038.png?im=Scale,width=0.6,height=0.6",0.5886956521739131,13.540000000000001,18,8.493353028064991,4.283604135893648,5.243722304283604,13.737075332348596,9.379615952732644,1.6248153618906942,0.8124076809453471,2.2156573116691285,3.0280649926144756,0.51698670605613,2.5849335302806495,0.44313146233382567,2.806499261447563,1.2555391432791727,0.9601181683899557,5.169867060561299,8.567208271787296,0.5908419497784342,1.4771048744460855,1.2555391432791727,0.0,0.51698670605613,72.08271787296897,0.07385524372230427,0.3692762186115214,5.612998522895126,270.0147710487444,2.5110782865583454,1.4032496307237814,1.4032496307237814,0.0,0.07385524372230427,2.3633677991137367,0.7385524372230428,3.6189069423929094,5.612998522895126,0.9601181683899557,2.806499261447563,0.7385524372230428,0.0,1.4771048744460855,13.589364844903987,10.893648449039881,7.902511078286558,0.5908419497784342,2.806499261447563,0.6646971935007385,1.0
CD_I1000061,Callum Coleman-Jones,North Melbourne,Ruck,21.0,"https://s.afl.com.au/staticfile/AFL Tenant/AFL/Players/ChampIDImages/AFL/2026014/1000061.png?im=Scale,width=0.6,height=0.6",0.1117391304347826,2.57,5,8.171206225680935,2.7237354085603114,9.72762645914397,17.898832684824903,9.72762645914397,0.0,0.0,20.233463035019458,2.7237354085603114,0.7782101167315175,1.1673151750972763,7.0038910505836585,7.0038910505836585,0.7782101167315175,3.5019455252918292,10.505836575875486,7.392996108949417,0.0,0.38910505836575876,2.7237354085603114,0.0,0.38910505836575876,73.54085603112841,3.5019455252918292,3.5019455252918292,4.280155642023346,145.13618677042803,4.669260700389105,1.1673151750972763,0.7782101167315175,0.0,0.0,0.0,0.0,5.0583657587548645,1.556420233463035,1.1673151750972763,5.0583657587548645,3.11284046692607,0.38910505836575876,0.38910505836575876,9.72762645914397,6.653696498054476,76.26459143968872,1.556420233463035,0.7782101167315175,1.945525291828794,1.0
CD_I993905,Callum Mills,Sydney Swans,Back-Pocket,14.0,"https://s.afl.com.au/staticfile/AFL Tenant/AFL/Players/ChampIDImages/AFL/2026014/993905.png?im=Scale,width=0.6,height=0.6",0.7354166666666667,17.65,23,15.920679886685553,6.572237960339944,14.220963172804534,30.141643059490086,24.702549575070822,0.0,0.113314447592068,0.0,3.286118980169972,7.195467422096318,1.98300283286119,0.7932011331444759,2.492917847025496,0.8498583569405099,0.33994334277620397,6.685552407932012,19.036827195467424,0.56657223796034,0.056657223796034,3.852691218130312,0.7365439093484419,0.113314447592068,109.00849858356942,0.226628895184136,0.56657223796034,5.4390934844192635,536.0339943342776,4.192634560906516,7.195467422096318,0.0,0.39660056657223797,1.246458923512748,0.0,0.0,9.63172804532578,13.03116147308782,0.056657223796034,5.1558073654390935,0.0,1.6997167138810199,0.113314447592068,13.31444759206799,13.036827195467422,0.0,1.813031161473088,0.226628895184136,3.059490084985836,1.0
CD_I296422,Callum Wilkie,St Kilda,Full-Back,44.0,"https://s.afl.com.au/staticfile/AFL Tenant/AFL/Players/ChampIDImages/AFL/2026014/296422.png?im=Scale,width=0.6,height=0.6",0.9552173913043478,21.97,23,15.885298133818845,10.059171597633137,7.419208010923987,23.30450614474283,20.072826581702323,0.0,0.04551661356395084,0.0,1.5930814747382795,5.325443786982249,0.36413290851160673,0.13654984069185253,1.8661811561219845,0.7737824305871643,0.6372325898953118,5.871643149749659,15.384615384615385,1.183431952662722,0.0,4.915794264906691,0.8192990441511152,0.0,97.95175238962221,0.0,0.13654984069185253,3.0951297223486574,320.30040964952207,2.5944469731451982,8.557123350022758,0.0,0.6372325898953118,3.1406463359126082,0.0,0.0,6.2812926718252164,13.381884387801549,0.0,3.77787892580792,0.0,2.867546654528903,0.09103322712790168,7.419208010923987,11.652253072371415,0.0,1.456531634046427,0.04551661356395084,4.096495220755576,1.0
CD_I1032100,Calsher Dear,Hawthorn,Full-Forward,13.0,"https://s.afl.com.au/staticfile/AFL Tenant/AFL/Players/ChampIDImages/AFL/2026014/1032100.png?im=Scale,width=0.6,height=0.6",0.16166666666666665,3.88,5,6.958762886597938,4.639175257731959,4.639175257731959,11.597938144329897,6.701030927835052,1.0309278350515465,1.288659793814433,0.0,3.350515463917526,0.2577319587628866,2.061855670103093,0.0,1.8041237113402062,1.5463917525773196,0.5154639175257733,5.670103092783505,6.443298969072165,0.2577319587628866,2.3195876288659796,2.061855670103093,0.2577319587628866,0.5154639175257733,64.94845360824742,0.0,0.0,4.123711340206186,182.98969072164948,3.865979381443299,2.061855670103093,1.8041237113402062,0.0,0.0,1.5463917525773196,0.2577319587628866,3.0927835051546393,3.6082474226804124,3.0927835051546393,3.6082474226804124,0.0,0.5154639175257733,1.8041237113402062,14.43298969072165,4.81958762886598,0.0,0.2577319587628866,3.0927835051546393,0.7731958762886598,1.0
CD_I1023482,Cam Mackenzie,Hawthorn,Centre,28.0,"https://s.afl.com.au/staticfile/AFL Tenant/AFL/Players/ChampIDImages/AFL/2026014/1023482.png?im=Scale,width=0.6,height=0.6",0.65625,15.75,22,14.53968253968254,3.111111111111111,13.777777777777779,28.317460317460316,19.936507936507937,0.25396825396825395,0.5079365079365079,0.0,5.968253968253968,1.5873015873015872,4.825396825396825,5.079365079365079,3.8095238095238093,1.2698412698412698,0.8888888888888888,9.968253968253968,17.96825396825397,0.12698412698412698,0.12698412698412698,0.8888888888888888,0.25396825396825395,0.8888888888888888,105.01587301587301,1.7777777777777777,3.3015873015873014,6.857142857142857,400.63492063492066,4.571428571428571,1.9047619047619047,0.6984126984126984,0.0,0.06349206349206349,0.0,0.0,12.0,8.253968253968255,0.6349206349206349,6.857142857142857,0.0,0.25396825396825395,0.25396825396825395,24.634920634920636,14.285714285714286,0.0,1.5238095238095237,0.8253968253968254,0.5079365079365079,1.0
CD_I1002235,Cam Rayner,Brisbane Lions,Full-Forward,16.0,"https://s.afl.com.au/staticfile/AFL Tenant/AFL/Players/ChampIDImages/AFL/2026014/1002235.png?im=Scale,width=0.6,height=0.6",0.8158333333333334,19.580000000000002,24,11.133810010214503,5.005107252298263,8.018386108273749,19.152196118488252,12.92134831460674,1.2768130745658834,1.1235955056179774,0.051072522982635336,3.1154239019407557,0.45965270684371806,4.290091930541369,2.757916241062308,3.6772216547497445,0.9703779366700714,1.2768130745658834,8.32482124616956,10.827374872318691,0.6639427987742594,1.0214504596527068,1.4300306435137895,0.153217568947906,1.1746680286006128,82.89070480081715,1.0725229826353422,1.6853932584269662,7.4055158324821235,359.244126659857,3.5750766087844736,1.6853932584269662,1.0725229826353422,0.0,0.0,0.612870275791624,0.153217568947906,4.902962206332992,6.486210418794688,1.6853932584269662,5.4136874361593454,0.051072522982635336,0.20429009193054135,0.8171603677221654,15.270684371807965,12.436159346271705,0.2553626149131767,1.6853932584269662,3.013278855975485,0.5617977528089887,1.0
CD_I1032408,Cameron Nairn,Hawthorn,Forward Pocket,22.0,"https://s.afl.com.au/staticfile/AFL Tenant/AFL/Players/ChampIDImages/AFL/2026014/1032408.png?im=Scale,width=0.6,height=0.6",0.11875,2.85,4,10.526315789473683,5.964912280701754,7.719298245614035,18.24561403508772,14.035087719298245,0.0,0.0,0.0,0.7017543859649122,1.7543859649122806,0.7017543859649122,0.0,3.8596491228070176,1.4035087719298245,0.7017543859649122,3.1578947368421053,14.736842105263158,0.0,0.0,1.7543859649122806,0.3508771929824561,0.7017543859649122,67.01754385964912,0.0,0.0,4.2105263157894735,187.71929824561403,2.807017543859649,3.1578947368421053,0.3508771929824561,0.0,0.3508771929824561,0.0,0.0,5.263157894736842,7.368421052631579,0.3508771929824561,2.1052631578947367,0.0,1.4035087719298245,0.7017543859649122,15.087719298245613,3.7192982456140347,0.0,0.7017543859649122,0.0,1.4035087719298245,1.0
CD_I998484,Cameron Zurhaar,North Melbourne,Forward Pocket,44.0,"https://s.afl.com.au/staticfile/AFL Tenant/AFL/Players/ChampIDImages/AFL/2026014/998484.png?im=Scale,width=0.6,height=0.6",0.808695652173913,18.6,23,12.473118279569892,7.043010752688171,6.505376344086021,18.978494623655912,13.709677419354838,0.5376344086021505,0.6451612903225806,0.0,2.096774193548387,3.494623655913978,2.6344086021505375,0.3763440860215054,3.118279569892473,0.9677419354838709,1.129032258064516,5.64516129032258,13.064516129032256,0.7526881720430108,0.7526881720430108,3.440860215053763,0.3763440860215054,0.5913978494623655,81.39784946236558,0.0,0.3763440860215054,4.462365591397849,380.6989247311828,3.9247311827956985,4.838709677419354,0.26881720430107525,0.1075268817204301,0.3763440860215054,0.3763440860215054,0.1075268817204301,5.21505376344086,8.064516129032258,0.7526881720430108,3.7096774193548385,0.0,1.6666666666666665,0.7526881720430108,7.956989247311827,8.844086021505376,0.0,0.8602150537634408,1.6129032258064515,2.9569892473118276,1.0
CD_I1017057,Campbell Chesser,Carlton,Wing,31.0,"https://s.afl.com.au/staticfile/AFL Tenant/AFL/Players/ChampIDImages/AFL/2026014/1017057.png?im=Scale,width=0.6,height=0.6",0.0932,2.33,3,9.871244635193133,5.150214592274678,9.871244635193133,19.742489270386265,12.875536480686694,0.0,0.4291845493562232,0.0,4.291845493562231,2.1459227467811157,1.7167381974248928,0.8583690987124464,4.291845493562231,0.4291845493562232,0.8583690987124464,4.291845493562231,15.450643776824034,0.0,0.0,2.1459227467811157,0.0,0.4291845493562232,80.25751072961373,0.0,0.8583690987124464,4.291845493562231,356.22317596566523,3.4334763948497855,3.4334763948497855,0.4291845493562232,0.0,0.4291845493562232,0.0,0.0,8.15450643776824,6.008583690987124,1.2875536480686696,4.291845493562231,0.0,1.2875536480686696,0.8583690987124464,15.879828326180258,6.223175965665236,0.0,0.8583690987124464,1.2875536480686696,1.7167381974248928,1.0
CD_I1036103,Campbell Gray,Richmond,Ruck,50.0,"https://s.afl.com.au/staticfile/AFL Tenant/AFL/Players/ChampIDImages/AFL/2026014/1036103.png?im=Scale,width=0.6,height=0.6",0.2965217391304348,6.82,10,6.891495601173021,4.252199413489736,3.3724340175953076,10.263929618768328,8.064516129032258,0.14662756598240467,0.0,1.7595307917888563,2.932551319648094,3.0791788856304985,0.4398826979472141,0.29325513196480935,2.932551319648094,1.3196480938416422,2.0527859237536656,3.8123167155425217,6.744868035190615,0.4398826979472141,0.14662756598240467,7.9178885630498534,0.14662756598240467,0.0,49.70674486803519,0.14662756598240467,0.14662756598240467,1.7595307917888563,194.8680351906158,3.0791788856304985,4.545454545454545,0.14662756598240467,0.7331378299120235,1.1730205278592374,0.0,0.0,7.331378299120234,5.425219941348973,0.0,2.0527859237536656,0.29325513196480935,1.6129032258064515,0.0,10.850439882697946,7.5953079178885625,14.07624633431085,0.4398826979472141,0.14662756598240467,7.18475073313783,1.0
CD_I1024047,Campbell Lake,St Kilda,Half-Forward,39.0,"https://s.afl.com.au/staticfile/AFL Tenant/AFL/Players/ChampIDImages/AFL/2026014/1024047.png?im=Scale,width=0.6,height=0.6",0.31130434782608696,7.159999999999999,10,4.748603351955308,2.5139664804469275,10.195530726256985,14.944134078212292,10.75418994413408,0.6983240223463688,0.0,0.0,6.703910614525141,0.13966480446927376,2.7932960893854752,1.11731843575419,2.6536312849162016,0.13966480446927376,1.11731843575419,6.983240223463688,8.798882681564248,0.0,0.558659217877095,0.8379888268156426,0.2793296089385475,0.558659217877095,69.97206703910615,0.2793296089385475,0.8379888268156426,4.46927374301676,161.73184357541902,2.23463687150838,1.9553072625698327,3.7709497206703912,0.0,0.0,0.6983240223463688,0.0,6.284916201117319,2.5139664804469275,2.7932960893854752,6.145251396648045,0.0,0.13966480446927376,0.6983240223463688,24.441340782122907,11.75977653631285,0.0,0.6983240223463688,0.9776536312849163,0.13966480446927376,1.0
CD_I1012014,Chad Warner,Sydney Swans,Rover,1.0,"https://s.afl.com.au/staticfile/AFL Tenant/AFL/Players/ChampIDImages/AFL/2026014/1012014.png?im=Scale,width=0.6,height=0.6",0.7191666666666666,17.259999999999998,22,17.960602549246815,3.997682502896872,11.81923522595597,29.779837775202786,18.655851680185403,1.9698725376593282,1.3325608342989572,0.0,4.634994206257243,1.2746234067207418,8.632676709154115,5.677867902665122,5.156431054461183,1.2166859791425262,1.3904982618771728,11.81923522595597,17.670915411355736,0.23174971031286212,0.9269988412514485,1.2166859791425262,3.9397450753186565,1.738122827346466,118.25028968713791,3.1865585168018544,2.4913093858632678,10.37079953650058,655.7358053302435,6.083429895712631,3.360370799536501,0.8111239860950175,0.0,0.0,0.23174971031286212,0.05793742757821553,9.443800695249132,9.73348783314021,1.3904982618771728,7.3580533024333725,0.0,0.11587485515643106,0.3476245654692932,22.537659327925844,22.091541135573582,0.0,2.375434530706837,4.113557358053303,0.3476245654692932,1.0
CD_I998390,Changkuoth Jiath,Melbourne,Back-Pocket,14.0,"https://s.afl.com.au/staticfile/AFL Tenant/AFL/Players/ChampIDImages/AFL/2026014/998390.png?im=Scale,width=0.6,height=0.6",0.47125,11.309999999999999,16,13.439434129089303,7.869142351900973,7.338638373121133,20.778072502210435,16.79929266136163,0.0,0.0,0.0,2.1220159151193636,4.332449160035368,2.6525198938992047,0.3536693191865606,3.006189213085765,1.0610079575596818,1.0610079575596818,5.658709106984969,14.500442086648984,0.6189213085764811,0.08841732979664015,4.067197170645447,0.9725906277630416,0.44208664898320077,84.96905393457119,0.08841732979664015,0.26525198938992045,3.536693191865606,388.94783377542,4.067197170645447,6.8965517241379315,0.08841732979664015,0.26525198938992045,0.7073386383731212,0.08841732979664015,0.08841732979664015,8.311229000884174,10.786914235190098,0.0,3.7135278514588865,0.0,2.1220159151193636,0.1768346595932803,11.6710875331565,9.982316534040674,0.0,1.8567639257294433,0.08841732979664015,3.0946065428824054,1.0
CD_I1008882,Charlie Ballard,Gold Coast SUNS,Back-Pocket,10.0,"https://s.afl.com.au/staticfile/AFL Tenant/AFL/Players/ChampIDImages/AFL/2026014/1008882.png?im=Scale,width=0.6,height=0.6",0.36086956521739133,8.3,11,7.108433734939759,5.180722891566265,4.457831325301204,11.566265060240962,9.036144578313252,0.0,0.0,0.0,1.4457831325301203,1.5662650602409638,0.12048192771084336,0.12048192771084336,1.9277108433734937,0.7228915662650601,0.9638554216867469,4.337349397590361,7.590361445783132,1.2048192771084336,0.12048192771084336,4.578313253012047,0.0,0.12048192771084336,49.39759036144578,0.0,0.12048192771084336,2.5301204819277108,92.40963855421685,1.9277108433734937,5.301204819277108,0.0,0.48192771084337344,2.1686746987951806,0.0,0.0,6.385542168674698,5.542168674698795,0.0,2.5301204819277108,0.0,2.4096385542168672,0.0,7.710843373493975,5.674698795180722,0.0,1.5662650602409638,0.0,4.216867469879518,1.0
CD_I1036769,Charlie Banfield,St Kilda,Forward Pocket,36.0,"https://s.afl.com.au/staticfile/AFL Tenant/AFL/Players/ChampIDImages/AFL/2026014/1036769.png?im=Scale,width=0.6,height=0.6",0.08739130434782609,2.0100000000000002,3,10.44776119402985,5.4726368159203975,3.980099502487562,14.427860696517412,9.950248756218905,0.49751243781094523,0.0,0.0,5.4726368159203975,0.9950248756218905,2.9850746268656714,0.9950248756218905,1.4925373134328357,0.9950248756218905,0.0,6.965174129353233,7.960199004975124,1.4925373134328357,0.9950248756218905,1.4925373134328357,0.0,0.0,81.59203980099501,0.0,0.9950248756218905,2.9850746268656714,262.1890547263681,3.4825870646766166,3.4825870646766166,0.49751243781094523,0.0,0.0,0.0,0.0,9.45273631840796,6.965174129353233,0.49751243781094523,3.980099502487562,0.0,1.990049751243781,0.0,17.41293532338308,9.701492537313431,0.0,0.0,1.4925373134328357,0.49751243781094523,1.0
CD_I990609,Charlie Cameron,Brisbane Lions,Half-Forward,23.0,"https://s.afl.com.au/staticfile/AFL Tenant/AFL/Players/ChampIDImages/AFL/2026014/990609.png?im=Scale,width=0.6,height=0.6",0.7908333333333334,18.98,24,11.538461538461538,4.689146469968388,3.0031612223393043,14.541622760800843,9.272918861959958,2.6343519494204424,1.2644889357218123,0.0,2.6870389884088515,0.5795574288724974,3.2139093782929398,0.7376185458377239,2.6343519494204424,1.1591148577449948,0.9483667017913593,4.531085353003161,9.16754478398314,0.36880927291886195,2.107481559536354,1.422550052687039,0.5268703898840885,1.0010537407797682,80.82191780821918,0.2107481559536354,0.5268703898840885,7.165437302423603,303.8461538461538,3.0558482613277134,1.6332982086406744,1.2644889357218123,0.0,0.0,1.2644889357218123,0.3161222339304531,2.6343519494204424,7.007376185458377,1.3171759747102212,2.845100105374078,0.0,0.2107481559536354,1.8967334035827186,14.120126448893572,13.940990516332983,0.05268703898840885,1.3171759747102212,4.531085353003161,0.684931506849315,1.0
CD_I1015781,Charlie Comben,North Melbourne,Back-Pocket,30.0,"https://s.afl.com.au/staticfile/AFL Tenant/AFL/Players/ChampIDImages/AFL/2026014/1015781.png?im=Scale,width=0.6,height=0.6",0.8734782608695653,20.09,22,8.013937282229966,6.222000995520159,5.027376804380289,13.041314086610255,10.95072175211548,0.049776007964161276,0.0,0.0,2.2896963663514187,2.7874564459930316,0.6470881035340965,0.24888003982080636,2.6381284221005474,1.095072175211548,1.443504230960677,4.67894474863116,8.511697361871578,1.294176207068193,0.0,7.765057242409159,0.049776007964161276,0.049776007964161276,58.98456943753111,0.0,0.24888003982080636,2.33947237431558,166.8491786958686,1.7421602787456447,6.719761075161772,0.0,0.6470881035340965,2.538576406172225,0.0,0.0,5.375808860129418,6.321553011448482,0.0,2.190144350423096,0.0,2.9865604778496766,0.09955201592832255,6.371329019412643,8.307615729218517,0.0,1.2444001991040319,0.049776007964161276,7.117969138875062,1.0
CD_I996731,Charlie Curnow,Sydney Swans,Full-Forward,35.0,"https://s.afl.com.au/staticfile/AFL Tenant/AFL/Players/ChampIDImages/AFL/2026014/996731.png?im=Scale,width=0.6,height=0.6",0.8195833333333334,19.67,23,10.98118962887646,5.541433655312658,2.440264361972547,13.421453990849008,8.235892221657345,3.762074224707676,1.881037112353838,0.0,1.1184544992374172,0.0,2.2369089984748345,0.05083884087442806,3.457041179461108,1.626842907981698,1.3726487036095576,7.117437722419928,6.049822064056939,2.3894255210981186,3.507880020335536,1.83019827147941,0.0,0.3558718861209964,80.88459583121504,0.0,0.05083884087442806,7.930859176410777,266.85307574987286,3.507880020335536,1.0167768174885612,0.7117437722419928,0.0,0.0,5.083884087442806,1.9318759532282663,0.7625826131164208,6.507371631926792,1.83019827147941,2.9486527707168273,0.0,0.10167768174885612,1.626842907981698,8.540925266903914,12.765632943568885,0.0,0.4067107269954245,6.405693950177936,1.4743263853584136,1.0
CD_I1028671,Charlie Edwards,Adelaide Crows,Interchange,11.0,"https://s.afl.com.au/staticfile/AFL Tenant/AFL/Players/ChampIDImages/AFL/2026014/1028671.png?im=Scale,width=0.6,height=0.6",0.06083333333333333,1.46,2,13.698630136986301,4.109589041095891,6.8493150684931505,20.547945205479454,12.32876712328767,0.0,0.684931506849315,0.0,2.73972602739726,0.0,3.4246575342465753,3.4246575342465753,5.47945205479452,0.0,2.0547945205479454,7.534246575342466,15.753424657534246,0.0,0.0,2.73972602739726,0.684931506849315,0.684931506849315,72.6027397260274,1.36986301369863,2.0547945205479454,4.109589041095891,465.75342465753425,6.8493150684931505,2.73972602739726,0.684931506849315,0.0,0.0,0.684931506849315,0.684931506849315,8.219178082191782,6.8493150684931505,2.0547945205479454,5.47945205479452,0.0,0.684931506849315,0.0,16.438356164383563,8.561643835616438,0.0,0.684931506849315,1.36986301369863,0.684931506849315,1.0
CD_I1002282,Charlie Spargo,North Melbourne,Half-Forward,13.0,"https://s.afl.com.au/staticfile/AFL Tenant/AFL/Players/ChampIDImages/AFL/2026014/1002282.png?im=Scale,width=0.6,height=0.6",0.5908695652173913,13.59,19,9.19793966151582,5.518763796909492,8.609271523178808,17.80721118469463,12.950699043414275,0.8830022075055187,0.36791758646063283,0.0,2.869757174392936,0.8830022075055187,3.0169242089771893,0.14716703458425312,2.869757174392936,0.44150110375275936,0.8094186902133922,3.532008830022075,14.201618837380426,0.0,0.8830022075055187,0.515084621044886,0.515084621044886,1.2509197939661516,76.52685798381162,0.07358351729212656,0.07358351729212656,6.254598969830758,254.96688741721854,3.090507726269316,1.2509197939661516,1.177336276674025,0.07358351729212656,0.07358351729212656,0.29433406916850624,0.0,4.856512141280353,5.886681383370125,1.692420897718911,3.090507726269316,0.0,0.07358351729212656,0.8094186902133922,12.877115526122148,8.66813833701251,0.0,0.6622516556291391,1.692420897718911,0.07358351729212656,1.0
CD_I1027382,Charlie West,Collingwood,"Full-Forward, Forward Pocket, Forward Pocket",29.0,"https://s.afl.com.au/staticfile/AFL Tenant/AFL/Players/ChampIDImages/AFL/2026014/1027382.png?im=Scale,width=0.6,height=0.6",0.27458333333333335,6.590000000000001,9,5.311077389984825,3.641881638846737,4.855842185128982,10.166919575113807,6.828528072837632,1.3657056145675264,0.9104704097116842,0.1517450682852807,1.5174506828528072,0.1517450682852807,1.5174506828528072,0.1517450682852807,2.2761760242792106,1.062215477996965,0.6069802731411228,5.766312594840667,4.09711684370258,1.8209408194233685,1.062215477996965,2.427921092564491,0.0,0.3034901365705614,51.1380880121396,0.0,0.1517450682852807,5.159332321699544,146.73748103186645,2.2761760242792106,0.1517450682852807,1.062215477996965,0.0,0.0,3.793626707132018,1.3657056145675264,2.12443095599393,3.0349013657056143,1.2139605462822456,2.7314112291350527,0.0,0.0,0.3034901365705614,9.559939301972685,7.2989377845220025,0.1517450682852807,0.1517450682852807,2.2761760242792106,1.9726858877086493,1.0
CD_I1006203,Chayce Jones,Adelaide Crows,"Back-Pocket, Wing",1.0,"https://s.afl.com.au/staticfile/AFL Tenant/AFL/Players/ChampIDImages/AFL/2026014/1006203.png?im=Scale,width=0.6,height=0.6",0.10625,2.55,3,7.450980392156863,2.7450980392156863,6.274509803921569,13.725490196078432,10.588235294117649,0.0,0.0,0.0,1.9607843137254903,3.1372549019607847,0.7843137254901962,0.0,1.1764705882352942,0.7843137254901962,0.3921568627450981,5.490196078431373,5.490196078431373,0.0,0.0,0.7843137254901962,0.0,0.0,50.58823529411765,0.0,0.0,1.5686274509803924,234.50980392156865,3.5294117647058827,5.882352941176471,0.0,0.3921568627450981,0.3921568627450981,0.0,0.0,5.490196078431373,5.098039215686275,0.0,5.098039215686275,0.0,0.0,0.3921568627450981,8.627450980392158,6.588235294117648,0.0,1.1764705882352942,0.0,0.7843137254901962,1.0
CD_I1028563,Christian Moraes,Port Adelaide,"Half-Back, Half-Forward, Wing",11.0,"https://s.afl.com.au/staticfile/AFL Tenant/AFL/Players/ChampIDImages/AFL/2026014/1028563.png?im=Scale,width=0.6,height=0.6",0.33695652173913043,7.75,12,9.935483870967742,4.387096774193548,11.870967741935484,21.806451612903224,16.903225806451612,0.3870967741935484,0.25806451612903225,0.0,2.7096774193548385,1.032258064516129,3.096774193548387,1.032258064516129,2.7096774193548385,0.5161290322580645,1.2903225806451613,5.548387096774194,16.64516129032258,0.0,0.12903225806451613,0.3870967741935484,0.12903225806451613,0.6451612903225806,76.7741935483871,0.0,1.032258064516129,6.064516129032258,254.58064516129033,3.4838709677419355,2.3225806451612905,0.6451612903225806,0.0,0.0,0.0,0.0,7.483870967741935,6.709677419354839,0.9032258064516129,4.387096774193548,0.0,0.0,0.6451612903225806,16.129032258064516,7.896774193548388,0.0,0.6451612903225806,0.7741935483870968,0.25806451612903225,1.0
CD_I298210,Christian Petracca,Gold Coast SUNS,Centre,3.0,"https://s.afl.com.au/staticfile/AFL Tenant/AFL/Players/ChampIDImages/AFL/2026014/298210.png?im=Scale,width=0.6,height=0.6",0.7069565217391304,16.259999999999998,20,12.976629766297664,3.8745387453874542,15.559655596555967,28.536285362853633,19.98769987699877,1.3530135301353015,0.9840098400984011,0.0,2.829028290282903,0.5535055350553506,5.473554735547356,6.150061500615007,4.674046740467405,0.9225092250922511,1.045510455104551,13.653136531365316,14.637146371463716,0.24600246002460027,0.7995079950799509,0.861008610086101,0.1845018450184502,0.9840098400984011,99.87699876998771,2.644526445264453,3.505535055350554,8.48708487084871,430.93480934809355,4.920049200492006,2.3370233702337027,0.861008610086101,0.0,0.0,0.4305043050430505,0.1845018450184502,5.842558425584256,7.933579335793359,2.460024600246003,9.65559655596556,0.0,0.4305043050430505,0.9225092250922511,17.343173431734318,18.271832718327186,0.06150061500615007,1.5375153751537518,2.8905289052890533,0.24600246002460027,1.0
CD_I296359,Christian Salem,Melbourne,Half-Back,3.0,"https://s.afl.com.au/staticfile/AFL Tenant/AFL/Players/ChampIDImages/AFL/2026014/296359.png?im=Scale,width=0.6,height=0.6",0.2575,6.18,9,16.828478964401295,3.5598705501618126,6.310679611650485,23.13915857605178,16.50485436893204,0.16181229773462785,0.3236245954692557,0.0,2.912621359223301,5.339805825242719,2.26537216828479,0.970873786407767,3.5598705501618126,0.3236245954692557,0.8090614886731392,6.310679611650485,12.135922330097088,0.0,0.16181229773462785,1.132686084142395,0.16181229773462785,0.4854368932038835,84.62783171521036,0.3236245954692557,0.6472491909385114,4.207119741100324,417.7993527508091,4.207119741100324,5.177993527508091,0.16181229773462785,0.3236245954692557,0.8090614886731392,0.16181229773462785,0.0,7.605177993527509,11.488673139158577,0.8090614886731392,5.825242718446602,0.0,0.3236245954692557,0.16181229773462785,11.97411003236246,8.656957928802589,0.0,1.4563106796116505,0.6472491909385114,0.8090614886731392,1.0
CD_I1040573,Christopher Scerri,Fremantle,Interchange,45.0,"https://s.afl.com.au/staticfile/AFL Tenant/AFL/Players/ChampIDImages/AFL/2026014/1040573.png?im=Scale,width=0.6,height=0.6",0.2658333333333333,6.38,9,2.9780564263322886,1.4106583072100314,10.501567398119123,13.47962382445141,10.9717868338558,0.15673981191222572,0.31347962382445144,0.0,2.664576802507837,0.31347962382445144,2.19435736677116,0.31347962382445144,1.8808777429467085,0.4702194357366771,0.9404388714733543,6.58307210031348,6.739811912225705,0.15673981191222572,0.15673981191222572,1.2539184952978057,0.9404388714733543,0.31347962382445144,43.73040752351097,0.0,0.31347962382445144,5.799373040752351,140.1253918495298,2.19435736677116,2.664576802507837,1.2539184952978057,0.0,0.0,0.31347962382445144,0.0,5.172413793103448,1.7241379310344829,2.3510971786833856,5.956112852664577,0.0,0.0,0.31347962382445144,18.181818181818183,8.855799373040753,0.0,1.4106583072100314,0.6269592476489029,0.4702194357366771,1.0
CD_I996701,Clayton Oliver,GWS GIANTS,Centre,10.0,"https://s.afl.com.au/staticfile/AFL Tenant/AFL/Players/ChampIDImages/AFL/2026014/996701.png?im=Scale,width=0.6,height=0.6",0.813913043478261,18.720000000000002,23,13.675213675213673,3.632478632478632,23.4508547008547,37.126068376068375,26.388888888888886,0.21367521367521364,0.3205128205128205,0.0,5.876068376068376,2.457264957264957,4.967948717948717,8.974358974358973,5.502136752136751,1.442307692307692,2.457264957264957,18.32264957264957,18.48290598290598,0.10683760683760682,0.16025641025641024,1.0683760683760681,0.0,0.4807692307692307,118.00213675213674,3.205128205128205,5.769230769230768,7.9059829059829045,442.0405982905982,5.0747863247863245,3.0448717948717943,0.5876068376068375,0.0,0.0,0.0,0.0,11.217948717948717,7.478632478632478,1.6025641025641024,13.194444444444443,0.0,0.21367521367521364,0.3739316239316239,20.67307692307692,16.73611111111111,0.05341880341880341,2.617521367521367,0.8547008547008546,0.21367521367521364,1.0
CD_I1032619,Cody Angove,GWS GIANTS,Interchange,29.0,"https://s.afl.com.au/staticfile/AFL Tenant/AFL/Players/ChampIDImages/AFL/2026014/1032619.png?im=Scale,width=0.6,height=0.6",0.02391304347826087,0.55,1,14.545454545454545,3.6363636363636362,5.454545454545454,20.0,14.545454545454545,1.8181818181818181,1.8181818181818181,0.0,1.8181818181818181,0.0,7.2727272727272725,1.8181818181818181,1.8181818181818181,0.0,0.0,3.6363636363636362,18.18181818181818,0.0,0.0,1.8181818181818181,0.0,1.8181818181818181,85.45454545454545,0.0,1.8181818181818181,9.09090909090909,649.090909090909,3.6363636363636362,0.0,0.0,0.0,0.0,0.0,0.0,3.6363636363636362,9.09090909090909,0.0,1.8181818181818181,0.0,0.0,1.8181818181818181,9.09090909090909,16.90909090909091,0.0,0.0,3.6363636363636362,0.0,1.0
CD_I1036780,Cody Curtin,Brisbane Lions,Centre Half-Forward,37.0,"https://s.afl.com.au/staticfile/AFL Tenant/AFL/Players/ChampIDImages/AFL/2026014/1036780.png?im=Scale,width=0.6,height=0.6",0.11458333333333333,2.75,4,4.0,1.8181818181818181,5.454545454545454,9.454545454545455,6.181818181818182,0.7272727272727273,0.7272727272727273,0.7272727272727273,1.4545454545454546,0.36363636363636365,0.7272727272727273,0.0,3.6363636363636362,0.7272727272727273,1.0909090909090908,2.909090909090909,6.181818181818182,0.36363636363636365,0.36363636363636365,2.909090909090909,0.36363636363636365,0.0,37.45454545454545,0.0,0.0,3.6363636363636362,116.0,3.272727272727273,1.0909090909090908,0.7272727272727273,0.0,0.0,3.272727272727273,0.36363636363636365,5.454545454545454,1.8181818181818181,0.7272727272727273,1.0909090909090908,0.7272727272727273,0.0,1.0909090909090908,12.0,1.6363636363636365,2.1818181818181817,0.0,1.8181818181818181,2.5454545454545454,1.0
CD_I1011803,Cody Weightman,Western Bulldogs,Forward Pocket,3.0,"https://s.afl.com.au/staticfile/AFL Tenant/AFL/Players/ChampIDImages/AFL/2026014/1011803.png?im=Scale,width=0.6,height=0.6",0.324,8.1,11,10.123456790123457,3.2098765432098766,6.296296296296297,16.419753086419753,8.88888888888889,0.8641975308641976,1.1111111111111112,0.0,2.9629629629629632,0.8641975308641976,3.2098765432098766,1.3580246913580247,2.469135802469136,1.4814814814814816,1.1111111111111112,7.777777777777778,8.518518518518519,0.1234567901234568,1.1111111111111112,1.1111111111111112,0.0,0.2469135802469136,68.88888888888889,0.2469135802469136,1.1111111111111112,5.3086419753086425,252.22222222222223,3.7037037037037037,1.6049382716049383,1.4814814814814816,0.0,0.0,0.8641975308641976,0.1234567901234568,4.814814814814815,4.320987654320988,2.345679012345679,5.9259259259259265,0.0,0.1234567901234568,1.1111111111111112,18.024691358024693,6.604938271604938,0.0,1.1111111111111112,2.7160493827160495,0.617283950617284,1.0
CD_I1024272,Colby McKercher,North Melbourne,"Half-Back, Half-Back",10.0,"https://s.afl.com.au/staticfile/AFL Tenant/AFL/Players/ChampIDImages/AFL/2026014/1024272.png?im=Scale,width=0.6,height=0.6",0.8160869565217391,18.77,23,16.568993074054344,4.262120404901439,10.01598295151838,26.584976025572722,20.990942994139584,0.3196590303676079,0.26638252530633993,0.0,2.7703782631859353,3.090037293553543,3.7293553542887588,1.0122535961640917,3.6228023441662227,0.3196590303676079,1.1720831113478956,3.462972828982419,20.937666489078318,0.0,0.26638252530633993,0.3196590303676079,2.876931273308471,0.5327650506126799,92.59456579648375,0.42621204049014383,0.5860415556739478,5.380927011188066,431.1134789557805,4.1555673947789025,2.0245071923281834,0.47948854555141185,0.15982951518380395,0.15982951518380395,0.0,0.0,8.098028769312734,12.360149174214172,0.26638252530633993,3.1433137986148108,0.0,0.10655301012253596,0.15982951518380395,15.450186467767715,9.120937666489079,0.0,0.7458710708577517,0.9057005860415557,0.26638252530633993,1.0
CD_I1008454,Connor Budarick,Western Bulldogs,Half-Back,19.0,"https://s.afl.com.au/staticfile/AFL Tenant/AFL/Players/ChampIDImages/AFL/2026014/1008454.png?im=Scale,width=0.6,height=0.6",0.4796,11.99,16,14.845704753961634,5.921601334445371,7.589658048373645,22.43536280233528,17.347789824854043,0.08340283569641367,0.08340283569641367,0.0,2.7522935779816513,3.9199332777314426,1.5846538782318598,0.9174311926605504,2.335279399499583,0.9174311926605504,0.5838198498748958,4.670558798999166,14.762301918265221,0.16680567139282734,0.0,2.335279399499583,0.7506255212677231,0.08340283569641367,88.24020016680566,0.08340283569641367,0.8340283569641368,4.08673894912427,405.5879899916597,4.170141784820684,4.08673894912427,0.0,0.16680567139282734,0.3336113427856547,0.0,0.0,10.508757297748124,11.259382819015846,0.0,3.586321934945788,0.0,0.6672226855713094,0.4170141784820684,14.929107589658049,8.65721434528774,0.0,0.9174311926605504,0.16680567139282734,1.7514595496246872,1.0
CD_I1008083,Connor Idun,GWS GIANTS,Back-Pocket,39.0,"https://s.afl.com.au/staticfile/AFL Tenant/AFL/Players/ChampIDImages/AFL/2026014/1008083.png?im=Scale,width=0.6,height=0.6",0.9934782608695653,22.85,23,11.597374179431071,6.520787746170678,9.36542669584245,20.962800875273523,18.205689277899342,0.0,0.0,0.0,1.8380743982494527,3.894967177242888,0.8315098468271335,0.350109409190372,1.663019693654267,0.48140043763676144,0.5689277899343544,5.86433260393873,13.829321663019693,0.437636761487965,0.0,5.12035010940919,0.437636761487965,0.0,79.21225382932165,0.0,0.350109409190372,3.326039387308534,252.77899343544857,2.757111597374179,6.827133479212254,0.0437636761487965,0.350109409190372,1.5317286652078774,0.0,0.0,6.433260393873085,9.934354485776804,0.0,4.770240700218818,0.0,1.1378555798687089,0.0437636761487965,7.439824945295404,11.019693654266959,0.0,1.4442013129102844,0.0,4.3763676148796495,1.0
CD_I1017094,Connor Macdonald,Hawthorn,Half-Forward,9.0,"https://s.afl.com.au/staticfile/AFL Tenant/AFL/Players/ChampIDImages/AFL/2026014/1017094.png?im=Scale,width=0.6,height=0.6",0.7808333333333334,18.740000000000002,24,15.314834578441834,5.816435432230523,11.472785485592315,26.787620064034147,19.26360725720384,0.8537886872998932,0.7470651013874066,0.0,4.2155816435432225,0.9071504802561365,5.549626467449306,2.828175026680896,3.415154749199573,0.7470651013874066,0.7470651013874066,9.071504802561366,17.28922091782284,0.16008537886872998,0.7470651013874066,0.6403415154749199,0.3735325506937033,0.9605122732123799,107.57737459978654,0.9071504802561365,1.9210245464247597,8.858057630736392,388.7406616862326,4.749199573105656,2.3479188900747063,1.2806830309498398,0.0,0.0,0.26680896478121663,0.10672358591248665,6.776947705442902,9.284951974386338,2.134471718249733,7.257203842049092,0.0,0.10672358591248665,0.9071504802561365,20.330843116328708,13.681963713980787,0.0,1.2806830309498398,2.294557097118463,0.10672358591248665,1.0
CD_I1027877,Connor O'Sullivan,Geelong Cats,Full-Back,14.0,"https://s.afl.com.au/staticfile/AFL Tenant/AFL/Players/ChampIDImages/AFL/2026014/1027877.png?im=Scale,width=0.6,height=0.6",0.91625,21.990000000000002,24,10.050022737608003,7.094133697135061,6.366530241018644,16.416552978626648,13.506139154160982,0.04547521600727603,0.09095043201455207,0.04547521600727603,1.7735334242837653,3.6834924965893583,1.1368804001819008,0.13642564802182808,2.592087312414734,1.2733060482037288,1.0004547521600726,5.820827648931332,10.09549795361528,1.1368804001819008,0.0,6.002728512960436,0.04547521600727603,0.13642564802182808,69.94088221919054,0.0,0.13642564802182808,3.1377899045020463,294.90677580718506,2.6375625284220097,7.503410641200545,0.0,0.7276034561164165,3.3196907685311503,0.09095043201455207,0.04547521600727603,6.366530241018644,8.185538881309686,0.13642564802182808,3.274215552523874,0.04547521600727603,2.683037744429286,0.04547521600727603,8.321964529331513,9.868121873578898,0.09095043201455207,1.455206912232833,0.13642564802182808,5.457025920873123,1.0
CD_I1001299,Connor Rozee,Port Adelaide,Centre,1.0,"https://s.afl.com.au/staticfile/AFL Tenant/AFL/Players/ChampIDImages/AFL/2026014/1001299.png?im=Scale,width=0.6,height=0.6",0.058695652173913045,1.35,2,18.51851851851852,6.666666666666666,14.814814814814813,33.33333333333333,22.22222222222222,0.0,0.0,0.0,4.444444444444444,5.185185185185185,5.185185185185185,3.7037037037037033,7.4074074074074066,0.7407407407407407,1.4814814814814814,10.37037037037037,22.22222222222222,0.0,0.0,2.222222222222222,0.7407407407407407,0.0,119.25925925925925,1.4814814814814814,2.222222222222222,2.962962962962963,655.5555555555555,7.4074074074074066,5.185185185185185,0.0,0.0,0.0,0.0,0.0,5.185185185185185,10.37037037037037,0.0,6.666666666666666,0.0,0.0,2.962962962962963,20.0,6.518518518518519,0.0,0.0,0.7407407407407407,0.7407407407407407,1.0
CD_I997846,Conor McKenna,Brisbane Lions,Forward Pocket,26.0,"https://s.afl.com.au/staticfile/AFL Tenant/AFL/Players/ChampIDImages/AFL/2026014/997846.png?im=Scale,width=0.6,height=0.6",0.5795833333333333,13.91,18,12.149532710280374,2.5880661394680087,3.2350826743350107,15.384615384615385,10.4960460100647,1.5815959741193386,1.00647016534867,0.0,2.01294033069734,0.7189072609633357,4.672897196261682,0.35945363048166784,2.659956865564342,0.5751258087706685,0.8626887131560028,4.02588066139468,9.705248023005032,0.14378145219266714,0.5751258087706685,1.509705248023005,1.150251617541337,1.150251617541337,67.2178289000719,0.0,0.35945363048166784,6.326383896477354,381.02084831056794,3.8102084831056793,1.8691588785046729,1.150251617541337,0.0,0.0,0.6470165348670022,0.0,3.5945363048166787,7.620416966211359,1.0783608914450036,2.9475197699496767,0.0,0.07189072609633357,0.4313443565780014,15.240833932422717,13.580158159597412,0.0,0.7189072609633357,3.2350826743350107,0.5751258087706685,1.0
CD_I1007124,Conor Nash,Hawthorn,Centre,11.0,"https://s.afl.com.au/staticfile/AFL Tenant/AFL/Players/ChampIDImages/AFL/2026014/1007124.png?im=Scale,width=0.6,height=0.6",0.31,7.44,10,10.75268817204301,2.82258064516129,14.919354838709676,25.672043010752688,18.548387096774192,0.26881720430107525,0.26881720430107525,0.0,7.123655913978494,1.8817204301075268,2.6881720430107525,7.392473118279569,4.166666666666666,1.7473118279569892,1.3440860215053763,13.709677419354838,12.096774193548386,0.0,0.26881720430107525,2.0161290322580645,0.0,0.5376344086021505,98.65591397849462,2.82258064516129,4.569892473118279,6.451612903225806,276.8817204301075,3.629032258064516,2.82258064516129,1.6129032258064515,0.0,0.13440860215053763,0.13440860215053763,0.0,10.080645161290322,6.720430107526881,1.2096774193548387,8.198924731182796,0.0,0.0,0.26881720430107525,22.311827956989244,13.239247311827956,0.4032258064516129,1.7473118279569892,0.5376344086021505,0.26881720430107525,1.0
CD_I1015862,Conor Stone,GWS GIANTS,Wing,18.0,"https://s.afl.com.au/staticfile/AFL Tenant/AFL/Players/ChampIDImages/AFL/2026014/1015862.png?im=Scale,width=0.6,height=0.6",0.3034782608695652,6.9799999999999995,10,8.595988538681949,4.154727793696275,8.882521489971348,17.478510028653297,13.61031518624642,0.5730659025787966,0.5730659025787966,0.0,2.4355300859598854,1.5759312320916907,2.722063037249284,0.8595988538681949,2.1489971346704873,0.5730659025787966,0.7163323782234957,5.444126074498568,12.034383954154729,0.0,0.42979942693409745,2.2922636103151866,0.42979942693409745,0.7163323782234957,68.1948424068768,0.2865329512893983,0.5730659025787966,6.303724928366763,276.79083094555875,3.868194842406877,4.011461318051576,0.14326647564469916,0.14326647564469916,0.2865329512893983,0.0,0.0,8.30945558739255,5.730659025787966,0.42979942693409745,4.584527220630373,0.0,0.42979942693409745,0.5730659025787966,14.469914040114615,10.157593123209171,0.0,1.1461318051575933,1.2893982808022924,2.005730659025788,1.0
CD_I1028725,Cooper Duff-Tytler,West Coast Eagles,Forward Pocket,21.0,"https://s.afl.com.au/staticfile/AFL Tenant/AFL/Players/ChampIDImages/AFL/2026014/1028725.png?im=Scale,width=0.6,height=0.6",0.4817391304347826,11.08,16,5.956678700361011,2.9783393501805056,6.949458483754513,12.906137184115524,8.303249097472925,0.36101083032490977,0.9927797833935018,6.588447653429603,3.88086642599278,0.5415162454873647,2.436823104693141,1.7148014440433212,3.339350180505415,1.444043321299639,1.1732851985559567,6.859205776173285,6.137184115523466,0.36101083032490977,1.1732851985559567,2.888086642599278,0.0,0.36101083032490977,63.898916967509024,0.8122743682310469,0.9025270758122743,4.332129963898917,179.6028880866426,3.1588447653429603,1.9855595667870036,1.0830324909747293,0.0,0.27075812274368233,1.5342960288808665,0.18050541516245489,6.949458483754513,3.068592057761733,1.5342960288808665,4.422382671480144,2.256317689530686,0.5415162454873647,0.5415162454873647,16.425992779783392,6.498194945848375,27.617328519855594,1.1732851985559567,1.8050541516245486,2.6173285198555956,1.0
CD_I1020979,Cooper Harvey,North Melbourne,"Ruck-Rover, Wing",37.0,"https://s.afl.com.au/staticfile/AFL Tenant/AFL/Players/ChampIDImages/AFL/2026014/1020979.png?im=Scale,width=0.6,height=0.6",0.23391304347826086,5.38,7,15.241635687732343,7.249070631970261,10.408921933085502,25.650557620817846,21.37546468401487,0.0,0.0,0.0,2.0446096654275094,3.717472118959108,2.41635687732342,0.1858736059479554,2.6022304832713754,0.3717472118959108,1.1152416356877324,3.717472118959108,19.144981412639407,0.5576208178438662,0.0,1.3011152416356877,0.1858736059479554,0.1858736059479554,93.49442379182156,0.0,0.1858736059479554,3.717472118959108,388.1040892193309,3.903345724907063,4.4609665427509295,0.0,0.1858736059479554,1.1152416356877324,0.0,0.0,5.204460966542751,11.338289962825279,0.0,2.7881040892193307,0.0,1.1152416356877324,0.3717472118959108,7.249070631970261,7.695167286245353,0.0,1.3011152416356877,0.0,0.929368029739777,1.0
CD_I1029456,Cooper Hynes,Western Bulldogs,Wing,6.0,"https://s.afl.com.au/staticfile/AFL Tenant/AFL/Players/ChampIDImages/AFL/2026014/1029456.png?im=Scale,width=0.6,height=0.6",0.698,17.45,23,9.914040114613181,3.2664756446991405,8.42406876790831,18.338108882521492,12.779369627507164,0.6876790830945559,0.22922636103151864,0.0,3.6103151862464187,1.2607449856733526,3.037249283667622,1.5472779369627507,3.0945558739255015,0.2865329512893983,0.8022922636103152,5.787965616045845,12.607449856733524,0.17191977077363899,0.4584527220630373,1.0888252148997135,0.05730659025787966,0.34383954154727797,73.06590257879657,0.05730659025787966,1.4899713467048712,3.8395415472779373,310.25787965616047,3.7249283667621778,2.865329512893983,0.6876790830945559,0.17191977077363899,0.34383954154727797,0.2865329512893983,0.0,8.194842406876791,5.616045845272207,0.4011461318051576,4.756446991404012,0.0,0.34383954154727797,0.2865329512893983,16.50429799426934,8.286532951289399,0.0,0.4584527220630373,1.2607449856733526,0.4584527220630373,1.0
CD_I1032108,Cooper Lord,Carlton,Forward Pocket,36.0,"https://s.afl.com.au/staticfile/AFL Tenant/AFL/Players/ChampIDImages/AFL/2026014/1032108.png?im=Scale,width=0.6,height=0.6",0.3364,8.41,11,14.982164090368608,6.4209274673008325,11.296076099881093,26.2782401902497,18.90606420927467,0.4756242568370987,0.356718192627824,0.0,3.0915576694411415,2.3781212841854935,3.329369797859691,1.5457788347205708,2.853745541022592,1.070154577883472,0.4756242568370987,6.302021403091557,20.214030915576693,0.356718192627824,0.356718192627824,0.9512485136741974,0.23781212841854935,0.4756242568370987,102.02140309155767,0.23781212841854935,1.3079667063020213,6.777645659928656,408.68014268727705,4.637336504161712,2.853745541022592,0.356718192627824,0.0,0.0,0.11890606420927467,0.0,8.561236623067776,10.107015457788346,0.5945303210463734,4.161712247324614,0.0,0.713436385255648,0.5945303210463734,17.241379310344826,10.546967895362664,0.0,1.426872770511296,0.8323424494649228,0.4756242568370987,1.0
CD_I1018018,Cooper Sharman,St Kilda,Full-Forward,43.0,"https://s.afl.com.au/staticfile/AFL Tenant/AFL/Players/ChampIDImages/AFL/2026014/1018018.png?im=Scale,width=0.6,height=0.6",0.7760869565217391,17.85,21,8.067226890756302,5.266106442577031,5.154061624649859,13.221288515406162,8.907563025210083,1.4565826330532212,1.176470588235294,0.1680672268907563,1.4005602240896358,0.39215686274509803,2.464985994397759,0.39215686274509803,2.464985994397759,0.2801120448179272,0.3361344537815126,5.4341736694677865,8.067226890756302,1.2885154061624648,2.6890756302521006,2.2969187675070026,0.0,1.4565826330532212,65.26610644257703,0.0,0.39215686274509803,6.834733893557423,224.48179271708682,2.5770308123249297,1.6246498599439774,0.6722689075630252,0.0,0.0,1.4565826330532212,0.39215686274509803,2.5210084033613445,4.817927170868347,1.5686274509803921,3.5294117647058822,0.0,0.1680672268907563,1.2885154061624648,12.324929971988794,9.193277310924369,0.5042016806722689,0.44817927170868344,3.1372549019607843,1.4565826330532212,1.0
CD_I1031988,Cooper Trembath,North Melbourne,Centre Half-Forward,47.0,"https://s.afl.com.au/staticfile/AFL Tenant/AFL/Players/ChampIDImages/AFL/2026014/1031988.png?im=Scale,width=0.6,height=0.6",0.7956521739130434,18.3,23,7.158469945355191,5.628415300546448,5.355191256830601,12.513661202185792,9.781420765027322,1.7486338797814207,0.5464480874316939,6.502732240437158,2.6775956284153004,0.27322404371584696,1.7486338797814207,0.8743169398907104,1.4207650273224044,1.3114754098360655,0.6010928961748634,5.409836065573771,7.103825136612022,1.4754098360655736,2.021857923497268,1.3114754098360655,0.0,0.5464480874316939,76.83060109289617,0.4918032786885246,0.3825136612021858,5.300546448087432,161.47540983606558,1.530054644808743,1.0928961748633879,0.9836065573770492,0.0,0.0546448087431694,1.8579234972677594,0.4918032786885246,3.169398907103825,5.191256830601093,0.8743169398907104,2.5683060109289615,1.6939890710382512,0.16393442622950818,1.3114754098360655,12.786885245901638,10.781420765027322,14.371584699453551,0.9289617486338797,2.5683060109289615,1.0928961748633879,1.0
CD_I1008510,Corey Durdin,Port Adelaide,Forward Pocket,44.0,"https://s.afl.com.au/staticfile/AFL Tenant/AFL/Players/ChampIDImages/AFL/2026014/1008510.png?im=Scale,width=0.6,height=0.6",0.8004347826086956,18.41,23,8.202064095600218,4.182509505703422,3.367734926670288,11.569799022270505,7.658881042911461,1.7381857686040196,0.977729494839761,0.0,2.552960347637154,0.054318305268875614,2.2813688212927756,0.38022813688212925,2.2813688212927756,0.7604562737642585,0.7604562737642585,4.780010863661054,7.061379684953829,0.21727322107550245,1.4665942422596414,0.8147745790331341,0.21727322107550245,0.8147745790331341,63.98696360673547,0.10863661053775123,0.27159152634437805,6.029331884845193,200.97772949483976,2.2813688212927756,1.1406844106463878,0.8690928843020098,0.0,0.0,0.977729494839761,0.16295491580662683,3.639326453014666,4.888647474198805,1.6295491580662682,3.5850081477457905,0.0,0.054318305268875614,1.1950027159152634,13.85116784356328,9.771863117870723,0.0,0.5975013579576317,2.933188484519283,0.27159152634437805,1.0
CD_I993940,Corey Wagner,Fremantle,Wing,34.0,"https://s.afl.com.au/staticfile/AFL Tenant/AFL/Players/ChampIDImages/AFL/2026014/993940.png?im=Scale,width=0.6,height=0.6",0.4075,9.78,13,14.723926380368098,4.601226993865031,8.895705521472394,23.619631901840492,18.098159509202453,0.0,0.40899795501022496,0.0,3.1697341513292434,3.783231083844581,3.9877300613496933,1.5337423312883436,2.7607361963190185,0.40899795501022496,0.6134969325153374,6.032719836400818,17.68916155419223,0.0,0.3067484662576687,1.5337423312883436,1.2269938650306749,0.5112474437627812,87.42331288343559,0.10224948875255624,1.4314928425357873,6.441717791411043,529.1411042944785,5.010224948875256,3.6809815950920246,0.3067484662576687,0.3067484662576687,0.5112474437627812,0.0,0.0,8.384458077709612,9.815950920245399,0.10224948875255624,5.112474437627812,0.0,0.10224948875255624,0.20449897750511248,15.030674846625768,10.408997955010225,0.0,1.1247443762781186,0.5112474437627812,1.1247443762781186,1.0
CD_I1018424,Corey Warner,Sydney Swans,Half-Forward,37.0,"https://s.afl.com.au/staticfile/AFL Tenant/AFL/Players/ChampIDImages/AFL/2026014/1018424.png?im=Scale,width=0.6,height=0.6",0.12083333333333333,2.9,5,10.689655172413794,2.413793103448276,8.275862068965518,18.96551724137931,15.172413793103448,0.6896551724137931,0.3448275862068966,0.0,2.0689655172413794,1.0344827586206897,4.482758620689656,0.0,3.4482758620689657,0.6896551724137931,1.3793103448275863,3.793103448275862,15.862068965517242,0.0,0.3448275862068966,1.0344827586206897,0.6896551724137931,1.3793103448275863,65.17241379310344,0.0,0.0,5.517241379310345,370.3448275862069,3.793103448275862,1.3793103448275863,0.6896551724137931,0.0,0.0,1.0344827586206897,0.0,4.137931034482759,7.241379310344827,1.0344827586206897,3.103448275862069,0.0,0.0,0.3448275862068966,18.620689655172413,10.931034482758623,0.0,0.0,1.7241379310344829,0.6896551724137931,1.0
CD_I992374,Dan Butler,St Kilda,Forward Pocket,16.0,"https://s.afl.com.au/staticfile/AFL Tenant/AFL/Players/ChampIDImages/AFL/2026014/992374.png?im=Scale,width=0.6,height=0.6",0.29826086956521736,6.859999999999999,10,8.454810495626823,2.3323615160349855,5.830903790087464,14.285714285714286,9.766763848396502,0.8746355685131196,0.2915451895043732,0.0,6.2682215743440235,0.5830903790087464,2.478134110787172,0.5830903790087464,3.644314868804665,1.1661807580174928,1.8950437317784259,4.664723032069971,9.912536443148689,0.4373177842565598,0.2915451895043732,0.4373177842565598,0.1457725947521866,0.4373177842565598,70.11661807580175,0.0,0.5830903790087464,4.518950437317785,214.1399416909621,3.9358600583090384,1.8950437317784259,1.7492711370262393,0.0,0.0,0.2915451895043732,0.2915451895043732,8.60058309037901,4.664723032069971,0.8746355685131196,2.915451895043732,0.0,0.0,0.1457725947521866,22.886297376093296,6.151603498542275,0.0,0.8746355685131196,1.457725947521866,0.1457725947521866,1.0
CD_I994295,Dan Houston,Collingwood,Half-Back,9.0,"https://s.afl.com.au/staticfile/AFL Tenant/AFL/Players/ChampIDImages/AFL/2026014/994295.png?im=Scale,width=0.6,height=0.6",0.8095833333333334,19.43,24,16.572310859495627,7.8229541945445185,9.57282552753474,26.145136387030366,20.844055584148226,0.30880082346886256,0.6690684508492023,0.0,3.0880082346886257,5.404014410705095,2.779207411219763,1.0808028821410192,3.242408646423057,0.6176016469377251,0.7720020586721564,5.867215645908389,16.263510036026762,0.4117344312918168,0.2058672156459084,2.2645393721049922,0.2573340195573855,0.3602676273803397,105.50694801852805,0.30880082346886256,0.7720020586721564,5.198147195059187,487.75090066906847,4.0658775090066905,6.793618116314977,0.1029336078229542,0.4117344312918168,1.1322696860524961,0.0,0.0,10.036026762738034,12.969634585692228,0.0,4.580545548121462,0.0,2.110138960370561,0.3602676273803397,13.535769428718476,11.811631497683994,0.0,1.59547092125579,1.029336078229542,1.9042717447246527,1.0
CD_I290307,Dane Rampe,Sydney Swans,Back-Pocket,24.0,"https://s.afl.com.au/staticfile/AFL Tenant/AFL/Players/ChampIDImages/AFL/2026014/290307.png?im=Scale,width=0.6,height=0.6",0.52375,12.57,16,8.1145584725537,3.420843277645187,9.307875894988067,17.422434367541765,14.638027048528242,0.0,0.0,0.0,2.386634844868735,3.341288782816229,1.2728719172633254,0.5568814638027049,2.1479713603818613,0.8750994431185362,0.8750994431185362,5.966587112171838,10.898965791567223,0.31821797931583135,0.0,5.250596658711217,0.2386634844868735,0.07955449482895784,61.01829753381066,0.0,0.5568814638027049,3.1026252983293556,275.97454256165474,3.1026252983293556,6.762132060461416,0.0,0.31821797931583135,1.909307875894988,0.0,0.0,9.228321400159109,6.364359586316627,0.0,4.216388225934765,0.0,0.6364359586316627,0.07955449482895784,10.262529832935561,10.30230708035004,0.0,1.352426412092283,0.0,4.136833731105807,1.0
CD_I1029326,Daniel Annable,Brisbane Lions,Interchange,14.0,"https://s.afl.com.au/staticfile/AFL Tenant/AFL/Players/ChampIDImages/AFL/2026014/1029326.png?im=Scale,width=0.6,height=0.6",0.0825,1.98,3,11.11111111111111,3.5353535353535355,3.5353535353535355,14.646464646464647,11.616161616161616,0.5050505050505051,0.0,0.0,2.0202020202020203,1.0101010101010102,3.0303030303030303,0.5050505050505051,2.525252525252525,1.0101010101010102,0.5050505050505051,3.5353535353535355,11.616161616161616,0.0,0.0,1.0101010101010102,0.0,1.0101010101010102,61.61616161616162,0.0,0.5050505050505051,5.555555555555555,287.8787878787879,1.5151515151515151,1.0101010101010102,0.0,0.0,1.0101010101010102,0.0,0.0,6.0606060606060606,8.080808080808081,0.5050505050505051,3.0303030303030303,0.0,0.0,0.5050505050505051,15.656565656565657,7.373737373737374,0.0,0.5050505050505051,1.0101010101010102,1.0101010101010102,1.0
CD_I1024023,Daniel Curtin,Adelaide Crows,Rover,6.0,"https://s.afl.com.au/staticfile/AFL Tenant/AFL/Players/ChampIDImages/AFL/2026014/1024023.png?im=Scale,width=0.6,height=0.6",0.5529166666666666,13.27,17,12.886209495101733,5.0489826676714396,6.93293142426526,19.819140919366994,14.167294649585532,0.2260738507912585,0.5275056518462699,0.07535795026375283,4.596834966088923,2.3360964581763377,3.6925395629238884,2.562170308967596,3.391107761868877,1.0550113036925397,0.6782215523737755,8.590806330067823,11.228334589299171,0.6782215523737755,0.30143180105501133,2.637528259231349,0.37678975131876413,0.8289374529012811,87.03843255463451,1.0550113036925397,1.5071590052750565,4.52147701582517,394.19743782969107,4.370761115297664,3.8432554634513942,0.9796533534287868,0.0,0.2260738507912585,0.6782215523737755,0.30143180105501133,8.364732479276563,8.289374529012811,0.904295403165034,5.953278070836474,0.0,0.6028636021100227,0.2260738507912585,17.935192162773173,12.200452147701583,0.07535795026375283,1.4318010550113038,0.904295403165034,1.6578749058025621,1.0
CD_I297504,Daniel McStay,Collingwood,Forward Pocket,11.0,"https://s.afl.com.au/staticfile/AFL Tenant/AFL/Players/ChampIDImages/AFL/2026014/297504.png?im=Scale,width=0.6,height=0.6",0.77625,18.630000000000003,24,7.568438003220611,5.314009661835748,5.421363392377884,12.989801395598496,9.017713365539452,2.5228126677402036,0.8051529790660225,3.8647342995169076,3.918411164787976,0.21470746108427266,2.5764895330112716,1.2882447665056358,2.5228126677402036,1.2345679012345678,0.8051529790660225,7.0316693505099295,6.011808910359634,1.986044015029522,2.4691358024691357,1.7176596886741813,0.0,0.5367686527106816,83.7895866881374,0.37573805689747714,0.9125067096081587,6.548577563070316,222.866344605475,2.4691358024691357,1.1808910359634996,2.03972088030059,0.0,0.053676865271068165,2.254428341384863,0.5904455179817498,2.952227589908749,4.777241009125066,1.019860440150295,2.683843263553408,0.7514761137949543,0.48309178743961345,1.2882447665056358,12.506709608158882,13.955984970477722,15.834675254965108,1.0735373054213633,3.7037037037037033,1.1272141706924315,1.0
CD_I1000981,Daniel Rioli,Gold Coast SUNS,Half-Back,17.0,"https://s.afl.com.au/staticfile/AFL Tenant/AFL/Players/ChampIDImages/AFL/2026014/1000981.png?im=Scale,width=0.6,height=0.6",0.6891304347826087,15.85,20,12.996845425867509,4.858044164037855,12.113564668769717,25.110410094637224,20.883280757097793,0.12618296529968454,0.18927444794952683,0.0,3.091482649842271,3.406940063091483,3.280757097791798,0.6309148264984227,2.586750788643533,0.7570977917981073,0.8832807570977919,5.173501577287066,18.422712933753942,0.06309148264984227,0.06309148264984227,0.8832807570977919,3.5962145110410098,0.37854889589905366,89.21135646687698,0.0,0.6309148264984227,4.921135646687698,445.5520504731861,3.5962145110410098,4.353312302839117,0.0,0.06309148264984227,0.25236593059936907,0.0,0.0,11.35646687697161,10.220820189274448,0.12618296529968454,4.2271293375394325,0.0,0.18927444794952683,0.8201892744479495,15.457413249211356,11.217665615141957,0.0,1.0725552050473186,0.31545741324921134,0.5047318611987381,1.0
CD_I1020959,Daniel Turner,Melbourne,Full-Back,10.0,"https://s.afl.com.au/staticfile/AFL Tenant/AFL/Players/ChampIDImages/AFL/2026014/1020959.png?im=Scale,width=0.6,height=0.6",0.7575000000000001,18.18,20,11.001100110011,6.600660066006601,5.060506050605061,16.061606160616062,12.761276127612762,0.11001100110011001,0.16501650165016502,0.0,1.7051705170517053,3.5203520352035205,1.7051705170517053,0.05500550055005501,2.6952695269526954,0.6600660066006601,0.8250825082508251,5.665566556655666,9.625962596259626,1.155115511551155,0.0,5.720572057205721,0.22002200220022003,0.11001100110011001,68.75687568756875,0.0,0.05500550055005501,2.5302530253025304,306.65566556655665,3.1353135313531353,7.150715071507151,0.0,0.5500550055005501,2.42024202420242,0.22002200220022003,0.16501650165016502,5.83058305830583,8.415841584158416,0.0,3.7403740374037406,0.0,2.3652365236523654,0.16501650165016502,7.2057205720572055,10.088008800880088,0.0,1.2651265126512652,0.33003300330033003,5.17051705170517,1.0
CD_I1017128,Dante Visentini,Port Adelaide,Half-Forward,38.0,"https://s.afl.com.au/staticfile/AFL Tenant/AFL/Players/ChampIDImages/AFL/2026014/1017128.png?im=Scale,width=0.6,height=0.6",0.46304347826086956,10.65,15,5.070422535211267,3.380281690140845,4.60093896713615,9.671361502347418,7.605633802816901,0.5633802816901409,0.0,16.431924882629108,2.44131455399061,0.3755868544600939,1.3145539906103285,1.408450704225352,3.192488262910798,1.596244131455399,1.8779342723004695,5.258215962441314,4.788732394366197,0.18779342723004694,0.3755868544600939,5.727699530516432,0.0,0.28169014084507044,60.093896713615024,0.3755868544600939,1.0328638497652582,3.4741784037558685,98.59154929577464,1.596244131455399,2.347417840375587,0.5633802816901409,0.18779342723004694,1.3145539906103285,1.220657276995305,0.28169014084507044,6.76056338028169,3.6619718309859155,0.09389671361502347,2.347417840375587,4.88262910798122,0.7511737089201878,0.6572769953051643,12.863849765258216,9.04225352112676,35.49295774647887,1.596244131455399,0.6572769953051643,4.413145539906103,1.0
CD_I991930,Darcy Byrne-Jones,Port Adelaide,Half-Back,33.0,"https://s.afl.com.au/staticfile/AFL Tenant/AFL/Players/ChampIDImages/AFL/2026014/991930.png?im=Scale,width=0.6,height=0.6",0.7565217391304347,17.4,22,16.49425287356322,6.494252873563219,9.195402298850576,25.689655172413794,19.425287356321842,0.2298850574712644,0.1724137931034483,0.0,2.35632183908046,4.597701149425288,1.781609195402299,1.0344827586206897,2.931034482758621,0.7471264367816093,0.40229885057471265,7.126436781609196,15.919540229885058,0.1149425287356322,0.1149425287356322,1.7241379310344829,0.4597701149425288,0.2873563218390805,97.87356321839081,0.2298850574712644,0.8045977011494253,5.114942528735632,410.00000000000006,4.022988505747127,6.781609195402299,0.2873563218390805,0.1149425287356322,0.4597701149425288,0.0574712643678161,0.0,12.24137931034483,11.954022988505749,0.1724137931034483,6.206896551724139,0.0,0.6896551724137931,0.3448275862068966,17.643678160919542,9.586206896551726,0.0,1.4942528735632186,0.574712643678161,1.4942528735632186,1.0
CD_I990291,Darcy Cameron,Collingwood,Ruck,14.0,"https://s.afl.com.au/staticfile/AFL Tenant/AFL/Players/ChampIDImages/AFL/2026014/990291.png?im=Scale,width=0.6,height=0.6",0.7541666666666667,18.1,23,11.54696132596685,4.806629834254143,10.994475138121546,22.541436464088395,13.812154696132595,0.16574585635359115,0.22099447513812154,30.994475138121544,4.41988950276243,1.7127071823204418,1.9337016574585635,5.911602209944751,4.30939226519337,2.707182320441989,1.6022099447513811,14.088397790055248,7.845303867403314,1.3259668508287292,0.3314917127071823,1.9337016574585635,0.0,0.38674033149171266,118.83977900552485,2.154696132596685,3.756906077348066,5.74585635359116,189.8342541436464,3.8121546961325965,5.138121546961326,0.8839779005524862,0.3314917127071823,0.7734806629834253,0.9944751381215469,0.3314917127071823,8.066298342541435,5.856353591160221,0.8287292817679557,5.635359116022099,7.624309392265193,2.596685082872928,0.22099447513812154,14.143646408839778,14.767955801104971,82.76243093922652,3.4254143646408837,0.38674033149171266,1.160220994475138,1.0
CD_I999331,Darcy Fogarty,Adelaide Crows,Full-Forward,32.0,"https://s.afl.com.au/staticfile/AFL Tenant/AFL/Players/ChampIDImages/AFL/2026014/999331.png?im=Scale,width=0.6,height=0.6",0.4979166666666667,11.95,15,10.376569037656905,6.359832635983264,4.435146443514645,14.811715481171548,9.623430962343097,2.677824267782427,1.00418410041841,0.0,2.8451882845188288,0.08368200836820085,2.3430962343096238,0.3347280334728034,3.4309623430962346,1.00418410041841,1.2552301255230127,6.6945606694560675,8.284518828451883,1.4225941422594144,2.9288702928870296,1.00418410041841,0.0,0.8368200836820084,84.76987447698745,0.0,0.3347280334728034,6.861924686192469,291.21338912133893,3.8493723849372388,0.7531380753138076,1.3389121338912136,0.0,0.0,3.0125523012552304,0.9205020920502093,2.00836820083682,6.610878661087867,1.9246861924686194,3.8493723849372388,0.0,0.08368200836820085,2.4267782426778246,9.288702928870293,11.8326359832636,0.0,0.1673640167364017,4.435146443514645,0.502092050209205,1.0
CD_I298211,Darcy Fort,Brisbane Lions,Ruck,32.0,"https://s.afl.com.au/staticfile/AFL Tenant/AFL/Players/ChampIDImages/AFL/2026014/298211.png?im=Scale,width=0.6,height=0.6",0.5829166666666666,13.99,23,10.93638313080772,5.218012866333095,7.005003573981416,17.941386704789135,13.080771979985704,0.5718370264474625,0.07147962830593281,24.66047176554682,2.573266619013581,1.501072194424589,3.216583273766976,4.860614724803431,4.0028591851322375,1.7155110793423873,1.858470335954253,10.793423874195854,7.648320228734811,1.6440314510364546,0.6433166547533953,4.145818441744103,0.0,0.6433166547533953,97.06933523945675,2.28734810578985,2.573266619013581,6.36168691922802,256.8263045032166,3.2880629020729093,3.4310221586847747,0.28591851322373124,0.07147962830593281,0.6433166547533953,1.072194424588992,0.28591851322373124,6.147248034310222,6.719085060757684,0.6433166547533953,5.36097212294496,6.433166547533952,1.9299499642601858,0.35739814152966404,12.866333095067905,16.769120800571837,65.90421729807005,4.360257326661901,1.0007147962830594,3.2880629020729093,1.0
CD_I296269,Darcy Gardiner,Brisbane Lions,Centre Half-Back,27.0,"https://s.afl.com.au/staticfile/AFL Tenant/AFL/Players/ChampIDImages/AFL/2026014/296269.png?im=Scale,width=0.6,height=0.6",0.4504166666666667,10.81,13,7.86308973172988,5.827937095282146,4.162812210915819,12.025901942645698,9.528214616096207,0.0,0.0,0.0,1.0175763182238668,2.590194264569843,0.7400555041628122,0.27752081406105455,3.0527289546716,0.7400555041628122,1.757631822386679,4.25531914893617,8.048103607770582,0.6475485661424607,0.0,7.7705827937095275,0.09250693802035152,0.09250693802035152,48.93617021276596,0.0,0.27752081406105455,2.4051803885291396,153.74653098982424,2.4051803885291396,4.902867715078631,0.0,1.0175763182238668,3.9777983348751156,0.09250693802035152,0.09250693802035152,6.197964847363552,6.012950971322849,0.0,2.3126734505087883,0.0,1.4801110083256244,0.18501387604070305,7.308048103607771,6.725254394079556,0.0,0.8325624421831637,0.0,6.660499537465309,1.0
CD_I298288,Darcy Moore,Collingwood,"Back-Pocket, Full-Back",30.0,"https://s.afl.com.au/staticfile/AFL Tenant/AFL/Players/ChampIDImages/AFL/2026014/298288.png?im=Scale,width=0.6,height=0.6",0.09083333333333332,2.1799999999999997,4,6.880733944954129,5.5045871559633035,4.587155963302753,11.467889908256883,7.79816513761468,0.0,0.0,0.0,1.3761467889908259,5.045871559633028,0.0,0.0,3.6697247706422025,0.9174311926605506,1.3761467889908259,4.587155963302753,6.422018348623854,1.3761467889908259,0.0,6.422018348623854,0.0,0.0,48.623853211009184,0.0,0.0,1.8348623853211012,183.48623853211012,2.2935779816513766,7.339449541284405,0.0,0.0,0.9174311926605506,0.0,0.0,6.880733944954129,5.045871559633028,0.0,2.2935779816513766,0.0,4.128440366972478,0.0,8.256880733944955,5.917431192660551,0.9174311926605506,0.9174311926605506,0.0,6.422018348623854,1.0
CD_I993817,Darcy Parish,Essendon,Ruck-Rover,3.0,"https://s.afl.com.au/staticfile/AFL Tenant/AFL/Players/ChampIDImages/AFL/2026014/993817.png?im=Scale,width=0.6,height=0.6",0.45391304347826084,10.44,14,16.379310344827587,4.980842911877395,16.475095785440615,32.8544061302682,23.85057471264368,0.19157088122605365,0.47892720306513414,0.0,3.256704980842912,1.628352490421456,5.938697318007663,7.088122605363985,4.980842911877395,1.3409961685823755,1.5325670498084292,12.452107279693488,20.593869731800766,0.09578544061302682,0.09578544061302682,0.3831417624521073,0.09578544061302682,0.9578544061302683,108.42911877394637,2.9693486590038316,4.118773946360154,7.375478927203066,467.14559386973184,5.076628352490422,2.10727969348659,0.47892720306513414,0.0,0.0,0.0,0.0,9.386973180076629,10.536398467432951,0.8620689655172414,7.758620689655173,0.0,0.2873563218390805,0.7662835249042146,19.731800766283527,13.486590038314178,0.0,1.053639846743295,0.6704980842911877,0.0,1.0
CD_I1017067,Darcy Wilmot,Brisbane Lions,Half-Back,44.0,"https://s.afl.com.au/staticfile/AFL Tenant/AFL/Players/ChampIDImages/AFL/2026014/1017067.png?im=Scale,width=0.6,height=0.6",0.8408333333333334,20.18,24,19.177403369672945,7.77998017839445,6.293359762140733,25.470763131813676,20.911793855302278,0.049554013875123884,0.049554013875123884,0.0,1.9821605550049555,4.608523290386521,2.130822596630327,1.288404360753221,2.527254707631318,0.5946481665014867,1.0901883052527255,5.797819623389494,14.767096134786918,0.5946481665014867,0.0,2.4281466798810705,0.6442021803766105,0.09910802775024777,99.05847373637265,0.29732408325074333,0.9910802775024777,4.905847373637265,446.4321110009911,3.617443012884044,6.838453914767096,0.0,0.049554013875123884,0.39643211100099107,0.0,0.0,8.523290386521309,15.5599603567889,0.049554013875123884,4.311199207135778,0.0,2.725470763131814,0.09910802775024777,11.892963330029733,12.705649157581764,0.0,2.3785926660059467,0.14866204162537167,1.8830525272547076,1.0
CD_I1027875,Darcy Wilson,St Kilda,Wing,22.0,"https://s.afl.com.au/staticfile/AFL Tenant/AFL/Players/ChampIDImages/AFL/2026014/1027875.png?im=Scale,width=0.6,height=0.6",0.7995652173913044,18.39,22,13.703099510603588,5.5464926590538335,12.506797172376292,26.20989668297988,18.54268624252311,0.8700380641653072,0.924415443175639,0.0,2.936378466557912,1.6856987493202826,5.002718868950517,1.9575856443719413,3.3170201196302336,0.7612833061446438,0.7069059271343121,6.851549755301794,18.92332789559543,0.1631321370309951,0.5981511691136487,1.2506797172376292,1.631321370309951,0.7612833061446438,99.29309407286569,0.3262642740619902,1.631321370309951,6.797172376291463,425.33985861881456,4.3501903208265364,2.88200108754758,0.6525285481239804,0.0,0.0543773790103317,0.2175095160413268,0.0,6.579662860250136,7.99347471451876,1.3050570962479608,5.11147362697118,0.0,0.2175095160413268,1.1419249592169658,19.19521479064709,13.126699293094072,0.0,0.9787928221859706,2.2294725394236,0.5981511691136487,1.0
CD_I1003520,Darragh Joyce,Brisbane Lions,Back-Pocket,41.0,"https://s.afl.com.au/staticfile/AFL Tenant/AFL/Players/ChampIDImages/AFL/2026014/1003520.png?im=Scale,width=0.6,height=0.6",0.10875,2.6100000000000003,3,9.961685823754788,7.279693486590038,1.532567049808429,11.494252873563218,9.578544061302681,0.0,0.0,0.0,0.38314176245210724,2.6819923371647505,0.0,0.0,1.1494252873563218,0.0,0.38314176245210724,1.532567049808429,9.578544061302681,0.7662835249042145,0.0,3.8314176245210723,0.0,0.0,55.172413793103445,0.0,0.0,1.1494252873563218,185.82375478927202,1.9157088122605361,3.065134099616858,0.0,0.38314176245210724,1.9157088122605361,0.0,0.0,4.214559386973179,8.429118773946358,0.0,0.7662835249042145,0.0,1.532567049808429,0.38314176245210724,4.597701149425287,5.019157088122604,0.0,0.38314176245210724,0.0,3.8314176245210723,1.0
CD_I261224,Dayne Zorko,Brisbane Lions,Half-Back,15.0,"https://s.afl.com.au/staticfile/AFL Tenant/AFL/Players/ChampIDImages/AFL/2026014/261224.png?im=Scale,width=0.6,height=0.6",0.45083333333333336,10.82,14,25.138632162661736,8.22550831792976,7.116451016635859,32.25508317929759,24.67652495378928,0.27726432532347506,0.09242144177449169,0.0,2.4029574861367835,7.6709796672828094,3.696857670979667,1.5711645101663585,3.696857670979667,1.2939001848428835,0.5545286506469501,5.360443622920517,20.702402957486136,0.18484288354898337,0.0,1.478743068391867,0.4621072088724584,0.7393715341959335,125.32347504621072,0.36968576709796674,1.2014787430683918,6.561922365988909,714.1404805914972,5.360443622920517,5.175600739371534,0.27726432532347506,0.09242144177449169,0.36968576709796674,0.09242144177449169,0.0,9.611829944547134,19.038817005545287,0.09242144177449169,3.8817005545286505,0.0,1.1090573012939002,0.5545286506469501,15.064695009242143,14.565619223659889,0.0,2.4953789279112755,0.36968576709796674,0.4621072088724584,1.0
CD_I1009385,Deven Robertson,West Coast Eagles,"Rover, Wing",40.0,"https://s.afl.com.au/staticfile/AFL Tenant/AFL/Players/ChampIDImages/AFL/2026014/1009385.png?im=Scale,width=0.6,height=0.6",0.12956521739130436,2.98,4,12.416107382550337,3.0201342281879193,12.416107382550337,24.832214765100673,16.107382550335572,0.0,0.0,0.0,7.38255033557047,1.6778523489932886,5.033557046979865,5.033557046979865,4.3624161073825505,1.0067114093959733,1.0067114093959733,13.087248322147651,13.087248322147651,0.0,0.0,1.342281879194631,0.0,0.33557046979865773,98.65771812080537,2.348993288590604,2.684563758389262,3.691275167785235,380.53691275167785,5.704697986577181,3.0201342281879193,0.6711409395973155,0.0,0.0,0.0,0.0,10.738255033557047,5.369127516778524,1.342281879194631,10.40268456375839,0.0,0.0,0.6711409395973155,23.48993288590604,12.919463087248323,0.0,1.0067114093959733,0.0,0.33557046979865773,1.0
CD_I290627,Dion Prestia,Richmond,Centre Half-Forward,3.0,"https://s.afl.com.au/staticfile/AFL Tenant/AFL/Players/ChampIDImages/AFL/2026014/290627.png?im=Scale,width=0.6,height=0.6",0.5239130434782608,12.05,17,13.692946058091286,4.979253112033195,14.024896265560166,27.71784232365145,19.41908713692946,0.08298755186721991,0.24896265560165973,0.0,4.3153526970954355,2.0746887966804977,4.979253112033195,3.568464730290456,4.232365145228216,0.7468879668049793,1.0788381742738589,8.79668049792531,18.83817427385892,0.08298755186721991,0.33195020746887965,1.1618257261410787,0.24896265560165973,0.7468879668049793,99.58506224066389,1.4107883817427385,2.1576763485477177,5.643153526970954,410.70539419087135,5.809128630705394,3.4024896265560165,0.8298755186721991,0.0,0.0,0.0,0.0,11.950207468879668,7.883817427385892,0.9128630705394191,6.804979253112033,0.0,0.33195020746887965,0.33195020746887965,24.979253112033195,10.356846473029044,0.0,2.0746887966804977,0.6639004149377593,0.08298755186721991,1.0
CD_I993480,Dougal Howard,St Kilda,Forward Pocket,20.0,"https://s.afl.com.au/staticfile/AFL Tenant/AFL/Players/ChampIDImages/AFL/2026014/993480.png?im=Scale,width=0.6,height=0.6",0.23217391304347826,5.34,7,11.423220973782772,8.05243445692884,2.808988764044944,14.232209737827716,12.172284644194757,0.0,0.18726591760299627,0.0,0.18726591760299627,2.6217228464419478,0.5617977528089888,0.37453183520599254,2.9962546816479403,0.37453183520599254,1.4981273408239701,2.059925093632959,11.423220973782772,0.18726591760299627,0.0,5.056179775280899,0.0,0.0,60.86142322097378,0.0,0.37453183520599254,2.9962546816479403,180.1498127340824,1.8726591760299627,3.1835205992509366,0.0,0.7490636704119851,1.8726591760299627,0.18726591760299627,0.0,2.9962546816479403,9.925093632958802,0.0,1.3108614232209739,0.0,1.3108614232209739,0.18726591760299627,3.9325842696629216,4.681647940074907,0.0,0.7490636704119851,0.18726591760299627,4.119850187265918,1.0
CD_I1006314,Dylan Moore,Hawthorn,Half-Forward,8.0,"https://s.afl.com.au/staticfile/AFL Tenant/AFL/Players/ChampIDImages/AFL/2026014/1006314.png?im=Scale,width=0.6,height=0.6",0.8191666666666666,19.66,23,10.98677517802645,5.188199389623601,10.528992878942015,21.515768056968465,15.513733468972532,1.1698880976602237,0.762970498474059,0.0,3.306205493387589,0.6103763987792472,3.814852492370295,0.9155645981688708,2.899287894201424,0.762970498474059,0.5595116988809766,6.052899287894201,15.055951169888097,0.254323499491353,0.9155645981688708,0.8138351983723296,0.1525940996948118,1.1698880976602237,89.67446592065107,0.1525940996948118,0.762970498474059,7.985757884028484,307.32451678535097,3.713123092573754,1.9328585961342828,1.1190233977619533,0.0,0.0,0.3560528992878942,0.1017293997965412,6.4598168870803665,6.76500508646999,1.525940996948118,4.526958290946084,0.0,0.1525940996948118,0.8646998982706002,17.243133265513734,11.566632756866735,0.0,1.1190233977619533,2.136317395727365,0.2034587995930824,1.0
CD_I1033568,Dylan Patterson,Gold Coast SUNS,"Half-Back, Wing",30.0,"https://s.afl.com.au/staticfile/AFL Tenant/AFL/Players/ChampIDImages/AFL/2026014/1033568.png?im=Scale,width=0.6,height=0.6",0.13304347826086957,3.06,5,7.189542483660131,2.287581699346405,4.57516339869281,11.76470588235294,8.823529411764707,0.9803921568627451,0.0,0.0,2.6143790849673203,0.0,4.901960784313726,0.0,1.9607843137254901,0.0,0.6535947712418301,2.287581699346405,9.477124183006536,0.0,0.6535947712418301,1.3071895424836601,0.32679738562091504,2.287581699346405,51.96078431372549,0.0,0.0,6.209150326797386,276.4705882352941,1.6339869281045751,0.9803921568627451,0.6535947712418301,0.0,0.0,0.6535947712418301,0.0,4.901960784313726,5.555555555555555,0.9803921568627451,2.287581699346405,0.0,0.0,0.32679738562091504,16.013071895424837,7.908496732026143,0.0,0.32679738562091504,1.6339869281045751,0.9803921568627451,1.0
CD_I1004848,Dylan Stephens,North Melbourne,Wing,15.0,"https://s.afl.com.au/staticfile/AFL Tenant/AFL/Players/ChampIDImages/AFL/2026014/1004848.png?im=Scale,width=0.6,height=0.6",0.8452173913043478,19.44,23,14.300411522633745,6.018518518518518,9.25925925925926,23.559670781893004,18.569958847736626,0.20576131687242796,0.51440329218107,0.0,2.006172839506173,2.7777777777777777,3.6522633744855963,1.6460905349794237,3.0349794238683128,1.02880658436214,1.2345679012345678,5.658436213991769,17.95267489711934,0.20576131687242796,0.30864197530864196,1.1316872427983538,0.4629629629629629,0.36008230452674894,86.57407407407406,0.20576131687242796,1.4403292181069958,5.041152263374485,442.59259259259255,4.8353909465020575,3.4465020576131686,0.05144032921810699,0.30864197530864196,0.4115226337448559,0.0,0.0,7.818930041152263,10.133744855967077,0.4115226337448559,4.320987654320987,0.0,0.4629629629629629,0.36008230452674894,12.037037037037036,8.981481481481481,0.0,0.9773662551440329,0.8744855967078189,0.6172839506172839,1.0
CD_I1027168,Dyson Sharp,Essendon,Half-Forward,15.0,"https://s.afl.com.au/staticfile/AFL Tenant/AFL/Players/ChampIDImages/AFL/2026014/1027168.png?im=Scale,width=0.6,height=0.6",0.4639130434782609,10.67,15,12.652296157450797,4.967197750702906,12.18369259606373,24.835988753514528,17.713214620431117,0.28116213683223995,0.18744142455482662,0.0,5.248359887535146,0.46860356138706655,4.029990627928773,4.404873477038426,3.280224929709466,1.499531396438613,0.6560449859418932,10.028116213683225,14.43298969072165,0.28116213683223995,0.28116213683223995,0.9372071227741331,0.09372071227741331,0.7497656982193065,99.62511715089035,1.5932521087160263,2.8116213683223994,5.154639175257732,282.4742268041237,4.123711340206186,3.0927835051546393,1.3120899718837864,0.09372071227741331,0.18744142455482662,0.18744142455482662,0.09372071227741331,10.590440487347704,7.310215557638238,0.8434864104967198,6.560449859418932,0.0,0.28116213683223995,1.4058106841611997,24.36738519212746,10.7029053420806,0.09372071227741331,0.7497656982193065,0.8434864104967198,0.5623242736644799,1.0
CD_I298264,Ed Langdon,Melbourne,Half-Forward,15.0,"https://s.afl.com.au/staticfile/AFL Tenant/AFL/Players/ChampIDImages/AFL/2026014/298264.png?im=Scale,width=0.6,height=0.6",0.8987499999999999,21.57,24,11.219286045433472,5.609643022716736,10.338433008808531,21.557719054242003,17.477978674084376,0.5563282336578581,0.4172461752433936,0.0,2.2253129346314324,2.688919796012981,2.457116365322207,0.9272137227630969,2.039870190078813,0.3708854891052388,0.5563282336578581,5.748725081131201,14.974501622624015,0.0927213722763097,0.602688919796013,1.2517385257301807,0.6954102920723226,0.602688919796013,82.52202132591562,0.23180343069077422,0.6954102920723226,5.192396847473343,353.12934631432546,3.1525266573945294,4.49698655540102,0.3708854891052388,0.04636068613815485,0.1854427445526194,0.27816411682892905,0.0,6.675938803894297,8.437644877144182,0.7417709782104775,4.821511358368104,0.0,0.6954102920723226,0.602688919796013,11.497450162262401,10.310616597125637,0.0,1.0199350950394066,1.0662957811775615,0.6954102920723226,1.0
CD_I1008280,Ed Richards,Western Bulldogs,Rover,20.0,"https://s.afl.com.au/staticfile/AFL Tenant/AFL/Players/ChampIDImages/AFL/2026014/1008280.png?im=Scale,width=0.6,height=0.6",0.7716000000000001,19.29,24,21.721099015033698,4.406428201140487,10.627268014515293,32.34836702954899,21.30637636080871,1.1404872991187145,0.3110419906687403,0.0,5.495075168481079,3.1104199066874028,8.501814411612235,7.413167444271644,4.458268532918611,1.2960082944530846,1.2960082944530846,12.8564022809746,19.44012441679627,0.10368066355624676,0.41472265422498705,1.347848626231208,1.9180922757905652,1.1404872991187145,126.17936754795231,3.1104199066874028,4.30274753758424,8.657335406946604,699.7926386728875,6.531881804043546,2.2291342664593055,0.5184033177812338,0.0,0.05184033177812338,0.05184033177812338,0.0,12.389839294971488,12.130637636080872,1.1923276308968378,9.434940383618455,0.0,0.3110419906687403,0.41472265422498705,24.624157594608608,21.90254017625713,0.05184033177812338,2.125453602903059,1.6588906168999482,0.41472265422498705,1.0
CD_I1022915,Edward Allan,Collingwood,"Centre, Ruck-Rover",16.0,"https://s.afl.com.au/staticfile/AFL Tenant/AFL/Players/ChampIDImages/AFL/2026014/1022915.png?im=Scale,width=0.6,height=0.6",0.5654166666666668,13.570000000000002,19,9.137803979366248,1.9896831245394249,14.075165806927043,23.21296978629329,16.875460574797344,0.44215180545320554,0.3684598378776713,0.0,7.295504789977891,1.2527634487840824,3.9056742815033156,3.5372144436256443,4.3478260869565215,1.179071481208548,1.6212232866617535,9.064112011790714,14.369933677229179,0.0,0.0,1.4001473839351508,0.5158437730287397,0.3684598378776713,90.05158437730286,1.6949152542372878,1.8422991893883565,5.305821665438466,363.1540162122328,3.6109064112011784,2.579218865143699,0.8106116433308768,0.0,0.07369196757553426,0.07369196757553426,0.0,14.664701547531317,5.3795136330140005,1.1053795136330138,6.705969049373617,0.0,0.07369196757553426,0.07369196757553426,28.445099484156223,14.620486366985997,0.07369196757553426,0.9579955784819453,1.1053795136330138,0.3684598378776713,1.0
CD_I1020670,Elijah Hewett,West Coast Eagles,"Half-Forward, Half-Forward",8.0,"https://s.afl.com.au/staticfile/AFL Tenant/AFL/Players/ChampIDImages/AFL/2026014/1020670.png?im=Scale,width=0.6,height=0.6",0.18478260869565216,4.25,6,7.764705882352941,4.0,8.470588235294118,16.235294117647058,12.0,0.0,0.23529411764705882,0.0,3.764705882352941,1.1764705882352942,1.6470588235294117,1.411764705882353,4.0,0.47058823529411764,1.411764705882353,5.647058823529412,10.588235294117647,0.23529411764705882,0.0,0.23529411764705882,0.0,0.47058823529411764,63.76470588235294,0.23529411764705882,1.1764705882352942,3.2941176470588234,242.35294117647058,2.588235294117647,1.411764705882353,0.23529411764705882,0.0,0.0,0.23529411764705882,0.23529411764705882,8.470588235294118,5.411764705882353,0.7058823529411765,4.470588235294118,0.0,0.0,0.7058823529411765,17.41176470588235,3.6941176470588233,0.0,0.23529411764705882,0.47058823529411764,0.0,1.0
CD_I1012862,Elijah Hollands,Carlton,Centre Half-Forward,20.0,"https://s.afl.com.au/staticfile/AFL Tenant/AFL/Players/ChampIDImages/AFL/2026014/1012862.png?im=Scale,width=0.6,height=0.6",0.17880000000000001,4.470000000000001,6,11.856823266219237,3.8031319910514534,8.948545861297537,20.805369127516776,14.765100671140937,1.1185682326621922,0.22371364653243844,0.0,1.7897091722595075,1.5659955257270692,3.579418344519015,0.8948545861297538,3.8031319910514534,1.3422818791946307,1.3422818791946307,7.829977628635346,13.199105145413869,0.4474272930648769,0.22371364653243844,0.8948545861297538,0.0,0.4474272930648769,76.28635346756151,0.22371364653243844,0.6711409395973154,4.474272930648769,284.5637583892617,5.369127516778523,4.697986577181207,0.22371364653243844,0.0,0.0,0.0,0.0,6.263982102908277,7.3825503355704685,1.5659955257270692,5.8165548098433995,0.0,0.8948545861297538,0.8948545861297538,12.080536912751676,12.818791946308723,0.0,1.1185682326621922,1.5659955257270692,0.0,1.0
CD_I1023785,Elijah Tsatas,Essendon,Interchange,5.0,"https://s.afl.com.au/staticfile/AFL Tenant/AFL/Players/ChampIDImages/AFL/2026014/1023785.png?im=Scale,width=0.6,height=0.6",0.18130434782608698,4.17,6,15.107913669064748,6.235011990407674,19.664268585131897,34.77218225419664,25.65947242206235,0.23980815347721823,0.23980815347721823,0.0,2.158273381294964,1.6786570743405276,4.556354916067146,6.235011990407674,2.158273381294964,0.7194244604316546,0.23980815347721823,12.709832134292567,21.34292565947242,0.0,0.23980815347721823,0.23980815347721823,0.23980815347721823,0.23980815347721823,113.66906474820144,3.8369304556354917,2.3980815347721824,3.357314148681055,438.8489208633094,5.995203836930456,2.3980815347721824,0.0,0.0,0.0,0.0,0.0,11.510791366906474,9.352517985611511,0.9592326139088729,10.071942446043165,0.0,0.0,0.7194244604316546,21.822541966426858,13.908872901678658,0.0,0.7194244604316546,0.47961630695443647,0.23980815347721823,1.0
CD_I292128,Elliot Yeo,West Coast Eagles,Centre,6.0,"https://s.afl.com.au/staticfile/AFL Tenant/AFL/Players/ChampIDImages/AFL/2026014/292128.png?im=Scale,width=0.6,height=0.6",0.6395652173913043,14.709999999999999,21,13.120326308633583,3.6029911624745075,10.673011556764108,23.79333786539769,14.547926580557444,0.8837525492862,0.8837525492862,0.0,7.409925220938137,0.7477906186267845,5.234534330387492,5.3025152957172,4.622705642420122,1.495581237253569,1.5635622025832767,11.080897348742353,12.304554724677091,0.06798096532970768,0.8837525492862,1.3596193065941538,0.33990482664853844,0.4758667573079538,104.14683888511217,2.311352821210061,2.991162474507138,6.730115567641061,433.1747110808974,4.7586675730795385,1.5635622025832767,1.7675050985724,0.06798096532970768,0.20394289598912305,0.5438477226376615,0.06798096532970768,8.973487423521414,6.730115567641061,1.7675050985724,7.409925220938137,0.0,0.20394289598912305,0.4078857919782461,24.40516655336506,12.535690006798097,0.0,1.1556764106050306,2.6512576478586,0.5438477226376615,1.0
CD_I993953,Eric Hipwood,Brisbane Lions,Forward Pocket,30.0,"https://s.afl.com.au/staticfile/AFL Tenant/AFL/Players/ChampIDImages/AFL/2026014/993953.png?im=Scale,width=0.6,height=0.6",0.33041666666666664,7.93,11,10.34047919293821,5.800756620428752,4.287515762925599,14.627994955863809,9.962168978562422,1.8915510718789408,0.8827238335435057,0.0,2.269861286254729,0.6305170239596469,2.5220680958385877,0.25220680958385877,4.539722572509458,1.639344262295082,1.5132408575031526,6.305170239596469,8.44892812105927,1.5132408575031526,2.01765447667087,2.269861286254729,0.0,0.6305170239596469,75.40983606557377,0.0,0.25220680958385877,5.926860025220681,281.3366960907945,4.287515762925599,2.3959646910466583,1.008827238335435,0.25220680958385877,0.37831021437578816,2.1437578814627996,0.7566204287515763,2.900378310214376,7.061790668348046,1.3871374527112232,2.900378310214376,0.0,0.12610340479192939,1.3871374527112232,10.08827238335435,9.520807061790668,0.6305170239596469,1.008827238335435,3.4047919293820934,1.639344262295082,1.0
CD_I1013128,Errol Gulden,Sydney Swans,Centre,21.0,"https://s.afl.com.au/staticfile/AFL Tenant/AFL/Players/ChampIDImages/AFL/2026014/1013128.png?im=Scale,width=0.6,height=0.6",0.39291666666666664,9.43,12,25.556733828207847,4.453870625662779,14.740190880169672,40.29692470837752,28.10180275715801,0.4241781548250265,0.5302226935312832,0.0,6.256627783669141,5.302226935312832,9.225874867444327,5.832449628844115,5.938494167550371,1.2725344644750796,1.5906680805938496,11.240721102863203,28.10180275715801,0.0,0.3181336161187699,0.4241781548250265,1.9088016967126193,1.3785790031813363,144.11452810180276,2.014846235418876,3.8176033934252387,9.225874867444327,865.7476139978792,6.998939554612938,3.9236479321314954,1.0604453870625663,0.10604453870625663,0.10604453870625663,0.21208907741251326,0.0,11.558854718981973,16.43690349946978,0.7423117709437964,8.377518557794273,0.0,0.4241781548250265,0.848356309650053,23.435843054082717,18.207847295864262,0.0,2.014846235418876,1.2725344644750796,0.10604453870625663,1.0
CD_I1002220,Esava Ratugolea,Port Adelaide,Full-Back,27.0,"https://s.afl.com.au/staticfile/AFL Tenant/AFL/Players/ChampIDImages/AFL/2026014/1002220.png?im=Scale,width=0.6,height=0.6",0.28695652173913044,6.6,8,8.787878787878789,6.515151515151516,4.242424242424242,13.030303030303031,11.666666666666668,0.0,0.0,0.0,1.5151515151515151,3.3333333333333335,0.30303030303030304,0.30303030303030304,1.8181818181818183,0.4545454545454546,0.7575757575757576,5.606060606060606,6.363636363636364,1.9696969696969697,0.0,5.757575757575758,0.0,0.15151515151515152,58.63636363636364,0.0,0.30303030303030304,2.7272727272727275,167.27272727272728,1.9696969696969697,8.93939393939394,0.0,0.4545454545454546,1.9696969696969697,0.15151515151515152,0.15151515151515152,4.090909090909091,8.030303030303031,0.0,3.181818181818182,0.0,4.242424242424242,0.0,4.848484848484849,9.93939393939394,0.0,1.6666666666666667,0.0,5.0,1.0
CD_I1027033,Ethan Read,Gold Coast SUNS,Forward Pocket,20.0,"https://s.afl.com.au/staticfile/AFL Tenant/AFL/Players/ChampIDImages/AFL/2026014/1027033.png?im=Scale,width=0.6,height=0.6",0.48000000000000004,11.040000000000001,15,7.971014492753622,3.713768115942029,5.525362318840579,13.496376811594201,7.5181159420289845,1.0869565217391304,0.9057971014492753,2.8985507246376807,1.721014492753623,0.5434782608695652,1.2681159420289854,1.0869565217391304,4.076086956521738,1.721014492753623,1.539855072463768,5.978260869565217,7.427536231884058,0.9963768115942028,1.539855072463768,2.264492753623188,0.0,0.18115942028985504,60.416666666666664,0.18115942028985504,0.9057971014492753,4.619565217391304,176.44927536231882,4.166666666666666,2.1739130434782608,0.8152173913043478,0.09057971014492752,0.2717391304347826,2.083333333333333,0.45289855072463764,3.623188405797101,3.713768115942029,0.3623188405797101,3.079710144927536,0.2717391304347826,0.6340579710144927,0.6340579710144927,11.141304347826086,4.601449275362318,11.41304347826087,0.8152173913043478,2.5362318840579707,1.539855072463768,1.0
CD_I1027887,Ewan Mackinlay,Port Adelaide,Wing,31.0,"https://s.afl.com.au/staticfile/AFL Tenant/AFL/Players/ChampIDImages/AFL/2026014/1027887.png?im=Scale,width=0.6,height=0.6",0.4708695652173913,10.83,14,9.602954755309327,3.601108033240997,5.355493998153278,14.958448753462603,10.341643582640813,0.554016620498615,0.2770083102493075,0.0,3.3240997229916895,1.569713758079409,2.4007386888273317,1.0156971375807942,2.4930747922437675,0.4616805170821791,0.18467220683287164,5.355493998153278,9.97229916897507,0.18467220683287164,0.18467220683287164,0.6463527239150508,0.9233610341643582,0.2770083102493075,67.12834718374884,0.09233610341643582,0.9233610341643582,4.339796860572484,312.3730378578024,3.4164358264081254,2.770083102493075,0.6463527239150508,0.18467220683287164,0.18467220683287164,0.09233610341643582,0.0,7.940904893813481,5.724838411819021,1.0156971375807942,3.8781163434903045,0.0,0.554016620498615,0.3693444136657433,17.2668513388735,9.418282548476455,0.0,0.6463527239150508,1.3850415512465375,0.2770083102493075,1.0
CD_I1023266,Finn Callaghan,GWS GIANTS,Rover,17.0,"https://s.afl.com.au/staticfile/AFL Tenant/AFL/Players/ChampIDImages/AFL/2026014/1023266.png?im=Scale,width=0.6,height=0.6",0.6708695652173913,15.429999999999998,19,16.461438755670773,3.6941023979261183,18.08165910563837,34.54309786130914,24.627349319507456,0.5184705119896307,0.12961762799740767,0.0,5.2495139338950105,3.9533376539209337,6.351263771872976,5.379131561892418,5.379131561892418,1.166558651976669,1.4257939079714843,10.239792611795206,24.432922877511345,0.12961762799740767,0.06480881399870383,1.555411535968892,1.8794556059624112,0.7128969539857422,117.75761503564486,2.268308489954634,3.110823071937784,7.3882047958522366,662.3460790667532,6.675307841866495,2.9163966299416724,0.06480881399870383,0.0,0.06480881399870383,0.0,0.0,12.054439403758913,10.045366169799093,0.5184705119896307,7.517822423849645,0.0,0.388852883992223,0.5832793259883345,18.92417368762152,16.55865197666883,0.0,1.166558651976669,0.8425145819831498,0.388852883992223,1.0
CD_I1009421,Finn Maginness,Hawthorn,"Forward Pocket, Wing",20.0,"https://s.afl.com.au/staticfile/AFL Tenant/AFL/Players/ChampIDImages/AFL/2026014/1009421.png?im=Scale,width=0.6,height=0.6",0.18375000000000002,4.410000000000001,6,6.349206349206348,2.4943310657596367,12.244897959183671,18.59410430839002,14.285714285714283,0.45351473922902485,0.22675736961451243,0.0,2.721088435374149,1.8140589569160994,0.9070294784580497,0.6802721088435373,2.9478458049886616,0.6802721088435373,1.1337868480725621,7.48299319727891,11.337868480725621,0.22675736961451243,0.45351473922902485,0.6802721088435373,0.0,0.22675736961451243,62.1315192743764,0.0,0.6802721088435373,5.895691609977323,175.0566893424036,3.4013605442176864,3.174603174603174,0.45351473922902485,0.0,0.0,0.45351473922902485,0.0,4.5351473922902485,4.5351473922902485,2.2675736961451243,6.349206349206348,0.0,0.0,0.22675736961451243,13.832199546485258,8.684807256235825,0.0,1.1337868480725621,0.9070294784580497,0.45351473922902485,1.0
CD_I1028495,Finn O'Sullivan,North Melbourne,"Centre, Half-Back, Ruck-Rover",2.0,"https://s.afl.com.au/staticfile/AFL Tenant/AFL/Players/ChampIDImages/AFL/2026014/1028495.png?im=Scale,width=0.6,height=0.6",0.6830434782608695,15.709999999999999,19,11.394016549968173,4.774029280712922,12.539783577339275,23.93380012730745,18.20496499045194,0.3182686187141948,0.38192234245703377,0.0,3.564608529598982,1.2730744748567793,3.7555697008274986,4.137492043284532,4.32845321451305,1.0821133036282624,1.2730744748567793,8.593252705283259,15.97708465945258,0.12730744748567793,0.5728835136855507,1.718650541056652,0.12730744748567793,0.6365372374283896,87.39656269891789,1.654996817313813,2.4824952259707196,6.810948440483768,332.3360916613622,3.8828771483131765,2.036919159770847,0.25461489497135587,0.0,0.0,0.0,0.0,10.630171865054105,7.8294080203691925,0.7638446849140675,5.792488860598345,0.0,0.12730744748567793,0.4455760661998727,21.133036282622534,11.903246339910886,0.0,1.527689369828135,0.8274984086569065,0.4455760661998727,1.0
CD_I1031792,Finnbar Maley,Adelaide Crows,"Forward Pocket, Forward Pocket",36.0,"https://s.afl.com.au/staticfile/AFL Tenant/AFL/Players/ChampIDImages/AFL/2026014/1031792.png?im=Scale,width=0.6,height=0.6",0.155,3.72,6,5.376344086021505,5.376344086021505,5.64516129032258,11.021505376344086,6.989247311827957,1.075268817204301,0.5376344086021505,7.795698924731182,3.225806451612903,0.26881720430107525,1.6129032258064515,0.5376344086021505,2.956989247311828,0.8064516129032258,1.6129032258064515,5.64516129032258,5.913978494623656,2.4193548387096775,2.150537634408602,2.6881720430107525,0.0,0.5376344086021505,67.20430107526882,0.5376344086021505,0.0,5.10752688172043,131.18279569892474,2.4193548387096775,1.3440860215053763,1.3440860215053763,0.5376344086021505,0.5376344086021505,1.3440860215053763,0.0,3.7634408602150535,2.4193548387096775,0.8064516129032258,2.150537634408602,1.6129032258064515,0.8064516129032258,0.5376344086021505,12.365591397849462,7.150537634408602,22.58064516129032,1.6129032258064515,2.150537634408602,2.150537634408602,1.0
CD_I1011771,Flynn Perez,Hawthorn,Wing,39.0,"https://s.afl.com.au/staticfile/AFL Tenant/AFL/Players/ChampIDImages/AFL/2026014/1011771.png?im=Scale,width=0.6,height=0.6",0.21708333333333332,5.209999999999999,7,6.909788867562381,2.687140115163148,8.253358925143955,15.163147792706337,12.85988483685221,0.0,0.0,0.0,4.798464491362765,0.5758157389635318,1.7274472168905952,0.19193857965451058,2.687140115163148,1.343570057581574,1.919385796545106,4.798464491362765,11.132437619961614,0.0,0.0,2.1113243761996165,0.0,0.38387715930902117,60.07677543186181,0.0,0.19193857965451058,2.8790786948176588,192.1305182341651,1.919385796545106,4.222648752399233,0.19193857965451058,0.38387715930902117,0.7677543186180423,0.19193857965451058,0.0,9.788867562380041,5.7581573896353175,0.0,3.0710172744721693,0.0,0.5758157389635318,0.19193857965451058,15.738963531669869,8.138195777351248,0.0,0.959692898272553,0.0,1.5355086372360847,1.0
CD_I1027903,Flynn Riley,Carlton,Ruck,38.0,"https://s.afl.com.au/staticfile/AFL Tenant/AFL/Players/ChampIDImages/AFL/2026014/1027903.png?im=Scale,width=0.6,height=0.6",0.0248,0.62,1,6.451612903225807,1.6129032258064517,3.2258064516129035,9.67741935483871,8.064516129032258,1.6129032258064517,0.0,27.419354838709676,8.064516129032258,6.451612903225807,0.0,3.2258064516129035,4.838709677419355,4.838709677419355,0.0,11.290322580645162,1.6129032258064517,0.0,0.0,1.6129032258064517,0.0,0.0,104.83870967741936,1.6129032258064517,1.6129032258064517,1.6129032258064517,237.09677419354838,1.6129032258064517,4.838709677419355,0.0,0.0,0.0,3.2258064516129035,1.6129032258064517,6.451612903225807,4.838709677419355,1.6129032258064517,6.451612903225807,4.838709677419355,1.6129032258064517,0.0,12.903225806451614,13.548387096774194,106.45161290322581,3.2258064516129035,1.6129032258064517,1.6129032258064517,1.0
CD_I1020877,Flynn Young,Carlton,Interchange,45.0,"https://s.afl.com.au/staticfile/AFL Tenant/AFL/Players/ChampIDImages/AFL/2026014/1020877.png?im=Scale,width=0.6,height=0.6",0.09040000000000001,2.2600000000000002,3,7.0796460176991145,3.9823008849557517,5.309734513274336,12.38938053097345,8.849557522123893,0.8849557522123893,0.8849557522123893,0.0,1.7699115044247786,0.44247787610619466,3.5398230088495573,0.44247787610619466,0.8849557522123893,0.44247787610619466,0.0,3.0973451327433623,10.176991150442477,0.0,0.8849557522123893,2.654867256637168,0.0,0.8849557522123893,57.5221238938053,0.0,0.44247787610619466,6.63716814159292,233.1858407079646,1.327433628318584,0.44247787610619466,0.44247787610619466,0.44247787610619466,0.44247787610619466,0.0,0.0,3.5398230088495573,4.424778761061947,0.8849557522123893,1.7699115044247786,0.0,0.0,0.0,14.159292035398229,7.876106194690263,0.0,0.8849557522123893,1.7699115044247786,1.327433628318584,1.0
CD_I1017255,Francis Evans,Carlton,Forward Pocket,44.0,"https://s.afl.com.au/staticfile/AFL Tenant/AFL/Players/ChampIDImages/AFL/2026014/1017255.png?im=Scale,width=0.6,height=0.6",0.708,17.7,23,10.73446327683616,3.728813559322034,6.892655367231638,17.627118644067796,12.372881355932204,1.3559322033898307,0.8474576271186441,0.0,4.80225988700565,0.8474576271186441,4.067796610169491,0.6779661016949153,2.7118644067796613,1.6949152542372883,1.1299435028248588,7.231638418079096,10.338983050847459,0.3954802259887006,0.8474576271186441,0.6779661016949153,0.16949152542372883,1.073446327683616,83.67231638418079,0.11299435028248588,0.5649717514124294,7.175141242937854,308.81355932203394,2.937853107344633,2.3163841807909606,1.864406779661017,0.0,0.0,0.6779661016949153,0.0,6.101694915254238,7.118644067796611,2.7118644067796613,4.971751412429379,0.0,0.16949152542372883,0.7344632768361582,19.322033898305087,12.796610169491526,0.0,1.073446327683616,2.768361581920904,0.3954802259887006,1.0
CD_I294036,George Hewett,Carlton,Ruck-Rover,29.0,"https://s.afl.com.au/staticfile/AFL Tenant/AFL/Players/ChampIDImages/AFL/2026014/294036.png?im=Scale,width=0.6,height=0.6",0.6023999999999999,15.059999999999999,21,15.0066401062417,5.710491367861886,17.928286852589643,32.93492695883135,25.63081009296149,0.8632138114209829,0.5976095617529881,0.0,5.909694555112882,1.3944223107569722,4.316069057104914,5.909694555112882,3.7848605577689245,1.859229747675963,1.1952191235059761,12.682602921646748,20.58432934926959,0.26560424966799473,0.13280212483399736,0.9960159362549802,0.0,0.6640106241699868,125.6972111553785,2.456839309428951,3.4528552456839314,8.300132802124836,310.09296148738383,4.382470119521913,2.722443559096946,0.6640106241699868,0.0,0.0,0.06640106241699868,0.06640106241699868,10.956175298804782,10.358565737051794,1.7928286852589643,8.499335989375831,0.0,0.46480743691899074,1.062416998671979,22.177954847277558,16.48074369189907,0.06640106241699868,1.9256308100929616,1.5272244355909697,0.3320053120849934,1.0
CD_I1023681,George Stevens,Geelong Cats,Interchange,15.0,"https://s.afl.com.au/staticfile/AFL Tenant/AFL/Players/ChampIDImages/AFL/2026014/1023681.png?im=Scale,width=0.6,height=0.6",0.05083333333333333,1.22,2,9.01639344262295,4.098360655737705,14.754098360655737,23.770491803278688,16.39344262295082,0.819672131147541,0.0,0.0,4.918032786885246,0.819672131147541,1.639344262295082,5.737704918032787,0.819672131147541,1.639344262295082,0.0,9.836065573770492,14.754098360655737,0.0,0.0,1.639344262295082,0.0,0.819672131147541,95.08196721311475,2.459016393442623,3.278688524590164,6.557377049180328,326.2295081967213,1.639344262295082,0.0,1.639344262295082,0.0,0.0,0.0,0.0,4.098360655737705,4.918032786885246,0.819672131147541,6.557377049180328,0.0,0.0,0.0,15.573770491803279,14.344262295081968,0.0,0.0,0.819672131147541,0.0,1.0
CD_I1023477,George Wardlaw,North Melbourne,Ruck-Rover,6.0,"https://s.afl.com.au/staticfile/AFL Tenant/AFL/Players/ChampIDImages/AFL/2026014/1023477.png?im=Scale,width=0.6,height=0.6",0.4247826086956522,9.77,16,14.943705220061414,3.991811668372569,12.896622313203686,27.8403275332651,18.730808597748208,0.6141248720573184,0.2047082906857728,0.0,8.80245649948823,2.0470829068577276,4.708290685772774,6.653019447287615,5.117707267144319,2.4564994882292734,2.354145342886387,15.250767656090073,13.203684749232345,0.1023541453428864,0.3070624360286592,3.0706243602865917,0.3070624360286592,0.3070624360286592,117.09314227226203,3.0706243602865917,3.5823950870010237,7.983623336745138,451.68884339815764,5.220061412487206,4.401228249744115,1.4329580348004094,0.0,0.1023541453428864,0.2047082906857728,0.1023541453428864,14.227226202661209,8.495394063459571,1.4329580348004094,10.440122824974411,0.0,0.4094165813715456,0.4094165813715456,32.446264073694984,19.744114636642784,0.0,3.2753326509723646,0.8188331627430911,0.9211873080859775,1.0
CD_I997933,Griffin Logue,North Melbourne,Full-Back,19.0,"https://s.afl.com.au/staticfile/AFL Tenant/AFL/Players/ChampIDImages/AFL/2026014/997933.png?im=Scale,width=0.6,height=0.6",0.5604347826086957,12.89,16,7.292474786656323,5.818463925523662,7.137315748642358,14.42979053529868,11.17145073700543,0.0,0.0,0.0,1.2412723041117144,3.180760279286268,0.5430566330488751,0.1551590380139643,2.2498060512024822,0.3103180760279286,1.2412723041117144,5.120248254460822,9.619860356865788,0.4654771140418929,0.0,5.663304887509697,0.23273855702094645,0.0,55.15903801396431,0.0,0.1551590380139643,2.017067494181536,172.76958882854925,2.2498060512024822,6.283941039565555,0.0,0.6206361520558572,1.7067494181536074,0.07757951900698215,0.0,5.197827773467805,5.275407292474786,0.0,3.95655546935609,0.0,1.7843289371605895,0.07757951900698215,5.663304887509697,8.184639255236617,0.0,0.6982156710628393,0.0,5.197827773467805,1.0
CD_I1004938,Gryan Miers,Geelong Cats,Half-Forward,32.0,"https://s.afl.com.au/staticfile/AFL Tenant/AFL/Players/ChampIDImages/AFL/2026014/1004938.png?im=Scale,width=0.6,height=0.6",0.5420833333333334,13.01,16,13.835511145272868,5.918524212144504,11.606456571867794,25.44196771714066,18.6010760953113,0.46118370484242893,0.3843197540353574,0.0,2.690238278247502,1.4604150653343582,3.61260568793236,1.4604150653343582,2.536510376633359,0.7686395080707148,0.3843197540353574,6.22598001537279,19.369715603382016,0.0,0.46118370484242893,0.6917755572636434,0.3074558032282859,1.2298232129131437,96.00307455803228,0.15372790161414296,1.3066871637202153,7.686395080707149,330.66871637202155,3.151421983089931,1.9215987701767872,0.8455034588777863,0.0,0.0,0.23059185242121447,0.07686395080707148,5.995388162951576,8.839354342813222,1.8447348193697157,5.14988470407379,0.0,0.15372790161414296,0.5380476556495004,19.1391237509608,10.2152190622598,0.07686395080707148,0.9992313604919293,1.4604150653343582,0.15372790161414296,1.0
CD_I1032624,Hamish Davis,West Coast Eagles,Wing,38.0,"https://s.afl.com.au/staticfile/AFL Tenant/AFL/Players/ChampIDImages/AFL/2026014/1032624.png?im=Scale,width=0.6,height=0.6",0.6869565217391305,15.8,21,8.924050632911392,4.240506329113924,9.367088607594937,18.29113924050633,12.848101265822784,0.12658227848101264,0.18987341772151897,0.0,2.848101265822785,1.7721518987341771,2.2784810126582276,1.3291139240506329,2.2151898734177213,0.7594936708860759,0.5063291139240506,6.455696202531645,12.025316455696203,0.18987341772151897,0.18987341772151897,1.4556962025316456,0.12658227848101264,0.3164556962025316,69.81012658227847,0.0,1.3291139240506329,3.481012658227848,256.3291139240506,3.4177215189873418,4.30379746835443,0.3164556962025316,0.18987341772151897,0.3164556962025316,0.2531645569620253,0.06329113924050632,7.594936708860759,5.1265822784810124,0.6329113924050632,5.1265822784810124,0.0,0.8227848101265822,0.3164556962025316,15.632911392405063,7.772151898734177,0.0,0.6962025316455696,0.5063291139240506,0.9493670886075949,1.0
CD_I1023492,Harley Reid,West Coast Eagles,Ruck-Rover,9.0,"https://s.afl.com.au/staticfile/AFL Tenant/AFL/Players/ChampIDImages/AFL/2026014/1023492.png?im=Scale,width=0.6,height=0.6",0.8039130434782609,18.490000000000002,23,14.44023796646836,2.4337479718766897,16.170903190914007,30.611141157382367,20.6598161168199,0.8112493239588966,1.4602487831260138,0.0,4.056246619794483,1.4061654948620874,5.62466197944835,8.166576527852893,8.382909680908599,3.1368307193077336,3.7317468902109243,16.657652785289343,14.764737696051919,0.21633315305570577,0.2704164413196322,1.352082206598161,2.217414818820984,0.43266630611141155,97.45808545159545,4.002163331530556,4.164413196322336,7.896160086533261,522.4445646295294,5.6787452677122765,2.812330989724175,0.7571660356949702,0.0,0.0,0.2704164413196322,0.10816657652785289,9.356408869659274,8.328826392644672,1.7306652244456462,10.383991346673877,0.0,0.16224986479177933,0.21633315305570577,22.76906435911303,14.597079502433745,0.0,1.946998377501352,2.5959978366684693,0.5949161709031908,1.0
CD_I996059,Harris Andrews,Brisbane Lions,Full-Back,31.0,"https://s.afl.com.au/staticfile/AFL Tenant/AFL/Players/ChampIDImages/AFL/2026014/996059.png?im=Scale,width=0.6,height=0.6",0.8266666666666667,19.84,21,9.576612903225806,7.762096774193548,5.544354838709677,15.120967741935484,13.45766129032258,0.0,0.0,0.0,1.4112903225806452,2.6713709677419355,0.7056451612903226,0.05040322580645162,1.4112903225806452,0.5544354838709677,0.7056451612903226,6.098790322580645,8.316532258064516,2.217741935483871,0.0,7.762096774193548,0.0,0.10080645161290323,67.1875,0.0,0.05040322580645162,2.872983870967742,176.10887096774195,1.2600806451612903,7.661290322580645,0.0,0.40322580645161293,2.721774193548387,0.5040322580645161,0.25201612903225806,4.38508064516129,8.669354838709678,0.0,3.3266129032258065,0.0,3.276209677419355,0.10080645161290323,5.393145161290323,12.82258064516129,0.0,1.4112903225806452,0.05040322580645162,6.804435483870968,1.0
CD_I1011755,Harrison Jones,Essendon,Forward Pocket,23.0,"https://s.afl.com.au/staticfile/AFL Tenant/AFL/Players/ChampIDImages/AFL/2026014/1011755.png?im=Scale,width=0.6,height=0.6",0.24434782608695654,5.62,7,7.295373665480427,4.092526690391459,3.5587188612099645,10.85409252669039,8.718861209964412,0.35587188612099646,0.0,0.0,2.8469750889679717,1.9572953736654803,0.5338078291814946,0.17793594306049823,2.491103202846975,0.7117437722419929,1.4234875444839858,3.202846975088968,7.6512455516014235,0.17793594306049823,0.35587188612099646,3.0249110320284696,0.17793594306049823,0.17793594306049823,51.245551601423486,0.0,0.17793594306049823,2.6690391459074734,165.83629893238435,1.7793594306049823,3.9145907473309607,0.35587188612099646,0.8896797153024911,1.7793594306049823,0.0,0.0,5.871886120996441,5.516014234875445,0.0,2.3131672597864767,0.0,1.0676156583629892,0.35587188612099646,11.387900355871887,6.370106761565836,0.0,0.7117437722419929,0.35587188612099646,2.491103202846975,1.0
CD_I1028562,Harrison Oliver,GWS GIANTS,Centre Half-Back,19.0,"https://s.afl.com.au/staticfile/AFL Tenant/AFL/Players/ChampIDImages/AFL/2026014/1028562.png?im=Scale,width=0.6,height=0.6",0.14173913043478262,3.2600000000000002,5,9.815950920245399,3.0674846625766867,5.521472392638036,15.337423312883434,11.042944785276072,0.3067484662576687,0.0,0.0,3.3742331288343554,0.920245398773006,1.5337423312883434,0.920245398773006,3.3742331288343554,1.5337423312883434,1.840490797546012,2.4539877300613497,12.883435582822084,0.0,0.0,1.2269938650306749,0.0,0.6134969325153374,61.04294478527607,0.3067484662576687,0.6134969325153374,4.294478527607362,270.85889570552143,2.4539877300613497,2.4539877300613497,0.0,0.6134969325153374,1.2269938650306749,0.0,0.0,6.748466257668711,6.441717791411042,0.0,1.5337423312883434,0.0,0.6134969325153374,0.0,10.122699386503067,4.662576687116564,0.0,1.2269938650306749,0.3067484662576687,1.2269938650306749,1.0
CD_I1008893,Harrison Petty,Melbourne,Centre Half-Back,35.0,"https://s.afl.com.au/staticfile/AFL Tenant/AFL/Players/ChampIDImages/AFL/2026014/1008893.png?im=Scale,width=0.6,height=0.6",0.70625,16.95,20,7.610619469026549,5.958702064896755,4.542772861356933,12.15339233038348,9.144542772861357,1.5339233038348083,0.8259587020648967,1.415929203539823,3.185840707964602,0.6489675516224189,1.6519174041297935,0.2949852507374631,2.4778761061946906,0.8849557522123894,1.3569321533923304,5.781710914454277,6.371681415929204,1.7699115044247788,2.064896755162242,4.247787610619469,0.0,0.7079646017699115,70.79646017699115,0.11799410029498525,0.17699115044247787,5.3687315634218296,208.61356932153393,2.4778761061946906,3.5398230088495577,0.8849557522123894,0.2949852507374631,0.8259587020648967,2.4188790560471976,0.41297935103244837,5.958702064896755,5.3687315634218296,0.8259587020648967,2.713864306784661,0.41297935103244837,1.1799410029498525,1.0619469026548674,13.333333333333334,9.982300884955752,3.303834808259587,1.1799410029498525,2.536873156342183,3.185840707964602,1.0
CD_I1027311,Harrison Ramm,Port Adelaide,Full-Back,32.0,"https://s.afl.com.au/staticfile/AFL Tenant/AFL/Players/ChampIDImages/AFL/2026014/1027311.png?im=Scale,width=0.6,height=0.6",0.2108695652173913,4.85,6,3.505154639175258,2.4742268041237114,3.0927835051546393,6.5979381443298974,5.360824742268042,0.0,0.0,0.6185567010309279,1.8556701030927836,0.4123711340206186,0.8247422680412372,0.2061855670103093,2.2680412371134024,0.6185567010309279,1.2371134020618557,4.536082474226805,1.8556701030927836,1.0309278350515465,0.0,7.216494845360825,0.0,0.0,29.07216494845361,0.0,0.2061855670103093,1.0309278350515465,65.36082474226805,1.4432989690721651,4.3298969072164954,0.2061855670103093,0.2061855670103093,3.0927835051546393,0.4123711340206186,0.4123711340206186,8.8659793814433,2.4742268041237114,0.0,2.680412371134021,0.0,1.0309278350515465,0.0,11.134020618556702,5.855670103092784,1.6494845360824744,0.8247422680412372,0.0,6.5979381443298974,1.0
CD_I1028525,Harry Armstrong,Richmond,Forward Pocket,34.0,"https://s.afl.com.au/staticfile/AFL Tenant/AFL/Players/ChampIDImages/AFL/2026014/1028525.png?im=Scale,width=0.6,height=0.6",0.12000000000000001,2.7600000000000002,4,2.8985507246376807,2.5362318840579707,1.8115942028985506,4.7101449275362315,2.8985507246376807,0.3623188405797101,0.3623188405797101,0.0,0.3623188405797101,0.0,0.7246376811594202,0.0,1.0869565217391304,0.3623188405797101,0.3623188405797101,1.8115942028985506,3.623188405797101,0.7246376811594202,0.7246376811594202,1.0869565217391304,0.0,0.0,23.188405797101446,0.0,0.0,1.8115942028985506,85.5072463768116,2.1739130434782608,0.3623188405797101,0.3623188405797101,0.0,0.0,1.4492753623188404,0.0,0.7246376811594202,1.4492753623188404,0.3623188405797101,0.3623188405797101,0.0,0.0,0.3623188405797101,7.246376811594202,2.6449275362318843,1.0869565217391304,0.0,0.7246376811594202,0.7246376811594202,1.0
CD_I291978,Harry Cunningham,Sydney Swans,"Half-Back, Half-Back",7.0,"https://s.afl.com.au/staticfile/AFL Tenant/AFL/Players/ChampIDImages/AFL/2026014/291978.png?im=Scale,width=0.6,height=0.6",0.43041666666666667,10.33,14,9.19651500484027,5.130687318489835,7.841239109390126,17.037754114230395,13.746369796708615,0.1936108422071636,0.2904162633107454,0.0,3.6786060019361084,1.936108422071636,2.032913843175218,0.3872216844143272,1.7424975798644724,0.6776379477250726,0.5808325266214908,3.9690222652468536,13.068731848983543,0.3872216844143272,0.2904162633107454,2.6137463697967087,0.3872216844143272,0.1936108422071636,73.76573088092933,0.0,0.3872216844143272,3.77541142303969,238.43175217812197,2.5169409486931267,3.9690222652468536,0.0968054211035818,0.0968054211035818,0.5808325266214908,0.1936108422071636,0.0,8.422071636011617,6.873184898354308,0.2904162633107454,2.7105517909002903,0.0,1.1616650532429815,0.1936108422071636,14.617618586640852,7.589545014520814,0.0,1.0648596321393997,0.5808325266214908,2.032913843175218,1.0
CD_I1033084,Harry Dean,Carlton,Centre Half-Back,35.0,"https://s.afl.com.au/staticfile/AFL Tenant/AFL/Players/ChampIDImages/AFL/2026014/1033084.png?im=Scale,width=0.6,height=0.6",0.7044,17.61,22,8.915388983532084,6.076093128904032,5.735377626348666,14.65076660988075,11.584327086882453,0.05678591709256105,0.0,0.0,1.5900056785917094,2.271436683702442,0.6814310051107325,0.2271436683702442,2.044293015332198,1.4196479273140261,0.7382169222032936,4.542873367404884,10.107893242475866,0.5110732538330495,0.0,6.6439522998296425,0.0,0.1135718341851221,62.35093696763203,0.0,0.2271436683702442,2.1578648495173196,173.25383304940377,1.9875070982396366,6.53038046564452,0.0,0.5110732538330495,1.8171493469619535,0.05678591709256105,0.05678591709256105,7.950028392958546,7.268597387847814,0.0,2.782509937535491,0.0,2.271436683702442,0.0,9.483248154457694,8.676888131743329,0.0,1.249290176036343,0.05678591709256105,5.848949460533788,1.0
CD_I1011437,Harry Edwards,West Coast Eagles,"Centre Half-Back, Full-Back",42.0,"https://s.afl.com.au/staticfile/AFL Tenant/AFL/Players/ChampIDImages/AFL/2026014/1011437.png?im=Scale,width=0.6,height=0.6",0.01173913043478261,0.27,2,3.7037037037037033,0.0,0.0,3.7037037037037033,3.7037037037037033,0.0,0.0,0.0,7.4074074074074066,3.7037037037037033,0.0,0.0,3.7037037037037033,0.0,3.7037037037037033,7.4074074074074066,3.7037037037037033,0.0,0.0,11.11111111111111,0.0,0.0,29.629629629629626,0.0,0.0,0.0,111.1111111111111,0.0,7.4074074074074066,0.0,3.7037037037037033,3.7037037037037033,0.0,0.0,14.814814814814813,3.7037037037037033,0.0,0.0,0.0,0.0,0.0,14.814814814814813,12.592592592592592,0.0,0.0,0.0,3.7037037037037033,1.0
CD_I993107,Harry Himmelberg,GWS GIANTS,Half-Back,27.0,"https://s.afl.com.au/staticfile/AFL Tenant/AFL/Players/ChampIDImages/AFL/2026014/993107.png?im=Scale,width=0.6,height=0.6",0.8704347826086956,20.02,23,11.13886113886114,6.443556443556444,8.291708291708291,19.43056943056943,15.534465534465534,0.0999000999000999,0.04995004995004995,0.0,1.5484515484515484,3.7962037962037964,1.5484515484515484,0.34965034965034963,3.046953046953047,0.4995004995004995,0.999000999000999,5.544455544455545,11.788211788211788,0.5994005994005994,0.14985014985014986,6.793206793206793,0.44955044955044954,0.0999000999000999,73.67632367632368,0.14985014985014986,0.1998001998001998,3.2467532467532467,304.2957042957043,3.4965034965034967,6.8431568431568435,0.0,0.24975024975024976,2.047952047952048,0.04995004995004995,0.0,5.594405594405594,8.841158841158842,0.0,4.145854145854146,0.0,2.1478521478521477,0.44955044955044954,7.142857142857143,11.033966033966035,0.0,1.098901098901099,0.14985014985014986,6.143856143856144,1.0
CD_I1037405,Harry Kyle,Sydney Swans,Centre Half-Back,32.0,"https://s.afl.com.au/staticfile/AFL Tenant/AFL/Players/ChampIDImages/AFL/2026014/1037405.png?im=Scale,width=0.6,height=0.6",0.3416666666666667,8.2,11,7.073170731707318,2.804878048780488,8.536585365853659,15.609756097560977,12.682926829268293,0.12195121951219513,0.0,0.0,2.682926829268293,2.3170731707317076,1.5853658536585367,0.853658536585366,2.3170731707317076,0.853658536585366,0.853658536585366,5.0,10.731707317073171,0.0,0.12195121951219513,2.439024390243903,0.48780487804878053,0.12195121951219513,56.463414634146346,0.24390243902439027,0.6097560975609757,2.439024390243903,223.1707317073171,2.439024390243903,4.634146341463415,0.0,0.0,0.24390243902439027,0.0,0.0,7.8048780487804885,5.121951219512195,0.0,4.024390243902439,0.0,0.853658536585366,0.0,11.585365853658537,9.731707317073171,0.0,0.7317073170731708,0.12195121951219513,2.1951219512195124,1.0
CD_I1000953,Harry McKay,Carlton,Full-Forward,10.0,"https://s.afl.com.au/staticfile/AFL Tenant/AFL/Players/ChampIDImages/AFL/2026014/1000953.png?im=Scale,width=0.6,height=0.6",0.7607999999999999,19.02,23,10.67297581493165,6.466876971608833,5.152471083070452,15.825446898002104,10.935856992639327,1.840168243953733,1.4195583596214512,1.7350157728706626,1.7350157728706626,0.36803364879074657,2.6288117770767614,1.4195583596214512,3.1019978969505786,2.260778128286015,1.2618296529968454,8.727655099894848,7.360672975814932,1.840168243953733,2.1030494216614093,1.156677181913775,0.052576235541535225,0.31545741324921134,81.33543638275499,0.31545741324921134,1.1041009463722398,5.941114616193481,274.9737118822292,3.3648790746582544,1.5247108307045216,0.7360672975814931,0.052576235541535225,0.15772870662460567,3.4174553101997898,1.2618296529968454,2.2082018927444795,6.94006309148265,1.2092534174553102,2.8916929547844377,0.6834910620399579,0.5257623554153523,1.9453207150368035,7.465825446898002,9.815983175604627,10.725552050473187,0.9463722397476341,3.680336487907466,0.7886435331230284,1.0
CD_I1000963,Harry Morrison,Hawthorn,"Wing, Wing",1.0,"https://s.afl.com.au/staticfile/AFL Tenant/AFL/Players/ChampIDImages/AFL/2026014/1000963.png?im=Scale,width=0.6,height=0.6",0.48374999999999996,11.61,14,11.972437553832902,5.8570198105081825,9.560723514211887,21.53316106804479,16.19293712316968,0.4306632213608958,0.08613264427217916,0.0,3.4453057708871664,1.4642549526270456,2.756244616709733,1.550387596899225,2.9285099052540913,0.6890611541774333,0.7751937984496124,6.287683031869078,14.211886304909562,0.17226528854435832,0.4306632213608958,0.9474590869939707,0.08613264427217916,0.8613264427217916,87.42463393626184,0.4306632213608958,1.119724375538329,5.254091300602929,291.47286821705427,3.7037037037037037,4.392764857881137,0.2583979328165375,0.08613264427217916,0.34453057708871665,0.2583979328165375,0.0,7.14900947459087,8.18260120585702,0.516795865633075,5.0818260120585705,0.0,0.34453057708871665,0.516795865633075,15.073212747631352,10.327304048234282,0.0,1.2919896640826873,0.6890611541774333,0.516795865633075,1.0
CD_I998205,Harry Perryman,Collingwood,Half-Back,12.0,"https://s.afl.com.au/staticfile/AFL Tenant/AFL/Players/ChampIDImages/AFL/2026014/998205.png?im=Scale,width=0.6,height=0.6",0.49541666666666667,11.89,16,14.129520605550882,6.055508830950378,7.821698906644238,21.95121951219512,15.979814970563497,0.0,0.16820857863751051,0.0,3.700588730025231,4.121110176619007,2.6913372582001682,0.5887300252312868,2.7754415475189234,0.5046257359125316,0.5887300252312868,4.9621530698065595,16.232127838519762,0.42052144659377627,0.0,2.6072329688814126,0.2523128679562658,0.16820857863751051,89.90748528174936,0.2523128679562658,0.33641715727502103,3.4482758620689653,417.7460050462573,4.373423044575273,5.466778805719091,0.08410428931875526,0.0,1.0933557611438183,0.08410428931875526,0.0,9.587888982338098,9.419680403700589,0.16820857863751051,3.8687973086627414,0.0,1.3456686291000841,0.0,14.045416316232128,9.259882253994954,0.0,1.3456686291000841,0.16820857863751051,1.7661900756938602,1.0
CD_I1021122,Harry Rowston,GWS GIANTS,Rover,24.0,"https://s.afl.com.au/staticfile/AFL Tenant/AFL/Players/ChampIDImages/AFL/2026014/1021122.png?im=Scale,width=0.6,height=0.6",0.3430434782608696,7.890000000000001,12,13.814955640050696,5.069708491761723,10.139416983523446,23.95437262357414,17.490494296577946,0.7604562737642585,0.12674271229404308,0.0,4.182509505703422,2.027883396704689,3.4220532319391634,2.6615969581749046,3.9290240811153354,0.6337135614702154,1.394169835234474,7.984790874524714,15.716096324461342,0.0,0.25348542458808615,1.394169835234474,0.25348542458808615,1.0139416983523446,94.80354879594422,0.8871989860583016,1.7743979721166032,6.59062103929024,379.84790874524714,4.309252217997465,3.168567807351077,0.5069708491761723,0.0,0.12674271229404308,0.12674271229404308,0.0,10.012674271229404,8.61850443599493,1.394169835234474,6.083650190114068,0.0,0.12674271229404308,0.6337135614702154,20.785804816223067,13.65019011406844,0.0,1.2674271229404308,1.0139416983523446,0.5069708491761723,1.0
CD_I1008543,Harry Schoenberg,West Coast Eagles,Half-Forward,48.0,"https://s.afl.com.au/staticfile/AFL Tenant/AFL/Players/ChampIDImages/AFL/2026014/1008543.png?im=Scale,width=0.6,height=0.6",0.16869565217391302,3.88,5,8.505154639175258,3.0927835051546393,6.958762886597938,15.463917525773196,11.082474226804123,0.2577319587628866,0.7731958762886598,0.0,2.3195876288659796,0.5154639175257733,2.3195876288659796,1.288659793814433,2.577319587628866,0.2577319587628866,0.7731958762886598,4.896907216494846,10.824742268041238,0.0,0.2577319587628866,0.5154639175257733,0.0,0.2577319587628866,58.24742268041237,0.2577319587628866,1.0309278350515465,4.123711340206186,225.2577319587629,3.350515463917526,1.0309278350515465,0.2577319587628866,0.0,0.0,0.0,0.0,4.381443298969073,5.154639175257732,1.288659793814433,4.381443298969073,0.0,0.0,0.2577319587628866,12.371134020618557,7.268041237113402,0.0,0.5154639175257733,1.5463917525773196,0.0,1.0
CD_I1007099,Harry Sharp,Melbourne,Wing,30.0,"https://s.afl.com.au/staticfile/AFL Tenant/AFL/Players/ChampIDImages/AFL/2026014/1007099.png?im=Scale,width=0.6,height=0.6",0.81,19.44,24,9.465020576131687,3.1893004115226335,6.378600823045267,15.843621399176953,11.059670781893004,1.337448559670782,0.8230452674897119,0.0,2.8292181069958846,0.4115226337448559,4.320987654320987,1.2345679012345678,2.7263374485596708,1.183127572016461,0.8744855967078189,5.349794238683128,10.390946502057613,0.0,0.6172839506172839,0.9773662551440329,1.2860082304526748,0.8744855967078189,69.44444444444444,0.05144032921810699,1.183127572016461,6.275720164609053,340.7407407407407,4.012345679012346,1.183127572016461,1.0802469135802468,0.05144032921810699,0.10288065843621398,0.30864197530864196,0.05144032921810699,6.224279835390946,6.018518518518518,1.2860082304526748,3.7037037037037033,0.0,0.05144032921810699,0.7716049382716049,17.386831275720162,11.733539094650205,0.0,0.5658436213991769,2.4176954732510287,0.5658436213991769,1.0
CD_I1023518,Harry Sheezel,North Melbourne,Rover,3.0,"https://s.afl.com.au/staticfile/AFL Tenant/AFL/Players/ChampIDImages/AFL/2026014/1023518.png?im=Scale,width=0.6,height=0.6",0.771304347826087,17.740000000000002,22,18.26381059751973,8.117249154453212,19.44757609921082,37.71138669673055,28.692220969560314,0.6764374295377676,0.6764374295377676,0.0,6.031567080045095,2.311161217587373,5.467869222096955,5.580608793686584,3.8895152198421643,0.9582863585118375,1.2965050732807213,12.175873731679818,25.140924464487032,0.2818489289740699,0.8455467869222096,1.0146561443066515,0.22547914317925588,0.6764374295377676,143.9684329199549,2.029312288613303,3.5512965050732803,8.962795941375422,458.2863585118376,5.129650507328072,3.2694475760992106,0.9019165727170235,0.0,0.0,0.05636978579481397,0.0,12.457722660653888,11.894024802705749,1.5219842164599773,8.680947012401353,0.0,0.6200676437429538,0.6764374295377676,24.915445321307775,16.347237880496053,0.0,2.254791431792559,1.860202931228861,0.2818489289740699,1.0
CD_I1017087,Harvey Gallagher,Western Bulldogs,Wing,12.0,"https://s.afl.com.au/staticfile/AFL Tenant/AFL/Players/ChampIDImages/AFL/2026014/1017087.png?im=Scale,width=0.6,height=0.6",0.0836,2.09,3,11.004784688995215,1.9138755980861246,5.2631578947368425,16.267942583732058,10.047846889952154,0.47846889952153115,2.3923444976076556,0.0,0.0,0.9569377990430623,3.8277511961722492,0.9569377990430623,2.3923444976076556,1.9138755980861246,0.47846889952153115,4.784688995215311,11.004784688995215,0.0,0.0,0.47846889952153115,0.47846889952153115,0.0,55.02392344497608,0.0,0.9569377990430623,4.306220095693781,275.59808612440196,2.870813397129187,1.4354066985645935,0.0,0.0,0.47846889952153115,0.0,0.0,3.349282296650718,5.741626794258374,0.47846889952153115,3.8277511961722492,0.0,0.0,0.0,8.612440191387561,3.6842105263157903,0.0,0.9569377990430623,2.870813397129187,0.47846889952153115,1.0
CD_I1015332,Harvey Harrison,Collingwood,Half-Forward,36.0,"https://s.afl.com.au/staticfile/AFL Tenant/AFL/Players/ChampIDImages/AFL/2026014/1015332.png?im=Scale,width=0.6,height=0.6",0.35833333333333334,8.6,12,9.30232558139535,4.651162790697675,5.5813953488372094,14.883720930232558,10.232558139534884,0.46511627906976744,0.3488372093023256,0.0,4.302325581395349,0.3488372093023256,3.1395348837209305,0.813953488372093,2.558139534883721,0.9302325581395349,0.3488372093023256,3.488372093023256,11.627906976744187,0.11627906976744186,1.0465116279069768,0.46511627906976744,0.3488372093023256,1.1627906976744187,73.25581395348837,0.11627906976744186,0.6976744186046512,4.883720930232558,305.1162790697675,2.906976744186047,1.3953488372093024,1.744186046511628,0.11627906976744186,0.23255813953488372,0.3488372093023256,0.0,4.186046511627907,5.348837209302326,0.813953488372093,2.2093023255813953,0.0,0.23255813953488372,1.1627906976744187,16.74418604651163,7.651162790697675,0.0,0.3488372093023256,1.3953488372093024,0.46511627906976744,1.0
CD_I1027969,Harvey Johnston,West Coast Eagles,Forward Pocket,24.0,"https://s.afl.com.au/staticfile/AFL Tenant/AFL/Players/ChampIDImages/AFL/2026014/1027969.png?im=Scale,width=0.6,height=0.6",0.2565217391304348,5.9,8,5.59322033898305,3.2203389830508473,5.2542372881355925,10.847457627118644,8.813559322033898,0.6779661016949152,0.3389830508474576,0.0,3.2203389830508473,0.0,1.0169491525423728,0.1694915254237288,2.2033898305084745,0.6779661016949152,0.5084745762711864,3.389830508474576,7.4576271186440675,0.0,0.3389830508474576,0.1694915254237288,0.0,0.5084745762711864,53.389830508474574,0.0,0.1694915254237288,3.559322033898305,108.64406779661016,2.0338983050847457,0.847457627118644,2.0338983050847457,0.0,0.0,0.6779661016949152,0.1694915254237288,4.406779661016949,4.576271186440677,0.6779661016949152,2.711864406779661,0.0,0.0,0.6779661016949152,16.440677966101696,4.644067796610169,0.0,0.1694915254237288,1.0169491525423728,0.1694915254237288,1.0
CD_I1028546,Harvey Langford,Melbourne,Wing,4.0,"https://s.afl.com.au/staticfile/AFL Tenant/AFL/Players/ChampIDImages/AFL/2026014/1028546.png?im=Scale,width=0.6,height=0.6",0.7658333333333334,18.380000000000003,24,10.500544069640913,4.896626768226333,10.718171926006526,21.21871599564744,14.689880304678997,1.2513601741022848,0.5440696409140369,0.0,2.5027203482045697,1.1969532100108813,2.774755168661588,2.0130576713819366,3.4276387377584325,0.8161044613710554,0.6528835690968443,8.487486398258977,12.350380848748639,0.8705114254624591,1.1425462459194775,0.6528835690968443,0.43525571273122954,0.5440696409140369,84.54842219804134,0.27203482045701843,1.7410228509249182,5.2230685527747545,369.8585418933623,4.134929270946681,3.9173014145810656,0.3808487486398258,0.10881392818280738,0.27203482045701843,0.6528835690968443,0.16322089227421108,6.093579978237213,6.311207834602828,1.1425462459194775,5.821545157780195,0.0,0.6528835690968443,0.8161044613710554,13.928182807399345,12.154515778019585,0.0,1.1969532100108813,2.285092491838955,0.43525571273122954,1.0
CD_I1027925,Harvey Thomas,GWS GIANTS,Wing,1.0,"https://s.afl.com.au/staticfile/AFL Tenant/AFL/Players/ChampIDImages/AFL/2026014/1027925.png?im=Scale,width=0.6,height=0.6",0.7817391304347826,17.98,22,11.012235817575084,3.89321468298109,12.513904338153504,23.526140155728587,17.408231368186875,0.5005561735261401,0.44493882091212456,0.0,4.671857619577308,2.7808676307007785,2.836484983314794,2.169076751946607,3.225806451612903,0.8342602892102335,1.0567296996662958,9.399332591768632,14.68298109010011,0.22246941045606228,0.389321468298109,1.668520578420467,0.44493882091212456,0.44493882091212456,89.54393770856507,0.22246941045606228,1.946607341490545,5.450500556173526,329.86651835372635,4.4493882091212456,3.89321468298109,0.9454949944382647,0.05561735261401557,0.389321468298109,0.11123470522803114,0.0,9.621802002224694,7.063403781979978,1.6129032258064515,7.452725250278086,0.0,0.5561735261401557,0.3337041156840934,19.35483870967742,13.676307007786429,0.0,1.1123470522803114,1.2235817575083425,0.5561735261401557,1.0
CD_I1003203,Hayden McLean,Sydney Swans,Forward Pocket,2.0,"https://s.afl.com.au/staticfile/AFL Tenant/AFL/Players/ChampIDImages/AFL/2026014/1003203.png?im=Scale,width=0.6,height=0.6",0.3154166666666667,7.57,11,7.133421400264201,3.698811096433289,5.680317040951123,12.813738441215323,9.511228533685602,2.113606340819022,0.5284015852047556,8.982826948480845,2.509907529722589,0.6605019815059445,1.453104359313078,1.7173051519154556,2.7741083223249667,1.1889035667107002,0.9247027741083222,7.397622192866578,4.623513870541611,1.7173051519154556,2.113606340819022,4.359313077939234,0.0,0.3963011889035667,74.50462351387054,0.9247027741083222,0.7926023778071334,7.001321003963012,161.9550858652576,1.9815059445178336,0.6605019815059445,1.056803170409511,0.0,0.0,3.0383091149273445,1.1889035667107002,5.019815059445178,4.491413474240423,1.5852047556142668,4.095112285336856,1.453104359313078,0.0,0.7926023778071334,14.39894319682959,10.739762219286657,26.816380449141345,1.7173051519154556,3.4346103038309113,3.698811096433289,1.0
CD_I1009256,Hayden Young,Fremantle,Ruck-Rover,26.0,"https://s.afl.com.au/staticfile/AFL Tenant/AFL/Players/ChampIDImages/AFL/2026014/1009256.png?im=Scale,width=0.6,height=0.6",0.42416666666666664,10.18,15,14.341846758349705,5.599214145383105,12.57367387033399,26.915520628683694,19.94106090373281,0.7858546168958743,0.39292730844793716,0.09823182711198429,4.2239685658153245,1.768172888015717,5.402750491159136,4.81335952848723,2.8487229862475445,1.1787819253438114,0.5893909626719057,10.412573673870334,16.69941060903733,0.0,0.09823182711198429,1.768172888015717,0.4911591355599214,0.68762278978389,106.48330058939096,2.5540275049115913,2.2593320235756384,7.956777996070727,395.5795677799607,3.8310412573673873,2.5540275049115913,0.29469548133595286,0.0,0.0,0.29469548133595286,0.0,7.858546168958743,8.93909626719057,1.0805500982318272,5.992141453831041,0.09823182711198429,0.39292730844793716,0.9823182711198428,19.94106090373281,15.87426326129666,0.09823182711198429,1.9646365422396856,1.37524557956778,0.09823182711198429,1.0
CD_I1013224,Heath Chapman,Fremantle,Back-Pocket,5.0,"https://s.afl.com.au/staticfile/AFL Tenant/AFL/Players/ChampIDImages/AFL/2026014/1013224.png?im=Scale,width=0.6,height=0.6",0.80625,19.35,23,10.90439276485788,6.3565891472868215,7.3385012919896635,18.242894056847543,15.038759689922479,0.05167958656330749,0.10335917312661498,0.0,2.428940568475452,3.152454780361757,1.912144702842377,0.31007751937984496,2.3772609819121446,0.4134366925064599,0.9302325581395349,4.496124031007752,12.97157622739018,0.5684754521963824,0.10335917312661498,3.979328165374677,0.5167958656330749,0.31007751937984496,74.21188630490956,0.0,0.31007751937984496,3.6692506459948317,297.57105943152453,3.3591731266149867,5.426356589147287,0.05167958656330749,0.20671834625322996,1.0335917312661498,0.0,0.0,7.3385012919896635,8.785529715762273,0.10335917312661498,3.5142118863049094,0.0,1.5503875968992247,0.4134366925064599,9.974160206718345,9.38501291989664,0.0,0.8268733850129198,0.20671834625322996,3.5658914728682167,1.0
CD_I1023680,Henry Hustwaite,Hawthorn,Rover,44.0,"https://s.afl.com.au/staticfile/AFL Tenant/AFL/Players/ChampIDImages/AFL/2026014/1023680.png?im=Scale,width=0.6,height=0.6",0.029583333333333333,0.71,1,9.859154929577466,1.4084507042253522,16.901408450704228,26.760563380281692,19.71830985915493,0.0,0.0,0.0,4.225352112676057,1.4084507042253522,1.4084507042253522,8.450704225352114,4.225352112676057,0.0,0.0,12.67605633802817,14.084507042253522,0.0,0.0,0.0,0.0,0.0,84.50704225352113,2.8169014084507045,5.633802816901409,4.225352112676057,239.43661971830988,8.450704225352114,4.225352112676057,0.0,0.0,0.0,0.0,0.0,11.267605633802818,4.225352112676057,1.4084507042253522,9.859154929577466,0.0,0.0,0.0,19.71830985915493,11.549295774647886,0.0,1.4084507042253522,0.0,0.0,1.0
CD_I1023489,Hudson O'Keeffe,Carlton,Interchange,40.0,"https://s.afl.com.au/staticfile/AFL Tenant/AFL/Players/ChampIDImages/AFL/2026014/1023489.png?im=Scale,width=0.6,height=0.6",0.0568,1.4200000000000002,3,5.633802816901408,2.112676056338028,6.338028169014084,11.971830985915492,5.633802816901408,0.0,0.704225352112676,16.901408450704224,2.816901408450704,0.0,3.52112676056338,2.112676056338028,5.633802816901408,1.408450704225352,2.112676056338028,7.746478873239436,5.633802816901408,0.704225352112676,0.704225352112676,4.225352112676056,0.0,0.0,59.85915492957746,0.704225352112676,1.408450704225352,6.338028169014084,178.8732394366197,2.816901408450704,0.704225352112676,0.704225352112676,0.0,0.0,2.112676056338028,0.704225352112676,2.816901408450704,2.112676056338028,0.704225352112676,4.225352112676056,4.225352112676056,0.0,1.408450704225352,9.859154929577464,5.28169014084507,49.29577464788732,3.52112676056338,0.704225352112676,3.52112676056338,1.0
CD_I1023534,Hugh Bond,Adelaide Crows,"Back-Pocket, Half-Back",21.0,"https://s.afl.com.au/staticfile/AFL Tenant/AFL/Players/ChampIDImages/AFL/2026014/1023534.png?im=Scale,width=0.6,height=0.6",0.24333333333333332,5.84,7,9.075342465753424,3.767123287671233,4.109589041095891,13.184931506849315,10.273972602739727,0.0,0.17123287671232876,0.0,2.910958904109589,2.73972602739726,0.8561643835616438,0.684931506849315,1.8835616438356164,0.3424657534246575,0.684931506849315,4.109589041095891,9.417808219178083,0.0,0.17123287671232876,2.0547945205479454,0.17123287671232876,0.0,56.849315068493155,0.17123287671232876,0.5136986301369864,1.7123287671232876,193.15068493150685,2.73972602739726,4.965753424657534,0.0,0.17123287671232876,1.1986301369863015,0.0,0.0,10.102739726027398,6.678082191780822,0.0,3.2534246575342465,0.0,1.5410958904109588,0.3424657534246575,11.643835616438356,5.102739726027398,0.0,0.684931506849315,0.17123287671232876,0.684931506849315,1.0
CD_I1029148,Hugh Boxshall,St Kilda,Wing,38.0,"https://s.afl.com.au/staticfile/AFL Tenant/AFL/Players/ChampIDImages/AFL/2026014/1029148.png?im=Scale,width=0.6,height=0.6",0.33260869565217394,7.65,10,8.49673202614379,3.7908496732026142,9.934640522875817,18.431372549019606,13.333333333333332,0.5228758169934641,0.5228758169934641,0.0,7.3202614379084965,0.9150326797385621,2.0915032679738563,3.1372549019607843,4.705882352941177,1.3071895424836601,1.4379084967320261,8.49673202614379,10.326797385620914,0.26143790849673204,0.9150326797385621,3.0065359477124183,0.0,0.0,86.66666666666666,1.1764705882352942,1.9607843137254901,3.7908496732026142,208.1045751633987,3.9215686274509802,3.7908496732026142,1.1764705882352942,0.5228758169934641,0.5228758169934641,0.13071895424836602,0.0,11.50326797385621,4.836601307189542,0.7843137254901961,5.751633986928105,0.0,0.39215686274509803,0.7843137254901961,25.22875816993464,9.542483660130719,0.0,1.0457516339869282,1.1764705882352942,1.4379084967320261,1.0
CD_I1000978,Hugh McCluggage,Brisbane Lions,Centre,6.0,"https://s.afl.com.au/staticfile/AFL Tenant/AFL/Players/ChampIDImages/AFL/2026014/1000978.png?im=Scale,width=0.6,height=0.6",0.3954166666666667,9.49,14,14.22550052687039,5.900948366701791,11.801896733403582,26.027397260273972,16.12223393045311,0.8429926238145417,0.6322444678609062,0.0,4.531085353003161,2.4236037934668073,4.425711275026344,4.952581664910432,4.7418335089567965,0.8429926238145417,1.2644889357218123,10.642781875658589,16.01685985247629,0.1053740779768177,0.7376185458377239,1.1591148577449948,0.0,0.3161222339304531,104.8472075869336,2.4236037934668073,2.5289778714436246,6.8493150684931505,415.80611169652263,4.531085353003161,2.212855637513172,0.6322444678609062,0.0,0.0,0.3161222339304531,0.0,8.429926238145416,7.060063224446786,1.5806111696522656,7.165437302423603,0.0,0.5268703898840885,0.9483667017913593,23.8145416227608,12.539515279241307,0.0,0.8429926238145417,1.8967334035827186,0.0,1.0
CD_I1027790,Hugo Garcia,St Kilda,Ruck-Rover,34.0,"https://s.afl.com.au/staticfile/AFL Tenant/AFL/Players/ChampIDImages/AFL/2026014/1027790.png?im=Scale,width=0.6,height=0.6",0.7526086956521739,17.31,23,14.15366839976892,3.466204506065858,17.157712305026,31.311380704794917,23.16580011554015,0.635470826112074,0.40439052570768347,0.0,7.394569612940497,1.1554015020219528,4.7949162333911035,7.914500288850376,4.217215482380127,1.5597920277296362,1.0398613518197575,13.229347198151359,17.793183131138072,0.0,0.3466204506065858,2.079722703639515,0.5199306759098787,0.8665511265164645,119.41074523396881,3.870595031773542,4.043905257076834,7.972270363951473,412.7094165222415,4.506065857885615,2.1952628538417103,0.8665511265164645,0.0,0.11554015020219527,0.057770075101097634,0.0,12.70941652224148,8.376660889659156,1.2131715771230505,8.954361640670134,0.0,0.057770075101097634,0.4621606008087811,26.400924321201618,17.290583477758524,0.0,1.5020219526285385,1.2131715771230505,0.5777007510109764,1.0
CD_I1023273,Hugo Hall-Kahan,Adelaide Crows,Forward Pocket,40.0,"https://s.afl.com.au/staticfile/AFL Tenant/AFL/Players/ChampIDImages/AFL/2026014/1023273.png?im=Scale,width=0.6,height=0.6",0.38333333333333336,9.2,12,17.934782608695652,5.108695652173913,7.500000000000001,25.434782608695656,19.456521739130437,0.10869565217391305,0.10869565217391305,0.0,2.3913043478260874,5.326086956521739,3.4782608695652177,1.1956521739130437,2.8260869565217392,1.0869565217391306,0.6521739130434783,5.978260869565218,16.304347826086957,0.10869565217391305,0.10869565217391305,0.5434782608695653,0.5434782608695653,0.10869565217391305,93.58695652173914,0.10869565217391305,1.0869565217391306,4.673913043478262,527.5,4.239130434782609,4.347826086956522,0.2173913043478261,0.0,0.5434782608695653,0.0,0.0,7.82608695652174,13.369565217391305,0.2173913043478261,4.891304347826087,0.0,0.32608695652173914,0.7608695652173914,11.304347826086957,8.304347826086957,0.0,1.3043478260869565,0.2173913043478261,0.32608695652173914,1.0
CD_I1011985,Hugo Ralphsmith,Richmond,Wing,13.0,"https://s.afl.com.au/staticfile/AFL Tenant/AFL/Players/ChampIDImages/AFL/2026014/1011985.png?im=Scale,width=0.6,height=0.6",0.4765217391304348,10.959999999999999,13,9.215328467153286,3.649635036496351,8.12043795620438,17.335766423357665,12.500000000000002,0.5474452554744526,0.45620437956204385,0.0,1.6423357664233578,1.6423357664233578,3.558394160583942,1.094890510948905,2.6459854014598543,0.45620437956204385,0.8211678832116789,6.021897810218978,10.766423357664234,0.0,0.5474452554744526,2.281021897810219,0.18248175182481755,0.45620437956204385,63.13868613138687,0.0,1.094890510948905,4.014598540145986,338.4124087591241,3.7408759124087596,3.010948905109489,0.45620437956204385,0.09124087591240877,0.2737226277372263,0.2737226277372263,0.0,6.478102189781023,6.204379562043796,1.551094890510949,5.109489051094891,0.0,0.3649635036496351,0.6386861313868614,14.598540145985403,10.593065693430658,0.0,0.45620437956204385,1.094890510948905,1.6423357664233578,1.0
CD_I1002264,Hunter Clark,St Kilda,Back-Pocket,11.0,"https://s.afl.com.au/staticfile/AFL Tenant/AFL/Players/ChampIDImages/AFL/2026014/1002264.png?im=Scale,width=0.6,height=0.6",0.1691304347826087,3.8899999999999997,7,16.195372750642676,7.197943444730078,9.254498714652957,25.449871465295633,20.051413881748072,0.0,0.0,0.0,4.113110539845759,4.884318766066839,2.570694087403599,0.7712082262210798,2.570694087403599,0.7712082262210798,0.5141388174807199,8.483290488431876,16.452442159383036,0.5141388174807199,0.0,1.5424164524421595,0.0,0.5141388174807199,104.37017994858613,0.0,0.7712082262210798,3.341902313624679,456.0411311053985,2.8277634961439593,7.712082262210798,0.0,0.5141388174807199,1.0282776349614398,0.0,0.0,11.568123393316196,11.825192802056556,0.7712082262210798,6.940874035989718,0.0,1.0282776349614398,1.2853470437017995,16.966580976863753,12.18508997429306,0.0,1.0282776349614398,0.0,1.5424164524421595,1.0
CD_I1030308,Hussien El Achkar,Essendon,"Centre Half-Back, Forward Pocket, Wing",33.0,"https://s.afl.com.au/staticfile/AFL Tenant/AFL/Players/ChampIDImages/AFL/2026014/1030308.png?im=Scale,width=0.6,height=0.6",0.2791304347826087,6.42,9,5.140186915887851,1.2461059190031152,5.140186915887851,10.280373831775702,6.230529595015576,1.557632398753894,0.4672897196261682,0.0,3.426791277258567,0.1557632398753894,1.7133956386292835,0.9345794392523364,1.7133956386292835,1.090342679127726,0.3115264797507788,5.919003115264798,4.361370716510904,0.0,0.778816199376947,0.4672897196261682,0.3115264797507788,0.6230529595015576,53.11526479750779,0.1557632398753894,0.778816199376947,4.205607476635514,150.31152647975077,2.0249221183800623,2.0249221183800623,2.180685358255452,0.0,0.0,0.6230529595015576,0.0,4.517133956386293,2.64797507788162,2.180685358255452,4.672897196261682,0.0,0.0,0.6230529595015576,22.897196261682243,10.778816199376948,0.0,1.2461059190031152,2.336448598130841,0.3115264797507788,1.0
CD_I1001396,Isaac Cumming,Adelaide Crows,Wing,44.0,"https://s.afl.com.au/staticfile/AFL Tenant/AFL/Players/ChampIDImages/AFL/2026014/1001396.png?im=Scale,width=0.6,height=0.6",0.52625,12.629999999999999,17,11.63895486935867,5.384006334125099,7.205067300079177,18.84402216943785,15.122723673792558,0.6334125098970705,0.0,0.0,3.7212984956452893,2.7711797307996835,2.8503562945368173,1.1876484560570073,2.7711797307996835,1.1084718923198733,1.266825019794141,6.01741884402217,13.222486144101348,0.31670625494853527,0.23752969121140144,3.1670625494853524,0.15835312747426764,0.6334125098970705,81.47268408551069,0.07917656373713382,1.1084718923198733,4.513064133016627,337.92557403008715,2.6920031670625497,4.275534441805226,0.39588281868566905,0.23752969121140144,0.7917656373713381,0.15835312747426764,0.0,7.917656373713381,8.392715756136184,0.4750593824228029,4.038004750593824,0.0,0.7125890736342043,0.4750593824228029,14.09342834520982,11.132224861441014,0.0,0.6334125098970705,0.6334125098970705,2.137767220902613,1.0
CD_I298539,Isaac Heeney,Sydney Swans,Ruck-Rover,5.0,"https://s.afl.com.au/staticfile/AFL Tenant/AFL/Players/ChampIDImages/AFL/2026014/298539.png?im=Scale,width=0.6,height=0.6",0.6654166666666667,15.969999999999999,20,16.155291170945524,4.3206011271133375,17.532874139010648,33.68816530995617,23.168440826549784,2.0037570444583594,0.8766437069505323,0.0,6.136505948653726,1.8785222291797121,5.2598622417031935,7.764558547276144,5.072010018785223,2.5046963055729496,1.0644959298685035,16.343143393863496,16.28052598622417,0.6887914840325611,1.3775829680651221,1.1271133375078273,0.5009392611145899,1.2523481527864748,133.2498434564809,4.007514088916719,3.7570444583594242,10.519724483406387,511.95992485911086,5.447714464621165,4.0701314965560424,1.2523481527864748,0.0,0.06261740763932373,0.6261740763932374,0.3757044458359424,9.455228553537884,9.517845961177208,1.7532874139010646,9.20475892298059,0.0,0.5635566687539136,1.2523481527864748,21.79085785848466,23.45648090169067,0.06261740763932373,1.8159048215403883,3.4439574201628056,0.43832185347526614,1.0
CD_I1028554,Isaac Kako,Essendon,Forward Pocket,10.0,"https://s.afl.com.au/staticfile/AFL Tenant/AFL/Players/ChampIDImages/AFL/2026014/1028554.png?im=Scale,width=0.6,height=0.6",0.5095652173913043,11.72,15,6.484641638225256,2.1331058020477816,7.508532423208191,13.993174061433447,9.385665529010238,0.7679180887372014,0.68259385665529,0.0,2.5597269624573378,0.1706484641638225,2.5597269624573378,1.023890784982935,2.8156996587030716,0.341296928327645,1.1945392491467577,6.143344709897611,7.679180887372013,0.08532423208191126,0.5972696245733788,1.1092150170648463,0.5119453924914675,0.4266211604095563,53.15699658703071,0.25597269624573377,0.7679180887372014,5.375426621160409,171.50170648464163,2.5597269624573378,1.706484641638225,1.023890784982935,0.08532423208191126,0.08532423208191126,0.5972696245733788,0.1706484641638225,5.375426621160409,3.41296928327645,2.04778156996587,4.863481228668942,0.0,0.08532423208191126,0.9385665529010239,20.989761092150168,8.174061433447099,0.0,0.7679180887372014,1.621160409556314,0.341296928327645,1.0
CD_I1015323,Isaac Keeler,St Kilda,Interchange,17.0,"https://s.afl.com.au/staticfile/AFL Tenant/AFL/Players/ChampIDImages/AFL/2026014/1015323.png?im=Scale,width=0.6,height=0.6",0.05260869565217391,1.21,2,7.43801652892562,4.132231404958678,9.917355371900827,17.355371900826448,10.743801652892563,0.8264462809917356,0.0,2.479338842975207,0.8264462809917356,0.0,2.479338842975207,0.8264462809917356,4.958677685950414,0.8264462809917356,0.8264462809917356,9.090909090909092,9.917355371900827,0.0,1.6528925619834711,3.3057851239669422,0.0,0.8264462809917356,63.63636363636364,0.0,0.8264462809917356,7.43801652892562,146.28099173553719,5.785123966942149,0.8264462809917356,0.0,0.8264462809917356,0.8264462809917356,3.3057851239669422,1.6528925619834711,1.6528925619834711,2.479338842975207,3.3057851239669422,6.6115702479338845,0.8264462809917356,0.0,1.6528925619834711,13.223140495867769,5.702479338842975,11.570247933884298,0.8264462809917356,2.479338842975207,1.6528925619834711,1.0
CD_I1008089,Isaac Quaynor,Collingwood,"Half-Back, Half-Back",3.0,"https://s.afl.com.au/staticfile/AFL Tenant/AFL/Players/ChampIDImages/AFL/2026014/1008089.png?im=Scale,width=0.6,height=0.6",0.7233333333333333,17.36,21,12.096774193548388,7.027649769585254,8.525345622119817,20.622119815668203,16.705069124423964,0.0,0.0,0.0,3.3410138248847927,5.241935483870968,1.555299539170507,0.5184331797235023,2.4769585253456223,0.8064516129032259,0.8064516129032259,5.0691244239631335,14.746543778801843,0.28801843317972353,0.0,4.377880184331797,0.6336405529953917,0.1152073732718894,86.17511520737328,0.0,0.5184331797235023,3.859447004608295,395.6221198156682,3.859447004608295,6.221198156682028,0.1152073732718894,0.2304147465437788,0.8640552995391705,0.0,0.0,10.77188940092166,9.7926267281106,0.0,3.8018433179723505,0.0,1.4976958525345623,0.1728110599078341,14.631336405529954,9.8963133640553,0.0,1.0944700460829493,0.0576036866359447,3.3986175115207375,1.0
CD_I1011558,Isaiah Dudley,Fremantle,Centre Half-Forward,43.0,"https://s.afl.com.au/staticfile/AFL Tenant/AFL/Players/ChampIDImages/AFL/2026014/1011558.png?im=Scale,width=0.6,height=0.6",0.7195833333333332,17.27,24,7.990735379270411,2.3740590619571513,6.369426751592357,14.360162130862768,10.13317892298784,1.6213086276780544,1.0422698320787493,0.0,3.590040532715692,0.2895193977996526,2.6056745801968733,0.9264620729588883,2.6056745801968733,0.9843659525188188,1.0422698320787493,5.4429646786334684,9.264620729588882,0.0,0.7527504342790967,1.1001737116386798,0.17371163867979156,1.2159814707585408,66.82107701215982,0.17371163867979156,0.7527504342790967,7.122177185871454,230.45744064852346,2.663578459756804,1.679212507237985,1.3896931094383325,0.0,0.05790387955993052,0.23161551823972207,0.0,4.921829762594094,4.516502605674581,2.3740590619571513,4.284887087434858,0.0,0.05790387955993052,0.8685581933989578,18.99247249565721,11.858714533873771,0.0,1.2159814707585408,3.4163288940359005,0.17371163867979156,1.0
CD_I1001195,Izak Rankine,Adelaide Crows,Half-Forward,23.0,"https://s.afl.com.au/staticfile/AFL Tenant/AFL/Players/ChampIDImages/AFL/2026014/1001195.png?im=Scale,width=0.6,height=0.6",0.69375,16.65,21,18.85885885885886,5.285285285285286,11.951951951951953,30.810810810810814,20.840840840840844,1.5015015015015016,1.0810810810810811,0.0,5.225225225225226,2.9429429429429432,5.9459459459459465,6.546546546546547,4.804804804804805,1.3813813813813816,1.021021021021021,14.054054054054054,16.756756756756758,0.3003003003003003,0.3003003003003003,1.861861861861862,0.7207207207207208,0.6606606606606608,125.64564564564566,1.801801801801802,4.744744744744745,7.507507507507508,567.1471471471472,5.8858858858858865,3.4234234234234235,1.0810810810810811,0.060060060060060066,0.12012012012012013,0.3003003003003003,0.060060060060060066,9.96996996996997,11.051051051051052,1.6816816816816818,9.60960960960961,0.0,0.6606606606606608,0.6006006006006006,22.102102102102105,19.30930930930931,0.0,2.3423423423423424,2.9429429429429432,0.6606606606606608,1.0
CD_I998260,Jack Bowes,Geelong Cats,Back-Pocket,12.0,"https://s.afl.com.au/staticfile/AFL Tenant/AFL/Players/ChampIDImages/AFL/2026014/998260.png?im=Scale,width=0.6,height=0.6",0.26,6.24,9,14.583333333333332,5.288461538461538,10.737179487179487,25.32051282051282,17.46794871794872,1.1217948717948718,0.9615384615384615,0.0,3.5256410256410255,1.6025641025641024,5.128205128205128,1.4423076923076923,4.647435897435897,1.282051282051282,1.1217948717948718,7.692307692307692,16.987179487179485,0.4807692307692307,0.3205128205128205,0.8012820512820512,0.4807692307692307,0.9615384615384615,100.80128205128204,0.16025641025641024,1.282051282051282,8.012820512820513,475.4807692307692,5.608974358974359,3.6858974358974357,0.8012820512820512,0.0,0.16025641025641024,0.3205128205128205,0.0,8.493589743589743,8.814102564102564,0.8012820512820512,5.608974358974359,0.0,0.3205128205128205,0.3205128205128205,16.826923076923077,14.39102564102564,0.0,1.1217948717948718,2.4038461538461537,0.641025641025641,1.0
CD_I1009708,Jack Buckley,GWS GIANTS,Full-Back,44.0,"https://s.afl.com.au/staticfile/AFL Tenant/AFL/Players/ChampIDImages/AFL/2026014/1009708.png?im=Scale,width=0.6,height=0.6",0.31956521739130433,7.35,9,8.843537414965986,4.4897959183673475,4.761904761904762,13.60544217687075,11.156462585034014,0.0,0.0,0.0,1.6326530612244898,2.857142857142857,0.6802721088435374,0.1360544217687075,2.312925170068027,1.08843537414966,1.08843537414966,4.761904761904762,8.979591836734695,0.6802721088435374,0.0,7.6190476190476195,0.0,0.0,53.87755102040816,0.0,0.1360544217687075,2.17687074829932,246.12244897959184,3.2653061224489797,6.666666666666667,0.0,1.2244897959183674,4.081632653061225,0.0,0.0,5.442176870748299,7.07482993197279,0.0,2.993197278911565,0.0,1.7687074829931975,0.1360544217687075,6.802721088435375,10.761904761904761,0.0,1.08843537414966,0.0,6.938775510204082,1.0
CD_I1009392,Jack Buller,Collingwood,Forward Pocket,34.0,"https://s.afl.com.au/staticfile/AFL Tenant/AFL/Players/ChampIDImages/AFL/2026014/1009392.png?im=Scale,width=0.6,height=0.6",0.31375,7.529999999999999,10,5.444887118193892,4.780876494023905,5.179282868525897,10.624169986719789,6.374501992031873,0.9296148738379815,1.062416998671979,0.39840637450199207,1.859229747675963,0.0,0.7968127490039841,0.26560424966799473,3.1872509960159365,0.7968127490039841,1.859229747675963,3.9840637450199208,6.6401062416998675,1.3280212483399736,2.656042496679947,1.5936254980079683,0.0,0.0,50.73041168658699,0.13280212483399736,0.13280212483399736,4.648074369189907,131.6069057104914,3.0544488711819393,0.5312084993359895,0.9296148738379815,0.0,0.0,3.4528552456839314,1.062416998671979,1.5936254980079683,2.52324037184595,0.5312084993359895,1.7264276228419657,0.0,0.0,1.1952191235059761,6.772908366533865,1.7928286852589645,5.179282868525897,0.26560424966799473,2.9216467463479416,1.1952191235059761,1.0
CD_I1013233,Jack Carroll,St Kilda,Half-Back,18.0,"https://s.afl.com.au/staticfile/AFL Tenant/AFL/Players/ChampIDImages/AFL/2026014/1013233.png?im=Scale,width=0.6,height=0.6",0.4121739130434782,9.48,12,13.080168776371307,7.70042194092827,6.434599156118143,19.514767932489452,15.717299578059071,0.0,0.21097046413502107,0.0,2.4261603375527425,3.1645569620253164,3.481012658227848,0.3164556962025316,2.4261603375527425,0.5274261603375527,0.5274261603375527,3.481012658227848,15.928270042194091,0.3164556962025316,0.0,1.8987341772151898,0.7383966244725738,0.6329113924050632,84.0717299578059,0.0,0.3164556962025316,3.691983122362869,409.3881856540084,4.113924050632911,3.90295358649789,0.0,0.10548523206751054,0.42194092827004215,0.0,0.0,8.860759493670885,10.126582278481012,0.10548523206751054,2.742616033755274,0.0,0.7383966244725738,0.42194092827004215,11.181434599156118,7.162447257383967,0.0,0.42194092827004215,0.3164556962025316,1.6877637130801686,1.0
CD_I293871,Jack Crisp,Collingwood,Wing,25.0,"https://s.afl.com.au/staticfile/AFL Tenant/AFL/Players/ChampIDImages/AFL/2026014/293871.png?im=Scale,width=0.6,height=0.6",0.7883333333333334,18.92,24,13.21353065539112,6.236786469344608,12.684989429175474,25.898520084566595,18.92177589852008,0.3171247357293869,0.3171247357293869,0.0,5.3911205073995765,2.642706131078224,4.12262156448203,2.5898520084566594,3.4883720930232553,0.8985200845665962,0.8456659619450316,9.46088794926004,16.596194503171247,0.3171247357293869,0.4228329809725158,2.061310782241015,0.2114164904862579,0.2642706131078224,105.86680761099365,0.7928118393234671,1.7970401691331923,6.4482029598308666,451.69133192389,4.175475687103594,4.968287526427061,0.7399577167019027,0.05285412262156448,0.15856236786469344,0.2114164904862579,0.0,11.416490486257928,8.350951374207188,0.5285412262156448,7.55813953488372,0.0,0.9513742071881606,0.4756871035940803,23.097251585623678,14.291754756871033,0.05285412262156448,1.7970401691331923,0.7399577167019027,1.1627906976744184,1.0
CD_I1033042,Jack Dalton,Hawthorn,Forward Pocket,34.0,"https://s.afl.com.au/staticfile/AFL Tenant/AFL/Players/ChampIDImages/AFL/2026014/1033042.png?im=Scale,width=0.6,height=0.6",0.1404166666666667,3.37,5,7.4183976261127595,4.747774480712166,9.198813056379821,16.61721068249258,11.869436201780415,0.8902077151335311,0.8902077151335311,0.0,5.637982195845697,1.7804154302670623,2.373887240356083,0.5934718100890207,3.5608308605341246,0.29673590504451036,0.8902077151335311,6.231454005934718,12.166172106824925,0.0,0.29673590504451036,1.1869436201780414,0.5934718100890207,0.5934718100890207,81.30563798219585,0.0,0.5934718100890207,4.747774480712166,221.95845697329375,3.264094955489614,2.6706231454005933,2.6706231454005933,0.0,0.0,0.0,0.0,6.528189910979228,4.451038575667655,1.7804154302670623,5.341246290801187,0.0,0.29673590504451036,0.29673590504451036,18.694362017804153,6.4094955489614245,0.0,0.29673590504451036,1.7804154302670623,0.29673590504451036,1.0
CD_I290838,Jack Darling,North Melbourne,Forward Pocket,27.0,"https://s.afl.com.au/staticfile/AFL Tenant/AFL/Players/ChampIDImages/AFL/2026014/290838.png?im=Scale,width=0.6,height=0.6",0.678695652173913,15.61,22,9.160794362588085,6.149903907751441,5.637411915438822,14.798206278026907,9.673286354900705,2.3062139654067906,0.8327994875080077,1.2812299807815504,3.2030749519538757,0.7687379884689302,2.0499679692504804,0.9609224855861628,2.3702754644458683,1.1531069827033953,0.6406149903907752,7.623318385650225,6.854580397181294,1.985906470211403,2.5624599615631007,1.345291479820628,0.0,0.8327994875080077,85.2017937219731,0.0,0.9609224855861628,7.046764894298527,231.9026265214606,2.946828955797566,0.8327994875080077,1.857783472133248,0.0,0.06406149903907751,3.6515054452274183,1.345291479820628,2.5624599615631007,5.893657911595132,1.729660474055093,3.715566944266496,0.3203074951953876,0.19218449711723254,1.9218449711723256,10.31390134529148,11.947469570787957,7.110826393337605,0.7687379884689302,3.7796284433055733,0.8327994875080077,1.0
CD_I1012857,Jack Ginnivan,Hawthorn,Half-Forward,33.0,"https://s.afl.com.au/staticfile/AFL Tenant/AFL/Players/ChampIDImages/AFL/2026014/1012857.png?im=Scale,width=0.6,height=0.6",0.7575000000000001,18.18,23,15.016501650165017,6.765676567656766,9.02090209020902,24.03740374037404,16.226622662266227,1.1001100110011002,0.9900990099009901,0.0,2.9702970297029703,1.4851485148514851,5.225522552255225,1.375137513751375,3.2453245324532456,0.8800880088008801,0.7150715071507151,6.5456545654565454,17.106710671067106,0.11001100110011001,0.9350935093509352,1.5401540154015403,0.22002200220022003,1.155115511551155,101.5951595159516,0.33003300330033003,1.045104510451045,7.425742574257426,408.25082508250824,4.400440044004401,2.915291529152915,1.045104510451045,0.0,0.05500550055005501,0.0,0.0,5.060506050605061,9.350935093509351,1.5401540154015403,5.060506050605061,0.0,0.27502750275027504,1.045104510451045,16.116611661166118,10.687568756875688,0.05500550055005501,1.21012101210121,2.4752475247524752,0.8800880088008801,1.0
CD_I990827,Jack Graham,West Coast Eagles,Half-Forward,17.0,"https://s.afl.com.au/staticfile/AFL Tenant/AFL/Players/ChampIDImages/AFL/2026014/990827.png?im=Scale,width=0.6,height=0.6",0.4243478260869565,9.76,13,13.114754098360656,2.971311475409836,11.065573770491804,24.18032786885246,17.62295081967213,0.4098360655737705,0.0,0.0,8.299180327868852,2.151639344262295,3.790983606557377,3.8934426229508197,4.918032786885246,1.8442622950819672,2.3565573770491803,9.631147540983607,15.26639344262295,0.0,0.10245901639344263,0.3073770491803279,0.0,0.9221311475409836,100.81967213114754,1.0245901639344261,2.8688524590163933,6.659836065573771,312.3975409836066,3.8934426229508197,2.6639344262295084,1.1270491803278688,0.0,0.0,0.0,0.0,14.549180327868854,8.299180327868852,1.1270491803278688,6.967213114754099,0.0,0.0,0.6147540983606558,31.147540983606557,10.563524590163935,0.0,1.3319672131147542,0.6147540983606558,0.10245901639344263,1.0
CD_I291351,Jack Gunston,Hawthorn,Forward Pocket,19.0,"https://s.afl.com.au/staticfile/AFL Tenant/AFL/Players/ChampIDImages/AFL/2026014/291351.png?im=Scale,width=0.6,height=0.6",0.6570833333333332,15.77,18,10.336081166772352,6.594800253646164,1.7121116043119848,12.048192771084338,6.911857958148383,3.868103994927077,2.28281547241598,0.0,1.077996195307546,0.0,1.4584654407102093,0.12682308180088778,1.9023462270133165,0.8877615726062144,0.9511731135066582,3.677869372225745,8.116677235256818,0.6341154090044389,4.502219403931516,0.7609384908053266,0.0,0.12682308180088778,82.05453392517438,0.0,0.12682308180088778,7.7996195307545975,275.142675967026,2.4096385542168677,0.4438807863031072,0.8877615726062144,0.0,0.0,2.4730500951173116,0.6975269499048827,0.3804692454026633,5.70703868103995,1.585288522511097,2.0925808497146483,0.0,0.0,4.058338617628409,10.019023462270134,10.82435003170577,0.0,0.3804692454026633,7.102092580849715,0.5072923272035511,1.0
CD_I1000937,Jack Henry,Geelong Cats,Full-Back,38.0,"https://s.afl.com.au/staticfile/AFL Tenant/AFL/Players/ChampIDImages/AFL/2026014/1000937.png?im=Scale,width=0.6,height=0.6",0.6620833333333334,15.89,20,7.803650094398993,5.412208936438011,4.153555695405916,11.957205789804908,9.75456261799874,0.37759597230962866,0.2517306482064191,0.2517306482064191,1.44745122718691,1.5103838892385146,0.8810572687224669,0.18879798615481433,1.1957205789804908,0.5663939584644431,0.7551919446192573,4.279421019509125,7.23725613593455,0.6922592825676526,0.3146633102580239,6.230333543108873,0.0,0.12586532410320955,54.814348646947764,0.0,0.18879798615481433,3.6500943989930774,132.03272498426682,1.7621145374449338,4.845814977973568,0.37759597230962866,0.3146633102580239,2.1397105097545626,0.6922592825676526,0.06293266205160478,3.8388923851478918,6.167400881057269,0.6293266205160478,2.7690371302706103,0.12586532410320955,1.6362492133417244,0.18879798615481433,6.922592825676526,7.8539962240402765,0.6293266205160478,1.3845185651353051,0.6293266205160478,5.66393958464443,1.0
CD_I1002227,Jack Higgins,St Kilda,Half-Forward,1.0,"https://s.afl.com.au/staticfile/AFL Tenant/AFL/Players/ChampIDImages/AFL/2026014/1002227.png?im=Scale,width=0.6,height=0.6",0.548695652173913,12.620000000000001,16,7.765451664025356,3.090332805071315,5.3882725832012675,13.153724247226624,8.399366085578446,2.2979397781299524,1.664025356576862,0.0,2.2979397781299524,0.07923930269413629,0.8716323296354992,0.31695721077654515,2.060221870047543,1.5847860538827256,0.6339144215530903,5.942947702060222,7.448494453248811,0.15847860538827258,2.2979397781299524,1.3470681458003169,0.0,0.554675118858954,67.67036450079239,0.0,0.31695721077654515,6.893819334389857,190.49128367670363,2.218700475435816,0.9508716323296355,1.901743264659271,0.0,0.0,0.7131537242472266,0.31695721077654515,1.8225039619651346,4.120443740095086,2.77337559429477,3.882725832012678,0.0,0.0,1.3470681458003169,14.659270998415213,9.643423137876386,0.0,0.7923930269413628,5.071315372424722,0.3961965134706814,1.0
CD_I1036098,Jack Hutchinson,West Coast Eagles,Forward Pocket,44.0,"https://s.afl.com.au/staticfile/AFL Tenant/AFL/Players/ChampIDImages/AFL/2026014/1036098.png?im=Scale,width=0.6,height=0.6",0.15043478260869567,3.46,6,5.491329479768786,2.8901734104046244,6.358381502890174,11.84971098265896,7.225433526011561,0.8670520231213873,0.5780346820809249,0.0,6.069364161849711,0.28901734104046245,1.7341040462427746,1.1560693641618498,3.179190751445087,1.7341040462427746,1.1560693641618498,6.358381502890174,5.491329479768786,0.28901734104046245,1.1560693641618498,1.4450867052023122,0.0,0.0,66.18497109826589,0.28901734104046245,0.8670520231213873,2.601156069364162,128.03468208092485,3.179190751445087,1.7341040462427746,2.3121387283236996,0.0,0.0,0.5780346820809249,0.0,6.936416184971098,2.8901734104046244,2.023121387283237,4.335260115606936,0.0,0.0,0.5780346820809249,21.965317919075144,7.3121387283237,1.1560693641618498,0.28901734104046245,1.7341040462427746,0.5780346820809249,1.0
CD_I1033066,Jack Ison,Carlton,Interchange,30.0,"https://s.afl.com.au/staticfile/AFL Tenant/AFL/Players/ChampIDImages/AFL/2026014/1033066.png?im=Scale,width=0.6,height=0.6",0.2248,5.62,8,10.676156583629894,5.338078291814947,5.338078291814947,16.01423487544484,9.9644128113879,0.5338078291814946,1.7793594306049823,0.0,2.3131672597864767,0.17793594306049823,3.380782918149466,0.35587188612099646,3.5587188612099645,1.0676156583629892,1.2455516014234875,6.93950177935943,9.252669039145907,0.17793594306049823,0.8896797153024911,1.9572953736654803,0.17793594306049823,1.0676156583629892,70.2846975088968,0.0,0.35587188612099646,5.871886120996441,277.4021352313167,3.380782918149466,2.1352313167259784,1.0676156583629892,0.0,0.0,0.8896797153024911,0.0,2.6690391459074734,5.516014234875445,2.491103202846975,5.338078291814947,0.0,0.0,1.0676156583629892,15.302491103202847,6.654804270462633,0.0,0.7117437722419929,2.3131672597864767,0.5338078291814946,1.0
CD_I1004095,Jack Lukosius,Port Adelaide,Wing,12.0,"https://s.afl.com.au/staticfile/AFL Tenant/AFL/Players/ChampIDImages/AFL/2026014/1004095.png?im=Scale,width=0.6,height=0.6",0.24565217391304348,5.65,8,13.097345132743362,7.9646017699115035,3.1858407079646014,16.283185840707965,11.150442477876105,1.0619469026548671,0.7079646017699115,0.0,3.1858407079646014,1.415929203539823,5.132743362831858,0.17699115044247787,2.654867256637168,0.35398230088495575,0.8849557522123893,5.486725663716814,11.327433628318584,0.8849557522123893,1.238938053097345,3.3628318584070795,0.0,0.8849557522123893,87.0796460176991,0.0,0.17699115044247787,6.902654867256636,477.16814159292034,4.2477876106194685,2.654867256637168,1.238938053097345,0.35398230088495575,0.5309734513274336,1.415929203539823,0.5309734513274336,4.070796460176991,8.849557522123893,1.0619469026548671,3.716814159292035,0.0,0.35398230088495575,0.8849557522123893,10.265486725663717,11.769911504424778,0.0,0.5309734513274336,1.9469026548672566,2.831858407079646,1.0
CD_I295467,Jack Macrae,St Kilda,Interchange,6.0,"https://s.afl.com.au/staticfile/AFL Tenant/AFL/Players/ChampIDImages/AFL/2026014/295467.png?im=Scale,width=0.6,height=0.6",0.3239130434782609,7.45,12,11.946308724832214,4.832214765100671,22.953020134228186,34.899328859060404,25.906040268456376,0.0,0.1342281879194631,0.0,7.516778523489933,1.342281879194631,4.563758389261745,7.114093959731544,5.23489932885906,1.4765100671140938,1.2080536912751678,16.241610738255034,19.06040268456376,0.0,0.0,1.74496644295302,0.0,0.5369127516778524,124.29530201342281,2.9530201342281877,4.1610738255033555,7.919463087248322,269.3959731543624,5.503355704697986,4.1610738255033555,1.342281879194631,0.0,0.0,0.0,0.0,10.06711409395973,6.845637583892617,1.0738255033557047,11.81208053691275,0.0,0.0,0.5369127516778524,22.550335570469798,15.208053691275166,0.0,1.342281879194631,0.2684563758389262,0.1342281879194631,1.0
CD_I296190,Jack Martin,Geelong Cats,Forward Pocket,19.0,"https://s.afl.com.au/staticfile/AFL Tenant/AFL/Players/ChampIDImages/AFL/2026014/296190.png?im=Scale,width=0.6,height=0.6",0.53125,12.75,18,9.176470588235293,5.7254901960784315,6.588235294117647,15.764705882352942,10.823529411764707,1.7254901960784315,1.1764705882352942,0.0,3.450980392156863,0.39215686274509803,1.803921568627451,0.9411764705882353,3.6862745098039214,1.1764705882352942,1.411764705882353,6.03921568627451,10.196078431372548,0.5490196078431373,2.5098039215686274,0.9411764705882353,0.0,0.5490196078431373,80.15686274509804,0.0784313725490196,0.8627450980392157,6.196078431372549,230.19607843137254,3.0588235294117645,1.1764705882352942,2.2745098039215685,0.0,0.0784313725490196,1.5686274509803921,0.39215686274509803,2.823529411764706,5.333333333333333,1.7254901960784315,4.313725490196078,0.0,0.0784313725490196,1.411764705882353,13.333333333333334,7.803921568627451,0.23529411764705882,1.0196078431372548,3.450980392156863,0.39215686274509803,1.0
CD_I1028539,Jack Ough,GWS GIANTS,Forward Pocket,28.0,"https://s.afl.com.au/staticfile/AFL Tenant/AFL/Players/ChampIDImages/AFL/2026014/1028539.png?im=Scale,width=0.6,height=0.6",0.0773913043478261,1.78,5,15.730337078651685,2.8089887640449436,16.853932584269664,32.58426966292135,24.719101123595504,0.5617977528089888,0.0,0.0,5.617977528089887,2.247191011235955,3.932584269662921,7.303370786516854,3.3707865168539324,2.247191011235955,1.6853932584269662,15.168539325842696,17.97752808988764,0.0,0.0,1.6853932584269662,0.5617977528089888,0.5617977528089888,112.35955056179775,3.932584269662921,3.3707865168539324,8.98876404494382,415.7303370786517,3.932584269662921,4.49438202247191,0.5617977528089888,0.0,0.0,0.0,0.0,16.292134831460675,10.674157303370785,0.5617977528089888,7.865168539325842,0.0,0.0,0.5617977528089888,24.157303370786515,19.382022471910112,0.0,2.247191011235955,0.5617977528089888,0.0,1.0
CD_I1006133,Jack Ross,Richmond,Ruck-Rover,5.0,"https://s.afl.com.au/staticfile/AFL Tenant/AFL/Players/ChampIDImages/AFL/2026014/1006133.png?im=Scale,width=0.6,height=0.6",0.6330434782608695,14.559999999999999,19,11.332417582417584,4.532967032967034,18.956043956043956,30.28846153846154,22.39010989010989,0.4120879120879121,0.48076923076923084,0.06868131868131869,5.563186813186814,1.304945054945055,4.876373626373627,5.1510989010989015,4.464285714285714,1.8543956043956045,0.9615384615384617,13.66758241758242,17.032967032967033,0.27472527472527475,0.13736263736263737,1.304945054945055,0.8928571428571429,0.6868131868131869,109.75274725274726,2.266483516483517,2.884615384615385,6.79945054945055,389.97252747252753,4.3269230769230775,3.914835164835165,0.8241758241758242,0.0,0.0,0.06868131868131869,0.0,12.431318681318682,7.142857142857143,1.1675824175824177,10.096153846153847,0.06868131868131869,0.34340659340659346,0.48076923076923084,24.17582417582418,16.20192307692308,0.13736263736263737,1.7857142857142858,0.8928571428571429,0.13736263736263737,1.0
CD_I998114,Jack Scrimshaw,Hawthorn,Interchange,14.0,"https://s.afl.com.au/staticfile/AFL Tenant/AFL/Players/ChampIDImages/AFL/2026014/998114.png?im=Scale,width=0.6,height=0.6",0.19708333333333333,4.7299999999999995,6,10.993657505285414,5.919661733615222,10.993657505285414,21.98731501057083,17.758985200845668,0.0,0.0,0.0,1.9027484143763216,4.016913319238901,0.42283298097251587,0.42283298097251587,5.073995771670191,0.42283298097251587,1.9027484143763216,7.399577167019028,14.164904862579283,0.21141649048625794,0.0,2.959830866807611,0.6342494714587739,0.21141649048625794,75.05285412262157,0.0,0.42283298097251587,4.439746300211417,274.6300211416491,4.016913319238901,7.610993657505286,0.0,0.42283298097251587,1.6913319238900635,0.0,0.0,7.399577167019028,7.822410147991544,0.0,5.919661733615222,0.0,0.8456659619450317,0.0,9.30232558139535,8.520084566596195,0.0,1.2684989429175477,0.0,2.5369978858350954,1.0
CD_I1001028,Jack Silvagni,St Kilda,Back-Pocket,3.0,"https://s.afl.com.au/staticfile/AFL Tenant/AFL/Players/ChampIDImages/AFL/2026014/1001028.png?im=Scale,width=0.6,height=0.6",0.9182608695652174,21.119999999999997,23,10.179924242424244,6.62878787878788,5.303030303030304,15.482954545454547,12.357954545454547,0.23674242424242428,0.14204545454545456,0.0,2.178030303030303,3.1250000000000004,0.8996212121212123,0.09469696969696971,2.8409090909090913,0.8049242424242425,1.5151515151515154,5.776515151515152,9.564393939393941,0.994318181818182,0.331439393939394,5.965909090909092,0.331439393939394,0.047348484848484855,67.56628787878789,0.0,0.09469696969696971,2.935606060606061,215.62500000000003,2.556818181818182,6.7234848484848495,0.047348484848484855,0.5681818181818182,1.988636363636364,0.14204545454545456,0.047348484848484855,6.155303030303031,7.575757575757577,0.047348484848484855,3.8352272727272734,0.0,1.8939393939393943,0.5208333333333334,7.717803030303031,8.858901515151516,0.047348484848484855,1.1837121212121213,0.37878787878787884,5.113636363636364,1.0
CD_I994389,Jack Sinclair,St Kilda,Rover,35.0,"https://s.afl.com.au/staticfile/AFL Tenant/AFL/Players/ChampIDImages/AFL/2026014/994389.png?im=Scale,width=0.6,height=0.6",0.5139130434782608,11.82,15,24.19627749576988,7.952622673434856,10.236886632825719,34.4331641285956,28.934010152284262,0.1692047377326565,0.1692047377326565,0.0,2.030456852791878,6.429780033840947,3.4686971235194584,1.353637901861252,2.707275803722504,0.5076142131979695,0.338409475465313,6.345177664974619,22.588832487309645,0.08460236886632826,0.0,2.1996615905245345,1.015228426395939,0.676818950930626,125.71912013536378,0.1692047377326565,1.1844331641285957,6.852791878172589,649.4923857868021,4.906937394247039,6.175972927241963,0.1692047377326565,0.08460236886632826,0.4230118443316413,0.0,0.0,10.575296108291031,20.050761421319798,0.08460236886632826,5.0761421319796955,0.0,1.015228426395939,0.25380710659898476,14.55160744500846,16.46362098138748,0.0,1.7766497461928934,0.338409475465313,0.9306260575296108,1.0
CD_I296205,Jack Steele,Melbourne,Ruck-Rover,9.0,"https://s.afl.com.au/staticfile/AFL Tenant/AFL/Players/ChampIDImages/AFL/2026014/296205.png?im=Scale,width=0.6,height=0.6",0.7683333333333333,18.44,24,11.93058568329718,4.175704989154013,18.655097613882862,30.58568329718004,22.722342733188718,0.21691973969631234,0.21691973969631234,0.0,7.863340563991323,1.7353579175704987,4.82646420824295,6.507592190889371,3.9045553145336225,1.6268980477223427,0.9219088937093275,13.774403470715834,16.540130151843815,0.16268980477223427,0.3796095444685466,1.4099783080260302,0.16268980477223427,0.7592190889370932,117.46203904555314,3.3622559652928414,3.145336225596529,7.049891540130151,390.4013015184382,5.260303687635575,4.338394793926247,1.3015184381778742,0.0,0.054229934924078085,0.0,0.0,11.605206073752711,6.887201735357917,1.0303687635574836,9.273318872017352,0.0,0.596529284164859,0.5422993492407808,26.89804772234273,16.290672451193057,0.0,1.843817787418655,0.6507592190889371,0.2711496746203904,1.0
CD_I291902,Jack Viney,Melbourne,Interchange,7.0,"https://s.afl.com.au/staticfile/AFL Tenant/AFL/Players/ChampIDImages/AFL/2026014/291902.png?im=Scale,width=0.6,height=0.6",0.02041666666666667,0.49000000000000005,1,12.244897959183673,4.081632653061224,14.285714285714285,26.530612244897956,18.36734693877551,0.0,0.0,0.0,8.163265306122447,0.0,0.0,4.081632653061224,4.081632653061224,2.040816326530612,0.0,14.285714285714285,12.244897959183673,0.0,0.0,2.040816326530612,0.0,0.0,112.24489795918366,0.0,4.081632653061224,2.040816326530612,424.4897959183673,4.081632653061224,6.122448979591836,0.0,0.0,0.0,0.0,0.0,20.408163265306122,6.122448979591836,0.0,10.204081632653061,0.0,0.0,0.0,32.65306122448979,12.857142857142856,0.0,2.040816326530612,2.040816326530612,0.0,1.0
CD_I1012002,Jack Watkins,Port Adelaide,Wing,37.0,"https://s.afl.com.au/staticfile/AFL Tenant/AFL/Players/ChampIDImages/AFL/2026014/1012002.png?im=Scale,width=0.6,height=0.6",0.3004347826086956,6.909999999999999,11,12.87988422575977,4.7756874095513755,8.683068017366137,21.562952243125906,13.603473227206948,0.43415340086830684,0.0,0.0,3.4732272069464547,0.8683068017366137,3.762662807525326,1.881331403762663,3.1837916063675835,0.28943560057887124,0.8683068017366137,5.93342981186686,14.905933429811869,0.28943560057887124,0.28943560057887124,0.7235890014471781,0.14471780028943562,0.43415340086830684,84.5151953690304,0.5788712011577425,1.3024602026049206,5.209840810419682,258.0318379160637,4.341534008683069,3.039073806078148,0.43415340086830684,0.43415340086830684,0.43415340086830684,0.14471780028943562,0.14471780028943562,8.538350217076701,6.367583212735167,0.43415340086830684,4.196816208393633,0.0,0.28943560057887124,0.28943560057887124,16.642547033285094,6.7438494934877,0.0,0.8683068017366137,1.157742402315485,0.5788712011577425,1.0
CD_I1032053,Jack Whitlock,Port Adelaide,Full-Forward,17.0,"https://s.afl.com.au/staticfile/AFL Tenant/AFL/Players/ChampIDImages/AFL/2026014/1032053.png?im=Scale,width=0.6,height=0.6",0.8304347826086956,19.1,23,6.43979057591623,4.607329842931937,3.9790575916230364,10.418848167539267,6.387434554973821,1.256544502617801,1.256544502617801,1.5706806282722512,1.0471204188481675,0.10471204188481674,1.1518324607329842,0.31413612565445026,2.094240837696335,0.9947643979057591,0.8376963350785339,4.50261780104712,6.230366492146596,0.9947643979057591,2.25130890052356,1.6753926701570678,0.05235602094240837,0.41884816753926696,54.13612565445026,0.10471204188481674,0.20942408376963348,4.659685863874345,149.00523560209422,3.0366492146596857,0.8900523560209423,0.47120418848167533,0.0,0.05235602094240837,2.4607329842931933,0.6282722513089005,2.7748691099476437,3.4554973821989527,1.0471204188481675,2.1989528795811517,0.7329842931937173,0.15706806282722513,1.0994764397905759,10.94240837696335,5.041884816753927,5.549738219895287,0.47120418848167533,3.2984293193717273,1.2041884816753925,1.0
CD_I1020371,Jack Williams,West Coast Eagles,Interchange,34.0,"https://s.afl.com.au/staticfile/AFL Tenant/AFL/Players/ChampIDImages/AFL/2026014/1020371.png?im=Scale,width=0.6,height=0.6",0.3934782608695652,9.05,12,7.071823204419889,3.867403314917127,5.524861878453038,12.596685082872927,8.508287292817679,0.9944751381215469,0.9944751381215469,5.082872928176795,2.6519337016574585,0.4419889502762431,2.0994475138121547,1.6574585635359114,2.320441988950276,0.9944751381215469,1.3259668508287292,6.187845303867403,6.850828729281767,0.9944751381215469,1.2154696132596685,1.5469613259668507,0.0,0.7734806629834253,63.53591160220994,0.5524861878453038,1.1049723756906076,4.861878453038674,193.4806629834254,2.320441988950276,0.8839779005524862,0.6629834254143646,0.0,0.11049723756906077,1.7679558011049723,0.6629834254143646,4.530386740331491,4.088397790055248,0.8839779005524862,3.4254143646408837,0.8839779005524862,0.3314917127071823,0.7734806629834253,11.60220994475138,8.232044198895027,20.22099447513812,0.4419889502762431,2.209944751381215,1.1049723756906076,1.0
CD_I1005326,Jackson Mead,Port Adelaide,"Back-Pocket, Forward Pocket",3.0,"https://s.afl.com.au/staticfile/AFL Tenant/AFL/Players/ChampIDImages/AFL/2026014/1005326.png?im=Scale,width=0.6,height=0.6",0.3069565217391304,7.06,10,11.756373937677054,4.674220963172805,5.94900849858357,17.705382436260624,11.89801699716714,0.141643059490085,0.28328611898017,0.0,3.5410764872521248,2.54957507082153,3.96600566572238,2.407932011331445,2.691218130311615,0.56657223796034,1.274787535410765,5.38243626062323,10.906515580736544,0.141643059490085,0.28328611898017,0.56657223796034,0.28328611898017,0.56657223796034,73.22946175637394,0.8498583569405099,1.558073654390935,4.2492917847025495,317.8470254957507,3.96600566572238,2.26628895184136,0.42492917847025496,0.141643059490085,0.28328611898017,0.42492917847025496,0.141643059490085,7.223796033994335,7.36543909348442,0.56657223796034,3.96600566572238,0.0,0.56657223796034,0.991501416430595,20.538243626062325,8.512747875354107,0.0,1.13314447592068,0.42492917847025496,0.28328611898017,1.0
CD_I1034305,Jacob Farrow,Essendon,Half-Back,2.0,"https://s.afl.com.au/staticfile/AFL Tenant/AFL/Players/ChampIDImages/AFL/2026014/1034305.png?im=Scale,width=0.6,height=0.6",0.7247826086956521,16.669999999999998,21,13.497300539892024,7.678464307138573,8.698260347930415,22.195560887822438,18.59628074385123,0.2399520095980804,0.17996400719856032,0.0,2.2195560887822436,3.7792441511697663,1.9796040791841634,0.7798440311937613,2.0995800839832035,0.7198560287942413,0.539892021595681,5.038992201559688,16.016796640671867,0.1199760047990402,0.2399520095980804,0.4799040191961608,0.7798440311937613,0.17996400719856032,90.52189562087584,0.0599880023995201,0.7198560287942413,4.259148170365927,337.7324535092982,3.7192561487702465,4.019196160767847,0.0599880023995201,0.0599880023995201,0.35992801439712063,0.0599880023995201,0.0599880023995201,7.9184163167366535,11.0377924415117,0.4799040191961608,4.079184163167367,0.0,0.599880023995201,0.0599880023995201,11.81763647270546,7.312537492501501,0.0,1.199760047990402,0.539892021595681,0.35992801439712063,1.0
CD_I993903,Jacob Hopper,Richmond,Rover,2.0,"https://s.afl.com.au/staticfile/AFL Tenant/AFL/Players/ChampIDImages/AFL/2026014/993903.png?im=Scale,width=0.6,height=0.6",0.38608695652173913,8.879999999999999,12,13.063063063063064,3.1531531531531534,15.87837837837838,28.941441441441444,17.454954954954957,0.0,0.3378378378378379,0.0,3.4909909909909915,1.5765765765765767,4.617117117117117,6.531531531531532,7.432432432432433,1.6891891891891895,2.027027027027027,14.527027027027028,14.864864864864867,0.0,0.11261261261261263,1.0135135135135136,0.3378378378378379,0.3378378378378379,90.31531531531533,2.5900900900900905,3.941441441441442,4.842342342342343,368.2432432432433,6.981981981981983,2.2522522522522523,0.22522522522522526,0.0,0.0,0.11261261261261263,0.11261261261261263,7.545045045045046,5.855855855855856,1.463963963963964,11.373873873873874,0.0,0.11261261261261263,0.22522522522522526,14.977477477477478,9.560810810810812,0.0,1.463963963963964,0.5630630630630631,0.3378378378378379,1.0
CD_I1023530,Jacob Konstanty,North Melbourne,Half-Forward,41.0,"https://s.afl.com.au/staticfile/AFL Tenant/AFL/Players/ChampIDImages/AFL/2026014/1023530.png?im=Scale,width=0.6,height=0.6",0.33434782608695657,7.69,10,5.591677503250975,3.250975292587776,6.7620286085825745,12.35370611183355,9.362808842652795,0.9102730819245773,0.5201560468140441,0.0,2.990897269180754,0.39011703511053314,1.0403120936280883,1.1703511053315994,3.5110533159947983,0.9102730819245773,1.4304291287386215,5.201560468140442,7.542262678803641,0.2600780234070221,0.7802340702210663,1.0403120936280883,0.2600780234070221,0.39011703511053314,54.61638491547464,0.2600780234070221,0.9102730819245773,4.551365409622886,149.28478543563068,2.730819245773732,1.1703511053315994,1.1703511053315994,0.0,0.0,0.7802340702210663,0.13003901170351104,5.461638491547464,3.9011703511053315,1.4304291287386215,3.6410923276983094,0.0,0.0,0.6501950585175552,15.864759427828348,6.905071521456437,0.0,0.2600780234070221,1.6905071521456436,0.5201560468140441,1.0
CD_I1022486,Jacob Newton,West Coast Eagles,Half-Forward,46.0,"https://s.afl.com.au/staticfile/AFL Tenant/AFL/Players/ChampIDImages/AFL/2026014/1022486.png?im=Scale,width=0.6,height=0.6",0.10043478260869566,2.31,3,5.194805194805195,0.8658008658008658,3.896103896103896,9.09090909090909,4.329004329004329,0.4329004329004329,1.2987012987012987,0.0,3.0303030303030303,0.0,1.2987012987012987,1.2987012987012987,1.7316017316017316,1.2987012987012987,0.0,4.761904761904762,4.761904761904762,0.0,0.4329004329004329,0.0,0.0,0.0,43.290043290043286,0.0,1.2987012987012987,2.1645021645021645,154.978354978355,2.1645021645021645,0.8658008658008658,0.8658008658008658,0.0,0.0,0.0,0.0,4.761904761904762,0.8658008658008658,1.2987012987012987,3.0303030303030303,0.0,0.4329004329004329,0.0,17.316017316017316,5.367965367965368,0.0,1.7316017316017316,1.7316017316017316,0.0,1.0
CD_I1004530,Jacob Wehr,Port Adelaide,Wing,15.0,"https://s.afl.com.au/staticfile/AFL Tenant/AFL/Players/ChampIDImages/AFL/2026014/1004530.png?im=Scale,width=0.6,height=0.6",0.5578260869565218,12.830000000000002,17,12.31488698363211,4.36477007014809,4.676539360872954,16.991426344505065,11.613406079501168,0.07794232268121588,0.38971161340607946,0.0,2.8838659392049877,2.5720966484801244,3.1176929072486357,1.2470771628994541,3.3515198752922832,0.701480904130943,0.9353078721745907,3.97505845674201,12.392829306313326,0.07794232268121588,0.31176929072486353,0.7794232268121589,0.0,0.46765393608729533,69.680436477007,0.15588464536243177,1.0911925175370225,3.585346843335931,384.0997661730319,4.442712392829305,2.65003897116134,0.38971161340607946,0.15588464536243177,0.23382696804364766,0.07794232268121588,0.0,8.183943881527668,7.716289945440373,0.07794232268121588,3.3515198752922832,0.0,0.07794232268121588,0.0,14.731098986749803,5.939204988308651,0.0,0.6235385814497271,0.701480904130943,0.46765393608729533,1.0
CD_I993832,Jacob Weitering,Carlton,Full-Back,23.0,"https://s.afl.com.au/staticfile/AFL Tenant/AFL/Players/ChampIDImages/AFL/2026014/993832.png?im=Scale,width=0.6,height=0.6",0.4968,12.42,14,11.272141706924316,8.21256038647343,4.750402576489533,16.022544283413847,13.848631239935587,0.0,0.0,0.1610305958132045,0.8051529790660226,3.2206119162640903,0.322061191626409,0.0,1.3687600644122384,0.4830917874396135,0.4830917874396135,4.911433172302737,10.789049919484702,1.1272141706924315,0.0,8.695652173913043,0.0,0.0,70.37037037037037,0.0,0.0,2.9790660225442833,209.50080515297907,1.7713365539452497,7.085346215780999,0.0,0.4025764895330113,3.3011272141706924,0.0,0.0,3.140096618357488,9.581320450885668,0.0,3.140096618357488,0.0,2.657004830917874,0.0,4.106280193236715,10.72463768115942,0.4025764895330113,1.1272141706924315,0.0,7.809983896940419,1.0
CD_I1017720,Jacob van Rooyen,Melbourne,Full-Forward,2.0,"https://s.afl.com.au/staticfile/AFL Tenant/AFL/Players/ChampIDImages/AFL/2026014/1017720.png?im=Scale,width=0.6,height=0.6",0.76,18.240000000000002,22,8.44298245614035,5.701754385964912,5.921052631578947,14.364035087719296,9.75877192982456,2.302631578947368,1.151315789473684,2.0285087719298245,1.5350877192982455,0.10964912280701754,2.302631578947368,0.9868421052631577,2.5219298245614032,0.932017543859649,0.6030701754385964,7.2368421052631575,7.401315789473683,1.3706140350877192,2.796052631578947,1.5899122807017543,0.0,0.5482456140350876,76.53508771929823,0.3289473684210526,0.6578947368421052,6.962719298245613,254.27631578947364,2.6864035087719293,0.932017543859649,0.6578947368421052,0.05482456140350877,0.10964912280701754,2.5219298245614032,0.6578947368421052,2.357456140350877,5.31798245614035,1.8092105263157894,4.057017543859649,0.1644736842105263,0.1644736842105263,1.7543859649122806,9.649122807017543,10.63048245614035,8.168859649122806,0.712719298245614,3.947368421052631,1.151315789473684,1.0
CD_I298421,Jade Gresham,Essendon,"Centre Half-Back, Forward Pocket, Half-Back, Wing",11.0,"https://s.afl.com.au/staticfile/AFL Tenant/AFL/Players/ChampIDImages/AFL/2026014/298421.png?im=Scale,width=0.6,height=0.6",0.23869565217391303,5.49,7,7.6502732240437155,2.3679417122040074,6.193078324225865,13.843351548269581,10.018214936247723,1.0928961748633879,0.7285974499089253,0.0,3.4608378870673953,0.0,1.4571948998178506,1.0928961748633879,1.8214936247723132,1.4571948998178506,1.0928961748633879,4.007285974499089,9.65391621129326,0.0,0.5464480874316939,0.18214936247723132,0.18214936247723132,0.7285974499089253,61.748633879781416,0.5464480874316939,0.5464480874316939,4.18943533697632,153.36976320582878,2.3679417122040074,0.7285974499089253,1.0928961748633879,0.0,0.0,0.5464480874316939,0.0,3.6429872495446265,4.371584699453551,1.0928961748633879,2.1857923497267757,0.0,0.0,0.5464480874316939,14.207650273224044,8.251366120218579,0.0,0.18214936247723132,2.73224043715847,0.18214936247723132,1.0
CD_I294613,Jaeger O'Meara,Fremantle,Wing,2.0,"https://s.afl.com.au/staticfile/AFL Tenant/AFL/Players/ChampIDImages/AFL/2026014/294613.png?im=Scale,width=0.6,height=0.6",0.17375000000000002,4.17,6,10.79136690647482,4.07673860911271,11.750599520383693,22.541966426858515,17.74580335731415,0.0,0.47961630695443647,0.0,4.07673860911271,1.9184652278177459,2.8776978417266186,2.3980815347721824,2.3980815347721824,0.7194244604316546,0.7194244604316546,6.954436450839329,15.827338129496404,0.0,0.23980815347721823,0.7194244604316546,0.23980815347721823,0.9592326139088729,83.45323741007195,0.47961630695443647,1.9184652278177459,6.474820143884892,345.56354916067147,3.357314148681055,3.597122302158273,0.47961630695443647,0.0,0.0,0.0,0.0,9.112709832134293,7.434052757793765,0.0,4.316546762589928,0.0,0.47961630695443647,0.47961630695443647,16.06714628297362,10.503597122302157,0.0,0.9592326139088729,0.47961630695443647,0.23980815347721823,1.0
CD_I1028515,Jagga Smith,Carlton,Ruck-Rover,7.0,"https://s.afl.com.au/staticfile/AFL Tenant/AFL/Players/ChampIDImages/AFL/2026014/1028515.png?im=Scale,width=0.6,height=0.6",0.7536,18.84,25,13.853503184713375,4.087048832271762,19.16135881104034,33.01486199575372,25.159235668789808,0.5307855626326964,0.3715498938428875,0.0,3.6093418259023355,1.2208067940552016,4.45859872611465,5.89171974522293,3.1847133757961785,1.167728237791932,0.8492569002123143,12.208067940552016,21.072186836518046,0.05307855626326964,0.3184713375796178,0.743099787685775,0.583864118895966,0.6900212314225053,108.7579617834395,2.1762208067940554,3.715498938428875,8.545647558386412,313.6411889596603,3.9278131634819533,2.813163481953291,0.47770700636942676,0.0,0.0,0.0,0.0,8.333333333333334,7.961783439490446,1.0615711252653928,9.501061571125266,0.0,0.10615711252653928,0.3715498938428875,17.462845010615712,14.840764331210192,0.0,1.645435244161359,1.1146496815286624,0.3715498938428875,1.0
CD_I1020802,Jai Culley,Melbourne,Centre,13.0,"https://s.afl.com.au/staticfile/AFL Tenant/AFL/Players/ChampIDImages/AFL/2026014/1020802.png?im=Scale,width=0.6,height=0.6",0.20416666666666666,4.9,7,9.183673469387754,4.285714285714286,8.36734693877551,17.551020408163264,12.653061224489795,0.2040816326530612,0.6122448979591836,0.0,3.061224489795918,0.8163265306122448,2.8571428571428568,2.0408163265306123,1.2244897959183672,0.8163265306122448,0.4081632653061224,8.979591836734693,8.775510204081632,1.2244897959183672,1.0204081632653061,1.2244897959183672,0.2040816326530612,1.0204081632653061,70.81632653061224,0.2040816326530612,1.8367346938775508,6.326530612244897,272.2448979591837,2.4489795918367343,3.061224489795918,0.6122448979591836,0.0,0.0,0.4081632653061224,0.0,9.183673469387754,6.122448979591836,0.6122448979591836,6.122448979591836,0.0,0.4081632653061224,0.6122448979591836,18.57142857142857,11.326530612244897,1.2244897959183672,1.6326530612244896,0.8163265306122448,0.8163265306122448,1.0
CD_I1029307,Jai Murray,Gold Coast SUNS,Wing,35.0,"https://s.afl.com.au/staticfile/AFL Tenant/AFL/Players/ChampIDImages/AFL/2026014/1029307.png?im=Scale,width=0.6,height=0.6",0.27739130434782605,6.38,9,12.225705329153605,5.329153605015674,7.366771159874609,19.592476489028215,13.009404388714733,0.0,0.31347962382445144,0.0,2.3510971786833856,2.9780564263322886,2.9780564263322886,0.6269592476489029,3.605015673981191,0.4702194357366771,1.2539184952978057,5.172413793103448,14.890282131661442,0.0,0.0,0.15673981191222572,0.6269592476489029,0.6269592476489029,73.82445141065831,0.0,0.6269592476489029,4.38871473354232,358.15047021943576,4.702194357366771,3.29153605015674,0.15673981191222572,0.31347962382445144,0.4702194357366771,0.0,0.0,6.8965517241379315,7.523510971786834,0.31347962382445144,4.231974921630094,0.0,0.4702194357366771,0.7836990595611285,12.068965517241379,5.4858934169279,0.0,1.09717868338558,0.4702194357366771,0.0,1.0
CD_I1020895,Jai Newcombe,Hawthorn,Ruck-Rover,3.0,"https://s.afl.com.au/staticfile/AFL Tenant/AFL/Players/ChampIDImages/AFL/2026014/1020895.png?im=Scale,width=0.6,height=0.6",0.795,19.080000000000002,24,15.094339622641508,3.930817610062893,17.295597484276726,32.38993710691824,23.742138364779873,0.4192872117400419,0.4192872117400419,0.05241090146750524,4.874213836477987,2.3584905660377355,4.926624737945493,9.329140461215932,5.450733752620544,2.7777777777777777,2.20125786163522,16.090146750524106,17.138364779874212,0.15723270440251572,0.31446540880503143,1.781970649895178,0.4716981132075471,0.8385744234800838,110.32494758909853,3.930817610062893,5.398322851153039,7.914046121593291,457.8092243186582,5.345911949685534,3.092243186582809,0.31446540880503143,0.0,0.0,0.15723270440251572,0.05241090146750524,11.897274633123688,9.433962264150942,0.5765199161425576,8.962264150943396,0.05241090146750524,0.5765199161425576,0.4716981132075471,23.689727463312366,18.784067085953875,0.20964360587002095,2.2536687631027252,0.9433962264150942,0.681341719077568,1.0
CD_I1017091,Jai Serong,Sydney Swans,Wing,13.0,"https://s.afl.com.au/staticfile/AFL Tenant/AFL/Players/ChampIDImages/AFL/2026014/1017091.png?im=Scale,width=0.6,height=0.6",0.8166666666666667,19.6,23,10.96938775510204,5.612244897959183,10.051020408163264,21.020408163265305,16.07142857142857,0.3571428571428571,0.25510204081632654,0.0,3.265306122448979,2.5510204081632653,2.9081632653061225,2.0918367346938775,2.9591836734693877,0.8163265306122448,0.7653061224489796,7.397959183673469,13.418367346938775,0.6632653061224489,0.25510204081632654,2.2448979591836733,0.1530612244897959,0.5102040816326531,83.8265306122449,0.6122448979591836,1.4795918367346939,5.051020408163265,327.39795918367344,3.775510204081632,4.744897959183673,0.25510204081632654,0.2040816326530612,1.0204081632653061,0.3061224489795918,0.0510204081632653,8.46938775510204,7.6020408163265305,0.6122448979591836,5.1020408163265305,0.0,0.9693877551020408,0.4081632653061224,15.612244897959183,11.005102040816325,0.0,1.530612244897959,0.7653061224489796,1.6326530612244896,1.0
CD_I1012825,Jake Bowey,Melbourne,Back-Pocket,17.0,"https://s.afl.com.au/staticfile/AFL Tenant/AFL/Players/ChampIDImages/AFL/2026014/1012825.png?im=Scale,width=0.6,height=0.6",0.55625,13.35,16,20.674157303370787,4.868913857677903,9.213483146067416,29.8876404494382,24.9438202247191,0.149812734082397,0.2247191011235955,0.0,2.9213483146067416,7.415730337078652,2.6217228464419478,1.5730337078651686,1.9475655430711611,1.1235955056179776,0.37453183520599254,6.741573033707866,17.15355805243446,0.0749063670411985,0.0,1.198501872659176,1.0486891385767791,0.37453183520599254,107.86516853932585,0.449438202247191,1.1235955056179776,4.419475655430712,634.8314606741574,4.419475655430712,6.067415730337078,0.149812734082397,0.0749063670411985,0.449438202247191,0.0,0.0,10.262172284644196,16.55430711610487,0.0,5.617977528089888,0.0,0.7490636704119851,0.2247191011235955,14.606741573033709,15.198501872659177,0.0,1.5730337078651686,0.5243445692883896,0.898876404494382,1.0
CD_I296291,Jake Kolodjashnij,Geelong Cats,Half-Back,8.0,"https://s.afl.com.au/staticfile/AFL Tenant/AFL/Players/ChampIDImages/AFL/2026014/296291.png?im=Scale,width=0.6,height=0.6",0.35833333333333334,8.6,11,8.837209302325581,5.116279069767442,6.395348837209303,15.232558139534884,12.44186046511628,0.11627906976744186,0.0,0.0,1.1627906976744187,2.674418604651163,0.813953488372093,0.11627906976744186,2.558139534883721,0.3488372093023256,0.813953488372093,4.4186046511627906,10.232558139534884,0.9302325581395349,0.0,5.465116279069767,0.23255813953488372,0.0,57.906976744186046,0.0,0.11627906976744186,2.7906976744186047,191.51162790697674,2.0930232558139537,5.813953488372094,0.0,0.6976744186046512,2.3255813953488373,0.11627906976744186,0.11627906976744186,7.674418604651163,6.86046511627907,0.0,3.1395348837209305,0.0,2.2093023255813953,0.0,8.837209302325581,8.08139534883721,0.0,1.5116279069767442,0.11627906976744186,5.0,1.0
CD_I298281,Jake Lever,Melbourne,Full-Back,8.0,"https://s.afl.com.au/staticfile/AFL Tenant/AFL/Players/ChampIDImages/AFL/2026014/298281.png?im=Scale,width=0.6,height=0.6",0.8775,21.06,22,10.493827160493828,6.980056980056981,4.938271604938272,15.4320987654321,13.010446343779678,0.0,0.0,0.0,1.566951566951567,3.418803418803419,0.9496676163342831,0.0,2.2792022792022792,1.1396011396011396,1.0446343779677114,4.273504273504273,10.588793922127255,0.47483380816714155,0.0,5.982905982905983,0.04748338081671415,0.04748338081671415,66.57169990503324,0.0,0.0,2.611585944919278,255.318138651472,2.1367521367521367,7.217473884140551,0.0,0.33238366571699907,1.9943019943019944,0.0,0.0,4.510921177587845,8.784425451092119,0.0,2.5641025641025643,0.0,2.2792022792022792,0.14245014245014245,5.698005698005699,9.15954415954416,0.04748338081671415,1.1396011396011396,0.0,5.365622032288699,1.0
CD_I295342,Jake Lloyd,Sydney Swans,Half-Forward,44.0,"https://s.afl.com.au/staticfile/AFL Tenant/AFL/Players/ChampIDImages/AFL/2026014/295342.png?im=Scale,width=0.6,height=0.6",0.84875,20.369999999999997,24,11.389297987236134,5.252822778595975,9.032891507118313,20.422189494354445,15.316642120765835,0.8836524300441827,0.44182621502209135,0.0,2.454590083456063,1.521845851742759,3.338242513500246,1.0309278350515465,1.9636720667648506,0.44182621502209135,0.44182621502209135,5.792832596956309,14.236622484045165,0.04909180166912126,1.0309278350515465,2.061855670103093,0.49091801669121266,0.6381934216985764,82.6705940108002,0.04909180166912126,0.9818360333824253,5.84192439862543,379.47962690230736,3.2891507118311245,2.994599901816397,0.5891016200294552,0.1472754050073638,0.24545900834560633,0.6872852233676977,0.1472754050073638,5.400098183603339,7.560137457044674,1.3745704467353954,4.5164457535591565,0.0,0.6872852233676977,0.6381934216985764,15.16936671575847,11.860579283259696,0.0,0.932744231713304,1.669121256750123,1.2272950417280315,1.0
CD_I280824,Jake Melksham,Melbourne,Forward Pocket,18.0,"https://s.afl.com.au/staticfile/AFL Tenant/AFL/Players/ChampIDImages/AFL/2026014/280824.png?im=Scale,width=0.6,height=0.6",0.22375,5.37,7,5.95903165735568,3.910614525139665,3.910614525139665,9.869646182495345,5.95903165735568,1.48975791433892,0.74487895716946,0.0,1.303538175046555,0.0,2.2346368715083798,0.186219739292365,3.35195530726257,0.5586592178770949,1.303538175046555,3.7243947858473,6.33147113594041,0.5586592178770949,1.86219739292365,2.0484171322160147,0.37243947858473,0.74487895716946,48.97579143389199,0.0,0.186219739292365,4.8417132216014895,150.09310986964618,3.7243947858473,1.303538175046555,0.74487895716946,0.0,0.0,2.0484171322160147,0.37243947858473,0.931098696461825,3.165735567970205,1.675977653631285,2.0484171322160147,0.0,0.37243947858473,0.74487895716946,10.986964618249534,5.288640595903166,0.0,0.37243947858473,2.60707635009311,0.74487895716946,1.0
CD_I1008123,Jake Riccardi,GWS GIANTS,Forward Pocket,26.0,"https://s.afl.com.au/staticfile/AFL Tenant/AFL/Players/ChampIDImages/AFL/2026014/1008123.png?im=Scale,width=0.6,height=0.6",0.28782608695652173,6.62,9,9.516616314199396,5.13595166163142,6.193353474320242,15.709969788519636,11.48036253776435,2.1148036253776437,0.6042296072507553,8.761329305135952,2.56797583081571,0.1510574018126888,3.0211480362537766,0.7552870090634441,4.229607250755287,0.6042296072507553,1.9637462235649545,4.531722054380665,11.63141993957704,0.7552870090634441,1.661631419939577,1.661631419939577,0.0,0.7552870090634441,83.38368580060423,0.0,0.7552870090634441,6.3444108761329305,246.0725075528701,3.6253776435045317,1.5105740181268883,0.45317220543806647,0.0,0.0,1.9637462235649545,0.45317220543806647,4.833836858006042,6.3444108761329305,1.0574018126888218,2.2658610271903323,2.719033232628399,0.0,0.9063444108761329,11.48036253776435,9.244712990936556,32.32628398791541,1.9637462235649545,3.323262839879154,0.9063444108761329,1.0
CD_I1018123,Jake Rogers,Gold Coast SUNS,Half-Forward,29.0,"https://s.afl.com.au/staticfile/AFL Tenant/AFL/Players/ChampIDImages/AFL/2026014/1018123.png?im=Scale,width=0.6,height=0.6",0.2569565217391304,5.91,9,6.937394247038917,2.030456852791878,8.291032148900168,15.228426395939087,11.16751269035533,0.676818950930626,0.1692047377326565,0.0,3.2148900169204735,0.1692047377326565,2.707275803722504,1.015228426395939,1.8612521150592216,0.8460236886632826,0.5076142131979695,6.429780033840947,9.306260575296108,0.0,0.1692047377326565,0.5076142131979695,0.338409475465313,1.1844331641285957,59.898477157360404,0.0,1.015228426395939,5.583756345177665,193.06260575296108,3.2148900169204735,2.030456852791878,0.676818950930626,0.1692047377326565,0.1692047377326565,0.338409475465313,0.338409475465313,6.091370558375634,3.8917089678510997,2.3688663282571913,5.414551607445008,0.0,0.0,0.5076142131979695,17.93570219966159,11.522842639593907,0.0,1.1844331641285957,1.1844331641285957,0.1692047377326565,1.0
CD_I1017109,Jake Soligo,Adelaide Crows,Rover,14.0,"https://s.afl.com.au/staticfile/AFL Tenant/AFL/Players/ChampIDImages/AFL/2026014/1017109.png?im=Scale,width=0.6,height=0.6",0.6483333333333333,15.559999999999999,21,12.467866323907456,3.856041131105399,9.961439588688947,22.4293059125964,15.038560411311055,0.5784061696658098,0.5141388174807199,0.0,5.398457583547558,1.4781491002570695,3.534704370179949,2.699228791773779,4.048843187660669,1.7352185089974295,1.7994858611825195,9.447300771208226,12.275064267352185,0.19280205655526994,0.5784061696658098,0.6426735218508998,0.25706940874035994,0.8354755784061697,90.80976863753214,0.5784061696658098,2.120822622107969,5.5269922879177384,285.21850899742935,4.177377892030849,3.6632390745501286,1.0925449871465296,0.0,0.06426735218508998,0.5141388174807199,0.06426735218508998,9.318766066838046,7.069408740359898,1.2853470437017995,6.619537275064268,0.0,0.3856041131105399,0.5784061696658098,23.071979434447304,10.854755784061698,0.0,1.0282776349614398,1.2853470437017995,0.06426735218508998,1.0
CD_I293884,Jake Stringer,GWS GIANTS,Forward Pocket,20.0,"https://s.afl.com.au/staticfile/AFL Tenant/AFL/Players/ChampIDImages/AFL/2026014/293884.png?im=Scale,width=0.6,height=0.6",0.851304347826087,19.580000000000002,23,10.316649642492338,4.392236976506639,3.5750766087844736,13.891726251276811,8.018386108273749,2.451481103166496,2.29826353421859,0.0,2.451481103166496,0.10214504596527067,3.1154239019407557,0.8682328907048007,2.7068437180796727,1.0214504596527068,0.9703779366700714,7.150153217568947,6.843718079673136,0.5107252298263534,2.29826353421859,1.5832482124616956,0.0,0.8682328907048007,76.20020429009192,0.306435137895812,0.5617977528089887,8.171603677221654,335.1889683350357,2.5025536261491315,1.5832482124616956,1.378958120531154,0.0,0.0,1.5832482124616956,0.5107252298263534,2.6046986721144023,5.36261491317671,3.013278855975485,4.647599591419816,0.0,0.2553626149131767,1.3278855975485189,13.636363636363635,13.958120531154238,0.153217568947906,1.225740551583248,5.36261491317671,0.5617977528089887,1.0
CD_I996554,Jake Waterman,West Coast Eagles,Full-Forward,2.0,"https://s.afl.com.au/staticfile/AFL Tenant/AFL/Players/ChampIDImages/AFL/2026014/996554.png?im=Scale,width=0.6,height=0.6",0.8795652173913044,20.23,23,10.92436974789916,6.969846762234305,3.0153237765694514,13.93969352446861,8.650519031141869,2.422145328719723,2.7681660899653977,0.0,1.3840830449826989,0.24715768660405338,2.5210084033613445,0.09886307464162135,2.422145328719723,1.1369253583786456,0.6920415224913494,4.003954522985665,9.639149777558082,0.9391992090954029,3.3119130004943154,0.9391992090954029,0.0,0.5931784478497281,81.61146811665843,0.0,0.09886307464162135,8.255066732575383,278.94216510133464,2.2244191794364805,0.7909045971329708,0.6920415224913494,0.0,0.0,2.619871478002966,0.6920415224913494,0.9391992090954029,6.1789421651013345,0.9886307464162135,1.680672268907563,0.0,0.1977261492832427,3.1141868512110724,6.673257538309441,7.691547207118141,0.14829461196243202,0.4448838358872961,5.734058329214038,0.49431537320810676,1.0
CD_I1009301,Jamarra Ugle-Hagan,Gold Coast SUNS,Forward Pocket,9.0,"https://s.afl.com.au/staticfile/AFL Tenant/AFL/Players/ChampIDImages/AFL/2026014/1009301.png?im=Scale,width=0.6,height=0.6",0.08695652173913043,2.0,3,7.5,4.0,1.0,8.5,3.5,2.0,1.5,0.0,1.0,0.0,1.5,0.0,4.0,2.0,0.5,3.5,4.5,0.5,2.0,1.0,0.0,0.5,54.5,0.0,0.0,4.5,208.5,4.0,0.5,1.0,0.0,0.0,1.0,0.5,1.5,3.0,1.0,1.0,0.0,0.0,2.5,12.5,1.9,0.0,0.5,5.0,1.0,1.0
CD_I1009029,James Borlase,Adelaide Crows,Full-Back,35.0,"https://s.afl.com.au/staticfile/AFL Tenant/AFL/Players/ChampIDImages/AFL/2026014/1009029.png?im=Scale,width=0.6,height=0.6",0.65875,15.809999999999999,18,7.2106261859582546,4.427577482605946,4.743833017077799,11.954459203036054,9.867172675521822,0.0,0.06325110689437066,0.0,1.5180265654648957,1.7710309930423784,0.5060088551549653,0.06325110689437066,1.454775458570525,0.8222643896268186,0.3795066413662239,4.364326375711575,7.463630613535737,0.8222643896268186,0.0,9.740670461733082,0.0,0.06325110689437066,50.2213788741303,0.0,0.06325110689437066,1.8975332068311197,138.8361796331436,1.7710309930423784,5.249841872232764,0.0,0.7590132827324478,4.490828589500317,0.12650221378874132,0.12650221378874132,4.996837444655282,5.692599620493359,0.0,2.593295382669197,0.0,1.454775458570525,0.06325110689437066,6.198608475648324,9.038583175205567,0.0,0.5692599620493359,0.06325110689437066,9.297912713472487,1.0
CD_I1013409,James Jordon,Sydney Swans,Half-Forward,17.0,"https://s.afl.com.au/staticfile/AFL Tenant/AFL/Players/ChampIDImages/AFL/2026014/1013409.png?im=Scale,width=0.6,height=0.6",0.7733333333333333,18.56,22,7.058189655172415,2.262931034482759,10.9375,17.995689655172416,14.385775862068966,0.26939655172413796,0.16163793103448276,0.0,4.633620689655173,1.0237068965517242,2.855603448275862,2.262931034482759,1.8318965517241381,0.9159482758620691,0.646551724137931,6.4655172413793105,11.530172413793105,0.05387931034482759,0.21551724137931036,0.646551724137931,0.05387931034482759,0.4849137931034483,69.1271551724138,0.8620689655172414,1.4008620689655173,4.9030172413793105,249.5689655172414,2.640086206896552,2.4245689655172415,0.9698275862068966,0.0,0.10775862068965518,0.05387931034482759,0.05387931034482759,9.967672413793105,4.9030172413793105,0.7543103448275863,5.064655172413794,0.0,0.16163793103448276,0.4310344827586207,22.79094827586207,10.625,0.0,1.1314655172413794,0.5387931034482759,0.26939655172413796,1.0
CD_I1032119,James Leake,GWS GIANTS,Half-Back,30.0,"https://s.afl.com.au/staticfile/AFL Tenant/AFL/Players/ChampIDImages/AFL/2026014/1032119.png?im=Scale,width=0.6,height=0.6",0.15826086956521737,3.6399999999999997,5,8.791208791208792,4.395604395604396,9.065934065934067,17.857142857142858,14.285714285714286,0.0,0.0,0.0,3.0219780219780223,2.4725274725274726,1.098901098901099,0.8241758241758242,2.7472527472527477,0.0,0.5494505494505495,5.21978021978022,12.637362637362639,0.8241758241758242,0.0,4.670329670329671,0.27472527472527475,0.0,68.13186813186813,0.0,0.8241758241758242,2.197802197802198,204.6703296703297,3.5714285714285716,4.120879120879121,0.27472527472527475,0.5494505494505495,1.3736263736263739,0.0,0.0,6.868131868131869,6.043956043956045,0.0,4.395604395604396,0.0,0.5494505494505495,0.27472527472527475,9.89010989010989,8.681318681318682,0.0,0.0,0.0,4.670329670329671,1.0
CD_I1032966,James O'Donnell,Western Bulldogs,Centre Half-Back,18.0,"https://s.afl.com.au/staticfile/AFL Tenant/AFL/Players/ChampIDImages/AFL/2026014/1032966.png?im=Scale,width=0.6,height=0.6",0.7711999999999999,19.279999999999998,21,7.83195020746888,4.668049792531121,3.3713692946058096,11.20331950207469,9.543568464730292,0.0,0.0,0.05186721991701245,1.1929460580912865,3.0601659751037347,1.0892116182572615,0.1037344398340249,1.5560165975103737,0.8817427385892117,0.7780082987551868,3.5788381742738595,7.780082987551868,0.3630705394190872,0.0,11.099585062240665,0.05186721991701245,0.05186721991701245,47.61410788381743,0.0,0.1037344398340249,2.074688796680498,225.41493775933614,1.8672199170124484,5.031120331950208,0.0,0.6742738589211619,2.6452282157676352,0.0,0.0,4.2012448132780085,6.690871369294607,0.0,2.282157676348548,0.0,1.6078838174273862,0.0,5.031120331950208,10.378630705394192,0.2074688796680498,0.8298755186721992,0.0,10.78838174273859,1.0
CD_I1006013,James Peatling,Adelaide Crows,Ruck-Rover,25.0,"https://s.afl.com.au/staticfile/AFL Tenant/AFL/Players/ChampIDImages/AFL/2026014/1006013.png?im=Scale,width=0.6,height=0.6",0.6133333333333333,14.719999999999999,21,16.304347826086957,3.8722826086956523,11.684782608695652,27.98913043478261,19.36141304347826,0.27173913043478265,0.5434782608695653,0.0,6.385869565217392,2.0380434782608696,3.736413043478261,5.842391304347826,3.2608695652173916,2.581521739130435,0.8831521739130436,12.771739130434783,15.01358695652174,0.20380434782608697,0.20380434782608697,0.9510869565217392,0.06793478260869566,0.6793478260869565,111.54891304347827,2.1059782608695654,3.736413043478261,5.638586956521739,378.19293478260875,5.366847826086957,3.3288043478260874,0.7472826086956522,0.0,0.06793478260869566,0.0,0.0,12.771739130434783,9.510869565217392,1.0869565217391306,8.831521739130435,0.0,0.33967391304347827,0.06793478260869566,24.932065217391305,12.880434782608697,0.0,1.9021739130434785,0.8831521739130436,0.0,1.0
CD_I1006126,James Rowbottom,Sydney Swans,"Centre Half-Forward, Half-Forward, Ruck-Rover",8.0,"https://s.afl.com.au/staticfile/AFL Tenant/AFL/Players/ChampIDImages/AFL/2026014/1006126.png?im=Scale,width=0.6,height=0.6",0.67375,16.169999999999998,22,10.698824984539272,1.91713048855906,10.327767470624615,21.026592455163886,14.285714285714286,0.5565862708719852,0.4947433518862091,0.0,8.843537414965988,1.2368583797155228,4.019789734075449,4.452690166975882,3.277674706246135,1.91713048855906,0.6802721088435375,10.636982065553495,10.760667903525048,0.06184291898577614,0.3092145949288807,2.1026592455163886,0.0,0.8658008658008659,97.58812615955475,2.350030921459493,2.1026592455163886,7.854050711193569,309.4619666048238,4.143475572047001,3.0921459492888066,2.0408163265306123,0.0,0.06184291898577614,0.3710575139146568,0.0,11.564625850340137,5.565862708719852,1.298701298701299,7.2356215213358075,0.0,0.1855287569573284,0.0,30.73593073593074,14.916512059369204,0.0,2.1026592455163886,1.298701298701299,0.3710575139146568,1.0
CD_I297566,James Sicily,Hawthorn,Back-Pocket,6.0,"https://s.afl.com.au/staticfile/AFL Tenant/AFL/Players/ChampIDImages/AFL/2026014/297566.png?im=Scale,width=0.6,height=0.6",0.855,20.52,23,15.838206627680313,7.992202729044834,8.138401559454191,23.976608187134502,20.2729044834308,0.04873294346978558,0.14619883040935672,0.0,1.8518518518518519,5.799220272904484,2.387914230019493,0.38986354775828463,3.216374269005848,1.4132553606237817,1.023391812865497,7.553606237816764,13.88888888888889,1.023391812865497,0.09746588693957116,3.801169590643275,0.5847953216374269,0.29239766081871343,93.95711500974659,0.09746588693957116,0.29239766081871343,3.8986354775828462,429.67836257309943,4.044834307992203,9.454191033138402,0.09746588693957116,0.4385964912280702,2.680311890838207,0.4385964912280702,0.19493177387914232,5.799220272904484,13.157894736842106,0.14619883040935672,4.9220272904483435,0.0,2.53411306042885,0.38986354775828463,7.992202729044834,11.988304093567251,0.0,2.192982456140351,0.2436647173489279,3.118908382066277,1.0
CD_I1031829,James Trezise,Richmond,Wing,36.0,"https://s.afl.com.au/staticfile/AFL Tenant/AFL/Players/ChampIDImages/AFL/2026014/1031829.png?im=Scale,width=0.6,height=0.6",0.48391304347826086,11.129999999999999,14,9.883198562443846,5.840071877807727,10.332434860736749,20.215633423180595,16.80143755615454,0.08984725965858043,0.17969451931716085,0.0,3.3243486073674755,1.9766397124887694,1.886792452830189,0.9883198562443847,2.6954177897574128,1.078167115902965,0.8086253369272238,5.929919137466308,14.375561545372868,0.4492362982929021,0.3593890386343217,2.15633423180593,0.08984725965858043,0.17969451931716085,80.50314465408806,0.0,0.9883198562443847,3.683737646001797,215.36388140161728,2.964959568733154,4.672057502246182,0.17969451931716085,0.2695417789757413,0.4492362982929021,0.0,0.0,7.277628032345014,7.6370170709793355,0.17969451931716085,3.683737646001797,0.0,1.1680143755615455,0.2695417789757413,11.769991015274035,6.945193171608266,0.0,1.257861635220126,0.4492362982929021,1.3477088948787064,1.0
CD_I1021108,James Tunstill,Brisbane Lions,Half-Forward,29.0,"https://s.afl.com.au/staticfile/AFL Tenant/AFL/Players/ChampIDImages/AFL/2026014/1021108.png?im=Scale,width=0.6,height=0.6",0.33791666666666664,8.11,11,10.480887792848335,5.672009864364982,7.028360049321825,17.50924784217016,11.590628853267571,0.24660912453760792,0.36991368680641185,0.0,1.6029593094944514,1.6029593094944514,2.219482120838471,0.7398273736128237,1.7262638717632555,0.24660912453760792,0.12330456226880396,5.548705302096178,12.083847102342787,0.12330456226880396,0.36991368680641185,2.219482120838471,0.24660912453760792,0.36991368680641185,70.65351418002467,0.12330456226880396,0.6165228113440198,3.9457459926017266,247.84217016029595,3.5758323057953145,2.342786683107275,0.24660912453760792,0.12330456226880396,0.49321824907521583,0.0,0.0,9.001233045622689,6.288532675709002,0.6165228113440198,4.562268803945746,0.0,0.24660912453760792,1.1097410604192355,17.262638717632555,7.053020961775586,0.0,0.49321824907521583,0.8631319358816277,1.6029593094944514,1.0
CD_I1002222,James Worpel,Geelong Cats,Interchange,29.0,"https://s.afl.com.au/staticfile/AFL Tenant/AFL/Players/ChampIDImages/AFL/2026014/1002222.png?im=Scale,width=0.6,height=0.6",0.315,7.56,11,15.740740740740742,3.8359788359788363,10.97883597883598,26.71957671957672,16.666666666666668,0.5291005291005292,0.39682539682539686,0.0,9.126984126984128,1.8518518518518519,6.878306878306879,7.6719576719576725,4.761904761904762,1.0582010582010584,2.248677248677249,11.640211640211641,14.41798941798942,0.0,0.6613756613756614,0.7936507936507937,0.0,0.7936507936507937,115.07936507936509,3.4391534391534395,4.2328042328042335,7.407407407407407,439.94708994709,5.687830687830688,2.9100529100529102,0.7936507936507937,0.0,0.0,0.1322751322751323,0.0,12.566137566137566,7.6719576719576725,1.0582010582010584,8.06878306878307,0.0,0.2645502645502646,0.1322751322751323,29.232804232804234,13.492063492063492,0.1322751322751323,2.248677248677249,1.4550264550264551,0.39682539682539686,1.0
CD_I290826,Jamie Cripps,West Coast Eagles,Forward Pocket,15.0,"https://s.afl.com.au/staticfile/AFL Tenant/AFL/Players/ChampIDImages/AFL/2026014/290826.png?im=Scale,width=0.6,height=0.6",0.17304347826086955,3.9799999999999995,5,7.7889447236180915,4.2713567839195985,5.025125628140704,12.814070351758795,8.291457286432161,1.0050251256281408,1.256281407035176,0.0,2.261306532663317,0.5025125628140704,2.763819095477387,0.5025125628140704,2.261306532663317,0.5025125628140704,0.7537688442211056,3.768844221105528,8.793969849246233,0.0,0.5025125628140704,1.256281407035176,0.0,0.5025125628140704,60.80402010050252,0.0,0.5025125628140704,4.522613065326634,176.63316582914575,3.0150753768844223,1.5075376884422111,1.0050251256281408,0.0,0.0,0.5025125628140704,0.0,4.773869346733669,4.2713567839195985,1.5075376884422111,3.266331658291458,0.0,0.5025125628140704,2.261306532663317,16.582914572864322,5.452261306532664,0.0,0.2512562814070352,2.512562814070352,0.2512562814070352,1.0
CD_I293801,Jamie Elliott,Collingwood,Full-Forward,5.0,"https://s.afl.com.au/staticfile/AFL Tenant/AFL/Players/ChampIDImages/AFL/2026014/293801.png?im=Scale,width=0.6,height=0.6",0.38,9.120000000000001,11,8.004385964912279,4.276315789473684,6.249999999999999,14.254385964912279,9.649122807017543,1.864035087719298,0.7675438596491228,0.0,1.7543859649122806,0.0,1.864035087719298,0.7675438596491228,2.7412280701754383,0.5482456140350876,0.7675438596491228,4.605263157894736,9.100877192982455,0.3289473684210526,2.083333333333333,0.7675438596491228,0.0,0.9868421052631577,66.55701754385964,0.10964912280701754,0.6578947368421052,7.346491228070175,183.44298245614033,2.7412280701754383,0.7675438596491228,1.3157894736842104,0.0,0.0,0.6578947368421052,0.10964912280701754,2.5219298245614032,4.9342105263157885,1.9736842105263155,3.1798245614035086,0.0,0.0,2.083333333333333,14.364035087719296,10.515350877192981,0.0,0.8771929824561403,3.070175438596491,0.21929824561403508,1.0
CD_I296254,Jarman Impey,Hawthorn,Back-Pocket,4.0,"https://s.afl.com.au/staticfile/AFL Tenant/AFL/Players/ChampIDImages/AFL/2026014/296254.png?im=Scale,width=0.6,height=0.6",0.7174999999999999,17.22,22,19.454123112659698,8.710801393728223,9.930313588850176,29.384436701509873,22.64808362369338,0.29036004645760743,0.23228803716608595,0.0,1.9744483159117308,5.574912891986063,4.181184668989547,0.7549361207897793,3.4843205574912894,0.40650406504065045,0.6387921022067364,5.6329849012775846,21.02206736353078,0.34843205574912894,0.05807200929152149,1.3356562137049943,0.9872241579558654,0.40650406504065045,112.71777003484321,0.11614401858304298,0.6387921022067364,5.284552845528456,582.2880371660859,4.994192799070849,7.375145180023229,0.0,0.05807200929152149,0.29036004645760743,0.05807200929152149,0.05807200929152149,7.549361207897793,14.285714285714286,0.11614401858304298,4.645760743321719,0.0,2.380952380952381,0.23228803716608595,10.627177700348433,13.710801393728223,0.0,1.6840882694541233,0.6968641114982579,0.9872241579558654,1.0
CD_I998133,Jarrod Berry,Brisbane Lions,Wing,7.0,"https://s.afl.com.au/staticfile/AFL Tenant/AFL/Players/ChampIDImages/AFL/2026014/998133.png?im=Scale,width=0.6,height=0.6",0.5741666666666667,13.780000000000001,19,15.60232220609579,7.2568940493468785,9.941944847605225,25.544267053701013,16.545718432510885,0.29027576197387517,0.5079825834542815,0.0,3.555878084179971,3.555878084179971,3.483309143686502,2.9027576197387517,3.410740203193033,1.3062409288824381,0.6531204644412191,8.925979680696662,16.255442670537008,0.21770682148040638,0.43541364296081275,1.378809869375907,0.07256894049346879,0.7982583454281567,104.28156748911465,0.21770682148040638,2.685050798258345,4.78955007256894,443.6139332365747,5.0072568940493465,5.224963715529753,0.7256894049346879,0.07256894049346879,0.29027576197387517,0.14513788098693758,0.0,6.676342525399129,8.780841799709723,1.015965166908563,6.966618287373004,0.0,1.015965166908563,0.9433962264150942,14.150943396226413,10.791001451378808,0.0,1.1611030478955007,1.015965166908563,0.9433962264150942,1.0
CD_I291975,Jarrod Witts,Gold Coast SUNS,Ruck,28.0,"https://s.afl.com.au/staticfile/AFL Tenant/AFL/Players/ChampIDImages/AFL/2026014/291975.png?im=Scale,width=0.6,height=0.6",0.36130434782608695,8.309999999999999,13,8.062575210589653,2.1660649819494586,7.942238267148015,16.004813477737667,9.265944645006018,0.2406738868832732,0.1203369434416366,44.64500601684718,3.008423586040915,1.6847172081829125,2.6474127557160054,5.896510228640193,4.693140794223828,2.1660649819494586,2.406738868832732,11.793020457280386,4.813477737665464,0.4813477737665464,0.1203369434416366,3.7304452466907345,0.0,0.3610108303249098,99.75932611311674,2.2864019253910954,3.610108303249098,6.01684717208183,217.08784596871243,3.008423586040915,2.406738868832732,0.2406738868832732,0.0,0.1203369434416366,1.0830324909747293,0.2406738868832732,4.452466907340554,3.610108303249098,0.3610108303249098,4.9338146811071,12.876052948255117,0.2406738868832732,0.1203369434416366,10.108303249097474,15.740072202166068,88.32731648616127,4.9338146811071,0.4813477737665464,2.8880866425992786,1.0
CD_I1013462,Jase Burgoyne,Port Adelaide,Wing,7.0,"https://s.afl.com.au/staticfile/AFL Tenant/AFL/Players/ChampIDImages/AFL/2026014/1013462.png?im=Scale,width=0.6,height=0.6",0.828695652173913,19.06,23,16.84155299055614,6.348373557187828,9.548793284365164,26.390346274921303,18.88772298006296,0.5246589716684156,0.2623294858342078,0.0,4.459601259181532,2.9905561385099686,4.459601259181532,3.04302203567681,3.515215110178384,1.2067156348373558,0.6820566631689402,9.706190975865688,14.84784889821616,0.20986358866736624,0.6820566631689402,1.5739769150052467,0.3147953830010493,0.8919202518363064,109.0766002098636,1.0493179433368311,1.9937040923399791,5.823714585519412,418.7827911857293,5.5089192025183635,5.456453305351522,0.472193074501574,0.0,0.3147953830010493,0.10493179433368312,0.05246589716684156,7.974816369359917,10.598111227701994,0.7345225603357818,7.08289611752361,0.0,0.944386149003148,0.5246589716684156,15.634837355718783,11.852046169989507,0.0,1.4690451206715636,1.2067156348373558,0.8919202518363064,1.0
CD_I1011640,Jason Horne-Francis,Port Adelaide,Centre,18.0,"https://s.afl.com.au/staticfile/AFL Tenant/AFL/Players/ChampIDImages/AFL/2026014/1011640.png?im=Scale,width=0.6,height=0.6",0.7182608695652174,16.52,21,20.278450363196125,6.295399515738499,9.322033898305085,29.60048426150121,18.64406779661017,1.6343825665859564,1.0290556900726393,0.0,4.237288135593221,1.4527845036319613,5.0242130750605325,7.324455205811138,5.62953995157385,2.542372881355932,2.3002421307506054,12.590799031476998,16.585956416464892,0.5447941888619855,1.8159806295399517,1.2106537530266344,1.331719128329298,0.9685230024213075,121.79176755447942,4.0556900726392255,3.2687651331719128,8.171912832929783,472.03389830508473,5.5690072639225185,2.4818401937046004,0.665859564164649,0.0,0.0,0.665859564164649,0.18159806295399517,6.234866828087167,11.743341404358354,1.0290556900726393,7.02179176755448,0.0,0.48426150121065376,1.089588377723971,17.61501210653753,16.446731234866828,0.0,2.2397094430992737,2.9661016949152543,0.5447941888619855,1.0
CD_I1023708,Jaspa Fletcher,Brisbane Lions,Centre Half-Back,3.0,"https://s.afl.com.au/staticfile/AFL Tenant/AFL/Players/ChampIDImages/AFL/2026014/1023708.png?im=Scale,width=0.6,height=0.6",0.8404166666666666,20.169999999999998,24,14.774417451660884,6.544372830937036,8.031730292513634,22.80614774417452,18.443232523549828,0.14873574615765991,0.09915716410510661,0.0,1.7848289538919189,3.6688150718889445,2.429350520575112,1.1898859692612793,2.5780862667327717,0.29747149231531983,0.991571641051066,5.70153693604363,14.823996033713437,0.2478929102627665,0.049578582052553305,1.0411502231036194,0.6941001487357462,0.29747149231531983,85.4734754586019,0.29747149231531983,0.8924144769459594,4.06544372830937,383.3911750123947,4.06544372830937,4.80912245909767,0.049578582052553305,0.2478929102627665,0.6941001487357462,0.0,0.0,9.072880515617253,11.204759543877046,0.29747149231531983,4.95785820525533,0.0,0.8924144769459594,0.495785820525533,13.336638572136838,9.85126425384234,0.0,1.5369360436291524,0.29747149231531983,0.7932573128408529,1.0
CD_I1028537,Jasper Alger,Richmond,Full-Forward,29.0,"https://s.afl.com.au/staticfile/AFL Tenant/AFL/Players/ChampIDImages/AFL/2026014/1028537.png?im=Scale,width=0.6,height=0.6",0.23869565217391303,5.49,8,6.0109289617486334,3.8251366120218577,5.828779599271402,11.839708561020036,9.289617486338797,2.3679417122040074,0.9107468123861566,0.0,2.1857923497267757,0.0,1.0928961748633879,0.5464480874316939,2.5500910746812386,1.2750455373406193,1.4571948998178506,5.46448087431694,6.739526411657559,0.7285974499089253,2.5500910746812386,1.8214936247723132,0.0,0.5464480874316939,61.93078324225865,0.0,0.5464480874316939,6.0109289617486334,174.4990892531876,3.0965391621129323,0.9107468123861566,1.0928961748633879,0.0,0.0,0.7285974499089253,0.18214936247723132,5.646630236794171,4.553734061930783,2.3679417122040074,3.6429872495446265,0.0,0.0,0.5464480874316939,16.39344262295082,8.342440801457194,0.0,0.36429872495446264,3.4608378870673953,1.639344262295082,1.0
CD_I1032777,Jaxon Artemis,Essendon,"Half-Back, Wing",34.0,"https://s.afl.com.au/staticfile/AFL Tenant/AFL/Players/ChampIDImages/AFL/2026014/1032777.png?im=Scale,width=0.6,height=0.6",0.20043478260869566,4.61,6,7.809110629067245,3.9045553145336225,9.11062906724512,16.919739696312362,13.015184381778742,0.0,0.4338394793926247,0.0,3.2537960954446854,3.2537960954446854,1.0845986984815617,0.8676789587852494,2.1691973969631233,0.21691973969631234,0.8676789587852494,4.772234273318872,12.581344902386116,0.0,0.21691973969631234,1.9522776572668112,0.0,0.0,64.42516268980476,0.0,0.8676789587852494,3.036876355748373,214.0997830802603,3.4707158351409975,3.4707158351409975,0.21691973969631234,0.21691973969631234,0.21691973969631234,0.0,0.0,12.581344902386116,5.422993492407809,0.4338394793926247,4.55531453362256,0.0,0.4338394793926247,0.0,16.70281995661605,6.702819956616051,0.0,1.3015184381778742,0.4338394793926247,1.3015184381778742,1.0
CD_I1009386,Jaxon Prior,Essendon,Back-Pocket,25.0,"https://s.afl.com.au/staticfile/AFL Tenant/AFL/Players/ChampIDImages/AFL/2026014/1009386.png?im=Scale,width=0.6,height=0.6",0.7960869565217391,18.31,22,14.418350628072092,5.789186237028947,5.516111414527581,19.934462042599673,15.292190060076463,0.05461496450027308,0.2730748225013654,0.0,2.566903331512835,4.478427089022392,1.6930638995084655,0.43691971600218465,2.075368651010377,1.1469142545057347,0.5461496450027308,4.642271982523211,13.216821409066085,0.21845985800109233,0.16384489350081924,3.1676679410158384,0.8192244675040962,0.3276897870016385,82.03167667941017,0.10922992900054616,0.3276897870016385,3.1676679410158384,407.8645548880394,3.1130529765155655,5.243036592026216,0.16384489350081924,0.2730748225013654,0.70999453850355,0.21845985800109233,0.05461496450027308,8.137629710540688,10.759148006553797,0.21845985800109233,3.2222829055161117,0.0,1.5838339705079192,0.16384489350081924,11.523757509557619,8.651010376843256,0.0,1.365374112506827,0.38230475150191157,2.8399781540142,1.0
CD_I1027428,Jay Polkinghorne,Geelong Cats,Forward Pocket,2.0,"https://s.afl.com.au/staticfile/AFL Tenant/AFL/Players/ChampIDImages/AFL/2026014/1027428.png?im=Scale,width=0.6,height=0.6",0.21083333333333334,5.0600000000000005,7,7.905138339920948,5.928853754940711,3.5573122529644263,11.462450592885375,6.324110671936758,2.7667984189723316,1.5810276679841895,0.0,1.7786561264822132,0.0,2.1739130434782608,0.0,2.371541501976284,0.592885375494071,0.9881422924901185,3.952569169960474,7.905138339920948,0.9881422924901185,4.150197628458498,1.185770750988142,0.0,0.9881422924901185,71.54150197628458,0.0,0.0,6.521739130434782,262.6482213438735,3.359683794466403,0.39525691699604737,1.185770750988142,0.0,0.0,2.9644268774703555,0.7905138339920947,0.7905138339920947,3.952569169960474,1.5810276679841895,2.1739130434782608,0.0,0.0,2.371541501976284,7.905138339920948,8.438735177865613,0.0,0.39525691699604737,5.33596837944664,0.19762845849802368,1.0
CD_I298280,Jayden Laverde,GWS GIANTS,Back-Pocket,25.0,"https://s.afl.com.au/staticfile/AFL Tenant/AFL/Players/ChampIDImages/AFL/2026014/298280.png?im=Scale,width=0.6,height=0.6",0.6860869565217392,15.780000000000001,19,9.569074778200253,6.7173637515842834,7.541191381495564,17.110266159695815,13.941698352344739,0.0,0.06337135614702154,0.0,2.5348542458808616,3.5487959442332064,0.697084917617237,0.12674271229404308,2.788339670468948,0.697084917617237,1.1406844106463878,5.576679340937896,10.963244613434727,1.1406844106463878,0.0,6.780735107731305,0.0,0.0,71.41951837769328,0.0,0.12674271229404308,2.4081115335868186,228.96070975918883,2.4081115335868186,7.477820025348542,0.0,0.82382762991128,3.041825095057034,0.0,0.0,5.703422053231939,7.351077313054499,0.0,3.6121673003802277,0.0,2.5982256020278833,0.0,7.034220532319391,8.441064638783269,0.0,1.2040557667934093,0.06337135614702154,6.083650190114068,1.0
CD_I1018987,Jayden Nguyen,Essendon,Half-Forward,42.0,"https://s.afl.com.au/staticfile/AFL Tenant/AFL/Players/ChampIDImages/AFL/2026014/1018987.png?im=Scale,width=0.6,height=0.6",0.17043478260869566,3.9200000000000004,5,4.591836734693877,3.061224489795918,10.204081632653061,14.795918367346937,11.479591836734693,0.0,0.510204081632653,0.0,1.7857142857142856,1.2755102040816326,1.7857142857142856,0.2551020408163265,1.2755102040816326,0.7653061224489796,0.2551020408163265,5.357142857142857,9.438775510204081,0.2551020408163265,0.7653061224489796,1.020408163265306,0.0,0.0,51.0204081632653,0.0,0.2551020408163265,3.3163265306122445,166.83673469387753,2.2959183673469385,2.5510204081632653,0.510204081632653,0.0,0.2551020408163265,0.510204081632653,0.2551020408163265,4.846938775510203,2.040816326530612,1.020408163265306,4.081632653061224,0.0,0.510204081632653,0.2551020408163265,14.030612244897958,7.882653061224489,0.0,0.0,0.7653061224489796,0.7653061224489796,1.0
CD_I992049,Jayden Short,Richmond,Centre Half-Back,15.0,"https://s.afl.com.au/staticfile/AFL Tenant/AFL/Players/ChampIDImages/AFL/2026014/992049.png?im=Scale,width=0.6,height=0.6",0.7386956521739131,16.990000000000002,21,21.365509123013535,8.416715715126545,6.415538552089464,27.781047675103,22.366097704532073,0.17657445556209533,0.2354326074161271,0.0,1.7068864037669216,5.826957033549146,3.178340200117716,0.4120070629782224,2.884049440847557,0.8240141259564449,0.8828722778104766,4.355503237198351,19.18775750441436,0.05885815185403177,0.11771630370806355,1.2360211889346673,0.529723366686286,0.11771630370806355,108.47557386698057,0.11771630370806355,0.2942907592701589,3.943496174220129,582.6368452030606,5.179517363154797,4.767510300176574,0.0,0.2354326074161271,0.5885815185403178,0.0,0.0,7.592701589170099,16.656856974690992,0.0,3.413772807533843,0.0,0.8828722778104766,0.35314891112419067,9.94702766333137,9.511477339611535,0.0,1.1183048852266038,0.5885815185403178,0.9417304296645084,1.0
CD_I1023736,Jed Walter,Gold Coast SUNS,Full-Forward,4.0,"https://s.afl.com.au/staticfile/AFL Tenant/AFL/Players/ChampIDImages/AFL/2026014/1023736.png?im=Scale,width=0.6,height=0.6",0.5982608695652174,13.76,18,6.613372093023256,4.215116279069767,3.6337209302325584,10.247093023255815,6.8313953488372094,2.3982558139534884,1.0174418604651163,0.9447674418604651,1.6715116279069768,0.2180232558139535,1.8895348837209303,0.07267441860465117,2.761627906976744,1.0901162790697674,1.2354651162790697,5.087209302325581,5.159883720930233,1.4534883720930232,2.3982558139534884,2.3982558139534884,0.0,0.5087209302325582,60.174418604651166,0.07267441860465117,0.0,5.523255813953488,197.23837209302326,2.761627906976744,0.7994186046511628,0.5087209302325582,0.07267441860465117,0.07267441860465117,2.8343023255813953,0.6540697674418605,1.6715116279069768,4.069767441860465,1.2354651162790697,2.4709302325581395,0.07267441860465117,0.2180232558139535,1.2354651162790697,9.011627906976745,8.226744186046512,3.052325581395349,0.29069767441860467,3.8517441860465116,2.1075581395348837,1.0
CD_I1023017,Jedd Busslinger,Western Bulldogs,Centre Half-Back,5.0,"https://s.afl.com.au/staticfile/AFL Tenant/AFL/Players/ChampIDImages/AFL/2026014/1023017.png?im=Scale,width=0.6,height=0.6",0.296,7.4,8,12.837837837837837,5.0,4.594594594594595,17.43243243243243,14.324324324324323,0.0,0.0,0.0,0.4054054054054054,4.0540540540540535,0.9459459459459459,0.13513513513513511,3.243243243243243,0.8108108108108107,1.6216216216216215,3.378378378378378,11.891891891891891,0.0,0.0,9.18918918918919,0.9459459459459459,0.13513513513513511,60.27027027027027,0.0,0.13513513513513511,2.7027027027027026,331.35135135135135,3.243243243243243,4.594594594594595,0.0,0.27027027027027023,1.3513513513513513,0.0,0.0,3.378378378378378,10.27027027027027,0.0,2.2972972972972974,0.0,0.8108108108108107,0.0,4.72972972972973,9.891891891891891,0.0,1.2162162162162162,0.0,7.972972972972973,1.0
CD_I293845,Jeremy Cameron,Geelong Cats,"Centre Half-Forward, Half-Forward",5.0,"https://s.afl.com.au/staticfile/AFL Tenant/AFL/Players/ChampIDImages/AFL/2026014/293845.png?im=Scale,width=0.6,height=0.6",0.65375,15.690000000000001,18,12.683237731038878,7.0745697896749515,3.760356915232632,16.44359464627151,10.579987253027404,2.4856596558317396,1.8483110261312936,0.0637348629700446,1.2746972594008923,0.6373486297004461,3.0592734225621414,0.3824091778202677,3.250478011472275,0.6373486297004461,0.7648183556405354,3.5691523263224982,12.4282982791587,0.7648183556405354,2.421924792861695,1.3384321223709368,0.1274697259400892,0.5736137667304014,87.06182281708094,0.1274697259400892,0.2549394518801784,7.32950924155513,385.2135117909496,3.760356915232632,1.465901848311026,0.7010834926704907,0.0637348629700446,0.1274697259400892,1.2746972594008923,0.3186743148502231,1.1472275334608029,7.775653282345442,0.9560229445506692,1.9757807520713828,0.0,0.8922880815806246,2.1032504780114722,5.098789037603569,11.281070745697896,0.1274697259400892,0.4461440407903123,5.035054174633524,0.82855321861058,1.0
CD_I291313,Jeremy Howe,Collingwood,Full-Back,38.0,"https://s.afl.com.au/staticfile/AFL Tenant/AFL/Players/ChampIDImages/AFL/2026014/291313.png?im=Scale,width=0.6,height=0.6",0.6620833333333334,15.89,18,15.103838892385147,6.985525487728131,3.5871617369414723,18.69100062932662,16.110761485210823,0.06293266205160478,0.0,0.0,1.2586532410320956,4.782882315921963,0.8181246066708622,0.12586532410320955,2.1397105097545626,0.7551919446192573,0.6922592825676526,4.594084329767149,9.62869729389553,1.1957205789804908,0.06293266205160478,6.670862177470107,0.06293266205160478,0.12586532410320955,77.53303964757708,0.0,0.12586532410320955,2.7690371302706103,358.9049716803021,2.328508495909377,6.922592825676526,0.0,0.2517306482064191,1.8250471994965387,0.12586532410320955,0.0,6.0415355569540585,12.964128382630586,0.0,2.3914411579609816,0.0,2.7061044682190056,0.12586532410320955,6.8596601636249215,12.215229704216487,0.0,1.8250471994965387,0.06293266205160478,5.78980490874764,1.0
CD_I1009380,Jeremy Sharp,Fremantle,Interchange,14.0,"https://s.afl.com.au/staticfile/AFL Tenant/AFL/Players/ChampIDImages/AFL/2026014/1009380.png?im=Scale,width=0.6,height=0.6",0.05625,1.35,2,11.11111111111111,8.888888888888888,6.666666666666666,17.777777777777775,17.037037037037035,1.4814814814814814,0.0,0.0,1.4814814814814814,0.0,2.962962962962963,0.0,1.4814814814814814,0.0,0.0,2.962962962962963,17.037037037037035,0.0,1.4814814814814814,0.7407407407407407,0.0,0.0,88.14814814814814,0.0,0.0,4.444444444444444,320.0,4.444444444444444,1.4814814814814814,1.4814814814814814,0.0,0.0,1.4814814814814814,0.0,3.7037037037037033,10.37037037037037,0.7407407407407407,2.962962962962963,0.0,0.0,0.7407407407407407,8.148148148148147,9.407407407407407,0.0,0.0,1.4814814814814814,0.7407407407407407,1.0
CD_I1029589,Jesse Dattoli,Sydney Swans,Interchange,9.0,"https://s.afl.com.au/staticfile/AFL Tenant/AFL/Players/ChampIDImages/AFL/2026014/1029589.png?im=Scale,width=0.6,height=0.6",0.11125000000000002,2.6700000000000004,4,14.232209737827713,6.367041198501871,10.861423220973782,25.093632958801496,14.981273408239698,1.49812734082397,2.6217228464419473,0.0,2.99625468164794,0.0,5.99250936329588,2.6217228464419473,3.370786516853932,0.0,0.3745318352059925,9.737827715355804,14.981273408239698,0.0,2.6217228464419473,1.1235955056179774,0.0,1.8726591760299622,105.99250936329587,0.3745318352059925,2.2471910112359548,10.861423220973782,376.7790262172284,4.4943820224719095,1.8726591760299622,1.1235955056179774,0.0,0.0,0.749063670411985,0.3745318352059925,2.2471910112359548,7.116104868913856,3.370786516853932,8.988764044943819,0.0,0.3745318352059925,1.49812734082397,11.98501872659176,14.494382022471907,0.0,1.49812734082397,5.243445692883895,0.749063670411985,1.0
CD_I296324,Jesse Hogan,GWS GIANTS,Full-Forward,23.0,"https://s.afl.com.au/staticfile/AFL Tenant/AFL/Players/ChampIDImages/AFL/2026014/296324.png?im=Scale,width=0.6,height=0.6",0.33304347826086955,7.659999999999999,9,7.31070496083551,5.221932114882507,3.2637075718015667,10.574412532637076,6.396866840731071,1.566579634464752,1.566579634464752,0.0,1.0443864229765014,0.0,1.8276762402088775,0.13054830287206268,2.349869451697128,0.783289817232376,0.783289817232376,4.177545691906006,6.527415143603133,1.3054830287206267,2.8720626631853787,1.174934725848564,0.0,0.26109660574412535,57.7023498694517,0.0,0.13054830287206268,6.005221932114883,206.13577023498698,2.088772845953003,0.783289817232376,0.5221932114882507,0.0,0.0,2.8720626631853787,0.391644908616188,1.6971279373368149,4.308093994778068,1.3054830287206267,1.566579634464752,0.0,0.13054830287206268,2.2193211488250655,7.31070496083551,5.130548302872063,0.391644908616188,0.5221932114882507,3.5248041775456924,0.391644908616188,1.0
CD_I1023537,Jhye Clark,Geelong Cats,"Back-Pocket, Wing",13.0,"https://s.afl.com.au/staticfile/AFL Tenant/AFL/Players/ChampIDImages/AFL/2026014/1023537.png?im=Scale,width=0.6,height=0.6",0.2704166666666667,6.49,9,11.710323574730355,6.163328197226502,10.939907550077042,22.650231124807394,16.178736517719567,0.4622496147919877,0.4622496147919877,0.0,3.6979969183359014,1.386748844375963,4.314329738058552,1.2326656394453004,4.006163328197227,1.2326656394453004,1.078582434514638,7.395993836671803,14.946070878274268,0.6163328197226502,0.6163328197226502,1.5408320493066254,0.15408320493066255,0.4622496147919877,91.52542372881355,0.15408320493066255,1.078582434514638,4.776579352850539,369.18335901386746,4.9306625577812015,4.9306625577812015,1.078582434514638,0.15408320493066255,0.6163328197226502,0.4622496147919877,0.3081664098613251,9.09090909090909,7.550077041602465,0.9244992295839753,5.3929121725731894,0.0,1.2326656394453004,1.078582434514638,17.719568567026194,11.03235747303544,0.0,1.694915254237288,1.694915254237288,1.386748844375963,1.0
CD_I1031913,Jobe Shanahan,West Coast Eagles,Centre Half-Forward,35.0,"https://s.afl.com.au/staticfile/AFL Tenant/AFL/Players/ChampIDImages/AFL/2026014/1031913.png?im=Scale,width=0.6,height=0.6",0.8965217391304348,20.619999999999997,23,6.207565470417071,4.946653734238604,3.394762366634336,9.602327837051408,6.935014548981572,1.4064015518913677,0.6789524733268673,0.0,1.5518913676042678,0.6789524733268673,1.066925315227934,0.04849660523763337,1.7943743937924348,0.4849660523763337,0.7274490785645006,4.510184287099904,5.480116391852571,1.4548981571290012,1.7943743937924348,2.0853540252182348,0.0,0.19398642095053348,53.879728419010675,0.0,0.04849660523763337,3.782735208535403,152.18234723569353,1.9883608147429683,1.7943743937924348,0.7759456838021339,0.0,0.0,2.0368574199806018,0.33947623666343363,2.8128031037827355,4.46168768186227,1.066925315227934,2.327837051406402,0.0,0.8244422890397674,1.1154219204655675,9.650824442289041,7.99224054316198,0.38797284190106696,0.43646944713870034,2.327837051406402,1.6003879728419013,1.0
CD_I1028529,Joe Berry,Port Adelaide,Half-Forward,5.0,"https://s.afl.com.au/staticfile/AFL Tenant/AFL/Players/ChampIDImages/AFL/2026014/1028529.png?im=Scale,width=0.6,height=0.6",0.7534782608695653,17.330000000000002,23,9.982688978649739,4.327755337564916,7.212925562608193,17.19561454125793,12.17541834968263,0.8078476630121176,0.8078476630121176,0.0,2.2504327755337563,0.6924408540103866,4.443162146566647,0.9809578765147142,2.5966532025389495,1.3848817080207732,0.9232544720138487,6.1165608770917475,11.54068090017311,0.05770340450086554,0.46162723600692435,0.634737449509521,0.11540680900173109,0.7501442585112521,70.62896710905943,0.23081361800346217,0.7501442585112521,5.193306405077899,302.9428736295441,3.808424697057126,2.1350259665320253,0.634737449509521,0.0,0.0,0.3462204270051933,0.0,6.462781304096941,6.462781304096941,1.1540680900173108,4.731679169070975,0.0,0.11540680900173109,1.1540680900173108,17.945758799769184,9.27870744373918,0.0,0.8655510675129832,1.7311021350259663,0.46162723600692435,1.0
CD_I1032629,Joe Fonti,GWS GIANTS,Half-Back,37.0,"https://s.afl.com.au/staticfile/AFL Tenant/AFL/Players/ChampIDImages/AFL/2026014/1032629.png?im=Scale,width=0.6,height=0.6",0.7869565217391304,18.1,22,12.817679558011049,7.790055248618784,8.508287292817679,21.325966850828728,16.408839779005522,0.11049723756906077,0.0,0.0,3.2044198895027622,3.9779005524861875,1.5469613259668507,0.5524861878453038,4.41988950276243,0.8287292817679557,1.6022099447513811,4.41988950276243,16.574585635359114,0.2762430939226519,0.0,4.751381215469613,0.9392265193370165,0.055248618784530384,88.34254143646407,0.11049723756906077,0.4419889502762431,3.3149171270718227,343.37016574585635,3.9779005524861875,6.2983425414364635,0.055248618784530384,0.2762430939226519,1.2154696132596685,0.0,0.0,9.392265193370164,9.226519337016574,0.0,3.2596685082872927,0.0,1.9337016574585635,0.38674033149171266,11.933701657458563,8.850828729281767,0.0,1.1049723756906076,0.16574585635359115,4.254143646408839,1.0
CD_I1008239,Joe Richards,Port Adelaide,Forward Pocket,35.0,"https://s.afl.com.au/staticfile/AFL Tenant/AFL/Players/ChampIDImages/AFL/2026014/1008239.png?im=Scale,width=0.6,height=0.6",0.6978260869565217,16.05,20,14.143302180685358,5.482866043613707,8.909657320872274,23.05295950155763,16.1993769470405,0.5607476635514018,0.7476635514018691,0.0,5.607476635514018,1.1838006230529594,4.361370716510903,3.6137071651090342,2.9906542056074765,0.8099688473520249,0.7476635514018691,8.037383177570094,14.517133956386292,0.12461059190031153,0.37383177570093457,1.3707165109034267,0.6230529595015576,0.7476635514018691,101.80685358255451,1.2461059190031152,2.367601246105919,6.5420560747663545,368.03738317757006,4.548286604361371,2.554517133956386,1.6822429906542056,0.0,0.0,0.24922118380062305,0.12461059190031153,9.345794392523365,8.785046728971961,1.3707165109034267,6.043613707165108,0.0,0.12461059190031153,1.1838006230529594,23.17757009345794,11.63239875389408,0.0,1.3707165109034267,1.6822429906542056,0.6853582554517134,1.0
CD_I1008091,Joel Amartey,Sydney Swans,Forward Pocket,36.0,"https://s.afl.com.au/staticfile/AFL Tenant/AFL/Players/ChampIDImages/AFL/2026014/1008091.png?im=Scale,width=0.6,height=0.6",0.46416666666666667,11.14,15,7.091561938958707,4.308797127468582,3.949730700179533,11.04129263913824,6.37342908438061,2.5134649910233393,1.6157989228007181,1.2567324955116697,2.333931777378815,0.0,1.436265709156194,0.4488330341113106,2.872531418312388,1.1669658886894074,0.8976660682226212,5.385996409335727,5.834829443447037,1.1669658886894074,2.9622980251346496,2.154398563734291,0.0,0.5385996409335727,67.86355475763015,0.08976660682226212,0.3590664272890485,6.283662477558348,196.8581687612208,3.4111310592459603,0.8976660682226212,1.1669658886894074,0.0,0.0,3.2315978456014363,0.8976660682226212,1.7055655296229801,3.4111310592459603,1.526032315978456,2.6929982046678633,0.26929982046678635,0.17953321364452424,1.526032315978456,10.682226211849192,8.195691202872531,6.283662477558348,0.6283662477558348,4.937163375224416,1.2567324955116697,1.0
CD_I1017073,Joel Fitzgerald,Melbourne,Interchange,47.0,"https://s.afl.com.au/staticfile/AFL Tenant/AFL/Players/ChampIDImages/AFL/2026014/1017073.png?im=Scale,width=0.6,height=0.6",0.28041666666666665,6.7299999999999995,11,15.898959881129272,2.6745913818722142,16.49331352154532,32.3922734026746,20.505200594353642,0.2971768202080238,0.2971768202080238,0.0,7.8751857355126305,1.485884101040119,5.49777117384844,5.3491827637444285,5.200594353640416,0.8915304606240714,1.3372956909361071,12.184249628528976,19.762258543833582,0.0,0.1485884101040119,0.7429420505200595,0.0,0.8915304606240714,119.16790490341754,2.2288261515601784,3.1203566121842496,7.132243684992571,386.924219910847,6.092124814264488,3.4175334323922737,1.188707280832095,0.0,0.1485884101040119,0.1485884101040119,0.0,10.846953937592868,6.835066864784547,1.0401188707280833,8.915304606240714,0.0,0.1485884101040119,0.4457652303120357,26.151560178306095,12.095096582466569,0.4457652303120357,1.9316493313521548,0.8915304606240714,0.2971768202080238,1.0
CD_I1027704,Joel Freijah,Western Bulldogs,Centre,27.0,"https://s.afl.com.au/staticfile/AFL Tenant/AFL/Players/ChampIDImages/AFL/2026014/1027704.png?im=Scale,width=0.6,height=0.6",0.828,20.7,25,12.367149758454106,4.5893719806763285,11.062801932367151,23.429951690821255,16.086956521739133,0.5797101449275363,0.5797101449275363,0.0,4.782608695652174,1.9806763285024156,3.1884057971014492,4.9275362318840585,4.63768115942029,0.6763285024154589,1.5458937198067633,9.710144927536232,13.96135265700483,0.0966183574879227,0.48309178743961356,2.2222222222222223,0.33816425120772947,1.0628019323671498,92.22222222222223,1.6908212560386473,3.236714975845411,6.521739130434783,317.2463768115942,4.492753623188406,2.85024154589372,0.6763285024154589,0.0,0.14492753623188406,0.14492753623188406,0.0,9.420289855072465,6.618357487922705,1.1594202898550725,7.004830917874396,0.0,0.24154589371980678,0.5314009661835749,21.835748792270532,12.574879227053142,0.1932367149758454,2.028985507246377,1.3526570048309179,0.6763285024154589,1.0
CD_I295222,Joel Hamling,Sydney Swans,Half-Back,29.0,"https://s.afl.com.au/staticfile/AFL Tenant/AFL/Players/ChampIDImages/AFL/2026014/295222.png?im=Scale,width=0.6,height=0.6",0.3491666666666667,8.379999999999999,10,3.69928400954654,4.2959427207637235,6.563245823389022,10.262529832935561,8.949880668257757,0.11933174224343678,0.23866348448687355,0.0,1.4319809069212412,1.7899761336515516,0.3579952267303103,0.11933174224343678,1.3126491646778045,0.7159904534606206,0.8353221957040574,4.892601431980908,5.489260143198091,1.1933174224343677,0.4773269689737471,7.39856801909308,0.11933174224343678,0.11933174224343678,42.00477326968974,0.0,0.11933174224343678,1.9093078758949884,91.1694510739857,0.9546539379474942,5.131264916467781,0.0,0.23866348448687355,2.9832935560859193,0.5966587112171838,0.0,3.69928400954654,2.7446300715990457,0.0,2.8639618138424825,0.0,1.6706443914081148,0.11933174224343678,5.608591885441528,9.116945107398568,0.0,1.0739856801909309,0.3579952267303103,6.443914081145586,1.0
CD_I1005992,Joel Jeffrey,Gold Coast SUNS,Half-Back,16.0,"https://s.afl.com.au/staticfile/AFL Tenant/AFL/Players/ChampIDImages/AFL/2026014/1005992.png?im=Scale,width=0.6,height=0.6",0.7043478260869566,16.2,22,16.049382716049383,7.1604938271604945,7.407407407407407,23.45679012345679,19.567901234567902,0.4320987654320988,0.1851851851851852,0.0,2.6543209876543212,3.8271604938271606,3.5802469135802473,0.9259259259259259,2.2839506172839505,0.8024691358024691,0.8641975308641976,5.185185185185185,16.543209876543212,0.308641975308642,0.5555555555555556,2.2839506172839505,1.1111111111111112,0.5555555555555556,96.0493827160494,0.3703703703703704,0.5555555555555556,4.62962962962963,494.6296296296297,3.9506172839506175,4.567901234567901,0.0617283950617284,0.0617283950617284,0.4320987654320988,0.2469135802469136,0.0617283950617284,8.765432098765432,13.148148148148149,0.3703703703703704,4.197530864197531,0.0,1.234567901234568,0.2469135802469136,12.962962962962964,12.333333333333334,0.0,1.234567901234568,0.9259259259259259,2.160493827160494,1.0
CD_I1000072,John Noble,Gold Coast SUNS,Half-Back,2.0,"https://s.afl.com.au/staticfile/AFL Tenant/AFL/Players/ChampIDImages/AFL/2026014/1000072.png?im=Scale,width=0.6,height=0.6",0.8221739130434782,18.91,23,21.47012162876785,8.672659968270755,10.52353252247488,31.99365415124273,26.17662612374405,0.370174510840825,0.21152829190904282,0.0,2.326811210999471,6.663141195134849,3.5959809624537282,0.7932310946589106,3.225806451612903,0.9518773135906927,0.74034902168165,4.812268640930724,23.320994182971972,0.15864621893178213,0.21152829190904282,1.110523532522475,1.0047593865679534,0.26441036488630354,121.94606028556319,0.052882072977260705,0.74034902168165,4.865150713907985,670.6504494976203,5.552617662612374,5.605499735589635,0.10576414595452141,0.10576414595452141,0.31729243786356426,0.0,0.0,8.831306187202538,17.23955579058699,0.052882072977260705,3.9132734003172924,0.0,0.74034902168165,0.26441036488630354,12.162876784769963,12.347964040190375,0.0,1.2162876784769963,0.8461131676361713,0.8461131676361713,1.0
CD_I1028498,Jonty Faull,Richmond,Forward Pocket,8.0,"https://s.afl.com.au/staticfile/AFL Tenant/AFL/Players/ChampIDImages/AFL/2026014/1028498.png?im=Scale,width=0.6,height=0.6",0.35130434782608694,8.08,10,5.569306930693069,3.3415841584158414,2.9702970297029703,8.53960396039604,4.9504950495049505,0.8663366336633663,0.8663366336633663,0.49504950495049505,1.7326732673267327,0.12376237623762376,1.608910891089109,0.0,1.8564356435643565,0.7425742574257426,0.3712871287128713,3.589108910891089,5.074257425742574,0.6188118811881188,1.2376237623762376,2.599009900990099,0.0,0.12376237623762376,45.79207920792079,0.0,0.0,3.9603960396039604,193.06930693069307,1.8564356435643565,0.7425742574257426,0.6188118811881188,0.0,0.0,2.3514851485148514,0.6188118811881188,2.4752475247524752,2.9702970297029703,0.12376237623762376,1.7326732673267327,0.0,0.24752475247524752,0.24752475247524752,11.138613861386139,5.272277227722772,1.7326732673267327,0.12376237623762376,2.103960396039604,1.8564356435643565,1.0
CD_I1002795,Jordan Boyd,Carlton,Half-Back,37.0,"https://s.afl.com.au/staticfile/AFL Tenant/AFL/Players/ChampIDImages/AFL/2026014/1002795.png?im=Scale,width=0.6,height=0.6",0.0584,1.46,2,17.808219178082194,6.8493150684931505,2.0547945205479454,19.863013698630137,17.123287671232877,0.0,0.0,0.0,4.109589041095891,4.794520547945206,2.0547945205479454,0.0,2.0547945205479454,0.0,0.0,2.73972602739726,11.643835616438356,0.0,0.0,3.4246575342465753,1.36986301369863,0.0,94.52054794520548,0.0,0.0,2.73972602739726,452.7397260273973,2.0547945205479454,5.47945205479452,0.0,0.0,0.0,0.0,0.0,11.643835616438356,15.753424657534246,0.0,1.36986301369863,0.0,0.684931506849315,0.0,14.383561643835616,10.684931506849315,0.0,1.36986301369863,0.0,2.0547945205479454,1.0
CD_I1006152,Jordan Clark,Fremantle,Half-Back,6.0,"https://s.afl.com.au/staticfile/AFL Tenant/AFL/Players/ChampIDImages/AFL/2026014/1006152.png?im=Scale,width=0.6,height=0.6",0.8325,19.98,24,17.51751751751752,6.156156156156156,9.85985985985986,27.37737737737738,22.822822822822822,0.10010010010010009,0.050050050050050046,0.0,2.5525525525525525,5.7057057057057055,3.6036036036036037,1.5015015015015014,3.103103103103103,0.7507507507507507,1.001001001001001,6.006006006006006,17.86786786786787,0.2502502502502503,0.050050050050050046,2.052052052052052,1.7017017017017018,0.7007007007007007,99.34934934934935,0.15015015015015015,1.3513513513513513,5.7557557557557555,571.5715715715716,5.155155155155155,4.954954954954955,0.050050050050050046,0.050050050050050046,0.35035035035035034,0.0,0.0,8.75875875875876,13.913913913913914,0.0,4.954954954954955,0.0,1.1511511511511512,0.5005005005005005,12.062062062062061,12.407407407407407,0.0,1.7017017017017018,0.2502502502502503,1.5515515515515514,1.0
CD_I1013996,Jordan Croft,Western Bulldogs,Centre Half-Forward,16.0,"https://s.afl.com.au/staticfile/AFL Tenant/AFL/Players/ChampIDImages/AFL/2026014/1013996.png?im=Scale,width=0.6,height=0.6",0.4836,12.09,17,6.120760959470637,3.0603804797353185,5.045492142266336,11.166253101736974,7.6095947063689,1.075268817204301,0.7444168734491315,2.0678246484698097,2.0678246484698097,0.41356492969396197,2.315963606286187,0.9098428453267163,3.391232423490488,1.3234077750206783,1.4061207609594706,4.880066170388751,6.451612903225807,0.41356492969396197,0.8271298593879239,1.902398676592225,0.1654259718775848,0.41356492969396197,52.27460711331679,0.0827129859387924,0.8271298593879239,4.301075268817204,187.26220016542598,2.6468155500413566,1.9851116625310175,0.9098428453267163,0.0,0.0,0.8271298593879239,0.24813895781637718,4.797353184449959,3.6393713813068653,1.075268817204301,2.729528535980149,0.49627791563275436,0.1654259718775848,0.0827129859387924,14.88833746898263,4.590570719602978,13.647642679900745,0.6617038875103392,1.9851116625310175,1.4061207609594706,1.0
CD_I992242,Jordan Dawson,Adelaide Crows,Centre,12.0,"https://s.afl.com.au/staticfile/AFL Tenant/AFL/Players/ChampIDImages/AFL/2026014/992242.png?im=Scale,width=0.6,height=0.6",0.7266666666666667,17.44,21,20.87155963302752,6.249999999999999,10.894495412844035,31.766055045871557,21.158256880733944,1.2614678899082568,0.4587155963302752,0.0,6.766055045871559,2.9816513761467887,5.6766055045871555,5.045871559633027,4.988532110091743,1.6055045871559632,1.3761467889908257,11.123853211009173,18.979357798165136,0.7454128440366972,0.6880733944954128,1.4334862385321099,0.6307339449541284,0.860091743119266,135.7224770642202,2.580275229357798,2.465596330275229,7.511467889908256,570.8715596330275,6.135321100917431,4.128440366972477,0.573394495412844,0.1146788990825688,0.4013761467889908,0.5160550458715596,0.0573394495412844,11.181192660550458,12.786697247706421,1.0321100917431192,6.479357798165137,0.0,1.146788990825688,0.7454128440366972,22.935779816513758,18.331422018348622,0.0,1.6055045871559632,1.8922018348623852,0.9174311926605504,1.0
CD_I994185,Jordan De Goey,Collingwood,Rover,2.0,"https://s.afl.com.au/staticfile/AFL Tenant/AFL/Players/ChampIDImages/AFL/2026014/994185.png?im=Scale,width=0.6,height=0.6",0.715,17.16,22,15.20979020979021,6.177156177156177,12.237762237762238,27.447552447552447,19.172494172494172,1.2237762237762237,0.6993006993006993,0.0,3.0303030303030303,1.6317016317016317,5.303030303030303,3.2051282051282053,3.613053613053613,0.8741258741258742,0.8741258741258742,8.333333333333334,18.58974358974359,0.5244755244755245,0.8741258741258742,0.8158508158508159,0.05827505827505827,1.2237762237762237,107.05128205128204,1.282051282051282,1.9230769230769231,8.741258741258742,436.013986013986,4.2540792540792545,1.9230769230769231,0.2913752913752914,0.0,0.0,0.8741258741258742,0.34965034965034963,6.002331002331002,9.032634032634032,1.1072261072261071,5.7109557109557105,0.0,0.17482517482517482,1.5151515151515151,12.179487179487179,13.881118881118882,0.0,1.048951048951049,2.4475524475524475,0.0,1.0
CD_I1001026,Jordan Ridley,Essendon,"Back-Pocket, Back-Pocket",14.0,"https://s.afl.com.au/staticfile/AFL Tenant/AFL/Players/ChampIDImages/AFL/2026014/1001026.png?im=Scale,width=0.6,height=0.6",0.17695652173913046,4.07,7,17.69041769041769,10.319410319410318,6.142506142506142,23.832923832923832,20.147420147420146,0.0,0.0,0.24570024570024568,0.9828009828009827,2.7027027027027026,1.9656019656019654,0.24570024570024568,2.457002457002457,0.49140049140049136,0.9828009828009827,3.4398034398034394,15.970515970515969,0.7371007371007371,0.0,3.931203931203931,0.7371007371007371,0.24570024570024568,98.03439803439802,0.0,0.24570024570024568,2.7027027027027026,380.8353808353808,2.9484029484029484,5.6511056511056506,0.0,0.49140049140049136,0.7371007371007371,0.0,0.0,5.6511056511056506,14.74201474201474,0.0,2.211302211302211,0.0,2.457002457002457,0.24570024570024568,6.142506142506142,7.813267813267812,0.24570024570024568,0.7371007371007371,0.49140049140049136,3.4398034398034394,1.0
CD_I1004995,Jordon Butts,Adelaide Crows,Full-Back,41.0,"https://s.afl.com.au/staticfile/AFL Tenant/AFL/Players/ChampIDImages/AFL/2026014/1004995.png?im=Scale,width=0.6,height=0.6",0.3233333333333333,7.76,9,7.345360824742269,5.154639175257732,5.670103092783505,13.015463917525773,10.051546391752577,0.1288659793814433,0.1288659793814433,0.0,0.6443298969072165,2.7061855670103094,0.7731958762886598,0.5154639175257733,2.3195876288659796,0.5154639175257733,1.288659793814433,5.154639175257732,7.989690721649485,1.1597938144329898,0.0,6.701030927835052,0.0,0.0,48.96907216494846,0.1288659793814433,0.3865979381443299,1.8041237113402062,175.51546391752578,2.3195876288659796,6.443298969072165,0.0,1.0309278350515465,3.479381443298969,0.0,0.0,5.025773195876289,5.283505154639175,0.0,3.479381443298969,0.0,2.8350515463917527,0.0,5.412371134020619,7.074742268041237,0.0,0.7731958762886598,0.2577319587628866,6.185567010309279,1.0
CD_I992330,Jordon Sweet,Port Adelaide,Ruck,24.0,"https://s.afl.com.au/staticfile/AFL Tenant/AFL/Players/ChampIDImages/AFL/2026014/992330.png?im=Scale,width=0.6,height=0.6",0.7626086956521739,17.54,22,8.437856328392247,2.9076396807297606,7.525655644241733,15.963511972633981,9.407069555302167,0.6271379703534778,1.0262257696693273,37.8563283922463,3.0216647662485747,1.3112884834663627,3.0216647662485747,6.214367160775371,4.4469783352337515,2.0524515393386547,2.451539338654504,11.51653363740023,5.6442417331813,0.6841505131128849,0.6841505131128849,4.561003420752566,0.11402508551881414,0.34207525655644244,98.51767388825542,1.8814139110604333,4.3329532497149374,7.069555302166477,276.90992018244015,2.8506271379703536,1.8814139110604333,0.45610034207525657,0.22805017103762829,0.9122006841505131,1.1402508551881414,0.28506271379703535,6.613454960091221,4.047890535917902,0.34207525655644244,3.4777651083238315,12.48574686431015,0.6271379703534778,0.17103762827822122,12.428734321550742,15.46750285062714,81.24287343215508,5.245153933865451,1.8814139110604333,3.2497149372862033,1.0
CD_I1029030,Josaia Delana,GWS GIANTS,Half-Forward,38.0,"https://s.afl.com.au/staticfile/AFL Tenant/AFL/Players/ChampIDImages/AFL/2026014/1029030.png?im=Scale,width=0.6,height=0.6",0.28086956521739126,6.459999999999999,9,6.6563467492260076,1.8575851393188858,6.6563467492260076,13.312693498452015,9.597523219814242,0.15479876160990713,0.6191950464396285,0.0,5.41795665634675,0.30959752321981426,2.9411764705882355,1.8575851393188858,2.476780185758514,0.7739938080495358,1.7027863777089787,6.346749226006193,7.120743034055729,0.0,0.15479876160990713,1.3931888544891642,0.0,1.08359133126935,57.739938080495364,0.30959752321981426,1.5479876160990715,5.727554179566564,214.5510835913313,2.321981424148607,2.7863777089783284,2.321981424148607,0.0,0.0,0.46439628482972145,0.15479876160990713,6.6563467492260076,3.8699690402476787,1.08359133126935,4.489164086687307,0.0,0.30959752321981426,0.30959752321981426,20.897832817337463,8.808049535603717,0.0,1.3931888544891642,1.08359133126935,0.6191950464396285,1.0
CD_I998134,Josh Battle,Hawthorn,Half-Back,24.0,"https://s.afl.com.au/staticfile/AFL Tenant/AFL/Players/ChampIDImages/AFL/2026014/998134.png?im=Scale,width=0.6,height=0.6",0.8775,21.06,22,13.72269705603039,6.695156695156696,7.407407407407407,21.1301044634378,17.188983855650523,0.0949667616334283,0.14245014245014245,0.14245014245014245,1.566951566951567,4.985754985754986,1.3295346628679963,0.23741690408357077,2.6590693257359925,0.5223171889838557,0.8547008547008548,5.365622032288699,12.867996201329536,0.8547008547008548,0.04748338081671415,4.8907882241215574,0.5223171889838557,0.0,81.14909781576449,0.04748338081671415,0.1899335232668566,3.3713200379867048,370.7027540360874,3.7986704653371324,6.980056980056981,0.0,0.5223171889838557,2.421652421652422,0.1899335232668566,0.14245014245014245,6.267806267806268,11.158594491927825,0.0949667616334283,3.5612535612535616,0.0,1.6144349477682811,0.0,7.88224121557455,10.204178537511872,0.5223171889838557,1.234567901234568,0.33238366571699907,4.178537511870846,1.0
CD_I1005054,Josh Daicos,Collingwood,Centre Half-Back,7.0,"https://s.afl.com.au/staticfile/AFL Tenant/AFL/Players/ChampIDImages/AFL/2026014/1005054.png?im=Scale,width=0.6,height=0.6",0.8395833333333333,20.15,24,19.404466501240694,6.9478908188585615,12.903225806451614,32.30769230769231,25.062034739454095,0.04962779156327544,0.29776674937965264,0.0,3.7220843672456576,5.508684863523573,3.7220843672456576,1.7866004962779158,2.977667493796526,0.6947890818858561,0.7444168734491315,6.699751861042184,22.87841191066998,0.0,0.29776674937965264,0.6451612903225807,0.24813895781637718,0.49627791563275436,118.8089330024814,0.29776674937965264,1.488833746898263,6.799007444168735,584.8138957816377,4.714640198511167,4.714640198511167,0.04962779156327544,0.04962779156327544,0.14888337468982632,0.0,0.0,9.875930521091812,14.491315136476429,0.29776674937965264,5.707196029776675,0.0,0.49627791563275436,0.3970223325062035,13.697270471464021,12.545905707196031,0.0,1.6377171215880895,0.5459057071960298,0.29776674937965264,1.0
CD_I1034235,Josh Dolan,Western Bulldogs,Forward Pocket,26.0,"https://s.afl.com.au/staticfile/AFL Tenant/AFL/Players/ChampIDImages/AFL/2026014/1034235.png?im=Scale,width=0.6,height=0.6",0.35760000000000003,8.940000000000001,13,8.389261744966442,3.579418344519015,7.941834451901565,16.331096196868007,11.297539149888141,0.5592841163310961,0.7829977628635346,0.0,2.7964205816554806,0.11185682326621922,3.8031319910514534,0.7829977628635346,1.6778523489932884,1.1185682326621922,0.3355704697986577,5.369127516778523,10.850111856823265,0.0,0.6711409395973154,0.3355704697986577,0.6711409395973154,0.6711409395973154,67.22595078299776,0.11185682326621922,0.6711409395973154,6.375838926174496,236.35346756152123,2.3489932885906035,2.2371364653243844,1.2304250559284116,0.11185682326621922,0.11185682326621922,0.4474272930648769,0.0,5.480984340044742,5.033557046979865,2.013422818791946,4.474272930648769,0.0,0.22371364653243844,0.8948545861297538,20.917225950782996,9.183445190156597,0.0,1.1185682326621922,1.5659955257270692,0.22371364653243844,1.0
CD_I993834,Josh Dunkley,Brisbane Lions,Ruck-Rover,5.0,"https://s.afl.com.au/staticfile/AFL Tenant/AFL/Players/ChampIDImages/AFL/2026014/993834.png?im=Scale,width=0.6,height=0.6",0.79125,18.990000000000002,24,13.270142180094785,6.108478146392837,13.69141653501843,26.961558715113213,18.536071616640335,0.21063717746182198,0.3686150605581885,0.0,8.53080568720379,1.7377567140600314,4.0547656661400735,3.6861506055818847,3.528172722485518,1.0005265929436544,1.0005265929436544,10.637177461822011,15.745129015271194,0.42127435492364396,0.42127435492364396,2.2643496577145865,0.0,0.6845708267509215,119.2733017377567,1.579778830963665,2.10637177461822,6.529752501316482,326.17166929963133,4.318062137967351,3.4228541337546075,1.369141653501843,0.0,0.0,0.4739336492890995,0.2632964718272775,13.375460768825697,7.372301211163769,1.0005265929436544,7.846234860452869,0.0,0.6319115323854659,0.5792522380200105,29.2259083728278,13.849394418114796,0.42127435492364396,1.9483938915218535,0.737230121116377,1.0005265929436544,1.0
CD_I1017059,Josh Gibcus,Richmond,Interchange,18.0,"https://s.afl.com.au/staticfile/AFL Tenant/AFL/Players/ChampIDImages/AFL/2026014/1017059.png?im=Scale,width=0.6,height=0.6",0.03304347826086956,0.76,1,7.894736842105263,5.2631578947368425,3.9473684210526314,11.842105263157894,7.894736842105263,0.0,0.0,0.0,5.2631578947368425,2.6315789473684212,0.0,0.0,1.3157894736842106,0.0,0.0,5.2631578947368425,3.9473684210526314,1.3157894736842106,0.0,6.578947368421052,0.0,0.0,68.42105263157895,0.0,0.0,1.3157894736842106,167.10526315789474,5.2631578947368425,7.894736842105263,0.0,0.0,1.3157894736842106,0.0,0.0,10.526315789473685,6.578947368421052,0.0,3.9473684210526314,0.0,1.3157894736842106,0.0,11.842105263157894,3.4210526315789473,0.0,0.0,0.0,5.2631578947368425,1.0
CD_I1017118,Josh Goater,North Melbourne,Half-Back,31.0,"https://s.afl.com.au/staticfile/AFL Tenant/AFL/Players/ChampIDImages/AFL/2026014/1017118.png?im=Scale,width=0.6,height=0.6",0.17695652173913046,4.07,6,11.302211302211301,7.125307125307125,11.302211302211301,22.604422604422602,17.444717444717444,0.0,0.49140049140049136,0.0,1.2285012285012284,3.685503685503685,1.7199017199017197,0.24570024570024568,2.9484029484029484,0.49140049140049136,0.7371007371007371,4.422604422604422,17.936117936117935,0.49140049140049136,0.0,2.7027027027027026,0.49140049140049136,0.0,81.57248157248156,0.0,0.24570024570024568,4.422604422604422,321.6216216216216,3.194103194103194,5.6511056511056506,0.0,0.0,0.49140049140049136,0.0,0.0,4.914004914004914,8.353808353808354,0.0,3.685503685503685,0.0,1.9656019656019654,0.0,6.6339066339066335,6.904176904176904,0.0,0.9828009828009827,0.49140049140049136,2.211302211302211,1.0
CD_I1040300,Josh Lai,Port Adelaide,Back-Pocket,43.0,"https://s.afl.com.au/staticfile/AFL Tenant/AFL/Players/ChampIDImages/AFL/2026014/1040300.png?im=Scale,width=0.6,height=0.6",0.6486956521739131,14.920000000000002,19,10.120643431635388,6.501340482573726,4.892761394101876,15.013404825737263,11.729222520107237,0.0,0.0,0.0,2.010723860589812,3.88739946380697,1.7426273458445039,0.26809651474530827,2.2117962466487935,1.005361930294906,0.6702412868632707,4.825737265415549,10.455764075067023,0.6702412868632707,0.0,3.686327077747989,0.06702412868632707,0.2010723860589812,66.68900804289544,0.06702412868632707,0.2010723860589812,2.144772117962466,334.18230563002675,4.088471849865951,6.63538873994638,0.0,0.6032171581769437,1.072386058981233,0.0,0.0,7.5067024128686315,7.707774798927613,0.06702412868632707,3.217158176943699,0.0,2.546916890080429,0.13404825737265413,9.718498659517426,8.378016085790884,0.0,0.7372654155495978,0.0,3.3512064343163535,1.0
CD_I1033078,Josh Lindsay,West Coast Eagles,"Half-Back, Half-Back",5.0,"https://s.afl.com.au/staticfile/AFL Tenant/AFL/Players/ChampIDImages/AFL/2026014/1033078.png?im=Scale,width=0.6,height=0.6",0.48826086956521736,11.23,15,17.809439002671414,5.342831700801424,7.123775601068566,24.93321460373998,21.01513802315227,0.08904719501335707,0.08904719501335707,0.0,1.4247551202137132,4.808548530721282,1.9590382902938557,0.5342831700801425,2.8495102404274264,0.44523597506678536,0.8014247551202137,4.719501335707925,15.048975957257346,0.08904719501335707,0.08904719501335707,1.335707925200356,0.17809439002671415,0.08904719501335707,88.06767586821015,0.0,0.5342831700801425,3.9180765805877114,475.4229741763134,4.719501335707925,4.096170970614425,0.0,0.17809439002671415,0.6233303650934995,0.0,0.0,7.479964381121994,14.692787177203918,0.0,3.9180765805877114,0.0,0.5342831700801425,0.08904719501335707,10.507569011576136,9.18967052537845,0.0,1.5138023152270703,0.17809439002671415,1.157613535173642,1.0
CD_I1017051,Josh Rachele,Adelaide Crows,Half-Forward,8.0,"https://s.afl.com.au/staticfile/AFL Tenant/AFL/Players/ChampIDImages/AFL/2026014/1017051.png?im=Scale,width=0.6,height=0.6",0.8070833333333333,19.369999999999997,24,13.42281879194631,3.9235931853381523,6.401652039235933,19.824470831182243,13.835828600929274,2.1166752710376873,1.0325245224574084,0.0,2.891068662880744,0.8776458440887972,3.768714506969541,1.9617965926690761,4.491481672689727,1.3422818791946312,1.445534331440372,7.950438822922045,10.635002581311307,0.10325245224574085,1.1357769747031494,0.9292720702116677,0.2065049044914817,1.1357769747031494,87.14506969540528,0.8260196179659268,1.1357769747031494,7.795560144553434,354.0526587506454,4.026845637583893,2.2199277232834285,0.8260196179659268,0.0,0.0,1.445534331440372,0.4130098089829634,5.162622612287042,8.62157976251936,1.703665462054724,5.833763551884358,0.0,0.051626226122870426,1.3422818791946312,16.262261228704183,12.978833247289625,0.0,1.2390294269488902,3.407330924109448,0.4130098089829634,1.0
CD_I1012819,Josh Treacy,Fremantle,Full-Forward,35.0,"https://s.afl.com.au/staticfile/AFL Tenant/AFL/Players/ChampIDImages/AFL/2026014/1012819.png?im=Scale,width=0.6,height=0.6",0.8766666666666667,21.04,24,9.933460076045629,7.176806083650191,4.3726235741444865,14.306083650190114,9.838403041825096,2.614068441064639,1.806083650190114,0.0,2.614068441064639,0.09505703422053233,2.946768060836502,0.047528517110266164,2.4714828897338403,1.9486692015209126,0.9980988593155894,7.366920152091255,7.842205323193917,2.2338403041825097,3.6596958174904946,2.8041825095057034,0.0,0.6178707224334601,86.97718631178708,0.0,0.047528517110266164,7.557034220532319,287.6425855513308,2.946768060836502,1.806083650190114,1.2832699619771863,0.0,0.047528517110266164,4.3726235741444865,0.903041825095057,3.0418250950570345,6.083650190114069,1.4258555133079849,2.709125475285171,0.0,0.6653992395437263,2.4239543726235744,11.454372623574145,12.756653992395437,0.047528517110266164,0.7604562737642586,4.990494296577947,1.6634980988593158,1.0
CD_I1017110,Josh Ward,Hawthorn,Rover,25.0,"https://s.afl.com.au/staticfile/AFL Tenant/AFL/Players/ChampIDImages/AFL/2026014/1017110.png?im=Scale,width=0.6,height=0.6",0.7625,18.3,24,13.825136612021858,5.300546448087432,15.519125683060109,29.344262295081965,22.131147540983605,0.32786885245901637,0.2185792349726776,0.0,4.754098360655737,1.4207650273224044,4.590163934426229,5.081967213114754,3.715846994535519,0.819672131147541,0.8743169398907104,10.601092896174864,18.415300546448087,0.1092896174863388,0.16393442622950818,1.4207650273224044,0.16393442622950818,0.8743169398907104,107.81420765027322,2.0765027322404372,3.0054644808743167,7.868852459016393,377.2677595628415,3.8251366120218577,3.278688524590164,0.4918032786885246,0.0546448087431694,0.2185792349726776,0.0,0.0,10.601092896174864,9.07103825136612,0.7650273224043715,7.213114754098361,0.0,0.4918032786885246,0.4371584699453552,23.442622950819672,16.087431693989068,0.0,1.256830601092896,0.6557377049180327,0.3825136612021858,1.0
CD_I1027935,Josh Weddle,Hawthorn,Back-Pocket,23.0,"https://s.afl.com.au/staticfile/AFL Tenant/AFL/Players/ChampIDImages/AFL/2026014/1027935.png?im=Scale,width=0.6,height=0.6",0.73625,17.669999999999998,21,10.299943406904358,5.885681946802491,8.036219581211093,18.33616298811545,13.921901528013583,0.33955857385398985,0.8488964346349747,0.2829654782116582,3.0560271646859087,2.6032823995472554,3.2258064516129035,0.6225240520656481,2.4900962082625924,0.6225240520656481,0.7357102433503113,5.432937181663838,12.903225806451614,0.8488964346349747,0.6791171477079797,3.45217883418223,2.207130730050934,0.45274476513865314,78.43803056027166,0.05659309564233164,0.5659309564233164,4.697226938313526,385.17260894170914,3.45217883418223,4.414261460101868,0.11318619128466328,0.22637238256932657,0.8488964346349747,0.33955857385398985,0.11318619128466328,8.9417091114884,7.24391624221845,0.33955857385398985,3.621958121109225,0.0,1.2450481041312962,0.39615166949632147,12.676853423882287,10.237691001697794,1.9807583474816075,1.1318619128466327,1.4714204867006226,2.5466893039049237,1.0
CD_I1011981,Josh Worrell,Adelaide Crows,"Back-Pocket, Centre Half-Back",24.0,"https://s.afl.com.au/staticfile/AFL Tenant/AFL/Players/ChampIDImages/AFL/2026014/1011981.png?im=Scale,width=0.6,height=0.6",0.8470833333333334,20.330000000000002,23,15.789473684210526,6.394490900147565,8.8047220855878,24.594195769798326,20.659124446630592,0.0,0.0,0.0,1.8691588785046727,6.197737333989178,1.4264633546483028,0.6394490900147565,2.4594195769798324,1.2297097884899162,0.836202656173143,7.427447122479094,13.428430890309885,0.34431874077717656,0.0,4.525332021642892,0.44269552385636984,0.04918839153959665,90.35907525823905,0.0,0.6394490900147565,3.098868666994589,452.5332021642892,4.476143630103295,8.755533694048204,0.0,0.44269552385636984,1.9183472700442694,0.0,0.0,7.673389080177078,13.280865715691096,0.1967535661583866,5.8042302016724046,0.0,1.8691588785046727,0.04918839153959665,9.198229217904574,11.790457452041316,0.0,1.6232169208066896,0.0,4.082636497786522,1.0
CD_I1017703,Judd McVee,Fremantle,Half-Back,17.0,"https://s.afl.com.au/staticfile/AFL Tenant/AFL/Players/ChampIDImages/AFL/2026014/1017703.png?im=Scale,width=0.6,height=0.6",0.69875,16.77,21,10.494931425163983,5.307096004770424,8.825283243887895,19.32021466905188,16.159809183064997,0.05963029218843172,0.0,0.0,0.8348240906380442,3.5778175313059033,1.4311270125223614,1.0137149672033394,2.206320810971974,0.4770423375074538,0.35778175313059035,5.605247465712582,12.462731067382231,0.35778175313059035,0.0,2.385211687537269,1.8485390578413834,0.35778175313059035,68.15742397137745,0.0,1.0137149672033394,3.8759689922480622,253.96541443053073,2.385211687537269,5.307096004770424,0.0,0.0,0.7751937984496124,0.0,0.0,5.843768634466309,8.109719737626715,0.11926058437686345,4.412641621943948,0.0,1.0137149672033394,0.2385211687537269,7.6326774001192605,8.598688133571855,0.0,0.8944543828264758,0.05963029218843172,1.8485390578413834,1.0
CD_I1017043,Judson Clarke,Richmond,Wing,23.0,"https://s.afl.com.au/staticfile/AFL Tenant/AFL/Players/ChampIDImages/AFL/2026014/1017043.png?im=Scale,width=0.6,height=0.6",0.09260869565217392,2.13,3,7.981220657276996,3.286384976525822,8.450704225352114,16.431924882629108,11.267605633802818,0.0,0.4694835680751174,0.0,1.8779342723004695,2.347417840375587,2.8169014084507045,1.8779342723004695,1.4084507042253522,0.4694835680751174,0.0,7.042253521126761,8.450704225352114,0.0,0.0,0.9389671361502347,0.0,0.0,59.15492957746479,0.4694835680751174,1.4084507042253522,4.694835680751174,312.2065727699531,3.286384976525822,4.225352112676057,0.0,0.0,0.4694835680751174,0.0,0.0,6.572769953051644,4.225352112676057,0.4694835680751174,6.572769953051644,0.0,0.9389671361502347,0.4694835680751174,11.267605633802818,7.558685446009391,0.0,1.4084507042253522,0.9389671361502347,0.4694835680751174,1.0
CD_I1011936,Justin McInerney,Sydney Swans,Rover,27.0,"https://s.afl.com.au/staticfile/AFL Tenant/AFL/Players/ChampIDImages/AFL/2026014/1011936.png?im=Scale,width=0.6,height=0.6",0.42250000000000004,10.14,13,12.524654832347139,5.325443786982248,17.455621301775146,29.980276134122285,21.400394477317555,1.3806706114398422,1.1834319526627217,0.0,3.254437869822485,1.8737672583826428,5.226824457593688,3.846153846153846,4.1420118343195265,1.6765285996055226,1.3806706114398422,8.875739644970414,21.499013806706113,0.09861932938856015,0.7889546351084812,1.3806706114398422,0.1972386587771203,1.282051282051282,108.48126232741616,1.5779092702169624,2.2682445759368837,10.157790927021695,450.1972386587771,3.944773175542406,3.254437869822485,0.49309664694280075,0.0,0.0,0.1972386587771203,0.0,9.664694280078894,7.593688362919131,1.282051282051282,5.522682445759369,0.0,0.6903353057199211,0.6903353057199211,16.370808678500985,15.295857988165679,0.09861932938856015,2.2682445759368837,2.564102564102564,0.3944773175542406,1.0
CD_I999715,Jy Farrar,Gold Coast SUNS,Interchange,50.0,"https://s.afl.com.au/staticfile/AFL Tenant/AFL/Players/ChampIDImages/AFL/2026014/999715.png?im=Scale,width=0.6,height=0.6",0.07608695652173914,1.75,3,3.4285714285714284,2.2857142857142856,4.571428571428571,8.0,5.714285714285714,0.5714285714285714,0.5714285714285714,0.0,2.857142857142857,0.0,1.1428571428571428,0.0,2.857142857142857,0.5714285714285714,0.5714285714285714,3.4285714285714284,5.142857142857143,0.0,1.1428571428571428,1.7142857142857142,0.0,1.1428571428571428,40.57142857142857,0.0,0.0,2.857142857142857,78.28571428571429,2.2857142857142856,0.5714285714285714,0.5714285714285714,0.0,0.0,5.142857142857143,0.0,3.4285714285714284,2.2857142857142856,0.5714285714285714,1.7142857142857142,0.0,0.0,0.5714285714285714,14.285714285714286,2.0,0.0,0.0,1.1428571428571428,0.5714285714285714,1.0
CD_I993998,Jy Simpkin,North Melbourne,Wing,12.0,"https://s.afl.com.au/staticfile/AFL Tenant/AFL/Players/ChampIDImages/AFL/2026014/993998.png?im=Scale,width=0.6,height=0.6",0.8360869565217391,19.23,23,14.924596983879354,6.136245449817992,11.440457618304732,26.365054602184088,19.448777951118043,0.6760270410816432,0.5720228809152366,0.0,2.548101924076963,1.6640665626625064,4.368174726989079,3.1721268850754027,3.3801352054082163,1.0400416016640666,1.4040561622464898,7.696307852314092,18.46073842953718,0.36401456058242326,0.8320332813312532,0.9880395215808632,0.7800312012480499,0.5720228809152366,97.71190847633905,1.3000520020800832,1.8720748829953198,7.332293291731669,431.201248049922,3.9001560062402496,3.016120644825793,0.26001040041601664,0.10400416016640665,0.26001040041601664,0.0,0.0,7.332293291731669,9.82839313572543,0.9880395215808632,5.408216328653146,0.0,0.46801872074882994,0.8320332813312532,15.860634425377015,12.50130005200208,0.0,1.3520540821632865,1.6120644825793031,0.46801872074882994,1.0
CD_I1020594,Jye Amiss,Fremantle,Full-Forward,24.0,"https://s.afl.com.au/staticfile/AFL Tenant/AFL/Players/ChampIDImages/AFL/2026014/1020594.png?im=Scale,width=0.6,height=0.6",0.8475,20.34,23,7.817109144542773,5.3097345132743365,2.8515240904621435,10.668633235004917,6.882989183874139,2.9006882989183875,1.6224188790560472,0.0,1.0816125860373649,0.0,1.1799410029498525,0.049164208456243856,1.4257620452310718,1.2782694198623403,0.4424778761061947,4.867256637168142,6.047197640117994,1.6224188790560472,3.785644051130777,1.3274336283185841,0.049164208456243856,0.39331366764995085,68.38741396263521,0.0,0.049164208456243856,6.391347099311701,168.19075712881022,1.671583087512291,0.2949852507374631,0.7374631268436578,0.0,0.0,3.392330383480826,1.1307767944936087,0.7866273352999017,4.572271386430678,1.1799410029498525,1.8682399213372665,0.0,0.09832841691248771,2.2615535889872174,5.2114060963618485,9.1937069813176,0.0,0.09832841691248771,5.162241887905605,0.8357915437561455,1.0
CD_I1006103,Jye Caldwell,Essendon,Centre,6.0,"https://s.afl.com.au/staticfile/AFL Tenant/AFL/Players/ChampIDImages/AFL/2026014/1006103.png?im=Scale,width=0.6,height=0.6",0.5191304347826087,11.940000000000001,17,12.144053601340032,4.1038525963149075,13.484087102177552,25.628140703517584,17.001675041876045,0.5025125628140703,0.8375209380234505,0.0,7.035175879396984,1.8425460636515911,3.350083752093802,4.690117252931323,3.7688442211055273,1.2562814070351758,1.2562814070351758,10.80402010050251,15.41038525963149,0.08375209380234505,0.25125628140703515,0.7537688442211055,0.1675041876046901,0.5862646566164154,105.19262981574538,1.3400335008375208,3.350083752093802,5.611390284757118,312.22780569514237,4.271356783919598,1.9262981574539362,0.5862646566164154,0.0,0.08375209380234505,0.08375209380234505,0.0,12.395309882747068,7.118927973199329,1.1725293132328307,7.78894472361809,0.0,0.08375209380234505,0.41876046901172526,26.130653266331656,10.494137353433835,0.0,1.1725293132328307,1.3400335008375208,0.25125628140703515,1.0
CD_I1005330,Kade Chandler,Melbourne,Centre Half-Forward,37.0,"https://s.afl.com.au/staticfile/AFL Tenant/AFL/Players/ChampIDImages/AFL/2026014/1005330.png?im=Scale,width=0.6,height=0.6",0.7891666666666667,18.94,23,9.873284054910242,3.0095036958817314,8.922914466737064,18.796198521647305,13.569165786694825,1.1615628299894403,0.7391763463569165,0.0,5.543822597676874,1.1087645195353748,4.646251319957761,2.4815205913410767,2.956705385427666,0.791974656810982,0.8975712777191129,8.236536430834212,10.559662090813093,0.10559662090813093,0.6335797254487856,1.2143611404435057,0.7391763463569165,1.2143611404435057,84.47729672650475,0.791974656810982,1.689545934530095,6.810982048574445,329.9366420274551,3.062302006335797,1.9007391763463568,2.059134107708553,0.0,0.05279831045406547,0.36958817317845827,0.10559662090813093,6.282998944033791,6.071805702217529,2.270327349524815,6.230200633579725,0.0,0.05279831045406547,0.42238648363252373,22.175290390707495,15.781414994720167,0.0,0.8447729672650475,2.375923970432946,0.36958817317845827,1.0
CD_I1014026,Kai Lohmann,Brisbane Lions,Forward Pocket,1.0,"https://s.afl.com.au/staticfile/AFL Tenant/AFL/Players/ChampIDImages/AFL/2026014/1014026.png?im=Scale,width=0.6,height=0.6",0.7970833333333334,19.130000000000003,24,9.670674333507579,4.652378463146889,6.063774176685833,15.734448510193412,10.559330893883951,2.4046001045478302,1.2545739675901724,0.0,3.659174072138003,0.4181913225300574,3.3455305802404594,1.4113957135389439,3.5546262415054883,0.8886565603763721,1.6204913748039727,6.795608991113434,9.513852587558807,0.6795608991113433,2.090956612650287,0.6272869837950862,0.8363826450601148,0.9409304756926292,81.44276006272868,0.3136434918975431,1.0977522216414008,7.318348144276006,279.5608991113434,2.9796131730266593,1.3591217982226866,1.3591217982226866,0.0,0.0,0.7841087297438577,0.2613695765812859,5.2273915316257185,5.5933089388395185,2.1432305279665442,5.0182958703606895,0.0,0.0,1.1500261369576579,19.550444328280186,11.68322007318348,0.0,0.9932043910088865,4.2864610559330885,0.2090956612650287,1.0
CD_I1002253,Kane Farrell,Port Adelaide,Half-Back,6.0,"https://s.afl.com.au/staticfile/AFL Tenant/AFL/Players/ChampIDImages/AFL/2026014/1002253.png?im=Scale,width=0.6,height=0.6",0.44521739130434784,10.24,13,20.5078125,8.3984375,4.00390625,24.51171875,19.7265625,0.1953125,0.390625,0.0,2.44140625,5.859375,3.3203125,0.9765625,2.63671875,0.5859375,0.87890625,4.4921875,15.0390625,0.09765625,0.0,2.24609375,2.05078125,0.09765625,104.00390625,0.09765625,0.87890625,5.46875,662.5,5.37109375,3.90625,0.0,0.0,0.390625,0.0,0.0,9.66796875,16.11328125,0.0,3.61328125,0.0,0.390625,0.1953125,13.37890625,11.162109375,0.09765625,1.953125,0.5859375,1.66015625,1.0
CD_I1019916,Kane McAuliffe,Richmond,Wing,28.0,"https://s.afl.com.au/staticfile/AFL Tenant/AFL/Players/ChampIDImages/AFL/2026014/1019916.png?im=Scale,width=0.6,height=0.6",0.3130434782608696,7.2,10,14.722222222222221,3.888888888888889,11.666666666666666,26.38888888888889,17.916666666666668,0.41666666666666663,0.2777777777777778,0.0,4.583333333333333,2.7777777777777777,4.861111111111111,3.75,6.111111111111111,1.8055555555555556,2.0833333333333335,10.0,16.944444444444443,0.1388888888888889,0.0,1.25,0.0,0.8333333333333333,95.83333333333333,1.25,2.5,5.416666666666667,504.5833333333333,5.416666666666667,4.861111111111111,0.6944444444444444,0.0,0.1388888888888889,0.0,0.0,11.944444444444445,8.88888888888889,0.41666666666666663,6.388888888888888,0.0,1.25,0.0,19.444444444444443,9.041666666666666,0.2777777777777778,1.5277777777777777,0.8333333333333333,0.5555555555555556,1.0
CD_I297354,Karl Amon,Hawthorn,Half-Back,10.0,"https://s.afl.com.au/staticfile/AFL Tenant/AFL/Players/ChampIDImages/AFL/2026014/297354.png?im=Scale,width=0.6,height=0.6",0.6325000000000001,15.180000000000001,19,18.51119894598155,6.653491436100131,7.8392621870882735,26.350461133069825,21.014492753623188,0.0,0.3293807641633728,0.0,2.5032938076416333,5.467720685111989,2.8985507246376807,0.6587615283267456,2.9644268774703555,0.19762845849802368,0.6587615283267456,3.623188405797101,18.840579710144926,0.0,0.0,1.7127799736495386,1.185770750988142,0.592885375494071,99.7364953886693,0.19762845849802368,0.46113306982872193,4.940711462450593,574.2424242424241,5.33596837944664,3.8208168642951246,0.06587615283267456,0.19762845849802368,0.26350461133069825,0.0,0.0,11.26482213438735,14.492753623188404,0.0,3.2279314888010537,0.0,0.5270092226613965,0.26350461133069825,15.678524374176547,9.189723320158102,0.0,1.185770750988142,0.39525691699604737,1.054018445322793,1.0
CD_I1021015,Karl Worner,Fremantle,Half-Back,23.0,"https://s.afl.com.au/staticfile/AFL Tenant/AFL/Players/ChampIDImages/AFL/2026014/1021015.png?im=Scale,width=0.6,height=0.6",0.8120833333333334,19.490000000000002,24,14.776808619805026,7.901487942534632,8.568496664956387,23.345305284761412,20.164186762442277,0.0,0.1026167265264238,0.0,2.873268342739866,5.489994869163673,1.6418676244227808,0.46177526936890706,2.719343252950231,0.9235505387378141,1.1287839917906617,5.028219599794766,16.21344279117496,0.513083632632119,0.0,3.4376603386351974,1.3340174448435094,0.1026167265264238,94.30477167778346,0.1539250897896357,0.3078501795792714,4.4125192406362235,471.2160082093381,4.258594150846587,7.234479220112878,0.0,0.1539250897896357,0.9748589020010261,0.0513083632632119,0.0,7.491021036428937,12.724474089276551,0.0,3.3863519753719853,0.0,2.360184710107747,0.3078501795792714,9.902514109799897,10.420728578758336,0.0,1.487942534633145,0.1026167265264238,3.078501795792714,1.0
CD_I1006059,Keidean Coleman,Brisbane Lions,Back-Pocket,18.0,"https://s.afl.com.au/staticfile/AFL Tenant/AFL/Players/ChampIDImages/AFL/2026014/1006059.png?im=Scale,width=0.6,height=0.6",0.38,9.120000000000001,13,16.99561403508772,7.675438596491227,6.140350877192982,23.1359649122807,19.18859649122807,0.21929824561403508,0.0,0.0,1.7543859649122806,3.728070175438596,3.6184210526315788,0.43859649122807015,1.864035087719298,0.7675438596491228,0.43859649122807015,5.701754385964912,15.350877192982454,0.3289473684210526,0.21929824561403508,2.631578947368421,0.10964912280701754,0.43859649122807015,94.07894736842104,0.0,0.43859649122807015,5.153508771929824,421.92982456140345,2.7412280701754383,6.578947368421052,0.0,0.0,0.43859649122807015,0.0,0.0,7.2368421052631575,13.815789473684209,0.3289473684210526,4.495614035087719,0.0,1.644736842105263,0.43859649122807015,10.526315789473683,12.752192982456139,0.0,2.1929824561403506,0.3289473684210526,2.302631578947368,1.0
CD_I1008436,Kieren Briggs,GWS GIANTS,Ruck,32.0,"https://s.afl.com.au/staticfile/AFL Tenant/AFL/Players/ChampIDImages/AFL/2026014/1008436.png?im=Scale,width=0.6,height=0.6",0.5330434782608695,12.26,18,9.787928221859707,2.2838499184339316,7.748776508972267,17.536704730831975,10.522022838499185,0.1631321370309951,0.3262642740619902,35.31810766721044,5.057096247960849,1.7128874388254487,3.5073409461663947,6.362153344208809,4.32300163132137,1.9575856443719413,1.6313213703099512,11.500815660685156,6.117455138662317,0.3262642740619902,0.3262642740619902,2.6101141924959217,0.0,0.3262642740619902,105.62805872756934,2.7732463295269167,3.5889070146818924,6.117455138662317,279.2006525285481,4.078303425774878,3.2626427406199023,0.8972267536704731,0.0,0.5709624796084829,0.3262642740619902,0.08156606851549755,7.585644371941273,5.138662316476346,0.6525285481239804,6.199021207177815,11.745513866231647,0.734094616639478,0.1631321370309951,15.334420880913541,16.94942903752039,87.19412724306689,4.078303425774878,0.5709624796084829,1.5497553017944536,1.0
CD_I1023640,Koltyn Tholstrup,Melbourne,Wing,12.0,"https://s.afl.com.au/staticfile/AFL Tenant/AFL/Players/ChampIDImages/AFL/2026014/1023640.png?im=Scale,width=0.6,height=0.6",0.82875,19.89,24,12.971342383107089,5.027652086475616,8.24534942182001,21.2166918049271,16.742081447963802,0.15082956259426847,0.15082956259426847,0.0,1.7094017094017093,4.323780794369029,2.0613373554550023,0.8547008547008547,2.312719959778783,1.0558069381598794,0.5027652086475616,6.988436400201106,12.217194570135746,0.4022121669180493,0.15082956259426847,2.463549522373052,0.6535947712418301,0.30165912518853694,77.92860734037204,0.10055304172951232,0.7541478129713424,4.273504273504273,388.08446455505276,3.9215686274509802,6.737053795877325,0.10055304172951232,0.15082956259426847,0.5027652086475616,0.0,0.0,5.530417295123177,10.005027652086476,0.05027652086475616,5.027652086475616,0.0,1.7596782302664655,0.30165912518853694,8.094519859225741,10.236299648064353,0.0,1.8099547511312217,0.30165912518853694,2.1618903971845147,1.0
CD_I1033488,Kye Annand,Richmond,"Back-Pocket, Back-Pocket",41.0,"https://s.afl.com.au/staticfile/AFL Tenant/AFL/Players/ChampIDImages/AFL/2026014/1033488.png?im=Scale,width=0.6,height=0.6",0.4152173913043478,9.55,11,9.00523560209424,5.340314136125654,3.664921465968586,12.670157068062826,9.738219895287957,0.0,0.0,0.0,0.9424083769633507,3.9790575916230364,0.8376963350785339,0.41884816753926696,2.408376963350785,0.8376963350785339,0.7329842931937173,4.18848167539267,8.69109947643979,0.41884816753926696,0.0,8.69109947643979,0.0,0.0,52.77486910994764,0.0,0.41884816753926696,1.1518324607329842,268.0628272251309,3.246073298429319,5.445026178010471,0.0,0.8376963350785339,3.3507853403141357,0.0,0.0,3.8743455497382198,6.701570680628271,0.0,2.1989528795811517,0.0,1.8848167539267013,0.10471204188481674,4.293193717277487,6.7120418848167525,0.0,0.41884816753926696,0.0,7.7486910994764395,1.0
CD_I298630,Kyle Langford,Essendon,Full-Forward,4.0,"https://s.afl.com.au/staticfile/AFL Tenant/AFL/Players/ChampIDImages/AFL/2026014/298630.png?im=Scale,width=0.6,height=0.6",0.6965217391304347,16.02,19,10.736579275905118,5.930087390761548,7.865168539325843,18.60174781523096,13.732833957553058,0.24968789013732834,0.5617977528089888,0.062421972534332085,2.309612983770287,2.6841448189762795,1.435705368289638,0.4993757802746567,2.746566791510612,1.0611735330836454,0.9987515605493134,6.554307116104869,11.548064918851436,0.686641697877653,0.7490636704119851,2.871410736579276,0.12484394506866417,0.24968789013732834,75.15605493133583,0.0,0.4993757802746567,4.7440699126092385,235.51810237203497,3.370786516853933,5.805243445692884,0.6242197253433208,0.12484394506866417,1.0611735330836454,0.4993757802746567,0.062421972534332085,4.681647940074907,7.0536828963795255,0.8739076154806492,4.556803995006242,0.0,1.373283395755306,1.1860174781523096,9.675405742821473,9.481897627965044,0.8739076154806492,1.0611735330836454,1.0611735330836454,2.309612983770287,1.0
CD_I1008541,Kysaiah Pickett,Melbourne,Half-Forward,36.0,"https://s.afl.com.au/staticfile/AFL Tenant/AFL/Players/ChampIDImages/AFL/2026014/1008541.png?im=Scale,width=0.6,height=0.6",0.8345833333333333,20.03,24,19.321018472291563,3.494757863205192,7.738392411382925,27.059410883674488,16.275586620069895,1.3979031452820767,1.0484273589615576,0.0,5.5416874687968045,1.8971542685971043,5.741387918122816,5.3419870194707935,5.991013479780329,1.747378931602596,1.4478282576135795,10.683974038941587,15.526709935097353,0.29955067398901647,0.7988017973040439,2.146779830254618,2.346480279580629,1.0484273589615576,112.9306040938592,2.7958062905641534,2.54618072890664,8.137793310034947,568.0978532201697,5.292061907139291,2.895656515227159,0.5491762356465302,0.0,0.0,0.04992511233150274,0.04992511233150274,9.28607089365951,10.833749375936096,1.1982026959560659,6.140788816774838,0.0,0.39940089865202194,0.5491762356465302,20.71892161757364,17.808287568647028,0.0,2.096854717923115,3.6445332001997004,0.3494757863205192,1.0
CD_I1009253,Lachie Ash,GWS GIANTS,Half-Back,7.0,"https://s.afl.com.au/staticfile/AFL Tenant/AFL/Players/ChampIDImages/AFL/2026014/1009253.png?im=Scale,width=0.6,height=0.6",0.8239130434782609,18.95,23,23.060686015831134,8.70712401055409,11.767810026385225,34.82849604221636,27.018469656992085,0.052770448548812667,0.10554089709762533,0.0,1.9525065963060686,7.9155672823219,4.432717678100264,1.266490765171504,4.116094986807388,0.7387862796833773,0.949868073878628,6.174142480211082,25.065963060686016,0.052770448548812667,0.158311345646438,1.8469656992084433,3.6939313984168867,0.474934036939314,124.96042216358839,0.2638522427440633,1.0026385224274408,6.807387862796834,753.9841688654354,6.490765171503958,5.646437994722955,0.10554089709762533,0.052770448548812667,0.6860158311345647,0.0,0.0,7.968337730870712,16.939313984168866,0.158311345646438,5.329815303430079,0.0,1.1609498680738786,1.0554089709762533,12.031662269129288,15.720316622691293,0.0,1.6886543535620053,0.158311345646438,1.3720316622691293,1.0
CD_I1002228,Lachie Fogarty,Carlton,Interchange,8.0,"https://s.afl.com.au/staticfile/AFL Tenant/AFL/Players/ChampIDImages/AFL/2026014/1002228.png?im=Scale,width=0.6,height=0.6",0.054799999999999995,1.3699999999999999,2,4.37956204379562,0.7299270072992702,10.218978102189782,14.598540145985403,10.218978102189782,0.0,0.7299270072992702,0.0,2.18978102189781,1.4598540145985404,0.0,0.7299270072992702,1.4598540145985404,0.7299270072992702,0.7299270072992702,8.029197080291972,8.029197080291972,0.0,0.0,2.18978102189781,0.0,0.7299270072992702,43.79562043795621,0.0,0.7299270072992702,3.649635036496351,166.42335766423358,1.4598540145985404,1.4598540145985404,1.4598540145985404,0.0,0.0,1.4598540145985404,0.0,2.18978102189781,1.4598540145985404,4.37956204379562,6.569343065693431,0.0,0.0,0.7299270072992702,10.948905109489052,6.131386861313869,0.0,2.18978102189781,0.7299270072992702,0.7299270072992702,1.0
CD_I1028493,Lachie Jaques,Western Bulldogs,Back-Pocket,11.0,"https://s.afl.com.au/staticfile/AFL Tenant/AFL/Players/ChampIDImages/AFL/2026014/1028493.png?im=Scale,width=0.6,height=0.6",0.3044,7.609999999999999,10,13.009198423127465,5.781865965834429,6.30749014454665,19.316688567674113,14.060446780551906,0.0,0.1314060446780552,0.0,2.7595269382391594,3.5479632063074904,2.4967148488830486,0.5256241787122208,2.4967148488830486,1.0512483574244416,0.657030223390276,4.073587385019711,14.323258869908017,0.1314060446780552,0.1314060446780552,1.8396846254927728,0.2628120893561104,0.3942181340341656,79.23784494086729,0.1314060446780552,0.3942181340341656,4.204993429697766,340.34165571616296,3.153745072273325,4.467805519053877,0.3942181340341656,0.0,0.2628120893561104,0.0,0.0,7.752956636005257,9.067017082785808,0.1314060446780552,2.7595269382391594,0.0,0.7884362680683312,0.3942181340341656,11.169513797634693,6.4520367936925105,0.0,1.0512483574244416,0.3942181340341656,1.1826544021024967,1.0
CD_I1011583,Lachie Jones,Port Adelaide,Half-Back,34.0,"https://s.afl.com.au/staticfile/AFL Tenant/AFL/Players/ChampIDImages/AFL/2026014/1011583.png?im=Scale,width=0.6,height=0.6",0.6991304347826087,16.080000000000002,20,9.825870646766168,4.415422885572139,5.845771144278606,15.671641791044774,12.499999999999998,0.12437810945273631,0.0,0.0,2.7985074626865667,4.2288557213930345,1.243781094527363,0.18656716417910446,2.176616915422885,1.181592039800995,0.4353233830845771,4.788557213930348,8.457711442786069,0.18656716417910446,0.062189054726368154,4.539800995024875,0.12437810945273631,0.24875621890547261,66.23134328358208,0.0,0.18656716417910446,2.36318407960199,316.4800995024875,3.3582089552238803,6.032338308457711,0.0,0.18656716417910446,1.4925373134328357,0.062189054726368154,0.0,8.146766169154228,7.960199004975124,0.062189054726368154,3.1716417910447756,0.0,1.1194029850746268,0.24875621890547261,9.701492537313431,8.345771144278606,0.0,1.1194029850746268,0.18656716417910446,3.4825870646766166,1.0
CD_I293535,Lachie Neale,Brisbane Lions,Rover,9.0,"https://s.afl.com.au/staticfile/AFL Tenant/AFL/Players/ChampIDImages/AFL/2026014/293535.png?im=Scale,width=0.6,height=0.6",0.82625,19.830000000000002,24,16.137165910237012,6.505295007564296,19.56631366616238,35.70347957639939,27.38275340393343,0.2521432173474533,0.453857791225416,0.0,3.1265758951084215,1.8658598083711546,5.042864346949067,8.42158345940494,2.6222894604135147,1.5632879475542107,0.35300050428643465,15.935451336359051,19.213313161875945,0.20171457387796266,0.35300050428643465,0.8068582955118506,0.605143721633888,1.059001512859304,122.03731719616741,4.387291981845688,4.034291477559253,8.219868885526978,399.8487140695915,3.8830055471507814,3.277861825516893,0.453857791225416,0.0,0.050428643469490664,0.0,0.0,8.371154815935451,11.296016137165909,1.1094301563287947,10.287443267776096,0.0,0.35300050428643465,0.7060010085728693,19.01159858799798,18.033282904689862,0.0,1.9162884518406453,0.9581442259203227,0.0,1.0
CD_I1000860,Lachie Schultz,Collingwood,Half-Forward,8.0,"https://s.afl.com.au/staticfile/AFL Tenant/AFL/Players/ChampIDImages/AFL/2026014/1000860.png?im=Scale,width=0.6,height=0.6",0.7195833333333332,17.27,22,9.727851766068326,5.269253039953677,8.280254777070065,18.00810654313839,12.970469021424435,1.3896931094383325,1.0422698320787493,0.0,5.848291835552982,0.5211349160393747,3.242617255356109,1.0422698320787493,2.779386218876665,1.7371163867979156,1.0422698320787493,6.71685002895194,11.17544875506659,0.5211349160393747,1.7371163867979156,1.0422698320787493,0.0,0.9843659525188188,92.93572669368848,0.23161551823972207,0.8106543138390272,7.411696583671106,280.5442964678634,3.4163288940359005,1.679212507237985,2.779386218876665,0.0,0.0,0.7527504342790967,0.17371163867979156,6.543138390272149,6.485234510712218,1.8529241459177765,4.111175448755067,0.0,0.17371163867979156,2.2582513028372904,24.78286045165026,11.551823972206138,0.0,1.1001737116386798,2.895193977996526,0.3474232773595831,1.0
CD_I298524,Lachie Weller,Gold Coast SUNS,Wing,14.0,"https://s.afl.com.au/staticfile/AFL Tenant/AFL/Players/ChampIDImages/AFL/2026014/298524.png?im=Scale,width=0.6,height=0.6",0.3291304347826087,7.57,11,11.228533685601056,4.227212681638044,9.775429326287979,21.003963011889034,16.380449141347423,0.6605019815059445,0.1321003963011889,0.0,2.906208718626156,1.9815059445178336,3.698811096433289,1.453104359313078,2.3778071334214004,0.6605019815059445,0.3963011889035667,6.208718626155878,14.39894319682959,0.2642007926023778,0.5284015852047556,1.5852047556142668,1.7173051519154556,0.9247027741083222,81.10964332892998,0.3963011889035667,1.056803170409511,5.416116248348745,469.22060766182295,3.698811096433289,4.623513870541611,0.3963011889035667,0.0,0.3963011889035667,0.0,0.0,6.8692206076618225,9.114927344782034,0.3963011889035667,5.019815059445178,0.0,0.5284015852047556,0.3963011889035667,13.474240422721268,14.372523117569353,0.0,1.056803170409511,0.9247027741083222,1.056803170409511,1.0
CD_I294305,Lachie Whitfield,GWS GIANTS,Centre Half-Back,6.0,"https://s.afl.com.au/staticfile/AFL Tenant/AFL/Players/ChampIDImages/AFL/2026014/294305.png?im=Scale,width=0.6,height=0.6",0.7182608695652174,16.52,21,22.397094430992738,7.506053268765133,13.317191283292978,35.714285714285715,29.782082324455207,0.06053268765133172,0.0,0.0,3.1476997578692494,5.932203389830509,3.208232445520581,0.9079903147699758,3.3898305084745766,0.7869249394673123,1.089588377723971,6.113801452784504,22.5181598062954,0.06053268765133172,0.06053268765133172,1.8765133171912833,0.24213075060532688,0.42372881355932207,126.81598062953995,0.06053268765133172,0.8474576271186441,6.174334140435835,581.6585956416465,4.782082324455206,5.62953995157385,0.06053268765133172,0.3026634382566586,0.5447941888619855,0.0,0.0,9.624697336561743,17.736077481840194,0.12106537530266344,4.842615012106537,0.0,0.6053268765133172,0.6053268765133172,15.254237288135593,13.964891041162227,0.0,1.8765133171912833,0.06053268765133172,0.9685230024213075,1.0
CD_I1028196,Lachlan Blakiston,Essendon,Ruck,46.0,"https://s.afl.com.au/staticfile/AFL Tenant/AFL/Players/ChampIDImages/AFL/2026014/1028196.png?im=Scale,width=0.6,height=0.6",0.6026086956521739,13.86,17,5.8441558441558445,2.6695526695526697,5.050505050505051,10.894660894660895,8.36940836940837,0.14430014430014432,0.07215007215007216,12.40981240981241,2.308802308802309,2.4531024531024532,1.1544011544011545,2.236652236652237,3.823953823953824,1.5151515151515151,2.4531024531024532,6.0606060606060606,5.411255411255412,0.21645021645021645,0.14430014430014432,3.823953823953824,0.07215007215007216,0.14430014430014432,52.38095238095238,0.7936507936507937,1.443001443001443,2.741702741702742,173.015873015873,2.6695526695526697,3.318903318903319,0.14430014430014432,0.21645021645021645,1.0822510822510822,0.07215007215007216,0.0,7.575757575757576,4.329004329004329,0.0,3.6796536796536796,3.2467532467532467,0.7215007215007215,0.14430014430014432,12.265512265512266,8.282828282828284,29.870129870129873,1.443001443001443,0.21645021645021645,3.0303030303030303,1.0
CD_I1000864,Lachlan Bramble,Western Bulldogs,Half-Back,29.0,"https://s.afl.com.au/staticfile/AFL Tenant/AFL/Players/ChampIDImages/AFL/2026014/1000864.png?im=Scale,width=0.6,height=0.6",0.8036,20.09,25,12.742658038825287,4.181184668989547,7.466401194624191,20.209059233449477,15.778994524639124,0.1991040318566451,0.1991040318566451,0.0,2.1403683424589346,2.9865604778496766,2.887008461921354,1.095072175211548,1.8417122946739672,0.5973120955699353,0.44798407167745147,4.778496764559482,12.742658038825287,0.1493280238924838,0.049776007964161276,1.1448481831757094,1.2444001991040319,0.6470881035340965,74.91289198606272,0.1991040318566451,0.8959681433549029,4.579392732702837,384.7187655550025,3.086112493777999,3.6834245893479345,0.049776007964161276,0.09955201592832255,0.1991040318566451,0.049776007964161276,0.0,10.004977600796416,9.606769537083126,0.049776007964161276,3.782976605276257,0.0,0.6470881035340965,0.1991040318566451,13.937282229965158,9.78098556495769,0.0,1.294176207068193,0.44798407167745147,0.49776007964161273,1.0
CD_I1033626,Lachlan Carmichael,Western Bulldogs,Back-Pocket,2.0,"https://s.afl.com.au/staticfile/AFL Tenant/AFL/Players/ChampIDImages/AFL/2026014/1033626.png?im=Scale,width=0.6,height=0.6",0.050800000000000005,1.27,2,7.874015748031496,4.724409448818897,0.7874015748031495,8.661417322834646,6.299212598425196,0.0,0.0,0.0,2.3622047244094486,0.7874015748031495,2.3622047244094486,0.0,3.149606299212598,0.0,0.7874015748031495,0.0,7.874015748031496,0.0,0.0,0.0,0.0,0.0,46.45669291338583,0.0,0.0,0.7874015748031495,177.16535433070865,2.3622047244094486,2.3622047244094486,0.0,0.0,0.7874015748031495,0.0,0.0,4.724409448818897,5.511811023622047,0.0,0.0,0.0,1.574803149606299,0.0,7.086614173228346,1.574803149606299,0.0,0.0,0.0,0.0,1.0
CD_I1021353,Lachlan Cowan,Carlton,Half-Back,2.0,"https://s.afl.com.au/staticfile/AFL Tenant/AFL/Players/ChampIDImages/AFL/2026014/1021353.png?im=Scale,width=0.6,height=0.6",0.7848,19.62,24,13.09887869520897,6.676860346585117,5.912334352701325,19.011213047910296,13.965341488277268,0.0,0.0,0.0,2.3955147808358817,4.5361875637105,2.038735983690112,0.764525993883792,2.7522935779816513,0.3567787971457696,0.764525993883792,4.689092762487258,14.01630988786952,0.6116207951070336,0.0,3.8226299694189603,0.3058103975535168,0.3058103975535168,78.79714576962283,0.2038735983690112,0.5606523955147809,2.803261977573904,366.1060142711519,4.077471967380224,5.963302752293577,0.0509683995922528,0.2038735983690112,0.764525993883792,0.0,0.0,8.409785932721713,9.123343527013251,0.0,3.4658511722731906,0.0,2.344546381243629,0.1529051987767584,11.722731906218144,8.516819571865442,0.0,1.019367991845056,0.0,3.109072375127421,1.0
CD_I1029304,Lachlan Gulbin,Gold Coast SUNS,Centre Half-Forward,39.0,"https://s.afl.com.au/staticfile/AFL Tenant/AFL/Players/ChampIDImages/AFL/2026014/1029304.png?im=Scale,width=0.6,height=0.6",0.35,8.05,11,7.577639751552795,3.602484472049689,7.204968944099378,14.782608695652172,9.937888198757763,0.6211180124223602,0.6211180124223602,0.0,3.229813664596273,0.7453416149068323,3.354037267080745,0.12422360248447203,2.981366459627329,0.9937888198757763,0.49689440993788814,4.968944099378882,10.062111801242235,0.12422360248447203,0.7453416149068323,1.4906832298136645,0.12422360248447203,0.49689440993788814,64.72049689440993,0.0,0.12422360248447203,5.341614906832298,269.1925465838509,3.354037267080745,2.2360248447204967,1.7391304347826086,0.0,0.0,0.7453416149068323,0.12422360248447203,5.217391304347825,3.975155279503105,1.1180124223602483,3.602484472049689,0.0,0.12422360248447203,0.49689440993788814,16.8944099378882,6.4472049689440984,0.0,0.7453416149068323,1.7391304347826086,0.8695652173913043,1.0
CD_I1021200,Lachlan McAndrew,Adelaide Crows,Ruck,42.0,"https://s.afl.com.au/staticfile/AFL Tenant/AFL/Players/ChampIDImages/AFL/2026014/1021200.png?im=Scale,width=0.6,height=0.6",0.6916666666666667,16.6,23,7.710843373493975,3.192771084337349,8.373493975903614,16.08433734939759,10.843373493975903,0.4216867469879518,0.18072289156626503,44.4578313253012,6.385542168674698,1.2048192771084336,3.012048192771084,6.144578313253011,4.156626506024096,2.108433734939759,2.4096385542168672,11.14457831325301,5.421686746987952,1.1445783132530118,0.3012048192771084,3.7349397590361444,0.0,0.5421686746987951,117.04819277108433,3.1325301204819276,3.012048192771084,5.843373493975903,207.95180722891564,3.192771084337349,2.4096385542168672,1.0843373493975903,0.12048192771084336,0.6626506024096385,1.1445783132530118,0.3012048192771084,8.975903614457831,4.27710843373494,0.6626506024096385,5.7228915662650595,11.385542168674698,1.1445783132530118,0.18072289156626503,19.518072289156624,16.379518072289155,99.93975903614457,3.9156626506024095,0.7228915662650601,2.3493975903614457,1.0
CD_I1009015,Lachlan McNeil,Western Bulldogs,"Centre Half-Forward, Half-Back, Half-Forward, Half-Forward, Wing",30.0,"https://s.afl.com.au/staticfile/AFL Tenant/AFL/Players/ChampIDImages/AFL/2026014/1009015.png?im=Scale,width=0.6,height=0.6",0.2876,7.19,11,5.84144645340751,2.920723226703755,9.318497913769123,15.159944367176633,10.987482614742698,0.6954102920723226,0.13908205841446453,0.0,4.033379694019471,0.5563282336578581,1.6689847009735743,0.5563282336578581,2.086230876216968,1.3908205841446453,0.4172461752433936,7.510431154381084,8.205841446453407,0.13908205841446453,0.4172461752433936,1.1126564673157162,0.13908205841446453,0.27816411682892905,65.5076495132128,0.13908205841446453,0.4172461752433936,4.728789986091794,178.58136300417246,2.7816411682892905,3.0598052851182196,1.1126564673157162,0.13908205841446453,0.13908205841446453,0.6954102920723226,0.13908205841446453,5.84144645340751,3.477051460361613,1.6689847009735743,5.84144645340751,0.0,0.13908205841446453,0.27816411682892905,15.299026425591098,10.083449235048677,0.0,1.1126564673157162,1.1126564673157162,0.6954102920723226,1.0
CD_I1027702,Lachlan Smith,Western Bulldogs,Centre Half-Back,40.0,"https://s.afl.com.au/staticfile/AFL Tenant/AFL/Players/ChampIDImages/AFL/2026014/1027702.png?im=Scale,width=0.6,height=0.6",0.046799999999999994,1.17,2,4.273504273504273,1.7094017094017095,9.401709401709402,13.675213675213676,10.256410256410257,0.0,0.0,20.512820512820515,6.837606837606838,0.8547008547008548,1.7094017094017095,4.273504273504273,3.418803418803419,2.5641025641025643,1.7094017094017095,11.111111111111112,5.128205128205129,0.0,0.0,2.5641025641025643,0.0,0.0,82.05128205128206,2.5641025641025643,1.7094017094017095,3.418803418803419,108.54700854700856,1.7094017094017095,2.5641025641025643,0.8547008547008548,0.0,0.0,0.8547008547008548,0.0,7.6923076923076925,2.5641025641025643,0.8547008547008548,5.982905982905983,4.273504273504273,0.8547008547008548,0.8547008547008548,17.94871794871795,10.085470085470087,78.63247863247864,1.7094017094017095,0.8547008547008548,1.7094017094017095,1.0
CD_I998480,Lachlan Sullivan,Collingwood,Centre Half-Forward,33.0,"https://s.afl.com.au/staticfile/AFL Tenant/AFL/Players/ChampIDImages/AFL/2026014/998480.png?im=Scale,width=0.6,height=0.6",0.059583333333333335,1.4300000000000002,2,6.293706293706293,1.3986013986013985,10.489510489510488,16.78321678321678,11.188811188811188,1.3986013986013985,0.6993006993006993,0.0,2.797202797202797,0.6993006993006993,4.895104895104895,0.0,2.0979020979020975,0.0,0.0,3.4965034965034962,13.286713286713285,0.0,0.0,0.6993006993006993,0.0,1.3986013986013985,64.33566433566433,0.0,0.0,8.39160839160839,209.79020979020976,1.3986013986013985,2.797202797202797,1.3986013986013985,0.0,0.0,0.0,0.0,5.594405594405594,4.195804195804195,2.0979020979020975,3.4965034965034962,0.0,0.6993006993006993,0.0,16.083916083916083,10.979020979020977,0.0,2.0979020979020975,2.0979020979020975,0.6993006993006993,1.0
CD_I1033060,Lachy Dovaston,North Melbourne,Interchange,1.0,"https://s.afl.com.au/staticfile/AFL Tenant/AFL/Players/ChampIDImages/AFL/2026014/1033060.png?im=Scale,width=0.6,height=0.6",0.15434782608695652,3.55,6,8.169014084507042,4.225352112676057,5.633802816901409,13.802816901408452,9.577464788732394,0.8450704225352114,1.1267605633802817,0.0,2.8169014084507045,0.0,3.3802816901408455,1.4084507042253522,2.8169014084507045,1.1267605633802817,0.5633802816901409,5.915492957746479,7.605633802816902,0.0,1.4084507042253522,0.5633802816901409,1.1267605633802817,0.8450704225352114,65.35211267605634,0.0,1.4084507042253522,5.915492957746479,204.50704225352115,1.6901408450704227,1.4084507042253522,1.1267605633802817,0.0,0.0,0.28169014084507044,0.0,5.915492957746479,5.352112676056338,1.971830985915493,4.507042253521127,0.0,0.0,1.1267605633802817,18.87323943661972,4.169014084507042,0.0,1.1267605633802817,2.2535211267605635,0.28169014084507044,1.0
CD_I1005000,Laitham Vandermeer,Western Bulldogs,Half-Forward,23.0,"https://s.afl.com.au/staticfile/AFL Tenant/AFL/Players/ChampIDImages/AFL/2026014/1005000.png?im=Scale,width=0.6,height=0.6",0.044,1.1,2,10.909090909090908,4.545454545454545,10.909090909090908,21.818181818181817,14.545454545454545,0.9090909090909091,1.8181818181818181,0.0,0.9090909090909091,0.0,5.454545454545454,0.9090909090909091,4.545454545454545,1.8181818181818181,1.8181818181818181,6.363636363636363,16.363636363636363,0.0,0.0,1.8181818181818181,0.0,0.0,75.45454545454545,0.9090909090909091,0.0,8.181818181818182,327.27272727272725,3.6363636363636362,0.0,0.9090909090909091,0.0,0.0,0.0,0.0,5.454545454545454,4.545454545454545,0.9090909090909091,3.6363636363636362,0.0,0.0,0.0,10.909090909090908,1.0909090909090902,0.0,0.0,2.727272727272727,0.9090909090909091,1.0
CD_I1022677,Latrelle Pickett,Melbourne,Forward Pocket,33.0,"https://s.afl.com.au/staticfile/AFL Tenant/AFL/Players/ChampIDImages/AFL/2026014/1022677.png?im=Scale,width=0.6,height=0.6",0.44125000000000003,10.59,16,7.743153918791313,2.54957507082153,5.476864966949953,13.220018885741265,8.120868744098207,0.9442870632672332,0.8498583569405099,0.0,1.6052880075542966,0.56657223796034,3.777148253068933,1.5108593012275733,4.060434372049103,0.7554296506137866,1.6052880075542966,5.476864966949953,8.687440982058545,0.09442870632672333,0.4721435316336166,1.2275731822474032,3.4938621340887632,0.7554296506137866,50.70821529745042,0.4721435316336166,1.0387157695939566,5.193578847969783,263.36166194523133,3.3994334277620397,1.8885741265344664,0.56657223796034,0.0,0.0,0.09442870632672333,0.0,4.627006610009443,3.777148253068933,0.8498583569405099,3.68271954674221,0.0,0.28328611898017,0.56657223796034,15.486307837582626,8.271954674220963,0.0,0.9442870632672332,2.4551463644948064,0.28328611898017,1.0
CD_I1013464,Lawson Humphries,Geelong Cats,Half-Back,17.0,"https://s.afl.com.au/staticfile/AFL Tenant/AFL/Players/ChampIDImages/AFL/2026014/1013464.png?im=Scale,width=0.6,height=0.6",0.7745833333333334,18.59,23,17.75147928994083,6.885422270037655,7.261968800430339,25.013448090371167,19.419042495965574,0.2689618074233459,0.16137708445400753,0.0,2.63582571274879,4.948897256589564,2.420656266810113,1.0220548682087143,2.743410435718128,0.7530930607853685,0.4841312533620226,5.6481979558902635,16.460462614308767,0.2151694459386767,0.05379236148466918,3.1199569661108124,0.6455083378160301,0.10758472296933835,100.05379236148467,0.2151694459386767,0.8068854222700377,5.21785906401291,522.6465841850458,4.410973641742872,6.239913932221625,0.10758472296933835,0.05379236148466918,0.4303388918773534,0.0,0.0,8.445400753093061,13.448090371167295,0.2151694459386767,4.518558364712211,0.0,1.2910166756320602,0.37654653039268426,13.125336202259279,12.974717590102205,0.0,2.097902097902098,0.5379236148466918,2.63582571274879,1.0
CD_I1008691,Leek Aleer,GWS GIANTS,Ruck,21.0,"https://s.afl.com.au/staticfile/AFL Tenant/AFL/Players/ChampIDImages/AFL/2026014/1008691.png?im=Scale,width=0.6,height=0.6",0.1791304347826087,4.12,7,6.553398058252427,3.1553398058252426,8.252427184466018,14.805825242718447,9.951456310679612,0.4854368932038835,1.4563106796116505,14.563106796116504,7.524271844660194,0.7281553398058253,2.6699029126213594,2.4271844660194173,2.912621359223301,1.2135922330097086,1.6990291262135921,9.951456310679612,4.854368932038835,0.970873786407767,0.24271844660194175,4.126213592233009,0.0,0.24271844660194175,90.7766990291262,0.970873786407767,1.4563106796116505,6.553398058252427,222.0873786407767,2.6699029126213594,3.883495145631068,1.2135922330097086,0.0,0.4854368932038835,0.4854368932038835,0.0,10.436893203883495,2.6699029126213594,0.7281553398058253,6.067961165048543,4.126213592233009,0.4854368932038835,0.4854368932038835,21.11650485436893,12.985436893203882,52.66990291262136,2.4271844660194173,1.941747572815534,3.1553398058252426,1.0
CD_I1029301,Leonardo Lombard,Gold Coast SUNS,Forward Pocket,8.0,"https://s.afl.com.au/staticfile/AFL Tenant/AFL/Players/ChampIDImages/AFL/2026014/1029301.png?im=Scale,width=0.6,height=0.6",0.8043478260869565,18.5,23,8.54054054054054,3.189189189189189,10.0,18.54054054054054,12.54054054054054,0.972972972972973,1.0810810810810811,0.0,3.189189189189189,0.4864864864864865,3.675675675675676,1.1891891891891893,3.4594594594594597,0.4864864864864865,1.1891891891891893,6.864864864864865,11.783783783783784,0.05405405405405406,0.6486486486486487,0.7027027027027027,1.2432432432432432,1.027027027027027,71.78378378378379,0.16216216216216217,1.027027027027027,6.378378378378378,282.7027027027027,4.108108108108108,1.7297297297297298,1.2972972972972974,0.0,0.0,0.5405405405405406,0.05405405405405406,6.108108108108108,4.756756756756757,2.4864864864864864,5.945945945945946,0.0,0.0,0.43243243243243246,20.486486486486488,11.12972972972973,0.0,0.7027027027027027,2.7027027027027026,0.32432432432432434,1.0
CD_I1028560,Levi Ashcroft,Brisbane Lions,Half-Forward,10.0,"https://s.afl.com.au/staticfile/AFL Tenant/AFL/Players/ChampIDImages/AFL/2026014/1028560.png?im=Scale,width=0.6,height=0.6",0.7775,18.66,24,15.219721329046088,7.127545551982851,10.235798499464094,25.45551982851018,19.024651661307608,0.6430868167202572,0.7502679528403001,0.0,1.8220793140407288,1.982851018220793,2.8938906752411575,2.197213290460879,2.4115755627009645,1.0182207931404073,0.37513397642015006,7.07395498392283,17.84565916398714,0.1607717041800643,0.4287245444801715,1.0718113612004287,0.6430868167202572,0.5894962486602358,99.30332261521973,0.6430868167202572,1.5541264737406217,6.698821007502679,332.9046087888532,3.215434083601286,3.215434083601286,0.21436227224008575,0.10718113612004287,0.1607717041800643,0.10718113612004287,0.05359056806002144,6.430868167202572,10.021436227224008,1.1254019292604502,5.680600214362272,0.0,0.21436227224008575,1.0718113612004287,14.95176848874598,10.85209003215434,0.0,1.6613076098606645,1.5541264737406217,0.37513397642015006,1.0
CD_I996743,Lewis Melican,Sydney Swans,"Back-Pocket, Back-Pocket",43.0,"https://s.afl.com.au/staticfile/AFL Tenant/AFL/Players/ChampIDImages/AFL/2026014/996743.png?im=Scale,width=0.6,height=0.6",0.3358333333333334,8.06,10,7.940446650124069,4.714640198511166,6.203473945409429,14.143920595533498,11.29032258064516,0.0,0.12406947890818858,0.0,1.7369727047146402,2.2332506203473943,1.8610421836228286,0.0,1.6129032258064515,0.6203473945409429,0.3722084367245657,5.459057071960298,7.444168734491314,0.8684863523573201,0.0,5.9553349875930515,0.0,0.24813895781637715,56.94789081885856,0.0,0.0,2.9776674937965257,219.10669975186102,1.9851116625310172,7.071960297766749,0.0,0.4962779156327543,1.4888337468982629,0.12406947890818858,0.12406947890818858,6.079404466501241,6.575682382133994,0.0,3.846153846153846,0.0,1.8610421836228286,0.12406947890818858,7.940446650124069,11.3151364764268,0.0,1.3647642679900744,0.12406947890818858,5.2109181141439205,1.0
CD_I997316,Lewis Young,Carlton,Back-Pocket,33.0,"https://s.afl.com.au/staticfile/AFL Tenant/AFL/Players/ChampIDImages/AFL/2026014/997316.png?im=Scale,width=0.6,height=0.6",0.426,10.65,14,6.478873239436619,4.413145539906103,7.136150234741784,13.615023474178404,9.577464788732394,0.18779342723004694,0.5633802816901409,3.568075117370892,1.784037558685446,2.0657276995305165,1.1267605633802817,1.220657276995305,3.004694835680751,0.5633802816901409,1.408450704225352,5.915492957746479,7.511737089201878,0.9389671361502347,0.8450704225352113,7.230046948356807,0.0,0.18779342723004694,55.68075117370892,0.4694835680751174,0.7511737089201878,3.380281690140845,143.84976525821597,2.44131455399061,5.539906103286385,0.4694835680751174,0.3755868544600939,2.44131455399061,0.18779342723004694,0.09389671361502347,4.788732394366197,3.755868544600939,0.18779342723004694,3.4741784037558685,1.5023474178403755,1.408450704225352,0.28169014084507044,7.136150234741784,7.230046948356807,13.52112676056338,1.3145539906103285,0.9389671361502347,6.291079812206573,1.0
CD_I1000223,Liam Baker,West Coast Eagles,Half-Back,3.0,"https://s.afl.com.au/staticfile/AFL Tenant/AFL/Players/ChampIDImages/AFL/2026014/1000223.png?im=Scale,width=0.6,height=0.6",0.7043478260869566,16.2,20,10.987654320987655,3.8271604938271606,9.876543209876544,20.8641975308642,15.4320987654321,0.4938271604938272,0.1851851851851852,0.0,2.4074074074074074,2.7160493827160495,3.3333333333333335,1.3580246913580247,4.197530864197531,1.5432098765432098,2.037037037037037,7.839506172839506,13.209876543209877,0.1851851851851852,0.3703703703703704,2.037037037037037,0.308641975308642,0.4938271604938272,72.4074074074074,0.0617283950617284,1.2962962962962963,3.888888888888889,313.2716049382716,3.9506172839506175,5.555555555555555,0.3703703703703704,0.1851851851851852,0.2469135802469136,0.2469135802469136,0.0,7.592592592592593,7.037037037037037,0.4938271604938272,6.172839506172839,0.0,0.617283950617284,0.308641975308642,14.382716049382717,10.5679012345679,0.0,0.9876543209876544,0.8024691358024691,1.0493827160493827,1.0
CD_I298268,Liam Duggan,West Coast Eagles,Back-Pocket,14.0,"https://s.afl.com.au/staticfile/AFL Tenant/AFL/Players/ChampIDImages/AFL/2026014/298268.png?im=Scale,width=0.6,height=0.6",0.7630434782608696,17.55,22,16.467236467236468,7.521367521367521,6.381766381766382,22.849002849002847,17.037037037037038,0.05698005698005698,0.3418803418803419,0.0,2.507122507122507,4.729344729344729,3.0769230769230766,0.5128205128205128,2.621082621082621,0.6837606837606838,0.6267806267806267,4.501424501424501,17.264957264957264,0.17094017094017094,0.17094017094017094,3.4188034188034186,0.6837606837606838,0.39886039886039887,94.24501424501425,0.0,0.5128205128205128,4.045584045584046,479.7150997150997,5.299145299145299,5.185185185185185,0.05698005698005698,0.17094017094017094,0.5128205128205128,0.05698005698005698,0.0,7.578347578347578,11.396011396011396,0.3418803418803419,3.4757834757834756,0.0,1.3105413105413104,0.3418803418803419,11.908831908831909,8.905982905982906,0.0,1.0256410256410255,0.45584045584045585,2.792022792022792,1.0
CD_I1022383,Liam Fawcett,Richmond,"Forward Pocket, Forward Pocket",43.0,"https://s.afl.com.au/staticfile/AFL Tenant/AFL/Players/ChampIDImages/AFL/2026014/1022383.png?im=Scale,width=0.6,height=0.6",0.23956521739130435,5.51,7,5.2631578947368425,3.266787658802178,1.633393829401089,6.8965517241379315,4.718693284936479,1.9963702359346642,0.544464609800363,0.0,1.088929219600726,0.0,1.633393829401089,0.0,2.3593466424682394,1.088929219600726,0.544464609800363,2.9038112522686026,4.355716878402904,0.544464609800363,1.9963702359346642,1.2704174228675136,0.0,0.3629764065335753,45.19056261343013,0.0,0.0,3.6297640653357535,130.6715063520871,2.722323049001815,0.9074410163339384,0.7259528130671506,0.0,0.0,3.6297640653357535,0.18148820326678766,1.9963702359346642,3.6297640653357535,0.9074410163339384,1.088929219600726,0.0,0.18148820326678766,1.633393829401089,7.985480943738657,6.025408348457351,1.8148820326678767,0.7259528130671506,3.4482758620689657,1.088929219600726,1.0
CD_I1005988,Liam Henry,St Kilda,Interchange,23.0,"https://s.afl.com.au/staticfile/AFL Tenant/AFL/Players/ChampIDImages/AFL/2026014/1005988.png?im=Scale,width=0.6,height=0.6",0.21521739130434783,4.95,8,9.696969696969697,4.646464646464646,6.8686868686868685,16.565656565656564,10.303030303030303,1.4141414141414141,1.0101010101010102,0.0,3.2323232323232323,0.40404040404040403,2.8282828282828283,0.40404040404040403,3.6363636363636362,0.6060606060606061,0.40404040404040403,4.242424242424242,11.717171717171716,0.0,2.0202020202020203,0.6060606060606061,0.20202020202020202,0.6060606060606061,78.58585858585859,0.0,0.40404040404040403,6.4646464646464645,202.62626262626262,3.0303030303030303,3.0303030303030303,0.8080808080808081,0.0,0.0,0.40404040404040403,0.0,2.8282828282828283,4.646464646464646,1.4141414141414141,3.4343434343434343,0.0,1.0101010101010102,0.20202020202020202,11.919191919191919,6.646464646464646,0.0,1.8181818181818181,4.040404040404041,0.40404040404040403,1.0
CD_I1035198,Liam O'Connell,St Kilda,Wing,45.0,"https://s.afl.com.au/staticfile/AFL Tenant/AFL/Players/ChampIDImages/AFL/2026014/1035198.png?im=Scale,width=0.6,height=0.6",0.44869565217391305,10.32,13,7.073643410852713,4.069767441860465,6.395348837209302,13.468992248062015,11.143410852713178,0.0,0.19379844961240308,0.0,3.875968992248062,1.937984496124031,0.4844961240310077,0.6782945736434108,1.744186046511628,0.5813953488372093,0.5813953488372093,4.844961240310077,8.527131782945736,0.19379844961240308,0.19379844961240308,1.8410852713178294,0.09689922480620154,0.0,60.75581395348837,0.19379844961240308,0.4844961240310077,2.4224806201550386,125.7751937984496,1.065891472868217,4.166666666666667,0.29069767441860467,0.29069767441860467,0.6782945736434108,0.09689922480620154,0.0,8.527131782945736,5.426356589147287,0.29069767441860467,3.875968992248062,0.0,0.872093023255814,0.19379844961240308,12.306201550387597,5.775193798449612,0.0,0.7751937984496123,0.4844961240310077,1.6472868217054264,1.0
CD_I1017745,Liam Puncher,Collingwood,Full-Back,47.0,"https://s.afl.com.au/staticfile/AFL Tenant/AFL/Players/ChampIDImages/AFL/2026014/1017745.png?im=Scale,width=0.6,height=0.6",0.27208333333333334,6.529999999999999,8,3.981623277182236,3.522205206738132,3.2159264931087295,7.197549770290966,6.278713629402757,0.0,0.0,0.0,1.3782542113323126,1.6845329249617154,0.1531393568147014,0.1531393568147014,1.5313935681470139,0.1531393568147014,0.7656967840735069,2.1439509954058193,4.747320061255743,0.45941807044410415,0.0,5.206738131699847,0.0,0.0,32.31240428790199,0.0,0.1531393568147014,0.9188361408882083,98.3154670750383,0.9188361408882083,3.522205206738132,0.0,1.3782542113323126,3.3690658499234307,0.0,0.0,7.503828483920368,3.522205206738132,0.0,1.5313935681470139,0.0,1.6845329249617154,0.0,8.88208269525268,4.548238897396631,0.0,0.1531393568147014,0.0,4.747320061255743,1.0
CD_I1023346,Liam Reidy,Carlton,Ruck,25.0,"https://s.afl.com.au/staticfile/AFL Tenant/AFL/Players/ChampIDImages/AFL/2026014/1023346.png?im=Scale,width=0.6,height=0.6",0.10840000000000001,2.71,4,7.380073800738008,1.1070110701107012,8.118081180811808,15.498154981549815,10.33210332103321,0.0,0.36900369003690037,23.985239852398525,5.166051660516605,0.7380073800738007,2.952029520295203,4.059040590405904,4.059040590405904,2.2140221402214024,2.952029520295203,9.22509225092251,5.535055350553505,0.36900369003690037,0.36900369003690037,2.2140221402214024,0.0,0.36900369003690037,80.07380073800738,2.952029520295203,1.1070110701107012,4.797047970479705,200.7380073800738,4.059040590405904,1.4760147601476015,1.4760147601476015,0.36900369003690037,0.36900369003690037,2.2140221402214024,0.7380073800738007,8.118081180811808,3.321033210332103,1.4760147601476015,5.535055350553505,8.85608856088561,0.36900369003690037,0.0,18.81918819188192,13.542435424354245,73.80073800738008,2.5830258302583027,0.7380073800738007,2.2140221402214024,1.0
CD_I1004364,Liam Ryan,St Kilda,Centre Half-Forward,31.0,"https://s.afl.com.au/staticfile/AFL Tenant/AFL/Players/ChampIDImages/AFL/2026014/1004364.png?im=Scale,width=0.6,height=0.6",0.5556521739130434,12.78,17,7.902973395931143,3.051643192488263,2.4256651017214397,10.328638497652582,6.885758998435055,2.5821596244131455,1.564945226917058,0.0,1.3302034428794993,0.0,1.9561815336463224,0.3129890453834116,2.347417840375587,1.2519561815336464,0.9389671361502347,4.538341158059469,6.103286384976526,0.5477308294209703,1.8779342723004695,0.8607198748043818,0.4694835680751174,0.8607198748043818,58.52895148669797,0.0,0.3129890453834116,6.651017214397497,209.78090766823163,1.8779342723004695,0.9389671361502347,0.5477308294209703,0.0,0.0,1.2519561815336464,0.3912363067292645,1.1737089201877935,4.694835680751174,1.564945226917058,2.7386541471048513,0.0,0.0782472613458529,1.1737089201877935,11.032863849765258,9.68701095461659,0.0,0.7042253521126761,4.381846635367762,0.6259780907668232,1.0
CD_I1008312,Liam Stocker,St Kilda,Half-Back,14.0,"https://s.afl.com.au/staticfile/AFL Tenant/AFL/Players/ChampIDImages/AFL/2026014/1008312.png?im=Scale,width=0.6,height=0.6",0.5856521739130435,13.469999999999999,18,11.432813659985154,6.01336302895323,7.720861172976987,19.15367483296214,15.219005196733484,0.0,0.0,0.0,2.078693392724573,3.78619153674833,1.2620638455827766,0.5196733481811433,2.5983667409057167,0.8166295471417967,1.2620638455827766,5.1967334818114335,11.952487008166296,0.37119524870081666,0.0,3.4149962880475133,0.07423904974016333,0.0,73.12546399406088,0.0,0.5196733481811433,2.6726057906458798,296.36228656273204,2.89532293986637,6.533036377134374,0.07423904974016333,0.14847809948032667,0.7423904974016333,0.0,0.0,8.166295471417966,9.205642167780253,0.0,3.8604305864884934,0.0,1.78173719376392,0.07423904974016333,10.24498886414254,7.149220489977728,0.0,1.11358574610245,0.0,2.3014105419450632,1.0
CD_I293581,Lincoln McCarthy,Brisbane Lions,"Forward Pocket, Forward Pocket, Half-Forward",11.0,"https://s.afl.com.au/staticfile/AFL Tenant/AFL/Players/ChampIDImages/AFL/2026014/293581.png?im=Scale,width=0.6,height=0.6",0.25375,6.09,8,12.807881773399014,6.239737274220033,4.269293924466338,17.077175697865353,11.330049261083744,0.9852216748768473,0.49261083743842365,0.0,2.2988505747126435,1.3136288998357963,2.955665024630542,0.9852216748768473,4.597701149425287,0.8210180623973727,1.6420361247947455,5.911330049261084,10.673234811165846,0.6568144499178982,0.8210180623973727,0.6568144499178982,0.0,0.8210180623973727,77.17569786535304,0.16420361247947454,0.8210180623973727,5.0903119868637114,299.17898193760266,5.582922824302135,3.4482758620689657,0.49261083743842365,0.16420361247947454,0.49261083743842365,0.16420361247947454,0.0,6.075533661740558,8.374384236453203,1.477832512315271,4.433497536945813,0.0,0.49261083743842365,0.6568144499178982,12.97208538587849,8.029556650246306,0.0,0.8210180623973727,1.6420361247947455,0.49261083743842365,1.0
CD_I1000980,Lloyd Meek,Hawthorn,Ruck,17.0,"https://s.afl.com.au/staticfile/AFL Tenant/AFL/Players/ChampIDImages/AFL/2026014/1000980.png?im=Scale,width=0.6,height=0.6",0.6295833333333333,15.11,24,7.8755790866975515,3.309066843150232,10.85373924553276,18.72931833223031,12.70681667769689,0.26472534745201853,0.19854401058901391,40.70152217074785,5.42686962276638,1.5221707478491067,2.5810721376571806,5.691594970218398,4.367968232958306,2.051621442753144,2.051621442753144,11.449371277299802,7.147584381204501,0.727994705493051,0.39708802117802783,3.441429516876241,0.0,0.5294506949040371,115.35407015221708,2.183984116479153,3.5076108537392456,6.154864328259431,182.6604897418928,3.1767041694242226,3.1767041694242226,0.9265387160820648,0.26472534745201853,0.5294506949040371,0.6618133686300464,0.26472534745201853,7.346128391793514,4.367968232958306,0.7941760423560557,5.095962938451357,11.515552614162807,1.257445400397088,0.3309066843150232,16.545334215751158,15.373924553275977,84.3150231634679,4.367968232958306,0.7941760423560557,2.5810721376571806,1.0
CD_I1019938,Logan Evans,Port Adelaide,Half-Back,22.0,"https://s.afl.com.au/staticfile/AFL Tenant/AFL/Players/ChampIDImages/AFL/2026014/1019938.png?im=Scale,width=0.6,height=0.6",0.707391304347826,16.27,19,15.181315304240934,6.576521204671174,5.224339274738783,20.405654578979718,16.4720344191764,0.12292562999385372,0.0,0.0,2.4585125998770745,4.855562384757222,1.290719114935464,0.430239704978488,3.1346035648432697,0.7990165949600492,1.2292562999385372,4.1180086047941,13.70620774431469,0.430239704978488,0.06146281499692686,3.6877688998156115,0.7375537799631223,0.06146281499692686,83.40503995082975,0.0,0.430239704978488,3.380454824830977,384.32698217578366,4.1180086047941,5.162876459741856,0.18438844499078058,0.430239704978488,1.352181929932391,0.0,0.0,7.682851874615857,12.046711739397665,0.0,2.765826674861709,0.0,1.4751075599262446,0.12292562999385372,10.510141364474492,7.68899815611555,0.0,1.2292562999385372,0.24585125998770743,3.1960663798401967,1.0
CD_I1013230,Logan McDonald,Sydney Swans,"Centre Half-Forward, Forward Pocket",6.0,"https://s.afl.com.au/staticfile/AFL Tenant/AFL/Players/ChampIDImages/AFL/2026014/1013230.png?im=Scale,width=0.6,height=0.6",0.705,16.919999999999998,22,8.510638297872342,5.319148936170214,5.496453900709221,14.007092198581562,10.933806146572104,2.8368794326241136,1.0047281323877069,1.1229314420803784,1.6548463356973997,0.47281323877068565,1.8321513002364067,0.3546099290780142,1.8321513002364067,0.8865248226950355,0.7683215130023642,5.614657210401892,8.39243498817967,1.3002364066193854,2.777777777777778,1.5366430260047284,0.0,0.8865248226950355,76.83215130023642,0.0,0.3546099290780142,7.033096926713949,228.6052009456265,2.186761229314421,1.9503546099290783,0.7683215130023642,0.0,0.1773049645390071,2.245862884160757,0.591016548463357,2.0094562647754137,6.028368794326242,1.595744680851064,2.9550827423167854,0.1773049645390071,0.591016548463357,1.3593380614657211,9.278959810874705,13.114657210401893,4.728132387706856,0.7092198581560284,4.255319148936171,0.7683215130023642,1.0
CD_I1028019,Logan Morris,Brisbane Lions,Centre Half-Forward,13.0,"https://s.afl.com.au/staticfile/AFL Tenant/AFL/Players/ChampIDImages/AFL/2026014/1028019.png?im=Scale,width=0.6,height=0.6",0.7433333333333334,17.84,23,11.771300448430493,6.390134529147982,3.531390134529148,15.302690582959642,9.13677130044843,3.6434977578475336,2.4663677130044843,0.05605381165919283,2.1300448430493275,0.0,2.6345291479820627,0.2242152466367713,2.7466367713004485,1.6255605381165918,0.5044843049327354,5.941704035874439,8.856502242152466,1.289237668161435,4.091928251121076,1.0089686098654709,0.0,1.0089686098654709,94.5627802690583,0.05605381165919283,0.1681614349775785,9.304932735426009,294.5067264573991,2.8587443946188342,0.8408071748878924,1.6255605381165918,0.0,0.0,2.6345291479820627,0.8408071748878924,1.0650224215246638,6.502242152466367,2.242152466367713,3.1390134529147984,0.0,0.0,2.802690582959641,9.697309417040358,12.640134529147982,0.1681614349775785,0.7286995515695067,7.2309417040358746,0.8408071748878924,1.0
CD_I1033076,Louis Emmett,Western Bulldogs,"Forward Pocket, Ruck",25.0,"https://s.afl.com.au/staticfile/AFL Tenant/AFL/Players/ChampIDImages/AFL/2026014/1033076.png?im=Scale,width=0.6,height=0.6",0.148,3.7,7,4.0540540540540535,2.4324324324324325,6.216216216216216,10.27027027027027,5.945945945945946,0.0,0.5405405405405405,8.108108108108107,4.0540540540540535,0.27027027027027023,1.8918918918918919,2.4324324324324325,2.972972972972973,1.3513513513513513,1.3513513513513513,5.405405405405405,5.405405405405405,0.0,0.8108108108108107,3.243243243243243,0.0,0.0,54.05405405405405,1.8918918918918919,0.5405405405405405,2.7027027027027026,104.05405405405405,2.7027027027027026,0.8108108108108107,0.27027027027027023,0.0,0.0,0.27027027027027023,0.0,11.08108108108108,1.6216216216216215,0.5405405405405405,3.243243243243243,1.6216216216216215,0.0,0.5405405405405405,21.62162162162162,1.8378378378378377,41.62162162162162,1.3513513513513513,0.8108108108108107,2.162162162162162,1.0
CD_I1015301,Lukas Cooke,Melbourne,"Back-Pocket, Half-Back",46.0,"https://s.afl.com.au/staticfile/AFL Tenant/AFL/Players/ChampIDImages/AFL/2026014/1015301.png?im=Scale,width=0.6,height=0.6",0.03958333333333333,0.95,2,9.473684210526317,8.421052631578947,7.36842105263158,16.842105263157894,13.68421052631579,0.0,1.0526315789473684,0.0,2.1052631578947367,5.2631578947368425,1.0526315789473684,0.0,3.1578947368421053,1.0526315789473684,1.0526315789473684,7.36842105263158,10.526315789473685,2.1052631578947367,1.0526315789473684,4.2105263157894735,0.0,0.0,75.78947368421053,0.0,0.0,4.2105263157894735,289.47368421052636,3.1578947368421053,9.473684210526317,0.0,1.0526315789473684,4.2105263157894735,0.0,0.0,4.2105263157894735,7.36842105263158,0.0,4.2105263157894735,0.0,5.2631578947368425,0.0,4.2105263157894735,5.7894736842105265,0.0,1.0526315789473684,1.0526315789473684,4.2105263157894735,1.0
CD_I1015929,Luke Cleary,Western Bulldogs,Interchange,36.0,"https://s.afl.com.au/staticfile/AFL Tenant/AFL/Players/ChampIDImages/AFL/2026014/1015929.png?im=Scale,width=0.6,height=0.6",0.041199999999999994,1.0299999999999998,2,8.737864077669904,2.9126213592233015,4.8543689320388355,13.59223300970874,10.67961165048544,0.0,0.0,0.0,0.9708737864077672,1.9417475728155345,2.9126213592233015,0.9708737864077672,2.9126213592233015,0.0,0.9708737864077672,2.9126213592233015,9.708737864077671,0.0,0.0,3.883495145631069,0.0,0.0,45.63106796116506,0.0,0.9708737864077672,1.9417475728155345,234.95145631067965,2.9126213592233015,2.9126213592233015,0.0,0.0,0.0,0.0,0.0,7.766990291262138,5.825242718446603,0.0,2.9126213592233015,0.0,0.0,0.9708737864077672,8.737864077669904,6.699029126213594,0.0,0.9708737864077672,0.0,3.883495145631069,1.0
CD_I1002267,Luke Davies-Uniacke,North Melbourne,Ruck-Rover,9.0,"https://s.afl.com.au/staticfile/AFL Tenant/AFL/Players/ChampIDImages/AFL/2026014/1002267.png?im=Scale,width=0.6,height=0.6",0.8308695652173913,19.11,23,14.076399790685505,4.447933019361591,15.646258503401361,29.722658294086866,23.60020931449503,0.36630036630036633,0.26164311878597596,0.0,5.808477237048666,1.7268445839874411,6.227106227106227,7.064364207221351,4.447933019361591,1.674515960230246,1.9884877027734171,13.082155939298797,17.320774463631608,0.3139717425431711,0.36630036630036633,0.8895866038723181,1.098901098901099,0.6279434850863422,108.26792255363684,3.2443746729461016,3.8199895342752486,8.110936682365255,456.7765567765568,3.8199895342752486,3.349031920460492,0.7326007326007327,0.0,0.0,0.10465724751439037,0.10465724751439037,10.727367870225013,9.733124018838305,0.837257980115123,8.738880167451596,0.0,0.837257980115123,0.6279434850863422,21.716378859236002,17.8283621140764,0.0,2.197802197802198,0.837257980115123,0.4186289900575615,1.0
CD_I1009399,Luke Jackson,Fremantle,Ruck,9.0,"https://s.afl.com.au/staticfile/AFL Tenant/AFL/Players/ChampIDImages/AFL/2026014/1009399.png?im=Scale,width=0.6,height=0.6",0.77875,18.69,24,9.095773140716961,3.6918138041733544,14.606741573033707,23.702514713750666,17.014446227929373,1.337613697164259,0.9630818619582664,32.47726056714821,6.634563937934724,1.070090957731407,3.156768325307651,6.313536650615302,4.4943820224719095,2.4612092027822365,1.9796682718031031,14.339218833600855,9.791332263242374,1.49812734082397,0.9630818619582664,2.1936864633493847,0.05350454788657035,0.5350454788657035,132.1027287319422,3.4242910647405025,2.889245585874799,9.737827715355804,253.71856607811662,3.2637774210807917,2.99625468164794,0.9630818619582664,0.05350454788657035,0.4815409309791332,1.2306046013911183,0.3745318352059925,7.43713215623328,5.778491171749598,1.0165864098448367,6.848582129481005,9.577314071696094,1.1771000535045477,0.16051364365971107,17.977528089887638,20.19796682718031,76.13697164258961,5.1899411449973245,2.407704654895666,1.49812734082397,1.0
CD_I1032112,Luke Kennedy,Western Bulldogs,Forward Pocket,35.0,"https://s.afl.com.au/staticfile/AFL Tenant/AFL/Players/ChampIDImages/AFL/2026014/1032112.png?im=Scale,width=0.6,height=0.6",0.2212,5.53,8,5.967450271247739,1.6274864376130198,9.041591320072332,15.009041591320072,9.584086799276673,0.3616636528028933,0.5424954792043399,0.0,5.244122965641953,0.3616636528028933,1.8083182640144664,1.4466546112115732,1.2658227848101264,0.7233273056057866,0.7233273056057866,7.414104882459313,8.1374321880651,0.3616636528028933,0.18083182640144665,0.5424954792043399,0.0,0.18083182640144665,63.11030741410488,0.3616636528028933,1.0849909584086799,3.9783001808318263,146.65461121157324,2.8933092224231465,1.6274864376130198,1.2658227848101264,0.0,0.0,0.3616636528028933,0.0,7.7757685352622055,2.7124773960216997,2.531645569620253,5.786618444846293,0.0,0.0,0.3616636528028933,26.763110307414102,9.168173598553345,0.0,0.7233273056057866,0.9041591320072332,0.18083182640144665,1.0
CD_I296355,Luke McDonald,North Melbourne,Back-Pocket,11.0,"https://s.afl.com.au/staticfile/AFL Tenant/AFL/Players/ChampIDImages/AFL/2026014/296355.png?im=Scale,width=0.6,height=0.6",0.6665217391304349,15.330000000000002,18,12.002609262883235,6.457925636007827,6.784083496412263,18.786692759295498,16.17742987606001,0.06523157208088715,0.06523157208088715,0.0,2.28310502283105,4.044357469015003,1.6960208741030658,0.5218525766470972,2.9354207436399213,0.7827788649706457,1.1089367253750815,3.9138943248532283,14.285714285714285,0.19569471624266144,0.06523157208088715,3.131115459882583,0.06523157208088715,0.2609262883235486,75.99478147423352,0.1304631441617743,0.3913894324853229,3.8486627527723414,339.13894324853226,3.19634703196347,4.044357469015003,0.0,0.3913894324853229,1.4350945857795172,0.0,0.0,6.784083496412263,10.241356816699282,0.06523157208088715,2.9354207436399213,0.0,0.7827788649706457,0.0,9.001956947162425,7.15590345727332,0.0,0.7175472928897586,0.1304631441617743,2.8701891715590344,1.0
CD_I1021031,Luke Nankervis,Adelaide Crows,Wing,27.0,"https://s.afl.com.au/staticfile/AFL Tenant/AFL/Players/ChampIDImages/AFL/2026014/1021031.png?im=Scale,width=0.6,height=0.6",0.5245833333333334,12.59,17,11.19936457505957,4.527402700555997,9.293089753772836,20.492454328832405,16.838760921366163,0.3177124702144559,0.15885623510722796,0.0,3.653693407466243,2.2239872915011913,1.3502779984114377,0.8737092930897538,1.9062748212867355,0.7942811755361397,0.9531374106433678,6.830818109610802,13.502779984114376,0.5559968228752978,0.0,2.1445591739475773,0.07942811755361398,0.15885623510722796,80.38125496425735,0.15885623510722796,0.7148530579825259,3.733121525019857,264.0984908657665,2.4622716441620334,6.354249404289118,0.07942811755361398,0.0,0.23828435266084194,0.0,0.0,9.37251787132645,8.57823669579031,0.3177124702144559,5.401111993645751,0.0,1.5091342335186657,0.4765687053216839,14.217633042096903,11.548848292295473,0.0,1.6679904686258935,0.5559968228752978,1.2708498808578237,1.0
CD_I290778,Luke Parker,North Melbourne,Half-Back,26.0,"https://s.afl.com.au/staticfile/AFL Tenant/AFL/Players/ChampIDImages/AFL/2026014/290778.png?im=Scale,width=0.6,height=0.6",0.8573913043478261,19.72,23,18.45841784989858,7.606490872210954,11.05476673427992,29.5131845841785,23.884381338742394,0.15212981744421908,0.0,0.0,2.231237322515213,6.03448275862069,1.622718052738337,1.1156186612576064,3.1947261663286004,1.0649087221095335,0.8113590263691685,6.186612576064909,19.320486815415823,0.40567951318458423,0.20283975659229211,2.129817444219067,0.7606490872210954,0.30425963488843816,108.77281947261663,0.2535496957403651,0.8620689655172414,4.817444219066937,481.6430020283976,4.716024340770791,6.54158215010142,0.05070993914807303,0.10141987829614606,0.5070993914807302,0.0,0.0,6.54158215010142,13.995943204868155,0.0,4.513184584178499,0.0,2.028397565922921,0.30425963488843816,8.975659229208926,11.282961460446248,0.0,1.3184584178498986,0.15212981744421908,1.622718052738337,1.0
CD_I1012218,Luke Pedlar,Adelaide Crows,Half-Forward,10.0,"https://s.afl.com.au/staticfile/AFL Tenant/AFL/Players/ChampIDImages/AFL/2026014/1012218.png?im=Scale,width=0.6,height=0.6",0.28041666666666665,6.7299999999999995,10,8.766716196136702,4.309063893016345,5.3491827637444285,14.11589895988113,8.766716196136702,1.188707280832095,0.8915304606240714,0.0,3.1203566121842496,0.5943536404160475,2.5260029717682024,0.5943536404160475,2.971768202080238,1.188707280832095,0.4457652303120357,5.3491827637444285,8.61812778603269,0.2971768202080238,1.0401188707280833,0.7429420505200595,0.4457652303120357,0.4457652303120357,70.28231797919763,0.0,0.5943536404160475,4.457652303120357,239.9702823179792,4.011887072808321,1.634472511144131,0.7429420505200595,0.0,0.0,1.188707280832095,0.4457652303120357,3.7147102526002973,5.200594353640416,1.9316493313521548,4.011887072808321,0.0,0.1485884101040119,1.485884101040119,13.37295690936107,8.454680534918277,0.0,0.1485884101040119,2.37741456166419,0.7429420505200595,1.0
CD_I998659,Luke Ryan,Fremantle,Centre Half-Back,13.0,"https://s.afl.com.au/staticfile/AFL Tenant/AFL/Players/ChampIDImages/AFL/2026014/998659.png?im=Scale,width=0.6,height=0.6",0.8058333333333334,19.34,23,18.355739400206826,8.376421923474664,5.63598759048604,23.991726990692865,21.768355739400207,0.0,0.05170630816959669,0.0,2.016546018614271,6.10134436401241,1.5511892450879008,0.25853154084798347,2.378490175801448,0.5687693898655636,1.344364012409514,4.188210961737332,15.046535677352637,0.4653567735263702,0.05170630816959669,3.516028955532575,0.5170630816959669,0.10341261633919338,96.12202688728024,0.05170630816959669,0.20682523267838676,3.981385729058945,467.6835573940021,3.2574974146845914,5.791106514994829,0.0,0.5687693898655636,1.5511892450879008,0.0,0.0,7.549120992761117,16.959669079627716,0.0,3.050672182006205,0.0,1.3960703205791107,0.15511892450879008,8.790072388831437,9.881075491209927,0.0,1.8097207859358841,0.05170630816959669,2.8438469493278182,1.0
CD_I1028521,Luke Trainor,Richmond,Back-Pocket,11.0,"https://s.afl.com.au/staticfile/AFL Tenant/AFL/Players/ChampIDImages/AFL/2026014/1028521.png?im=Scale,width=0.6,height=0.6",0.392608695652174,9.030000000000001,11,11.627906976744185,6.201550387596899,4.872646733111849,16.50055370985603,11.84939091915836,0.0,0.0,0.0,2.2148394241417493,4.318936877076411,0.9966777408637872,0.3322259136212624,4.761904761904761,0.6644518272425248,2.325581395348837,3.322259136212624,12.29235880398671,0.5537098560354373,0.0,3.765227021040974,0.5537098560354373,0.11074197120708747,65.78073089700996,0.0,0.3322259136212624,1.439645625692137,267.109634551495,5.2048726467331115,3.8759689922480614,0.0,0.6644518272425248,1.9933554817275745,0.0,0.0,6.8660022148394235,8.084163898117385,0.0,2.2148394241417493,0.0,1.439645625692137,0.22148394241417493,8.970099667774086,2.1262458471760795,0.0,0.5537098560354373,0.11074197120708747,3.4330011074197118,1.0
CD_I1024337,Luker Kentfield,Melbourne,Interchange,44.0,"https://s.afl.com.au/staticfile/AFL Tenant/AFL/Players/ChampIDImages/AFL/2026014/1024337.png?im=Scale,width=0.6,height=0.6",0.065,1.56,3,6.41025641025641,3.846153846153846,2.564102564102564,8.974358974358974,4.487179487179487,0.641025641025641,1.923076923076923,9.615384615384615,3.846153846153846,1.923076923076923,0.641025641025641,0.641025641025641,4.487179487179487,0.0,2.564102564102564,4.487179487179487,5.128205128205128,0.641025641025641,1.923076923076923,3.205128205128205,0.0,0.641025641025641,58.97435897435897,0.0,0.641025641025641,3.846153846153846,238.46153846153845,1.923076923076923,2.564102564102564,1.282051282051282,0.0,0.0,0.641025641025641,0.0,4.487179487179487,3.205128205128205,0.641025641025641,2.564102564102564,3.205128205128205,0.641025641025641,0.641025641025641,10.897435897435898,3.7179487179487176,30.128205128205128,0.641025641025641,3.205128205128205,2.564102564102564,1.0
CD_I994077,Mabior Chol,Hawthorn,Centre Half-Forward,18.0,"https://s.afl.com.au/staticfile/AFL Tenant/AFL/Players/ChampIDImages/AFL/2026014/994077.png?im=Scale,width=0.6,height=0.6",0.58,13.919999999999998,19,10.129310344827587,5.74712643678161,3.304597701149426,13.433908045977013,8.189655172413794,2.1551724137931036,1.5086206896551726,2.0114942528735633,3.0890804597701154,0.2155172413793104,3.1609195402298855,1.652298850574713,4.094827586206897,1.0775862068965518,1.4367816091954024,7.3275862068965525,6.106321839080461,2.0833333333333335,2.658045977011495,2.4425287356321843,0.0,0.8620689655172415,79.81321839080461,1.0775862068965518,0.574712643678161,7.255747126436782,246.98275862068968,3.0890804597701154,1.5804597701149428,1.2212643678160922,0.0,0.14367816091954025,2.658045977011495,0.7183908045977012,2.5143678160919545,5.89080459770115,1.3649425287356323,2.7298850574712645,0.574712643678161,0.4310344827586208,1.3649425287356323,14.798850574712645,11.839080459770118,8.261494252873565,1.4367816091954024,4.525862068965518,1.4367816091954024,1.0
CD_I1017396,Mac Andrew,Gold Coast SUNS,Back-Pocket,1.0,"https://s.afl.com.au/staticfile/AFL Tenant/AFL/Players/ChampIDImages/AFL/2026014/1017396.png?im=Scale,width=0.6,height=0.6",0.9078260869565218,20.880000000000003,23,11.973180076628351,7.423371647509578,7.471264367816091,19.444444444444443,16.28352490421456,0.09578544061302681,0.09578544061302681,1.676245210727969,1.7241379310344827,3.879310344827586,1.4846743295019156,0.5747126436781609,3.065134099616858,1.2931034482758619,1.3888888888888886,5.842911877394635,13.2183908045977,1.0057471264367814,0.047892720306513405,6.034482758620689,0.23946360153256702,0.28735632183908044,79.50191570881225,0.19157088122605362,0.38314176245210724,3.639846743295019,333.09386973180074,2.9214559386973176,7.806513409961685,0.14367816091954022,0.7183908045977011,2.1072796934865896,0.14367816091954022,0.0,6.657088122605363,10.009578544061302,0.0,3.4482758620689653,0.47892720306513403,2.8735632183908044,0.23946360153256702,8.86015325670498,11.499042145593869,3.879310344827586,1.6283524904214557,0.38314176245210724,5.507662835249041,1.0
CD_I1029136,Malakai Champion,West Coast Eagles,Forward Pocket,37.0,"https://s.afl.com.au/staticfile/AFL Tenant/AFL/Players/ChampIDImages/AFL/2026014/1029136.png?im=Scale,width=0.6,height=0.6",0.24739130434782608,5.6899999999999995,8,4.92091388400703,2.6362038664323375,5.448154657293498,10.369068541300528,8.084358523725836,0.70298769771529,0.351493848857645,0.0,2.81195079086116,0.1757469244288225,2.1089630931458703,0.8787346221441126,2.6362038664323375,0.5272407732864676,1.40597539543058,4.92091388400703,6.502636203866433,0.1757469244288225,0.5272407732864676,1.2302284710017575,0.1757469244288225,0.351493848857645,45.694200351493855,0.1757469244288225,0.70298769771529,3.163444639718805,116.16871704745168,2.81195079086116,1.2302284710017575,1.0544815465729351,0.0,0.0,0.351493848857645,0.0,4.569420035149386,3.3391915641476277,1.2302284710017575,4.042179261862918,0.0,0.0,0.5272407732864676,17.574692442882252,7.469244288224957,0.0,0.1757469244288225,1.2302284710017575,0.70298769771529,1.0
CD_I1005986,Malcolm Rosas,Sydney Swans,Half-Forward,10.0,"https://s.afl.com.au/staticfile/AFL Tenant/AFL/Players/ChampIDImages/AFL/2026014/1005986.png?im=Scale,width=0.6,height=0.6",0.4533333333333333,10.879999999999999,16,7.812500000000001,2.1139705882352944,5.238970588235294,13.051470588235295,9.375,1.4705882352941178,0.18382352941176472,0.0,3.6764705882352944,0.4595588235294118,2.481617647058824,1.011029411764706,2.6654411764705883,0.4595588235294118,0.9191176470588236,5.790441176470589,7.720588235294119,0.0,0.6433823529411765,2.022058823529412,0.9191176470588236,0.5514705882352942,61.672794117647065,0.0,1.011029411764706,5.330882352941177,225.27573529411768,3.0330882352941178,1.746323529411765,0.9191176470588236,0.0,0.0,0.36764705882352944,0.0,5.147058823529412,4.779411764705883,1.746323529411765,4.227941176470589,0.0,0.0,0.18382352941176472,20.496323529411768,13.079044117647062,0.0,0.7352941176470589,2.022058823529412,0.36764705882352944,1.0
CD_I298290,Marc Pittonet,Carlton,Ruck,27.0,"https://s.afl.com.au/staticfile/AFL Tenant/AFL/Players/ChampIDImages/AFL/2026014/298290.png?im=Scale,width=0.6,height=0.6",0.6304,15.76,22,8.248730964467006,1.9035532994923858,9.51776649746193,17.766497461928935,11.230964467005077,0.6345177664974619,0.25380710659898476,33.121827411167516,4.060913705583756,1.5228426395939088,1.3959390862944163,6.662436548223351,4.949238578680203,1.649746192893401,2.220812182741117,11.99238578680203,4.822335025380711,0.8883248730964467,0.5076142131979695,3.236040609137056,0.0,0.25380710659898476,97.90609137055837,2.5380710659898478,4.124365482233503,5.964467005076142,145.55837563451777,2.4746192893401013,2.284263959390863,1.015228426395939,0.0,0.3807106598984772,0.8883248730964467,0.3807106598984772,5.393401015228426,3.3629441624365484,0.5076142131979695,4.758883248730965,10.532994923857869,0.5710659898477157,0.12690355329949238,11.99238578680203,17.195431472081218,88.38832487309645,4.314720812182741,1.1421319796954315,2.284263959390863,1.0
CD_I297373,Marcus Bontempelli,Western Bulldogs,Centre,4.0,"https://s.afl.com.au/staticfile/AFL Tenant/AFL/Players/ChampIDImages/AFL/2026014/297373.png?im=Scale,width=0.6,height=0.6",0.8064,20.16,24,16.17063492063492,4.910714285714286,15.476190476190476,31.646825396825395,23.214285714285715,1.5376984126984128,0.6944444444444444,0.1984126984126984,4.811507936507937,2.380952380952381,7.093253968253968,7.0436507936507935,4.166666666666667,0.9920634920634921,0.9424603174603174,13.740079365079366,18.898809523809522,0.2976190476190476,0.8432539682539683,3.373015873015873,0.5456349206349206,1.0912698412698412,121.72619047619048,3.4722222222222223,3.5714285714285716,8.779761904761905,573.7103174603175,6.150793650793651,3.0257936507936507,0.6448412698412699,0.0,0.0,0.3472222222222222,0.1488095238095238,10.863095238095237,10.466269841269842,1.6865079365079365,8.928571428571429,0.0,0.3968253968253968,0.6448412698412699,21.478174603174605,22.42063492063492,0.6944444444444444,1.9841269841269842,2.628968253968254,0.8928571428571429,1.0
CD_I1015798,Marcus Herbert,West Coast Eagles,Half-Back,51.0,"https://s.afl.com.au/staticfile/AFL Tenant/AFL/Players/ChampIDImages/AFL/2026014/1015798.png?im=Scale,width=0.6,height=0.6",0.3469565217391305,7.980000000000001,10,14.912280701754383,6.641604010025062,12.155388471177943,27.067669172932327,21.553884711779446,0.0,0.12531328320802004,0.0,2.631578947368421,3.258145363408521,2.0050125313283207,0.7518796992481201,3.759398496240601,0.0,1.3784461152882204,6.015037593984961,17.418546365914786,0.3759398496240601,0.0,1.2531328320802002,3.884711779448621,0.0,95.48872180451126,0.0,0.7518796992481201,3.0075187969924806,329.5739348370927,3.0075187969924806,5.889724310776941,0.12531328320802004,0.2506265664160401,0.5012531328320802,0.0,0.0,8.897243107769421,11.528822055137843,0.0,5.137844611528821,0.0,1.1278195488721803,0.12531328320802004,12.155388471177943,9.335839598997492,0.0,1.2531328320802002,0.12531328320802004,0.7518796992481201,1.0
CD_I1023270,Marcus Windhager,St Kilda,Wing,2.0,"https://s.afl.com.au/staticfile/AFL Tenant/AFL/Players/ChampIDImages/AFL/2026014/1023270.png?im=Scale,width=0.6,height=0.6",0.8265217391304348,19.009999999999998,23,15.938979484481854,5.576012624934246,11.73066806943714,27.669647553918992,20.04208311415045,0.2104155707522357,0.10520778537611784,0.0,3.314045239347712,2.9984218832193585,4.155707522356654,2.9984218832193585,4.418726985796949,1.2098895318253553,0.9468700683850606,7.417148869016308,19.884271436086273,0.0,0.10520778537611784,1.1046817464492373,0.0,0.4208311415044714,100.99947396107314,0.9994739610731195,1.998947922146239,5.786428195686481,424.40820620725935,5.83903208837454,3.997895844292478,0.2104155707522357,0.10520778537611784,0.15781167806417676,0.0,0.0,9.573908469226724,10.099947396107313,0.15781167806417676,5.786428195686481,0.0,0.2630194634402946,0.36822724881641244,18.253550762756447,8.87427669647554,0.0,1.4203051025775908,0.36822724881641244,0.631246712256707,1.0
CD_I296733,Mark Blicavs,Geelong Cats,Wing,46.0,"https://s.afl.com.au/staticfile/AFL Tenant/AFL/Players/ChampIDImages/AFL/2026014/296733.png?im=Scale,width=0.6,height=0.6",0.58375,14.01,19,7.780157030692362,3.640256959314775,10.492505353319057,18.272662384011422,12.705210563882941,0.35688793718772305,0.4282655246252677,14.489650249821556,3.9971448965024985,0.8565310492505354,2.2840827980014278,2.9978586723768736,2.9978586723768736,1.0706638115631693,1.284796573875803,9.635974304068522,8.422555317630264,0.7137758743754461,0.35688793718772305,3.8543897216274092,0.0,0.21413276231263384,85.51034975017845,0.9992862241256246,1.9985724482512492,4.425410421127766,215.91720199857244,2.78372591006424,4.354032833690221,0.4282655246252677,0.14275517487508924,0.8565310492505354,0.8565310492505354,0.4282655246252677,8.35117773019272,4.211277658815132,0.9992862241256246,6.780870806566738,2.569593147751606,0.9992862241256246,0.35688793718772305,17.630264097073518,10.99214846538187,35.046395431834405,1.641684511063526,0.9992862241256246,2.6409707351891507,1.0
CD_I1013974,Mark Keane,Adelaide Crows,Centre Half-Back,48.0,"https://s.afl.com.au/staticfile/AFL Tenant/AFL/Players/ChampIDImages/AFL/2026014/1013974.png?im=Scale,width=0.6,height=0.6",0.3770833333333333,9.05,10,13.922651933701657,5.414364640883978,4.088397790055248,18.011049723756905,13.922651933701657,0.0,0.0,0.0,1.2154696132596685,4.41988950276243,0.7734806629834253,0.0,3.5359116022099446,0.8839779005524862,1.5469613259668507,5.303867403314917,8.950276243093922,1.3259668508287292,0.0,6.519337016574585,0.0,0.0,67.29281767955801,0.0,0.0,2.6519337016574585,307.8453038674033,3.2044198895027622,7.624309392265193,0.0,0.22099447513812154,3.3149171270718227,0.0,0.0,5.193370165745856,10.276243093922652,0.0,2.6519337016574585,0.0,2.209944751381215,0.0,6.187845303867403,9.723756906077348,0.0,1.5469613259668507,0.0,5.414364640883978,1.0
CD_I1007102,Mark O'Connor,Geelong Cats,Half-Back,42.0,"https://s.afl.com.au/staticfile/AFL Tenant/AFL/Players/ChampIDImages/AFL/2026014/1007102.png?im=Scale,width=0.6,height=0.6",0.6958333333333333,16.7,21,9.640718562874252,5.508982035928144,8.562874251497007,18.20359281437126,15.02994011976048,0.23952095808383234,0.17964071856287425,0.0,3.1137724550898205,1.9760479041916168,2.2754491017964074,1.1976047904191618,2.155688622754491,0.7784431137724551,0.7784431137724551,6.167664670658683,12.395209580838324,0.17964071856287425,0.23952095808383234,2.81437125748503,0.17964071856287425,0.718562874251497,75.08982035928145,0.23952095808383234,0.9580838323353293,4.251497005988024,253.4131736526946,2.6347305389221556,5.269461077844311,0.23952095808383234,0.29940119760479045,1.0179640718562875,0.059880239520958084,0.0,8.323353293413174,7.3053892215568865,0.47904191616766467,4.550898203592815,0.0,0.8982035928143713,0.23952095808383234,13.353293413173652,10.862275449101798,0.0,1.1976047904191618,0.47904191616766467,1.7964071856287427,1.0
CD_I998647,Mason Cox,Fremantle,Interchange,18.0,"https://s.afl.com.au/staticfile/AFL Tenant/AFL/Players/ChampIDImages/AFL/2026014/998647.png?im=Scale,width=0.6,height=0.6",0.3958333333333333,9.5,17,7.684210526315789,4.315789473684211,4.7368421052631575,12.421052631578947,7.2631578947368425,0.5263157894736842,0.9473684210526315,25.68421052631579,2.4210526315789473,1.0526315789473684,1.4736842105263157,2.6315789473684212,3.473684210526316,2.1052631578947367,1.5789473684210527,6.631578947368421,5.052631578947368,1.7894736842105263,1.1578947368421053,3.0526315789473686,0.0,0.42105263157894735,82.3157894736842,1.263157894736842,1.368421052631579,5.052631578947368,150.94736842105263,3.8947368421052633,2.736842105263158,0.21052631578947367,0.10526315789473684,0.10526315789473684,0.631578947368421,0.0,4.105263157894737,3.6842105263157894,0.7368421052631579,2.0,8.105263157894736,1.5789473684210527,0.3157894736842105,9.894736842105264,8.336842105263159,44.0,2.736842105263158,1.7894736842105263,1.894736842105263,1.0
CD_I997078,Mason Redman,Essendon,Centre Half-Back,27.0,"https://s.afl.com.au/staticfile/AFL Tenant/AFL/Players/ChampIDImages/AFL/2026014/997078.png?im=Scale,width=0.6,height=0.6",0.5469565217391305,12.58,16,16.85214626391097,6.359300476947536,5.88235294117647,22.73449920508744,18.75993640699523,0.2384737678855326,0.3179650238473768,0.0,1.987281399046105,5.325914149443562,2.066772655007949,0.7154213036565977,2.066772655007949,1.2718600953895072,0.7154213036565977,5.007949125596184,14.78537360890302,0.4769475357710652,0.0794912559618442,3.338632750397456,0.7154213036565977,0.5564387917329093,90.22257551669317,0.0,0.7154213036565977,4.531001589825119,456.67726550079493,3.179650238473768,4.92845786963434,0.0,0.1589825119236884,0.8744038155802861,0.0,0.0,7.154213036565977,13.593004769475357,0.1589825119236884,3.0206677265500796,0.0,1.2718600953895072,0.1589825119236884,8.982511923688394,12.058823529411764,0.0,1.3513513513513513,0.6359300476947536,2.46422893481717,1.0
CD_I295340,Mason Wood,St Kilda,Forward Pocket,32.0,"https://s.afl.com.au/staticfile/AFL Tenant/AFL/Players/ChampIDImages/AFL/2026014/295340.png?im=Scale,width=0.6,height=0.6",0.691304347826087,15.9,20,12.767295597484276,7.484276729559748,8.364779874213836,21.132075471698112,15.91194968553459,0.5031446540880503,0.5660377358490566,0.0,2.452830188679245,1.949685534591195,2.9559748427672954,1.4465408805031446,2.0125786163522013,0.8176100628930817,0.44025157232704404,6.981132075471698,14.276729559748427,0.7547169811320754,0.5660377358490566,2.7044025157232703,0.06289308176100629,0.5031446540880503,90.37735849056604,0.18867924528301885,1.2578616352201257,5.283018867924528,365.2830188679245,3.89937106918239,3.7735849056603774,0.3773584905660377,0.0,0.12578616352201258,0.7547169811320754,0.25157232704402516,6.5408805031446535,8.80503144654088,1.0062893081761006,4.8427672955974845,0.0,0.8805031446540881,1.6352201257861634,13.270440251572326,11.79245283018868,0.0,1.1949685534591195,1.2578616352201257,2.138364779874214,1.0
CD_I1005144,Massimo D'Ambrosio,Hawthorn,Wing,16.0,"https://s.afl.com.au/staticfile/AFL Tenant/AFL/Players/ChampIDImages/AFL/2026014/1005144.png?im=Scale,width=0.6,height=0.6",0.8183333333333334,19.64,24,15.580448065173115,5.8044806517311605,8.910386965376782,24.4908350305499,18.329938900203665,0.2545824847250509,0.560081466395112,0.0,3.4114052953156824,2.0366598778004072,4.684317718940937,1.2729124236252545,2.9022403258655802,0.7637474541751528,0.6109979633401221,6.160896130346232,18.177189409368633,0.3564154786150713,0.3564154786150713,1.1710794297352343,0.7128309572301426,0.560081466395112,96.63951120162932,0.15274949083503053,1.120162932790224,5.54989816700611,511.9653767820774,4.9389002036659875,4.0733197556008145,0.2545824847250509,0.0,0.15274949083503053,0.15274949083503053,0.0,7.382892057026476,10.183299389002036,0.3564154786150713,4.8370672097759675,0.0,0.8146639511201629,0.20366598778004072,14.663951120162933,11.440936863543786,0.0,1.2729124236252545,1.0692464358452138,0.7637474541751528,1.0
CD_I993902,Matt Flynn,West Coast Eagles,Ruck,25.0,"https://s.afl.com.au/staticfile/AFL Tenant/AFL/Players/ChampIDImages/AFL/2026014/993902.png?im=Scale,width=0.6,height=0.6",0.12739130434782608,2.9299999999999997,4,5.460750853242321,1.0238907849829353,7.849829351535837,13.310580204778159,9.215017064846418,0.3412969283276451,0.0,25.597269624573382,5.802047781569966,1.3651877133105803,1.3651877133105803,5.119453924914676,4.095563139931741,1.3651877133105803,2.7303754266211606,9.215017064846418,5.119453924914676,0.3412969283276451,0.3412969283276451,3.071672354948806,0.0,0.6825938566552902,79.18088737201366,1.7064846416382253,3.4129692832764507,3.4129692832764507,126.62116040955632,2.0477815699658706,2.3890784982935154,0.3412969283276451,0.3412969283276451,1.0238907849829353,1.0238907849829353,0.0,8.532423208191128,2.7303754266211606,0.6825938566552902,4.436860068259386,8.191126279863482,0.3412969283276451,0.0,17.747440273037544,12.593856655290104,86.68941979522185,2.0477815699658706,0.6825938566552902,1.3651877133105803,1.0
CD_I996232,Matt Guelfi,Essendon,"Centre Half-Forward, Wing",35.0,"https://s.afl.com.au/staticfile/AFL Tenant/AFL/Players/ChampIDImages/AFL/2026014/996232.png?im=Scale,width=0.6,height=0.6",0.061304347826086965,1.4100000000000001,3,2.836879432624113,0.0,7.092198581560283,9.929078014184396,6.382978723404254,0.0,0.7092198581560283,0.0,2.836879432624113,0.0,2.127659574468085,0.0,1.4184397163120566,0.0,0.7092198581560283,6.382978723404254,3.5460992907801416,0.0,0.0,2.836879432624113,0.0,0.0,32.6241134751773,0.0,0.0,2.836879432624113,97.16312056737587,0.0,2.127659574468085,0.7092198581560283,0.0,0.0,0.7092198581560283,0.7092198581560283,4.964539007092198,0.7092198581560283,0.7092198581560283,5.673758865248226,0.0,0.0,0.0,15.602836879432623,4.326241134751772,0.0,0.7092198581560283,0.7092198581560283,1.4184397163120566,1.0
CD_I1039500,Matt Hill,Hawthorn,Forward Pocket,41.0,"https://s.afl.com.au/staticfile/AFL Tenant/AFL/Players/ChampIDImages/AFL/2026014/1039500.png?im=Scale,width=0.6,height=0.6",0.04625,1.1099999999999999,2,4.504504504504505,0.0,7.207207207207208,11.711711711711713,7.207207207207208,1.801801801801802,0.900900900900901,0.0,1.801801801801802,0.0,3.603603603603604,1.801801801801802,2.702702702702703,0.0,1.801801801801802,6.306306306306307,4.504504504504505,0.0,0.0,0.0,0.0,0.900900900900901,41.44144144144145,1.801801801801802,0.0,4.504504504504505,188.2882882882883,2.702702702702703,2.702702702702703,0.0,0.0,0.0,1.801801801801802,0.0,4.504504504504505,1.801801801801802,1.801801801801802,5.405405405405406,0.0,0.0,0.0,16.216216216216218,10.270270270270272,0.0,1.801801801801802,4.504504504504505,0.0,1.0
CD_I1012210,Matt Roberts,Sydney Swans,"Wing, Wing",34.0,"https://s.afl.com.au/staticfile/AFL Tenant/AFL/Players/ChampIDImages/AFL/2026014/1012210.png?im=Scale,width=0.6,height=0.6",0.6983333333333334,16.759999999999998,20,11.754176610978522,4.832935560859189,8.949880668257757,20.70405727923628,15.751789976133653,0.23866348448687355,0.4176610978520287,0.0,2.5656324582338903,2.2076372315035804,3.758949880668258,1.6706443914081148,2.2076372315035804,1.3126491646778045,0.2983293556085919,6.085918854415275,14.37947494033413,0.0,0.11933174224343678,1.7303102625298332,0.5369928400954654,0.3579952267303103,80.19093078758951,0.4176610978520287,1.252983293556086,4.952267303102626,417.84009546539386,3.3412887828162297,4.832935560859189,0.3579952267303103,0.0,0.0,0.17899761336515516,0.11933174224343678,8.1145584725537,8.293556085918855,0.5966587112171838,4.534606205250597,0.0,1.1336515513126493,0.2983293556085919,15.09546539379475,11.551312649164679,0.0,1.3126491646778045,0.7159904534606206,1.0143198090692125,1.0
CD_I1009208,Matt Rowell,Gold Coast SUNS,Rover,18.0,"https://s.afl.com.au/staticfile/AFL Tenant/AFL/Players/ChampIDImages/AFL/2026014/1009208.png?im=Scale,width=0.6,height=0.6",0.6426086956521738,14.779999999999998,18,16.77943166441137,2.8416779431664416,15.087956698240868,31.86738836265224,21.041948579161033,0.20297699594046012,0.33829499323410017,0.0,8.457374830852505,2.300405953991881,5.886332882273344,9.201623815967524,5.683355886332883,2.9093369418132617,2.368064952638701,17.25304465493911,14.411366711772668,0.27063599458728016,0.0,0.47361299052774025,0.33829499323410017,0.47361299052774025,120.2300405953992,4.262516914749662,4.939106901217863,6.630581867388364,448.0378890392423,7.036535859269284,3.585926928281462,0.6765899864682003,0.13531799729364008,0.13531799729364008,0.06765899864682004,0.0,15.358592692828148,8.728010825439785,1.488497970230041,10.148849797023006,0.0,0.33829499323410017,0.40595399188092024,32.070365358592696,16.589986468200273,0.0,1.826792963464141,0.6765899864682003,0.0,1.0
CD_I1028547,Matt Whitlock,North Melbourne,Forward Pocket,35.0,"https://s.afl.com.au/staticfile/AFL Tenant/AFL/Players/ChampIDImages/AFL/2026014/1028547.png?im=Scale,width=0.6,height=0.6",0.0817391304347826,1.8800000000000001,3,6.382978723404255,4.787234042553191,3.723404255319149,10.106382978723405,6.914893617021276,1.0638297872340425,1.0638297872340425,0.0,0.5319148936170213,0.0,1.5957446808510638,0.0,1.5957446808510638,1.5957446808510638,0.5319148936170213,3.1914893617021276,7.446808510638298,0.0,2.6595744680851063,1.0638297872340425,0.0,0.5319148936170213,50.53191489361702,0.0,0.0,4.787234042553191,148.93617021276594,2.127659574468085,0.0,0.0,0.0,0.0,3.1914893617021276,0.0,2.127659574468085,4.25531914893617,1.0638297872340425,1.5957446808510638,0.0,0.0,0.0,6.382978723404255,0.5851063829787233,0.0,0.0,2.127659574468085,1.0638297872340425,1.0
CD_I1020137,Mattaes Phillipou,St Kilda,Centre Half-Forward,25.0,"https://s.afl.com.au/staticfile/AFL Tenant/AFL/Players/ChampIDImages/AFL/2026014/1020137.png?im=Scale,width=0.6,height=0.6",0.6617391304347826,15.219999999999999,21,10.11826544021025,4.467805519053877,13.40341655716163,23.521681997371882,16.49145860709593,0.657030223390276,0.9198423127463864,0.0,4.92772667542707,1.1826544021024967,3.745072273324573,3.153745072273325,3.28515111695138,1.1169513797634691,0.9198423127463864,8.21287779237845,15.177398160315375,0.1314060446780552,0.5913272010512484,0.5913272010512484,0.1971090670170828,0.657030223390276,93.49540078843627,1.1169513797634691,2.0367936925098555,5.978975032851512,346.2549277266755,3.8764783180026283,1.8396846254927728,1.2483574244415243,0.0,0.0657030223390276,0.328515111695138,0.0,10.38107752956636,5.847568988173457,1.1826544021024967,6.241787122207622,0.0,0.1971090670170828,0.5256241787122208,25.032851511169515,10.847568988173457,0.0657030223390276,0.985545335085414,1.7739816031537452,0.2628120893561104,1.0
CD_I1027964,Matthew Carroll,Carlton,Wing,32.0,"https://s.afl.com.au/staticfile/AFL Tenant/AFL/Players/ChampIDImages/AFL/2026014/1027964.png?im=Scale,width=0.6,height=0.6",0.2784,6.959999999999999,10,13.218390804597703,6.178160919540231,6.896551724137932,20.114942528735636,14.798850574712645,1.2931034482758623,0.2873563218390805,0.0,1.149425287356322,2.0114942528735633,4.885057471264369,0.4310344827586208,2.5862068965517246,0.2873563218390805,1.0057471264367817,7.183908045977012,12.500000000000002,1.149425287356322,0.8620689655172415,2.7298850574712645,0.4310344827586208,0.574712643678161,81.89655172413794,0.14367816091954025,0.2873563218390805,5.74712643678161,477.87356321839087,3.304597701149426,5.172413793103449,0.2873563218390805,0.14367816091954025,0.2873563218390805,0.4310344827586208,0.2873563218390805,7.3275862068965525,8.764367816091955,0.2873563218390805,5.459770114942529,0.0,1.0057471264367817,0.0,13.362068965517244,13.390804597701152,0.0,1.149425287356322,2.0114942528735633,2.298850574712644,1.0
CD_I1008154,Matthew Cottrell,Carlton,Half-Forward,46.0,"https://s.afl.com.au/staticfile/AFL Tenant/AFL/Players/ChampIDImages/AFL/2026014/1008154.png?im=Scale,width=0.6,height=0.6",0.4432,11.08,14,11.823104693140793,4.602888086642599,6.67870036101083,18.501805054151625,12.815884476534295,0.5415162454873647,0.8122743682310469,0.0,3.1588447653429603,1.6245487364620939,3.51985559566787,0.45126353790613716,1.7148014440433212,0.7220216606498195,0.36101083032490977,5.415162454873646,12.906137184115524,0.27075812274368233,0.9025270758122743,1.263537906137184,0.09025270758122744,0.9025270758122743,78.971119133574,0.09025270758122744,0.36101083032490977,5.505415162454874,284.2960288808664,3.700361010830325,2.888086642599278,0.9927797833935018,0.0,0.0,0.27075812274368233,0.09025270758122744,6.046931407942238,6.949458483754513,1.7148014440433212,4.241877256317689,0.0,0.18050541516245489,0.7220216606498195,15.794223826714802,9.05234657039711,0.0,0.8122743682310469,1.6245487364620939,0.9025270758122743,1.0
CD_I1023486,Matthew Jefferson,Melbourne,Half-Forward,21.0,"https://s.afl.com.au/staticfile/AFL Tenant/AFL/Players/ChampIDImages/AFL/2026014/1023486.png?im=Scale,width=0.6,height=0.6",0.50375,12.09,16,5.789909015715468,3.80479735318445,4.218362282878412,10.008271298593879,6.782464846980976,1.488833746898263,1.2406947890818858,0.0827129859387924,1.8196856906534327,0.0,1.6542597187758479,0.0827129859387924,2.150537634408602,1.075268817204301,0.7444168734491315,5.624483043837882,4.383788254755997,1.5715467328370554,1.8196856906534327,1.5715467328370554,0.0,0.8271298593879239,53.59801488833747,0.0,0.0827129859387924,5.707196029776675,165.67411083540117,2.2332506203473947,0.9098428453267163,0.9925558312655087,0.0,0.0,2.2332506203473947,0.41356492969396197,3.0603804797353185,3.6393713813068653,1.4061207609594706,2.6468155500413566,0.0,0.0827129859387924,0.8271298593879239,12.985938792390405,7.568238213399503,0.1654259718775848,0.5789909015715468,2.977667493796526,1.075268817204301,1.0
CD_I1016825,Matthew Johnson,Fremantle,Wing,44.0,"https://s.afl.com.au/staticfile/AFL Tenant/AFL/Players/ChampIDImages/AFL/2026014/1016825.png?im=Scale,width=0.6,height=0.6",0.7175,17.220000000000002,23,9.988385598141694,4.181184668989546,13.472706155632983,23.461091753774678,18.583042973286872,0.3484320557491289,0.23228803716608593,0.0,4.181184668989546,1.5098722415795585,3.890824622531939,3.426248548199767,3.6004645760743315,0.9291521486643437,1.219512195121951,7.491289198606271,15.969802555168407,0.23228803716608593,0.11614401858304296,0.8710801393728221,0.6387921022067362,0.9872241579558652,85.77235772357723,1.335656213704994,2.090592334494773,6.039488966318234,351.6840882694541,4.123112659698025,2.3809523809523805,0.11614401858304296,0.05807200929152148,0.17421602787456444,0.11614401858304296,0.05807200929152148,9.523809523809522,7.200929152148663,0.40650406504065034,5.2264808362369335,0.0,0.2903600464576074,0.40650406504065034,18.292682926829265,12.97909407665505,0.05807200929152148,0.8710801393728221,0.8130081300813007,0.3484320557491289,1.0
CD_I1001398,Matthew Kennedy,Western Bulldogs,Ruck-Rover,8.0,"https://s.afl.com.au/staticfile/AFL Tenant/AFL/Players/ChampIDImages/AFL/2026014/1001398.png?im=Scale,width=0.6,height=0.6",0.712,17.8,24,16.40449438202247,5.50561797752809,14.719101123595506,31.123595505617978,21.34831460674157,0.6179775280898876,0.5617977528089887,0.449438202247191,6.123595505617978,2.4157303370786516,4.662921348314606,6.46067415730337,5.449438202247191,1.0112359550561798,2.0224719101123596,12.808988764044944,17.078651685393258,0.2247191011235955,0.6741573033707865,0.7303370786516854,0.2247191011235955,0.5617977528089887,119.32584269662921,2.5842696629213484,3.8764044943820224,7.247191011235954,430.2808988764045,5.8988764044943816,3.426966292134831,0.7303370786516854,0.0,0.0,0.16853932584269662,0.11235955056179775,11.741573033707864,8.876404494382022,1.6292134831460674,10.112359550561797,0.33707865168539325,0.28089887640449435,1.1797752808988764,23.93258426966292,14.46629213483146,1.8539325842696628,1.8539325842696628,1.4044943820224718,0.33707865168539325,1.0
CD_I1013973,Matthew Owies,West Coast Eagles,"Forward Pocket, Forward Pocket, Half-Forward",16.0,"https://s.afl.com.au/staticfile/AFL Tenant/AFL/Players/ChampIDImages/AFL/2026014/1013973.png?im=Scale,width=0.6,height=0.6",0.09739130434782609,2.2399999999999998,3,8.035714285714286,4.464285714285714,2.678571428571429,10.714285714285715,6.250000000000001,0.8928571428571429,0.8928571428571429,0.0,4.464285714285714,0.0,3.1250000000000004,0.0,2.678571428571429,1.3392857142857144,0.8928571428571429,5.357142857142858,6.250000000000001,1.3392857142857144,1.7857142857142858,1.3392857142857144,0.0,0.44642857142857145,65.625,0.0,0.0,4.464285714285714,277.67857142857144,4.017857142857143,1.7857142857142858,1.7857142857142858,0.0,0.0,0.8928571428571429,0.44642857142857145,1.7857142857142858,3.5714285714285716,1.3392857142857144,2.232142857142857,0.0,0.0,1.7857142857142858,15.625000000000002,7.500000000000001,0.0,0.8928571428571429,2.232142857142857,0.8928571428571429,1.0
CD_I1009551,Maurice Rioli,Richmond,"Half-Forward, Half-Forward",17.0,"https://s.afl.com.au/staticfile/AFL Tenant/AFL/Players/ChampIDImages/AFL/2026014/1009551.png?im=Scale,width=0.6,height=0.6",0.3069565217391304,7.06,10,4.957507082152975,2.1246458923512748,4.81586402266289,9.773371104815865,7.0821529745042495,0.141643059490085,0.42492917847025496,0.0,4.53257790368272,0.42492917847025496,2.407932011331445,1.13314447592068,2.407932011331445,1.558073654390935,1.13314447592068,5.38243626062323,5.524079320113315,0.42492917847025496,0.28328611898017,0.991501416430595,0.0,0.8498583569405099,48.44192634560907,0.0,1.13314447592068,3.11614730878187,134.985835694051,2.407932011331445,2.1246458923512748,2.54957507082153,0.0,0.0,0.42492917847025496,0.0,7.223796033994335,3.5410764872521248,1.274787535410765,2.691218130311615,0.0,0.141643059490085,0.42492917847025496,24.787535410764875,7.662889518413598,0.0,0.991501416430595,0.8498583569405099,0.42492917847025496,1.0
CD_I1029417,Max Beattie,Hawthorn,Interchange,40.0,"https://s.afl.com.au/staticfile/AFL Tenant/AFL/Players/ChampIDImages/AFL/2026014/1029417.png?im=Scale,width=0.6,height=0.6",0.07125,1.7099999999999997,3,11.69590643274854,3.508771929824562,4.093567251461989,15.78947368421053,9.94152046783626,1.754385964912281,1.754385964912281,0.0,3.508771929824562,0.584795321637427,4.093567251461989,0.0,3.508771929824562,1.169590643274854,0.584795321637427,5.84795321637427,9.94152046783626,0.0,1.169590643274854,0.584795321637427,0.584795321637427,1.169590643274854,79.53216374269007,0.0,0.0,8.187134502923978,299.4152046783626,2.923976608187135,1.169590643274854,1.169590643274854,0.0,0.0,1.169590643274854,0.0,4.678362573099416,7.017543859649124,3.508771929824562,4.678362573099416,0.0,0.0,0.584795321637427,16.374269005847957,11.637426900584796,0.0,0.0,4.093567251461989,0.0,1.0
CD_I290528,Max Gawn,Melbourne,Ruck,11.0,"https://s.afl.com.au/staticfile/AFL Tenant/AFL/Players/ChampIDImages/AFL/2026014/290528.png?im=Scale,width=0.6,height=0.6",0.83625,20.07,24,12.954658694569009,5.281514698555057,12.805181863477827,25.759840558046836,17.189835575485798,0.6477329347284504,0.4484304932735426,39.312406576980564,2.192326856003986,2.042850024912805,4.384653712007972,7.8724464374688585,3.7867463876432486,2.8400597907324365,1.5445939212755355,15.595416043846537,10.363726955655206,1.6940707523667164,0.6477329347284504,3.039362232187344,0.0,0.5480817140009965,130.94170403587444,4.0358744394618835,3.8365719980069755,7.922272047832585,325.46088689586446,3.9860488290981566,4.334828101644245,0.19930244145490783,0.2491280518186348,0.9965122072745392,1.1459890383657199,0.4484304932735426,4.08570004982561,7.772795216741405,0.6477329347284504,5.032386646736422,12.705530642750373,2.092675635276532,0.3487792725460887,7.922272047832585,21.33532635774788,80.86696562032884,5.331340308918784,1.4449427005480817,2.441454907822621,1.0
CD_I1027921,Max Gruzewski,GWS GIANTS,Centre Half-Forward,35.0,"https://s.afl.com.au/staticfile/AFL Tenant/AFL/Players/ChampIDImages/AFL/2026014/1027921.png?im=Scale,width=0.6,height=0.6",0.4852173913043478,11.16,15,7.706093189964157,5.28673835125448,3.673835125448029,11.379928315412187,7.885304659498208,1.7921146953405018,1.075268817204301,0.0,0.8064516129032258,0.08960573476702509,1.8817204301075268,0.0,1.1648745519713262,0.35842293906810035,0.17921146953405018,4.39068100358423,7.258064516129032,0.8960573476702509,2.7777777777777777,1.4336917562724014,0.0,0.44802867383512546,61.200716845878134,0.0,0.0,5.465949820788531,192.38351254480287,0.985663082437276,0.6272401433691757,0.44802867383512546,0.0,0.08960573476702509,3.4050179211469533,0.985663082437276,1.075268817204301,5.017921146953405,1.4336917562724014,2.956989247311828,0.0,0.0,2.3297491039426523,6.451612903225806,7.275985663082436,0.0,0.26881720430107525,3.1362007168458783,1.1648745519713262,1.0
CD_I1020855,Max Hall,St Kilda,Centre,40.0,"https://s.afl.com.au/staticfile/AFL Tenant/AFL/Players/ChampIDImages/AFL/2026014/1020855.png?im=Scale,width=0.6,height=0.6",0.8104347826086957,18.64,23,14.109442060085836,5.686695278969957,14.53862660944206,28.648068669527895,21.298283261802574,1.3948497854077253,1.0729613733905579,0.0,4.667381974248927,1.01931330472103,5.901287553648069,5.203862660944206,3.111587982832618,1.1802575107296136,0.6437768240343348,11.051502145922747,18.0793991416309,0.1609442060085837,0.9656652360515021,1.01931330472103,1.0729613733905579,1.01931330472103,115.82618025751073,2.3068669527896994,2.896995708154506,9.549356223175966,458.8519313304721,3.9163090128755362,1.8240343347639485,1.3412017167381973,0.0536480686695279,0.0536480686695279,0.1072961373390558,0.0,9.281115879828326,9.120171673819742,1.9313304721030042,7.618025751072961,0.0,0.2145922746781116,1.3412017167381973,24.946351931330472,17.322961373390555,0.0536480686695279,1.8240343347639485,2.628755364806867,0.48283261802575106,1.0
CD_I1015886,Max Heath,Melbourne,Centre Half-Forward,27.0,"https://s.afl.com.au/staticfile/AFL Tenant/AFL/Players/ChampIDImages/AFL/2026014/1015886.png?im=Scale,width=0.6,height=0.6",0.11041666666666666,2.65,7,7.169811320754717,3.3962264150943398,10.18867924528302,17.358490566037737,12.452830188679245,0.7547169811320755,1.1320754716981132,36.22641509433962,3.7735849056603774,1.1320754716981132,3.7735849056603774,4.150943396226415,4.150943396226415,3.3962264150943398,2.6415094339622645,12.075471698113208,6.415094339622642,1.8867924528301887,0.0,2.6415094339622645,0.0,0.7547169811320755,104.52830188679246,1.1320754716981132,3.018867924528302,8.30188679245283,260.7547169811321,3.3962264150943398,3.7735849056603774,0.7547169811320755,0.0,0.0,0.0,0.0,8.679245283018869,4.528301886792453,0.7547169811320755,4.528301886792453,14.339622641509434,2.2641509433962264,0.37735849056603776,18.867924528301888,19.132075471698116,80.37735849056604,6.7924528301886795,1.8867924528301887,0.37735849056603776,1.0
CD_I1015889,Max Holmes,Geelong Cats,Ruck-Rover,9.0,"https://s.afl.com.au/staticfile/AFL Tenant/AFL/Players/ChampIDImages/AFL/2026014/1015889.png?im=Scale,width=0.6,height=0.6",0.6225,14.940000000000001,19,21.15127175368139,6.09103078982597,15.06024096385542,36.21151271753681,27.309236947791163,0.33467202141900937,0.33467202141900937,0.0,3.6813922356091027,5.421686746987952,6.2248995983935735,5.287817938420347,3.614457831325301,0.9370816599732261,0.9370816599732261,11.579651941097723,21.4859437751004,0.13386880856760375,0.13386880856760375,1.2717536813922354,2.4096385542168672,1.1378848728246318,127.04149933065595,2.6104417670682727,2.677376171352075,7.429718875502007,729.9866131191432,6.492637215528781,4.484605087014725,0.2008032128514056,0.0,0.13386880856760375,0.06693440428380187,0.06693440428380187,10.7095046854083,14.3239625167336,0.46854082998661306,9.036144578313252,0.0,0.7362784471218206,0.6693440428380187,22.356091030789823,18.28647925033467,0.13386880856760375,2.074966532797858,0.8032128514056224,0.33467202141900937,1.0
CD_I1006143,Max King,St Kilda,Interchange,12.0,"https://s.afl.com.au/staticfile/AFL Tenant/AFL/Players/ChampIDImages/AFL/2026014/1006143.png?im=Scale,width=0.6,height=0.6",0.013043478260869565,0.3,1,3.3333333333333335,3.3333333333333335,3.3333333333333335,6.666666666666667,3.3333333333333335,0.0,0.0,0.0,0.0,0.0,0.0,0.0,3.3333333333333335,0.0,0.0,6.666666666666667,3.3333333333333335,0.0,3.3333333333333335,0.0,0.0,0.0,26.666666666666668,0.0,0.0,3.3333333333333335,60.0,0.0,0.0,0.0,0.0,0.0,0.0,0.0,0.0,0.0,6.666666666666667,6.666666666666667,0.0,0.0,0.0,6.666666666666667,2.0,0.0,0.0,3.3333333333333335,0.0,1.0
CD_I1036584,Max Kondogiannis,Essendon,Interchange,29.0,"https://s.afl.com.au/staticfile/AFL Tenant/AFL/Players/ChampIDImages/AFL/2026014/1036584.png?im=Scale,width=0.6,height=0.6",0.37521739130434784,8.629999999999999,12,6.257242178447278,3.0127462340672078,7.879490150637313,14.136732329084591,12.166859791425262,0.11587485515643106,0.3476245654692932,0.0,2.7809965237543457,1.622247972190035,1.2746234067207418,0.6952491309385864,1.853997682502897,0.46349942062572425,1.0428736964078795,3.823870220162225,11.123986095017383,0.0,0.3476245654692932,2.2016222479721903,0.11587485515643106,0.11587485515643106,53.07068366164543,0.3476245654692932,0.3476245654692932,2.6651216685979144,210.54461181923526,2.8968713789107765,2.7809965237543457,0.5793742757821554,0.23174971031286212,0.46349942062572425,0.0,0.0,9.154113557358054,4.750869061413674,0.3476245654692932,3.0127462340672078,0.0,0.3476245654692932,0.0,14.484356894553883,7.172653534183083,0.0,0.8111239860950175,0.6952491309385864,1.622247972190035,1.0
CD_I1015370,Max Michalanney,Adelaide Crows,Back-Pocket,16.0,"https://s.afl.com.au/staticfile/AFL Tenant/AFL/Players/ChampIDImages/AFL/2026014/1015370.png?im=Scale,width=0.6,height=0.6",0.8295833333333333,19.91,24,10.04520341536916,5.876443997990959,6.880964339527876,16.926167754897037,13.611250627825214,0.0,0.0,0.0,3.164239075841286,3.314917127071823,1.2054244098442994,0.5524861878453039,2.2099447513812156,0.7533902561526871,1.0045203415369162,4.269211451531893,12.707182320441989,0.3515821195379206,0.050226017076845805,2.6117528879959817,0.10045203415369161,0.20090406830738322,71.9236564540432,0.0,0.5524861878453039,2.862882973380211,298.99547965846307,2.862882973380211,3.8171772978402814,0.0,0.3515821195379206,1.4565544952285283,0.050226017076845805,0.050226017076845805,8.9904570567554,7.734806629834254,0.15067805123053743,3.11401305876444,0.0,0.8036162732295329,0.25113008538422904,11.099949773982923,5.3741838272225015,0.0,0.7031642390758412,0.0,2.0090406830738323,1.0
CD_I1027965,Max Ramsden,Hawthorn,Half-Forward,38.0,"https://s.afl.com.au/staticfile/AFL Tenant/AFL/Players/ChampIDImages/AFL/2026014/1027965.png?im=Scale,width=0.6,height=0.6",0.06583333333333334,1.58,2,3.7974683544303796,3.7974683544303796,8.227848101265822,12.025316455696203,8.860759493670885,0.6329113924050632,0.6329113924050632,0.0,0.6329113924050632,0.0,0.6329113924050632,0.6329113924050632,2.531645569620253,0.6329113924050632,0.6329113924050632,6.329113924050633,5.69620253164557,1.2658227848101264,0.6329113924050632,2.531645569620253,0.0,0.0,44.936708860759495,0.0,0.6329113924050632,4.430379746835443,59.49367088607595,1.8987341772151898,1.8987341772151898,0.0,0.0,0.0,1.8987341772151898,1.2658227848101264,2.531645569620253,1.2658227848101264,2.531645569620253,4.430379746835443,0.0,0.0,1.2658227848101264,9.493670886075948,4.746835443037974,0.0,0.6329113924050632,1.8987341772151898,2.531645569620253,1.0
CD_I999321,Michael Frederick,Fremantle,Wing,32.0,"https://s.afl.com.au/staticfile/AFL Tenant/AFL/Players/ChampIDImages/AFL/2026014/999321.png?im=Scale,width=0.6,height=0.6",0.6075,14.580000000000002,19,10.08230452674897,4.869684499314128,5.5555555555555545,15.637860082304524,11.248285322359395,1.577503429355281,0.6172839506172839,0.0,2.812071330589849,0.8230452674897119,3.36076817558299,0.6172839506172839,1.9890260631001369,0.8230452674897119,0.34293552812071326,4.938271604938271,11.248285322359395,0.34293552812071326,1.3031550068587103,1.4403292181069958,0.5486968449931412,0.6172839506172839,77.09190672153635,0.1371742112482853,0.4801097393689986,6.241426611796982,320.23319615912203,2.812071330589849,2.194787379972565,0.6858710562414265,0.0,0.1371742112482853,0.2743484224965706,0.0,5.144032921810699,6.99588477366255,1.02880658436214,3.0864197530864192,0.0,0.34293552812071326,0.8230452674897119,13.923182441700959,10.87105624142661,0.0,0.8916323731138545,2.8806584362139915,0.4115226337448559,1.0
CD_I1020621,Michael Sellwood,Western Bulldogs,Back-Pocket,37.0,"https://s.afl.com.au/staticfile/AFL Tenant/AFL/Players/ChampIDImages/AFL/2026014/1020621.png?im=Scale,width=0.6,height=0.6",0.7952,19.880000000000003,24,9.507042253521126,5.382293762575452,5.73440643863179,15.241448692152916,11.87122736418511,0.0,0.0,0.0,3.169014084507042,3.6720321931589535,1.3581488933601609,0.15090543259557343,3.169014084507042,1.0060362173038229,1.2072434607645874,5.583501006036217,9.70824949698189,0.704225352112676,0.0,3.6720321931589535,0.15090543259557343,0.0,66.19718309859154,0.0,0.15090543259557343,1.9114688128772634,252.76659959758547,3.7223340040241446,7.1931589537223335,0.0,0.20120724346076457,1.0060362173038229,0.0,0.0,7.8470824949698175,7.04225352112676,0.0,3.7726358148893357,0.0,2.2635814889336014,0.10060362173038229,9.808853118712273,6.820925553319919,0.0,0.8048289738430583,0.05030181086519114,3.3199195171026155,1.0
CD_I1005972,Milan Murdock,West Coast Eagles,Forward Pocket,47.0,"https://s.afl.com.au/staticfile/AFL Tenant/AFL/Players/ChampIDImages/AFL/2026014/1005972.png?im=Scale,width=0.6,height=0.6",0.6604347826086957,15.190000000000001,20,10.664911125740618,3.225806451612903,10.796576695194206,21.461487820934824,14.022383146807108,1.2508229098090848,0.46082949308755755,0.0,5.266622778143515,0.7899934167215272,3.2916392363396967,1.2508229098090848,2.764976958525345,1.7116524028966424,0.7241606319947334,9.150757077024357,12.04739960500329,0.06583278472679394,0.26333113890717574,0.6583278472679394,0.7241606319947334,0.5266622778143515,91.83673469387755,0.26333113890717574,0.9874917709019091,6.451612903225806,245.68795260039496,3.6208031599736668,3.159973666886109,2.106649111257406,0.0,0.0,0.46082949308755755,0.1974983541803818,5.332455562870309,6.1882817643186305,2.106649111257406,6.912442396313364,0.0,0.13166556945358787,0.5924950625411455,18.89400921658986,11.665569453587885,0.0,1.6458196181698483,1.9091507570770243,0.26333113890717574,1.0
CD_I1009191,Miles Bergman,Port Adelaide,Back-Pocket,14.0,"https://s.afl.com.au/staticfile/AFL Tenant/AFL/Players/ChampIDImages/AFL/2026014/1009191.png?im=Scale,width=0.6,height=0.6",0.5378260869565218,12.370000000000001,16,14.47049312853678,7.599029911075181,7.356507679870655,21.827000808407437,15.602263540824575,0.32336297493936944,0.32336297493936944,0.0,3.152789005658852,3.5569927243330635,3.476151980598221,1.37429264349232,2.991107518189167,0.7275666936135812,0.8892481810832659,6.8714632174616,14.147130153597413,0.9700889248181083,0.24252223120452707,2.101859337105901,0.5658852061438965,0.24252223120452707,93.85610347615197,0.6467259498787389,0.7275666936135812,3.9611964430072755,482.78092158447856,4.44624090541633,5.173807599029911,0.48504446240905413,0.08084074373484236,1.0509296685529506,0.16168148746968472,0.08084074373484236,7.922392886014551,9.700889248181083,0.24252223120452707,4.769603880355699,0.0,1.8593371059013741,0.24252223120452707,12.36863379143088,11.059013742926435,0.0,0.9700889248181083,0.8892481810832659,1.6976556184316893,1.0
CD_I1010174,Mitch Georgiades,Port Adelaide,Centre Half-Forward,19.0,"https://s.afl.com.au/staticfile/AFL Tenant/AFL/Players/ChampIDImages/AFL/2026014/1010174.png?im=Scale,width=0.6,height=0.6",0.8143478260869565,18.73,21,10.03737319807795,7.261078483715964,3.8441003737319805,13.88147357180993,8.649225840896957,2.7229044313934865,2.5093432995194873,0.0,1.3347570742124932,0.10678056593699946,1.014415376401495,0.42712226374799783,3.577148958889482,0.6940736785904965,1.2279765082754939,4.591564335290977,9.076348104644955,1.4415376401494928,4.431393486385478,1.174586225306994,0.10678056593699946,0.5339028296849974,80.77949813134009,0.0,0.42712226374799783,7.7415910304324616,239.3486385477843,3.3101975440469835,0.587293112653497,0.800854244527496,0.05339028296849973,0.10678056593699946,2.936465563267485,0.587293112653497,1.7618793379604911,5.445808862786973,0.9610250934329951,1.8686599038974907,0.0,0.0,3.4703683929524827,7.688200747463961,7.431927389215162,0.0,0.1601708489054992,5.819540843566471,0.8542445274959957,1.0
CD_I1021103,Mitch Knevitt,Geelong Cats,"Forward Pocket, Wing",10.0,"https://s.afl.com.au/staticfile/AFL Tenant/AFL/Players/ChampIDImages/AFL/2026014/1021103.png?im=Scale,width=0.6,height=0.6",0.06375,1.53,2,7.189542483660131,2.6143790849673203,6.5359477124183005,13.72549019607843,8.49673202614379,1.3071895424836601,1.3071895424836601,0.0,4.57516339869281,0.6535947712418301,1.3071895424836601,1.3071895424836601,1.9607843137254901,1.9607843137254901,0.6535947712418301,7.189542483660131,6.5359477124183005,0.6535947712418301,0.6535947712418301,0.6535947712418301,0.0,0.6535947712418301,69.93464052287581,0.0,1.3071895424836601,5.88235294117647,232.6797385620915,2.6143790849673203,1.3071895424836601,1.3071895424836601,0.0,0.0,0.0,0.0,5.228758169934641,4.57516339869281,0.0,4.57516339869281,0.0,0.0,0.0,16.99346405228758,9.34640522875817,0.0,1.3071895424836601,3.2679738562091503,0.0,1.0
CD_I1000887,Mitch Lewis,Hawthorn,Full-Forward,2.0,"https://s.afl.com.au/staticfile/AFL Tenant/AFL/Players/ChampIDImages/AFL/2026014/1000887.png?im=Scale,width=0.6,height=0.6",0.7412500000000001,17.79,23,10.736368746486791,7.026419336706015,5.39629005059022,16.13265879707701,10.680157391793143,1.9673974142776842,1.349072512647555,0.11242270938729623,1.9673974142776842,0.11242270938729623,3.653738055087128,0.44969083754918493,3.0916245081506464,1.405283867341203,0.955593029792018,6.239460370994942,9.949409780775717,1.6301292861157954,2.3608768971332212,2.1922428330522767,0.11242270938729623,0.7869589657110737,83.7549184935357,0.0,0.44969083754918493,6.57672849915683,282.06857785272626,3.653738055087128,1.0680157391793144,0.8993816750983699,0.0,0.0,3.766160764474424,0.8431703204047218,1.911186059584036,6.183249016301293,1.6863406408094437,3.0354131534569984,0.0,0.22484541877459246,2.4732996065205173,11.635750421585161,10.668915120854413,0.6183249016301293,0.39347948285553686,3.8785834738617204,1.6863406408094437,1.0
CD_I297255,Mitch McGovern,Carlton,Centre Half-Forward,11.0,"https://s.afl.com.au/staticfile/AFL Tenant/AFL/Players/ChampIDImages/AFL/2026014/297255.png?im=Scale,width=0.6,height=0.6",0.7712,19.28,25,9.33609958506224,5.394190871369294,4.097510373443983,13.433609958506223,9.284232365145227,1.7634854771784232,0.8298755186721991,0.0,2.437759336099585,0.6224066390041494,2.3858921161825726,0.15560165975103735,2.4896265560165975,1.2448132780082988,0.41493775933609955,5.186721991701244,8.091286307053942,0.9854771784232365,2.1265560165975104,2.697095435684647,0.15560165975103735,0.6224066390041494,73.54771784232365,0.0,0.15560165975103735,5.705394190871369,248.85892116182572,2.8526970954356843,1.8153526970954357,0.933609958506224,0.051867219917012444,0.20746887966804978,1.970954356846473,0.41493775933609955,3.5788381742738586,5.4979253112033195,1.400414937759336,2.8526970954356843,0.0,0.41493775933609955,1.6078838174273857,13.070539419087137,9.149377593360995,0.0,0.6224066390041494,3.2157676348547715,2.0228215767634854,1.0
CD_I1023272,Mitch Owens,St Kilda,Half-Forward,10.0,"https://s.afl.com.au/staticfile/AFL Tenant/AFL/Players/ChampIDImages/AFL/2026014/1023272.png?im=Scale,width=0.6,height=0.6",0.7408695652173913,17.04,20,7.981220657276996,4.107981220657277,7.453051643192489,15.434272300469484,10.68075117370892,1.7018779342723005,1.3497652582159625,1.1737089201877935,2.347417840375587,0.17605633802816903,2.523474178403756,1.0563380281690142,2.699530516431925,1.9366197183098592,0.7629107981220657,8.039906103286386,8.098591549295776,1.4084507042253522,1.81924882629108,2.0539906103286385,0.11737089201877934,0.6455399061032864,72.94600938967136,0.11737089201877934,0.9389671361502347,7.042253521126761,207.5117370892019,3.1690140845070425,1.81924882629108,0.9389671361502347,0.05868544600938967,0.2347417840375587,3.286384976525822,1.1737089201877935,2.2300469483568075,4.694835680751174,1.9366197183098592,3.8732394366197185,0.11737089201877934,0.17605633802816903,0.8802816901408451,9.800469483568076,9.90023474178404,6.690140845070423,0.9976525821596245,3.227699530516432,1.0563380281690142,1.0
CD_I1004882,Mitch Podhajski,Collingwood,Full-Forward,46.0,"https://s.afl.com.au/staticfile/AFL Tenant/AFL/Players/ChampIDImages/AFL/2026014/1004882.png?im=Scale,width=0.6,height=0.6",0.05500000000000001,1.32,2,10.606060606060606,3.7878787878787876,5.303030303030303,15.909090909090908,8.333333333333332,0.7575757575757576,2.2727272727272725,0.0,3.0303030303030303,0.0,2.2727272727272725,0.0,2.2727272727272725,0.7575757575757576,0.0,6.0606060606060606,9.09090909090909,0.0,3.0303030303030303,0.7575757575757576,0.0,0.7575757575757576,73.48484848484848,0.0,0.0,6.0606060606060606,214.39393939393938,4.545454545454545,2.2727272727272725,1.5151515151515151,0.0,0.0,0.7575757575757576,0.0,3.7878787878787876,5.303030303030303,3.0303030303030303,5.303030303030303,0.0,0.0,1.5151515151515151,10.606060606060606,1.1363636363636362,0.0,1.5151515151515151,3.7878787878787876,0.7575757575757576,1.0
CD_I1029603,Mitch Zadow,Port Adelaide,"Half-Forward, Half-Forward",39.0,"https://s.afl.com.au/staticfile/AFL Tenant/AFL/Players/ChampIDImages/AFL/2026014/1029603.png?im=Scale,width=0.6,height=0.6",0.27,6.21,9,7.407407407407407,2.4154589371980677,1.288244766505636,8.695652173913043,4.99194847020934,1.288244766505636,1.288244766505636,0.0,2.737520128824477,0.966183574879227,1.4492753623188406,0.8051529790660226,3.3816425120772946,1.288244766505636,1.7713365539452497,4.3478260869565215,4.99194847020934,0.0,1.1272141706924315,1.1272141706924315,0.322061191626409,0.644122383252818,47.987117552334944,0.0,0.8051529790660226,4.3478260869565215,177.45571658615137,2.254428341384863,1.4492753623188406,0.8051529790660226,0.0,0.0,0.644122383252818,0.0,4.99194847020934,4.186795491143317,1.1272141706924315,3.2206119162640903,0.0,0.322061191626409,0.966183574879227,15.942028985507246,6.280193236714976,0.0,0.644122383252818,3.2206119162640903,0.644122383252818,1.0
CD_I1024304,Mitchell Edwards,Geelong Cats,Ruck,11.0,"https://s.afl.com.au/staticfile/AFL Tenant/AFL/Players/ChampIDImages/AFL/2026014/1024304.png?im=Scale,width=0.6,height=0.6",0.49083333333333334,11.78,19,6.706281833616299,2.2920203735144313,10.101867572156198,16.808149405772497,11.629881154499152,0.2546689303904924,0.2546689303904924,34.38030560271647,3.2258064516129035,0.5093378607809848,3.5653650254668934,4.66893039049236,4.4991511035653655,2.6315789473684212,2.2071307300509337,9.083191850594227,7.045840407470289,0.5942275042444822,0.2546689303904924,3.2258064516129035,0.0,0.2546689303904924,92.27504244482174,2.5466893039049237,2.1222410865874366,5.602716468590832,224.3633276740238,2.8862478777589136,3.0560271646859083,0.2546689303904924,0.16977928692699493,0.6791171477079797,0.7640067911714771,0.33955857385398985,7.640067911714771,3.9898132427843804,0.08488964346349746,4.584040747028863,8.488964346349746,1.1035653650254669,0.2546689303904924,16.298811544991512,12.809847198641767,84.04074702886248,3.8200339558573857,0.5093378607809848,2.037351443123939,1.0
CD_I1004863,Mitchell Hinge,Adelaide Crows,Interchange,20.0,"https://s.afl.com.au/staticfile/AFL Tenant/AFL/Players/ChampIDImages/AFL/2026014/1004863.png?im=Scale,width=0.6,height=0.6",0.015416666666666667,0.37,1,16.216216216216218,2.7027027027027026,10.81081081081081,27.027027027027028,24.324324324324326,0.0,0.0,0.0,2.7027027027027026,2.7027027027027026,2.7027027027027026,2.7027027027027026,0.0,2.7027027027027026,0.0,10.81081081081081,10.81081081081081,0.0,0.0,2.7027027027027026,0.0,0.0,91.89189189189189,0.0,2.7027027027027026,10.81081081081081,624.3243243243244,0.0,8.108108108108109,0.0,0.0,0.0,0.0,0.0,10.81081081081081,13.513513513513514,0.0,8.108108108108109,0.0,0.0,0.0,13.513513513513514,22.432432432432435,0.0,5.405405405405405,0.0,2.7027027027027026,1.0
CD_I1028513,Murphy Reid,Fremantle,Half-Forward,16.0,"https://s.afl.com.au/staticfile/AFL Tenant/AFL/Players/ChampIDImages/AFL/2026014/1028513.png?im=Scale,width=0.6,height=0.6",0.7441666666666666,17.86,22,15.285554311310191,4.143337066069429,13.605823068309071,28.89137737961926,21.164613661814112,0.671892497200448,1.0638297872340425,0.0,2.2396416573348263,0.8958566629339306,5.09518477043673,2.5755879059350506,3.6954087346024638,0.671892497200448,0.83986562150056,8.174692049272117,20.548712206047032,0.11198208286674133,0.4479283314669653,0.7278835386338186,0.83986562150056,1.0638297872340425,97.70436730123181,0.7838745800671892,1.7917133258678613,8.846584546472565,377.99552071668535,4.031354983202688,2.015677491601344,0.2799552071668533,0.0,0.0,0.22396416573348266,0.055991041433370664,6.662933930571109,10.302351623740202,1.343784994400896,6.382978723404255,0.0,0.055991041433370664,0.83986562150056,16.405375139977604,12.945128779395297,0.0,0.8958566629339306,2.127659574468085,0.11198208286674133,1.0
CD_I1008747,Mykelti Lefau,Richmond,Forward Pocket,42.0,"https://s.afl.com.au/staticfile/AFL Tenant/AFL/Players/ChampIDImages/AFL/2026014/1008747.png?im=Scale,width=0.6,height=0.6",0.788695652173913,18.14,21,5.347298787210584,3.969128996692392,3.8037486218302092,9.151047409040794,6.615214994487321,1.2679162072767365,0.6615214994487321,1.7089305402425579,3.3076074972436604,0.0,1.984564498346196,0.5512679162072767,2.535832414553473,1.0474090407938257,0.992282249173098,4.961411245865491,4.630650496141125,1.1025358324145533,1.3781697905181918,2.535832414553473,0.2205071664829107,0.16538037486218302,56.83572216097023,0.16538037486218302,0.3858875413450937,3.969128996692392,146.58213891951488,2.3153252480705624,1.0474090407938257,1.1576626240352812,0.0,0.0,1.8743109151047408,0.33076074972436603,5.181918412348401,3.7486218302094816,0.6063947078280044,2.149944873208379,0.5512679162072767,0.16538037486218302,1.3230429988974641,15.490628445424475,7.92723263506064,9.536934950385888,0.3858875413450937,2.0396912899669237,1.7640573318632855,1.0
CD_I1015507,Nasiah Wanganeen-Milera,St Kilda,Half-Back,7.0,"https://s.afl.com.au/staticfile/AFL Tenant/AFL/Players/ChampIDImages/AFL/2026014/1015507.png?im=Scale,width=0.6,height=0.6",0.5726086956521739,13.169999999999998,17,27.71450265755505,3.796507213363706,9.870918754745635,37.58542141230069,26.119969627942297,1.4426727410782083,0.9870918754745636,0.0,3.3409263477600613,6.150341685649203,6.150341685649203,4.024297646165528,5.998481397114656,2.2019741837509494,1.1389521640091118,9.794988610478361,20.956719817767656,0.3037205770690965,0.6833712984054671,0.7593014426727411,5.239179954441914,1.29081245254366,136.06681852695522,2.2019741837509494,1.8223234624145788,9.794988610478361,813.1359149582386,6.6818526955201225,3.264996203492787,0.6833712984054671,0.0,0.07593014426727412,0.22779043280182235,0.07593014426727412,8.65603644646925,18.07137433561124,0.9870918754745636,6.302201974183752,0.0,0.37965072133637057,0.7593014426727411,17.008352315869402,22.452543659832955,0.15186028853454825,3.264996203492787,2.961275626423691,0.3037205770690965,1.0
CD_I1027899,Nate Caddy,Essendon,Centre Half-Forward,30.0,"https://s.afl.com.au/staticfile/AFL Tenant/AFL/Players/ChampIDImages/AFL/2026014/1027899.png?im=Scale,width=0.6,height=0.6",0.828695652173913,19.06,22,8.866736621196223,4.879328436516265,3.1479538300104934,12.014690451206716,6.663168940188878,2.4134312696747116,1.888772298006296,0.10493179433368312,1.311647429171039,0.10493179433368312,2.1511017838405038,0.15739769150052466,2.728226652675761,1.416579223504722,0.6820566631689402,4.826862539349423,7.397691500524659,1.1017838405036726,2.5183630640083945,1.1542497376705143,0.15739769150052466,0.5771248688352572,68.62539349422876,0.05246589716684156,0.10493179433368312,6.243441762854145,256.7156348373557,3.3578174186778598,1.0493179433368311,0.472193074501574,0.0,0.0,2.2035676810073452,0.472193074501574,1.7313746065057714,4.669464847848898,1.2591815320041972,2.3084994753410286,0.0,0.10493179433368312,2.3084994753410286,8.604407135362015,7.943336831059812,0.3147953830010493,0.3672612801678909,4.984260230849948,1.0493179433368311,1.0
CD_I295203,Nathan Broad,Richmond,Back-Pocket,35.0,"https://s.afl.com.au/staticfile/AFL Tenant/AFL/Players/ChampIDImages/AFL/2026014/295203.png?im=Scale,width=0.6,height=0.6",0.7526086956521739,17.31,21,10.109763142692087,6.58578856152513,6.990179087232814,17.0999422299249,14.038128249566725,0.0,0.0,0.0,0.9243212016175621,3.7550548815713465,0.8665511265164645,0.40439052570768347,2.021952628538417,0.4621606008087811,0.23108030040439054,4.217215482380127,11.900635470826114,0.5777007510109764,0.0,6.123627960716349,0.40439052570768347,0.11554015020219527,67.53321779318314,0.0,0.40439052570768347,2.021952628538417,228.07625649913348,2.1952628538417103,6.35470826112074,0.0,0.1733102253032929,1.4442518775274409,0.0,0.0,5.719237435008666,8.607741190063548,0.0,3.0618139803581745,0.0,2.657423454650491,0.1733102253032929,7.105719237435009,9.578278451761989,0.0,0.8665511265164645,0.057770075101097634,5.60369728480647,1.0
CD_I1013220,Nathan O'Driscoll,Fremantle,"Wing, Wing",30.0,"https://s.afl.com.au/staticfile/AFL Tenant/AFL/Players/ChampIDImages/AFL/2026014/1013220.png?im=Scale,width=0.6,height=0.6",0.54875,13.169999999999998,17,10.478359908883828,5.011389521640091,11.465451784358391,21.94381169324222,16.249050873196662,0.37965072133637057,0.3037205770690965,0.0,2.657555049354594,1.9741837509491271,3.5687167805618834,0.9111617312072894,3.0372057706909645,1.0630220197418376,0.3037205770690965,6.605922551252848,15.641609719058469,0.0,0.37965072133637057,1.898253606681853,0.607441154138193,0.5315110098709188,82.76385725132879,0.22779043280182235,0.6833712984054671,5.998481397114656,371.29840546697045,3.264996203492787,4.176157934700076,0.15186028853454825,0.07593014426727412,0.37965072133637057,0.0,0.0,7.137433561123767,7.061503416856493,0.9870918754745636,5.239179954441914,0.0,0.4555808656036447,0.4555808656036447,12.756264236902052,9.779802581624907,0.0,1.5186028853454823,0.9870918754745636,0.8352315869400153,1.0
CD_I1017124,Ned Long,Collingwood,Ruck-Rover,44.0,"https://s.afl.com.au/staticfile/AFL Tenant/AFL/Players/ChampIDImages/AFL/2026014/1017124.png?im=Scale,width=0.6,height=0.6",0.6675,16.02,22,8.551810237203496,3.495630461922597,13.732833957553058,22.284644194756556,13.920099875156055,0.4369538077403246,0.8114856429463171,0.062421972534332085,8.926342072409488,0.9363295880149813,3.3083645443196006,3.3083645443196006,4.369538077403246,0.7490636704119851,1.2484394506866416,8.98876404494382,13.17103620474407,0.12484394506866417,0.686641697877653,2.059925093632959,0.0,0.8114856429463171,99.812734082397,1.0611735330836454,2.247191011235955,5.992509363295881,277.96504369538076,3.807740324594257,2.247191011235955,1.5605493133583022,0.0,0.0,0.12484394506866417,0.0,14.544319600499376,3.495630461922597,1.4981273408239701,7.116104868913858,0.062421972534332085,0.37453183520599254,0.4369538077403246,30.83645443196005,10.817727840199751,2.184769038701623,1.0611735330836454,1.3108614232209739,0.8739076154806492,1.0
CD_I1021013,Ned Moyle,Gold Coast SUNS,Ruck,23.0,"https://s.afl.com.au/staticfile/AFL Tenant/AFL/Players/ChampIDImages/AFL/2026014/1021013.png?im=Scale,width=0.6,height=0.6",0.5556521739130434,12.78,16,5.633802816901409,2.2691705790297343,6.416275430359938,12.050078247261347,7.981220657276996,0.3129890453834116,0.2347417840375587,43.66197183098592,2.6604068857589986,1.4866979655712051,2.4256651017214397,3.286384976525822,2.5821596244131455,1.643192488262911,1.1737089201877935,7.902973395931143,4.460093896713615,0.8607198748043818,0.2347417840375587,4.460093896713615,0.0,0.1564945226917058,91.07981220657277,1.4866979655712051,1.7996870109546166,5.712050078247262,175.4303599374022,1.9561815336463224,1.2519561815336464,0.7042253521126761,0.0,0.4694835680751174,1.0172143974960877,0.2347417840375587,4.381846635367762,3.208137715179969,0.5477308294209703,3.755868544600939,13.615023474178404,0.5477308294209703,0.0782472613458529,10.015649452269171,13.920187793427232,84.27230046948357,4.225352112676057,0.6259780907668232,3.834115805946792,1.0
CD_I1001024,Ned Reeves,Hawthorn,Ruck,7.0,"https://s.afl.com.au/staticfile/AFL Tenant/AFL/Players/ChampIDImages/AFL/2026014/1001024.png?im=Scale,width=0.6,height=0.6",0.3333333333333333,8.0,15,7.875,1.5,6.125,14.0,8.25,0.625,0.5,45.25,4.375,0.5,2.375,5.5,3.5,2.625,2.0,9.0,4.375,0.25,0.5,3.75,0.0,0.625,104.0,2.125,3.375,7.125,196.25,2.25,1.625,1.0,0.0,0.625,1.625,0.25,5.5,3.125,0.75,4.125,15.0,0.25,0.0,13.5,17.5625,85.875,5.75,1.625,2.75,1.0
CD_I1020250,Neil Erasmus,Fremantle,Wing,28.0,"https://s.afl.com.au/staticfile/AFL Tenant/AFL/Players/ChampIDImages/AFL/2026014/1020250.png?im=Scale,width=0.6,height=0.6",0.73875,17.73,24,12.464749012972362,5.583756345177665,11.393119007332205,23.85786802030457,17.089678510998308,0.3948110547095319,0.4512126339537507,0.0,3.7225042301184432,2.9328821206993796,3.158488437676255,2.3688663282571913,4.117315284827975,0.8460236886632826,0.9588268471517202,8.403835307388606,15.792442188381274,0.2820078962210942,0.5076142131979695,1.071630005640158,0.4512126339537507,0.7332205301748449,92.61139311900733,0.2820078962210942,2.086858432036097,5.978567399887197,351.7202481669487,4.230118443316413,4.117315284827975,0.22560631697687536,0.05640157924421884,0.11280315848843768,0.1692047377326565,0.0,7.896221094190637,7.839819514946418,0.4512126339537507,6.034968979131415,0.0,0.6204173716864072,0.6204173716864072,14.720812182741117,9.892836999435984,0.05640157924421884,1.2408347433728144,1.015228426395939,0.7332205301748449,1.0
CD_I297907,Nic Newman,Carlton,"Half-Back, Half-Back",24.0,"https://s.afl.com.au/staticfile/AFL Tenant/AFL/Players/ChampIDImages/AFL/2026014/297907.png?im=Scale,width=0.6,height=0.6",0.5056,12.64,16,20.41139240506329,8.623417721518987,6.6455696202531644,27.056962025316455,22.468354430379748,0.0791139240506329,0.0791139240506329,0.0,3.1645569620253164,4.825949367088607,2.610759493670886,0.39556962025316456,2.45253164556962,0.870253164556962,1.1075949367088607,3.560126582278481,17.40506329113924,0.23734177215189872,0.0791139240506329,1.6613924050632911,0.7911392405063291,0.1582278481012658,111.15506329113923,0.1582278481012658,0.23734177215189872,4.430379746835443,539.003164556962,3.560126582278481,4.90506329113924,0.0,0.0,0.3164556962025316,0.0,0.0,11.313291139240507,16.139240506329113,0.0,2.45253164556962,0.0,0.9493670886075949,0.23734177215189872,16.693037974683545,11.210443037974683,0.0,1.5031645569620253,0.1582278481012658,1.2658227848101264,1.0
CD_I1023743,Nicholas Madden,GWS GIANTS,Ruck,41.0,"https://s.afl.com.au/staticfile/AFL Tenant/AFL/Players/ChampIDImages/AFL/2026014/1023743.png?im=Scale,width=0.6,height=0.6",0.24478260869565216,5.63,9,5.683836589698046,3.197158081705151,14.209591474245116,19.893428063943162,13.676731793960924,0.17761989342806395,0.5328596802841918,37.12255772646537,4.9733570159857905,1.5985790408525755,1.9538188277087034,4.440497335701599,4.618117229129663,2.3090586145648313,2.3090586145648313,12.078152753108348,8.348134991119005,0.8880994671403197,0.3552397868561279,2.841918294849023,0.0,0.17761989342806395,109.05861456483126,2.4866785079928952,1.9538188277087034,6.927175843694494,142.98401420959146,2.664298401420959,4.618117229129663,0.5328596802841918,0.5328596802841918,2.1314387211367674,0.5328596802841918,0.3552397868561279,10.301953818827709,3.374777975133215,0.7104795737122558,7.104795737122558,9.769094138543517,1.0657193605683837,0.0,18.650088809946716,12.46891651865009,89.52042628774423,4.440497335701599,0.7104795737122558,1.7761989342806395,1.0
CD_I1006028,Nick Blakey,Sydney Swans,Centre Half-Back,22.0,"https://s.afl.com.au/staticfile/AFL Tenant/AFL/Players/ChampIDImages/AFL/2026014/1006028.png?im=Scale,width=0.6,height=0.6",0.76,18.240000000000002,22,20.88815789473684,4.9342105263157885,10.032894736842104,30.921052631578945,23.739035087719294,0.2741228070175438,0.2741228070175438,0.0,1.6995614035087718,7.730263157894736,4.605263157894736,1.0964912280701753,4.44078947368421,1.3157894736842104,1.2609649122807016,6.140350877192982,18.36622807017544,0.3289473684210526,0.10964912280701754,4.769736842105263,4.331140350877193,0.8223684210526315,103.7828947368421,0.21929824561403508,0.8771929824561403,6.195175438596491,716.6118421052631,5.9758771929824555,7.1271929824561395,0.0,0.05482456140350877,0.2741228070175438,0.05482456140350877,0.0,6.743421052631578,15.789473684210524,0.10964912280701754,3.782894736842105,0.0,1.5899122807017543,0.2741228070175438,10.19736842105263,17.74122807017544,0.0,2.302631578947368,0.6578947368421052,3.3442982456140347,1.0
CD_I1011954,Nick Bryan,Essendon,Ruck,24.0,"https://s.afl.com.au/staticfile/AFL Tenant/AFL/Players/ChampIDImages/AFL/2026014/1011954.png?im=Scale,width=0.6,height=0.6",0.3982608695652174,9.16,13,7.641921397379913,2.074235807860262,8.078602620087336,15.720524017467248,10.807860262008733,0.2183406113537118,0.0,34.27947598253275,3.056768558951965,0.6550218340611353,2.6200873362445414,4.6943231441048034,2.947598253275109,2.074235807860262,2.2925764192139737,8.842794759825328,7.314410480349345,0.1091703056768559,0.1091703056768559,3.6026200873362444,0.1091703056768559,0.1091703056768559,88.31877729257641,1.965065502183406,2.7292576419213974,4.585152838427947,199.0174672489083,3.2751091703056767,2.2925764192139737,0.2183406113537118,0.0,0.2183406113537118,0.6550218340611353,0.2183406113537118,6.877729257641922,4.039301310043668,0.32751091703056767,4.6943231441048034,9.606986899563319,0.4366812227074236,0.32751091703056767,15.829694323144105,11.899563318777293,81.6593886462882,3.2751091703056767,0.5458515283842794,2.7292576419213974,1.0
CD_I1005717,Nick Coffield,Western Bulldogs,Back-Pocket,17.0,"https://s.afl.com.au/staticfile/AFL Tenant/AFL/Players/ChampIDImages/AFL/2026014/1005717.png?im=Scale,width=0.6,height=0.6",0.4176,10.440000000000001,13,12.452107279693484,7.279693486590038,5.268199233716475,17.72030651340996,14.750957854406128,0.0,0.0,0.0,1.9157088122605361,4.597701149425287,1.2452107279693485,0.28735632183908044,1.4367816091954022,1.0536398467432948,0.5747126436781609,3.544061302681992,13.409961685823752,0.19157088122605362,0.0,3.927203065134099,0.47892720306513403,0.0,76.72413793103448,0.0,0.28735632183908044,2.011494252873563,249.0421455938697,1.9157088122605361,4.693486590038313,0.0,0.38314176245210724,1.3409961685823752,0.0,0.0,5.1724137931034475,10.344827586206895,0.0,2.490421455938697,0.0,1.4367816091954022,0.0,6.513409961685823,7.595785440613025,0.0,0.8620689655172413,0.0,3.544061302681992,1.0
CD_I1023261,Nick Daicos,Collingwood,Rover,35.0,"https://s.afl.com.au/staticfile/AFL Tenant/AFL/Players/ChampIDImages/AFL/2026014/1023261.png?im=Scale,width=0.6,height=0.6",0.8216666666666667,19.72,23,21.90669371196755,4.665314401622719,18.509127789046655,40.4158215010142,28.042596348884384,1.3184584178498986,1.0141987829614605,0.0,2.9411764705882355,2.8397565922920895,7.7079107505071,6.592292089249494,5.831643002028398,1.622718052738337,1.0141987829614605,12.57606490872211,25.050709939148074,0.10141987829614606,0.2535496957403651,0.5578093306288032,2.636916835699797,1.0649087221095335,136.00405679513185,3.1947261663286004,3.3975659229208928,10.446247464503044,669.5233265720082,6.8965517241379315,3.3975659229208928,0.2535496957403651,0.0,0.0,0.20283975659229211,0.05070993914807303,8.164300202839756,12.880324543610548,1.1663286004056796,8.975659229208926,0.0,0.15212981744421908,0.8620689655172414,17.799188640973632,21.069979716024342,0.0,2.7383367139959436,2.9411764705882355,0.10141987829614606,1.0
CD_I295265,Nick Haynes,Carlton,Back-Pocket,26.0,"https://s.afl.com.au/staticfile/AFL Tenant/AFL/Players/ChampIDImages/AFL/2026014/295265.png?im=Scale,width=0.6,height=0.6",0.6516000000000001,16.29,19,14.67157765500307,9.146715776550032,6.445672191528545,21.117249846531614,16.881522406384285,0.0,0.0,0.0,1.5346838551258442,3.8060159607120934,1.350521792510743,0.3069367710251688,2.6396562308164517,0.5524861878453039,0.6138735420503376,4.358502148557397,16.32903621853898,0.42971147943523635,0.12277470841006753,5.095150399017802,0.3069367710251688,0.1841620626151013,89.19582565991406,0.12277470841006753,0.1841620626151013,3.2535297728667896,358.9318600368324,4.051565377532229,7.4278698588090855,0.0,0.3683241252302026,1.350521792510743,0.0,0.0,5.893186003683241,11.41804788213628,0.0,3.0693677102516883,0.0,3.0079803560466547,0.24554941682013506,7.305095150399018,10.092081031307552,0.0,1.1049723756906078,0.061387354205033766,4.419889502762431,1.0
CD_I297456,Nick Holman,Gold Coast SUNS,"Centre, Wing, Wing",7.0,"https://s.afl.com.au/staticfile/AFL Tenant/AFL/Players/ChampIDImages/AFL/2026014/297456.png?im=Scale,width=0.6,height=0.6",0.23304347826086955,5.359999999999999,7,5.970149253731344,2.985074626865672,9.14179104477612,15.111940298507465,11.940298507462687,0.5597014925373135,0.1865671641791045,0.0,3.1716417910447765,0.746268656716418,2.0522388059701493,1.3059701492537314,2.611940298507463,0.746268656716418,1.492537313432836,6.156716417910449,9.14179104477612,0.0,0.746268656716418,2.611940298507463,0.0,0.1865671641791045,57.649253731343286,0.0,1.3059701492537314,3.3582089552238807,195.70895522388062,1.865671641791045,3.1716417910447765,0.373134328358209,0.0,0.0,0.0,0.0,6.529850746268657,4.477611940298508,0.746268656716418,4.477611940298508,0.0,0.373134328358209,0.373134328358209,17.537313432835823,7.630597014925374,0.0,0.746268656716418,0.746268656716418,1.492537313432836,1.0
CD_I1001017,Nick Larkey,North Melbourne,Full-Forward,20.0,"https://s.afl.com.au/staticfile/AFL Tenant/AFL/Players/ChampIDImages/AFL/2026014/1001017.png?im=Scale,width=0.6,height=0.6",0.8934782608695652,20.55,23,7.299270072992701,5.401459854014599,3.89294403892944,11.19221411192214,8.02919708029197,2.18978102189781,1.362530413625304,0.0,1.2165450121654502,0.0,1.4598540145985401,0.048661800486618,1.508515815085158,1.6058394160583942,0.340632603406326,4.7201946472019465,6.520681265206813,1.119221411192214,2.725060827250608,1.119221411192214,0.0,0.5352798053527981,65.83941605839416,0.0,0.048661800486618,6.618004866180049,170.75425790754258,1.362530413625304,0.389294403892944,0.48661800486618,0.0,0.048661800486618,3.3576642335766422,0.9245742092457421,1.897810218978102,4.866180048661801,0.9245742092457421,1.897810218978102,0.0,0.097323600973236,2.287104622871046,7.0559610705596105,7.829683698296837,0.048661800486618,0.097323600973236,3.9416058394160585,0.875912408759124,1.0
CD_I1008230,Nick Murray,Adelaide Crows,Centre Half-Back,9.0,"https://s.afl.com.au/staticfile/AFL Tenant/AFL/Players/ChampIDImages/AFL/2026014/1008230.png?im=Scale,width=0.6,height=0.6",0.41625,9.99,11,9.70970970970971,4.804804804804805,3.903903903903904,13.613613613613614,11.611611611611611,0.20020020020020018,0.0,0.0,2.1021021021021022,4.504504504504505,1.3013013013013013,0.20020020020020018,2.002002002002002,0.7007007007007007,1.001001001001001,4.104104104104104,8.70870870870871,0.7007007007007007,0.0,8.80880880880881,0.0,0.20020020020020018,58.65865865865866,0.0,0.20020020020020018,2.2022022022022023,284.38438438438436,2.6026026026026026,4.704704704704705,0.3003003003003003,0.6006006006006006,2.4024024024024024,0.10010010010010009,0.0,6.006006006006006,8.108108108108109,0.10010010010010009,2.4024024024024024,0.0,1.3013013013013013,0.10010010010010009,7.5075075075075075,9.71971971971972,0.0,0.7007007007007007,0.20020020020020018,8.208208208208209,1.0
CD_I294674,Nick Vlastuin,Richmond,Half-Back,1.0,"https://s.afl.com.au/staticfile/AFL Tenant/AFL/Players/ChampIDImages/AFL/2026014/294674.png?im=Scale,width=0.6,height=0.6",0.7939130434782609,18.259999999999998,22,12.650602409638555,5.2026286966046005,6.407447973713035,19.058050383351592,15.38882803943045,0.0547645125958379,0.1095290251916758,0.0,2.738225629791895,5.366922234392114,0.8214676889375685,0.6024096385542169,3.0668127053669227,1.7524644030668128,1.3143483023001097,6.407447973713035,9.748083242059147,0.6024096385542169,0.0,1.8619934282584887,0.2190580503833516,0.0547645125958379,75.57502738225631,0.0547645125958379,0.547645125958379,2.5739320920043816,330.0109529025192,3.6144578313253017,7.338444687842279,0.0547645125958379,0.3285870755750274,0.9857612267250823,0.0,0.0,8.981380065717415,9.857612267250822,0.1095290251916758,4.271631982475356,0.0,1.642935377875137,0.1642935377875137,10.898138006571743,8.548740416210297,0.0,1.0405257393209202,0.1642935377875137,1.4786418400876233,1.0
CD_I1023473,Nick Watson,Hawthorn,Forward Pocket,5.0,"https://s.afl.com.au/staticfile/AFL Tenant/AFL/Players/ChampIDImages/AFL/2026014/1023473.png?im=Scale,width=0.6,height=0.6",0.7100000000000001,17.04,22,10.504694835680752,2.9929577464788735,6.983568075117371,17.488262910798124,12.147887323943662,3.3450704225352115,1.4084507042253522,0.0,2.9342723004694835,0.2347417840375587,3.286384976525822,1.5845070422535212,2.4647887323943665,1.2323943661971832,0.6455399061032864,8.744131455399062,9.0962441314554,0.2934272300469484,1.643192488262911,0.8802816901408451,1.2323943661971832,0.9976525821596245,86.9718309859155,0.7042253521126761,0.8802816901408451,9.03755868544601,326.40845070422534,2.699530516431925,2.0539906103286385,1.5258215962441315,0.0,0.0,0.4694835680751174,0.35211267605633806,2.4061032863849765,6.572769953051644,3.462441314553991,6.690140845070423,0.0,0.11737089201877934,1.4084507042253522,13.262910798122066,19.624413145539904,0.0,1.4671361502347418,5.45774647887324,0.2934272300469484,1.0
CD_I1015827,Nik Cox,Essendon,Half-Forward,13.0,"https://s.afl.com.au/staticfile/AFL Tenant/AFL/Players/ChampIDImages/AFL/2026014/1015827.png?im=Scale,width=0.6,height=0.6",0.2778260869565218,6.390000000000001,8,6.885758998435054,3.9123630672926444,6.885758998435054,13.771517996870108,10.798122065727698,0.4694835680751173,0.15649452269170577,0.15649452269170577,1.408450704225352,0.6259780907668231,1.8779342723004693,1.0954616588419404,1.408450704225352,0.9389671361502346,0.15649452269170577,5.320813771517996,8.607198748043817,0.4694835680751173,0.31298904538341155,0.9389671361502346,0.0,0.15649452269170577,55.39906103286385,0.15649452269170577,0.9389671361502346,4.06885758998435,176.99530516431923,1.5649452269170578,2.1909233176838807,0.0,0.0,0.0,0.6259780907668231,0.15649452269170577,6.729264475743348,4.538341158059468,0.4694835680751173,3.7558685446009386,0.15649452269170577,0.6259780907668231,0.31298904538341155,12.989045383411579,8.95148669796557,0.15649452269170577,0.9389671361502346,0.7824726134585289,0.6259780907668231,1.0
CD_I1009199,Noah Anderson,Gold Coast SUNS,Ruck-Rover,15.0,"https://s.afl.com.au/staticfile/AFL Tenant/AFL/Players/ChampIDImages/AFL/2026014/1009199.png?im=Scale,width=0.6,height=0.6",0.8160869565217391,18.77,22,19.445924347362812,5.966968566862014,12.94619072988812,32.392115077250935,22.90889717634523,0.37293553542887586,0.5860415556739478,0.0,4.20884389984017,3.835908364411295,6.180074587107086,6.233351092168354,4.1555673947789025,0.7991475759190197,1.2253596164091636,10.921683537559936,21.6302610548748,0.10655301012253596,0.42621204049014383,0.9057005860415557,1.1720831113478956,0.9057005860415557,118.91315929675014,3.356419818859883,2.876931273308471,7.511987213638785,612.7330847096431,5.753862546616942,2.7703782631859353,0.3196590303676079,0.0,0.0,0.0,0.0,11.667554608417689,12.1470431539691,0.42621204049014383,7.298881193393713,0.0,0.21310602024507191,0.8524240809802877,22.269579115610018,15.231752797016515,0.0,1.7048481619605753,1.2786361214704316,0.15982951518380395,1.0
CD_I1005053,Noah Answerth,Brisbane Lions,Back-Pocket,43.0,"https://s.afl.com.au/staticfile/AFL Tenant/AFL/Players/ChampIDImages/AFL/2026014/1005053.png?im=Scale,width=0.6,height=0.6",0.5291666666666667,12.7,16,10.94488188976378,5.826771653543307,3.937007874015748,14.881889763779528,11.496062992125985,0.0,0.0,0.0,2.204724409448819,3.1496062992125986,2.047244094488189,0.4724409448818898,3.070866141732284,0.3937007874015748,1.1023622047244095,3.7795275590551185,11.41732283464567,0.0,0.0,3.3070866141732287,0.07874015748031496,0.31496062992125984,64.09448818897638,0.0,0.4724409448818898,2.9921259842519685,322.5196850393701,3.2283464566929134,4.409448818897638,0.0,0.2362204724409449,0.7874015748031497,0.0,0.0,10.236220472440946,8.031496062992126,0.07874015748031496,2.834645669291339,0.0,0.6299212598425197,0.07874015748031496,13.1496062992126,5.803149606299213,0.0,0.6299212598425197,0.0,2.125984251968504,1.0
CD_I1002245,Noah Balta,Richmond,Ruck,21.0,"https://s.afl.com.au/staticfile/AFL Tenant/AFL/Players/ChampIDImages/AFL/2026014/1002245.png?im=Scale,width=0.6,height=0.6",0.6073913043478261,13.969999999999999,17,10.379384395132428,5.941302791696493,4.939155332856121,15.318539727988549,9.878310665712242,0.7874015748031497,0.644237652111668,8.661417322834646,1.216893342877595,2.505368647100931,2.362204724409449,2.1474588403722263,4.008589835361489,1.145311381531854,1.216893342877595,7.802433786685756,7.730851825340015,2.0042949176807445,1.0021474588403723,2.934860415175376,0.5010737294201861,0.14316392269148176,75.23264137437367,0.644237652111668,1.5032211882605584,4.151753758052971,322.97780959198286,4.08017179670723,3.8654259126700077,0.0,0.2863278453829635,1.5748031496062993,1.288475304223336,0.35790980672870437,4.08017179670723,6.156048675733715,0.35790980672870437,2.7201145311381536,2.505368647100931,1.861130994989263,0.572655690765927,8.732999284180387,10.687186828919113,25.26843235504653,1.5032211882605584,1.7179670722977811,2.0042949176807445,1.0
CD_I1022614,Noah Howes,Collingwood,Back-Pocket,40.0,"https://s.afl.com.au/staticfile/AFL Tenant/AFL/Players/ChampIDImages/AFL/2026014/1022614.png?im=Scale,width=0.6,height=0.6",0.05999999999999999,1.44,2,5.555555555555555,4.861111111111112,5.555555555555555,11.11111111111111,10.416666666666668,0.0,0.0,0.0,0.6944444444444444,4.166666666666667,0.6944444444444444,0.0,2.0833333333333335,0.0,1.3888888888888888,4.166666666666667,6.944444444444445,0.6944444444444444,0.0,3.4722222222222223,0.0,0.0,40.97222222222222,0.0,0.0,2.7777777777777777,227.7777777777778,1.3888888888888888,6.25,0.0,0.0,0.6944444444444444,0.0,0.0,4.861111111111112,5.555555555555555,0.0,3.4722222222222223,0.0,2.7777777777777777,0.0,5.555555555555555,8.472222222222221,0.0,2.7777777777777777,0.0,2.0833333333333335,1.0
CD_I1028643,Noah Mraz,Hawthorn,Centre Half-Back,21.0,"https://s.afl.com.au/staticfile/AFL Tenant/AFL/Players/ChampIDImages/AFL/2026014/1028643.png?im=Scale,width=0.6,height=0.6",0.1408333333333333,3.38,4,12.721893491124261,6.21301775147929,5.029585798816568,17.75147928994083,13.905325443786984,0.2958579881656805,0.591715976331361,2.0710059171597632,3.5502958579881656,2.366863905325444,1.4792899408284024,1.183431952662722,2.0710059171597632,1.7751479289940828,0.8875739644970414,7.396449704142012,10.059171597633137,2.366863905325444,0.591715976331361,7.100591715976331,0.2958579881656805,0.0,84.61538461538461,0.591715976331361,0.591715976331361,4.1420118343195265,271.59763313609466,2.366863905325444,7.988165680473373,0.2958579881656805,0.0,2.9585798816568047,0.2958579881656805,0.0,6.508875739644971,8.875739644970414,0.2958579881656805,2.366863905325444,0.591715976331361,3.5502958579881656,0.2958579881656805,8.579881656804734,12.071005917159763,10.059171597633137,2.366863905325444,1.183431952662722,5.621301775147929,1.0
CD_I1026974,Noah Roberts-Thomson,Richmond,Half-Forward,27.0,"https://s.afl.com.au/staticfile/AFL Tenant/AFL/Players/ChampIDImages/AFL/2026014/1026974.png?im=Scale,width=0.6,height=0.6",0.09260869565217392,2.13,3,6.572769953051644,1.8779342723004695,1.8779342723004695,8.450704225352114,6.103286384976526,1.8779342723004695,0.0,0.0,2.8169014084507045,0.9389671361502347,1.8779342723004695,0.4694835680751174,1.8779342723004695,0.4694835680751174,0.0,1.8779342723004695,6.103286384976526,0.0,0.4694835680751174,0.9389671361502347,0.0,0.0,52.11267605633803,0.0,0.4694835680751174,2.347417840375587,243.1924882629108,1.4084507042253522,0.0,2.347417840375587,0.0,0.0,0.9389671361502347,0.0,4.694835680751174,4.694835680751174,0.4694835680751174,1.4084507042253522,0.0,0.0,0.4694835680751174,12.67605633802817,7.323943661971831,0.0,0.0,1.8779342723004695,0.4694835680751174,1.0
CD_I1024982,Oisin Mullin,Geelong Cats,Rover,34.0,"https://s.afl.com.au/staticfile/AFL Tenant/AFL/Players/ChampIDImages/AFL/2026014/1024982.png?im=Scale,width=0.6,height=0.6",0.8095833333333334,19.43,24,7.7200205867215645,3.705609881626351,9.109624292331446,16.82964487905301,12.40349974266598,0.15440041173443128,0.2573340195573855,0.0,4.992279979413278,1.0808028821410192,2.4704065877509005,3.3968090581574883,2.8821410190427175,0.9264024704065877,1.0808028821410192,6.999485331960885,9.984559958826557,0.0,0.2058672156459084,1.59547092125579,0.2058672156459084,0.3602676273803397,71.33299022130726,1.4410705095213587,1.9557385486361296,4.271744724652599,256.51055069480185,2.985074626865672,2.624806999485332,0.46320123520329387,0.0,0.15440041173443128,0.0,0.0,9.418425115800309,4.940813175501801,0.3602676273803397,5.558414822439526,0.0,0.5661348430262481,0.3602676273803397,18.733916623777663,10.216160576428203,0.0,0.9264024704065877,0.4117344312918168,0.5661348430262481,1.0
CD_I1025034,Oliver Dempsey,Geelong Cats,Wing,28.0,"https://s.afl.com.au/staticfile/AFL Tenant/AFL/Players/ChampIDImages/AFL/2026014/1025034.png?im=Scale,width=0.6,height=0.6",0.8825000000000001,21.18,24,11.37865911237016,5.996222851746931,11.237016052880076,22.615675165250238,16.619452313503306,1.4164305949008498,0.7082152974504249,0.0,2.2190745986779983,1.8885741265344664,3.4466477809254012,1.6997167138810199,2.26628895184136,0.5193578847969783,0.4721435316336166,7.64872521246459,13.975448536355053,0.8026440037771483,1.274787535410765,1.13314447592068,0.4721435316336166,0.4721435316336166,91.78470254957507,0.42492917847025496,1.274787535410765,6.704438149197356,357.41265344664777,3.4466477809254012,3.635505193578848,0.5193578847969783,0.09442870632672333,0.28328611898017,0.7082152974504249,0.3777148253068933,5.665722379603399,7.129367327667611,1.4164305949008498,5.854579792256846,0.0,0.7554296506137866,0.9442870632672332,13.881019830028329,13.54579792256846,0.0,1.13314447592068,2.54957507082153,0.6137865911237016,1.0
CD_I998103,Oliver Florent,Carlton,Back-Pocket,14.0,"https://s.afl.com.au/staticfile/AFL Tenant/AFL/Players/ChampIDImages/AFL/2026014/998103.png?im=Scale,width=0.6,height=0.6",0.8248,20.619999999999997,25,18.380213385063048,6.256062075654705,8.971871968962175,27.35208535402522,21.629485935984484,0.09699321047526674,0.14548981571290012,0.0,2.618816682832202,6.062075654704172,3.2007759456838025,1.4064015518913677,3.4917555771096027,0.4849660523763337,0.921435499515034,6.741028128031038,16.779825412221147,0.14548981571290012,0.0,1.6003879728419013,0.6304558680892338,0.29097963142580024,100.77594568380215,0.09699321047526674,1.309408341416101,5.189136760426771,537.972841901067,5.092143549951504,6.353055286129972,0.04849660523763337,0.09699321047526674,0.4849660523763337,0.0,0.0,9.844810863239575,13.821532492725511,0.29097963142580024,5.674102812803104,0.0,1.4548981571290012,0.14548981571290012,14.161008729388945,14.180407371483996,0.0,1.5518913676042678,0.33947623666343363,0.7759456838021339,1.0
CD_I1027101,Oliver Francou,West Coast Eagles,Interchange,50.0,"https://s.afl.com.au/staticfile/AFL Tenant/AFL/Players/ChampIDImages/AFL/2026014/1027101.png?im=Scale,width=0.6,height=0.6",0.11739130434782609,2.7,4,13.333333333333332,4.444444444444444,12.962962962962962,26.296296296296294,17.037037037037035,0.0,0.37037037037037035,0.0,8.888888888888888,1.8518518518518516,3.333333333333333,4.444444444444444,6.666666666666666,2.222222222222222,2.222222222222222,12.962962962962962,14.814814814814813,0.0,0.0,0.0,0.7407407407407407,0.0,110.74074074074073,0.37037037037037035,4.0740740740740735,4.0740740740740735,325.18518518518516,5.555555555555555,4.444444444444444,0.37037037037037035,0.0,0.0,0.0,0.0,16.296296296296294,7.4074074074074066,1.111111111111111,9.62962962962963,0.0,0.7407407407407407,0.0,28.888888888888886,7.555555555555556,0.0,0.7407407407407407,1.111111111111111,0.0,1.0
CD_I1033071,Oliver Greeves,Hawthorn,Half-Forward,35.0,"https://s.afl.com.au/staticfile/AFL Tenant/AFL/Players/ChampIDImages/AFL/2026014/1033071.png?im=Scale,width=0.6,height=0.6",0.09166666666666666,2.2,4,10.0,8.636363636363635,12.272727272727272,22.27272727272727,15.909090909090908,0.45454545454545453,0.45454545454545453,0.0,2.727272727272727,0.9090909090909091,2.727272727272727,1.8181818181818181,2.727272727272727,1.8181818181818181,0.45454545454545453,7.2727272727272725,15.454545454545453,0.0,0.9090909090909091,0.9090909090909091,0.0,1.3636363636363635,94.99999999999999,0.45454545454545453,1.3636363636363635,8.636363636363635,182.27272727272725,3.6363636363636362,2.727272727272727,1.8181818181818181,0.0,0.0,0.9090909090909091,0.0,2.2727272727272725,5.0,1.8181818181818181,5.454545454545454,0.0,0.45454545454545453,2.2727272727272725,10.0,7.59090909090909,0.0,1.8181818181818181,1.3636363636363635,0.45454545454545453,1.0
CD_I1028485,Oliver Hannaford,GWS GIANTS,Forward Pocket,13.0,"https://s.afl.com.au/staticfile/AFL Tenant/AFL/Players/ChampIDImages/AFL/2026014/1028485.png?im=Scale,width=0.6,height=0.6",0.12130434782608697,2.79,5,9.31899641577061,4.301075268817204,7.168458781362007,16.487455197132615,8.243727598566307,0.7168458781362007,1.075268817204301,0.0,2.150537634408602,0.35842293906810035,2.150537634408602,0.35842293906810035,5.376344086021505,0.7168458781362007,1.075268817204301,6.810035842293907,9.67741935483871,0.0,1.4336917562724014,0.0,0.0,0.35842293906810035,66.66666666666667,0.35842293906810035,0.0,6.093189964157706,234.05017921146953,7.526881720430107,0.35842293906810035,0.35842293906810035,0.0,0.0,1.075268817204301,0.0,8.243727598566307,3.5842293906810037,2.150537634408602,6.093189964157706,0.0,0.0,1.075268817204301,24.372759856630825,1.075268817204301,0.0,0.0,3.225806451612903,0.0,1.0
CD_I1035199,Oliver Hayes-Brown,Richmond,Ruck,47.0,"https://s.afl.com.au/staticfile/AFL Tenant/AFL/Players/ChampIDImages/AFL/2026014/1035199.png?im=Scale,width=0.6,height=0.6",0.1617391304347826,3.72,7,5.10752688172043,1.6129032258064515,13.440860215053762,18.548387096774192,12.903225806451612,0.26881720430107525,0.0,22.311827956989244,1.3440860215053763,0.26881720430107525,4.032258064516129,6.451612903225806,2.956989247311828,3.4946236559139785,1.6129032258064515,15.053763440860214,4.838709677419355,0.5376344086021505,0.0,2.6881720430107525,0.0,0.26881720430107525,75.0,5.376344086021505,1.075268817204301,4.569892473118279,158.06451612903226,2.956989247311828,2.150537634408602,0.0,0.0,0.26881720430107525,1.6129032258064515,0.0,6.182795698924731,3.7634408602150535,0.26881720430107525,6.989247311827957,5.64516129032258,0.8064516129032258,0.0,12.096774193548386,14.22043010752688,76.88172043010752,2.6881720430107525,0.26881720430107525,1.6129032258064515,1.0
CD_I1012860,Oliver Henry,Geelong Cats,Forward Pocket,36.0,"https://s.afl.com.au/staticfile/AFL Tenant/AFL/Players/ChampIDImages/AFL/2026014/1012860.png?im=Scale,width=0.6,height=0.6",0.765,18.36,23,8.769063180827887,4.248366013071895,5.065359477124183,13.83442265795207,8.823529411764707,2.3420479302832247,1.198257080610022,0.0,2.450980392156863,0.054466230936819175,2.9411764705882355,0.4901960784313726,2.6688453159041394,1.198257080610022,0.9803921568627452,5.827886710239651,8.224400871459695,0.7080610021786493,2.0697167755991286,0.9803921568627452,0.054466230936819175,0.9803921568627452,72.49455337690632,0.16339869281045752,0.32679738562091504,7.2440087145969505,263.2352941176471,2.9411764705882355,1.252723311546841,1.4705882352941178,0.054466230936819175,0.054466230936819175,1.4705882352941178,0.27233115468409586,2.178649237472767,4.901960784313726,2.1241830065359477,3.8671023965141615,0.0,0.0,0.6535947712418301,15.468409586056646,10.326797385620916,0.0,0.9803921568627452,4.139433551198257,0.5446623093681917,1.0
CD_I1023495,Oliver Hollands,Carlton,Wing,4.0,"https://s.afl.com.au/staticfile/AFL Tenant/AFL/Players/ChampIDImages/AFL/2026014/1023495.png?im=Scale,width=0.6,height=0.6",0.478,11.95,14,12.97071129707113,6.443514644351465,6.778242677824268,19.7489539748954,15.146443514644352,0.3347280334728034,0.08368200836820085,0.0,4.100418410041841,3.0125523012552304,2.677824267782427,0.8368200836820084,3.5983263598326363,1.2552301255230127,1.087866108786611,4.769874476987448,14.225941422594143,0.08368200836820085,0.2510460251046025,1.4225941422594144,0.5857740585774059,0.6694560669456068,88.2845188284519,0.1673640167364017,0.6694560669456068,3.9330543933054396,352.63598326359835,3.5146443514644354,4.2677824267782425,0.2510460251046025,0.1673640167364017,0.2510460251046025,0.2510460251046025,0.08368200836820085,11.297071129707113,9.372384937238495,0.1673640167364017,3.4309623430962346,0.0,0.5857740585774059,0.3347280334728034,18.158995815899583,6.535564853556485,0.0,0.5857740585774059,0.5857740585774059,0.9205020920502093,1.0
CD_I1020881,Oliver Wiltshire,Geelong Cats,Half-Forward,21.0,"https://s.afl.com.au/staticfile/AFL Tenant/AFL/Players/ChampIDImages/AFL/2026014/1020881.png?im=Scale,width=0.6,height=0.6",0.46,11.040000000000001,15,8.605072463768115,2.264492753623188,6.7934782608695645,15.39855072463768,10.23550724637681,1.1775362318840579,0.9057971014492753,0.0,2.083333333333333,0.5434782608695652,3.623188405797101,0.9057971014492753,2.3550724637681157,0.7246376811594202,0.6340579710144927,5.0724637681159415,9.692028985507246,0.09057971014492752,0.8152173913043478,0.8152173913043478,0.5434782608695652,0.8152173913043478,61.32246376811594,0.09057971014492752,0.8152173913043478,6.521739130434782,291.75724637681157,2.9891304347826084,1.4492753623188404,0.5434782608695652,0.0,0.0,1.1775362318840579,0.0,3.623188405797101,4.438405797101449,1.721014492753623,3.894927536231884,0.0,0.0,0.2717391304347826,14.67391304347826,9.221014492753621,0.0,0.9057971014492753,2.7173913043478257,0.18115942028985504,1.0
CD_I1012881,Ollie Lord,Port Adelaide,Full-Forward,30.0,"https://s.afl.com.au/staticfile/AFL Tenant/AFL/Players/ChampIDImages/AFL/2026014/1012881.png?im=Scale,width=0.6,height=0.6",0.03434782608695652,0.79,1,5.063291139240506,1.2658227848101264,3.7974683544303796,8.860759493670885,5.063291139240506,0.0,1.2658227848101264,8.860759493670885,2.531645569620253,0.0,0.0,1.2658227848101264,2.531645569620253,1.2658227848101264,0.0,6.329113924050633,2.531645569620253,0.0,1.2658227848101264,0.0,0.0,0.0,48.10126582278481,1.2658227848101264,0.0,2.531645569620253,27.848101265822784,0.0,1.2658227848101264,0.0,0.0,1.2658227848101264,1.2658227848101264,0.0,10.126582278481012,2.531645569620253,2.531645569620253,5.063291139240506,3.7974683544303796,0.0,1.2658227848101264,24.050632911392405,4.430379746835443,22.78481012658228,1.2658227848101264,1.2658227848101264,0.0,1.0
CD_I294318,Ollie Wines,Port Adelaide,"Rover, Ruck-Rover",16.0,"https://s.afl.com.au/staticfile/AFL Tenant/AFL/Players/ChampIDImages/AFL/2026014/294318.png?im=Scale,width=0.6,height=0.6",0.5395652173913044,12.41,19,11.84528605962933,5.9629331184528604,21.51490733279613,33.360193392425465,22.965350523771153,0.24174053182917002,0.24174053182917002,0.0,6.12409347300564,1.8533440773569703,4.19016921837228,5.23771152296535,4.59307010475423,0.9669621273166801,1.36986301369863,14.02095084609186,19.016921837228043,0.08058017727639001,0.7252215954875101,0.6446414182111201,0.08058017727639001,1.36986301369863,119.50040290088639,2.0145044319097503,3.2232070910556003,6.36583400483481,316.59951651893635,4.754230459307011,3.2232070910556003,0.7252215954875101,0.08058017727639001,0.16116035455278002,0.16116035455278002,0.16116035455278002,10.717163577759871,6.36583400483481,1.36986301369863,10.4754230459307,0.0,0.40290088638195004,0.40290088638195004,21.837228041901692,12.73166800966962,1.04754230459307,1.53102336825141,0.7252215954875101,0.08058017727639001,1.0
CD_I1015515,Oscar Adams,Gold Coast SUNS,Back-Pocket,48.0,"https://s.afl.com.au/staticfile/AFL Tenant/AFL/Players/ChampIDImages/AFL/2026014/1015515.png?im=Scale,width=0.6,height=0.6",0.41739130434782606,9.6,13,5.9375,5.0,7.5,13.4375,12.083333333333334,0.0,0.0,0.0,1.875,1.5625,0.625,0.0,2.7083333333333335,1.0416666666666667,1.875,3.9583333333333335,9.270833333333334,0.3125,0.0,5.208333333333334,0.10416666666666667,0.0,50.72916666666667,0.0,0.0,1.3541666666666667,138.33333333333334,1.6666666666666667,5.416666666666667,0.0,0.4166666666666667,1.9791666666666667,0.10416666666666667,0.0,7.291666666666667,5.104166666666667,0.0,2.604166666666667,0.0,1.9791666666666667,0.0,8.4375,7.354166666666666,0.0,0.625,0.0,4.895833333333334,1.0
CD_I1004385,Oscar Allen,Brisbane Lions,Centre Half-Forward,4.0,"https://s.afl.com.au/staticfile/AFL Tenant/AFL/Players/ChampIDImages/AFL/2026014/1004385.png?im=Scale,width=0.6,height=0.6",0.38166666666666665,9.16,12,8.078602620087336,4.585152838427947,2.1834061135371177,10.262008733624453,6.986899563318778,2.5109170305676853,0.982532751091703,1.0917030567685588,1.5283842794759825,0.5458515283842794,1.6375545851528384,0.4366812227074236,1.8558951965065502,1.2008733624454149,0.8733624454148472,3.8209606986899565,6.441048034934497,0.5458515283842794,2.1834061135371177,1.0917030567685588,0.1091703056768559,0.5458515283842794,64.19213973799127,0.0,0.4366812227074236,6.004366812227074,209.82532751091702,2.1834061135371177,0.6550218340611353,0.982532751091703,0.1091703056768559,0.1091703056768559,1.965065502183406,0.32751091703056767,1.3100436681222707,5.458515283842795,1.2008733624454149,1.965065502183406,0.1091703056768559,0.1091703056768559,1.2008733624454149,8.296943231441048,9.115720524017467,4.6943231441048034,0.5458515283842794,4.148471615720524,0.6550218340611353,1.0
CD_I992472,Oscar McDonald,Fremantle,Back-Pocket,21.0,"https://s.afl.com.au/staticfile/AFL Tenant/AFL/Players/ChampIDImages/AFL/2026014/992472.png?im=Scale,width=0.6,height=0.6",0.4216666666666667,10.120000000000001,11,10.474308300395256,6.225296442687746,3.7549407114624502,14.229249011857705,11.561264822134387,0.09881422924901184,0.0,0.0,1.7786561264822132,2.9644268774703555,0.8893280632411066,0.19762845849802368,2.075098814229249,0.8893280632411066,0.7905138339920947,3.6561264822134385,10.079051383399209,0.6916996047430829,0.09881422924901184,6.719367588932806,0.0,0.19762845849802368,63.83399209486166,0.0,0.19762845849802368,2.7667984189723316,256.9169960474308,2.371541501976284,5.138339920948616,0.0,0.39525691699604737,2.569169960474308,0.09881422924901184,0.0,5.237154150197628,8.794466403162055,0.0,2.075098814229249,0.0,1.5810276679841895,0.19762845849802368,6.1264822134387344,6.778656126482212,0.0,0.9881422924901185,0.09881422924901184,6.1264822134387344,1.0
CD_I1027893,Oscar Ryan,Adelaide Crows,Interchange,22.0,"https://s.afl.com.au/staticfile/AFL Tenant/AFL/Players/ChampIDImages/AFL/2026014/1027893.png?im=Scale,width=0.6,height=0.6",0.06041666666666667,1.45,2,14.482758620689655,5.517241379310345,7.586206896551724,22.06896551724138,18.620689655172413,0.6896551724137931,0.0,0.0,4.137931034482759,2.7586206896551726,4.827586206896552,0.6896551724137931,2.0689655172413794,4.137931034482759,0.6896551724137931,8.275862068965518,13.10344827586207,1.3793103448275863,0.0,2.7586206896551726,0.0,1.3793103448275863,97.93103448275862,0.0,0.6896551724137931,6.206896551724138,362.7586206896552,5.517241379310345,8.275862068965518,0.0,0.0,0.6896551724137931,0.0,0.0,8.965517241379311,11.724137931034484,0.0,2.7586206896551726,0.0,2.7586206896551726,0.0,11.724137931034484,13.724137931034482,0.0,0.0,0.6896551724137931,2.0689655172413794,1.0
CD_I1022844,Oscar Steene,Collingwood,Ruck,21.0,"https://s.afl.com.au/staticfile/AFL Tenant/AFL/Players/ChampIDImages/AFL/2026014/1022844.png?im=Scale,width=0.6,height=0.6",0.19958333333333333,4.79,8,4.801670146137787,3.757828810020877,9.18580375782881,13.987473903966597,10.020876826722338,0.8350730688935282,0.0,18.997912317327767,2.5052192066805845,0.0,1.6701461377870563,3.1315240083507305,3.757828810020877,2.922755741127349,1.4613778705636744,8.559498956158663,5.010438413361169,1.0438413361169103,0.8350730688935282,1.4613778705636744,0.0,0.20876826722338204,76.61795407098121,2.5052192066805845,0.6263048016701461,5.010438413361169,112.52609603340292,2.5052192066805845,3.549060542797495,0.20876826722338204,0.20876826722338204,0.20876826722338204,0.6263048016701461,0.0,4.384133611691023,2.922755741127349,0.4175365344467641,4.592901878914405,6.471816283924843,1.0438413361169103,0.0,11.691022964509395,12.964509394572024,53.02713987473904,2.5052192066805845,0.8350730688935282,1.4613778705636744,1.0
CD_I1008855,Oskar Baker,Western Bulldogs,"Forward Pocket, Wing",13.0,"https://s.afl.com.au/staticfile/AFL Tenant/AFL/Players/ChampIDImages/AFL/2026014/1008855.png?im=Scale,width=0.6,height=0.6",0.242,6.05,9,11.074380165289256,7.272727272727273,7.43801652892562,18.51239669421488,13.553719008264464,1.4876033057851241,0.3305785123966942,0.0,1.322314049586777,0.9917355371900827,2.644628099173554,0.9917355371900827,3.3057851239669422,0.3305785123966942,1.6528925619834711,4.132231404958678,14.049586776859504,0.1652892561983471,1.15702479338843,1.9834710743801653,0.8264462809917356,0.3305785123966942,79.83471074380165,0.0,0.9917355371900827,4.958677685950414,286.2809917355372,3.8016528925619837,2.1487603305785123,0.6611570247933884,0.0,0.0,1.4876033057851241,0.3305785123966942,5.12396694214876,7.933884297520661,1.15702479338843,3.1404958677685952,0.0,0.6611570247933884,0.9917355371900827,13.223140495867769,8.512396694214877,0.0,0.49586776859504134,1.9834710743801653,1.4876033057851241,1.0
CD_I1020887,Paddy Cross,Melbourne,Half-Forward,41.0,"https://s.afl.com.au/staticfile/AFL Tenant/AFL/Players/ChampIDImages/AFL/2026014/1020887.png?im=Scale,width=0.6,height=0.6",0.31833333333333336,7.640000000000001,11,6.675392670157067,3.0104712041884816,4.712041884816753,11.38743455497382,8.115183246073299,0.7853403141361256,0.5235602094240838,0.0,4.057591623036649,0.7853403141361256,2.486910994764398,0.6544502617801047,2.094240837696335,0.7853403141361256,1.1780104712041883,4.450261780104712,7.591623036649214,0.5235602094240838,0.5235602094240838,1.5706806282722512,0.0,0.5235602094240838,57.19895287958115,0.0,0.6544502617801047,3.272251308900523,226.3089005235602,2.7486910994764395,1.4397905759162302,0.9162303664921465,0.0,0.13089005235602094,0.9162303664921465,0.2617801047120419,7.198952879581151,4.712041884816753,0.7853403141361256,2.8795811518324603,0.0,0.13089005235602094,1.1780104712041883,18.19371727748691,8.062827225130889,0.0,0.6544502617801047,1.5706806282722512,1.0471204188481675,1.0
CD_I990704,Patrick Cripps,Carlton,Centre,9.0,"https://s.afl.com.au/staticfile/AFL Tenant/AFL/Players/ChampIDImages/AFL/2026014/990704.png?im=Scale,width=0.6,height=0.6",0.8072,20.18,25,12.685827552031714,3.2705649157581766,19.821605550049554,32.50743310208127,21.25867195242815,0.7928642220019821,0.89197224975223,0.14866204162537167,6.045589692765114,0.7928642220019821,4.261645193260654,9.316154608523291,6.194251734390486,2.2299306243805748,2.6263627353815657,17.789890981169474,14.469772051536175,0.5946481665014867,0.7928642220019821,1.3875123885034688,0.049554013875123884,0.24777006937561943,111.8434093161546,4.162537165510407,5.153617443012884,8.424182358771061,375.56987115956395,4.955401387512389,1.734390485629336,0.89197224975223,0.0,0.0,0.5946481665014867,0.29732408325074333,9.167492566897918,6.541129831516353,2.527254707631318,10.158572844400396,0.049554013875123884,0.14866204162537167,0.29732408325074333,21.40733399405352,16.1595639246779,4.757185332011893,2.8245787908820614,2.329038652130823,0.49554013875123887,1.0
CD_I270917,Patrick Dangerfield,Geelong Cats,Forward Pocket,35.0,"https://s.afl.com.au/staticfile/AFL Tenant/AFL/Players/ChampIDImages/AFL/2026014/270917.png?im=Scale,width=0.6,height=0.6",0.5191666666666667,12.459999999999999,18,12.038523274478331,5.056179775280899,9.630818619582666,21.669341894060995,13.081861958266453,2.247191011235955,1.1235955056179776,0.0,2.1669341894060996,0.32102728731942215,4.815409309791333,2.568218298555377,4.49438202247191,1.4446227929373998,1.043338683788122,10.272873194221509,11.717495987158909,0.8025682182985554,2.808988764044944,1.6853932584269664,0.0,1.4446227929373998,92.13483146067416,0.882825040128411,1.6853932584269664,8.908507223113965,401.685393258427,4.253611556982344,1.8459069020866774,0.7223113964686999,0.0,0.0,0.9630818619582665,0.32102728731942215,2.0064205457463884,6.340288924558588,2.487961476725522,7.704654895666132,0.0,0.24077046548956663,1.5248796147672554,11.396468699839486,14.325842696629215,0.08025682182985554,1.3643659711075442,4.333868378812199,0.8025682182985554,1.0
CD_I1003130,Patrick Lipinski,Collingwood,Wing,1.0,"https://s.afl.com.au/staticfile/AFL Tenant/AFL/Players/ChampIDImages/AFL/2026014/1003130.png?im=Scale,width=0.6,height=0.6",0.6775,16.259999999999998,20,10.701107011070112,5.473554735547356,14.391143911439116,25.09225092250923,19.065190651906523,0.6150061500615007,0.7380073800738008,0.0,2.8905289052890533,2.2140221402214024,3.0750307503075036,1.9680196801968022,2.460024600246003,0.49200492004920054,0.6150061500615007,6.519065190651907,18.45018450184502,0.12300123001230014,0.7380073800738008,1.1685116851168513,0.0,0.6150061500615007,91.94341943419435,0.3690036900369004,1.5990159901599017,7.872078720787209,347.2324723247233,3.628536285362854,3.1365313653136537,0.7380073800738008,0.0,0.0,0.3690036900369004,0.12300123001230014,8.118081180811808,6.642066420664207,1.045510455104551,5.289052890528906,0.0,0.5535055350553506,0.5535055350553506,18.88068880688807,11.82656826568266,0.0,1.2300123001230014,1.3530135301353015,0.4305043050430505,1.0
CD_I1032081,Patrick Retschko,Richmond,Wing,33.0,"https://s.afl.com.au/staticfile/AFL Tenant/AFL/Players/ChampIDImages/AFL/2026014/1032081.png?im=Scale,width=0.6,height=0.6",0.678695652173913,15.61,18,13.004484304932737,5.637411915438822,8.648302370275465,21.6527866752082,15.566944266495836,0.06406149903907751,0.19218449711723254,0.0,2.3702754644458683,3.1390134529147984,2.946828955797566,1.1531069827033953,2.626521460602178,0.4484304932735426,0.5765534913516976,5.060858424087124,16.720051249199233,0.12812299807815503,0.19218449711723254,0.8968609865470852,1.2812299807815504,0.3203074951953876,81.99871877001922,0.06406149903907751,1.0890454836643177,2.690582959641256,437.54003843689947,5.060858424087124,3.7796284433055733,0.12812299807815503,0.06406149903907751,0.4484304932735426,0.0,0.0,6.342088404868674,8.199871877001922,0.3843689942344651,3.9077514413837284,0.0,0.8968609865470852,0.3203074951953876,11.531069827033953,8.212684176809736,0.0,0.4484304932735426,0.4484304932735426,0.6406149903907752,1.0
CD_I1017754,Patrick Voss,Fremantle,Forward Pocket,20.0,"https://s.afl.com.au/staticfile/AFL Tenant/AFL/Players/ChampIDImages/AFL/2026014/1017754.png?im=Scale,width=0.6,height=0.6",0.8379166666666666,20.11,23,7.757334659373447,4.4256588761810045,4.52511188463451,12.282446544007957,8.453505718547987,2.038786673296867,1.4917951268025857,0.0,3.580308304326206,0.09945300845350571,2.2376926902038785,0.29835902536051717,3.3316757831924417,1.093983092988563,1.6907011437095973,4.823470909995027,7.608155146693187,0.5967180507210343,2.4365987071108903,1.1437095972153157,0.19890601690701143,0.8453505718547987,69.66683242168075,0.0,0.29835902536051717,7.160616608652412,242.1183490800597,2.884137245151666,0.9945300845350572,2.3371456986573844,0.0,0.0,2.2376926902038785,0.39781203381402286,2.3868722028841374,4.574838388861263,1.2928891098955744,2.9835902536051715,0.0,0.09945300845350571,1.74042764793635,12.232720039781205,8.229736449527598,0.0,0.5469915464942815,4.17702635504724,0.8950770760815515,1.0
CD_I1002947,Paul Curtis,North Melbourne,Half-Forward,25.0,"https://s.afl.com.au/staticfile/AFL Tenant/AFL/Players/ChampIDImages/AFL/2026014/1002947.png?im=Scale,width=0.6,height=0.6",0.6952173913043479,15.99,20,10.068792995622264,4.878048780487805,5.440900562851782,15.509693558474046,10.756722951844903,2.3764853033145714,1.3758599124452784,0.0,4.440275171982489,0.37523452157598497,2.689180737961226,1.125703564727955,3.627267041901188,1.4383989993746091,1.5634771732332708,6.0037523452157595,8.692933083176985,0.6879299562226392,2.188868042526579,1.6260162601626016,0.0,1.0631644777986242,85.86616635397124,0.12507817385866166,1.0006253908692933,7.629768605378361,266.6666666666667,2.1263289555972484,1.6885553470919323,1.876172607879925,0.0,0.0,0.7504690431519699,0.18761726078799248,3.8774233896185115,6.378986866791744,1.4383989993746091,3.5021888680425266,0.0,0.18761726078799248,1.0006253908692933,18.2614133833646,12.201375859912444,0.0,1.1882426516572857,4.127579737335835,0.5003126954346466,1.0
CD_I997142,Peter Ladhams,Sydney Swans,Ruck,19.0,"https://s.afl.com.au/staticfile/AFL Tenant/AFL/Players/ChampIDImages/AFL/2026014/997142.png?im=Scale,width=0.6,height=0.6",0.059583333333333335,1.4300000000000002,2,9.79020979020979,2.0979020979020975,10.489510489510488,20.279720279720276,11.188811188811188,0.6993006993006993,0.0,31.468531468531467,2.0979020979020975,2.0979020979020975,0.6993006993006993,7.692307692307692,4.195804195804195,2.797202797202797,1.3986013986013985,15.384615384615383,6.293706293706293,1.3986013986013985,0.0,2.0979020979020975,0.0,0.0,99.30069930069929,4.195804195804195,3.4965034965034962,4.195804195804195,237.06293706293704,2.797202797202797,1.3986013986013985,0.6993006993006993,0.0,0.6993006993006993,0.0,0.0,4.195804195804195,2.797202797202797,0.6993006993006993,5.594405594405594,7.692307692307692,0.6993006993006993,0.0,9.09090909090909,21.748251748251747,74.82517482517481,3.4965034965034962,0.6993006993006993,2.0979020979020975,1.0
CD_I298289,Peter Wright,Essendon,Full-Forward,20.0,"https://s.afl.com.au/staticfile/AFL Tenant/AFL/Players/ChampIDImages/AFL/2026014/298289.png?im=Scale,width=0.6,height=0.6",0.6534782608695653,15.030000000000001,18,8.782435129740518,5.123087159015302,5.655355954757152,14.43779108449767,10.379241516966067,1.8629407850964737,1.1310711909514304,13.040585495675314,1.7298735861610113,0.998003992015968,1.3972055888223551,1.4637391882900863,2.661343978709248,1.7964071856287425,1.2641383898868928,6.586826347305388,8.250166333998669,0.998003992015968,2.2621423819028608,3.2601463739188286,0.0,0.5322687957418496,83.30006653359946,0.8649367930805056,0.5988023952095808,6.520292747837657,229.74051896207584,2.661343978709248,2.4617431803060543,0.5322687957418496,0.0,0.19960079840319359,2.5948103792415167,0.332667997338656,3.060545575515635,5.788423153692614,0.7318695941450432,2.5948103792415167,3.992015968063872,0.9314703925482368,1.0645375914836992,8.982035928143713,12.129075182967396,34.99667332002661,1.7298735861610113,3.1936127744510974,2.1956087824351296,1.0
CD_I1032042,Phoenix Gothard,GWS GIANTS,Half-Forward,11.0,"https://s.afl.com.au/staticfile/AFL Tenant/AFL/Players/ChampIDImages/AFL/2026014/1032042.png?im=Scale,width=0.6,height=0.6",0.5065217391304347,11.65,16,8.927038626609441,2.6609442060085837,10.729613733905579,19.65665236051502,13.648068669527897,1.5450643776824033,1.0300429184549356,0.0,5.064377682403434,0.34334763948497854,2.7467811158798283,1.5450643776824033,2.2317596566523603,1.3733905579399142,1.0300429184549356,7.982832618025751,12.188841201716738,0.0,1.1158798283261802,1.1158798283261802,0.8583690987124464,0.6866952789699571,85.06437768240343,0.2575107296137339,1.2875536480686696,6.7811158798283255,260.4291845493562,3.261802575107296,2.060085836909871,2.4034334763948495,0.17167381974248927,0.17167381974248927,0.17167381974248927,0.0,5.493562231759657,4.8927038626609445,2.6609442060085837,6.351931330472103,0.0,0.17167381974248927,0.5150214592274678,20.34334763948498,13.296137339055795,0.0,1.0300429184549356,3.261802575107296,0.7725321888412017,1.0
CD_I297523,Reilly O'Brien,Adelaide Crows,Ruck,43.0,"https://s.afl.com.au/staticfile/AFL Tenant/AFL/Players/ChampIDImages/AFL/2026014/297523.png?im=Scale,width=0.6,height=0.6",0.048749999999999995,1.17,2,5.982905982905983,5.128205128205129,5.982905982905983,11.965811965811966,9.401709401709402,0.0,0.0,42.73504273504274,5.128205128205129,0.0,1.7094017094017095,2.5641025641025643,5.128205128205129,1.7094017094017095,1.7094017094017095,6.837606837606838,4.273504273504273,1.7094017094017095,0.0,5.128205128205129,0.0,0.0,105.12820512820514,0.8547008547008548,1.7094017094017095,2.5641025641025643,166.66666666666669,1.7094017094017095,3.418803418803419,0.0,0.0,0.0,0.8547008547008548,0.0,7.6923076923076925,3.418803418803419,0.8547008547008548,2.5641025641025643,11.111111111111112,2.5641025641025643,0.8547008547008548,11.965811965811966,8.632478632478632,97.43589743589745,1.7094017094017095,0.0,3.418803418803419,1.0
CD_I1023025,Reuben Ginbey,West Coast Eagles,Full-Back,7.0,"https://s.afl.com.au/staticfile/AFL Tenant/AFL/Players/ChampIDImages/AFL/2026014/1023025.png?im=Scale,width=0.6,height=0.6",0.49869565217391304,11.47,13,9.328683522231909,4.969485614646905,5.579773321708806,14.908456843940714,12.11857018308631,0.0,0.0,0.0,2.4411508282476024,2.964254577157803,1.133391455972101,0.34873583260680036,1.4821272885789014,0.8718395815170008,0.34873583260680036,6.102877070619006,8.544027898866608,0.6974716652136007,0.0,6.9747166521360064,0.6102877070619006,0.17436791630340018,63.64428945074106,0.0,0.34873583260680036,2.4411508282476024,217.0880557977332,3.051438535309503,8.805579773321709,0.0,0.26155187445510025,2.8770706190061026,0.0,0.0,7.149084568439407,7.061900610287707,0.0,4.272013949433304,0.0,2.8770706190061026,0.17436791630340018,7.9337401918047075,11.351351351351349,0.08718395815170009,1.5693112467306014,0.0,6.102877070619006,1.0
CD_I1017718,Rhett Bazzo,West Coast Eagles,Full-Back,33.0,"https://s.afl.com.au/staticfile/AFL Tenant/AFL/Players/ChampIDImages/AFL/2026014/1017718.png?im=Scale,width=0.6,height=0.6",0.5282608695652173,12.15,14,6.008230452674897,5.5967078189300405,7.489711934156379,13.497942386831275,11.275720164609053,0.0,0.0,0.0,1.3991769547325101,1.8930041152263375,0.7407407407407407,0.0,2.3868312757201644,0.823045267489712,1.1522633744855966,4.938271604938271,8.724279835390947,0.5761316872427983,0.0,7.57201646090535,0.24691358024691357,0.0,52.757201646090536,0.0,0.0,1.646090534979424,137.77777777777777,1.9753086419753085,7.078189300411522,0.0,0.7407407407407407,2.3868312757201644,0.0,0.0,6.337448559670782,5.020576131687243,0.0,3.2098765432098766,0.0,2.551440329218107,0.0823045267489712,7.65432098765432,6.905349794238683,0.0,0.7407407407407407,0.0,6.91358024691358,1.0
CD_I1008478,Rhyan Mansell,Richmond,Forward Pocket,7.0,"https://s.afl.com.au/staticfile/AFL Tenant/AFL/Players/ChampIDImages/AFL/2026014/1008478.png?im=Scale,width=0.6,height=0.6",0.19434782608695653,4.470000000000001,6,10.738255033557046,5.592841163310961,4.026845637583892,14.765100671140937,7.606263982102907,1.7897091722595075,1.3422818791946307,0.0,4.474272930648769,0.22371364653243844,3.355704697986577,0.4474272930648769,3.355704697986577,0.8948545861297538,0.8948545861297538,4.921700223713646,9.395973154362414,0.6711409395973154,2.2371364653243844,1.1185682326621922,0.0,0.4474272930648769,85.23489932885904,0.0,0.4474272930648769,5.8165548098433995,332.8859060402684,4.697986577181207,2.6845637583892614,2.2371364653243844,0.0,0.0,1.3422818791946307,0.22371364653243844,2.9082774049216997,4.921700223713646,1.5659955257270692,3.579418344519015,0.0,0.4474272930648769,1.1185682326621922,18.791946308724828,7.695749440715883,0.0,1.1185682326621922,4.921700223713646,1.1185682326621922,1.0
CD_I1006127,Rhylee West,Western Bulldogs,Forward Pocket,14.0,"https://s.afl.com.au/staticfile/AFL Tenant/AFL/Players/ChampIDImages/AFL/2026014/1006127.png?im=Scale,width=0.6,height=0.6",0.7427999999999999,18.57,24,9.800753904146474,4.308023694130318,8.34679590737749,18.147549811523962,12.439418416801292,0.9693053311793215,0.8616047388260635,0.0,3.607969843834141,0.5385029617662898,3.0694668820678515,1.7770597738287561,3.5541195476575123,1.1308562197092085,1.4001077005923532,8.023694130317716,10.608508346795908,0.21540118470651587,1.2385568120624664,1.2385568120624664,0.43080236941303174,0.8077544426494345,77.05977382875605,0.21540118470651587,1.56165858912224,6.24663435648896,277.4367259019925,3.877221324717286,2.2078621432417878,1.4539579967689822,0.0,0.10770059235325793,1.0231556273559503,0.21540118470651587,4.846526655896607,5.331179321486268,2.369413031771675,6.24663435648896,0.0,0.10770059235325793,1.1308562197092085,17.447495961227787,10.40926225094238,0.0,0.9154550350026925,2.369413031771675,0.48465266558966075,1.0
CD_I280317,Rhys Stanley,Geelong Cats,Ruck,1.0,"https://s.afl.com.au/staticfile/AFL Tenant/AFL/Players/ChampIDImages/AFL/2026014/280317.png?im=Scale,width=0.6,height=0.6",0.027500000000000004,0.66,1,12.121212121212121,4.545454545454545,13.636363636363635,25.757575757575758,18.18181818181818,0.0,0.0,25.757575757575758,4.545454545454545,0.0,6.0606060606060606,4.545454545454545,0.0,0.0,0.0,12.121212121212121,12.121212121212121,1.5151515151515151,0.0,9.09090909090909,0.0,3.0303030303030303,121.2121212121212,3.0303030303030303,1.5151515151515151,9.09090909090909,363.6363636363636,1.5151515151515151,3.0303030303030303,0.0,0.0,0.0,0.0,0.0,4.545454545454545,10.606060606060606,0.0,9.09090909090909,4.545454545454545,0.0,0.0,7.575757575757575,23.333333333333332,66.66666666666666,4.545454545454545,0.0,9.09090909090909,1.0
CD_I1032023,Rhys Unwin,Essendon,Forward Pocket,38.0,"https://s.afl.com.au/staticfile/AFL Tenant/AFL/Players/ChampIDImages/AFL/2026014/1032023.png?im=Scale,width=0.6,height=0.6",0.12000000000000001,2.7600000000000002,4,4.7101449275362315,2.5362318840579707,6.159420289855072,10.869565217391303,8.333333333333332,0.3623188405797101,0.3623188405797101,0.0,5.434782608695651,0.3623188405797101,2.5362318840579707,0.3623188405797101,2.5362318840579707,1.0869565217391304,1.4492753623188404,5.434782608695651,6.884057971014492,0.3623188405797101,0.0,1.4492753623188404,0.3623188405797101,0.7246376811594202,55.07246376811594,0.0,0.3623188405797101,3.260869565217391,124.99999999999999,1.4492753623188404,1.4492753623188404,2.5362318840579707,0.0,0.0,0.7246376811594202,0.3623188405797101,6.159420289855072,3.260869565217391,1.4492753623188404,2.8985507246376807,0.0,0.0,1.0869565217391304,21.739130434782606,7.028985507246376,0.0,0.3623188405797101,0.7246376811594202,0.0,1.0
CD_I1008224,Riley Bice,Sydney Swans,Half-Back,26.0,"https://s.afl.com.au/staticfile/AFL Tenant/AFL/Players/ChampIDImages/AFL/2026014/1008224.png?im=Scale,width=0.6,height=0.6",0.6670833333333334,16.009999999999998,20,14.366021236727047,6.183635227982512,11.118051217988759,25.484072454715808,19.61274203622736,0.18738288569643974,0.06246096189881325,0.0,2.560899437851343,3.5602748282323553,2.560899437851343,0.5621486570893193,3.3728919425359156,0.6870705808869457,0.43722673329169276,5.434103685196753,17.48906933166771,0.18738288569643974,0.1249219237976265,3.185509056839476,2.6858213616489697,0.6870705808869457,94.69081823860088,0.1249219237976265,0.43722673329169276,4.747033104309807,436.78950655840106,3.747657713928795,5.683947532792006,0.0,0.06246096189881325,0.6246096189881325,0.0,0.0,9.306683322923174,10.306058713304186,0.0,3.997501561524048,0.0,1.6864459712679578,0.249843847595253,12.617114303560276,12.685821361648971,0.0,1.6239850093691446,0.249843847595253,1.8113678950655843,1.0
CD_I1029046,Riley Hamilton,GWS GIANTS,Half-Forward,43.0,"https://s.afl.com.au/staticfile/AFL Tenant/AFL/Players/ChampIDImages/AFL/2026014/1029046.png?im=Scale,width=0.6,height=0.6",0.25565217391304346,5.88,8,6.9727891156462585,1.7006802721088436,5.1020408163265305,12.07482993197279,6.802721088435375,0.8503401360544218,1.3605442176870748,0.0,4.081632653061225,0.0,1.870748299319728,0.5102040816326531,3.741496598639456,0.6802721088435374,1.1904761904761905,4.591836734693878,6.802721088435375,0.17006802721088435,0.8503401360544218,0.8503401360544218,0.0,0.17006802721088435,56.12244897959184,0.17006802721088435,0.3401360544217687,5.272108843537415,175.85034013605443,3.231292517006803,1.1904761904761905,2.7210884353741496,0.0,0.0,0.5102040816326531,0.17006802721088435,3.061224489795918,2.5510204081632653,1.870748299319728,3.5714285714285716,0.0,0.17006802721088435,0.3401360544217687,18.707482993197278,3.418367346938776,0.0,0.6802721088435374,2.5510204081632653,0.5102040816326531,1.0
CD_I1023625,Riley Hardeman,North Melbourne,Half-Back,17.0,"https://s.afl.com.au/staticfile/AFL Tenant/AFL/Players/ChampIDImages/AFL/2026014/1023625.png?im=Scale,width=0.6,height=0.6",0.22086956521739132,5.08,7,12.204724409448819,4.52755905511811,6.102362204724409,18.30708661417323,13.58267716535433,0.19685039370078738,0.0,0.0,1.968503937007874,2.7559055118110236,3.149606299212598,0.39370078740157477,1.968503937007874,0.39370078740157477,0.5905511811023622,2.559055118110236,15.354330708661417,0.0,0.0,1.574803149606299,0.19685039370078738,0.19685039370078738,70.07874015748031,0.0,0.39370078740157477,3.149606299212598,383.26771653543307,4.724409448818897,3.3464566929133857,0.0,0.0,0.5905511811023622,0.0,0.0,8.070866141732283,8.858267716535433,0.0,2.1653543307086616,0.0,1.1811023622047243,0.0,9.448818897637794,6.318897637795276,0.0,0.984251968503937,0.39370078740157477,1.1811023622047243,1.0
CD_I1008384,Riley Thilthorpe,Adelaide Crows,Centre Half-Forward,7.0,"https://s.afl.com.au/staticfile/AFL Tenant/AFL/Players/ChampIDImages/AFL/2026014/1008384.png?im=Scale,width=0.6,height=0.6",0.7304166666666667,17.53,21,10.211066742726754,6.617227609811751,5.305191100969766,15.516257843696518,9.6406160867085,1.9965772960638903,1.5972618368511122,4.335424985738733,2.053622361665716,0.17113519680547631,3.2515687393040498,1.426126640045636,2.738163148887621,0.9697661152310324,0.7986309184255561,7.872219053051911,7.758128921848259,2.6811180832857957,3.023388476896748,1.825442099258414,0.17113519680547631,0.8556759840273815,85.79577866514546,0.6274957216200798,0.7986309184255561,7.187678265830005,310.6674272675413,3.080433542498574,1.2549914432401597,0.6845407872219053,0.057045065601825436,0.057045065601825436,4.050199657729606,1.825442099258414,2.852253280091272,5.647461494580718,1.426126640045636,3.3086138049058755,0.7415858528237307,0.2852253280091272,2.3958927552766682,9.75470621791215,12.492869366799772,11.580148317170565,0.8556759840273815,4.050199657729606,1.0838562464346833,1.0
CD_I1027501,Roan Steele,Collingwood,Wing,45.0,"https://s.afl.com.au/staticfile/AFL Tenant/AFL/Players/ChampIDImages/AFL/2026014/1027501.png?im=Scale,width=0.6,height=0.6",0.6283333333333334,15.080000000000002,19,10.543766578249336,3.7798408488063657,7.692307692307692,18.236074270557026,12.599469496021218,0.9946949602122015,0.663129973474801,0.0,2.4535809018567636,1.392572944297082,2.718832891246684,1.7241379310344827,2.3872679045092835,0.4641909814323607,0.3315649867374005,5.835543766578248,11.671087533156497,0.1326259946949602,0.5305039787798408,1.392572944297082,0.0,0.5305039787798408,74.27055702917771,0.19893899204244028,1.5251989389920422,5.437665782493368,314.787798408488,3.2493368700265246,3.1830238726790445,0.5305039787798408,0.0,0.0,0.1326259946949602,0.0663129973474801,7.360742705570291,5.901856763925728,1.0610079575596816,4.641909814323607,0.0,0.3315649867374005,0.5305039787798408,16.180371352785144,10.749336870026523,0.0,1.326259946949602,1.7904509283819627,0.8620689655172413,1.0
CD_I293222,Rory Laird,Adelaide Crows,Half-Back,29.0,"https://s.afl.com.au/staticfile/AFL Tenant/AFL/Players/ChampIDImages/AFL/2026014/293222.png?im=Scale,width=0.6,height=0.6",0.6216666666666666,14.919999999999998,19,16.487935656836463,8.445040214477213,13.33780160857909,29.825737265415555,24.664879356568367,0.06702412868632708,0.0,0.0,3.016085790884719,4.021447721179626,2.1447721179624666,1.2734584450402147,3.016085790884719,1.0053619302949064,0.804289544235925,7.171581769436998,20.844504021447722,0.2680965147453083,0.0,1.8766756032171583,0.2680965147453083,0.33512064343163545,112.53351206434317,0.06702412868632708,1.2064343163538875,4.3565683646112605,324.6648793565684,4.691689008042896,7.104557640750671,0.06702412868632708,0.4021447721179625,1.0053619302949064,0.0,0.0,7.707774798927615,12.8686327077748,0.0,5.831099195710457,0.0,1.541554959785523,0.06702412868632708,10.388739946380698,9.028150134048257,0.0,1.0723860589812333,0.06702412868632708,1.2734584450402147,1.0
CD_I990740,Rory Lobb,Western Bulldogs,Back-Pocket,7.0,"https://s.afl.com.au/staticfile/AFL Tenant/AFL/Players/ChampIDImages/AFL/2026014/990740.png?im=Scale,width=0.6,height=0.6",0.7544,18.86,22,8.112407211028632,4.825026511134677,4.878048780487805,12.990455991516438,8.907741251325557,0.2651113467656416,0.47720042417815484,11.081654294803817,3.2873806998939554,2.2269353128313893,1.4846235418875928,1.3785790031813363,2.332979851537646,0.848356309650053,0.848356309650053,6.097560975609756,6.892895015906681,1.166489925768823,0.7423117709437964,5.832449628844115,0.053022269353128315,0.3181336161187699,73.17073170731707,0.5302226935312832,0.848356309650053,3.4464475079533403,229.9575821845175,2.1739130434782608,3.552492046659597,0.6892895015906682,0.2651113467656416,1.2195121951219512,1.325556733828208,0.2651113467656416,5.885471898197243,5.249204665959703,0.47720042417815484,2.9692470837751856,2.863202545068929,1.4316012725344645,0.5302226935312832,10.975609756097562,9.90455991516437,36.10816542948038,1.5376458112407212,0.9013785790031814,5.355249204665959,1.0
CD_I992468,Rowan Marshall,St Kilda,Forward Pocket,19.0,"https://s.afl.com.au/staticfile/AFL Tenant/AFL/Players/ChampIDImages/AFL/2026014/992468.png?im=Scale,width=0.6,height=0.6",0.7039130434782609,16.19,21,12.291537986411363,5.558987029030265,10.438542310067943,22.730080296479308,14.268066707844348,0.8647313156269302,0.7411982705373686,19.085855466337243,3.0265596046942553,0.9882643607164916,3.6442248301420626,6.485484867201976,4.4471896232242125,2.2235948116121063,1.9147621988882024,13.526868437306979,9.38851142680667,1.1735639283508337,1.4823965410747373,2.5941939468807904,0.0,0.3705991352686843,108.02964793082148,2.5941939468807904,3.8912909203211856,7.226683137739345,303.33539221741813,4.138357010500308,2.5324274243360096,0.679431747992588,0.18529956763434216,0.4323656578134651,1.791229153798641,0.7411982705373686,5.188387893761581,6.361951822112415,1.1735639283508337,5.003088326127239,5.682520074119827,0.9882643607164916,1.1117974058060531,10.870907967881408,16.442248301420626,58.12229771463866,3.5206917850525015,2.2235948116121063,1.6059295861642988,1.0
CD_I1015777,Ryan Angwin,GWS GIANTS,Wing,9.0,"https://s.afl.com.au/staticfile/AFL Tenant/AFL/Players/ChampIDImages/AFL/2026014/1015777.png?im=Scale,width=0.6,height=0.6",0.7095652173913043,16.32,20,9.681372549019608,3.676470588235294,10.60049019607843,20.28186274509804,15.318627450980392,0.42892156862745096,0.1838235294117647,0.0,3.4313725490196076,2.0220588235294117,3.553921568627451,2.2058823529411766,2.6348039215686274,0.9191176470588235,0.7965686274509803,7.659313725490196,12.622549019607844,0.1838235294117647,0.1838235294117647,1.531862745098039,0.1838235294117647,0.5514705882352942,76.28676470588235,0.5514705882352942,1.6544117647058822,4.411764705882353,332.5367647058823,3.063725490196078,3.553921568627451,0.24509803921568626,0.12254901960784313,0.24509803921568626,0.24509803921568626,0.0,10.60049019607843,6.740196078431373,0.8578431372549019,5.943627450980392,0.0,0.6127450980392157,0.12254901960784313,20.159313725490197,11.305147058823529,0.0,1.0416666666666667,0.8578431372549019,0.9191176470588235,1.0
CD_I1011994,Ryan Byrnes,St Kilda,Half-Back,13.0,"https://s.afl.com.au/staticfile/AFL Tenant/AFL/Players/ChampIDImages/AFL/2026014/1011994.png?im=Scale,width=0.6,height=0.6",0.5213043478260869,11.989999999999998,15,11.342785654712262,5.337781484570476,9.758131776480402,21.100917431192663,16.847372810675566,0.33361134278565474,0.2502085070892411,0.0,2.418682235195997,2.335279399499583,1.8348623853211012,1.6680567139282738,2.7522935779816518,0.5838198498748958,0.5004170141784822,5.254378648874062,16.01334445371143,0.0,0.16680567139282737,0.9174311926605506,0.08340283569641369,0.5838198498748958,80.56713928273562,0.33361134278565474,1.334445371142619,4.253544620517098,285.7381150959133,3.4195162635529615,3.4195162635529615,0.5004170141784822,0.08340283569641369,0.2502085070892411,0.33361134278565474,0.16680567139282737,6.755629691409509,8.507089241034196,0.33361134278565474,4.170141784820684,0.0,0.41701417848206845,1.0008340283569643,13.427856547122603,9.899916597164305,0.0,0.8340283569641369,0.8340283569641369,0.5838198498748958,1.0
CD_I997501,Ryan Gardner,Western Bulldogs,Back-Pocket,43.0,"https://s.afl.com.au/staticfile/AFL Tenant/AFL/Players/ChampIDImages/AFL/2026014/997501.png?im=Scale,width=0.6,height=0.6",0.0704,1.7600000000000002,4,6.8181818181818175,3.4090909090909087,2.8409090909090904,9.659090909090908,6.249999999999999,0.5681818181818181,0.0,9.09090909090909,1.7045454545454544,1.7045454545454544,1.1363636363636362,1.1363636363636362,3.4090909090909087,0.5681818181818181,0.5681818181818181,1.7045454545454544,7.386363636363636,0.0,0.0,10.227272727272727,0.0,0.0,54.54545454545454,0.0,1.1363636363636362,2.2727272727272725,186.36363636363635,2.8409090909090904,2.8409090909090904,0.0,0.5681818181818181,1.7045454545454544,0.0,0.0,8.522727272727272,4.545454545454545,0.0,0.5681818181818181,2.2727272727272725,1.1363636363636362,0.5681818181818181,10.227272727272727,7.727272727272727,44.31818181818181,0.5681818181818181,0.5681818181818181,9.659090909090908,1.0
CD_I291548,Ryan Lester,Brisbane Lions,Back-Pocket,35.0,"https://s.afl.com.au/staticfile/AFL Tenant/AFL/Players/ChampIDImages/AFL/2026014/291548.png?im=Scale,width=0.6,height=0.6",0.72125,17.31,20,12.305025996533796,7.914500288850376,5.60369728480647,17.90872328134027,15.597920277296362,0.057770075101097634,0.0,0.0,1.733102253032929,2.8885037550548818,1.9641825534373196,0.6932409012131716,2.1374927787406124,0.5777007510109764,0.5199306759098787,4.7949162333911035,12.073945696129407,0.7510109763142693,0.0,4.332755632582323,0.0,0.11554015020219527,78.1629116117851,0.0,0.6932409012131716,4.217215482380127,290.23685730791453,2.4841132293471984,6.35470826112074,0.0,0.7510109763142693,2.8307336799537843,0.057770075101097634,0.0,9.416522241478914,10.340843443096476,0.0,3.2351242056614677,0.0,2.021952628538417,0.8087810514153669,11.611785095320625,12.056614673599077,0.0,1.3864818024263432,0.057770075101097634,3.6972848064702486,1.0
CD_I1029416,Ryan Maric,West Coast Eagles,"Half-Back, Half-Forward, Wing",23.0,"https://s.afl.com.au/staticfile/AFL Tenant/AFL/Players/ChampIDImages/AFL/2026014/1029416.png?im=Scale,width=0.6,height=0.6",0.40956521739130436,9.42,12,12.632696390658174,4.883227176220807,9.978768577494693,22.611464968152866,17.8343949044586,0.10615711252653928,0.21231422505307856,0.0,2.653927813163482,1.3800424628450105,2.8662420382165603,1.167728237791932,2.0169851380042463,1.0615711252653928,0.6369426751592356,6.369426751592357,15.605095541401274,0.21231422505307856,0.10615711252653928,0.8492569002123143,0.21231422505307856,0.42462845010615713,83.12101910828025,0.10615711252653928,1.0615711252653928,4.140127388535032,342.03821656050957,3.0785562632696393,3.821656050955414,0.10615711252653928,0.10615711252653928,0.10615711252653928,0.10615711252653928,0.10615711252653928,8.492569002123142,9.872611464968154,0.6369426751592356,4.989384288747346,0.0,0.21231422505307856,0.0,15.498938428874736,9.8619957537155,0.0,1.0615711252653928,0.3184713375796178,0.42462845010615713,1.0
CD_I1017939,Ryley Sanders,Western Bulldogs,Half-Forward,9.0,"https://s.afl.com.au/staticfile/AFL Tenant/AFL/Players/ChampIDImages/AFL/2026014/1017939.png?im=Scale,width=0.6,height=0.6",0.7496,18.740000000000002,23,10.458911419423691,4.055496264674493,17.556029882604054,28.014941302027744,22.03842049092849,0.26680896478121663,0.26680896478121663,0.0,4.749199573105656,1.4941302027748131,3.094983991462113,4.268943436499466,3.148345784418356,0.9605122732123799,1.1739594450373532,9.818569903948772,18.249733191035215,0.26680896478121663,0.16008537886872998,0.5336179295624333,0.5336179295624333,0.48025613660618993,96.95837780149412,1.4941302027748131,2.774813233724653,6.083244397011739,278.0149413020277,3.6819637139807893,3.148345784418356,0.5869797225186766,0.10672358591248665,0.2134471718249733,0.10672358591248665,0.0,12.433297758804695,6.830309498399146,1.0672358591248665,8.004268943436498,0.0,0.26680896478121663,0.2134471718249733,22.46531483457844,12.897545357524011,0.0,1.7609391675560297,0.7470651013874066,0.0,1.0
CD_I1015919,Saad El-Hawli,Essendon,Wing,41.0,"https://s.afl.com.au/staticfile/AFL Tenant/AFL/Players/ChampIDImages/AFL/2026014/1015919.png?im=Scale,width=0.6,height=0.6",0.2465217391304348,5.67,8,12.345679012345679,5.114638447971782,8.289241622574956,20.634920634920636,13.580246913580247,0.3527336860670194,0.3527336860670194,0.0,2.292768959435626,2.6455026455026456,2.1164021164021163,0.8818342151675486,3.5273368606701943,1.4109347442680775,0.5291005291005291,6.701940035273369,13.403880070546737,0.0,0.0,1.0582010582010581,1.4109347442680775,0.0,80.42328042328043,0.1763668430335097,0.7054673721340388,3.3509700176366843,364.9029982363316,5.114638447971782,5.64373897707231,0.1763668430335097,0.1763668430335097,0.1763668430335097,0.0,0.0,7.583774250440917,6.701940035273369,0.3527336860670194,5.114638447971782,0.0,1.4109347442680775,0.5291005291005291,12.698412698412698,8.677248677248677,0.0,1.2345679012345678,1.0582010582010581,0.8818342151675486,1.0
CD_I1013197,Sam Banks,Richmond,Centre Half-Back,6.0,"https://s.afl.com.au/staticfile/AFL Tenant/AFL/Players/ChampIDImages/AFL/2026014/1013197.png?im=Scale,width=0.6,height=0.6",0.5673913043478261,13.05,18,13.716475095785439,4.444444444444445,8.88888888888889,22.605363984674327,18.544061302681992,0.07662835249042145,0.07662835249042145,0.0,2.068965517241379,3.908045977011494,2.375478927203065,0.689655172413793,2.2988505747126435,0.22988505747126436,0.9961685823754789,4.674329501915708,15.555555555555555,0.0,0.07662835249042145,0.842911877394636,0.07662835249042145,0.07662835249042145,78.31417624521072,0.07662835249042145,0.6130268199233716,2.6053639846743293,377.9310344827586,4.291187739463601,3.601532567049808,0.07662835249042145,0.45977011494252873,0.689655172413793,0.07662835249042145,0.0,9.272030651340996,10.651340996168582,0.07662835249042145,4.291187739463601,0.0,0.38314176245210724,0.1532567049808429,13.026819923371647,7.93103448275862,0.0,0.7662835249042145,0.22988505747126436,0.6130268199233716,1.0
CD_I1012807,Sam Berry,Adelaide Crows,Ruck-Rover,3.0,"https://s.afl.com.au/staticfile/AFL Tenant/AFL/Players/ChampIDImages/AFL/2026014/1012807.png?im=Scale,width=0.6,height=0.6",0.6825,16.380000000000003,23,15.445665445665444,3.7240537240537233,15.750915750915748,31.196581196581192,21.73382173382173,0.12210012210012208,0.48840048840048833,0.06105006105006104,9.95115995115995,1.4652014652014649,4.5787545787545785,7.692307692307691,4.456654456654456,1.587301587301587,1.709401709401709,16.178266178266174,16.3003663003663,0.24420024420024417,0.06105006105006104,1.282051282051282,0.4273504273504273,0.6105006105006104,126.55677655677654,3.418803418803418,4.2735042735042725,6.654456654456653,437.72893772893764,4.395604395604395,4.029304029304028,1.4652014652014649,0.0,0.06105006105006104,0.06105006105006104,0.0,12.393162393162392,9.157509157509157,0.9768009768009767,10.927960927960926,0.0,0.3663003663003662,0.24420024420024417,28.571428571428566,14.9023199023199,0.06105006105006104,2.1367521367521363,0.6715506715506715,0.6715506715506715,1.0
CD_I1010708,Sam Butler,Hawthorn,Interchange,30.0,"https://s.afl.com.au/staticfile/AFL Tenant/AFL/Players/ChampIDImages/AFL/2026014/1010708.png?im=Scale,width=0.6,height=0.6",0.24041666666666667,5.7700000000000005,8,11.43847487001733,4.679376083188908,5.37261698440208,16.81109185441941,10.22530329289428,0.6932409012131715,0.6932409012131715,0.0,4.852686308492201,0.6932409012131715,3.119584055459272,1.2131715771230502,2.5996533795493932,0.5199306759098786,0.5199306759098786,4.5060658578856145,11.958405545927208,0.17331022530329288,0.34662045060658575,0.5199306759098786,0.0,0.6932409012131715,82.32235701906411,0.17331022530329288,1.0398613518197573,3.4662045060658575,281.97573656845753,3.6395147313691503,0.8665511265164644,1.7331022530329288,0.17331022530329288,0.34662045060658575,0.34662045060658575,0.0,5.37261698440208,5.8925476603119575,1.9064124783362217,3.2928942807625647,0.0,0.5199306759098786,0.6932409012131715,18.19757365684575,6.325823223570191,0.0,0.5199306759098786,1.9064124783362217,0.34662045060658575,1.0
CD_I1013257,Sam Clohesy,Gold Coast SUNS,Wing,33.0,"https://s.afl.com.au/staticfile/AFL Tenant/AFL/Players/ChampIDImages/AFL/2026014/1013257.png?im=Scale,width=0.6,height=0.6",0.3821739130434783,8.790000000000001,12,11.945392491467576,5.915813424345847,10.238907849829351,22.184300341296925,18.088737201365184,0.22753128555176336,0.4550625711035267,0.0,3.754266211604095,2.04778156996587,2.6166097838452784,0.7963594994311717,2.73037542662116,0.68259385665529,1.1376564277588168,5.46075085324232,15.585893060295788,0.0,0.5688282138794084,1.2514220705346983,0.4550625711035267,0.341296928327645,88.1683731513083,0.0,0.7963594994311717,5.46075085324232,384.7554038680318,3.526734926052332,5.1194539249146755,0.4550625711035267,0.11376564277588168,0.5688282138794084,0.0,0.0,7.7360637087599535,8.759954493742889,0.22753128555176336,4.77815699658703,0.0,0.7963594994311717,0.11376564277588168,15.01706484641638,9.635949943117177,0.0,1.5927189988623434,0.7963594994311717,1.2514220705346983,1.0
CD_I295446,Sam Collins,Gold Coast SUNS,Full-Back,25.0,"https://s.afl.com.au/staticfile/AFL Tenant/AFL/Players/ChampIDImages/AFL/2026014/295446.png?im=Scale,width=0.6,height=0.6",0.8239130434782609,18.95,21,7.651715039577836,6.754617414248021,7.757255936675462,15.408970976253299,12.242744063324539,0.0,0.0,0.0,1.2137203166226913,2.849604221635884,0.316622691292876,0.158311345646438,1.58311345646438,0.8970976253298153,0.42216358839050133,6.437994722955145,9.129287598944591,0.8970976253298153,0.0,7.704485488126649,0.158311345646438,0.0,63.21899736147758,0.0,0.158311345646438,1.8469656992084433,170.8707124010554,2.216358839050132,8.918205804749341,0.0,0.5277044854881267,3.0606860158311346,0.052770448548812667,0.0,5.910290237467018,6.279683377308707,0.052770448548812667,4.379947229551451,0.0,3.16622691292876,0.0,7.018469656992084,11.044854881266492,0.052770448548812667,1.1609498680738786,0.0,6.754617414248021,1.0
CD_I1027099,Sam Cumming,Richmond,Centre Half-Forward,22.0,"https://s.afl.com.au/staticfile/AFL Tenant/AFL/Players/ChampIDImages/AFL/2026014/1027099.png?im=Scale,width=0.6,height=0.6",0.4391304347826087,10.1,14,9.207920792079209,3.9603960396039604,12.178217821782178,21.386138613861387,16.633663366336634,0.7920792079207921,0.19801980198019803,0.0,3.7623762376237626,1.2871287128712872,4.0594059405940595,3.1683168316831685,3.4653465346534653,1.188118811881188,1.2871287128712872,7.821782178217822,14.455445544554456,0.19801980198019803,0.594059405940594,1.0891089108910892,0.0,0.49504950495049505,81.1881188118812,0.594059405940594,2.5742574257425743,3.9603960396039604,266.43564356435644,3.8613861386138617,2.376237623762376,0.49504950495049505,0.09900990099009901,0.09900990099009901,0.09900990099009901,0.0,10.990099009900991,6.8316831683168315,0.9900990099009901,5.544554455445545,0.0,0.297029702970297,0.7920792079207921,20.792079207920793,9.772277227722773,0.0,0.7920792079207921,1.0891089108910892,0.7920792079207921,1.0
CD_I1017126,Sam Darcy,Western Bulldogs,Centre Half-Forward,10.0,"https://s.afl.com.au/staticfile/AFL Tenant/AFL/Players/ChampIDImages/AFL/2026014/1017126.png?im=Scale,width=0.6,height=0.6",0.1748,4.37,6,10.068649885583524,4.805491990846682,5.720823798627002,15.789473684210526,8.924485125858123,2.745995423340961,2.059496567505721,6.178489702517163,2.517162471395881,0.22883295194508008,2.2883295194508007,1.1441647597254003,4.576659038901601,3.203661327231121,2.2883295194508007,9.382151029748284,6.636155606407322,2.2883295194508007,2.2883295194508007,2.745995423340961,0.0,0.9153318077803203,87.18535469107552,0.22883295194508008,0.9153318077803203,7.551487414187643,243.47826086956522,4.3478260869565215,0.45766590389016015,1.8306636155606406,0.22883295194508008,0.45766590389016015,4.3478260869565215,1.6018306636155606,2.517162471395881,5.491990846681922,0.9153318077803203,2.517162471395881,1.3729977116704806,0.0,1.3729977116704806,12.128146453089245,10.411899313501143,14.416475972540045,0.9153318077803203,5.491990846681922,2.059496567505721,1.0
CD_I1036123,Sam Davidson,Western Bulldogs,Wing,42.0,"https://s.afl.com.au/staticfile/AFL Tenant/AFL/Players/ChampIDImages/AFL/2026014/1036123.png?im=Scale,width=0.6,height=0.6",0.5476,13.690000000000001,18,10.299488677867055,4.017531044558071,6.208911614317019,16.508400292184074,11.83345507669832,0.5843681519357194,0.7304601899196493,0.0,3.360116873630387,1.022644265887509,2.5566106647187725,0.9495982468955441,2.7757487216946672,0.7304601899196493,0.7304601899196493,4.967129291453615,12.198685171658143,0.43827611395178956,0.8035062089116143,1.7531044558071582,0.2921840759678597,0.5113221329437545,71.58509861212563,0.0,0.9495982468955441,5.04017531044558,327.8305332359386,3.6523009495982466,2.5566106647187725,1.095690284879474,0.0,0.36523009495982467,0.5113221329437545,0.14609203798392986,7.158509861212563,6.355003652300949,0.6574141709276844,3.214024835646457,0.0,0.43827611395178956,0.6574141709276844,17.019722425127828,9.028487947406864,0.0,0.6574141709276844,1.7531044558071582,0.9495982468955441,1.0
CD_I1009229,Sam De Koning,Geelong Cats,Back-Pocket,16.0,"https://s.afl.com.au/staticfile/AFL Tenant/AFL/Players/ChampIDImages/AFL/2026014/1009229.png?im=Scale,width=0.6,height=0.6",0.5679166666666667,13.63,19,7.997065297138664,5.062362435803375,12.032281731474688,20.02934702861335,14.74688187820983,0.07336757153338225,0.07336757153338225,10.271460014673513,2.127659574468085,1.6140865737344092,2.2743947175348493,2.8613352898019073,3.8151137197358764,0.8070432868672046,1.3206162876008802,10.198092443140132,9.391049156272928,1.540719002201027,0.07336757153338225,5.502567865003668,0.0,0.22010271460014671,79.38371239911959,1.1005135730007336,1.7608217168011737,3.8151137197358764,211.66544387380776,3.008070432868672,7.336757153338224,0.293470286133529,0.1467351430667645,2.494497432134996,0.1467351430667645,0.0,5.9427732942039615,4.842259721203228,0.293470286133529,6.23624358033749,3.081438004402054,2.5678650036683783,0.07336757153338225,9.537784299339691,12.802641232575201,32.86867204695525,2.347762289068232,0.293470286133529,4.988994864269992,1.0
CD_I1005577,Sam Draper,Brisbane Lions,Ruck,2.0,"https://s.afl.com.au/staticfile/AFL Tenant/AFL/Players/ChampIDImages/AFL/2026014/1005577.png?im=Scale,width=0.6,height=0.6",0.6420833333333333,15.41,23,11.745619727449707,3.374432186891629,3.244646333549643,14.990266060999351,8.306294613887086,1.0382868267358858,0.7787151200519143,32.057105775470475,1.492537313432836,1.6223231667748215,3.6340038935756,5.970149253731344,4.412719013627514,1.9467878001297858,1.8170019467878,9.539260220635951,4.218040233614536,1.2978585334198571,1.1031797534068786,4.08825438027255,0.06489292667099286,0.6489292667099286,93.38092147955872,1.9467878001297858,4.023361453601558,6.035042180402336,313.8870863075925,3.5042180402336145,2.5957170668397143,0.1946787800129786,0.12978585334198572,0.25957170668397145,1.1680726800778716,0.3244646333549643,3.6340038935756,5.386112913692408,0.12978585334198572,2.27125243348475,10.772225827384815,1.3627514600908501,0.3893575600259572,8.111615833874108,16.852693056456847,74.82154445165477,3.9584685269305644,2.1414665801427644,2.9201817001946786,1.0
CD_I1015810,Sam Durham,Essendon,Centre,22.0,"https://s.afl.com.au/staticfile/AFL Tenant/AFL/Players/ChampIDImages/AFL/2026014/1015810.png?im=Scale,width=0.6,height=0.6",0.6539130434782608,15.040000000000001,20,12.566489361702127,4.787234042553191,14.162234042553191,26.728723404255316,19.680851063829785,0.5984042553191489,0.39893617021276595,0.0,5.252659574468085,1.529255319148936,5.319148936170213,5.452127659574468,5.1861702127659575,1.529255319148936,2.327127659574468,11.90159574468085,15.492021276595743,0.5319148936170213,0.5984042553191489,1.3962765957446808,0.5984042553191489,0.7978723404255319,99.93351063829786,2.526595744680851,2.9255319148936167,7.247340425531914,402.26063829787233,4.454787234042553,2.726063829787234,0.9973404255319148,0.06648936170212766,0.06648936170212766,0.26595744680851063,0.13297872340425532,10.372340425531915,7.779255319148936,0.9308510638297872,7.912234042553191,0.0,0.4654255319148936,1.1968085106382977,25.199468085106382,15.265957446808509,0.06648936170212766,1.7952127659574466,1.0638297872340425,0.4654255319148936,1.0
CD_I1009260,Sam Flanders,St Kilda,Ruck-Rover,9.0,"https://s.afl.com.au/staticfile/AFL Tenant/AFL/Players/ChampIDImages/AFL/2026014/1009260.png?im=Scale,width=0.6,height=0.6",0.3908695652173913,8.99,12,17.018909899888765,7.452725250278086,13.904338153503893,30.92324805339266,23.804226918798665,0.11123470522803114,0.3337041156840934,0.0,5.005561735261401,3.337041156840934,4.4493882091212456,2.8921023359288096,2.6696329254727473,1.7797552836484982,0.44493882091212456,8.231368186874304,21.913236929922135,0.0,0.3337041156840934,1.1123470522803114,1.557285873192436,0.22246941045606228,122.69187986651835,1.0011123470522802,1.8909899888765294,6.117908787541713,537.8197997775305,5.2280311457174635,4.4493882091212456,0.22246941045606228,0.0,0.22246941045606228,0.0,0.0,12.013348164627363,11.7908787541713,0.22246941045606228,6.117908787541713,0.0,0.778642936596218,0.778642936596218,18.798665183537263,13.303670745272525,0.0,1.7797552836484982,0.44493882091212456,0.8898776418242491,1.0
CD_I1036579,Sam Grlj,Richmond,Centre Half-Back,24.0,"https://s.afl.com.au/staticfile/AFL Tenant/AFL/Players/ChampIDImages/AFL/2026014/1036579.png?im=Scale,width=0.6,height=0.6",0.6795652173913044,15.63,21,10.172744721689059,3.582853486884197,8.765195137555981,18.93793985924504,13.947536788227767,0.12795905310300704,0.2559181062060141,0.0,3.6468330134357005,1.7914267434420985,2.815099168266155,0.7677543186180422,2.36724248240563,0.9596928982725528,0.44785668586052463,4.350607805502239,13.627639155470249,0.0,0.06397952655150352,0.6397952655150352,1.4075495841330774,0.5118362124120281,74.02431222008957,0.19193857965451055,0.5758157389635317,3.1349968010236724,314.13947536788226,3.3909149072296865,3.5188739603326935,0.3838771593090211,0.06397952655150352,0.19193857965451055,0.0,0.0,12.53998720409469,6.589891234804862,0.19193857965451055,3.45489443378119,0.0,0.3838771593090211,0.3838771593090211,20.217530390275112,7.242482405630198,0.0,0.5118362124120281,0.5118362124120281,0.5758157389635317,1.0
CD_I1028491,Sam Lalor,Richmond,Rover,4.0,"https://s.afl.com.au/staticfile/AFL Tenant/AFL/Players/ChampIDImages/AFL/2026014/1028491.png?im=Scale,width=0.6,height=0.6",0.38913043478260867,8.95,12,11.508379888268157,4.46927374301676,7.150837988826816,18.659217877094974,14.52513966480447,1.452513966480447,1.005586592178771,0.111731843575419,4.245810055865922,1.229050279329609,5.027932960893855,2.905027932960894,3.687150837988827,1.005586592178771,1.787709497206704,8.156424581005588,10.837988826815643,0.670391061452514,1.340782122905028,0.893854748603352,0.111731843575419,1.11731843575419,84.69273743016761,1.787709497206704,1.11731843575419,5.921787709497207,402.6815642458101,3.687150837988827,1.8994413407821231,0.558659217877095,0.0,0.0,0.558659217877095,0.111731843575419,7.82122905027933,8.603351955307263,1.11731843575419,5.69832402234637,0.0,0.111731843575419,0.893854748603352,17.318435754189945,13.083798882681565,0.111731843575419,0.670391061452514,2.458100558659218,0.335195530726257,1.0
CD_I1028520,Sam Marshall,Brisbane Lions,Interchange,20.0,"https://s.afl.com.au/staticfile/AFL Tenant/AFL/Players/ChampIDImages/AFL/2026014/1028520.png?im=Scale,width=0.6,height=0.6",0.0625,1.5,2,8.666666666666666,4.0,13.333333333333334,22.0,15.333333333333334,0.0,0.0,0.0,2.6666666666666665,3.3333333333333335,2.0,0.6666666666666666,4.0,1.3333333333333333,0.6666666666666666,7.333333333333333,14.0,0.0,0.0,2.0,0.6666666666666666,0.6666666666666666,74.66666666666667,0.0,0.6666666666666666,4.666666666666667,260.0,4.0,4.666666666666667,0.6666666666666666,0.6666666666666666,0.6666666666666666,0.6666666666666666,0.0,16.666666666666668,5.333333333333333,1.3333333333333333,6.0,0.0,0.0,1.3333333333333333,22.0,7.933333333333333,0.0,0.6666666666666666,0.0,1.3333333333333333,1.0
CD_I1037021,Sam Swadling,Collingwood,Half-Back,32.0,"https://s.afl.com.au/staticfile/AFL Tenant/AFL/Players/ChampIDImages/AFL/2026014/1037021.png?im=Scale,width=0.6,height=0.6",0.25,6.0,9,15.5,6.0,14.5,30.0,21.666666666666668,1.0,0.16666666666666666,0.0,1.6666666666666667,3.5,3.8333333333333335,2.3333333333333335,3.0,0.3333333333333333,0.5,8.166666666666666,20.666666666666668,0.0,0.3333333333333333,1.1666666666666667,0.6666666666666666,0.0,105.16666666666667,0.16666666666666666,2.1666666666666665,5.5,499.6666666666667,4.5,5.166666666666667,0.16666666666666666,0.0,0.16666666666666666,0.0,0.0,8.0,9.833333333333334,0.6666666666666666,7.5,0.0,0.5,0.6666666666666666,14.166666666666666,14.216666666666667,0.0,1.3333333333333333,1.5,0.8333333333333334,1.0
CD_I992059,Sam Switkowski,Fremantle,Half-Forward,39.0,"https://s.afl.com.au/staticfile/AFL Tenant/AFL/Players/ChampIDImages/AFL/2026014/992059.png?im=Scale,width=0.6,height=0.6",0.71125,17.07,23,6.678383128295255,3.2806092560046864,10.017574692442881,16.695957820738137,12.243702401874634,0.7615700058582308,0.8201523140011716,0.0,3.866432337434095,0.05858230814294083,3.1634446397188047,1.1130638547158758,1.698886936145284,0.5272407732864675,0.5272407732864675,6.561218512009373,9.900410076157,0.23432923257176333,0.8201523140011716,0.9958992384299942,0.351493848857645,0.7615700058582308,69.71294669009959,0.05858230814294083,1.054481546572935,6.912712360867018,187.75629759812537,2.2847100175746924,2.3432923257176332,1.3473930872876392,0.05858230814294083,0.11716461628588166,0.29291154071470415,0.1757469244288225,6.3268892794376095,3.7492677211482133,1.5817223198594024,5.389572349150557,0.0,0.5272407732864675,0.6444053895723492,20.91388400702988,11.154071470415934,0.0,1.40597539543058,1.8160515524311658,0.4100761570005858,1.0
CD_I1005247,Sam Taylor,GWS GIANTS,Full-Back,15.0,"https://s.afl.com.au/staticfile/AFL Tenant/AFL/Players/ChampIDImages/AFL/2026014/1005247.png?im=Scale,width=0.6,height=0.6",0.41739130434782606,9.6,12,7.604166666666667,6.458333333333334,6.354166666666667,13.958333333333334,11.25,0.0,0.0,0.0,2.3958333333333335,2.5,0.9375,0.20833333333333334,2.291666666666667,1.1458333333333335,0.8333333333333334,6.145833333333334,8.020833333333334,1.5625,0.0,8.854166666666668,0.10416666666666667,0.0,63.125,0.0,0.20833333333333334,2.7083333333333335,156.5625,1.9791666666666667,7.1875,0.0,0.3125,3.125,0.10416666666666667,0.0,7.1875,6.041666666666667,0.10416666666666667,3.229166666666667,0.0,2.916666666666667,0.20833333333333334,8.020833333333334,10.395833333333334,0.0,1.25,0.0,8.4375,1.0
CD_I1006094,Sam Walsh,Carlton,Rover,18.0,"https://s.afl.com.au/staticfile/AFL Tenant/AFL/Players/ChampIDImages/AFL/2026014/1006094.png?im=Scale,width=0.6,height=0.6",0.7848,19.62,25,16.309887869520896,5.300713557594292,20.74413863404689,37.05402650356778,27.522935779816514,0.4077471967380224,0.5606523955147809,0.0,5.198776758409785,2.2426095820591234,5.555555555555555,5.555555555555555,4.9439347604485215,1.325178389398573,1.529051987767584,12.793068297655452,24.20998980632008,0.0,0.254841997961264,0.8154943934760448,0.5606523955147809,0.4587155963302752,126.86034658511723,2.5993883792048926,2.9561671763506623,8.970438328236494,476.60550458715596,5.504587155963303,4.077471967380224,0.2038735983690112,0.0509683995922528,0.0509683995922528,0.0,0.0,14.678899082568806,10.601427115188583,1.3761467889908257,9.887869520897043,0.0,0.3058103975535168,0.7135575942915392,24.159021406727827,16.36085626911315,0.0,1.7329255861365953,1.325178389398573,0.2038735983690112,1.0
CD_I1006232,Sam Wicks,Sydney Swans,Half-Back,15.0,"https://s.afl.com.au/staticfile/AFL Tenant/AFL/Players/ChampIDImages/AFL/2026014/1006232.png?im=Scale,width=0.6,height=0.6",0.6470833333333333,15.530000000000001,19,11.397295556986476,3.9278815196394072,8.435286542176431,19.83258209916291,15.003219575016097,0.06439150032195749,0.1931745009658725,0.0,3.34835801674179,3.541532517707662,2.6400515132002575,0.5795235028976174,3.412749517063747,0.5795235028976174,1.2234385061171924,5.022537025112685,13.522215067611075,0.386349001931745,0.06439150032195749,1.3522215067611074,2.3824855119124275,0.386349001931745,73.72826786864134,0.1931745009658725,0.386349001931745,4.185447520927237,438.82807469414035,4.571796522858982,4.764971023824855,0.0,0.06439150032195749,0.7083065035415325,0.0,0.0,8.886027044430135,7.8557630392788145,0.0,4.185447520927237,0.0,0.9658725048293625,0.12878300064391499,12.556342562781712,8.531873792659368,0.0,0.901481004507405,0.25756600128782997,1.0946555054732774,1.0
CD_I1012386,Samson Ryan,Richmond,Ruck,32.0,"https://s.afl.com.au/staticfile/AFL Tenant/AFL/Players/ChampIDImages/AFL/2026014/1012386.png?im=Scale,width=0.6,height=0.6",0.1530434782608696,3.5200000000000005,6,6.249999999999999,2.8409090909090904,5.96590909090909,12.21590909090909,8.238636363636363,0.5681818181818181,0.0,24.14772727272727,2.8409090909090904,0.8522727272727272,3.4090909090909087,2.5568181818181817,4.261363636363636,1.9886363636363633,2.2727272727272725,5.96590909090909,6.249999999999999,1.1363636363636362,0.5681818181818181,2.5568181818181817,0.0,0.5681818181818181,73.29545454545453,1.4204545454545452,1.1363636363636362,3.4090909090909087,178.69318181818178,2.5568181818181817,1.9886363636363633,0.0,0.28409090909090906,1.4204545454545452,1.7045454545454544,0.28409090909090906,3.693181818181818,4.261363636363636,0.28409090909090906,1.9886363636363633,6.534090909090908,0.8522727272727272,0.28409090909090906,8.522727272727272,5.880681818181818,59.090909090909086,1.9886363636363633,0.8522727272727272,2.2727272727272725,1.0
CD_I1013315,Sandy Brock,West Coast Eagles,"Back-Pocket, Centre Half-Back, Full-Back, Half-Back",41.0,"https://s.afl.com.au/staticfile/AFL Tenant/AFL/Players/ChampIDImages/AFL/2026014/1013315.png?im=Scale,width=0.6,height=0.6",0.21434782608695652,4.93,6,6.085192697768763,4.056795131845842,4.259634888438134,10.344827586206897,9.127789046653145,0.0,0.0,0.0,1.622718052738337,2.4340770791075053,0.6085192697768763,0.40567951318458423,2.231237322515213,0.20283975659229211,1.4198782961460448,3.4482758620689657,7.7079107505071,0.40567951318458423,0.0,5.070993914807302,0.0,0.0,41.37931034482759,0.0,0.40567951318458423,1.8255578093306288,187.6267748478702,2.028397565922921,4.056795131845842,0.0,0.40567951318458423,2.028397565922921,0.0,0.0,7.099391480730223,5.070993914807302,0.0,2.4340770791075053,0.0,0.8113590263691685,0.40567951318458423,8.519269776876268,6.612576064908723,0.0,0.6085192697768763,0.0,4.259634888438134,1.0
CD_I260257,Scott Pendlebury,Collingwood,Centre,10.0,"https://s.afl.com.au/staticfile/AFL Tenant/AFL/Players/ChampIDImages/AFL/2026014/260257.png?im=Scale,width=0.6,height=0.6",0.47958333333333336,11.510000000000002,17,13.987836663770633,6.429192006950477,19.20069504778453,33.188531711555164,25.62988705473501,0.4344048653344917,0.52128583840139,0.0,3.822762814943527,2.4326672458731533,3.0408340573414416,4.9522154648132055,3.2145960034752386,0.9556907037358817,0.6950477845351867,10.686359687228496,21.54648132059079,0.08688097306689833,0.4344048653344917,1.3900955690703733,0.0,1.4769765421372718,116.94178974804517,2.258905299739357,2.6933101650738487,9.296264118158122,329.4526498696785,3.562119895742832,3.12771503040834,0.52128583840139,0.08688097306689833,0.260642919200695,0.08688097306689833,0.08688097306689833,8.166811468288444,9.904430929626411,1.2163336229365767,7.906168549087749,0.0,0.260642919200695,0.6081668114682883,17.28931364031277,16.73327541268462,0.0,1.9982623805386617,0.9556907037358817,0.260642919200695,1.0
CD_I998145,Sean Darcy,Fremantle,Interchange,4.0,"https://s.afl.com.au/staticfile/AFL Tenant/AFL/Players/ChampIDImages/AFL/2026014/998145.png?im=Scale,width=0.6,height=0.6",0.1408333333333333,3.38,7,5.621301775147929,2.0710059171597632,9.171597633136095,14.792899408284024,10.650887573964498,0.591715976331361,0.2958579881656805,37.8698224852071,3.5502958579881656,0.2958579881656805,2.9585798816568047,2.9585798816568047,5.325443786982249,2.366863905325444,3.2544378698224854,9.171597633136095,5.029585798816568,0.591715976331361,0.2958579881656805,4.1420118343195265,0.0,0.2958579881656805,89.94082840236686,1.183431952662722,1.7751479289940828,7.100591715976331,159.76331360946747,1.7751479289940828,1.7751479289940828,0.2958579881656805,0.0,0.8875739644970414,1.4792899408284024,0.0,4.733727810650888,3.5502958579881656,0.8875739644970414,4.733727810650888,9.763313609467456,0.2958579881656805,0.2958579881656805,10.946745562130177,11.863905325443788,73.96449704142012,5.029585798816568,0.8875739644970414,4.1420118343195265,1.0
CD_I1023275,Seth Campbell,Richmond,Half-Forward,44.0,"https://s.afl.com.au/staticfile/AFL Tenant/AFL/Players/ChampIDImages/AFL/2026014/1023275.png?im=Scale,width=0.6,height=0.6",0.7939130434782609,18.259999999999998,23,11.938663745892663,3.39539978094195,7.721796276013144,19.660460021905806,13.198247535596934,0.9857612267250823,0.9857612267250823,0.0,2.683461117196057,1.095290251916758,3.6144578313253017,2.135815991237678,3.8335158817086534,0.6024096385542169,0.9309967141292443,7.009857612267251,11.883899233296825,0.2738225629791895,0.8762322015334064,1.095290251916758,1.5334063526834614,0.7119386637458928,76.88937568455641,0.6571741511500548,1.4786418400876233,5.640744797371304,351.9167579408544,4.052573932092005,2.0262869660460026,0.9857612267250823,0.0,0.1095290251916758,0.1642935377875137,0.0547645125958379,8.10514786418401,6.900328587075576,1.642935377875137,5.421686746987953,0.0,0.2738225629791895,0.6571741511500548,21.74151150054765,12.13581599123768,0.0,1.0405257393209202,2.683461117196057,0.4381161007667032,1.0
CD_I1028105,Shadeau Brain,Brisbane Lions,Interchange,34.0,"https://s.afl.com.au/staticfile/AFL Tenant/AFL/Players/ChampIDImages/AFL/2026014/1028105.png?im=Scale,width=0.6,height=0.6",0.06750000000000002,1.6200000000000003,2,13.580246913580243,6.1728395061728385,4.320987654320986,17.90123456790123,12.96296296296296,0.0,0.0,0.0,0.0,1.8518518518518514,3.0864197530864192,0.6172839506172838,3.703703703703703,0.6172839506172838,0.0,1.8518518518518514,16.04938271604938,0.0,0.0,3.0864197530864192,0.0,0.6172839506172838,68.5185185185185,0.0,0.6172839506172838,5.5555555555555545,403.70370370370364,4.320987654320986,3.0864197530864192,0.0,0.0,0.0,0.0,0.0,3.0864197530864192,9.259259259259258,0.0,1.2345679012345676,0.0,1.8518518518518514,0.6172839506172838,4.320987654320986,5.493827160493825,0.0,1.8518518518518514,0.0,3.0864197530864192,1.0
CD_I993993,Shai Bolton,Fremantle,Rover,10.0,"https://s.afl.com.au/staticfile/AFL Tenant/AFL/Players/ChampIDImages/AFL/2026014/993993.png?im=Scale,width=0.6,height=0.6",0.7595833333333333,18.229999999999997,23,15.139879319802526,3.4558420186505767,13.439385628085576,28.579264947888102,20.84476138233681,1.1519473395501922,0.7131102578167856,0.0,4.168952276467362,1.0970927043335164,7.35052111903456,5.211190345584202,4.552934722984093,0.9325287986834889,1.7004936917169504,11.135490948985192,18.321448162369723,0.2194185408667033,0.2194185408667033,0.7679648930334615,2.742731760833791,1.535929786066923,102.79758639605049,2.413603949533736,2.7975863960504666,9.105869445968185,554.1415249588591,4.9917718047175,2.0296215030170055,0.49369171695008235,0.0,0.05485463521667582,0.2194185408667033,0.0,7.899067471201318,9.380142622051565,1.535929786066923,6.911684037301153,0.0,0.16456390565002746,0.603400987383434,17.44377399890291,17.295666483817886,0.0,1.7004936917169504,2.8524410312671424,0.2194185408667033,1.0
CD_I1016433,Shannon Neale,Geelong Cats,Full-Forward,33.0,"https://s.afl.com.au/staticfile/AFL Tenant/AFL/Players/ChampIDImages/AFL/2026014/1016433.png?im=Scale,width=0.6,height=0.6",0.8975000000000001,21.54,24,7.195914577530177,4.874651810584958,4.549675023212628,11.745589600742804,8.217270194986073,2.274837511606314,1.1606313834726092,5.060352831940576,2.924791086350975,0.1392757660167131,2.5998142989786444,0.8356545961002786,3.064066852367688,0.6963788300835655,1.5784586815227484,5.988857938718663,6.406685236768802,1.4391829155060354,2.55338904363974,2.042711234911792,0.04642525533890437,0.9285051067780873,72.84122562674095,0.18570102135561747,0.6499535747446611,7.056638811513464,233.75116063138347,2.55338904363974,0.9285051067780873,1.7177344475394616,0.0,0.0,2.274837511606314,0.510677808727948,2.1355617455896008,4.549675023212628,1.3463324048282266,2.9712163416898796,1.1606313834726092,0.1392757660167131,1.2999071494893222,13.138347260909935,10.928505106778088,17.270194986072426,1.0677808727948004,3.6675951717734447,1.1142061281337048,1.0
CD_I993878,Shaun Mannagh,Geelong Cats,Centre Half-Forward,7.0,"https://s.afl.com.au/staticfile/AFL Tenant/AFL/Players/ChampIDImages/AFL/2026014/993878.png?im=Scale,width=0.6,height=0.6",0.7820833333333334,18.770000000000003,24,15.556739477890249,3.40969632392115,6.872669152903568,22.429408630793816,14.224826851358548,1.917954182205647,1.0122535961640915,0.0,3.889184869472562,0.9057005860415556,5.966968566862013,3.3564198188598824,3.3564198188598824,0.9057005860415556,0.7991475759190195,8.311134789557803,13.42567927543953,0.10655301012253594,0.7458710708577516,0.7991475759190195,0.5327650506126798,1.3319126265316994,97.22962173681405,0.4262120404901438,2.9302077783697387,8.630793819925412,474.37400106553,4.368673415023974,1.651571656899307,1.3319126265316994,0.0,0.0,0.47948854555141174,0.05327650506126797,4.049014384656366,8.630793819925412,2.184336707511987,5.647309536494405,0.0,0.10655301012253594,0.9057005860415556,19.1262653169952,17.17101758124667,0.0,1.4384656366542352,3.569525839104954,0.15982951518380392,1.0
CD_I280965,Steele Sidebottom,Collingwood,Wing,22.0,"https://s.afl.com.au/staticfile/AFL Tenant/AFL/Players/ChampIDImages/AFL/2026014/280965.png?im=Scale,width=0.6,height=0.6",0.6920833333333333,16.61,21,10.836845273931367,5.478627332931969,9.452137266706803,20.28898254063817,15.111378687537629,0.2408187838651415,0.12040939193257075,0.0,2.5285972305839857,2.4683925346177005,2.588801926550271,1.8061408789885611,2.588801926550271,0.30102347983142685,0.5418422636965684,6.261288380493679,13.967489464178206,0.2408187838651415,0.2408187838651415,1.5653220951234197,0.9030704394942806,0.1806140878988561,78.2059000602047,0.2408187838651415,1.5653220951234197,3.672486453943408,311.9807344972908,3.070439494280554,4.154124021673691,0.12040939193257075,0.060204695966285374,0.481637567730283,0.060204695966285374,0.060204695966285374,10.174593618302229,6.983744732089103,0.30102347983142685,5.1173991571342565,0.0,0.7826610475617098,0.7224563515954244,16.435881998795907,9.524382901866344,0.060204695966285374,0.8428657435279953,0.6622516556291391,0.5418422636965684,1.0
CD_I1023056,Steely Green,Richmond,Half-Forward,48.0,"https://s.afl.com.au/staticfile/AFL Tenant/AFL/Players/ChampIDImages/AFL/2026014/1023056.png?im=Scale,width=0.6,height=0.6",0.7004347826086956,16.11,20,8.069522036002484,3.538175046554935,5.4624456859093735,13.531967721911856,9.497206703910615,0.9931719428926133,0.6207324643078833,0.0,2.7312228429546868,0.6828057107386717,2.2346368715083798,0.8069522036002483,2.6691495965238983,0.8690254500310367,0.931098696461825,4.531346989447548,8.504034761018001,0.0,0.74487895716946,0.6207324643078833,0.062073246430788334,0.74487895716946,61.328367473618876,0.062073246430788334,0.74487895716946,4.8417132216014895,206.64183736809437,3.165735567970205,1.303538175046555,1.1793916821849784,0.0,0.0,0.062073246430788334,0.0,5.8348851644941035,5.0900062073246435,1.2414649286157666,3.7243947858473,0.0,0.0,0.8069522036002483,18.435754189944134,6.089385474860336,0.0,0.4965859714463067,1.9863438857852267,0.37243947858473,1.0
CD_I291969,Stephen Coniglio,GWS GIANTS,"Half-Forward, Half-Forward",3.0,"https://s.afl.com.au/staticfile/AFL Tenant/AFL/Players/ChampIDImages/AFL/2026014/291969.png?im=Scale,width=0.6,height=0.6",0.6791304347826086,15.62,21,11.395646606914212,3.6491677336747763,11.20358514724712,22.599231754161334,15.685019206145968,0.8322663252240717,0.5121638924455826,0.0,3.8412291933418694,0.8962868117797695,3.1370038412291934,2.176696542893726,2.496798975672215,0.44814340588988477,0.7682458386683739,7.746478873239437,14.468629961587709,0.19206145966709348,0.6402048655569783,1.3444302176696543,0.32010243277848915,1.1523687580025608,86.55569782330346,0.6402048655569783,1.5364916773367479,6.594110115236876,259.79513444302177,3.0729833546734957,2.5608194622279132,1.3444302176696543,0.0,0.12804097311139565,0.7682458386683739,0.12804097311139565,5.8898847631242,6.081946222791293,1.2804097311139566,5.761843790012804,0.0,0.06402048655569782,0.44814340588988477,16.133162612035854,12.157490396927018,0.0,1.4084507042253522,1.4084507042253522,0.32010243277848915,1.0
CD_I1043261,Sullivan Robey,Essendon,Half-Forward,9.0,"https://s.afl.com.au/staticfile/AFL Tenant/AFL/Players/ChampIDImages/AFL/2026014/1043261.png?im=Scale,width=0.6,height=0.6",0.49826086956521737,11.459999999999999,15,9.68586387434555,4.013961605584643,11.343804537521816,21.029668411867366,14.136125654450263,0.7853403141361257,0.17452006980802795,0.0,4.18848167539267,0.7853403141361257,4.18848167539267,4.886561954624782,5.06108202443281,0.9598603839441536,1.7452006980802794,9.598603839441537,12.478184991273997,0.2617801047120419,0.43630017452006986,0.6980802792321118,0.43630017452006986,0.3490401396160559,81.15183246073299,2.181500872600349,2.705061082024433,3.9267015706806285,322.8621291448517,5.148342059336824,1.4834205933682374,0.8726003490401397,0.0,0.08726003490401397,0.5235602094240838,0.08726003490401397,8.37696335078534,5.148342059336824,1.0471204188481675,7.242582897033159,0.0,0.17452006980802795,0.43630017452006986,21.55322862129145,11.31762652705061,0.08726003490401397,0.6108202443280978,1.3089005235602096,0.2617801047120419,1.0
CD_I1032106,Taj Hotton,Richmond,Rover,10.0,"https://s.afl.com.au/staticfile/AFL Tenant/AFL/Players/ChampIDImages/AFL/2026014/1032106.png?im=Scale,width=0.6,height=0.6",0.3060869565217392,7.040000000000001,10,5.823863636363636,2.2727272727272725,12.642045454545453,18.46590909090909,13.068181818181817,0.14204545454545453,0.4261363636363636,0.0,5.2556818181818175,0.28409090909090906,2.414772727272727,3.4090909090909087,2.982954545454545,0.9943181818181817,1.2784090909090908,10.227272727272727,9.517045454545453,0.4261363636363636,0.28409090909090906,1.2784090909090908,0.14204545454545453,0.5681818181818181,69.0340909090909,1.4204545454545452,1.9886363636363633,4.119318181818182,139.91477272727272,3.693181818181818,2.8409090909090904,0.8522727272727272,0.0,0.0,0.14204545454545453,0.0,8.238636363636363,2.982954545454545,1.5624999999999998,7.52840909090909,0.0,0.0,0.14204545454545453,22.30113636363636,9.71590909090909,0.0,1.4204545454545452,0.5681818181818181,0.5681818181818181,1.0
CD_I1036426,Talor Byrne,Carlton,Forward Pocket,39.0,"https://s.afl.com.au/staticfile/AFL Tenant/AFL/Players/ChampIDImages/AFL/2026014/1036426.png?im=Scale,width=0.6,height=0.6",0.5524,13.809999999999999,20,7.74800868935554,4.5619116582186825,5.068790731354092,12.816799420709632,9.123823316437365,1.0861694424330197,0.8689355539464158,0.0,3.6205648081100654,0.5068790731354091,2.2447501810282406,0.6517016654598118,2.389572773352643,1.7378711078928315,1.158580738595221,5.358435916002897,7.892831281679943,0.28964518464880523,1.3758146270818248,1.5930485155684289,0.14482259232440262,0.9413468501086171,67.19768283852281,0.0,0.6517016654598118,5.937726285300507,203.11368573497467,2.389572773352643,1.3034033309196236,1.4482259232440262,0.07241129616220131,0.07241129616220131,0.6517016654598118,0.14482259232440262,5.575669804489501,4.779145546705286,1.3758146270818248,3.258508327299059,0.0,0.0,1.66545981173063,21.506154960173788,8.486603910209993,0.0,0.5792903692976105,2.534395365677046,0.7241129616220131,1.0
CD_I1012805,Tanner Bruhn,Geelong Cats,Half-Back,4.0,"https://s.afl.com.au/staticfile/AFL Tenant/AFL/Players/ChampIDImages/AFL/2026014/1012805.png?im=Scale,width=0.6,height=0.6",0.6445833333333333,15.469999999999999,22,18.22882999353588,6.528765352294765,12.540400775694895,30.76923076923077,23.012281835811248,0.06464124111182935,0.3878474466709761,0.0,4.330963154492567,3.8138332255979317,4.589528118939884,2.521008403361345,3.8138332255979317,1.2281835811247577,0.904977375565611,8.597285067873305,21.331609566903687,0.06464124111182935,0.3878474466709761,0.9696186166774403,1.1635423400129283,0.5817711700064642,115.96638655462186,0.904977375565611,1.6160310277957337,6.787330316742082,525.5332902391726,4.848093083387202,4.654169360051713,0.32320620555914675,0.0,0.06464124111182935,0.0,0.0,8.403361344537815,13.05753070458953,0.4524886877828055,6.787330316742082,0.0,0.5171299288946348,0.7110536522301228,15.578539107950874,11.790562378797674,0.0,2.0685197155785393,0.7110536522301228,0.32320620555914675,1.0
CD_I1031506,Taylor Goad,North Melbourne,Interchange,22.0,"https://s.afl.com.au/staticfile/AFL Tenant/AFL/Players/ChampIDImages/AFL/2026014/1031506.png?im=Scale,width=0.6,height=0.6",0.028695652173913042,0.6599999999999999,2,6.060606060606061,0.0,4.545454545454546,10.606060606060607,6.060606060606061,0.0,0.0,39.3939393939394,9.090909090909092,1.5151515151515154,4.545454545454546,1.5151515151515154,3.0303030303030307,1.5151515151515154,1.5151515151515154,6.060606060606061,4.545454545454546,0.0,0.0,6.060606060606061,0.0,0.0,100.00000000000001,1.5151515151515154,0.0,3.0303030303030307,253.03030303030306,3.0303030303030307,1.5151515151515154,1.5151515151515154,0.0,0.0,0.0,0.0,4.545454545454546,3.0303030303030307,0.0,3.0303030303030307,12.121212121212123,0.0,0.0,10.606060606060607,15.909090909090912,89.3939393939394,1.5151515151515154,0.0,4.545454545454546,1.0
CD_I280506,Taylor Walker,Adelaide Crows,Full-Forward,13.0,"https://s.afl.com.au/staticfile/AFL Tenant/AFL/Players/ChampIDImages/AFL/2026014/280506.png?im=Scale,width=0.6,height=0.6",0.5416666666666666,13.0,17,10.23076923076923,6.230769230769231,3.923076923076923,14.153846153846153,9.615384615384615,2.5384615384615383,1.3076923076923077,0.0,1.5384615384615385,0.07692307692307693,3.6923076923076925,0.07692307692307693,3.0,1.3846153846153846,1.3076923076923077,5.846153846153846,9.076923076923077,1.3846153846153846,2.4615384615384617,2.3846153846153846,0.0,0.9230769230769231,77.38461538461539,0.0,0.07692307692307693,7.538461538461538,344.0,4.0,0.8461538461538461,0.7692307692307693,0.0,0.0,3.6923076923076925,1.2307692307692308,2.230769230769231,6.615384615384615,1.0,2.6923076923076925,0.0,0.15384615384615385,2.4615384615384617,9.846153846153847,12.515384615384615,0.15384615384615385,0.46153846153846156,4.461538461538462,1.1538461538461537,1.0
CD_I1018323,Thomas Edwards,Essendon,Forward Pocket,45.0,"https://s.afl.com.au/staticfile/AFL Tenant/AFL/Players/ChampIDImages/AFL/2026014/1018323.png?im=Scale,width=0.6,height=0.6",0.23217391304347829,5.340000000000001,7,7.677902621722845,3.558052434456928,4.307116104868913,11.98501872659176,8.614232209737827,1.49812734082397,0.5617977528089887,0.0,2.434456928838951,0.18726591760299624,2.6217228464419473,0.3745318352059925,2.2471910112359548,0.9363295880149811,0.749063670411985,4.868913857677902,6.92883895131086,1.1235955056179774,0.9363295880149811,1.3108614232209737,0.0,0.9363295880149811,60.299625468164784,0.0,0.3745318352059925,5.617977528089887,191.01123595505615,2.434456928838951,2.0599250936329585,0.9363295880149811,0.0,0.0,0.3745318352059925,0.0,5.243445692883895,5.430711610486891,1.49812734082397,2.8089887640449436,0.0,0.3745318352059925,0.9363295880149811,12.921348314606739,8.595505617977526,0.0,0.749063670411985,2.434456928838951,0.9363295880149811,1.0
CD_I1004592,Tim English,Western Bulldogs,Ruck,44.0,"https://s.afl.com.au/staticfile/AFL Tenant/AFL/Players/ChampIDImages/AFL/2026014/1004592.png?im=Scale,width=0.6,height=0.6",0.5124,12.809999999999999,17,10.304449648711945,5.776736924277908,9.289617486338798,19.594067135050743,14.988290398126464,0.468384074941452,0.156128024980484,30.75722092115535,3.5909445745511324,1.4051522248243562,2.8103044496487124,3.2786885245901645,2.576112412177986,2.107728337236534,1.4051522248243562,9.523809523809526,11.31928181108509,0.7806401249024201,0.7806401249024201,4.29352068696331,0.078064012490242,0.39032006245121004,112.8024980483997,1.873536299765808,1.4051522248243562,5.776736924277908,254.72287275565967,2.2638563622170182,4.137392661982826,1.014832162373146,0.312256049960968,0.39032006245121004,0.156128024980484,0.0,5.776736924277908,7.494145199063232,0.7025761124121781,3.9812646370023423,10.226385636221703,1.6393442622950822,0.7806401249024201,11.7096018735363,16.580796252927403,79.70335675253709,3.5128805620608903,0.624512099921936,2.576112412177986,1.0
CD_I295898,Tim Kelly,West Coast Eagles,Rover,11.0,"https://s.afl.com.au/staticfile/AFL Tenant/AFL/Players/ChampIDImages/AFL/2026014/295898.png?im=Scale,width=0.6,height=0.6",0.687391304347826,15.809999999999999,21,15.559772296015181,5.376344086021506,16.31878557874763,31.878557874762812,22.26438962681847,0.12650221378874132,0.3162555344718533,0.0,4.490828589500317,2.6565464895635675,6.325110689437065,6.325110689437065,4.490828589500317,1.1385199240986719,0.6957621758380772,12.65022137887413,19.29158760278305,0.0,0.06325110689437066,0.9487666034155599,0.4427577482605946,0.8222643896268186,113.53573687539533,3.4155597722960156,2.90955091714105,6.957621758380772,538.1404174573056,5.376344086021506,3.8583175205566103,0.3162555344718533,0.0,0.06325110689437066,0.0,0.0,10.309930423782417,9.044908285895003,0.6325110689437066,10.056925996204935,0.0,0.7590132827324478,0.12650221378874132,20.493358633776094,14.516129032258066,0.0,2.6565464895635675,0.5692599620493359,0.18975332068311196,1.0
CD_I294596,Tim Membrey,Collingwood,Forward Pocket,28.0,"https://s.afl.com.au/staticfile/AFL Tenant/AFL/Players/ChampIDImages/AFL/2026014/294596.png?im=Scale,width=0.6,height=0.6",0.6766666666666666,16.240000000000002,20,8.189655172413792,6.403940886699506,5.726600985221674,13.916256157635466,9.482758620689655,2.0320197044334973,1.169950738916256,0.0,1.231527093596059,0.06157635467980295,1.8472906403940885,0.1231527093596059,1.7857142857142856,0.30788177339901474,0.6157635467980295,4.433497536945812,9.667487684729062,0.8620689655172413,3.325123152709359,1.6625615763546795,0.0,0.4926108374384236,71.98275862068965,0.0,0.1231527093596059,6.711822660098521,185.7758620689655,2.7709359605911326,0.9236453201970443,0.6773399014778324,0.0,0.0,1.9704433497536944,0.30788177339901474,1.0467980295566501,4.926108374384236,1.7241379310344827,3.0172413793103443,0.0,0.1231527093596059,2.278325123152709,8.12807881773399,8.011083743842363,0.06157635467980295,0.43103448275862066,3.879310344827586,1.231527093596059,1.0
CD_I998172,Tim Taranto,Richmond,Centre,14.0,"https://s.afl.com.au/staticfile/AFL Tenant/AFL/Players/ChampIDImages/AFL/2026014/998172.png?im=Scale,width=0.6,height=0.6",0.7421739130434782,17.07,21,13.884007029876978,3.6321031048623316,16.578793204452253,30.462800234329233,20.093731693028705,0.8787346221441125,0.8201523140011716,0.0,6.38547158758055,1.4645577035735207,5.038078500292912,7.850029291154072,3.866432337434095,2.050380785002929,0.7615700058582308,15.46572934973638,14.235500878734621,0.23432923257176333,0.9958992384299942,0.8787346221441125,0.1757469244288225,0.5858230814294083,117.10603397773872,3.5735207967193907,4.2765084944346805,6.7369654364381955,372.3491505565319,5.213825424721734,2.81195079086116,1.054481546572935,0.0,0.0,0.4100761570005858,0.11716461628588166,11.364967779730522,6.561218512009373,2.2261277094317515,10.369068541300527,0.0,0.11716461628588166,0.29291154071470415,24.077328646748683,17.106033977738722,0.05858230814294083,2.1675454012888107,2.1675454012888107,0.11716461628588166,1.0
CD_I1028538,Tobie Travaglia,St Kilda,Back-Pocket,5.0,"https://s.afl.com.au/staticfile/AFL Tenant/AFL/Players/ChampIDImages/AFL/2026014/1028538.png?im=Scale,width=0.6,height=0.6",0.18652173913043477,4.29,7,9.324009324009324,5.361305361305361,13.053613053613054,22.377622377622377,20.27972027972028,0.0,0.0,0.0,2.331002331002331,1.3986013986013985,1.1655011655011656,1.3986013986013985,1.3986013986013985,0.2331002331002331,0.9324009324009324,6.0606060606060606,15.384615384615385,0.6993006993006993,0.0,2.097902097902098,0.2331002331002331,0.0,76.92307692307692,0.2331002331002331,1.1655011655011656,4.195804195804196,255.94405594405595,0.9324009324009324,4.662004662004662,0.2331002331002331,0.2331002331002331,0.9324009324009324,0.0,0.0,7.6923076923076925,7.6923076923076925,0.2331002331002331,5.128205128205128,0.0,1.1655011655011656,0.2331002331002331,11.888111888111888,9.79020979020979,0.0,0.6993006993006993,0.0,1.3986013986013985,1.0
CD_I1008139,Toby Bedford,GWS GIANTS,"Forward Pocket, Half-Forward, Ruck-Rover",14.0,"https://s.afl.com.au/staticfile/AFL Tenant/AFL/Players/ChampIDImages/AFL/2026014/1008139.png?im=Scale,width=0.6,height=0.6",0.5634782608695652,12.959999999999999,17,7.253086419753087,2.5462962962962963,11.188271604938272,18.44135802469136,14.351851851851853,0.8487654320987655,0.617283950617284,0.0,6.404320987654321,0.771604938271605,2.8549382716049383,1.7746913580246915,2.3919753086419755,0.925925925925926,1.1574074074074074,7.330246913580248,10.956790123456791,0.0771604938271605,0.6944444444444445,0.8487654320987655,0.154320987654321,0.771604938271605,80.55555555555556,0.771604938271605,1.0030864197530864,7.098765432098766,265.74074074074076,2.3919753086419755,2.5462962962962963,1.6203703703703705,0.0,0.0771604938271605,0.5401234567901235,0.0,8.796296296296298,4.4753086419753085,1.9290123456790125,5.478395061728396,0.0,0.0,0.154320987654321,24.69135802469136,12.962962962962964,0.0,1.234567901234568,1.6203703703703705,0.154320987654321,1.0
CD_I295344,Toby Greene,GWS GIANTS,Ruck-Rover,4.0,"https://s.afl.com.au/staticfile/AFL Tenant/AFL/Players/ChampIDImages/AFL/2026014/295344.png?im=Scale,width=0.6,height=0.6",0.7434782608695653,17.1,21,17.42690058479532,4.619883040935672,7.777777777777777,25.204678362573098,13.333333333333332,1.9883040935672514,1.6374269005847952,0.0,3.6257309941520464,1.111111111111111,7.017543859649122,4.2105263157894735,6.023391812865497,1.4035087719298245,1.9298245614035086,10.935672514619883,14.561403508771928,0.5263157894736842,1.5204678362573099,1.5204678362573099,0.05847953216374269,1.286549707602339,105.38011695906432,1.6374269005847952,2.573099415204678,8.24561403508772,506.3742690058479,6.257309941520467,1.9883040935672514,1.286549707602339,0.0,0.0,0.8187134502923976,0.3508771929824561,6.081871345029239,8.421052631578947,1.9883040935672514,7.5438596491228065,0.0,0.17543859649122806,1.1695906432748537,15.847953216374268,13.286549707602337,0.17543859649122806,1.5204678362573099,4.269005847953216,0.7602339181286549,1.0
CD_I1027971,Toby McMullin,GWS GIANTS,Interchange,31.0,"https://s.afl.com.au/staticfile/AFL Tenant/AFL/Players/ChampIDImages/AFL/2026014/1027971.png?im=Scale,width=0.6,height=0.6",0.22739130434782612,5.23,8,8.221797323135755,3.441682600382409,8.221797323135755,16.44359464627151,12.619502868068833,0.0,0.7648183556405354,0.0,2.1032504780114722,2.2944550669216057,1.7208413001912044,0.5736137667304014,3.441682600382409,0.3824091778202677,1.7208413001912044,4.971319311663479,11.089866156787762,0.0,0.19120458891013384,1.5296367112810707,0.0,0.9560229445506692,55.83173996175908,0.0,0.5736137667304014,4.780114722753345,296.36711281070745,3.0592734225621414,4.015296367112811,0.3824091778202677,0.3824091778202677,0.7648183556405354,0.5736137667304014,0.19120458891013384,8.795411089866157,5.544933078393881,0.7648183556405354,4.780114722753345,0.0,0.19120458891013384,0.7648183556405354,15.105162523900573,7.055449330783938,0.0,0.9560229445506692,0.7648183556405354,1.3384321223709368,1.0
CD_I1020950,Toby Murray,Adelaide Crows,"Centre Half-Forward, Full-Forward, Half-Forward",39.0,"https://s.afl.com.au/staticfile/AFL Tenant/AFL/Players/ChampIDImages/AFL/2026014/1020950.png?im=Scale,width=0.6,height=0.6",0.29750000000000004,7.140000000000001,13,8.403361344537814,4.761904761904762,2.941176470588235,11.34453781512605,8.123249299719888,1.2605042016806722,0.7002801120448179,14.845938375350139,3.7815126050420167,0.5602240896358543,2.380952380952381,1.6806722689075628,3.0812324929971986,2.380952380952381,1.5406162464985993,5.88235294117647,6.302521008403361,0.8403361344537814,1.4005602240896358,3.501400560224089,0.0,0.5602240896358543,81.37254901960783,0.5602240896358543,1.1204481792717087,5.182072829131652,243.8375350140056,2.941176470588235,1.1204481792717087,1.4005602240896358,0.0,0.2801120448179272,1.8207282913165264,0.2801120448179272,4.761904761904762,5.88235294117647,0.4201680672268907,2.380952380952381,3.9215686274509802,0.1400560224089636,1.2605042016806722,12.745098039215685,9.901960784313726,43.27731092436974,1.9607843137254901,2.1008403361344534,3.0812324929971986,1.0
CD_I298174,Toby Nankervis,Richmond,Ruck,25.0,"https://s.afl.com.au/staticfile/AFL Tenant/AFL/Players/ChampIDImages/AFL/2026014/298174.png?im=Scale,width=0.6,height=0.6",0.37869565217391304,8.709999999999999,12,8.15154994259472,2.066590126291619,15.384615384615387,23.536165327210107,16.87715269804822,0.34443168771526983,0.22962112514351324,36.05051664753157,4.5924225028702645,1.3777267508610793,2.2962112514351323,8.49598163030999,5.051664753157291,1.836969001148106,2.411021814006889,14.58094144661309,8.725602755453503,0.4592422502870265,0.0,5.281285878300804,0.0,0.11481056257175662,112.74397244546499,2.985074626865672,5.510907003444317,5.281285878300804,171.06773823191736,3.214695752009185,2.411021814006889,0.6888633754305397,0.34443168771526983,0.918484500574053,0.4592422502870265,0.22962112514351324,8.266360505166476,5.051664753157291,0.8036739380022963,7.003444316877154,10.218140068886338,1.0332950631458095,0.0,19.058553386911598,21.297359357060852,87.94489092996557,4.018369690011482,0.5740528128587831,4.247990815154995,1.0
CD_I1002138,Toby Pink,North Melbourne,"Back-Pocket, Full-Back",32.0,"https://s.afl.com.au/staticfile/AFL Tenant/AFL/Players/ChampIDImages/AFL/2026014/1002138.png?im=Scale,width=0.6,height=0.6",0.1973913043478261,4.54,5,8.370044052863436,5.506607929515418,5.066079295154185,13.43612334801762,12.114537444933921,0.0,0.0,0.0,0.8810572687224669,2.643171806167401,1.3215859030837005,0.0,1.3215859030837005,0.44052863436123346,0.8810572687224669,3.303964757709251,9.691629955947137,0.0,0.0,5.506607929515418,0.0,0.0,53.08370044052863,0.0,0.0,1.5418502202643172,250.44052863436124,2.4229074889867843,4.185022026431718,0.0,0.22026431718061673,1.9823788546255507,0.0,0.0,3.9647577092511015,7.709251101321586,0.0,2.4229074889867843,0.0,0.44052863436123346,0.0,4.405286343612334,7.599118942731278,0.0,0.22026431718061673,0.0,4.845814977973569,1.0
CD_I1027844,Tobyn Murray,Fremantle,Half-Forward,11.0,"https://s.afl.com.au/staticfile/AFL Tenant/AFL/Players/ChampIDImages/AFL/2026014/1027844.png?im=Scale,width=0.6,height=0.6",0.034166666666666665,0.82,1,7.317073170731708,2.4390243902439024,8.536585365853659,15.853658536585368,9.75609756097561,1.2195121951219512,1.2195121951219512,0.0,4.878048780487805,0.0,0.0,1.2195121951219512,3.658536585365854,1.2195121951219512,0.0,4.878048780487805,10.975609756097562,0.0,0.0,0.0,0.0,0.0,75.60975609756098,0.0,1.2195121951219512,4.878048780487805,192.6829268292683,3.658536585365854,2.4390243902439024,3.658536585365854,0.0,0.0,0.0,0.0,2.4390243902439024,4.878048780487805,1.2195121951219512,4.878048780487805,0.0,0.0,0.0,13.414634146341465,0.0,0.0,1.2195121951219512,3.658536585365854,0.0,1.0
CD_I1004998,Todd Marshall,Port Adelaide,Centre Half-Forward,4.0,"https://s.afl.com.au/staticfile/AFL Tenant/AFL/Players/ChampIDImages/AFL/2026014/1004998.png?im=Scale,width=0.6,height=0.6",0.4765217391304348,10.959999999999999,15,11.04014598540146,6.295620437956205,2.737226277372263,13.777372262773724,9.215328467153286,0.7299270072992702,0.7299270072992702,0.0,2.007299270072993,2.281021897810219,2.007299270072993,0.0,2.4635036496350367,0.5474452554744526,0.5474452554744526,3.923357664233577,8.576642335766424,0.7299270072992702,1.3686131386861315,1.8248175182481754,0.09124087591240877,0.45620437956204385,69.52554744525548,0.0,0.0,4.653284671532847,297.44525547445255,2.737226277372263,3.102189781021898,0.7299270072992702,0.0,0.2737226277372263,1.7335766423357666,0.2737226277372263,3.010948905109489,6.934306569343066,0.7299270072992702,2.18978102189781,0.0,0.8211678832116789,1.186131386861314,9.67153284671533,7.4087591240875925,0.0,0.9124087591240877,1.9160583941605842,1.3686131386861315,1.0
CD_I1027870,Tom Anastasopoulos,Port Adelaide,Forward Pocket,29.0,"https://s.afl.com.au/staticfile/AFL Tenant/AFL/Players/ChampIDImages/AFL/2026014/1027870.png?im=Scale,width=0.6,height=0.6",0.16000000000000003,3.6800000000000006,5,9.782608695652172,4.076086956521738,5.706521739130434,15.489130434782606,9.239130434782608,0.5434782608695651,0.27173913043478254,0.0,3.5326086956521734,1.3586956521739129,2.7173913043478257,0.0,3.2608695652173907,0.27173913043478254,0.27173913043478254,2.445652173913043,13.043478260869563,0.0,0.5434782608695651,1.0869565217391302,0.0,0.0,70.1086956521739,0.0,0.0,3.2608695652173907,277.98913043478257,3.5326086956521734,1.6304347826086953,1.0869565217391302,0.0,0.0,0.0,0.0,5.706521739130434,5.163043478260868,0.5434782608695651,2.1739130434782603,0.0,0.27173913043478254,0.5434782608695651,15.760869565217389,4.9728260869565215,0.0,0.0,1.0869565217391302,0.8152173913043477,1.0
CD_I994386,Tom Atkins,Geelong Cats,Ruck-Rover,30.0,"https://s.afl.com.au/staticfile/AFL Tenant/AFL/Players/ChampIDImages/AFL/2026014/994386.png?im=Scale,width=0.6,height=0.6",0.7445833333333334,17.87,24,10.184667039731393,1.902630106323447,14.605484051482932,24.790151091214323,17.235590374930048,0.2238388360380526,0.05595970900951315,0.0,7.946278679350867,1.0632344711807498,3.9171796306659203,5.260212646894236,4.308897593732512,1.510912143256855,1.902630106323447,13.15053161723559,11.695579182988247,0.0,0.05595970900951315,1.6787912702853944,0.27979854504756574,0.6715165081141578,94.4599888080582,2.0705092333519866,3.1897034135422495,5.540011191941802,262.1712367095691,3.6373810856183546,3.6933407946278676,1.119194180190263,0.0,0.05595970900951315,0.16787912702853944,0.1119194180190263,12.98265249020705,5.8198097369893675,1.3989927252378287,9.96082820369334,0.0,0.1119194180190263,0.0,31.5053161723559,13.984331281477337,0.0,2.182428651371013,0.3357582540570789,0.5036373810856183,1.0
CD_I990290,Tom Barrass,Hawthorn,Full-Back,37.0,"https://s.afl.com.au/staticfile/AFL Tenant/AFL/Players/ChampIDImages/AFL/2026014/990290.png?im=Scale,width=0.6,height=0.6",0.67625,16.23,20,6.839186691312384,4.929143561306223,4.18977202711029,11.028958718422674,9.550215650030808,0.061614294516327786,0.0,0.0,1.2939001848428835,2.1565003080714726,0.5545286506469501,0.061614294516327786,1.6019716574245224,0.5545286506469501,1.0474430067775724,4.621072088724584,6.592729513247074,1.2939001848428835,0.0,7.825015403573629,0.0,0.0,46.642020948860136,0.0,0.061614294516327786,1.786814540973506,120.14787430683919,1.4171287738755391,6.469500924214418,0.0,0.4313000616142945,1.6019716574245224,0.0,0.0,4.374614910659273,6.099815157116451,0.0,2.587800369685767,0.0,2.895871842267406,0.061614294516327786,5.360443622920517,9.790511398644485,0.061614294516327786,1.1090573012939002,0.061614294516327786,7.208872458410351,1.0
CD_I1015883,Tom Blamires,North Melbourne,Half-Back,39.0,"https://s.afl.com.au/staticfile/AFL Tenant/AFL/Players/ChampIDImages/AFL/2026014/1015883.png?im=Scale,width=0.6,height=0.6",0.5543478260869565,12.75,17,13.254901960784315,4.1568627450980395,9.72549019607843,22.980392156862745,16.784313725490197,0.23529411764705882,0.3137254901960784,0.0,2.2745098039215685,2.9019607843137254,3.2941176470588234,1.2549019607843137,2.6666666666666665,1.0980392156862746,0.5490196078431373,5.96078431372549,15.529411764705882,0.0,0.39215686274509803,0.9411764705882353,0.7058823529411765,0.39215686274509803,81.96078431372548,0.1568627450980392,1.0980392156862746,5.176470588235294,412.078431372549,4.078431372549019,3.6862745098039214,0.1568627450980392,0.0784313725490196,0.39215686274509803,0.0,0.0,7.372549019607843,8.627450980392156,0.39215686274509803,4.862745098039215,0.0,0.39215686274509803,0.23529411764705882,12.705882352941176,9.694117647058823,0.0,0.9411764705882353,0.6274509803921569,0.7058823529411765,1.0
CD_I1017086,Tom Brown,Richmond,Half-Back,30.0,"https://s.afl.com.au/staticfile/AFL Tenant/AFL/Players/ChampIDImages/AFL/2026014/1017086.png?im=Scale,width=0.6,height=0.6",0.5865217391304348,13.49,18,14.825796886582653,5.633802816901408,5.411415863602668,20.23721275018532,15.048183839881393,0.07412898443291327,0.2965159377316531,0.0,1.408450704225352,4.966641957005189,2.816901408450704,0.815418828762046,2.816901408450704,0.5189028910303929,0.9636767976278725,5.856189770200148,11.34173461823573,0.7412898443291327,0.2223869532987398,2.520385470719051,0.07412898443291327,0.5189028910303929,76.20459599703484,0.0,0.815418828762046,2.8910303928836174,443.88435878428464,4.670126019273536,5.633802816901408,0.07412898443291327,0.2965159377316531,1.1860637509266123,0.14825796886582654,0.07412898443291327,6.968124536693847,10.378057820607857,0.2965159377316531,4.225352112676056,0.0,1.704966641957005,0.5189028910303929,10.007412898443292,9.258710155670867,0.0,1.111934766493699,0.5189028910303929,2.149740548554485,1.0
CD_I1033059,Tom Burton,Richmond,Interchange,45.0,"https://s.afl.com.au/staticfile/AFL Tenant/AFL/Players/ChampIDImages/AFL/2026014/1033059.png?im=Scale,width=0.6,height=0.6",0.1682608695652174,3.87,5,5.684754521963824,1.0335917312661498,8.010335917312661,13.695090439276486,10.335917312661499,0.0,0.5167958656330749,0.0,1.2919896640826873,0.25839793281653745,2.5839793281653747,0.25839793281653745,2.0671834625322996,0.25839793281653745,0.7751937984496123,4.909560723514212,9.819121447028424,0.0,0.5167958656330749,0.5167958656330749,1.5503875968992247,0.25839793281653745,39.79328165374677,0.25839793281653745,0.0,3.359173126614987,202.32558139534882,3.1007751937984493,1.5503875968992247,0.5167958656330749,0.0,0.0,0.0,0.0,4.3927648578811365,3.6175710594315245,0.5167958656330749,4.134366925064599,0.0,0.0,0.25839793281653745,11.627906976744185,5.7881136950904395,0.0,1.0335917312661498,0.5167958656330749,0.0,1.0
CD_I1022371,Tom Cochrane,Port Adelaide,Half-Forward,26.0,"https://s.afl.com.au/staticfile/AFL Tenant/AFL/Players/ChampIDImages/AFL/2026014/1022371.png?im=Scale,width=0.6,height=0.6",0.08695652173913043,2.0,3,8.5,3.0,2.5,11.0,3.5,1.0,1.5,0.0,3.5,0.0,4.5,0.5,5.5,0.0,0.5,5.0,6.0,0.0,1.5,1.0,0.0,1.5,59.5,0.0,0.5,5.0,286.5,4.0,0.5,1.5,0.0,0.0,1.0,0.0,4.0,2.5,2.0,3.5,0.0,0.0,1.5,16.5,7.4,0.0,0.0,3.5,0.0,1.0
CD_I993820,Tom Cole,West Coast Eagles,Half-Forward,28.0,"https://s.afl.com.au/staticfile/AFL Tenant/AFL/Players/ChampIDImages/AFL/2026014/993820.png?im=Scale,width=0.6,height=0.6",0.59,13.569999999999999,17,9.13780397936625,4.863669859985262,6.337509211495948,15.475313190862197,11.495946941783346,0.6632277081798085,0.44215180545320565,0.0,3.0950626381724398,0.6632277081798085,2.8739867354458366,0.7369196757553428,2.652910832719234,0.9579955784819456,1.1790714812085483,4.863669859985262,10.83271923360354,0.22107590272660282,0.44215180545320565,1.842299189388357,0.5895357406042742,0.51584377302874,68.90198968312454,0.22107590272660282,0.51584377302874,4.789977892409728,269.5652173913044,2.726602800294768,2.652910832719234,0.5895357406042742,0.0,0.14738393515106854,0.22107590272660282,0.0,5.67428150331614,6.337509211495948,0.9579955784819456,2.8739867354458366,0.0,0.6632277081798085,1.2527634487840826,14.075165806927046,9.550478997789241,0.0,0.6632277081798085,1.1790714812085483,1.1053795136330142,1.0
CD_I1004912,Tom De Koning,St Kilda,Ruck,21.0,"https://s.afl.com.au/staticfile/AFL Tenant/AFL/Players/ChampIDImages/AFL/2026014/1004912.png?im=Scale,width=0.6,height=0.6",0.6465217391304348,14.87,20,8.607935440484196,4.236718224613315,8.607935440484196,17.215870880968392,11.028917283120377,0.7397444519166106,0.605245460659045,24.478816408876934,1.9502353732347009,1.21049092131809,3.2279757901815738,3.9004707464694017,5.178211163416274,1.3449899125756557,2.6227303295225286,9.347679892400807,8.540685944855413,1.1432414256893073,1.0087424344317417,2.2864828513786146,0.0,0.4034969737726967,86.55010087424344,1.4122394082044385,2.488231338264963,6.99394754539341,250.4371217215871,3.3624747814391394,2.219233355749832,0.13449899125756556,0.3362474781439139,0.7397444519166106,0.4034969737726967,0.20174848688634836,2.89172831203766,5.043712172158709,0.7397444519166106,3.429724277067922,7.4646940147948895,1.0087424344317417,0.605245460659045,8.406186953597848,10.524546065904506,62.54203093476799,3.9677202420981845,1.7484868863483525,1.6812373907195697,1.0
CD_I1028561,Tom Gross,West Coast Eagles,Forward Pocket,27.0,"https://s.afl.com.au/staticfile/AFL Tenant/AFL/Players/ChampIDImages/AFL/2026014/1028561.png?im=Scale,width=0.6,height=0.6",0.11695652173913043,2.69,4,7.806691449814126,3.717472118959108,7.063197026022305,14.869888475836431,11.152416356877323,0.7434944237918216,1.1152416356877324,0.0,4.089219330855019,0.3717472118959108,3.345724907063197,0.3717472118959108,0.7434944237918216,1.1152416356877324,0.3717472118959108,5.947955390334573,10.037174721189592,0.0,1.1152416356877324,0.3717472118959108,0.0,0.7434944237918216,70.63197026022306,0.0,0.3717472118959108,4.089219330855019,200.0,2.6022304832713754,2.2304832713754648,0.7434944237918216,0.0,0.0,0.3717472118959108,0.0,5.5762081784386615,4.83271375464684,0.7434944237918216,5.204460966542751,0.0,0.0,0.3717472118959108,15.985130111524164,9.739776951672862,0.0,0.0,2.2304832713754648,0.0,1.0
CD_I1027687,Tom Hanily,Sydney Swans,Interchange,40.0,"https://s.afl.com.au/staticfile/AFL Tenant/AFL/Players/ChampIDImages/AFL/2026014/1027687.png?im=Scale,width=0.6,height=0.6",0.15958333333333333,3.8299999999999996,6,8.093994778067886,4.960835509138382,9.660574412532638,17.754569190600524,14.62140992167102,0.783289817232376,1.3054830287206267,0.0,3.9164490861618804,0.26109660574412535,4.438642297650131,0.5221932114882507,2.088772845953003,1.3054830287206267,1.3054830287206267,5.483028720626632,12.532637075718016,0.5221932114882507,0.783289817232376,1.566579634464752,0.0,0.5221932114882507,77.54569190600523,0.26109660574412535,0.26109660574412535,7.571801566579635,287.72845953002616,3.3942558746736298,2.088772845953003,0.783289817232376,0.0,0.0,1.0443864229765014,0.26109660574412535,3.133159268929504,5.221932114882507,1.3054830287206267,3.3942558746736298,0.0,0.26109660574412535,1.3054830287206267,13.577023498694519,8.825065274151436,0.0,0.783289817232376,2.088772845953003,1.0443864229765014,1.0
CD_I290799,Tom Liberatore,Western Bulldogs,Ruck-Rover,21.0,"https://s.afl.com.au/staticfile/AFL Tenant/AFL/Players/ChampIDImages/AFL/2026014/290799.png?im=Scale,width=0.6,height=0.6",0.3108,7.7700000000000005,11,14.929214929214929,4.247104247104247,19.047619047619047,33.97683397683397,23.294723294723294,0.2574002574002574,0.2574002574002574,0.0,5.7915057915057915,3.4749034749034746,4.1184041184041185,8.108108108108107,2.831402831402831,0.6435006435006435,0.6435006435006435,14.285714285714285,19.433719433719432,0.0,0.0,1.287001287001287,0.0,0.9009009009009008,119.3050193050193,2.3166023166023164,5.7915057915057915,7.4646074646074645,412.99871299871296,5.276705276705276,2.96010296010296,0.9009009009009008,0.0,0.0,0.1287001287001287,0.0,10.68211068211068,8.108108108108107,1.1583011583011582,11.196911196911197,0.0,0.1287001287001287,0.6435006435006435,24.45302445302445,16.769626769626772,0.0,1.9305019305019304,0.7722007722007721,0.38610038610038605,1.0
CD_I293813,Tom Lynch,Richmond,Full-Forward,19.0,"https://s.afl.com.au/staticfile/AFL Tenant/AFL/Players/ChampIDImages/AFL/2026014/293813.png?im=Scale,width=0.6,height=0.6",0.538695652173913,12.39,15,7.5060532687651325,4.196933010492332,3.631961259079903,11.138014527845035,6.376109765940274,1.6142050040355125,2.098466505246166,0.4035512510088781,1.8563357546408392,0.08071025020177562,1.29136400322841,0.4035512510088781,2.6634382566585955,1.2106537530266344,1.1299435028248588,6.053268765133172,5.16545601291364,2.098466505246166,2.8248587570621466,1.694915254237288,0.0,0.5649717514124294,59.80629539951573,0.0,0.4035512510088781,6.45682001614205,194.10815173527038,2.340597255851493,0.7263922518159805,1.452784503631961,0.0,0.0,4.277643260694108,0.8071025020177562,1.3720742534301855,3.793381759483454,1.1299435028248588,2.2598870056497176,0.0,0.16142050040355124,0.9685230024213075,9.03954802259887,5.754640839386601,5.4075867635189665,0.48426150121065376,4.519774011299435,1.2106537530266344,1.0
CD_I1036124,Tom McCarthy,West Coast Eagles,Half-Back,18.0,"https://s.afl.com.au/staticfile/AFL Tenant/AFL/Players/ChampIDImages/AFL/2026014/1036124.png?im=Scale,width=0.6,height=0.6",0.7673913043478261,17.65,22,21.416430594900852,7.0821529745042495,6.685552407932012,28.101983002832863,22.719546742209634,0.056657223796034,0.056657223796034,0.0,2.662889518413598,7.64872521246459,2.8328611898017,1.246458923512748,2.606232294617564,0.6798866855524079,0.33994334277620397,5.722379603399434,16.71388101983003,0.509915014164306,0.056657223796034,1.869688385269122,1.246458923512748,0.226628895184136,109.57507082152975,0.28328611898017,0.963172804532578,4.192634560906516,582.4929178470255,4.872521246458924,6.118980169971672,0.0,0.113314447592068,0.56657223796034,0.0,0.0,8.895184135977338,16.827195467422097,0.0,4.419263456090652,0.0,1.926345609065156,0.113314447592068,12.861189801699718,13.042492917847026,0.0,1.5864022662889519,0.16997167138810199,1.246458923512748,1.0
CD_I1008198,Tom McCartin,Sydney Swans,Full-Back,30.0,"https://s.afl.com.au/staticfile/AFL Tenant/AFL/Players/ChampIDImages/AFL/2026014/1008198.png?im=Scale,width=0.6,height=0.6",0.8083333333333333,19.4,21,10.360824742268042,7.164948453608248,9.63917525773196,20.0,16.494845360824744,0.0,0.0,0.0,1.5463917525773196,4.484536082474227,1.1340206185567012,0.3608247422680413,3.0927835051546393,1.0309278350515465,1.3402061855670104,5.876288659793815,13.402061855670103,1.2371134020618557,0.0,6.340206185567011,0.2061855670103093,0.051546391752577324,75.05154639175258,0.051546391752577324,0.30927835051546393,2.731958762886598,284.74226804123714,2.8350515463917527,8.45360824742268,0.0,0.7731958762886598,2.8350515463917527,0.051546391752577324,0.0,6.185567010309279,8.45360824742268,0.0,3.6082474226804124,0.0,3.041237113402062,0.10309278350515465,7.31958762886598,10.587628865979383,0.0,1.2371134020618557,0.0,5.876288659793815,1.0
CD_I291533,Tom McDonald,Melbourne,Centre Half-Back,25.0,"https://s.afl.com.au/staticfile/AFL Tenant/AFL/Players/ChampIDImages/AFL/2026014/291533.png?im=Scale,width=0.6,height=0.6",0.4116666666666667,9.879999999999999,11,8.198380566801621,4.858299595141701,3.947368421052632,12.145748987854253,9.919028340080972,0.3036437246963563,0.0,0.5060728744939271,1.417004048582996,3.4412955465587047,0.8097165991902835,0.20242914979757087,2.530364372469636,0.6072874493927126,1.3157894736842106,3.3400809716599196,8.704453441295547,0.40485829959514175,0.20242914979757087,6.072874493927126,0.20242914979757087,0.10121457489878544,51.72064777327936,0.0,0.20242914979757087,2.530364372469636,224.3927125506073,2.125506072874494,4.858299595141701,0.10121457489878544,0.9109311740890689,2.6315789473684212,0.40485829959514175,0.20242914979757087,5.2631578947368425,6.477732793522268,0.10121457489878544,2.0242914979757085,0.3036437246963563,1.5182186234817816,0.20242914979757087,7.591093117408907,7.6417004048583,1.7206477732793524,1.3157894736842106,0.3036437246963563,5.161943319838057,1.0
CD_I996765,Tom Papley,Sydney Swans,Forward Pocket,11.0,"https://s.afl.com.au/staticfile/AFL Tenant/AFL/Players/ChampIDImages/AFL/2026014/996765.png?im=Scale,width=0.6,height=0.6",0.58125,13.95,19,13.333333333333334,3.5842293906810037,7.311827956989248,20.64516129032258,12.688172043010754,2.2939068100358426,1.935483870967742,0.0,3.512544802867384,0.14336917562724016,6.379928315412187,1.7921146953405018,4.587813620071685,1.5053763440860215,1.4336917562724014,7.741935483870968,13.118279569892474,0.07168458781362008,1.6487455197132617,1.6487455197132617,1.5053763440860215,1.935483870967742,92.32974910394266,0.28673835125448033,1.5053763440860215,10.68100358422939,438.99641577060936,4.444444444444445,1.863799283154122,1.7204301075268817,0.0,0.14336917562724016,0.35842293906810035,0.14336917562724016,3.2974910394265233,6.881720430107527,2.3655913978494625,5.232974910394265,0.0,0.21505376344086022,1.0752688172043012,16.27240143369176,13.906810035842295,0.07168458781362008,1.935483870967742,5.448028673835125,0.43010752688172044,1.0
CD_I1011659,Tom Powell,North Melbourne,Centre,24.0,"https://s.afl.com.au/staticfile/AFL Tenant/AFL/Players/ChampIDImages/AFL/2026014/1011659.png?im=Scale,width=0.6,height=0.6",0.26608695652173914,6.119999999999999,8,13.23529411764706,6.535947712418301,8.66013071895425,21.89542483660131,15.686274509803924,0.49019607843137264,0.9803921568627453,0.0,3.594771241830066,1.3071895424836604,2.9411764705882355,2.124183006535948,3.2679738562091507,0.6535947712418302,0.8169934640522877,5.882352941176471,15.849673202614381,0.0,0.8169934640522877,1.1437908496732028,0.0,0.6535947712418302,93.1372549019608,0.6535947712418302,1.4705882352941178,6.535947712418301,315.1960784313726,4.411764705882353,2.450980392156863,1.3071895424836604,0.0,0.0,0.0,0.0,4.411764705882353,8.333333333333334,1.1437908496732028,4.575163398692811,0.0,0.16339869281045755,0.49019607843137264,13.562091503267975,8.790849673202617,0.0,1.3071895424836604,1.4705882352941178,0.49019607843137264,1.0
CD_I999391,Tom Sparrow,Melbourne,Centre,32.0,"https://s.afl.com.au/staticfile/AFL Tenant/AFL/Players/ChampIDImages/AFL/2026014/999391.png?im=Scale,width=0.6,height=0.6",0.75375,18.09,24,16.473189607517966,3.482587064676617,12.437810945273633,28.9110005527916,19.347705914870094,0.6633499170812603,0.6080707573244887,0.0,8.402432283029299,1.9900497512437811,6.19126589275843,7.131011608623549,4.8092868988391375,1.2161415146489774,1.5478164731896076,11.829740187949144,15.809839690436705,0.0,0.3869541182974019,1.7136539524599226,0.6080707573244887,0.6633499170812603,119.51354339414041,3.7589828634604756,3.3720287451630737,7.573244886677722,521.2271973466003,5.749032614704257,2.542841348811498,0.7186290768380321,0.055279159756771695,0.055279159756771695,0.0,0.0,13.598673300165837,8.678828081813156,0.4975124378109453,7.462686567164179,0.0,0.2763957987838585,0.6633499170812603,31.17744610281924,17.01492537313433,0.0,1.7136539524599226,1.4372581536760642,0.44223327805417356,1.0
CD_I291800,Tom Stewart,Geelong Cats,"Back-Pocket, Back-Pocket",44.0,"https://s.afl.com.au/staticfile/AFL Tenant/AFL/Players/ChampIDImages/AFL/2026014/291800.png?im=Scale,width=0.6,height=0.6",0.7470833333333332,17.93,22,18.627997769102063,6.915783602900167,7.138873396542109,25.766871165644172,21.862799776910208,0.055772448410485224,0.055772448410485224,0.0,1.7847183491355272,7.194645844952594,1.3943112102621305,0.5577244841048522,2.788622420524261,1.003904071388734,1.0596765197992193,7.361963190184049,13.273842721695482,0.8923591745677636,0.0,3.792526491912995,0.6134969325153374,0.055772448410485224,96.26324595649749,0.11154489682097045,0.4461795872838818,3.73675404350251,514.5566090351366,4.350250976017847,9.760178471834914,0.0,0.11154489682097045,1.0596765197992193,0.0,0.0,6.4696040156162855,16.062465142219743,0.0,5.521472392638037,0.0,3.067484662576687,0.0,8.477412158393754,12.76073619631902,0.0,2.1751254880089235,0.11154489682097045,3.4578918014500837,1.0
CD_I298272,Touk Miller,Gold Coast SUNS,"Half-Forward, Wing",11.0,"https://s.afl.com.au/staticfile/AFL Tenant/AFL/Players/ChampIDImages/AFL/2026014/298272.png?im=Scale,width=0.6,height=0.6",0.8221739130434782,18.91,23,12.797461660497092,4.600740349021682,17.556848228450555,30.354309888947647,22.950819672131146,0.6345848757271285,0.31729243786356426,0.0,5.076679005817028,1.8508725542041249,4.177683765203596,4.547858276044421,3.5430988894764677,0.8989952406134321,1.0576414595452142,10.364886303543098,20.83553675304072,0.15864621893178213,0.31729243786356426,1.3749338974087784,0.21152829190904282,0.5817028027498677,109.46589106292967,1.3749338974087784,3.1729243786356425,7.1390798519301955,398.99524061343203,4.177683765203596,2.8556319407720783,0.5817028027498677,0.0,0.15864621893178213,0.052882072977260705,0.052882072977260705,8.672659968270755,8.19672131147541,0.9518773135906927,6.927551560021152,0.0,0.21152829190904282,0.74034902168165,18.0327868852459,15.081967213114753,0.0,1.5864621893178212,1.2162876784769963,0.31729243786356426,1.0
CD_I1009378,Trent Rivers,Melbourne,Half-Back,24.0,"https://s.afl.com.au/staticfile/AFL Tenant/AFL/Players/ChampIDImages/AFL/2026014/1009378.png?im=Scale,width=0.6,height=0.6",0.5208333333333334,12.5,17,16.64,6.56,10.8,27.44,22.0,0.24,0.24,0.0,3.12,5.68,3.52,0.8,2.64,0.56,0.56,6.16,18.48,0.32,0.16,1.36,1.12,0.64,104.24,0.16,0.64,5.92,548.64,4.8,6.16,0.16,0.32,0.48,0.0,0.0,8.32,12.56,0.16,5.04,0.0,1.68,0.24,14.0,13.248,0.08,1.76,0.48,1.04,1.0
CD_I1004965,Tristan Xerri,North Melbourne,Ruck,38.0,"https://s.afl.com.au/staticfile/AFL Tenant/AFL/Players/ChampIDImages/AFL/2026014/1004965.png?im=Scale,width=0.6,height=0.6",0.6278260869565218,14.440000000000001,19,8.933518005540165,3.8088642659279777,14.404432132963988,23.33795013850415,15.166204986149584,0.5540166204986149,0.3462603878116343,28.04709141274238,7.825484764542936,1.6620498614958448,2.562326869806094,8.725761772853184,4.986149584487534,3.9473684210526314,2.3545706371191133,18.76731301939058,5.124653739612188,1.3157894736842104,0.5540166204986149,3.116343490304709,0.0,0.5540166204986149,126.93905817174515,3.185595567867036,5.540166204986149,6.163434903047091,190.65096952908584,2.8393351800554014,3.53185595567867,1.592797783933518,0.0,0.48476454293628807,0.6232686980609418,0.27700831024930744,8.17174515235457,5.055401662049861,0.9002770083102493,6.717451523545706,7.5484764542936285,1.7313019390581716,0.13850415512465372,17.65927977839335,18.78808864265928,82.68698060941827,4.501385041551246,1.038781163434903,2.2160664819944595,1.0
CD_I1034411,Ty Gallop,Brisbane Lions,Centre Half-Back,22.0,"https://s.afl.com.au/staticfile/AFL Tenant/AFL/Players/ChampIDImages/AFL/2026014/1034411.png?im=Scale,width=0.6,height=0.6",0.6425,15.419999999999998,18,9.208819714656292,5.577172503242543,1.7509727626459146,10.959792477302207,7.782101167315176,0.0648508430609598,0.1945525291828794,0.1297016861219196,2.3994811932555127,2.594033722438392,1.7509727626459146,0.0648508430609598,2.5291828793774322,0.4539559014267186,1.1024643320363166,4.150453955901427,7.198443579766538,1.1024643320363166,0.2594033722438392,6.35538261997406,0.0,0.1297016861219196,55.31776913099871,0.0,0.0648508430609598,2.269779507133593,266.2775616083009,3.566796368352789,4.474708171206227,0.5188067444876784,0.4539559014267186,2.0752269779507135,0.7133592736705578,0.1297016861219196,6.0311284046692615,6.614785992217899,0.4539559014267186,2.3346303501945527,0.0,1.7509727626459146,0.3891050583657588,9.857328145265889,8.13229571984436,0.8430609597924774,0.8430609597924774,0.3891050583657588,5.382619974059663,1.0
CD_I1018433,Tylar Young,West Coast Eagles,Centre Half-Back,20.0,"https://s.afl.com.au/staticfile/AFL Tenant/AFL/Players/ChampIDImages/AFL/2026014/1018433.png?im=Scale,width=0.6,height=0.6",0.87,20.009999999999998,23,11.844077961019492,6.3968015992004,3.6981509245377313,15.542228885557224,13.193403298350827,0.0,0.0,0.0,0.9495252373813095,3.9980009995002503,1.3493253373313345,0.09995002498750626,2.0989505247376314,0.9995002498750626,1.199400299850075,4.447776111944028,10.594702648675662,0.44977511244377816,0.0,5.74712643678161,0.09995002498750626,0.09995002498750626,63.31834082958521,0.0,0.09995002498750626,1.949025487256372,329.63518240879563,2.6486756621689156,6.296851574212894,0.0,0.9495252373813095,2.8985507246376816,0.04997501249375313,0.0,4.397801099450275,9.945027486256873,0.0,3.098450774612694,0.0,1.949025487256372,0.0,5.59720139930035,8.590704647676164,0.0,0.79960019990005,0.0,5.297351324337831,1.0
CD_I1017114,Tyler Sonsie,Richmond,Wing,40.0,"https://s.afl.com.au/staticfile/AFL Tenant/AFL/Players/ChampIDImages/AFL/2026014/1017114.png?im=Scale,width=0.6,height=0.6",0.5369565217391304,12.35,15,11.65991902834008,4.534412955465587,8.178137651821862,19.838056680161944,14.008097165991904,0.4048582995951417,0.4048582995951417,0.0,1.8623481781376519,1.6194331983805668,2.91497975708502,1.2955465587044535,2.348178137651822,0.8906882591093118,0.6477732793522267,7.287449392712551,12.388663967611336,0.16194331983805668,0.6477732793522267,0.4048582995951417,0.16194331983805668,0.24291497975708504,74.17004048582996,0.0,1.2955465587044535,4.291497975708502,336.43724696356276,4.291497975708502,4.4534412955465585,0.16194331983805668,0.0,0.08097165991902834,0.24291497975708504,0.08097165991902834,6.153846153846154,7.6923076923076925,1.0526315789473684,5.910931174089069,0.0,0.4858299595141701,0.32388663967611336,12.388663967611336,8.186234817813766,0.0,0.9716599190283401,0.8906882591093118,0.24291497975708504,1.0
CD_I1027966,Vigo Visentini,Essendon,Ruck,17.0,"https://s.afl.com.au/staticfile/AFL Tenant/AFL/Players/ChampIDImages/AFL/2026014/1027966.png?im=Scale,width=0.6,height=0.6",0.09347826086956522,2.15,3,13.488372093023257,8.372093023255815,7.906976744186047,21.395348837209305,13.023255813953488,0.46511627906976744,0.0,26.511627906976745,5.116279069767442,1.3953488372093024,2.7906976744186047,2.3255813953488373,4.651162790697675,3.255813953488372,1.8604651162790697,8.837209302325581,12.558139534883722,0.46511627906976744,0.46511627906976744,0.9302325581395349,0.0,0.46511627906976744,128.8372093023256,0.0,2.3255813953488373,4.186046511627907,287.90697674418607,2.3255813953488373,4.186046511627907,0.46511627906976744,0.0,1.3953488372093024,1.3953488372093024,0.0,6.046511627906977,7.441860465116279,0.46511627906976744,1.3953488372093024,7.441860465116279,1.3953488372093024,0.46511627906976744,13.488372093023257,9.255813953488373,67.90697674418605,1.8604651162790697,0.9302325581395349,0.9302325581395349,1.0
CD_I1016140,Wade Derksen,Carlton,Full-Back,47.0,"https://s.afl.com.au/staticfile/AFL Tenant/AFL/Players/ChampIDImages/AFL/2026014/1016140.png?im=Scale,width=0.6,height=0.6",0.498,12.45,15,10.763052208835342,6.42570281124498,5.301204819277109,16.06425702811245,12.048192771084338,0.0,0.0,0.0,0.9638554216867471,2.6506024096385543,0.48192771084337355,0.1606425702811245,2.811244979919679,0.48192771084337355,0.642570281124498,5.220883534136546,10.120481927710843,0.7228915662650602,0.08032128514056225,5.863453815261044,0.321285140562249,0.1606425702811245,64.57831325301206,0.0,0.1606425702811245,2.9718875502008033,208.91566265060243,2.48995983935743,6.746987951807229,0.1606425702811245,0.5622489959839357,2.570281124497992,0.1606425702811245,0.0,4.658634538152611,8.273092369477911,0.08032128514056225,3.9357429718875503,0.0,2.4096385542168677,0.08032128514056225,5.943775100401607,8.144578313253014,0.08032128514056225,1.285140562248996,0.0,5.140562248995984,1.0
CD_I990882,Wayne Milera,Adelaide Crows,Half-Back,30.0,"https://s.afl.com.au/staticfile/AFL Tenant/AFL/Players/ChampIDImages/AFL/2026014/990882.png?im=Scale,width=0.6,height=0.6",0.6370833333333333,15.290000000000001,19,20.601700457815564,7.455853499018966,10.922171353826029,31.523871811641595,26.88031393067364,0.13080444735120994,0.0,0.0,3.1393067364290386,6.344015696533682,2.8776978417266186,1.4388489208633093,2.9431000654022235,0.7848266841072596,0.9810333551340745,7.586657946370176,19.22825376062786,0.5886200130804446,0.0,2.092871157619359,0.3270111183780248,0.2616088947024199,117.2007848266841,0.2616088947024199,1.1772400261608893,5.689993459777632,554.4146500981033,4.251144538914323,7.390451275343361,0.0,0.2616088947024199,0.9810333551340745,0.0,0.0,8.371484630477436,16.939175931981687,0.0,5.886200130804447,0.0,1.700457815565729,0.5232177894048398,10.202746893394375,14.133420536298233,0.0,2.485284499672989,0.2616088947024199,1.5042511445389142,1.0
CD_I1028551,Wil Dawson,North Melbourne,Back-Pocket,18.0,"https://s.afl.com.au/staticfile/AFL Tenant/AFL/Players/ChampIDImages/AFL/2026014/1028551.png?im=Scale,width=0.6,height=0.6",0.21739130434782608,5.0,10,5.8,3.6,5.8,11.6,7.6,0.0,0.6,17.6,5.4,1.2,1.8,1.4,3.0,1.4,1.2,4.8,6.8,0.4,0.4,2.6,0.0,0.2,77.4,0.4,1.0,5.6,153.0,2.8,1.4,0.6,0.2,0.4,0.6,0.4,9.6,2.4,0.4,2.6,4.6,0.2,1.0,17.6,5.9399999999999995,46.8,2.2,0.8,1.8,1.0
CD_I1012873,Wil Parker,Collingwood,Interchange,15.0,"https://s.afl.com.au/staticfile/AFL Tenant/AFL/Players/ChampIDImages/AFL/2026014/1012873.png?im=Scale,width=0.6,height=0.6",0.15833333333333333,3.8,5,7.105263157894737,4.2105263157894735,7.36842105263158,14.473684210526317,10.263157894736842,0.0,0.0,0.0,1.5789473684210527,2.8947368421052633,1.3157894736842106,0.2631578947368421,3.1578947368421053,0.5263157894736842,1.3157894736842106,5.2631578947368425,8.947368421052632,0.0,0.0,3.1578947368421053,0.0,0.0,51.578947368421055,0.0,0.2631578947368421,2.1052631578947367,245.26315789473685,5.0,6.578947368421053,0.0,0.2631578947368421,0.5263157894736842,0.0,0.0,13.68421052631579,5.2631578947368425,0.2631578947368421,4.473684210526316,0.0,1.0526315789473684,0.5263157894736842,16.315789473684212,6.421052631578947,0.0,0.7894736842105263,0.0,2.368421052631579,1.0
CD_I1007881,Wil Powell,Gold Coast SUNS,Centre Half-Back,27.0,"https://s.afl.com.au/staticfile/AFL Tenant/AFL/Players/ChampIDImages/AFL/2026014/1007881.png?im=Scale,width=0.6,height=0.6",0.711304347826087,16.36,20,12.224938875305623,5.806845965770171,8.924205378973106,21.149144254278728,16.99266503667482,0.3056234718826406,0.42787286063569685,0.0,4.767726161369193,4.034229828850856,2.8117359413202934,1.1613691931540342,2.3838630806845966,0.8557457212713937,1.039119804400978,6.17359413202934,13.264058679706602,0.06112469437652812,0.0,1.466992665036675,0.24449877750611249,0.3056234718826406,91.01466992665037,0.3056234718826406,0.8557457212713937,4.034229828850856,442.2371638141809,3.117359413202934,5.378973105134475,0.06112469437652812,0.12224938875305624,0.24449877750611249,0.0,0.0,11.858190709046456,9.657701711491443,0.24449877750611249,5.134474327628362,0.0,1.039119804400978,0.3056234718826406,17.726161369193154,12.451100244498777,0.0,1.2224938875305624,0.7334963325183375,1.039119804400978,1.0
CD_I1023517,Will Ashcroft,Brisbane Lions,Centre,8.0,"https://s.afl.com.au/staticfile/AFL Tenant/AFL/Players/ChampIDImages/AFL/2026014/1023517.png?im=Scale,width=0.6,height=0.6",0.8225,19.740000000000002,24,20.415400202634242,5.977710233029382,14.133738601823707,34.54913880445795,23.860182370820667,0.8105369807497467,0.911854103343465,0.0,4.305977710233029,2.6342451874366763,5.8257345491388035,6.484295845997973,3.9007092198581557,1.570415400202634,0.9625126646403241,11.550151975683889,21.327254305977707,0.05065856129685917,0.2532928064842958,0.40526849037487334,1.266464032421479,0.8611955420466058,129.12867274569402,2.5835866261398173,3.9007092198581557,9.11854103343465,496.50455927051667,5.724417426545085,2.380952380952381,0.9625126646403241,0.0,0.0,0.0,0.0,8.51063829787234,12.1580547112462,1.7223910840932115,8.054711246200608,0.0,0.1519756838905775,1.0131712259371832,18.64235055724417,14.376899696048632,0.0,2.2289766970618032,2.127659574468085,0.10131712259371833,1.0
CD_I998129,Will Brodie,Port Adelaide,Interchange,23.0,"https://s.afl.com.au/staticfile/AFL Tenant/AFL/Players/ChampIDImages/AFL/2026014/998129.png?im=Scale,width=0.6,height=0.6",0.044782608695652176,1.03,2,11.650485436893204,2.912621359223301,27.184466019417474,38.83495145631068,31.067961165048544,0.0,0.0,0.0,4.854368932038835,0.0,3.883495145631068,9.70873786407767,4.854368932038835,0.970873786407767,0.970873786407767,20.388349514563107,17.475728155339805,0.0,0.0,0.0,0.0,0.970873786407767,115.53398058252426,4.854368932038835,4.854368932038835,6.796116504854369,293.20388349514565,1.941747572815534,4.854368932038835,0.0,0.0,0.0,0.0,0.0,13.592233009708737,9.70873786407767,1.941747572815534,15.533980582524272,0.0,0.0,0.0,30.097087378640776,21.941747572815533,0.0,1.941747572815534,0.0,0.0,1.0
CD_I1008550,Will Day,Hawthorn,Centre,12.0,"https://s.afl.com.au/staticfile/AFL Tenant/AFL/Players/ChampIDImages/AFL/2026014/1008550.png?im=Scale,width=0.6,height=0.6",0.35083333333333333,8.42,12,16.389548693586697,4.869358669833729,13.895486935866984,30.28503562945368,20.665083135391924,1.0688836104513064,0.5938242280285035,0.0,5.581947743467934,2.2565320665083135,5.819477434679335,7.1258907363420425,5.3444180522565325,1.5439429928741093,2.137767220902613,12.589073634204276,16.5083135391924,0.7125890736342043,0.7125890736342043,1.66270783847981,0.4750593824228029,0.4750593824228029,116.0332541567696,2.8503562945368173,4.275534441805226,7.957244655581948,537.0546318289786,5.819477434679335,4.038004750593824,0.5938242280285035,0.0,0.0,0.11876484560570072,0.11876484560570072,12.232779097387173,9.144893111638956,0.7125890736342043,7.838479809976247,0.0,0.5938242280285035,0.35629453681710216,25.890736342042757,17.18527315914489,0.11876484560570072,1.4251781472684086,2.137767220902613,1.0688836104513064,1.0
CD_I1026960,Will Graham,Gold Coast SUNS,Half-Forward,26.0,"https://s.afl.com.au/staticfile/AFL Tenant/AFL/Players/ChampIDImages/AFL/2026014/1026960.png?im=Scale,width=0.6,height=0.6",0.3573913043478261,8.22,12,7.177615571776155,3.89294403892944,8.637469586374696,15.81508515815085,10.70559610705596,0.608272506082725,0.48661800486618,0.0,4.744525547445255,0.36496350364963503,4.014598540145985,1.581508515815085,2.9197080291970803,1.338199513381995,1.338199513381995,7.664233576642335,9.002433090024331,0.36496350364963503,0.7299270072992701,0.7299270072992701,0.48661800486618,0.97323600973236,70.92457420924573,0.851581508515815,0.7299270072992701,5.474452554744525,261.6788321167883,3.16301703163017,2.068126520681265,0.608272506082725,0.0,0.0,0.48661800486618,0.121654501216545,8.02919708029197,4.37956204379562,1.4598540145985401,5.35279805352798,0.0,0.121654501216545,0.24330900243309,20.802919708029197,9.002433090024331,0.0,1.338199513381995,1.338199513381995,0.48661800486618,1.0
CD_I997100,Will Hayward,Carlton,Half-Forward,19.0,"https://s.afl.com.au/staticfile/AFL Tenant/AFL/Players/ChampIDImages/AFL/2026014/997100.png?im=Scale,width=0.6,height=0.6",0.658,16.45,21,12.218844984802432,7.2948328267477205,8.632218844984802,20.851063829787236,14.46808510638298,1.458966565349544,0.9726443768996961,0.0,2.370820668693009,1.033434650455927,3.5866261398176293,0.364741641337386,3.4650455927051675,0.9118541033434651,1.337386018237082,6.686930091185411,14.103343465045594,1.21580547112462,1.580547112462006,1.033434650455927,0.060790273556231005,0.425531914893617,91.91489361702128,0.0,0.364741641337386,6.808510638297872,356.4133738601824,3.7689969604863225,2.5531914893617023,0.5471124620060791,0.0,0.0,0.790273556231003,0.303951367781155,3.5866261398176293,7.598784194528876,1.5197568389057752,4.620060790273556,0.0,0.48632218844984804,1.5197568389057752,11.975683890577509,10.638297872340425,0.0,0.60790273556231,3.2218844984802435,0.851063829787234,1.0
CD_I1036104,Will Lewis,Western Bulldogs,Centre Half-Forward,28.0,"https://s.afl.com.au/staticfile/AFL Tenant/AFL/Players/ChampIDImages/AFL/2026014/1036104.png?im=Scale,width=0.6,height=0.6",0.3924,9.81,13,6.931702344546381,3.058103975535168,4.485219164118247,11.416921508664627,7.339449541284403,1.529051987767584,0.9174311926605504,0.2038735983690112,2.650356778797146,0.0,2.1406727828746175,0.3058103975535168,4.077471967380224,2.2426095820591234,2.1406727828746175,6.116207951070336,5.708460754332314,0.8154943934760448,1.529051987767584,1.325178389398573,0.0,0.6116207951070336,55.65749235474006,0.1019367991845056,0.2038735983690112,5.606523955147808,220.89704383282364,4.1794087665647295,1.2232415902140672,1.7329255861365953,0.0,0.0,3.4658511722731906,0.8154943934760448,4.281345565749235,4.1794087665647295,1.529051987767584,2.9561671763506623,0.1019367991845056,0.1019367991845056,0.9174311926605504,17.533129459734962,8.654434250764526,1.4271151885830784,0.4077471967380224,2.9561671763506623,0.6116207951070336,1.0
CD_I1029262,Will Lorenz,Port Adelaide,Interchange,36.0,"https://s.afl.com.au/staticfile/AFL Tenant/AFL/Players/ChampIDImages/AFL/2026014/1029262.png?im=Scale,width=0.6,height=0.6",0.09695652173913043,2.2299999999999995,3,14.349775784753366,5.829596412556055,10.762331838565025,25.11210762331839,18.834080717488792,0.0,0.4484304932735427,0.0,2.2421524663677133,3.5874439461883414,3.139013452914799,2.6905829596412563,4.4843049327354265,1.7937219730941707,0.8968609865470853,8.968609865470853,13.901345291479824,0.0,0.0,1.3452914798206281,0.4484304932735427,0.0,90.58295964125563,0.4484304932735427,2.2421524663677133,3.139013452914799,440.35874439461895,5.829596412556055,4.4843049327354265,0.0,0.8968609865470853,1.3452914798206281,0.0,0.0,8.968609865470853,9.417040358744396,0.4484304932735427,6.278026905829598,0.0,0.0,0.0,16.59192825112108,8.834080717488792,0.0,0.4484304932735427,0.4484304932735427,1.3452914798206281,1.0
CD_I1029405,Will McLachlan,Brisbane Lions,Interchange,28.0,"https://s.afl.com.au/staticfile/AFL Tenant/AFL/Players/ChampIDImages/AFL/2026014/1029405.png?im=Scale,width=0.6,height=0.6",0.021249999999999998,0.51,1,3.9215686274509802,1.9607843137254901,3.9215686274509802,7.8431372549019605,5.88235294117647,1.9607843137254901,0.0,0.0,3.9215686274509802,0.0,1.9607843137254901,0.0,3.9215686274509802,1.9607843137254901,0.0,3.9215686274509802,5.88235294117647,0.0,1.9607843137254901,1.9607843137254901,0.0,0.0,54.90196078431372,0.0,0.0,1.9607843137254901,105.88235294117646,1.9607843137254901,0.0,0.0,0.0,0.0,3.9215686274509802,1.9607843137254901,9.803921568627452,3.9215686274509802,0.0,1.9607843137254901,0.0,0.0,0.0,19.607843137254903,-1.7647058823529411,0.0,0.0,1.9607843137254901,1.9607843137254901,1.0
CD_I998215,Will Setterfield,Essendon,Rover,12.0,"https://s.afl.com.au/staticfile/AFL Tenant/AFL/Players/ChampIDImages/AFL/2026014/998215.png?im=Scale,width=0.6,height=0.6",0.37782608695652176,8.690000000000001,11,16.110471806674337,4.833141542002301,13.348676639815878,29.459148446490214,19.562715765247408,0.3452243958573072,0.2301495972382048,0.0,6.559263521288837,2.0713463751438432,4.487917146144993,4.602991944764096,4.027617951668584,1.2658227848101264,1.8411967779056384,11.277330264672035,17.951668584579973,0.1150747986191024,0.3452243958573072,0.6904487917146144,0.0,0.575373993095512,113.80897583429227,1.8411967779056384,2.7617951668584575,5.868814729574223,469.9654775604142,5.178365937859608,2.9919447640966625,1.150747986191024,0.2301495972382048,0.3452243958573072,0.1150747986191024,0.0,11.277330264672035,9.5512082853855,0.575373993095512,7.940161104718065,0.0,0.2301495972382048,0.4602991944764096,24.050632911392402,13.85500575373993,0.2301495972382048,0.9205983889528192,0.6904487917146144,0.4602991944764096,1.0
CD_I1000972,Willem Drew,Port Adelaide,Rover,28.0,"https://s.afl.com.au/staticfile/AFL Tenant/AFL/Players/ChampIDImages/AFL/2026014/1000972.png?im=Scale,width=0.6,height=0.6",0.7813043478260869,17.97,22,12.465219810795771,3.2276015581524766,10.628825820812466,23.09404563160824,15.915414579855316,0.11129660545353368,0.05564830272676684,0.0,6.622148024485254,1.2242626599888704,4.340567612687813,5.6204785754034505,3.6171396772398445,1.5581524763494714,1.001669449081803,11.407902058987201,11.686143572621036,0.11129660545353368,0.05564830272676684,2.5598219254312746,0.1669449081803005,0.5564830272676684,94.10127991096272,2.11463550361714,3.5058430717863107,5.230940456316083,331.1074012242627,4.897050639955482,3.005008347245409,1.05731775180857,0.0,0.22259321090706735,0.05564830272676684,0.05564830272676684,13.522537562604342,7.289927657206456,0.8903728436282694,6.844741235392321,0.0,0.05564830272676684,0.4451864218141347,26.37729549248748,14.017807456872566,0.0,1.391207568169171,0.333889816360601,0.5008347245409015,1.0
CD_I1033115,Willem Duursma,West Coast Eagles,Wing,1.0,"https://s.afl.com.au/staticfile/AFL Tenant/AFL/Players/ChampIDImages/AFL/2026014/1033115.png?im=Scale,width=0.6,height=0.6",0.7343478260869566,16.89,22,12.670219064535228,5.328596802841918,9.650680876258141,22.320899940793367,14.801657785671996,0.8288928359976317,0.47365304914150386,0.0,3.966844286560095,1.8946121965660154,3.848431024274719,2.664298401420959,3.670811130846655,1.0657193605683837,0.5920663114268798,8.170515097690942,14.268798105387804,0.5328596802841918,0.5920663114268798,1.9538188277087034,1.0657193605683837,0.5328596802841918,93.90171699230314,0.6512729425695678,2.0130254588513914,4.558910597986975,399.8223801065719,4.7957371225577266,3.019538188277087,0.6512729425695678,0.0,0.05920663114268798,0.05920663114268798,0.0,11.13084665482534,7.63765541740675,0.8288928359976317,5.743043220840734,0.0,0.7104795737122558,0.23682652457075193,23.682652457075193,10.882178804026049,0.11841326228537596,1.1249259917110717,1.7169923031379515,1.3025458851391356,1.0
CD_I1017757,William Edwards,Sydney Swans,Full-Back,28.0,"https://s.afl.com.au/staticfile/AFL Tenant/AFL/Players/ChampIDImages/AFL/2026014/1017757.png?im=Scale,width=0.6,height=0.6",0.49916666666666665,11.98,14,5.926544240400667,3.7562604340567614,6.844741235392321,12.771285475792988,10.10016694490818,0.0,0.0,0.0,1.0851419031719531,3.33889816360601,0.8347245409015025,0.0,3.1719532554257093,0.9181969949916527,1.5025041736227045,5.592654424040067,6.3439065108514185,0.8347245409015025,0.0,8.764607679465776,0.08347245409015025,0.25041736227045075,43.489148580968276,0.0,0.0,1.5859766277128546,253.75626043405674,2.337228714524207,6.510851419031719,0.0,0.5843071786310517,2.7545909849749584,0.08347245409015025,0.0,5.509181969949917,4.257095158597663,0.0,3.7562604340567614,0.0,1.5025041736227045,0.0,6.67779632721202,9.61602671118531,0.0,1.0851419031719531,0.0,7.6794657762938225,1.0
CD_I1027901,William Green,Sydney Swans,Ruck,45.0,"https://s.afl.com.au/staticfile/AFL Tenant/AFL/Players/ChampIDImages/AFL/2026014/1027901.png?im=Scale,width=0.6,height=0.6",0.0775,1.86,3,6.989247311827957,3.225806451612903,6.989247311827957,13.978494623655914,10.75268817204301,0.0,1.075268817204301,24.193548387096772,5.376344086021505,0.5376344086021505,4.301075268817204,3.7634408602150535,2.6881720430107525,1.075268817204301,2.150537634408602,8.064516129032258,5.913978494623656,1.6129032258064515,1.075268817204301,3.7634408602150535,0.0,1.075268817204301,86.02150537634408,1.075268817204301,2.6881720430107525,9.139784946236558,277.9569892473118,2.6881720430107525,0.5376344086021505,1.6129032258064515,0.5376344086021505,1.075268817204301,1.6129032258064515,0.0,8.064516129032258,5.913978494623656,1.075268817204301,4.301075268817204,6.989247311827957,0.5376344086021505,0.0,18.817204301075268,14.999999999999998,80.64516129032258,4.838709677419355,1.075268817204301,3.7634408602150535,1.0
CD_I1032922,William Hayes,Collingwood,Half-Forward,39.0,"https://s.afl.com.au/staticfile/AFL Tenant/AFL/Players/ChampIDImages/AFL/2026014/1032922.png?im=Scale,width=0.6,height=0.6",0.2783333333333333,6.68,10,5.838323353293413,3.1437125748502996,4.1916167664670665,10.029940119760479,7.335329341317365,1.1976047904191618,0.5988023952095809,0.0,1.7964071856287427,0.29940119760479045,2.245508982035928,0.14970059880239522,1.1976047904191618,0.7485029940119761,0.29940119760479045,3.1437125748502996,7.335329341317365,0.14970059880239522,0.44910179640718567,0.14970059880239522,0.0,0.44910179640718567,50.1497005988024,0.0,0.14970059880239522,4.041916167664671,175.89820359281438,1.9461077844311379,0.8982035928143713,1.0479041916167666,0.0,0.0,0.5988023952095809,0.14970059880239522,4.341317365269461,3.7425149700598803,1.7964071856287427,2.3952095808383236,0.0,0.14970059880239522,1.0479041916167666,17.21556886227545,8.1437125748503,0.0,0.29940119760479045,2.0958083832335332,0.14970059880239522,1.0
CD_I1022410,William McCabe,Hawthorn,"Half-Forward, Wing",27.0,"https://s.afl.com.au/staticfile/AFL Tenant/AFL/Players/ChampIDImages/AFL/2026014/1022410.png?im=Scale,width=0.6,height=0.6",0.11875,2.85,4,8.070175438596491,4.912280701754386,4.2105263157894735,12.280701754385964,8.070175438596491,0.7017543859649122,0.7017543859649122,0.0,1.4035087719298245,0.7017543859649122,2.807017543859649,0.3508771929824561,2.1052631578947367,0.3508771929824561,0.3508771929824561,2.1052631578947367,9.824561403508772,0.0,0.7017543859649122,1.0526315789473684,0.7017543859649122,0.0,57.19298245614035,0.0,0.3508771929824561,2.456140350877193,284.91228070175436,3.508771929824561,1.7543859649122806,0.7017543859649122,0.0,0.0,0.3508771929824561,0.0,4.2105263157894735,3.8596491228070176,0.3508771929824561,1.7543859649122806,0.0,0.0,0.0,8.771929824561402,2.56140350877193,0.0,0.3508771929824561,2.1052631578947367,1.0526315789473684,1.0
CD_I1033049,Xavier Bamert,Port Adelaide,Half-Forward,46.0,"https://s.afl.com.au/staticfile/AFL Tenant/AFL/Players/ChampIDImages/AFL/2026014/1033049.png?im=Scale,width=0.6,height=0.6",0.3247826086956522,7.470000000000001,10,11.11111111111111,5.220883534136545,2.9451137884872822,14.056224899598392,9.638554216867469,0.8032128514056224,0.6693440428380187,0.0,2.2757697456492636,0.535475234270415,3.078982597054886,0.2677376171352075,2.8112449799196786,1.4725568942436411,0.2677376171352075,3.8821954484605086,10.575635876840694,0.0,1.3386880856760375,0.8032128514056224,0.0,0.6693440428380187,70.14725568942436,0.2677376171352075,0.0,5.087014725568942,243.239625167336,2.2757697456492636,1.8741633199464522,0.4016064257028112,0.0,0.0,0.4016064257028112,0.13386880856760375,4.8192771084337345,7.362784471218205,0.6693440428380187,2.4096385542168672,0.0,0.13386880856760375,0.535475234270415,14.190093708165996,4.591700133868808,0.0,0.6693440428380187,2.008032128514056,0.4016064257028112,1.0
CD_I1006096,Xavier Duursma,Essendon,Wing,28.0,"https://s.afl.com.au/staticfile/AFL Tenant/AFL/Players/ChampIDImages/AFL/2026014/1006096.png?im=Scale,width=0.6,height=0.6",0.6086956521739131,14.0,18,9.857142857142858,6.357142857142857,10.642857142857142,20.5,16.357142857142858,0.5714285714285714,0.21428571428571427,0.0,2.5714285714285716,1.4285714285714286,1.5,1.2142857142857142,2.357142857142857,1.5,0.5,6.714285714285714,14.0,0.5714285714285714,0.42857142857142855,1.4285714285714286,0.35714285714285715,0.14285714285714285,83.85714285714286,0.07142857142857142,1.1428571428571428,4.642857142857143,226.85714285714286,2.9285714285714284,4.071428571428571,0.2857142857142857,0.0,0.35714285714285715,0.2857142857142857,0.07142857142857142,7.857142857142857,6.785714285714286,0.7857142857142857,4.571428571428571,0.0,0.9285714285714286,0.35714285714285715,15.928571428571429,9.62857142857143,0.0,1.0714285714285714,0.7857142857142857,1.0,1.0
CD_I1028531,Xavier Lindsay,Melbourne,Half-Back,5.0,"https://s.afl.com.au/staticfile/AFL Tenant/AFL/Players/ChampIDImages/AFL/2026014/1028531.png?im=Scale,width=0.6,height=0.6",0.20375,4.89,7,14.110429447852761,3.067484662576687,6.748466257668712,20.858895705521473,15.950920245398773,0.20449897750511248,0.0,0.0,3.067484662576687,5.521472392638037,1.6359918200408998,0.8179959100204499,2.044989775051125,0.20449897750511248,0.40899795501022496,5.316973415132924,11.656441717791411,0.0,0.0,2.044989775051125,0.0,0.6134969325153374,77.50511247443764,0.0,0.8179959100204499,3.2719836400817996,393.0470347648262,3.476482617586912,4.294478527607362,0.20449897750511248,0.0,0.20449897750511248,0.20449897750511248,0.0,11.247443762781186,10.429447852760736,0.20449897750511248,4.4989775051124745,0.0,0.20449897750511248,0.20449897750511248,15.541922290388548,10.040899795501023,0.0,0.6134969325153374,0.40899795501022496,1.0224948875255624,1.0
CD_I1006135,Xavier O'Halloran,GWS GIANTS,"Half-Forward, Half-Forward, Rover",33.0,"https://s.afl.com.au/staticfile/AFL Tenant/AFL/Players/ChampIDImages/AFL/2026014/1006135.png?im=Scale,width=0.6,height=0.6",0.4617391304347826,10.620000000000001,14,11.016949152542372,3.0131826741996233,10.169491525423728,21.1864406779661,14.31261770244821,0.3766478342749529,0.7532956685499058,0.0,3.2015065913370995,1.9774011299435026,4.613935969868173,2.4482109227871938,3.5781544256120523,0.4708097928436911,0.847457627118644,8.380414312617702,12.241054613935969,0.09416195856873823,0.3766478342749529,1.5065913370998116,0.7532956685499058,0.847457627118644,76.17702448210922,0.6591337099811675,1.7890772128060262,5.83804143126177,419.2090395480226,3.860640301318267,3.107344632768361,0.9416195856873822,0.18832391713747645,0.3766478342749529,0.6591337099811675,0.3766478342749529,8.192090395480225,6.214689265536722,1.318267419962335,6.497175141242937,0.0,0.18832391713747645,0.4708097928436911,20.52730696798493,12.278719397363465,0.09416195856873823,1.0357815442561205,1.5065913370998116,0.4708097928436911,1.0
CD_I1033072,Xavier Taylor,Melbourne,"Half-Back, Half-Back",19.0,"https://s.afl.com.au/staticfile/AFL Tenant/AFL/Players/ChampIDImages/AFL/2026014/1033072.png?im=Scale,width=0.6,height=0.6",0.10083333333333333,2.42,3,3.3057851239669422,1.6528925619834711,5.371900826446281,8.677685950413224,5.371900826446281,0.0,0.0,0.0,2.066115702479339,2.479338842975207,0.8264462809917356,0.4132231404958678,1.2396694214876034,0.0,1.2396694214876034,4.958677685950414,4.958677685950414,0.4132231404958678,0.0,5.371900826446281,0.0,0.0,30.16528925619835,0.0,0.4132231404958678,1.6528925619834711,110.74380165289257,2.8925619834710745,4.132231404958678,0.0,0.4132231404958678,0.8264462809917356,0.0,0.0,6.6115702479338845,0.4132231404958678,0.0,3.71900826446281,0.0,0.8264462809917356,0.4132231404958678,8.677685950413224,6.652892561983472,0.0,0.8264462809917356,0.0,4.545454545454546,1.0
CD_I1002312,Zac Bailey,Brisbane Lions,Wing,33.0,"https://s.afl.com.au/staticfile/AFL Tenant/AFL/Players/ChampIDImages/AFL/2026014/1002312.png?im=Scale,width=0.6,height=0.6",0.7995833333333333,19.19,23,16.62324127149557,6.618030224075039,9.379885356956748,26.003126628452318,18.082334549244397,1.6154247003647733,1.0943199583116205,0.0,3.282959874934862,2.4491922876498173,5.106826472120896,3.543512245961438,3.8561750911933297,0.9379885356956748,1.0943199583116205,8.963001563314226,16.779572694111515,0.3126628452318916,0.99009900990099,0.8858780614903595,0.2605523710265763,1.3027618551328817,110.05732152162584,1.6675351745700884,1.8759770713913495,8.650338718082335,459.9791558103178,4.84627410109432,1.771756122980719,1.198540906722251,0.0,0.0,0.5211047420531526,0.2605523710265763,6.513809275664408,10.00521104742053,2.2407503908285564,6.409588327253777,0.0,0.05211047420531526,1.4590932777488275,18.238665971860343,16.737884314747262,0.0,1.3027618551328817,3.282959874934862,0.1563314226159458,1.0
CD_I1020930,Zac Banch,North Melbourne,Forward Pocket,45.0,"https://s.afl.com.au/staticfile/AFL Tenant/AFL/Players/ChampIDImages/AFL/2026014/1020930.png?im=Scale,width=0.6,height=0.6",0.2408695652173913,5.54,8,8.483754512635379,4.332129963898917,5.956678700361011,14.440433212996389,11.191335740072201,1.263537906137184,1.6245487364620939,0.0,3.2490974729241877,0.36101083032490977,4.1516245487364625,0.7220216606498195,2.527075812274368,1.444043321299639,1.8050541516245486,3.6101083032490973,10.649819494584838,0.0,1.8050541516245486,1.263537906137184,0.7220216606498195,0.9025270758122743,68.59205776173285,0.0,0.7220216606498195,7.581227436823105,305.05415162454875,1.9855595667870036,0.7220216606498195,1.0830324909747293,0.0,0.0,0.7220216606498195,0.0,4.512635379061372,5.956678700361011,0.9025270758122743,2.527075812274368,0.0,0.0,0.5415162454873647,14.07942238267148,8.104693140794224,0.0,0.5415162454873647,2.888086642599278,0.9025270758122743,1.0
CD_I999827,Zac Fisher,North Melbourne,Interchange,16.0,"https://s.afl.com.au/staticfile/AFL Tenant/AFL/Players/ChampIDImages/AFL/2026014/999827.png?im=Scale,width=0.6,height=0.6",0.030434782608695653,0.7,1,11.428571428571429,4.285714285714286,8.571428571428571,20.0,17.142857142857142,0.0,0.0,0.0,2.857142857142857,0.0,0.0,0.0,1.4285714285714286,1.4285714285714286,0.0,4.285714285714286,14.285714285714286,0.0,0.0,0.0,1.4285714285714286,0.0,77.14285714285715,0.0,0.0,0.0,200.0,1.4285714285714286,1.4285714285714286,0.0,0.0,0.0,0.0,0.0,7.142857142857143,10.0,0.0,2.857142857142857,0.0,0.0,0.0,7.142857142857143,5.2857142857142865,0.0,0.0,0.0,0.0,1.0
CD_I1017065,Zac Taylor,Adelaide Crows,Forward Pocket,19.0,"https://s.afl.com.au/staticfile/AFL Tenant/AFL/Players/ChampIDImages/AFL/2026014/1017065.png?im=Scale,width=0.6,height=0.6",0.635,15.24,21,8.595800524934383,4.199475065616798,8.005249343832022,16.601049868766403,12.401574803149606,0.8530183727034121,0.32808398950131235,0.0,3.608923884514436,0.5249343832020997,3.0183727034120733,0.8530183727034121,1.7716535433070866,0.7217847769028871,0.5249343832020997,5.708661417322834,11.286089238845145,0.26246719160104987,0.45931758530183725,1.3123359580052494,0.19685039370078738,1.1811023622047243,73.4251968503937,0.0,0.8530183727034121,5.57742782152231,256.75853018372703,2.4278215223097113,2.1653543307086616,1.3779527559055118,0.0,0.06561679790026247,0.26246719160104987,0.0,6.299212598425196,6.036745406824147,1.3779527559055118,4.4619422572178475,0.0,0.06561679790026247,0.6561679790026247,16.338582677165356,10.695538057742782,0.0,1.1154855643044619,1.3779527559055118,0.8530183727034121,1.0
CD_I294685,Zac Williams,Carlton,Half-Forward,6.0,"https://s.afl.com.au/staticfile/AFL Tenant/AFL/Players/ChampIDImages/AFL/2026014/294685.png?im=Scale,width=0.6,height=0.6",0.2576,6.44,9,15.527950310559005,4.037267080745341,8.850931677018632,24.37888198757764,18.322981366459626,0.3105590062111801,0.4658385093167702,0.0,4.037267080745341,4.192546583850931,3.571428571428571,3.4161490683229814,2.639751552795031,0.9316770186335404,1.2422360248447204,9.782608695652174,13.198757763975154,0.15527950310559005,0.3105590062111801,1.5527950310559004,0.9316770186335404,0.3105590062111801,92.0807453416149,1.0869565217391304,2.329192546583851,5.745341614906832,485.2484472049689,4.037267080745341,4.968944099378882,0.7763975155279502,0.15527950310559005,0.15527950310559005,0.6211180124223602,0.15527950310559005,9.472049689440993,10.559006211180124,1.0869565217391304,8.074534161490682,0.0,0.7763975155279502,0.4658385093167702,17.080745341614907,16.180124223602483,0.0,1.3975155279503104,0.9316770186335404,0.4658385093167702,1.0
CD_I1004870,Zach Guthrie,Geelong Cats,Centre Half-Back,39.0,"https://s.afl.com.au/staticfile/AFL Tenant/AFL/Players/ChampIDImages/AFL/2026014/1004870.png?im=Scale,width=0.6,height=0.6",0.7916666666666666,19.0,24,12.894736842105264,6.368421052631579,7.2105263157894735,20.105263157894736,16.736842105263158,0.05263157894736842,0.05263157894736842,0.0,3.1052631578947367,3.6315789473684212,1.4736842105263157,0.8421052631578947,2.1052631578947367,0.9473684210526315,0.7894736842105263,5.105263157894737,14.105263157894736,0.3157894736842105,0.0,3.3157894736842106,0.15789473684210525,0.10526315789473684,83.57894736842105,0.05263157894736842,0.7894736842105263,4.0,324.05263157894734,3.1578947368421053,5.684210526315789,0.05263157894736842,0.2631578947368421,1.263157894736842,0.0,0.0,8.68421052631579,10.210526315789474,0.15789473684210525,3.8947368421052633,0.0,1.368421052631579,0.2631578947368421,12.894736842105264,9.326315789473684,0.0,1.5789473684210527,0.15789473684210525,2.6315789473684212,1.0
CD_I992016,Zach Merrett,Essendon,Ruck-Rover,7.0,"https://s.afl.com.au/staticfile/AFL Tenant/AFL/Players/ChampIDImages/AFL/2026014/992016.png?im=Scale,width=0.6,height=0.6",0.8339130434782609,19.18,23,17.205422314911367,5.526590198123045,15.589155370177268,32.79457768508863,24.661105318039624,0.5213764337851929,0.31282586027111575,0.0,5.630865484880084,2.9718456725755997,4.640250260688217,4.118873826903024,3.3368091762252345,1.8248175182481752,0.7820646506777894,9.54118873826903,22.05422314911366,0.26068821689259647,0.4692387904066736,1.616266944734098,0.7820646506777894,0.5735140771637122,124.81751824817519,1.3555787278415017,2.7632950990615224,7.142857142857143,475.1824817518248,4.692387904066736,3.545359749739312,0.8342022940563086,0.0,0.05213764337851929,0.10427528675703858,0.05213764337851929,12.721584984358707,11.313868613138686,0.8342022940563086,6.256517205422315,0.0,0.4692387904066736,0.4171011470281543,24.92179353493222,15.323253388946819,0.0,1.6684045881126173,0.886339937434828,0.5735140771637122,1.0
CD_I1012817,Zach Reid,Essendon,Full-Back,31.0,"https://s.afl.com.au/staticfile/AFL Tenant/AFL/Players/ChampIDImages/AFL/2026014/1012817.png?im=Scale,width=0.6,height=0.6",0.8730434782608696,20.080000000000002,23,10.856573705179281,6.922310756972111,4.631474103585657,15.48804780876494,12.998007968127489,0.049800796812749,0.049800796812749,0.149402390438247,1.593625498007968,3.685258964143426,0.49800796812749,0.099601593625498,2.091633466135458,0.647410358565737,0.747011952191235,3.535856573705179,10.159362549800797,0.647410358565737,0.099601593625498,5.5278884462151385,0.199203187250996,0.049800796812749,67.87848605577689,0.0,0.099601593625498,2.191235059760956,244.47211155378483,2.091633466135458,4.531872509960159,0.0,1.095617529880478,2.739043824701195,0.049800796812749,0.0,5.97609561752988,9.213147410358564,0.0,2.290836653386454,0.049800796812749,1.294820717131474,0.149402390438247,7.021912350597609,7.709163346613546,0.697211155378486,0.796812749003984,0.099601593625498,5.029880478087649,1.0
CD_I1006121,Zak Butters,Port Adelaide,Ruck-Rover,9.0,"https://s.afl.com.au/staticfile/AFL Tenant/AFL/Players/ChampIDImages/AFL/2026014/1006121.png?im=Scale,width=0.6,height=0.6",0.6091304347826086,14.01,17,20.628122769450393,4.211277658815132,15.48893647394718,36.11705924339758,25.83868665239115,0.35688793718772305,0.7137758743754461,0.0,5.139186295503212,1.2134189864382583,6.923625981441828,7.42326909350464,4.925053533190578,2.4268379728765166,1.4989293361884368,14.84653818700928,20.842255531763026,0.14275517487508924,0.07137758743754462,1.641684511063526,1.9271948608137046,0.6423982869379015,126.83797287651677,2.9978586723768736,4.425410421127766,8.636688079942898,624.3397573162027,5.210563882940757,4.925053533190578,0.4996431120628123,0.07137758743754462,0.07137758743754462,0.07137758743754462,0.07137758743754462,11.848679514632405,12.847965738758031,0.7137758743754461,9.493219129193433,0.0,0.4996431120628123,0.7137758743754461,22.769450392576733,21.80585296216988,0.0,1.7130620985010707,1.3561741613133476,0.6423982869379015,1.0
CD_I1028519,Zak Johnson,Essendon,"Back-Pocket, Back-Pocket, Half-Back, Ruck-Rover",40.0,"https://s.afl.com.au/staticfile/AFL Tenant/AFL/Players/ChampIDImages/AFL/2026014/1028519.png?im=Scale,width=0.6,height=0.6",0.23304347826086955,5.359999999999999,7,11.753731343283583,5.41044776119403,9.14179104477612,20.895522388059703,16.231343283582092,0.0,0.0,0.0,0.373134328358209,2.985074626865672,1.6791044776119404,0.1865671641791045,1.6791044776119404,0.1865671641791045,0.1865671641791045,3.3582089552238807,15.858208955223882,0.0,0.1865671641791045,2.7985074626865676,0.5597014925373135,0.373134328358209,70.8955223880597,0.0,0.1865671641791045,3.1716417910447765,318.6567164179105,3.5447761194029854,3.5447761194029854,0.0,0.1865671641791045,0.5597014925373135,0.0,0.0,9.14179104477612,8.208955223880597,0.0,2.7985074626865676,0.0,0.373134328358209,0.1865671641791045,11.19402985074627,6.268656716417912,0.0,0.746268656716418,0.373134328358209,2.4253731343283587,1.0
CD_I1023494,Zane Duursma,North Melbourne,"Forward Pocket, Half-Forward",7.0,"https://s.afl.com.au/staticfile/AFL Tenant/AFL/Players/ChampIDImages/AFL/2026014/1023494.png?im=Scale,width=0.6,height=0.6",0.42695652173913046,9.82,15,6.517311608961303,4.378818737270875,3.564154786150713,10.081466395112017,7.230142566191446,1.5274949083503055,1.2219959266802443,0.0,1.4256619144602851,0.30549898167006106,1.0183299389002036,0.5091649694501018,1.5274949083503055,0.8146639511201629,0.5091649694501018,4.0733197556008145,6.109979633401222,0.7128309572301426,1.4256619144602851,0.9164969450101833,0.0,0.40733197556008144,55.193482688391036,0.0,0.5091649694501018,5.4989816700611,152.44399185336047,1.5274949083503055,1.2219959266802443,0.8146639511201629,0.0,0.0,1.0183299389002036,0.30549898167006106,2.8513238289205702,4.0733197556008145,0.8146639511201629,2.240325865580448,0.0,0.40733197556008144,0.8146639511201629,11.405295315682281,7.281059063136456,0.0,0.9164969450101833,3.2586558044806515,0.40733197556008144,1.0
CD_I1027367,Zane Peucker,Richmond,Interchange,26.0,"https://s.afl.com.au/staticfile/AFL Tenant/AFL/Players/ChampIDImages/AFL/2026014/1027367.png?im=Scale,width=0.6,height=0.6",0.05478260869565218,1.2600000000000002,2,11.904761904761903,7.1428571428571415,1.587301587301587,13.49206349206349,11.111111111111109,0.7936507936507935,0.0,0.0,0.7936507936507935,0.0,3.174603174603174,0.0,2.3809523809523805,0.7936507936507935,1.587301587301587,3.174603174603174,10.317460317460316,0.7936507936507935,0.0,0.0,0.7936507936507935,0.7936507936507935,64.28571428571428,0.0,0.0,2.3809523809523805,392.063492063492,3.174603174603174,1.587301587301587,0.7936507936507935,0.0,0.0,0.0,0.0,3.9682539682539675,9.523809523809522,0.0,1.587301587301587,0.0,0.7936507936507935,0.7936507936507935,11.904761904761903,11.190476190476188,0.0,0.7936507936507935,0.7936507936507935,0.0,1.0
CD_I1032650,Zane Zakostelsky,Brisbane Lions,Full-Back,21.0,"https://s.afl.com.au/staticfile/AFL Tenant/AFL/Players/ChampIDImages/AFL/2026014/1032650.png?im=Scale,width=0.6,height=0.6",0.06875,1.65,3,9.696969696969697,7.272727272727273,3.6363636363636367,13.333333333333334,10.90909090909091,0.6060606060606061,0.0,12.121212121212121,3.0303030303030303,2.4242424242424243,0.0,1.2121212121212122,1.8181818181818183,1.8181818181818183,1.2121212121212122,5.454545454545455,8.484848484848484,0.6060606060606061,0.6060606060606061,6.0606060606060606,0.0,0.0,84.24242424242425,0.6060606060606061,0.6060606060606061,4.242424242424242,179.3939393939394,1.8181818181818183,3.0303030303030303,1.2121212121212122,1.8181818181818183,1.8181818181818183,0.0,0.0,9.090909090909092,9.090909090909092,0.0,1.8181818181818183,2.4242424242424243,0.6060606060606061,0.0,16.96969696969697,9.515151515151516,34.54545454545455,3.0303030303030303,0.6060606060606061,5.454545454545455,1.0
CD_I1029297,Zeke Uwland,Gold Coast SUNS,Centre Half-Back,32.0,"https://s.afl.com.au/staticfile/AFL Tenant/AFL/Players/ChampIDImages/AFL/2026014/1029297.png?im=Scale,width=0.6,height=0.6",0.5230434782608695,12.03,17,13.216957605985039,5.403158769742311,8.561928512053202,21.77888611803824,15.045719035743975,0.5818786367414797,0.49875311720698257,0.0,1.828761429758936,2.826267664172901,3.408146300914381,0.5818786367414797,3.9068994181213634,0.914380714879468,1.2468827930174564,4.987531172069826,16.957605985037407,0.0831255195344971,0.0831255195344971,0.5818786367414797,0.5818786367414797,0.24937655860349128,81.46300914380716,0.0831255195344971,0.49875311720698257,4.239401496259352,466.9160432252702,4.156275976724855,3.9068994181213634,0.24937655860349128,0.3325020781379884,0.49875311720698257,0.1662510390689942,0.0,6.068162926018288,8.728179551122196,0.49875311720698257,4.073150457190358,0.0,0.6650041562759768,0.24937655860349128,12.88445552784705,8.054862842892769,0.0,0.9975062344139651,1.4962593516209477,0.1662510390689942,1.0
